[2025-12-31T00:16:57.841+0000] {processor.py:161} INFO - Started process (PID=13443) to work on /opt/airflow/dags/ml_models.py
[2025-12-31T00:16:57.845+0000] {processor.py:830} INFO - Processing file /opt/airflow/dags/ml_models.py for tasks to queue
[2025-12-31T00:16:57.849+0000] {logging_mixin.py:188} INFO - [2025-12-31T00:16:57.848+0000] {dagbag.py:538} INFO - Filling up the DagBag from /opt/airflow/dags/ml_models.py
[2025-12-31T00:16:58.090+0000] {processor.py:840} INFO - DAG(s) 'ml_models' retrieved from /opt/airflow/dags/ml_models.py
[2025-12-31T00:16:58.347+0000] {logging_mixin.py:188} INFO - [2025-12-31T00:16:58.345+0000] {dag.py:3036} INFO - Sync 1 DAGs
[2025-12-31T00:16:59.285+0000] {logging_mixin.py:188} INFO - [2025-12-31T00:16:59.282+0000] {dag.py:3823} INFO - Setting next_dagrun for ml_models to 2025-12-30 00:00:00+00:00, run_after=2025-12-31 00:00:00+00:00
[2025-12-31T00:17:03.780+0000] {processor.py:183} INFO - Processing /opt/airflow/dags/ml_models.py took 5.952 seconds
[2025-12-31T11:21:46.759+0000] {processor.py:161} INFO - Started process (PID=13463) to work on /opt/airflow/dags/ml_models.py
[2025-12-31T11:21:46.763+0000] {processor.py:830} INFO - Processing file /opt/airflow/dags/ml_models.py for tasks to queue
[2025-12-31T11:21:46.791+0000] {logging_mixin.py:188} INFO - [2025-12-31T11:21:46.789+0000] {dagbag.py:538} INFO - Filling up the DagBag from /opt/airflow/dags/ml_models.py
[2025-12-31T11:21:47.127+0000] {processor.py:840} INFO - DAG(s) 'ml_models' retrieved from /opt/airflow/dags/ml_models.py
[2025-12-31T11:21:47.193+0000] {logging_mixin.py:188} INFO - [2025-12-31T11:21:47.193+0000] {dag.py:3036} INFO - Sync 1 DAGs
[2025-12-31T11:21:47.329+0000] {logging_mixin.py:188} INFO - [2025-12-31T11:21:47.328+0000] {dag.py:3823} INFO - Setting next_dagrun for ml_models to 2025-12-30 00:00:00+00:00, run_after=2025-12-31 00:00:00+00:00
[2025-12-31T11:21:47.429+0000] {processor.py:183} INFO - Processing /opt/airflow/dags/ml_models.py took 0.718 seconds
[2025-12-31T11:22:17.645+0000] {processor.py:161} INFO - Started process (PID=13485) to work on /opt/airflow/dags/ml_models.py
[2025-12-31T11:22:17.649+0000] {processor.py:830} INFO - Processing file /opt/airflow/dags/ml_models.py for tasks to queue
[2025-12-31T11:22:17.652+0000] {logging_mixin.py:188} INFO - [2025-12-31T11:22:17.651+0000] {dagbag.py:538} INFO - Filling up the DagBag from /opt/airflow/dags/ml_models.py
[2025-12-31T11:22:17.696+0000] {processor.py:840} INFO - DAG(s) 'ml_models' retrieved from /opt/airflow/dags/ml_models.py
[2025-12-31T11:22:17.751+0000] {logging_mixin.py:188} INFO - [2025-12-31T11:22:17.751+0000] {dag.py:3036} INFO - Sync 1 DAGs
[2025-12-31T11:22:17.790+0000] {logging_mixin.py:188} INFO - [2025-12-31T11:22:17.790+0000] {dag.py:3823} INFO - Setting next_dagrun for ml_models to 2025-12-30 00:00:00+00:00, run_after=2025-12-31 00:00:00+00:00
[2025-12-31T11:22:17.824+0000] {processor.py:183} INFO - Processing /opt/airflow/dags/ml_models.py took 0.199 seconds
[2025-12-31T11:22:48.204+0000] {processor.py:161} INFO - Started process (PID=13505) to work on /opt/airflow/dags/ml_models.py
[2025-12-31T11:22:48.206+0000] {processor.py:830} INFO - Processing file /opt/airflow/dags/ml_models.py for tasks to queue
[2025-12-31T11:22:48.208+0000] {logging_mixin.py:188} INFO - [2025-12-31T11:22:48.208+0000] {dagbag.py:538} INFO - Filling up the DagBag from /opt/airflow/dags/ml_models.py
[2025-12-31T11:22:48.243+0000] {processor.py:840} INFO - DAG(s) 'ml_models' retrieved from /opt/airflow/dags/ml_models.py
[2025-12-31T11:22:48.276+0000] {logging_mixin.py:188} INFO - [2025-12-31T11:22:48.276+0000] {dag.py:3036} INFO - Sync 1 DAGs
[2025-12-31T11:22:48.305+0000] {logging_mixin.py:188} INFO - [2025-12-31T11:22:48.304+0000] {dag.py:3823} INFO - Setting next_dagrun for ml_models to 2025-12-30 00:00:00+00:00, run_after=2025-12-31 00:00:00+00:00
[2025-12-31T11:22:48.329+0000] {processor.py:183} INFO - Processing /opt/airflow/dags/ml_models.py took 0.131 seconds
[2025-12-31T11:23:18.993+0000] {processor.py:161} INFO - Started process (PID=13525) to work on /opt/airflow/dags/ml_models.py
[2025-12-31T11:23:18.996+0000] {processor.py:830} INFO - Processing file /opt/airflow/dags/ml_models.py for tasks to queue
[2025-12-31T11:23:18.998+0000] {logging_mixin.py:188} INFO - [2025-12-31T11:23:18.997+0000] {dagbag.py:538} INFO - Filling up the DagBag from /opt/airflow/dags/ml_models.py
[2025-12-31T11:23:19.038+0000] {processor.py:840} INFO - DAG(s) 'ml_models' retrieved from /opt/airflow/dags/ml_models.py
[2025-12-31T11:23:19.093+0000] {logging_mixin.py:188} INFO - [2025-12-31T11:23:19.092+0000] {dag.py:3036} INFO - Sync 1 DAGs
[2025-12-31T11:23:19.140+0000] {logging_mixin.py:188} INFO - [2025-12-31T11:23:19.139+0000] {dag.py:3823} INFO - Setting next_dagrun for ml_models to 2025-12-30 00:00:00+00:00, run_after=2025-12-31 00:00:00+00:00
[2025-12-31T11:23:19.176+0000] {processor.py:183} INFO - Processing /opt/airflow/dags/ml_models.py took 0.192 seconds
[2025-12-31T11:23:49.706+0000] {processor.py:161} INFO - Started process (PID=13545) to work on /opt/airflow/dags/ml_models.py
[2025-12-31T11:23:49.708+0000] {processor.py:830} INFO - Processing file /opt/airflow/dags/ml_models.py for tasks to queue
[2025-12-31T11:23:49.710+0000] {logging_mixin.py:188} INFO - [2025-12-31T11:23:49.710+0000] {dagbag.py:538} INFO - Filling up the DagBag from /opt/airflow/dags/ml_models.py
[2025-12-31T11:23:49.754+0000] {processor.py:840} INFO - DAG(s) 'ml_models' retrieved from /opt/airflow/dags/ml_models.py
[2025-12-31T11:23:49.809+0000] {logging_mixin.py:188} INFO - [2025-12-31T11:23:49.809+0000] {dag.py:3036} INFO - Sync 1 DAGs
[2025-12-31T11:23:49.859+0000] {logging_mixin.py:188} INFO - [2025-12-31T11:23:49.858+0000] {dag.py:3823} INFO - Setting next_dagrun for ml_models to 2025-12-30 00:00:00+00:00, run_after=2025-12-31 00:00:00+00:00
[2025-12-31T11:23:49.900+0000] {processor.py:183} INFO - Processing /opt/airflow/dags/ml_models.py took 0.204 seconds
[2025-12-31T11:24:20.629+0000] {processor.py:161} INFO - Started process (PID=13565) to work on /opt/airflow/dags/ml_models.py
[2025-12-31T11:24:20.631+0000] {processor.py:830} INFO - Processing file /opt/airflow/dags/ml_models.py for tasks to queue
[2025-12-31T11:24:20.634+0000] {logging_mixin.py:188} INFO - [2025-12-31T11:24:20.633+0000] {dagbag.py:538} INFO - Filling up the DagBag from /opt/airflow/dags/ml_models.py
[2025-12-31T11:24:20.678+0000] {processor.py:840} INFO - DAG(s) 'ml_models' retrieved from /opt/airflow/dags/ml_models.py
[2025-12-31T11:24:20.730+0000] {logging_mixin.py:188} INFO - [2025-12-31T11:24:20.730+0000] {dag.py:3036} INFO - Sync 1 DAGs
[2025-12-31T11:24:20.778+0000] {logging_mixin.py:188} INFO - [2025-12-31T11:24:20.777+0000] {dag.py:3823} INFO - Setting next_dagrun for ml_models to 2025-12-30 00:00:00+00:00, run_after=2025-12-31 00:00:00+00:00
[2025-12-31T11:24:20.816+0000] {processor.py:183} INFO - Processing /opt/airflow/dags/ml_models.py took 0.195 seconds
[2025-12-31T11:24:51.599+0000] {processor.py:161} INFO - Started process (PID=13585) to work on /opt/airflow/dags/ml_models.py
[2025-12-31T11:24:51.602+0000] {processor.py:830} INFO - Processing file /opt/airflow/dags/ml_models.py for tasks to queue
[2025-12-31T11:24:51.603+0000] {logging_mixin.py:188} INFO - [2025-12-31T11:24:51.603+0000] {dagbag.py:538} INFO - Filling up the DagBag from /opt/airflow/dags/ml_models.py
[2025-12-31T11:24:51.653+0000] {processor.py:840} INFO - DAG(s) 'ml_models' retrieved from /opt/airflow/dags/ml_models.py
[2025-12-31T11:24:51.705+0000] {logging_mixin.py:188} INFO - [2025-12-31T11:24:51.704+0000] {dag.py:3036} INFO - Sync 1 DAGs
[2025-12-31T11:24:51.750+0000] {logging_mixin.py:188} INFO - [2025-12-31T11:24:51.749+0000] {dag.py:3823} INFO - Setting next_dagrun for ml_models to 2025-12-30 00:00:00+00:00, run_after=2025-12-31 00:00:00+00:00
[2025-12-31T11:24:51.825+0000] {processor.py:183} INFO - Processing /opt/airflow/dags/ml_models.py took 0.231 seconds
[2025-12-31T11:25:22.360+0000] {processor.py:161} INFO - Started process (PID=13605) to work on /opt/airflow/dags/ml_models.py
[2025-12-31T11:25:22.363+0000] {processor.py:830} INFO - Processing file /opt/airflow/dags/ml_models.py for tasks to queue
[2025-12-31T11:25:22.366+0000] {logging_mixin.py:188} INFO - [2025-12-31T11:25:22.365+0000] {dagbag.py:538} INFO - Filling up the DagBag from /opt/airflow/dags/ml_models.py
[2025-12-31T11:25:22.409+0000] {processor.py:840} INFO - DAG(s) 'ml_models' retrieved from /opt/airflow/dags/ml_models.py
[2025-12-31T11:25:22.455+0000] {logging_mixin.py:188} INFO - [2025-12-31T11:25:22.454+0000] {dag.py:3036} INFO - Sync 1 DAGs
[2025-12-31T11:25:22.495+0000] {logging_mixin.py:188} INFO - [2025-12-31T11:25:22.494+0000] {dag.py:3823} INFO - Setting next_dagrun for ml_models to 2025-12-30 00:00:00+00:00, run_after=2025-12-31 00:00:00+00:00
[2025-12-31T11:25:22.529+0000] {processor.py:183} INFO - Processing /opt/airflow/dags/ml_models.py took 0.179 seconds
[2025-12-31T11:25:53.100+0000] {processor.py:161} INFO - Started process (PID=13625) to work on /opt/airflow/dags/ml_models.py
[2025-12-31T11:25:53.102+0000] {processor.py:830} INFO - Processing file /opt/airflow/dags/ml_models.py for tasks to queue
[2025-12-31T11:25:53.104+0000] {logging_mixin.py:188} INFO - [2025-12-31T11:25:53.103+0000] {dagbag.py:538} INFO - Filling up the DagBag from /opt/airflow/dags/ml_models.py
[2025-12-31T11:25:53.148+0000] {processor.py:840} INFO - DAG(s) 'ml_models' retrieved from /opt/airflow/dags/ml_models.py
[2025-12-31T11:25:53.199+0000] {logging_mixin.py:188} INFO - [2025-12-31T11:25:53.199+0000] {dag.py:3036} INFO - Sync 1 DAGs
[2025-12-31T11:25:53.250+0000] {logging_mixin.py:188} INFO - [2025-12-31T11:25:53.249+0000] {dag.py:3823} INFO - Setting next_dagrun for ml_models to 2025-12-30 00:00:00+00:00, run_after=2025-12-31 00:00:00+00:00
[2025-12-31T11:25:53.324+0000] {processor.py:183} INFO - Processing /opt/airflow/dags/ml_models.py took 0.231 seconds
[2025-12-31T11:26:23.886+0000] {processor.py:161} INFO - Started process (PID=13645) to work on /opt/airflow/dags/ml_models.py
[2025-12-31T11:26:23.889+0000] {processor.py:830} INFO - Processing file /opt/airflow/dags/ml_models.py for tasks to queue
[2025-12-31T11:26:23.891+0000] {logging_mixin.py:188} INFO - [2025-12-31T11:26:23.891+0000] {dagbag.py:538} INFO - Filling up the DagBag from /opt/airflow/dags/ml_models.py
[2025-12-31T11:26:23.933+0000] {processor.py:840} INFO - DAG(s) 'ml_models' retrieved from /opt/airflow/dags/ml_models.py
[2025-12-31T11:26:23.987+0000] {logging_mixin.py:188} INFO - [2025-12-31T11:26:23.987+0000] {dag.py:3036} INFO - Sync 1 DAGs
[2025-12-31T11:26:24.033+0000] {logging_mixin.py:188} INFO - [2025-12-31T11:26:24.033+0000] {dag.py:3823} INFO - Setting next_dagrun for ml_models to 2025-12-30 00:00:00+00:00, run_after=2025-12-31 00:00:00+00:00
[2025-12-31T11:26:24.108+0000] {processor.py:183} INFO - Processing /opt/airflow/dags/ml_models.py took 0.230 seconds
[2025-12-31T11:26:54.796+0000] {processor.py:161} INFO - Started process (PID=13665) to work on /opt/airflow/dags/ml_models.py
[2025-12-31T11:26:54.799+0000] {processor.py:830} INFO - Processing file /opt/airflow/dags/ml_models.py for tasks to queue
[2025-12-31T11:26:54.801+0000] {logging_mixin.py:188} INFO - [2025-12-31T11:26:54.800+0000] {dagbag.py:538} INFO - Filling up the DagBag from /opt/airflow/dags/ml_models.py
[2025-12-31T11:26:54.850+0000] {processor.py:840} INFO - DAG(s) 'ml_models' retrieved from /opt/airflow/dags/ml_models.py
[2025-12-31T11:26:54.900+0000] {logging_mixin.py:188} INFO - [2025-12-31T11:26:54.899+0000] {dag.py:3036} INFO - Sync 1 DAGs
[2025-12-31T11:26:54.947+0000] {logging_mixin.py:188} INFO - [2025-12-31T11:26:54.946+0000] {dag.py:3823} INFO - Setting next_dagrun for ml_models to 2025-12-30 00:00:00+00:00, run_after=2025-12-31 00:00:00+00:00
[2025-12-31T11:26:55.020+0000] {processor.py:183} INFO - Processing /opt/airflow/dags/ml_models.py took 0.232 seconds
[2025-12-31T11:27:25.499+0000] {processor.py:161} INFO - Started process (PID=13685) to work on /opt/airflow/dags/ml_models.py
[2025-12-31T11:27:25.502+0000] {processor.py:830} INFO - Processing file /opt/airflow/dags/ml_models.py for tasks to queue
[2025-12-31T11:27:25.503+0000] {logging_mixin.py:188} INFO - [2025-12-31T11:27:25.503+0000] {dagbag.py:538} INFO - Filling up the DagBag from /opt/airflow/dags/ml_models.py
[2025-12-31T11:27:25.550+0000] {processor.py:840} INFO - DAG(s) 'ml_models' retrieved from /opt/airflow/dags/ml_models.py
[2025-12-31T11:27:25.611+0000] {logging_mixin.py:188} INFO - [2025-12-31T11:27:25.611+0000] {dag.py:3036} INFO - Sync 1 DAGs
[2025-12-31T11:27:25.677+0000] {logging_mixin.py:188} INFO - [2025-12-31T11:27:25.676+0000] {dag.py:3823} INFO - Setting next_dagrun for ml_models to 2025-12-30 00:00:00+00:00, run_after=2025-12-31 00:00:00+00:00
[2025-12-31T11:27:25.739+0000] {processor.py:183} INFO - Processing /opt/airflow/dags/ml_models.py took 0.248 seconds
[2025-12-31T11:27:56.474+0000] {processor.py:161} INFO - Started process (PID=13705) to work on /opt/airflow/dags/ml_models.py
[2025-12-31T11:27:56.477+0000] {processor.py:830} INFO - Processing file /opt/airflow/dags/ml_models.py for tasks to queue
[2025-12-31T11:27:56.479+0000] {logging_mixin.py:188} INFO - [2025-12-31T11:27:56.478+0000] {dagbag.py:538} INFO - Filling up the DagBag from /opt/airflow/dags/ml_models.py
[2025-12-31T11:27:56.519+0000] {processor.py:840} INFO - DAG(s) 'ml_models' retrieved from /opt/airflow/dags/ml_models.py
[2025-12-31T11:27:56.567+0000] {logging_mixin.py:188} INFO - [2025-12-31T11:27:56.566+0000] {dag.py:3036} INFO - Sync 1 DAGs
[2025-12-31T11:27:56.609+0000] {logging_mixin.py:188} INFO - [2025-12-31T11:27:56.609+0000] {dag.py:3823} INFO - Setting next_dagrun for ml_models to 2025-12-30 00:00:00+00:00, run_after=2025-12-31 00:00:00+00:00
[2025-12-31T11:27:56.683+0000] {processor.py:183} INFO - Processing /opt/airflow/dags/ml_models.py took 0.217 seconds
[2025-12-31T11:28:27.231+0000] {processor.py:161} INFO - Started process (PID=13725) to work on /opt/airflow/dags/ml_models.py
[2025-12-31T11:28:27.234+0000] {processor.py:830} INFO - Processing file /opt/airflow/dags/ml_models.py for tasks to queue
[2025-12-31T11:28:27.237+0000] {logging_mixin.py:188} INFO - [2025-12-31T11:28:27.236+0000] {dagbag.py:538} INFO - Filling up the DagBag from /opt/airflow/dags/ml_models.py
[2025-12-31T11:28:27.278+0000] {processor.py:840} INFO - DAG(s) 'ml_models' retrieved from /opt/airflow/dags/ml_models.py
[2025-12-31T11:28:27.328+0000] {logging_mixin.py:188} INFO - [2025-12-31T11:28:27.328+0000] {dag.py:3036} INFO - Sync 1 DAGs
[2025-12-31T11:28:27.377+0000] {logging_mixin.py:188} INFO - [2025-12-31T11:28:27.376+0000] {dag.py:3823} INFO - Setting next_dagrun for ml_models to 2025-12-30 00:00:00+00:00, run_after=2025-12-31 00:00:00+00:00
[2025-12-31T11:28:27.417+0000] {processor.py:183} INFO - Processing /opt/airflow/dags/ml_models.py took 0.193 seconds
[2025-12-31T11:28:57.949+0000] {processor.py:161} INFO - Started process (PID=13745) to work on /opt/airflow/dags/ml_models.py
[2025-12-31T11:28:57.954+0000] {processor.py:830} INFO - Processing file /opt/airflow/dags/ml_models.py for tasks to queue
[2025-12-31T11:28:57.960+0000] {logging_mixin.py:188} INFO - [2025-12-31T11:28:57.959+0000] {dagbag.py:538} INFO - Filling up the DagBag from /opt/airflow/dags/ml_models.py
[2025-12-31T11:28:58.011+0000] {processor.py:840} INFO - DAG(s) 'ml_models' retrieved from /opt/airflow/dags/ml_models.py
[2025-12-31T11:28:58.075+0000] {logging_mixin.py:188} INFO - [2025-12-31T11:28:58.074+0000] {dag.py:3036} INFO - Sync 1 DAGs
[2025-12-31T11:28:58.134+0000] {logging_mixin.py:188} INFO - [2025-12-31T11:28:58.133+0000] {dag.py:3823} INFO - Setting next_dagrun for ml_models to 2025-12-30 00:00:00+00:00, run_after=2025-12-31 00:00:00+00:00
[2025-12-31T11:28:58.220+0000] {processor.py:183} INFO - Processing /opt/airflow/dags/ml_models.py took 0.280 seconds
[2025-12-31T11:29:28.630+0000] {processor.py:161} INFO - Started process (PID=13765) to work on /opt/airflow/dags/ml_models.py
[2025-12-31T11:29:28.632+0000] {processor.py:830} INFO - Processing file /opt/airflow/dags/ml_models.py for tasks to queue
[2025-12-31T11:29:28.634+0000] {logging_mixin.py:188} INFO - [2025-12-31T11:29:28.633+0000] {dagbag.py:538} INFO - Filling up the DagBag from /opt/airflow/dags/ml_models.py
[2025-12-31T11:29:28.678+0000] {processor.py:840} INFO - DAG(s) 'ml_models' retrieved from /opt/airflow/dags/ml_models.py
[2025-12-31T11:29:28.729+0000] {logging_mixin.py:188} INFO - [2025-12-31T11:29:28.728+0000] {dag.py:3036} INFO - Sync 1 DAGs
[2025-12-31T11:29:28.774+0000] {logging_mixin.py:188} INFO - [2025-12-31T11:29:28.773+0000] {dag.py:3823} INFO - Setting next_dagrun for ml_models to 2025-12-30 00:00:00+00:00, run_after=2025-12-31 00:00:00+00:00
[2025-12-31T11:29:28.849+0000] {processor.py:183} INFO - Processing /opt/airflow/dags/ml_models.py took 0.225 seconds
[2025-12-31T11:29:59.292+0000] {processor.py:161} INFO - Started process (PID=13785) to work on /opt/airflow/dags/ml_models.py
[2025-12-31T11:29:59.295+0000] {processor.py:830} INFO - Processing file /opt/airflow/dags/ml_models.py for tasks to queue
[2025-12-31T11:29:59.297+0000] {logging_mixin.py:188} INFO - [2025-12-31T11:29:59.296+0000] {dagbag.py:538} INFO - Filling up the DagBag from /opt/airflow/dags/ml_models.py
[2025-12-31T11:29:59.336+0000] {processor.py:840} INFO - DAG(s) 'ml_models' retrieved from /opt/airflow/dags/ml_models.py
[2025-12-31T11:29:59.384+0000] {logging_mixin.py:188} INFO - [2025-12-31T11:29:59.384+0000] {dag.py:3036} INFO - Sync 1 DAGs
[2025-12-31T11:29:59.429+0000] {logging_mixin.py:188} INFO - [2025-12-31T11:29:59.428+0000] {dag.py:3823} INFO - Setting next_dagrun for ml_models to 2025-12-30 00:00:00+00:00, run_after=2025-12-31 00:00:00+00:00
[2025-12-31T11:29:59.462+0000] {processor.py:183} INFO - Processing /opt/airflow/dags/ml_models.py took 0.178 seconds
[2025-12-31T11:30:30.173+0000] {processor.py:161} INFO - Started process (PID=13805) to work on /opt/airflow/dags/ml_models.py
[2025-12-31T11:30:30.175+0000] {processor.py:830} INFO - Processing file /opt/airflow/dags/ml_models.py for tasks to queue
[2025-12-31T11:30:30.177+0000] {logging_mixin.py:188} INFO - [2025-12-31T11:30:30.177+0000] {dagbag.py:538} INFO - Filling up the DagBag from /opt/airflow/dags/ml_models.py
[2025-12-31T11:30:30.219+0000] {processor.py:840} INFO - DAG(s) 'ml_models' retrieved from /opt/airflow/dags/ml_models.py
[2025-12-31T11:30:30.266+0000] {logging_mixin.py:188} INFO - [2025-12-31T11:30:30.266+0000] {dag.py:3036} INFO - Sync 1 DAGs
[2025-12-31T11:30:30.306+0000] {logging_mixin.py:188} INFO - [2025-12-31T11:30:30.306+0000] {dag.py:3823} INFO - Setting next_dagrun for ml_models to 2025-12-30 00:00:00+00:00, run_after=2025-12-31 00:00:00+00:00
[2025-12-31T11:30:30.346+0000] {processor.py:183} INFO - Processing /opt/airflow/dags/ml_models.py took 0.180 seconds
[2025-12-31T11:31:00.851+0000] {processor.py:161} INFO - Started process (PID=13825) to work on /opt/airflow/dags/ml_models.py
[2025-12-31T11:31:00.854+0000] {processor.py:830} INFO - Processing file /opt/airflow/dags/ml_models.py for tasks to queue
[2025-12-31T11:31:00.857+0000] {logging_mixin.py:188} INFO - [2025-12-31T11:31:00.856+0000] {dagbag.py:538} INFO - Filling up the DagBag from /opt/airflow/dags/ml_models.py
[2025-12-31T11:31:00.902+0000] {processor.py:840} INFO - DAG(s) 'ml_models' retrieved from /opt/airflow/dags/ml_models.py
[2025-12-31T11:31:00.954+0000] {logging_mixin.py:188} INFO - [2025-12-31T11:31:00.954+0000] {dag.py:3036} INFO - Sync 1 DAGs
[2025-12-31T11:31:01.000+0000] {logging_mixin.py:188} INFO - [2025-12-31T11:31:01.000+0000] {dag.py:3823} INFO - Setting next_dagrun for ml_models to 2025-12-30 00:00:00+00:00, run_after=2025-12-31 00:00:00+00:00
[2025-12-31T11:31:01.072+0000] {processor.py:183} INFO - Processing /opt/airflow/dags/ml_models.py took 0.228 seconds
[2025-12-31T11:31:31.529+0000] {processor.py:161} INFO - Started process (PID=13845) to work on /opt/airflow/dags/ml_models.py
[2025-12-31T11:31:31.532+0000] {processor.py:830} INFO - Processing file /opt/airflow/dags/ml_models.py for tasks to queue
[2025-12-31T11:31:31.534+0000] {logging_mixin.py:188} INFO - [2025-12-31T11:31:31.533+0000] {dagbag.py:538} INFO - Filling up the DagBag from /opt/airflow/dags/ml_models.py
[2025-12-31T11:31:31.573+0000] {processor.py:840} INFO - DAG(s) 'ml_models' retrieved from /opt/airflow/dags/ml_models.py
[2025-12-31T11:31:31.635+0000] {logging_mixin.py:188} INFO - [2025-12-31T11:31:31.634+0000] {dag.py:3036} INFO - Sync 1 DAGs
[2025-12-31T11:31:31.674+0000] {logging_mixin.py:188} INFO - [2025-12-31T11:31:31.673+0000] {dag.py:3823} INFO - Setting next_dagrun for ml_models to 2025-12-30 00:00:00+00:00, run_after=2025-12-31 00:00:00+00:00
[2025-12-31T11:31:31.742+0000] {processor.py:183} INFO - Processing /opt/airflow/dags/ml_models.py took 0.221 seconds
[2025-12-31T11:32:02.355+0000] {processor.py:161} INFO - Started process (PID=13865) to work on /opt/airflow/dags/ml_models.py
[2025-12-31T11:32:02.360+0000] {processor.py:830} INFO - Processing file /opt/airflow/dags/ml_models.py for tasks to queue
[2025-12-31T11:32:02.362+0000] {logging_mixin.py:188} INFO - [2025-12-31T11:32:02.361+0000] {dagbag.py:538} INFO - Filling up the DagBag from /opt/airflow/dags/ml_models.py
[2025-12-31T11:32:02.398+0000] {processor.py:840} INFO - DAG(s) 'ml_models' retrieved from /opt/airflow/dags/ml_models.py
[2025-12-31T11:32:02.453+0000] {logging_mixin.py:188} INFO - [2025-12-31T11:32:02.453+0000] {dag.py:3036} INFO - Sync 1 DAGs
[2025-12-31T11:32:02.502+0000] {logging_mixin.py:188} INFO - [2025-12-31T11:32:02.501+0000] {dag.py:3823} INFO - Setting next_dagrun for ml_models to 2025-12-30 00:00:00+00:00, run_after=2025-12-31 00:00:00+00:00
[2025-12-31T11:32:02.540+0000] {processor.py:183} INFO - Processing /opt/airflow/dags/ml_models.py took 0.196 seconds
[2025-12-31T11:32:33.271+0000] {processor.py:161} INFO - Started process (PID=13885) to work on /opt/airflow/dags/ml_models.py
[2025-12-31T11:32:33.273+0000] {processor.py:830} INFO - Processing file /opt/airflow/dags/ml_models.py for tasks to queue
[2025-12-31T11:32:33.275+0000] {logging_mixin.py:188} INFO - [2025-12-31T11:32:33.275+0000] {dagbag.py:538} INFO - Filling up the DagBag from /opt/airflow/dags/ml_models.py
[2025-12-31T11:32:33.312+0000] {processor.py:840} INFO - DAG(s) 'ml_models' retrieved from /opt/airflow/dags/ml_models.py
[2025-12-31T11:32:33.359+0000] {logging_mixin.py:188} INFO - [2025-12-31T11:32:33.359+0000] {dag.py:3036} INFO - Sync 1 DAGs
[2025-12-31T11:32:33.404+0000] {logging_mixin.py:188} INFO - [2025-12-31T11:32:33.404+0000] {dag.py:3823} INFO - Setting next_dagrun for ml_models to 2025-12-30 00:00:00+00:00, run_after=2025-12-31 00:00:00+00:00
[2025-12-31T11:32:33.475+0000] {processor.py:183} INFO - Processing /opt/airflow/dags/ml_models.py took 0.212 seconds
[2025-12-31T11:33:03.950+0000] {processor.py:161} INFO - Started process (PID=13905) to work on /opt/airflow/dags/ml_models.py
[2025-12-31T11:33:03.952+0000] {processor.py:830} INFO - Processing file /opt/airflow/dags/ml_models.py for tasks to queue
[2025-12-31T11:33:03.954+0000] {logging_mixin.py:188} INFO - [2025-12-31T11:33:03.953+0000] {dagbag.py:538} INFO - Filling up the DagBag from /opt/airflow/dags/ml_models.py
[2025-12-31T11:33:03.991+0000] {processor.py:840} INFO - DAG(s) 'ml_models' retrieved from /opt/airflow/dags/ml_models.py
[2025-12-31T11:33:04.036+0000] {logging_mixin.py:188} INFO - [2025-12-31T11:33:04.036+0000] {dag.py:3036} INFO - Sync 1 DAGs
[2025-12-31T11:33:04.084+0000] {logging_mixin.py:188} INFO - [2025-12-31T11:33:04.083+0000] {dag.py:3823} INFO - Setting next_dagrun for ml_models to 2025-12-30 00:00:00+00:00, run_after=2025-12-31 00:00:00+00:00
[2025-12-31T11:33:04.117+0000] {processor.py:183} INFO - Processing /opt/airflow/dags/ml_models.py took 0.175 seconds
[2025-12-31T11:33:34.805+0000] {processor.py:161} INFO - Started process (PID=13925) to work on /opt/airflow/dags/ml_models.py
[2025-12-31T11:33:34.807+0000] {processor.py:830} INFO - Processing file /opt/airflow/dags/ml_models.py for tasks to queue
[2025-12-31T11:33:34.809+0000] {logging_mixin.py:188} INFO - [2025-12-31T11:33:34.809+0000] {dagbag.py:538} INFO - Filling up the DagBag from /opt/airflow/dags/ml_models.py
[2025-12-31T11:33:34.849+0000] {processor.py:840} INFO - DAG(s) 'ml_models' retrieved from /opt/airflow/dags/ml_models.py
[2025-12-31T11:33:34.898+0000] {logging_mixin.py:188} INFO - [2025-12-31T11:33:34.897+0000] {dag.py:3036} INFO - Sync 1 DAGs
[2025-12-31T11:33:34.946+0000] {logging_mixin.py:188} INFO - [2025-12-31T11:33:34.946+0000] {dag.py:3823} INFO - Setting next_dagrun for ml_models to 2025-12-30 00:00:00+00:00, run_after=2025-12-31 00:00:00+00:00
[2025-12-31T11:33:35.018+0000] {processor.py:183} INFO - Processing /opt/airflow/dags/ml_models.py took 0.220 seconds
[2025-12-31T11:34:05.494+0000] {processor.py:161} INFO - Started process (PID=13945) to work on /opt/airflow/dags/ml_models.py
[2025-12-31T11:34:05.497+0000] {processor.py:830} INFO - Processing file /opt/airflow/dags/ml_models.py for tasks to queue
[2025-12-31T11:34:05.499+0000] {logging_mixin.py:188} INFO - [2025-12-31T11:34:05.499+0000] {dagbag.py:538} INFO - Filling up the DagBag from /opt/airflow/dags/ml_models.py
[2025-12-31T11:34:05.541+0000] {processor.py:840} INFO - DAG(s) 'ml_models' retrieved from /opt/airflow/dags/ml_models.py
[2025-12-31T11:34:05.584+0000] {logging_mixin.py:188} INFO - [2025-12-31T11:34:05.584+0000] {dag.py:3036} INFO - Sync 1 DAGs
[2025-12-31T11:34:05.627+0000] {logging_mixin.py:188} INFO - [2025-12-31T11:34:05.626+0000] {dag.py:3823} INFO - Setting next_dagrun for ml_models to 2025-12-30 00:00:00+00:00, run_after=2025-12-31 00:00:00+00:00
[2025-12-31T11:34:05.660+0000] {processor.py:183} INFO - Processing /opt/airflow/dags/ml_models.py took 0.173 seconds
[2025-12-31T11:34:36.352+0000] {processor.py:161} INFO - Started process (PID=13965) to work on /opt/airflow/dags/ml_models.py
[2025-12-31T11:34:36.354+0000] {processor.py:830} INFO - Processing file /opt/airflow/dags/ml_models.py for tasks to queue
[2025-12-31T11:34:36.356+0000] {logging_mixin.py:188} INFO - [2025-12-31T11:34:36.356+0000] {dagbag.py:538} INFO - Filling up the DagBag from /opt/airflow/dags/ml_models.py
[2025-12-31T11:34:36.394+0000] {processor.py:840} INFO - DAG(s) 'ml_models' retrieved from /opt/airflow/dags/ml_models.py
[2025-12-31T11:34:36.443+0000] {logging_mixin.py:188} INFO - [2025-12-31T11:34:36.443+0000] {dag.py:3036} INFO - Sync 1 DAGs
[2025-12-31T11:34:36.486+0000] {logging_mixin.py:188} INFO - [2025-12-31T11:34:36.485+0000] {dag.py:3823} INFO - Setting next_dagrun for ml_models to 2025-12-30 00:00:00+00:00, run_after=2025-12-31 00:00:00+00:00
[2025-12-31T11:34:36.522+0000] {processor.py:183} INFO - Processing /opt/airflow/dags/ml_models.py took 0.177 seconds
[2025-12-31T11:35:07.042+0000] {processor.py:161} INFO - Started process (PID=13985) to work on /opt/airflow/dags/ml_models.py
[2025-12-31T11:35:07.044+0000] {processor.py:830} INFO - Processing file /opt/airflow/dags/ml_models.py for tasks to queue
[2025-12-31T11:35:07.046+0000] {logging_mixin.py:188} INFO - [2025-12-31T11:35:07.045+0000] {dagbag.py:538} INFO - Filling up the DagBag from /opt/airflow/dags/ml_models.py
[2025-12-31T11:35:07.085+0000] {processor.py:840} INFO - DAG(s) 'ml_models' retrieved from /opt/airflow/dags/ml_models.py
[2025-12-31T11:35:07.138+0000] {logging_mixin.py:188} INFO - [2025-12-31T11:35:07.137+0000] {dag.py:3036} INFO - Sync 1 DAGs
[2025-12-31T11:35:07.187+0000] {logging_mixin.py:188} INFO - [2025-12-31T11:35:07.186+0000] {dag.py:3823} INFO - Setting next_dagrun for ml_models to 2025-12-30 00:00:00+00:00, run_after=2025-12-31 00:00:00+00:00
[2025-12-31T11:35:07.231+0000] {processor.py:183} INFO - Processing /opt/airflow/dags/ml_models.py took 0.197 seconds
[2025-12-31T11:35:37.747+0000] {processor.py:161} INFO - Started process (PID=14005) to work on /opt/airflow/dags/ml_models.py
[2025-12-31T11:35:37.749+0000] {processor.py:830} INFO - Processing file /opt/airflow/dags/ml_models.py for tasks to queue
[2025-12-31T11:35:37.751+0000] {logging_mixin.py:188} INFO - [2025-12-31T11:35:37.751+0000] {dagbag.py:538} INFO - Filling up the DagBag from /opt/airflow/dags/ml_models.py
[2025-12-31T11:35:37.826+0000] {processor.py:840} INFO - DAG(s) 'ml_models' retrieved from /opt/airflow/dags/ml_models.py
[2025-12-31T11:35:37.876+0000] {logging_mixin.py:188} INFO - [2025-12-31T11:35:37.875+0000] {dag.py:3036} INFO - Sync 1 DAGs
[2025-12-31T11:35:37.919+0000] {logging_mixin.py:188} INFO - [2025-12-31T11:35:37.918+0000] {dag.py:3823} INFO - Setting next_dagrun for ml_models to 2025-12-30 00:00:00+00:00, run_after=2025-12-31 00:00:00+00:00
[2025-12-31T11:35:37.955+0000] {processor.py:183} INFO - Processing /opt/airflow/dags/ml_models.py took 0.216 seconds
[2025-12-31T11:36:08.443+0000] {processor.py:161} INFO - Started process (PID=14025) to work on /opt/airflow/dags/ml_models.py
[2025-12-31T11:36:08.446+0000] {processor.py:830} INFO - Processing file /opt/airflow/dags/ml_models.py for tasks to queue
[2025-12-31T11:36:08.450+0000] {logging_mixin.py:188} INFO - [2025-12-31T11:36:08.448+0000] {dagbag.py:538} INFO - Filling up the DagBag from /opt/airflow/dags/ml_models.py
[2025-12-31T11:36:08.490+0000] {processor.py:840} INFO - DAG(s) 'ml_models' retrieved from /opt/airflow/dags/ml_models.py
[2025-12-31T11:36:08.536+0000] {logging_mixin.py:188} INFO - [2025-12-31T11:36:08.536+0000] {dag.py:3036} INFO - Sync 1 DAGs
[2025-12-31T11:36:08.597+0000] {logging_mixin.py:188} INFO - [2025-12-31T11:36:08.596+0000] {dag.py:3823} INFO - Setting next_dagrun for ml_models to 2025-12-30 00:00:00+00:00, run_after=2025-12-31 00:00:00+00:00
[2025-12-31T11:36:08.630+0000] {processor.py:183} INFO - Processing /opt/airflow/dags/ml_models.py took 0.194 seconds
[2025-12-31T11:36:39.391+0000] {processor.py:161} INFO - Started process (PID=14045) to work on /opt/airflow/dags/ml_models.py
[2025-12-31T11:36:39.394+0000] {processor.py:830} INFO - Processing file /opt/airflow/dags/ml_models.py for tasks to queue
[2025-12-31T11:36:39.396+0000] {logging_mixin.py:188} INFO - [2025-12-31T11:36:39.396+0000] {dagbag.py:538} INFO - Filling up the DagBag from /opt/airflow/dags/ml_models.py
[2025-12-31T11:36:39.438+0000] {processor.py:840} INFO - DAG(s) 'ml_models' retrieved from /opt/airflow/dags/ml_models.py
[2025-12-31T11:36:39.489+0000] {logging_mixin.py:188} INFO - [2025-12-31T11:36:39.488+0000] {dag.py:3036} INFO - Sync 1 DAGs
[2025-12-31T11:36:39.543+0000] {logging_mixin.py:188} INFO - [2025-12-31T11:36:39.542+0000] {dag.py:3823} INFO - Setting next_dagrun for ml_models to 2025-12-30 00:00:00+00:00, run_after=2025-12-31 00:00:00+00:00
[2025-12-31T11:36:39.616+0000] {processor.py:183} INFO - Processing /opt/airflow/dags/ml_models.py took 0.232 seconds
[2025-12-31T11:37:10.334+0000] {processor.py:161} INFO - Started process (PID=14065) to work on /opt/airflow/dags/ml_models.py
[2025-12-31T11:37:10.337+0000] {processor.py:830} INFO - Processing file /opt/airflow/dags/ml_models.py for tasks to queue
[2025-12-31T11:37:10.339+0000] {logging_mixin.py:188} INFO - [2025-12-31T11:37:10.338+0000] {dagbag.py:538} INFO - Filling up the DagBag from /opt/airflow/dags/ml_models.py
[2025-12-31T11:37:10.377+0000] {processor.py:840} INFO - DAG(s) 'ml_models' retrieved from /opt/airflow/dags/ml_models.py
[2025-12-31T11:37:10.438+0000] {logging_mixin.py:188} INFO - [2025-12-31T11:37:10.438+0000] {dag.py:3036} INFO - Sync 1 DAGs
[2025-12-31T11:37:10.482+0000] {logging_mixin.py:188} INFO - [2025-12-31T11:37:10.482+0000] {dag.py:3823} INFO - Setting next_dagrun for ml_models to 2025-12-30 00:00:00+00:00, run_after=2025-12-31 00:00:00+00:00
[2025-12-31T11:37:10.554+0000] {processor.py:183} INFO - Processing /opt/airflow/dags/ml_models.py took 0.233 seconds
[2025-12-31T11:37:41.137+0000] {processor.py:161} INFO - Started process (PID=14085) to work on /opt/airflow/dags/ml_models.py
[2025-12-31T11:37:41.139+0000] {processor.py:830} INFO - Processing file /opt/airflow/dags/ml_models.py for tasks to queue
[2025-12-31T11:37:41.141+0000] {logging_mixin.py:188} INFO - [2025-12-31T11:37:41.140+0000] {dagbag.py:538} INFO - Filling up the DagBag from /opt/airflow/dags/ml_models.py
[2025-12-31T11:37:41.216+0000] {processor.py:840} INFO - DAG(s) 'ml_models' retrieved from /opt/airflow/dags/ml_models.py
[2025-12-31T11:37:41.273+0000] {logging_mixin.py:188} INFO - [2025-12-31T11:37:41.272+0000] {dag.py:3036} INFO - Sync 1 DAGs
[2025-12-31T11:37:41.321+0000] {logging_mixin.py:188} INFO - [2025-12-31T11:37:41.321+0000] {dag.py:3823} INFO - Setting next_dagrun for ml_models to 2025-12-30 00:00:00+00:00, run_after=2025-12-31 00:00:00+00:00
[2025-12-31T11:37:41.354+0000] {processor.py:183} INFO - Processing /opt/airflow/dags/ml_models.py took 0.224 seconds
[2025-12-31T11:38:11.942+0000] {processor.py:161} INFO - Started process (PID=14105) to work on /opt/airflow/dags/ml_models.py
[2025-12-31T11:38:11.945+0000] {processor.py:830} INFO - Processing file /opt/airflow/dags/ml_models.py for tasks to queue
[2025-12-31T11:38:11.947+0000] {logging_mixin.py:188} INFO - [2025-12-31T11:38:11.947+0000] {dagbag.py:538} INFO - Filling up the DagBag from /opt/airflow/dags/ml_models.py
[2025-12-31T11:38:11.992+0000] {processor.py:840} INFO - DAG(s) 'ml_models' retrieved from /opt/airflow/dags/ml_models.py
[2025-12-31T11:38:12.048+0000] {logging_mixin.py:188} INFO - [2025-12-31T11:38:12.047+0000] {dag.py:3036} INFO - Sync 1 DAGs
[2025-12-31T11:38:12.095+0000] {logging_mixin.py:188} INFO - [2025-12-31T11:38:12.094+0000] {dag.py:3823} INFO - Setting next_dagrun for ml_models to 2025-12-30 00:00:00+00:00, run_after=2025-12-31 00:00:00+00:00
[2025-12-31T11:38:12.171+0000] {processor.py:183} INFO - Processing /opt/airflow/dags/ml_models.py took 0.239 seconds
[2025-12-31T11:38:42.675+0000] {processor.py:161} INFO - Started process (PID=14125) to work on /opt/airflow/dags/ml_models.py
[2025-12-31T11:38:42.682+0000] {processor.py:830} INFO - Processing file /opt/airflow/dags/ml_models.py for tasks to queue
[2025-12-31T11:38:42.686+0000] {logging_mixin.py:188} INFO - [2025-12-31T11:38:42.685+0000] {dagbag.py:538} INFO - Filling up the DagBag from /opt/airflow/dags/ml_models.py
[2025-12-31T11:38:42.771+0000] {processor.py:840} INFO - DAG(s) 'ml_models' retrieved from /opt/airflow/dags/ml_models.py
[2025-12-31T11:38:42.823+0000] {logging_mixin.py:188} INFO - [2025-12-31T11:38:42.823+0000] {dag.py:3036} INFO - Sync 1 DAGs
[2025-12-31T11:38:42.866+0000] {logging_mixin.py:188} INFO - [2025-12-31T11:38:42.866+0000] {dag.py:3823} INFO - Setting next_dagrun for ml_models to 2025-12-30 00:00:00+00:00, run_after=2025-12-31 00:00:00+00:00
[2025-12-31T11:38:42.917+0000] {processor.py:183} INFO - Processing /opt/airflow/dags/ml_models.py took 0.252 seconds
[2025-12-31T11:39:13.502+0000] {processor.py:161} INFO - Started process (PID=14145) to work on /opt/airflow/dags/ml_models.py
[2025-12-31T11:39:13.505+0000] {processor.py:830} INFO - Processing file /opt/airflow/dags/ml_models.py for tasks to queue
[2025-12-31T11:39:13.507+0000] {logging_mixin.py:188} INFO - [2025-12-31T11:39:13.506+0000] {dagbag.py:538} INFO - Filling up the DagBag from /opt/airflow/dags/ml_models.py
[2025-12-31T11:39:13.546+0000] {processor.py:840} INFO - DAG(s) 'ml_models' retrieved from /opt/airflow/dags/ml_models.py
[2025-12-31T11:39:13.593+0000] {logging_mixin.py:188} INFO - [2025-12-31T11:39:13.592+0000] {dag.py:3036} INFO - Sync 1 DAGs
[2025-12-31T11:39:13.659+0000] {logging_mixin.py:188} INFO - [2025-12-31T11:39:13.658+0000] {dag.py:3823} INFO - Setting next_dagrun for ml_models to 2025-12-30 00:00:00+00:00, run_after=2025-12-31 00:00:00+00:00
[2025-12-31T11:39:13.737+0000] {processor.py:183} INFO - Processing /opt/airflow/dags/ml_models.py took 0.244 seconds
[2025-12-31T11:39:44.262+0000] {processor.py:161} INFO - Started process (PID=14165) to work on /opt/airflow/dags/ml_models.py
[2025-12-31T11:39:44.264+0000] {processor.py:830} INFO - Processing file /opt/airflow/dags/ml_models.py for tasks to queue
[2025-12-31T11:39:44.266+0000] {logging_mixin.py:188} INFO - [2025-12-31T11:39:44.266+0000] {dagbag.py:538} INFO - Filling up the DagBag from /opt/airflow/dags/ml_models.py
[2025-12-31T11:39:44.351+0000] {processor.py:840} INFO - DAG(s) 'ml_models' retrieved from /opt/airflow/dags/ml_models.py
[2025-12-31T11:39:44.410+0000] {logging_mixin.py:188} INFO - [2025-12-31T11:39:44.409+0000] {dag.py:3036} INFO - Sync 1 DAGs
[2025-12-31T11:39:44.454+0000] {logging_mixin.py:188} INFO - [2025-12-31T11:39:44.454+0000] {dag.py:3823} INFO - Setting next_dagrun for ml_models to 2025-12-30 00:00:00+00:00, run_after=2025-12-31 00:00:00+00:00
[2025-12-31T11:39:44.490+0000] {processor.py:183} INFO - Processing /opt/airflow/dags/ml_models.py took 0.235 seconds
[2025-12-31T11:40:15.063+0000] {processor.py:161} INFO - Started process (PID=14185) to work on /opt/airflow/dags/ml_models.py
[2025-12-31T11:40:15.068+0000] {processor.py:830} INFO - Processing file /opt/airflow/dags/ml_models.py for tasks to queue
[2025-12-31T11:40:15.071+0000] {logging_mixin.py:188} INFO - [2025-12-31T11:40:15.070+0000] {dagbag.py:538} INFO - Filling up the DagBag from /opt/airflow/dags/ml_models.py
[2025-12-31T11:40:15.116+0000] {processor.py:840} INFO - DAG(s) 'ml_models' retrieved from /opt/airflow/dags/ml_models.py
[2025-12-31T11:40:15.164+0000] {logging_mixin.py:188} INFO - [2025-12-31T11:40:15.163+0000] {dag.py:3036} INFO - Sync 1 DAGs
[2025-12-31T11:40:15.207+0000] {logging_mixin.py:188} INFO - [2025-12-31T11:40:15.206+0000] {dag.py:3823} INFO - Setting next_dagrun for ml_models to 2025-12-30 00:00:00+00:00, run_after=2025-12-31 00:00:00+00:00
[2025-12-31T11:40:15.255+0000] {processor.py:183} INFO - Processing /opt/airflow/dags/ml_models.py took 0.204 seconds
[2025-12-31T11:40:45.992+0000] {processor.py:161} INFO - Started process (PID=14205) to work on /opt/airflow/dags/ml_models.py
[2025-12-31T11:40:45.994+0000] {processor.py:830} INFO - Processing file /opt/airflow/dags/ml_models.py for tasks to queue
[2025-12-31T11:40:45.996+0000] {logging_mixin.py:188} INFO - [2025-12-31T11:40:45.995+0000] {dagbag.py:538} INFO - Filling up the DagBag from /opt/airflow/dags/ml_models.py
[2025-12-31T11:40:46.042+0000] {processor.py:840} INFO - DAG(s) 'ml_models' retrieved from /opt/airflow/dags/ml_models.py
[2025-12-31T11:40:46.096+0000] {logging_mixin.py:188} INFO - [2025-12-31T11:40:46.095+0000] {dag.py:3036} INFO - Sync 1 DAGs
[2025-12-31T11:40:46.142+0000] {logging_mixin.py:188} INFO - [2025-12-31T11:40:46.142+0000] {dag.py:3823} INFO - Setting next_dagrun for ml_models to 2025-12-30 00:00:00+00:00, run_after=2025-12-31 00:00:00+00:00
[2025-12-31T11:40:46.218+0000] {processor.py:183} INFO - Processing /opt/airflow/dags/ml_models.py took 0.233 seconds
[2025-12-31T11:41:16.838+0000] {processor.py:161} INFO - Started process (PID=14225) to work on /opt/airflow/dags/ml_models.py
[2025-12-31T11:41:16.840+0000] {processor.py:830} INFO - Processing file /opt/airflow/dags/ml_models.py for tasks to queue
[2025-12-31T11:41:16.842+0000] {logging_mixin.py:188} INFO - [2025-12-31T11:41:16.841+0000] {dagbag.py:538} INFO - Filling up the DagBag from /opt/airflow/dags/ml_models.py
[2025-12-31T11:41:16.880+0000] {processor.py:840} INFO - DAG(s) 'ml_models' retrieved from /opt/airflow/dags/ml_models.py
[2025-12-31T11:41:16.958+0000] {logging_mixin.py:188} INFO - [2025-12-31T11:41:16.957+0000] {dag.py:3036} INFO - Sync 1 DAGs
[2025-12-31T11:41:17.029+0000] {logging_mixin.py:188} INFO - [2025-12-31T11:41:17.028+0000] {dag.py:3823} INFO - Setting next_dagrun for ml_models to 2025-12-30 00:00:00+00:00, run_after=2025-12-31 00:00:00+00:00
[2025-12-31T11:41:17.104+0000] {processor.py:183} INFO - Processing /opt/airflow/dags/ml_models.py took 0.274 seconds
[2025-12-31T11:41:47.697+0000] {processor.py:161} INFO - Started process (PID=14245) to work on /opt/airflow/dags/ml_models.py
[2025-12-31T11:41:47.700+0000] {processor.py:830} INFO - Processing file /opt/airflow/dags/ml_models.py for tasks to queue
[2025-12-31T11:41:47.701+0000] {logging_mixin.py:188} INFO - [2025-12-31T11:41:47.701+0000] {dagbag.py:538} INFO - Filling up the DagBag from /opt/airflow/dags/ml_models.py
[2025-12-31T11:41:47.741+0000] {processor.py:840} INFO - DAG(s) 'ml_models' retrieved from /opt/airflow/dags/ml_models.py
[2025-12-31T11:41:47.795+0000] {logging_mixin.py:188} INFO - [2025-12-31T11:41:47.794+0000] {dag.py:3036} INFO - Sync 1 DAGs
[2025-12-31T11:41:47.837+0000] {logging_mixin.py:188} INFO - [2025-12-31T11:41:47.836+0000] {dag.py:3823} INFO - Setting next_dagrun for ml_models to 2025-12-30 00:00:00+00:00, run_after=2025-12-31 00:00:00+00:00
[2025-12-31T11:41:47.906+0000] {processor.py:183} INFO - Processing /opt/airflow/dags/ml_models.py took 0.217 seconds
[2025-12-31T11:42:18.521+0000] {processor.py:161} INFO - Started process (PID=14265) to work on /opt/airflow/dags/ml_models.py
[2025-12-31T11:42:18.523+0000] {processor.py:830} INFO - Processing file /opt/airflow/dags/ml_models.py for tasks to queue
[2025-12-31T11:42:18.525+0000] {logging_mixin.py:188} INFO - [2025-12-31T11:42:18.525+0000] {dagbag.py:538} INFO - Filling up the DagBag from /opt/airflow/dags/ml_models.py
[2025-12-31T11:42:18.602+0000] {processor.py:840} INFO - DAG(s) 'ml_models' retrieved from /opt/airflow/dags/ml_models.py
[2025-12-31T11:42:18.651+0000] {logging_mixin.py:188} INFO - [2025-12-31T11:42:18.650+0000] {dag.py:3036} INFO - Sync 1 DAGs
[2025-12-31T11:42:18.697+0000] {logging_mixin.py:188} INFO - [2025-12-31T11:42:18.696+0000] {dag.py:3823} INFO - Setting next_dagrun for ml_models to 2025-12-30 00:00:00+00:00, run_after=2025-12-31 00:00:00+00:00
[2025-12-31T11:42:18.734+0000] {processor.py:183} INFO - Processing /opt/airflow/dags/ml_models.py took 0.220 seconds
[2025-12-31T11:42:49.293+0000] {processor.py:161} INFO - Started process (PID=14285) to work on /opt/airflow/dags/ml_models.py
[2025-12-31T11:42:49.296+0000] {processor.py:830} INFO - Processing file /opt/airflow/dags/ml_models.py for tasks to queue
[2025-12-31T11:42:49.298+0000] {logging_mixin.py:188} INFO - [2025-12-31T11:42:49.297+0000] {dagbag.py:538} INFO - Filling up the DagBag from /opt/airflow/dags/ml_models.py
[2025-12-31T11:42:49.342+0000] {processor.py:840} INFO - DAG(s) 'ml_models' retrieved from /opt/airflow/dags/ml_models.py
[2025-12-31T11:42:49.400+0000] {logging_mixin.py:188} INFO - [2025-12-31T11:42:49.399+0000] {dag.py:3036} INFO - Sync 1 DAGs
[2025-12-31T11:42:49.445+0000] {logging_mixin.py:188} INFO - [2025-12-31T11:42:49.445+0000] {dag.py:3823} INFO - Setting next_dagrun for ml_models to 2025-12-30 00:00:00+00:00, run_after=2025-12-31 00:00:00+00:00
[2025-12-31T11:42:49.513+0000] {processor.py:183} INFO - Processing /opt/airflow/dags/ml_models.py took 0.227 seconds
[2025-12-31T11:43:20.055+0000] {processor.py:161} INFO - Started process (PID=14305) to work on /opt/airflow/dags/ml_models.py
[2025-12-31T11:43:20.059+0000] {processor.py:830} INFO - Processing file /opt/airflow/dags/ml_models.py for tasks to queue
[2025-12-31T11:43:20.062+0000] {logging_mixin.py:188} INFO - [2025-12-31T11:43:20.061+0000] {dagbag.py:538} INFO - Filling up the DagBag from /opt/airflow/dags/ml_models.py
[2025-12-31T11:43:20.107+0000] {processor.py:840} INFO - DAG(s) 'ml_models' retrieved from /opt/airflow/dags/ml_models.py
[2025-12-31T11:43:20.176+0000] {logging_mixin.py:188} INFO - [2025-12-31T11:43:20.175+0000] {dag.py:3036} INFO - Sync 1 DAGs
[2025-12-31T11:43:20.231+0000] {logging_mixin.py:188} INFO - [2025-12-31T11:43:20.230+0000] {dag.py:3823} INFO - Setting next_dagrun for ml_models to 2025-12-30 00:00:00+00:00, run_after=2025-12-31 00:00:00+00:00
[2025-12-31T11:43:20.274+0000] {processor.py:183} INFO - Processing /opt/airflow/dags/ml_models.py took 0.230 seconds
[2025-12-31T11:43:50.882+0000] {processor.py:161} INFO - Started process (PID=14325) to work on /opt/airflow/dags/ml_models.py
[2025-12-31T11:43:50.885+0000] {processor.py:830} INFO - Processing file /opt/airflow/dags/ml_models.py for tasks to queue
[2025-12-31T11:43:50.890+0000] {logging_mixin.py:188} INFO - [2025-12-31T11:43:50.887+0000] {dagbag.py:538} INFO - Filling up the DagBag from /opt/airflow/dags/ml_models.py
[2025-12-31T11:43:50.929+0000] {processor.py:840} INFO - DAG(s) 'ml_models' retrieved from /opt/airflow/dags/ml_models.py
[2025-12-31T11:43:50.976+0000] {logging_mixin.py:188} INFO - [2025-12-31T11:43:50.976+0000] {dag.py:3036} INFO - Sync 1 DAGs
[2025-12-31T11:43:51.021+0000] {logging_mixin.py:188} INFO - [2025-12-31T11:43:51.020+0000] {dag.py:3823} INFO - Setting next_dagrun for ml_models to 2025-12-30 00:00:00+00:00, run_after=2025-12-31 00:00:00+00:00
[2025-12-31T11:43:51.107+0000] {processor.py:183} INFO - Processing /opt/airflow/dags/ml_models.py took 0.239 seconds
[2025-12-31T11:44:21.625+0000] {processor.py:161} INFO - Started process (PID=14345) to work on /opt/airflow/dags/ml_models.py
[2025-12-31T11:44:21.628+0000] {processor.py:830} INFO - Processing file /opt/airflow/dags/ml_models.py for tasks to queue
[2025-12-31T11:44:21.630+0000] {logging_mixin.py:188} INFO - [2025-12-31T11:44:21.629+0000] {dagbag.py:538} INFO - Filling up the DagBag from /opt/airflow/dags/ml_models.py
[2025-12-31T11:44:21.690+0000] {processor.py:840} INFO - DAG(s) 'ml_models' retrieved from /opt/airflow/dags/ml_models.py
[2025-12-31T11:44:21.744+0000] {logging_mixin.py:188} INFO - [2025-12-31T11:44:21.744+0000] {dag.py:3036} INFO - Sync 1 DAGs
[2025-12-31T11:44:21.790+0000] {logging_mixin.py:188} INFO - [2025-12-31T11:44:21.789+0000] {dag.py:3823} INFO - Setting next_dagrun for ml_models to 2025-12-30 00:00:00+00:00, run_after=2025-12-31 00:00:00+00:00
[2025-12-31T11:44:21.847+0000] {processor.py:183} INFO - Processing /opt/airflow/dags/ml_models.py took 0.230 seconds
[2025-12-31T11:44:52.583+0000] {processor.py:161} INFO - Started process (PID=14365) to work on /opt/airflow/dags/ml_models.py
[2025-12-31T11:44:52.586+0000] {processor.py:830} INFO - Processing file /opt/airflow/dags/ml_models.py for tasks to queue
[2025-12-31T11:44:52.588+0000] {logging_mixin.py:188} INFO - [2025-12-31T11:44:52.587+0000] {dagbag.py:538} INFO - Filling up the DagBag from /opt/airflow/dags/ml_models.py
[2025-12-31T11:44:52.626+0000] {processor.py:840} INFO - DAG(s) 'ml_models' retrieved from /opt/airflow/dags/ml_models.py
[2025-12-31T11:44:52.673+0000] {logging_mixin.py:188} INFO - [2025-12-31T11:44:52.672+0000] {dag.py:3036} INFO - Sync 1 DAGs
[2025-12-31T11:44:52.718+0000] {logging_mixin.py:188} INFO - [2025-12-31T11:44:52.718+0000] {dag.py:3823} INFO - Setting next_dagrun for ml_models to 2025-12-30 00:00:00+00:00, run_after=2025-12-31 00:00:00+00:00
[2025-12-31T11:44:52.792+0000] {processor.py:183} INFO - Processing /opt/airflow/dags/ml_models.py took 0.217 seconds
[2025-12-31T11:45:23.426+0000] {processor.py:161} INFO - Started process (PID=14385) to work on /opt/airflow/dags/ml_models.py
[2025-12-31T11:45:23.434+0000] {processor.py:830} INFO - Processing file /opt/airflow/dags/ml_models.py for tasks to queue
[2025-12-31T11:45:23.439+0000] {logging_mixin.py:188} INFO - [2025-12-31T11:45:23.438+0000] {dagbag.py:538} INFO - Filling up the DagBag from /opt/airflow/dags/ml_models.py
[2025-12-31T11:45:23.521+0000] {processor.py:840} INFO - DAG(s) 'ml_models' retrieved from /opt/airflow/dags/ml_models.py
[2025-12-31T11:45:23.578+0000] {logging_mixin.py:188} INFO - [2025-12-31T11:45:23.577+0000] {dag.py:3036} INFO - Sync 1 DAGs
[2025-12-31T11:45:23.652+0000] {logging_mixin.py:188} INFO - [2025-12-31T11:45:23.652+0000] {dag.py:3823} INFO - Setting next_dagrun for ml_models to 2025-12-30 00:00:00+00:00, run_after=2025-12-31 00:00:00+00:00
[2025-12-31T11:45:23.701+0000] {processor.py:183} INFO - Processing /opt/airflow/dags/ml_models.py took 0.294 seconds
[2025-12-31T11:45:54.216+0000] {processor.py:161} INFO - Started process (PID=14405) to work on /opt/airflow/dags/ml_models.py
[2025-12-31T11:45:54.218+0000] {processor.py:830} INFO - Processing file /opt/airflow/dags/ml_models.py for tasks to queue
[2025-12-31T11:45:54.220+0000] {logging_mixin.py:188} INFO - [2025-12-31T11:45:54.220+0000] {dagbag.py:538} INFO - Filling up the DagBag from /opt/airflow/dags/ml_models.py
[2025-12-31T11:45:54.259+0000] {processor.py:840} INFO - DAG(s) 'ml_models' retrieved from /opt/airflow/dags/ml_models.py
[2025-12-31T11:45:54.308+0000] {logging_mixin.py:188} INFO - [2025-12-31T11:45:54.308+0000] {dag.py:3036} INFO - Sync 1 DAGs
[2025-12-31T11:45:54.356+0000] {logging_mixin.py:188} INFO - [2025-12-31T11:45:54.356+0000] {dag.py:3823} INFO - Setting next_dagrun for ml_models to 2025-12-30 00:00:00+00:00, run_after=2025-12-31 00:00:00+00:00
[2025-12-31T11:45:54.409+0000] {processor.py:183} INFO - Processing /opt/airflow/dags/ml_models.py took 0.199 seconds
[2025-12-31T11:46:25.078+0000] {processor.py:161} INFO - Started process (PID=14425) to work on /opt/airflow/dags/ml_models.py
[2025-12-31T11:46:25.080+0000] {processor.py:830} INFO - Processing file /opt/airflow/dags/ml_models.py for tasks to queue
[2025-12-31T11:46:25.084+0000] {logging_mixin.py:188} INFO - [2025-12-31T11:46:25.083+0000] {dagbag.py:538} INFO - Filling up the DagBag from /opt/airflow/dags/ml_models.py
[2025-12-31T11:46:25.136+0000] {processor.py:840} INFO - DAG(s) 'ml_models' retrieved from /opt/airflow/dags/ml_models.py
[2025-12-31T11:46:25.202+0000] {logging_mixin.py:188} INFO - [2025-12-31T11:46:25.202+0000] {dag.py:3036} INFO - Sync 1 DAGs
[2025-12-31T11:46:25.245+0000] {logging_mixin.py:188} INFO - [2025-12-31T11:46:25.245+0000] {dag.py:3823} INFO - Setting next_dagrun for ml_models to 2025-12-30 00:00:00+00:00, run_after=2025-12-31 00:00:00+00:00
[2025-12-31T11:46:25.283+0000] {processor.py:183} INFO - Processing /opt/airflow/dags/ml_models.py took 0.216 seconds
[2025-12-31T11:46:56.187+0000] {processor.py:161} INFO - Started process (PID=14445) to work on /opt/airflow/dags/ml_models.py
[2025-12-31T11:46:56.191+0000] {processor.py:830} INFO - Processing file /opt/airflow/dags/ml_models.py for tasks to queue
[2025-12-31T11:46:56.193+0000] {logging_mixin.py:188} INFO - [2025-12-31T11:46:56.192+0000] {dagbag.py:538} INFO - Filling up the DagBag from /opt/airflow/dags/ml_models.py
[2025-12-31T11:46:56.235+0000] {processor.py:840} INFO - DAG(s) 'ml_models' retrieved from /opt/airflow/dags/ml_models.py
[2025-12-31T11:46:56.285+0000] {logging_mixin.py:188} INFO - [2025-12-31T11:46:56.284+0000] {dag.py:3036} INFO - Sync 1 DAGs
[2025-12-31T11:46:56.332+0000] {logging_mixin.py:188} INFO - [2025-12-31T11:46:56.331+0000] {dag.py:3823} INFO - Setting next_dagrun for ml_models to 2025-12-30 00:00:00+00:00, run_after=2025-12-31 00:00:00+00:00
[2025-12-31T11:46:56.419+0000] {processor.py:183} INFO - Processing /opt/airflow/dags/ml_models.py took 0.256 seconds
[2025-12-31T11:47:26.895+0000] {processor.py:161} INFO - Started process (PID=14465) to work on /opt/airflow/dags/ml_models.py
[2025-12-31T11:47:26.897+0000] {processor.py:830} INFO - Processing file /opt/airflow/dags/ml_models.py for tasks to queue
[2025-12-31T11:47:26.899+0000] {logging_mixin.py:188} INFO - [2025-12-31T11:47:26.899+0000] {dagbag.py:538} INFO - Filling up the DagBag from /opt/airflow/dags/ml_models.py
[2025-12-31T11:47:26.975+0000] {processor.py:840} INFO - DAG(s) 'ml_models' retrieved from /opt/airflow/dags/ml_models.py
[2025-12-31T11:47:27.030+0000] {logging_mixin.py:188} INFO - [2025-12-31T11:47:27.029+0000] {dag.py:3036} INFO - Sync 1 DAGs
[2025-12-31T11:47:27.069+0000] {logging_mixin.py:188} INFO - [2025-12-31T11:47:27.068+0000] {dag.py:3823} INFO - Setting next_dagrun for ml_models to 2025-12-30 00:00:00+00:00, run_after=2025-12-31 00:00:00+00:00
[2025-12-31T11:47:27.106+0000] {processor.py:183} INFO - Processing /opt/airflow/dags/ml_models.py took 0.219 seconds
[2025-12-31T11:47:57.685+0000] {processor.py:161} INFO - Started process (PID=14485) to work on /opt/airflow/dags/ml_models.py
[2025-12-31T11:47:57.688+0000] {processor.py:830} INFO - Processing file /opt/airflow/dags/ml_models.py for tasks to queue
[2025-12-31T11:47:57.690+0000] {logging_mixin.py:188} INFO - [2025-12-31T11:47:57.689+0000] {dagbag.py:538} INFO - Filling up the DagBag from /opt/airflow/dags/ml_models.py
[2025-12-31T11:47:57.726+0000] {processor.py:840} INFO - DAG(s) 'ml_models' retrieved from /opt/airflow/dags/ml_models.py
[2025-12-31T11:47:57.785+0000] {logging_mixin.py:188} INFO - [2025-12-31T11:47:57.784+0000] {dag.py:3036} INFO - Sync 1 DAGs
[2025-12-31T11:47:57.826+0000] {logging_mixin.py:188} INFO - [2025-12-31T11:47:57.826+0000] {dag.py:3823} INFO - Setting next_dagrun for ml_models to 2025-12-30 00:00:00+00:00, run_after=2025-12-31 00:00:00+00:00
[2025-12-31T11:47:57.898+0000] {processor.py:183} INFO - Processing /opt/airflow/dags/ml_models.py took 0.219 seconds
[2025-12-31T11:48:28.474+0000] {processor.py:161} INFO - Started process (PID=14505) to work on /opt/airflow/dags/ml_models.py
[2025-12-31T11:48:28.478+0000] {processor.py:830} INFO - Processing file /opt/airflow/dags/ml_models.py for tasks to queue
[2025-12-31T11:48:28.480+0000] {logging_mixin.py:188} INFO - [2025-12-31T11:48:28.479+0000] {dagbag.py:538} INFO - Filling up the DagBag from /opt/airflow/dags/ml_models.py
[2025-12-31T11:48:28.558+0000] {processor.py:840} INFO - DAG(s) 'ml_models' retrieved from /opt/airflow/dags/ml_models.py
[2025-12-31T11:48:28.617+0000] {logging_mixin.py:188} INFO - [2025-12-31T11:48:28.617+0000] {dag.py:3036} INFO - Sync 1 DAGs
[2025-12-31T11:48:28.672+0000] {logging_mixin.py:188} INFO - [2025-12-31T11:48:28.671+0000] {dag.py:3823} INFO - Setting next_dagrun for ml_models to 2025-12-30 00:00:00+00:00, run_after=2025-12-31 00:00:00+00:00
[2025-12-31T11:48:28.710+0000] {processor.py:183} INFO - Processing /opt/airflow/dags/ml_models.py took 0.243 seconds
[2025-12-31T11:48:59.263+0000] {processor.py:161} INFO - Started process (PID=14525) to work on /opt/airflow/dags/ml_models.py
[2025-12-31T11:48:59.267+0000] {processor.py:830} INFO - Processing file /opt/airflow/dags/ml_models.py for tasks to queue
[2025-12-31T11:48:59.270+0000] {logging_mixin.py:188} INFO - [2025-12-31T11:48:59.269+0000] {dagbag.py:538} INFO - Filling up the DagBag from /opt/airflow/dags/ml_models.py
[2025-12-31T11:48:59.354+0000] {processor.py:840} INFO - DAG(s) 'ml_models' retrieved from /opt/airflow/dags/ml_models.py
[2025-12-31T11:48:59.397+0000] {logging_mixin.py:188} INFO - [2025-12-31T11:48:59.397+0000] {dag.py:3036} INFO - Sync 1 DAGs
[2025-12-31T11:48:59.439+0000] {logging_mixin.py:188} INFO - [2025-12-31T11:48:59.439+0000] {dag.py:3823} INFO - Setting next_dagrun for ml_models to 2025-12-30 00:00:00+00:00, run_after=2025-12-31 00:00:00+00:00
[2025-12-31T11:48:59.481+0000] {processor.py:183} INFO - Processing /opt/airflow/dags/ml_models.py took 0.225 seconds
[2025-12-31T11:49:30.181+0000] {processor.py:161} INFO - Started process (PID=14545) to work on /opt/airflow/dags/ml_models.py
[2025-12-31T11:49:30.183+0000] {processor.py:830} INFO - Processing file /opt/airflow/dags/ml_models.py for tasks to queue
[2025-12-31T11:49:30.185+0000] {logging_mixin.py:188} INFO - [2025-12-31T11:49:30.185+0000] {dagbag.py:538} INFO - Filling up the DagBag from /opt/airflow/dags/ml_models.py
[2025-12-31T11:49:30.263+0000] {processor.py:840} INFO - DAG(s) 'ml_models' retrieved from /opt/airflow/dags/ml_models.py
[2025-12-31T11:49:30.309+0000] {logging_mixin.py:188} INFO - [2025-12-31T11:49:30.309+0000] {dag.py:3036} INFO - Sync 1 DAGs
[2025-12-31T11:49:30.359+0000] {logging_mixin.py:188} INFO - [2025-12-31T11:49:30.358+0000] {dag.py:3823} INFO - Setting next_dagrun for ml_models to 2025-12-30 00:00:00+00:00, run_after=2025-12-31 00:00:00+00:00
[2025-12-31T11:49:30.401+0000] {processor.py:183} INFO - Processing /opt/airflow/dags/ml_models.py took 0.226 seconds
[2025-12-31T11:50:00.999+0000] {processor.py:161} INFO - Started process (PID=14565) to work on /opt/airflow/dags/ml_models.py
[2025-12-31T11:50:01.002+0000] {processor.py:830} INFO - Processing file /opt/airflow/dags/ml_models.py for tasks to queue
[2025-12-31T11:50:01.004+0000] {logging_mixin.py:188} INFO - [2025-12-31T11:50:01.003+0000] {dagbag.py:538} INFO - Filling up the DagBag from /opt/airflow/dags/ml_models.py
[2025-12-31T11:50:01.046+0000] {processor.py:840} INFO - DAG(s) 'ml_models' retrieved from /opt/airflow/dags/ml_models.py
[2025-12-31T11:50:01.101+0000] {logging_mixin.py:188} INFO - [2025-12-31T11:50:01.100+0000] {dag.py:3036} INFO - Sync 1 DAGs
[2025-12-31T11:50:01.165+0000] {logging_mixin.py:188} INFO - [2025-12-31T11:50:01.164+0000] {dag.py:3823} INFO - Setting next_dagrun for ml_models to 2025-12-30 00:00:00+00:00, run_after=2025-12-31 00:00:00+00:00
[2025-12-31T11:50:01.201+0000] {processor.py:183} INFO - Processing /opt/airflow/dags/ml_models.py took 0.209 seconds
[2025-12-31T11:50:31.969+0000] {processor.py:161} INFO - Started process (PID=14585) to work on /opt/airflow/dags/ml_models.py
[2025-12-31T11:50:31.971+0000] {processor.py:830} INFO - Processing file /opt/airflow/dags/ml_models.py for tasks to queue
[2025-12-31T11:50:31.973+0000] {logging_mixin.py:188} INFO - [2025-12-31T11:50:31.972+0000] {dagbag.py:538} INFO - Filling up the DagBag from /opt/airflow/dags/ml_models.py
[2025-12-31T11:50:32.050+0000] {processor.py:840} INFO - DAG(s) 'ml_models' retrieved from /opt/airflow/dags/ml_models.py
[2025-12-31T11:50:32.108+0000] {logging_mixin.py:188} INFO - [2025-12-31T11:50:32.108+0000] {dag.py:3036} INFO - Sync 1 DAGs
[2025-12-31T11:50:32.148+0000] {logging_mixin.py:188} INFO - [2025-12-31T11:50:32.147+0000] {dag.py:3823} INFO - Setting next_dagrun for ml_models to 2025-12-30 00:00:00+00:00, run_after=2025-12-31 00:00:00+00:00
[2025-12-31T11:50:32.182+0000] {processor.py:183} INFO - Processing /opt/airflow/dags/ml_models.py took 0.222 seconds
[2025-12-31T11:51:02.795+0000] {processor.py:161} INFO - Started process (PID=14605) to work on /opt/airflow/dags/ml_models.py
[2025-12-31T11:51:02.798+0000] {processor.py:830} INFO - Processing file /opt/airflow/dags/ml_models.py for tasks to queue
[2025-12-31T11:51:02.800+0000] {logging_mixin.py:188} INFO - [2025-12-31T11:51:02.800+0000] {dagbag.py:538} INFO - Filling up the DagBag from /opt/airflow/dags/ml_models.py
[2025-12-31T11:51:02.847+0000] {processor.py:840} INFO - DAG(s) 'ml_models' retrieved from /opt/airflow/dags/ml_models.py
[2025-12-31T11:51:02.925+0000] {logging_mixin.py:188} INFO - [2025-12-31T11:51:02.925+0000] {dag.py:3036} INFO - Sync 1 DAGs
[2025-12-31T11:51:02.974+0000] {logging_mixin.py:188} INFO - [2025-12-31T11:51:02.973+0000] {dag.py:3823} INFO - Setting next_dagrun for ml_models to 2025-12-30 00:00:00+00:00, run_after=2025-12-31 00:00:00+00:00
[2025-12-31T11:51:03.014+0000] {processor.py:183} INFO - Processing /opt/airflow/dags/ml_models.py took 0.229 seconds
[2025-12-31T11:51:33.779+0000] {processor.py:161} INFO - Started process (PID=14625) to work on /opt/airflow/dags/ml_models.py
[2025-12-31T11:51:33.782+0000] {processor.py:830} INFO - Processing file /opt/airflow/dags/ml_models.py for tasks to queue
[2025-12-31T11:51:33.784+0000] {logging_mixin.py:188} INFO - [2025-12-31T11:51:33.784+0000] {dagbag.py:538} INFO - Filling up the DagBag from /opt/airflow/dags/ml_models.py
[2025-12-31T11:51:33.820+0000] {processor.py:840} INFO - DAG(s) 'ml_models' retrieved from /opt/airflow/dags/ml_models.py
[2025-12-31T11:51:33.870+0000] {logging_mixin.py:188} INFO - [2025-12-31T11:51:33.870+0000] {dag.py:3036} INFO - Sync 1 DAGs
[2025-12-31T11:51:33.909+0000] {logging_mixin.py:188} INFO - [2025-12-31T11:51:33.909+0000] {dag.py:3823} INFO - Setting next_dagrun for ml_models to 2025-12-30 00:00:00+00:00, run_after=2025-12-31 00:00:00+00:00
[2025-12-31T11:51:33.950+0000] {processor.py:183} INFO - Processing /opt/airflow/dags/ml_models.py took 0.178 seconds
[2025-12-31T11:52:04.646+0000] {processor.py:161} INFO - Started process (PID=14645) to work on /opt/airflow/dags/ml_models.py
[2025-12-31T11:52:04.649+0000] {processor.py:830} INFO - Processing file /opt/airflow/dags/ml_models.py for tasks to queue
[2025-12-31T11:52:04.651+0000] {logging_mixin.py:188} INFO - [2025-12-31T11:52:04.651+0000] {dagbag.py:538} INFO - Filling up the DagBag from /opt/airflow/dags/ml_models.py
[2025-12-31T11:52:04.692+0000] {processor.py:840} INFO - DAG(s) 'ml_models' retrieved from /opt/airflow/dags/ml_models.py
[2025-12-31T11:52:04.740+0000] {logging_mixin.py:188} INFO - [2025-12-31T11:52:04.740+0000] {dag.py:3036} INFO - Sync 1 DAGs
[2025-12-31T11:52:04.782+0000] {logging_mixin.py:188} INFO - [2025-12-31T11:52:04.781+0000] {dag.py:3823} INFO - Setting next_dagrun for ml_models to 2025-12-30 00:00:00+00:00, run_after=2025-12-31 00:00:00+00:00
[2025-12-31T11:52:04.812+0000] {processor.py:183} INFO - Processing /opt/airflow/dags/ml_models.py took 0.177 seconds
[2025-12-31T11:52:35.488+0000] {processor.py:161} INFO - Started process (PID=14665) to work on /opt/airflow/dags/ml_models.py
[2025-12-31T11:52:35.491+0000] {processor.py:830} INFO - Processing file /opt/airflow/dags/ml_models.py for tasks to queue
[2025-12-31T11:52:35.492+0000] {logging_mixin.py:188} INFO - [2025-12-31T11:52:35.492+0000] {dagbag.py:538} INFO - Filling up the DagBag from /opt/airflow/dags/ml_models.py
[2025-12-31T11:52:35.563+0000] {processor.py:840} INFO - DAG(s) 'ml_models' retrieved from /opt/airflow/dags/ml_models.py
[2025-12-31T11:52:35.610+0000] {logging_mixin.py:188} INFO - [2025-12-31T11:52:35.610+0000] {dag.py:3036} INFO - Sync 1 DAGs
[2025-12-31T11:52:35.654+0000] {logging_mixin.py:188} INFO - [2025-12-31T11:52:35.654+0000] {dag.py:3823} INFO - Setting next_dagrun for ml_models to 2025-12-30 00:00:00+00:00, run_after=2025-12-31 00:00:00+00:00
[2025-12-31T11:52:35.693+0000] {processor.py:183} INFO - Processing /opt/airflow/dags/ml_models.py took 0.213 seconds
[2025-12-31T11:53:06.196+0000] {processor.py:161} INFO - Started process (PID=14685) to work on /opt/airflow/dags/ml_models.py
[2025-12-31T11:53:06.198+0000] {processor.py:830} INFO - Processing file /opt/airflow/dags/ml_models.py for tasks to queue
[2025-12-31T11:53:06.200+0000] {logging_mixin.py:188} INFO - [2025-12-31T11:53:06.200+0000] {dagbag.py:538} INFO - Filling up the DagBag from /opt/airflow/dags/ml_models.py
[2025-12-31T11:53:06.239+0000] {processor.py:840} INFO - DAG(s) 'ml_models' retrieved from /opt/airflow/dags/ml_models.py
[2025-12-31T11:53:06.286+0000] {logging_mixin.py:188} INFO - [2025-12-31T11:53:06.286+0000] {dag.py:3036} INFO - Sync 1 DAGs
[2025-12-31T11:53:06.328+0000] {logging_mixin.py:188} INFO - [2025-12-31T11:53:06.327+0000] {dag.py:3823} INFO - Setting next_dagrun for ml_models to 2025-12-30 00:00:00+00:00, run_after=2025-12-31 00:00:00+00:00
[2025-12-31T11:53:06.398+0000] {processor.py:183} INFO - Processing /opt/airflow/dags/ml_models.py took 0.210 seconds
[2025-12-31T11:53:36.876+0000] {processor.py:161} INFO - Started process (PID=14705) to work on /opt/airflow/dags/ml_models.py
[2025-12-31T11:53:36.878+0000] {processor.py:830} INFO - Processing file /opt/airflow/dags/ml_models.py for tasks to queue
[2025-12-31T11:53:36.880+0000] {logging_mixin.py:188} INFO - [2025-12-31T11:53:36.880+0000] {dagbag.py:538} INFO - Filling up the DagBag from /opt/airflow/dags/ml_models.py
[2025-12-31T11:53:36.919+0000] {processor.py:840} INFO - DAG(s) 'ml_models' retrieved from /opt/airflow/dags/ml_models.py
[2025-12-31T11:53:36.972+0000] {logging_mixin.py:188} INFO - [2025-12-31T11:53:36.971+0000] {dag.py:3036} INFO - Sync 1 DAGs
[2025-12-31T11:53:37.013+0000] {logging_mixin.py:188} INFO - [2025-12-31T11:53:37.013+0000] {dag.py:3823} INFO - Setting next_dagrun for ml_models to 2025-12-30 00:00:00+00:00, run_after=2025-12-31 00:00:00+00:00
[2025-12-31T11:53:37.086+0000] {processor.py:183} INFO - Processing /opt/airflow/dags/ml_models.py took 0.218 seconds
[2025-12-31T11:54:07.589+0000] {processor.py:161} INFO - Started process (PID=14725) to work on /opt/airflow/dags/ml_models.py
[2025-12-31T11:54:07.591+0000] {processor.py:830} INFO - Processing file /opt/airflow/dags/ml_models.py for tasks to queue
[2025-12-31T11:54:07.593+0000] {logging_mixin.py:188} INFO - [2025-12-31T11:54:07.593+0000] {dagbag.py:538} INFO - Filling up the DagBag from /opt/airflow/dags/ml_models.py
[2025-12-31T11:54:07.629+0000] {processor.py:840} INFO - DAG(s) 'ml_models' retrieved from /opt/airflow/dags/ml_models.py
[2025-12-31T11:54:07.679+0000] {logging_mixin.py:188} INFO - [2025-12-31T11:54:07.679+0000] {dag.py:3036} INFO - Sync 1 DAGs
[2025-12-31T11:54:07.728+0000] {logging_mixin.py:188} INFO - [2025-12-31T11:54:07.727+0000] {dag.py:3823} INFO - Setting next_dagrun for ml_models to 2025-12-30 00:00:00+00:00, run_after=2025-12-31 00:00:00+00:00
[2025-12-31T11:54:07.763+0000] {processor.py:183} INFO - Processing /opt/airflow/dags/ml_models.py took 0.181 seconds
[2025-12-31T11:54:38.275+0000] {processor.py:161} INFO - Started process (PID=14745) to work on /opt/airflow/dags/ml_models.py
[2025-12-31T11:54:38.277+0000] {processor.py:830} INFO - Processing file /opt/airflow/dags/ml_models.py for tasks to queue
[2025-12-31T11:54:38.279+0000] {logging_mixin.py:188} INFO - [2025-12-31T11:54:38.279+0000] {dagbag.py:538} INFO - Filling up the DagBag from /opt/airflow/dags/ml_models.py
[2025-12-31T11:54:38.318+0000] {processor.py:840} INFO - DAG(s) 'ml_models' retrieved from /opt/airflow/dags/ml_models.py
[2025-12-31T11:54:38.366+0000] {logging_mixin.py:188} INFO - [2025-12-31T11:54:38.366+0000] {dag.py:3036} INFO - Sync 1 DAGs
[2025-12-31T11:54:38.406+0000] {logging_mixin.py:188} INFO - [2025-12-31T11:54:38.405+0000] {dag.py:3823} INFO - Setting next_dagrun for ml_models to 2025-12-30 00:00:00+00:00, run_after=2025-12-31 00:00:00+00:00
[2025-12-31T11:54:38.477+0000] {processor.py:183} INFO - Processing /opt/airflow/dags/ml_models.py took 0.209 seconds
[2025-12-31T11:55:08.972+0000] {processor.py:161} INFO - Started process (PID=14765) to work on /opt/airflow/dags/ml_models.py
[2025-12-31T11:55:08.975+0000] {processor.py:830} INFO - Processing file /opt/airflow/dags/ml_models.py for tasks to queue
[2025-12-31T11:55:08.978+0000] {logging_mixin.py:188} INFO - [2025-12-31T11:55:08.977+0000] {dagbag.py:538} INFO - Filling up the DagBag from /opt/airflow/dags/ml_models.py
[2025-12-31T11:55:09.015+0000] {processor.py:840} INFO - DAG(s) 'ml_models' retrieved from /opt/airflow/dags/ml_models.py
[2025-12-31T11:55:09.062+0000] {logging_mixin.py:188} INFO - [2025-12-31T11:55:09.061+0000] {dag.py:3036} INFO - Sync 1 DAGs
[2025-12-31T11:55:09.100+0000] {logging_mixin.py:188} INFO - [2025-12-31T11:55:09.100+0000] {dag.py:3823} INFO - Setting next_dagrun for ml_models to 2025-12-30 00:00:00+00:00, run_after=2025-12-31 00:00:00+00:00
[2025-12-31T11:55:09.172+0000] {processor.py:183} INFO - Processing /opt/airflow/dags/ml_models.py took 0.207 seconds
[2025-12-31T11:55:39.632+0000] {processor.py:161} INFO - Started process (PID=14785) to work on /opt/airflow/dags/ml_models.py
[2025-12-31T11:55:39.635+0000] {processor.py:830} INFO - Processing file /opt/airflow/dags/ml_models.py for tasks to queue
[2025-12-31T11:55:39.637+0000] {logging_mixin.py:188} INFO - [2025-12-31T11:55:39.636+0000] {dagbag.py:538} INFO - Filling up the DagBag from /opt/airflow/dags/ml_models.py
[2025-12-31T11:55:39.675+0000] {processor.py:840} INFO - DAG(s) 'ml_models' retrieved from /opt/airflow/dags/ml_models.py
[2025-12-31T11:55:39.723+0000] {logging_mixin.py:188} INFO - [2025-12-31T11:55:39.722+0000] {dag.py:3036} INFO - Sync 1 DAGs
[2025-12-31T11:55:39.764+0000] {logging_mixin.py:188} INFO - [2025-12-31T11:55:39.763+0000] {dag.py:3823} INFO - Setting next_dagrun for ml_models to 2025-12-30 00:00:00+00:00, run_after=2025-12-31 00:00:00+00:00
[2025-12-31T11:55:39.835+0000] {processor.py:183} INFO - Processing /opt/airflow/dags/ml_models.py took 0.210 seconds
[2025-12-31T11:56:10.338+0000] {processor.py:161} INFO - Started process (PID=14805) to work on /opt/airflow/dags/ml_models.py
[2025-12-31T11:56:10.340+0000] {processor.py:830} INFO - Processing file /opt/airflow/dags/ml_models.py for tasks to queue
[2025-12-31T11:56:10.342+0000] {logging_mixin.py:188} INFO - [2025-12-31T11:56:10.342+0000] {dagbag.py:538} INFO - Filling up the DagBag from /opt/airflow/dags/ml_models.py
[2025-12-31T11:56:10.382+0000] {processor.py:840} INFO - DAG(s) 'ml_models' retrieved from /opt/airflow/dags/ml_models.py
[2025-12-31T11:56:10.430+0000] {logging_mixin.py:188} INFO - [2025-12-31T11:56:10.429+0000] {dag.py:3036} INFO - Sync 1 DAGs
[2025-12-31T11:56:10.477+0000] {logging_mixin.py:188} INFO - [2025-12-31T11:56:10.476+0000] {dag.py:3823} INFO - Setting next_dagrun for ml_models to 2025-12-30 00:00:00+00:00, run_after=2025-12-31 00:00:00+00:00
[2025-12-31T11:56:10.552+0000] {processor.py:183} INFO - Processing /opt/airflow/dags/ml_models.py took 0.223 seconds
[2025-12-31T11:56:41.004+0000] {processor.py:161} INFO - Started process (PID=14825) to work on /opt/airflow/dags/ml_models.py
[2025-12-31T11:56:41.006+0000] {processor.py:830} INFO - Processing file /opt/airflow/dags/ml_models.py for tasks to queue
[2025-12-31T11:56:41.008+0000] {logging_mixin.py:188} INFO - [2025-12-31T11:56:41.007+0000] {dagbag.py:538} INFO - Filling up the DagBag from /opt/airflow/dags/ml_models.py
[2025-12-31T11:56:41.045+0000] {processor.py:840} INFO - DAG(s) 'ml_models' retrieved from /opt/airflow/dags/ml_models.py
[2025-12-31T11:56:41.097+0000] {logging_mixin.py:188} INFO - [2025-12-31T11:56:41.097+0000] {dag.py:3036} INFO - Sync 1 DAGs
[2025-12-31T11:56:41.140+0000] {logging_mixin.py:188} INFO - [2025-12-31T11:56:41.139+0000] {dag.py:3823} INFO - Setting next_dagrun for ml_models to 2025-12-30 00:00:00+00:00, run_after=2025-12-31 00:00:00+00:00
[2025-12-31T11:56:41.213+0000] {processor.py:183} INFO - Processing /opt/airflow/dags/ml_models.py took 0.216 seconds
[2025-12-31T11:57:11.947+0000] {processor.py:161} INFO - Started process (PID=14845) to work on /opt/airflow/dags/ml_models.py
[2025-12-31T11:57:11.950+0000] {processor.py:830} INFO - Processing file /opt/airflow/dags/ml_models.py for tasks to queue
[2025-12-31T11:57:11.954+0000] {logging_mixin.py:188} INFO - [2025-12-31T11:57:11.953+0000] {dagbag.py:538} INFO - Filling up the DagBag from /opt/airflow/dags/ml_models.py
[2025-12-31T11:57:11.998+0000] {processor.py:840} INFO - DAG(s) 'ml_models' retrieved from /opt/airflow/dags/ml_models.py
[2025-12-31T11:57:12.071+0000] {logging_mixin.py:188} INFO - [2025-12-31T11:57:12.070+0000] {dag.py:3036} INFO - Sync 1 DAGs
[2025-12-31T11:57:12.121+0000] {logging_mixin.py:188} INFO - [2025-12-31T11:57:12.121+0000] {dag.py:3823} INFO - Setting next_dagrun for ml_models to 2025-12-30 00:00:00+00:00, run_after=2025-12-31 00:00:00+00:00
[2025-12-31T11:57:12.216+0000] {processor.py:183} INFO - Processing /opt/airflow/dags/ml_models.py took 0.280 seconds
[2025-12-31T11:57:43.049+0000] {processor.py:161} INFO - Started process (PID=14865) to work on /opt/airflow/dags/ml_models.py
[2025-12-31T11:57:43.052+0000] {processor.py:830} INFO - Processing file /opt/airflow/dags/ml_models.py for tasks to queue
[2025-12-31T11:57:43.055+0000] {logging_mixin.py:188} INFO - [2025-12-31T11:57:43.054+0000] {dagbag.py:538} INFO - Filling up the DagBag from /opt/airflow/dags/ml_models.py
[2025-12-31T11:57:43.103+0000] {processor.py:840} INFO - DAG(s) 'ml_models' retrieved from /opt/airflow/dags/ml_models.py
[2025-12-31T11:57:43.162+0000] {logging_mixin.py:188} INFO - [2025-12-31T11:57:43.162+0000] {dag.py:3036} INFO - Sync 1 DAGs
[2025-12-31T11:57:43.233+0000] {logging_mixin.py:188} INFO - [2025-12-31T11:57:43.233+0000] {dag.py:3823} INFO - Setting next_dagrun for ml_models to 2025-12-30 00:00:00+00:00, run_after=2025-12-31 00:00:00+00:00
[2025-12-31T11:57:43.278+0000] {processor.py:183} INFO - Processing /opt/airflow/dags/ml_models.py took 0.241 seconds
[2025-12-31T11:58:14.221+0000] {processor.py:161} INFO - Started process (PID=14885) to work on /opt/airflow/dags/ml_models.py
[2025-12-31T11:58:14.226+0000] {processor.py:830} INFO - Processing file /opt/airflow/dags/ml_models.py for tasks to queue
[2025-12-31T11:58:14.229+0000] {logging_mixin.py:188} INFO - [2025-12-31T11:58:14.228+0000] {dagbag.py:538} INFO - Filling up the DagBag from /opt/airflow/dags/ml_models.py
[2025-12-31T11:58:14.277+0000] {processor.py:840} INFO - DAG(s) 'ml_models' retrieved from /opt/airflow/dags/ml_models.py
[2025-12-31T11:58:14.324+0000] {logging_mixin.py:188} INFO - [2025-12-31T11:58:14.324+0000] {dag.py:3036} INFO - Sync 1 DAGs
[2025-12-31T11:58:14.368+0000] {logging_mixin.py:188} INFO - [2025-12-31T11:58:14.368+0000] {dag.py:3823} INFO - Setting next_dagrun for ml_models to 2025-12-30 00:00:00+00:00, run_after=2025-12-31 00:00:00+00:00
[2025-12-31T11:58:14.427+0000] {processor.py:183} INFO - Processing /opt/airflow/dags/ml_models.py took 0.217 seconds
[2025-12-31T11:58:45.373+0000] {processor.py:161} INFO - Started process (PID=14905) to work on /opt/airflow/dags/ml_models.py
[2025-12-31T11:58:45.380+0000] {processor.py:830} INFO - Processing file /opt/airflow/dags/ml_models.py for tasks to queue
[2025-12-31T11:58:45.384+0000] {logging_mixin.py:188} INFO - [2025-12-31T11:58:45.383+0000] {dagbag.py:538} INFO - Filling up the DagBag from /opt/airflow/dags/ml_models.py
[2025-12-31T11:58:45.435+0000] {processor.py:840} INFO - DAG(s) 'ml_models' retrieved from /opt/airflow/dags/ml_models.py
[2025-12-31T11:58:45.485+0000] {logging_mixin.py:188} INFO - [2025-12-31T11:58:45.485+0000] {dag.py:3036} INFO - Sync 1 DAGs
[2025-12-31T11:58:45.539+0000] {logging_mixin.py:188} INFO - [2025-12-31T11:58:45.538+0000] {dag.py:3823} INFO - Setting next_dagrun for ml_models to 2025-12-30 00:00:00+00:00, run_after=2025-12-31 00:00:00+00:00
[2025-12-31T11:58:45.577+0000] {processor.py:183} INFO - Processing /opt/airflow/dags/ml_models.py took 0.217 seconds
[2025-12-31T11:59:16.438+0000] {processor.py:161} INFO - Started process (PID=14925) to work on /opt/airflow/dags/ml_models.py
[2025-12-31T11:59:16.441+0000] {processor.py:830} INFO - Processing file /opt/airflow/dags/ml_models.py for tasks to queue
[2025-12-31T11:59:16.443+0000] {logging_mixin.py:188} INFO - [2025-12-31T11:59:16.442+0000] {dagbag.py:538} INFO - Filling up the DagBag from /opt/airflow/dags/ml_models.py
[2025-12-31T11:59:16.485+0000] {processor.py:840} INFO - DAG(s) 'ml_models' retrieved from /opt/airflow/dags/ml_models.py
[2025-12-31T11:59:16.552+0000] {logging_mixin.py:188} INFO - [2025-12-31T11:59:16.551+0000] {dag.py:3036} INFO - Sync 1 DAGs
[2025-12-31T11:59:16.598+0000] {logging_mixin.py:188} INFO - [2025-12-31T11:59:16.597+0000] {dag.py:3823} INFO - Setting next_dagrun for ml_models to 2025-12-30 00:00:00+00:00, run_after=2025-12-31 00:00:00+00:00
[2025-12-31T11:59:16.632+0000] {processor.py:183} INFO - Processing /opt/airflow/dags/ml_models.py took 0.202 seconds
[2025-12-31T11:59:47.550+0000] {processor.py:161} INFO - Started process (PID=14945) to work on /opt/airflow/dags/ml_models.py
[2025-12-31T11:59:47.552+0000] {processor.py:830} INFO - Processing file /opt/airflow/dags/ml_models.py for tasks to queue
[2025-12-31T11:59:47.554+0000] {logging_mixin.py:188} INFO - [2025-12-31T11:59:47.554+0000] {dagbag.py:538} INFO - Filling up the DagBag from /opt/airflow/dags/ml_models.py
[2025-12-31T11:59:47.602+0000] {processor.py:840} INFO - DAG(s) 'ml_models' retrieved from /opt/airflow/dags/ml_models.py
[2025-12-31T11:59:47.654+0000] {logging_mixin.py:188} INFO - [2025-12-31T11:59:47.654+0000] {dag.py:3036} INFO - Sync 1 DAGs
[2025-12-31T11:59:47.697+0000] {logging_mixin.py:188} INFO - [2025-12-31T11:59:47.696+0000] {dag.py:3823} INFO - Setting next_dagrun for ml_models to 2025-12-30 00:00:00+00:00, run_after=2025-12-31 00:00:00+00:00
[2025-12-31T11:59:47.748+0000] {processor.py:183} INFO - Processing /opt/airflow/dags/ml_models.py took 0.205 seconds
[2025-12-31T12:00:18.551+0000] {processor.py:161} INFO - Started process (PID=14965) to work on /opt/airflow/dags/ml_models.py
[2025-12-31T12:00:18.556+0000] {processor.py:830} INFO - Processing file /opt/airflow/dags/ml_models.py for tasks to queue
[2025-12-31T12:00:18.560+0000] {logging_mixin.py:188} INFO - [2025-12-31T12:00:18.559+0000] {dagbag.py:538} INFO - Filling up the DagBag from /opt/airflow/dags/ml_models.py
[2025-12-31T12:00:18.603+0000] {processor.py:840} INFO - DAG(s) 'ml_models' retrieved from /opt/airflow/dags/ml_models.py
[2025-12-31T12:00:18.649+0000] {logging_mixin.py:188} INFO - [2025-12-31T12:00:18.649+0000] {dag.py:3036} INFO - Sync 1 DAGs
[2025-12-31T12:00:18.688+0000] {logging_mixin.py:188} INFO - [2025-12-31T12:00:18.688+0000] {dag.py:3823} INFO - Setting next_dagrun for ml_models to 2025-12-30 00:00:00+00:00, run_after=2025-12-31 00:00:00+00:00
[2025-12-31T12:00:18.762+0000] {processor.py:183} INFO - Processing /opt/airflow/dags/ml_models.py took 0.223 seconds
[2025-12-31T12:00:49.520+0000] {processor.py:161} INFO - Started process (PID=14985) to work on /opt/airflow/dags/ml_models.py
[2025-12-31T12:00:49.522+0000] {processor.py:830} INFO - Processing file /opt/airflow/dags/ml_models.py for tasks to queue
[2025-12-31T12:00:49.525+0000] {logging_mixin.py:188} INFO - [2025-12-31T12:00:49.524+0000] {dagbag.py:538} INFO - Filling up the DagBag from /opt/airflow/dags/ml_models.py
[2025-12-31T12:00:49.605+0000] {processor.py:840} INFO - DAG(s) 'ml_models' retrieved from /opt/airflow/dags/ml_models.py
[2025-12-31T12:00:49.668+0000] {logging_mixin.py:188} INFO - [2025-12-31T12:00:49.667+0000] {dag.py:3036} INFO - Sync 1 DAGs
[2025-12-31T12:00:49.724+0000] {logging_mixin.py:188} INFO - [2025-12-31T12:00:49.723+0000] {dag.py:3823} INFO - Setting next_dagrun for ml_models to 2025-12-30 00:00:00+00:00, run_after=2025-12-31 00:00:00+00:00
[2025-12-31T12:00:49.795+0000] {processor.py:183} INFO - Processing /opt/airflow/dags/ml_models.py took 0.283 seconds
[2025-12-31T12:01:20.729+0000] {processor.py:161} INFO - Started process (PID=15005) to work on /opt/airflow/dags/ml_models.py
[2025-12-31T12:01:20.731+0000] {processor.py:830} INFO - Processing file /opt/airflow/dags/ml_models.py for tasks to queue
[2025-12-31T12:01:20.743+0000] {logging_mixin.py:188} INFO - [2025-12-31T12:01:20.743+0000] {dagbag.py:538} INFO - Filling up the DagBag from /opt/airflow/dags/ml_models.py
[2025-12-31T12:01:20.797+0000] {processor.py:840} INFO - DAG(s) 'ml_models' retrieved from /opt/airflow/dags/ml_models.py
[2025-12-31T12:01:20.837+0000] {logging_mixin.py:188} INFO - [2025-12-31T12:01:20.837+0000] {dag.py:3036} INFO - Sync 1 DAGs
[2025-12-31T12:01:20.876+0000] {logging_mixin.py:188} INFO - [2025-12-31T12:01:20.876+0000] {dag.py:3823} INFO - Setting next_dagrun for ml_models to 2025-12-30 00:00:00+00:00, run_after=2025-12-31 00:00:00+00:00
[2025-12-31T12:01:20.947+0000] {processor.py:183} INFO - Processing /opt/airflow/dags/ml_models.py took 0.226 seconds
[2025-12-31T12:01:51.808+0000] {processor.py:161} INFO - Started process (PID=15025) to work on /opt/airflow/dags/ml_models.py
[2025-12-31T12:01:51.811+0000] {processor.py:830} INFO - Processing file /opt/airflow/dags/ml_models.py for tasks to queue
[2025-12-31T12:01:51.815+0000] {logging_mixin.py:188} INFO - [2025-12-31T12:01:51.812+0000] {dagbag.py:538} INFO - Filling up the DagBag from /opt/airflow/dags/ml_models.py
[2025-12-31T12:01:51.894+0000] {processor.py:840} INFO - DAG(s) 'ml_models' retrieved from /opt/airflow/dags/ml_models.py
[2025-12-31T12:01:51.948+0000] {logging_mixin.py:188} INFO - [2025-12-31T12:01:51.947+0000] {dag.py:3036} INFO - Sync 1 DAGs
[2025-12-31T12:01:51.993+0000] {logging_mixin.py:188} INFO - [2025-12-31T12:01:51.992+0000] {dag.py:3823} INFO - Setting next_dagrun for ml_models to 2025-12-30 00:00:00+00:00, run_after=2025-12-31 00:00:00+00:00
[2025-12-31T12:01:52.053+0000] {processor.py:183} INFO - Processing /opt/airflow/dags/ml_models.py took 0.253 seconds
[2025-12-31T12:02:22.860+0000] {processor.py:161} INFO - Started process (PID=15045) to work on /opt/airflow/dags/ml_models.py
[2025-12-31T12:02:22.863+0000] {processor.py:830} INFO - Processing file /opt/airflow/dags/ml_models.py for tasks to queue
[2025-12-31T12:02:22.866+0000] {logging_mixin.py:188} INFO - [2025-12-31T12:02:22.865+0000] {dagbag.py:538} INFO - Filling up the DagBag from /opt/airflow/dags/ml_models.py
[2025-12-31T12:02:22.901+0000] {processor.py:840} INFO - DAG(s) 'ml_models' retrieved from /opt/airflow/dags/ml_models.py
[2025-12-31T12:02:22.949+0000] {logging_mixin.py:188} INFO - [2025-12-31T12:02:22.948+0000] {dag.py:3036} INFO - Sync 1 DAGs
[2025-12-31T12:02:22.989+0000] {logging_mixin.py:188} INFO - [2025-12-31T12:02:22.988+0000] {dag.py:3823} INFO - Setting next_dagrun for ml_models to 2025-12-30 00:00:00+00:00, run_after=2025-12-31 00:00:00+00:00
[2025-12-31T12:02:23.067+0000] {processor.py:183} INFO - Processing /opt/airflow/dags/ml_models.py took 0.218 seconds
[2025-12-31T12:02:53.981+0000] {processor.py:161} INFO - Started process (PID=15065) to work on /opt/airflow/dags/ml_models.py
[2025-12-31T12:02:53.984+0000] {processor.py:830} INFO - Processing file /opt/airflow/dags/ml_models.py for tasks to queue
[2025-12-31T12:02:53.986+0000] {logging_mixin.py:188} INFO - [2025-12-31T12:02:53.985+0000] {dagbag.py:538} INFO - Filling up the DagBag from /opt/airflow/dags/ml_models.py
[2025-12-31T12:02:54.066+0000] {processor.py:840} INFO - DAG(s) 'ml_models' retrieved from /opt/airflow/dags/ml_models.py
[2025-12-31T12:02:54.114+0000] {logging_mixin.py:188} INFO - [2025-12-31T12:02:54.114+0000] {dag.py:3036} INFO - Sync 1 DAGs
[2025-12-31T12:02:54.155+0000] {logging_mixin.py:188} INFO - [2025-12-31T12:02:54.155+0000] {dag.py:3823} INFO - Setting next_dagrun for ml_models to 2025-12-30 00:00:00+00:00, run_after=2025-12-31 00:00:00+00:00
[2025-12-31T12:02:54.195+0000] {processor.py:183} INFO - Processing /opt/airflow/dags/ml_models.py took 0.219 seconds
[2025-12-31T12:03:25.055+0000] {processor.py:161} INFO - Started process (PID=15085) to work on /opt/airflow/dags/ml_models.py
[2025-12-31T12:03:25.057+0000] {processor.py:830} INFO - Processing file /opt/airflow/dags/ml_models.py for tasks to queue
[2025-12-31T12:03:25.059+0000] {logging_mixin.py:188} INFO - [2025-12-31T12:03:25.059+0000] {dagbag.py:538} INFO - Filling up the DagBag from /opt/airflow/dags/ml_models.py
[2025-12-31T12:03:25.112+0000] {processor.py:840} INFO - DAG(s) 'ml_models' retrieved from /opt/airflow/dags/ml_models.py
[2025-12-31T12:03:25.165+0000] {logging_mixin.py:188} INFO - [2025-12-31T12:03:25.165+0000] {dag.py:3036} INFO - Sync 1 DAGs
[2025-12-31T12:03:25.207+0000] {logging_mixin.py:188} INFO - [2025-12-31T12:03:25.207+0000] {dag.py:3823} INFO - Setting next_dagrun for ml_models to 2025-12-30 00:00:00+00:00, run_after=2025-12-31 00:00:00+00:00
[2025-12-31T12:03:25.285+0000] {processor.py:183} INFO - Processing /opt/airflow/dags/ml_models.py took 0.239 seconds
[2025-12-31T12:03:56.098+0000] {processor.py:161} INFO - Started process (PID=15105) to work on /opt/airflow/dags/ml_models.py
[2025-12-31T12:03:56.101+0000] {processor.py:830} INFO - Processing file /opt/airflow/dags/ml_models.py for tasks to queue
[2025-12-31T12:03:56.103+0000] {logging_mixin.py:188} INFO - [2025-12-31T12:03:56.102+0000] {dagbag.py:538} INFO - Filling up the DagBag from /opt/airflow/dags/ml_models.py
[2025-12-31T12:03:56.146+0000] {processor.py:840} INFO - DAG(s) 'ml_models' retrieved from /opt/airflow/dags/ml_models.py
[2025-12-31T12:03:56.215+0000] {logging_mixin.py:188} INFO - [2025-12-31T12:03:56.214+0000] {dag.py:3036} INFO - Sync 1 DAGs
[2025-12-31T12:03:56.262+0000] {logging_mixin.py:188} INFO - [2025-12-31T12:03:56.262+0000] {dag.py:3823} INFO - Setting next_dagrun for ml_models to 2025-12-30 00:00:00+00:00, run_after=2025-12-31 00:00:00+00:00
[2025-12-31T12:03:56.342+0000] {processor.py:183} INFO - Processing /opt/airflow/dags/ml_models.py took 0.255 seconds
[2025-12-31T12:04:27.132+0000] {processor.py:161} INFO - Started process (PID=15125) to work on /opt/airflow/dags/ml_models.py
[2025-12-31T12:04:27.134+0000] {processor.py:830} INFO - Processing file /opt/airflow/dags/ml_models.py for tasks to queue
[2025-12-31T12:04:27.137+0000] {logging_mixin.py:188} INFO - [2025-12-31T12:04:27.136+0000] {dagbag.py:538} INFO - Filling up the DagBag from /opt/airflow/dags/ml_models.py
[2025-12-31T12:04:27.225+0000] {processor.py:840} INFO - DAG(s) 'ml_models' retrieved from /opt/airflow/dags/ml_models.py
[2025-12-31T12:04:27.269+0000] {logging_mixin.py:188} INFO - [2025-12-31T12:04:27.268+0000] {dag.py:3036} INFO - Sync 1 DAGs
[2025-12-31T12:04:27.313+0000] {logging_mixin.py:188} INFO - [2025-12-31T12:04:27.312+0000] {dag.py:3823} INFO - Setting next_dagrun for ml_models to 2025-12-30 00:00:00+00:00, run_after=2025-12-31 00:00:00+00:00
[2025-12-31T12:04:27.389+0000] {processor.py:183} INFO - Processing /opt/airflow/dags/ml_models.py took 0.264 seconds
[2025-12-31T12:04:58.222+0000] {processor.py:161} INFO - Started process (PID=15145) to work on /opt/airflow/dags/ml_models.py
[2025-12-31T12:04:58.226+0000] {processor.py:830} INFO - Processing file /opt/airflow/dags/ml_models.py for tasks to queue
[2025-12-31T12:04:58.227+0000] {logging_mixin.py:188} INFO - [2025-12-31T12:04:58.227+0000] {dagbag.py:538} INFO - Filling up the DagBag from /opt/airflow/dags/ml_models.py
[2025-12-31T12:04:58.287+0000] {processor.py:840} INFO - DAG(s) 'ml_models' retrieved from /opt/airflow/dags/ml_models.py
[2025-12-31T12:04:58.345+0000] {logging_mixin.py:188} INFO - [2025-12-31T12:04:58.344+0000] {dag.py:3036} INFO - Sync 1 DAGs
[2025-12-31T12:04:58.388+0000] {logging_mixin.py:188} INFO - [2025-12-31T12:04:58.387+0000] {dag.py:3823} INFO - Setting next_dagrun for ml_models to 2025-12-30 00:00:00+00:00, run_after=2025-12-31 00:00:00+00:00
[2025-12-31T12:04:58.431+0000] {processor.py:183} INFO - Processing /opt/airflow/dags/ml_models.py took 0.218 seconds
[2025-12-31T12:05:29.394+0000] {processor.py:161} INFO - Started process (PID=15165) to work on /opt/airflow/dags/ml_models.py
[2025-12-31T12:05:29.397+0000] {processor.py:830} INFO - Processing file /opt/airflow/dags/ml_models.py for tasks to queue
[2025-12-31T12:05:29.399+0000] {logging_mixin.py:188} INFO - [2025-12-31T12:05:29.398+0000] {dagbag.py:538} INFO - Filling up the DagBag from /opt/airflow/dags/ml_models.py
[2025-12-31T12:05:29.444+0000] {processor.py:840} INFO - DAG(s) 'ml_models' retrieved from /opt/airflow/dags/ml_models.py
[2025-12-31T12:05:29.503+0000] {logging_mixin.py:188} INFO - [2025-12-31T12:05:29.503+0000] {dag.py:3036} INFO - Sync 1 DAGs
[2025-12-31T12:05:29.555+0000] {logging_mixin.py:188} INFO - [2025-12-31T12:05:29.555+0000] {dag.py:3823} INFO - Setting next_dagrun for ml_models to 2025-12-30 00:00:00+00:00, run_after=2025-12-31 00:00:00+00:00
[2025-12-31T12:05:29.605+0000] {processor.py:183} INFO - Processing /opt/airflow/dags/ml_models.py took 0.219 seconds
[2025-12-31T12:06:00.636+0000] {processor.py:161} INFO - Started process (PID=15185) to work on /opt/airflow/dags/ml_models.py
[2025-12-31T12:06:00.639+0000] {processor.py:830} INFO - Processing file /opt/airflow/dags/ml_models.py for tasks to queue
[2025-12-31T12:06:00.642+0000] {logging_mixin.py:188} INFO - [2025-12-31T12:06:00.641+0000] {dagbag.py:538} INFO - Filling up the DagBag from /opt/airflow/dags/ml_models.py
[2025-12-31T12:06:00.718+0000] {processor.py:840} INFO - DAG(s) 'ml_models' retrieved from /opt/airflow/dags/ml_models.py
[2025-12-31T12:06:00.767+0000] {logging_mixin.py:188} INFO - [2025-12-31T12:06:00.767+0000] {dag.py:3036} INFO - Sync 1 DAGs
[2025-12-31T12:06:00.806+0000] {logging_mixin.py:188} INFO - [2025-12-31T12:06:00.806+0000] {dag.py:3823} INFO - Setting next_dagrun for ml_models to 2025-12-30 00:00:00+00:00, run_after=2025-12-31 00:00:00+00:00
[2025-12-31T12:06:00.855+0000] {processor.py:183} INFO - Processing /opt/airflow/dags/ml_models.py took 0.227 seconds
[2025-12-31T12:06:31.637+0000] {processor.py:161} INFO - Started process (PID=15205) to work on /opt/airflow/dags/ml_models.py
[2025-12-31T12:06:31.640+0000] {processor.py:830} INFO - Processing file /opt/airflow/dags/ml_models.py for tasks to queue
[2025-12-31T12:06:31.642+0000] {logging_mixin.py:188} INFO - [2025-12-31T12:06:31.641+0000] {dagbag.py:538} INFO - Filling up the DagBag from /opt/airflow/dags/ml_models.py
[2025-12-31T12:06:31.700+0000] {processor.py:840} INFO - DAG(s) 'ml_models' retrieved from /opt/airflow/dags/ml_models.py
[2025-12-31T12:06:31.776+0000] {logging_mixin.py:188} INFO - [2025-12-31T12:06:31.775+0000] {dag.py:3036} INFO - Sync 1 DAGs
[2025-12-31T12:06:31.828+0000] {logging_mixin.py:188} INFO - [2025-12-31T12:06:31.828+0000] {dag.py:3823} INFO - Setting next_dagrun for ml_models to 2025-12-30 00:00:00+00:00, run_after=2025-12-31 00:00:00+00:00
[2025-12-31T12:06:31.891+0000] {processor.py:183} INFO - Processing /opt/airflow/dags/ml_models.py took 0.262 seconds
[2025-12-31T12:07:02.012+0000] {processor.py:161} INFO - Started process (PID=15225) to work on /opt/airflow/dags/ml_models.py
[2025-12-31T12:07:02.017+0000] {processor.py:830} INFO - Processing file /opt/airflow/dags/ml_models.py for tasks to queue
[2025-12-31T12:07:02.020+0000] {logging_mixin.py:188} INFO - [2025-12-31T12:07:02.019+0000] {dagbag.py:538} INFO - Filling up the DagBag from /opt/airflow/dags/ml_models.py
[2025-12-31T12:07:02.107+0000] {processor.py:840} INFO - DAG(s) 'ml_models' retrieved from /opt/airflow/dags/ml_models.py
[2025-12-31T12:07:02.166+0000] {logging_mixin.py:188} INFO - [2025-12-31T12:07:02.165+0000] {dag.py:3036} INFO - Sync 1 DAGs
[2025-12-31T12:07:02.228+0000] {logging_mixin.py:188} INFO - [2025-12-31T12:07:02.228+0000] {dag.py:3823} INFO - Setting next_dagrun for ml_models to 2025-12-30 00:00:00+00:00, run_after=2025-12-31 00:00:00+00:00
[2025-12-31T12:07:02.269+0000] {processor.py:183} INFO - Processing /opt/airflow/dags/ml_models.py took 0.268 seconds
[2025-12-31T12:07:33.204+0000] {processor.py:161} INFO - Started process (PID=15245) to work on /opt/airflow/dags/ml_models.py
[2025-12-31T12:07:33.207+0000] {processor.py:830} INFO - Processing file /opt/airflow/dags/ml_models.py for tasks to queue
[2025-12-31T12:07:33.210+0000] {logging_mixin.py:188} INFO - [2025-12-31T12:07:33.209+0000] {dagbag.py:538} INFO - Filling up the DagBag from /opt/airflow/dags/ml_models.py
[2025-12-31T12:07:33.255+0000] {processor.py:840} INFO - DAG(s) 'ml_models' retrieved from /opt/airflow/dags/ml_models.py
[2025-12-31T12:07:33.302+0000] {logging_mixin.py:188} INFO - [2025-12-31T12:07:33.301+0000] {dag.py:3036} INFO - Sync 1 DAGs
[2025-12-31T12:07:33.352+0000] {logging_mixin.py:188} INFO - [2025-12-31T12:07:33.352+0000] {dag.py:3823} INFO - Setting next_dagrun for ml_models to 2025-12-30 00:00:00+00:00, run_after=2025-12-31 00:00:00+00:00
[2025-12-31T12:07:33.433+0000] {processor.py:183} INFO - Processing /opt/airflow/dags/ml_models.py took 0.242 seconds
[2025-12-31T12:08:04.206+0000] {processor.py:161} INFO - Started process (PID=15265) to work on /opt/airflow/dags/ml_models.py
[2025-12-31T12:08:04.217+0000] {processor.py:830} INFO - Processing file /opt/airflow/dags/ml_models.py for tasks to queue
[2025-12-31T12:08:04.220+0000] {logging_mixin.py:188} INFO - [2025-12-31T12:08:04.219+0000] {dagbag.py:538} INFO - Filling up the DagBag from /opt/airflow/dags/ml_models.py
[2025-12-31T12:08:04.260+0000] {processor.py:840} INFO - DAG(s) 'ml_models' retrieved from /opt/airflow/dags/ml_models.py
[2025-12-31T12:08:04.301+0000] {logging_mixin.py:188} INFO - [2025-12-31T12:08:04.301+0000] {dag.py:3036} INFO - Sync 1 DAGs
[2025-12-31T12:08:04.335+0000] {logging_mixin.py:188} INFO - [2025-12-31T12:08:04.335+0000] {dag.py:3823} INFO - Setting next_dagrun for ml_models to 2025-12-30 00:00:00+00:00, run_after=2025-12-31 00:00:00+00:00
[2025-12-31T12:08:04.373+0000] {processor.py:183} INFO - Processing /opt/airflow/dags/ml_models.py took 0.194 seconds
[2025-12-31T12:08:35.156+0000] {processor.py:161} INFO - Started process (PID=15285) to work on /opt/airflow/dags/ml_models.py
[2025-12-31T12:08:35.158+0000] {processor.py:830} INFO - Processing file /opt/airflow/dags/ml_models.py for tasks to queue
[2025-12-31T12:08:35.161+0000] {logging_mixin.py:188} INFO - [2025-12-31T12:08:35.160+0000] {dagbag.py:538} INFO - Filling up the DagBag from /opt/airflow/dags/ml_models.py
[2025-12-31T12:08:35.207+0000] {processor.py:840} INFO - DAG(s) 'ml_models' retrieved from /opt/airflow/dags/ml_models.py
[2025-12-31T12:08:35.258+0000] {logging_mixin.py:188} INFO - [2025-12-31T12:08:35.257+0000] {dag.py:3036} INFO - Sync 1 DAGs
[2025-12-31T12:08:35.298+0000] {logging_mixin.py:188} INFO - [2025-12-31T12:08:35.297+0000] {dag.py:3823} INFO - Setting next_dagrun for ml_models to 2025-12-30 00:00:00+00:00, run_after=2025-12-31 00:00:00+00:00
[2025-12-31T12:08:35.380+0000] {processor.py:183} INFO - Processing /opt/airflow/dags/ml_models.py took 0.232 seconds
[2025-12-31T12:09:06.112+0000] {processor.py:161} INFO - Started process (PID=15305) to work on /opt/airflow/dags/ml_models.py
[2025-12-31T12:09:06.114+0000] {processor.py:830} INFO - Processing file /opt/airflow/dags/ml_models.py for tasks to queue
[2025-12-31T12:09:06.116+0000] {logging_mixin.py:188} INFO - [2025-12-31T12:09:06.115+0000] {dagbag.py:538} INFO - Filling up the DagBag from /opt/airflow/dags/ml_models.py
[2025-12-31T12:09:06.189+0000] {processor.py:840} INFO - DAG(s) 'ml_models' retrieved from /opt/airflow/dags/ml_models.py
[2025-12-31T12:09:06.235+0000] {logging_mixin.py:188} INFO - [2025-12-31T12:09:06.235+0000] {dag.py:3036} INFO - Sync 1 DAGs
[2025-12-31T12:09:06.280+0000] {logging_mixin.py:188} INFO - [2025-12-31T12:09:06.280+0000] {dag.py:3823} INFO - Setting next_dagrun for ml_models to 2025-12-30 00:00:00+00:00, run_after=2025-12-31 00:00:00+00:00
[2025-12-31T12:09:06.315+0000] {processor.py:183} INFO - Processing /opt/airflow/dags/ml_models.py took 0.210 seconds
[2025-12-31T12:09:37.015+0000] {processor.py:161} INFO - Started process (PID=15325) to work on /opt/airflow/dags/ml_models.py
[2025-12-31T12:09:37.018+0000] {processor.py:830} INFO - Processing file /opt/airflow/dags/ml_models.py for tasks to queue
[2025-12-31T12:09:37.020+0000] {logging_mixin.py:188} INFO - [2025-12-31T12:09:37.019+0000] {dagbag.py:538} INFO - Filling up the DagBag from /opt/airflow/dags/ml_models.py
[2025-12-31T12:09:37.060+0000] {processor.py:840} INFO - DAG(s) 'ml_models' retrieved from /opt/airflow/dags/ml_models.py
[2025-12-31T12:09:37.106+0000] {logging_mixin.py:188} INFO - [2025-12-31T12:09:37.106+0000] {dag.py:3036} INFO - Sync 1 DAGs
[2025-12-31T12:09:37.158+0000] {logging_mixin.py:188} INFO - [2025-12-31T12:09:37.158+0000] {dag.py:3823} INFO - Setting next_dagrun for ml_models to 2025-12-30 00:00:00+00:00, run_after=2025-12-31 00:00:00+00:00
[2025-12-31T12:09:37.230+0000] {processor.py:183} INFO - Processing /opt/airflow/dags/ml_models.py took 0.223 seconds
[2025-12-31T12:10:08.015+0000] {processor.py:161} INFO - Started process (PID=15345) to work on /opt/airflow/dags/ml_models.py
[2025-12-31T12:10:08.018+0000] {processor.py:830} INFO - Processing file /opt/airflow/dags/ml_models.py for tasks to queue
[2025-12-31T12:10:08.020+0000] {logging_mixin.py:188} INFO - [2025-12-31T12:10:08.019+0000] {dagbag.py:538} INFO - Filling up the DagBag from /opt/airflow/dags/ml_models.py
[2025-12-31T12:10:08.095+0000] {processor.py:840} INFO - DAG(s) 'ml_models' retrieved from /opt/airflow/dags/ml_models.py
[2025-12-31T12:10:08.165+0000] {logging_mixin.py:188} INFO - [2025-12-31T12:10:08.165+0000] {dag.py:3036} INFO - Sync 1 DAGs
[2025-12-31T12:10:08.208+0000] {logging_mixin.py:188} INFO - [2025-12-31T12:10:08.207+0000] {dag.py:3823} INFO - Setting next_dagrun for ml_models to 2025-12-30 00:00:00+00:00, run_after=2025-12-31 00:00:00+00:00
[2025-12-31T12:10:08.243+0000] {processor.py:183} INFO - Processing /opt/airflow/dags/ml_models.py took 0.235 seconds
[2025-12-31T12:10:39.044+0000] {processor.py:161} INFO - Started process (PID=15365) to work on /opt/airflow/dags/ml_models.py
[2025-12-31T12:10:39.047+0000] {processor.py:830} INFO - Processing file /opt/airflow/dags/ml_models.py for tasks to queue
[2025-12-31T12:10:39.049+0000] {logging_mixin.py:188} INFO - [2025-12-31T12:10:39.049+0000] {dagbag.py:538} INFO - Filling up the DagBag from /opt/airflow/dags/ml_models.py
[2025-12-31T12:10:39.094+0000] {processor.py:840} INFO - DAG(s) 'ml_models' retrieved from /opt/airflow/dags/ml_models.py
[2025-12-31T12:10:39.143+0000] {logging_mixin.py:188} INFO - [2025-12-31T12:10:39.142+0000] {dag.py:3036} INFO - Sync 1 DAGs
[2025-12-31T12:10:39.202+0000] {logging_mixin.py:188} INFO - [2025-12-31T12:10:39.201+0000] {dag.py:3823} INFO - Setting next_dagrun for ml_models to 2025-12-30 00:00:00+00:00, run_after=2025-12-31 00:00:00+00:00
[2025-12-31T12:10:39.265+0000] {processor.py:183} INFO - Processing /opt/airflow/dags/ml_models.py took 0.231 seconds
[2025-12-31T12:11:10.175+0000] {processor.py:161} INFO - Started process (PID=15385) to work on /opt/airflow/dags/ml_models.py
[2025-12-31T12:11:10.177+0000] {processor.py:830} INFO - Processing file /opt/airflow/dags/ml_models.py for tasks to queue
[2025-12-31T12:11:10.179+0000] {logging_mixin.py:188} INFO - [2025-12-31T12:11:10.179+0000] {dagbag.py:538} INFO - Filling up the DagBag from /opt/airflow/dags/ml_models.py
[2025-12-31T12:11:10.259+0000] {processor.py:840} INFO - DAG(s) 'ml_models' retrieved from /opt/airflow/dags/ml_models.py
[2025-12-31T12:11:10.327+0000] {logging_mixin.py:188} INFO - [2025-12-31T12:11:10.327+0000] {dag.py:3036} INFO - Sync 1 DAGs
[2025-12-31T12:11:10.373+0000] {logging_mixin.py:188} INFO - [2025-12-31T12:11:10.372+0000] {dag.py:3823} INFO - Setting next_dagrun for ml_models to 2025-12-30 00:00:00+00:00, run_after=2025-12-31 00:00:00+00:00
[2025-12-31T12:11:10.411+0000] {processor.py:183} INFO - Processing /opt/airflow/dags/ml_models.py took 0.244 seconds
[2025-12-31T12:11:41.173+0000] {processor.py:161} INFO - Started process (PID=15405) to work on /opt/airflow/dags/ml_models.py
[2025-12-31T12:11:41.175+0000] {processor.py:830} INFO - Processing file /opt/airflow/dags/ml_models.py for tasks to queue
[2025-12-31T12:11:41.177+0000] {logging_mixin.py:188} INFO - [2025-12-31T12:11:41.177+0000] {dagbag.py:538} INFO - Filling up the DagBag from /opt/airflow/dags/ml_models.py
[2025-12-31T12:11:41.213+0000] {processor.py:840} INFO - DAG(s) 'ml_models' retrieved from /opt/airflow/dags/ml_models.py
[2025-12-31T12:11:41.260+0000] {logging_mixin.py:188} INFO - [2025-12-31T12:11:41.259+0000] {dag.py:3036} INFO - Sync 1 DAGs
[2025-12-31T12:11:41.322+0000] {logging_mixin.py:188} INFO - [2025-12-31T12:11:41.322+0000] {dag.py:3823} INFO - Setting next_dagrun for ml_models to 2025-12-30 00:00:00+00:00, run_after=2025-12-31 00:00:00+00:00
[2025-12-31T12:11:41.398+0000] {processor.py:183} INFO - Processing /opt/airflow/dags/ml_models.py took 0.233 seconds
[2025-12-31T12:12:12.294+0000] {processor.py:161} INFO - Started process (PID=15425) to work on /opt/airflow/dags/ml_models.py
[2025-12-31T12:12:12.296+0000] {processor.py:830} INFO - Processing file /opt/airflow/dags/ml_models.py for tasks to queue
[2025-12-31T12:12:12.298+0000] {logging_mixin.py:188} INFO - [2025-12-31T12:12:12.298+0000] {dagbag.py:538} INFO - Filling up the DagBag from /opt/airflow/dags/ml_models.py
[2025-12-31T12:12:12.343+0000] {processor.py:840} INFO - DAG(s) 'ml_models' retrieved from /opt/airflow/dags/ml_models.py
[2025-12-31T12:12:12.422+0000] {logging_mixin.py:188} INFO - [2025-12-31T12:12:12.421+0000] {dag.py:3036} INFO - Sync 1 DAGs
[2025-12-31T12:12:12.471+0000] {logging_mixin.py:188} INFO - [2025-12-31T12:12:12.470+0000] {dag.py:3823} INFO - Setting next_dagrun for ml_models to 2025-12-30 00:00:00+00:00, run_after=2025-12-31 00:00:00+00:00
[2025-12-31T12:12:12.516+0000] {processor.py:183} INFO - Processing /opt/airflow/dags/ml_models.py took 0.229 seconds
[2025-12-31T12:12:43.374+0000] {processor.py:161} INFO - Started process (PID=15445) to work on /opt/airflow/dags/ml_models.py
[2025-12-31T12:12:43.376+0000] {processor.py:830} INFO - Processing file /opt/airflow/dags/ml_models.py for tasks to queue
[2025-12-31T12:12:43.378+0000] {logging_mixin.py:188} INFO - [2025-12-31T12:12:43.377+0000] {dagbag.py:538} INFO - Filling up the DagBag from /opt/airflow/dags/ml_models.py
[2025-12-31T12:12:43.423+0000] {processor.py:840} INFO - DAG(s) 'ml_models' retrieved from /opt/airflow/dags/ml_models.py
[2025-12-31T12:12:43.474+0000] {logging_mixin.py:188} INFO - [2025-12-31T12:12:43.474+0000] {dag.py:3036} INFO - Sync 1 DAGs
[2025-12-31T12:12:43.518+0000] {logging_mixin.py:188} INFO - [2025-12-31T12:12:43.518+0000] {dag.py:3823} INFO - Setting next_dagrun for ml_models to 2025-12-30 00:00:00+00:00, run_after=2025-12-31 00:00:00+00:00
[2025-12-31T12:12:43.560+0000] {processor.py:183} INFO - Processing /opt/airflow/dags/ml_models.py took 0.193 seconds
[2025-12-31T12:13:14.428+0000] {processor.py:161} INFO - Started process (PID=15465) to work on /opt/airflow/dags/ml_models.py
[2025-12-31T12:13:14.431+0000] {processor.py:830} INFO - Processing file /opt/airflow/dags/ml_models.py for tasks to queue
[2025-12-31T12:13:14.433+0000] {logging_mixin.py:188} INFO - [2025-12-31T12:13:14.432+0000] {dagbag.py:538} INFO - Filling up the DagBag from /opt/airflow/dags/ml_models.py
[2025-12-31T12:13:14.512+0000] {processor.py:840} INFO - DAG(s) 'ml_models' retrieved from /opt/airflow/dags/ml_models.py
[2025-12-31T12:13:14.584+0000] {logging_mixin.py:188} INFO - [2025-12-31T12:13:14.583+0000] {dag.py:3036} INFO - Sync 1 DAGs
[2025-12-31T12:13:14.636+0000] {logging_mixin.py:188} INFO - [2025-12-31T12:13:14.636+0000] {dag.py:3823} INFO - Setting next_dagrun for ml_models to 2025-12-30 00:00:00+00:00, run_after=2025-12-31 00:00:00+00:00
[2025-12-31T12:13:14.681+0000] {processor.py:183} INFO - Processing /opt/airflow/dags/ml_models.py took 0.262 seconds
[2025-12-31T12:13:45.539+0000] {processor.py:161} INFO - Started process (PID=15485) to work on /opt/airflow/dags/ml_models.py
[2025-12-31T12:13:45.542+0000] {processor.py:830} INFO - Processing file /opt/airflow/dags/ml_models.py for tasks to queue
[2025-12-31T12:13:45.544+0000] {logging_mixin.py:188} INFO - [2025-12-31T12:13:45.543+0000] {dagbag.py:538} INFO - Filling up the DagBag from /opt/airflow/dags/ml_models.py
[2025-12-31T12:13:45.595+0000] {processor.py:840} INFO - DAG(s) 'ml_models' retrieved from /opt/airflow/dags/ml_models.py
[2025-12-31T12:13:45.653+0000] {logging_mixin.py:188} INFO - [2025-12-31T12:13:45.653+0000] {dag.py:3036} INFO - Sync 1 DAGs
[2025-12-31T12:13:45.693+0000] {logging_mixin.py:188} INFO - [2025-12-31T12:13:45.692+0000] {dag.py:3823} INFO - Setting next_dagrun for ml_models to 2025-12-30 00:00:00+00:00, run_after=2025-12-31 00:00:00+00:00
[2025-12-31T12:13:45.730+0000] {processor.py:183} INFO - Processing /opt/airflow/dags/ml_models.py took 0.201 seconds
[2025-12-31T12:14:16.514+0000] {processor.py:161} INFO - Started process (PID=15505) to work on /opt/airflow/dags/ml_models.py
[2025-12-31T12:14:16.516+0000] {processor.py:830} INFO - Processing file /opt/airflow/dags/ml_models.py for tasks to queue
[2025-12-31T12:14:16.518+0000] {logging_mixin.py:188} INFO - [2025-12-31T12:14:16.518+0000] {dagbag.py:538} INFO - Filling up the DagBag from /opt/airflow/dags/ml_models.py
[2025-12-31T12:14:16.556+0000] {processor.py:840} INFO - DAG(s) 'ml_models' retrieved from /opt/airflow/dags/ml_models.py
[2025-12-31T12:14:16.600+0000] {logging_mixin.py:188} INFO - [2025-12-31T12:14:16.599+0000] {dag.py:3036} INFO - Sync 1 DAGs
[2025-12-31T12:14:16.640+0000] {logging_mixin.py:188} INFO - [2025-12-31T12:14:16.640+0000] {dag.py:3823} INFO - Setting next_dagrun for ml_models to 2025-12-30 00:00:00+00:00, run_after=2025-12-31 00:00:00+00:00
[2025-12-31T12:14:16.709+0000] {processor.py:183} INFO - Processing /opt/airflow/dags/ml_models.py took 0.201 seconds
[2025-12-31T12:14:47.430+0000] {processor.py:161} INFO - Started process (PID=15525) to work on /opt/airflow/dags/ml_models.py
[2025-12-31T12:14:47.432+0000] {processor.py:830} INFO - Processing file /opt/airflow/dags/ml_models.py for tasks to queue
[2025-12-31T12:14:47.436+0000] {logging_mixin.py:188} INFO - [2025-12-31T12:14:47.435+0000] {dagbag.py:538} INFO - Filling up the DagBag from /opt/airflow/dags/ml_models.py
[2025-12-31T12:14:47.478+0000] {processor.py:840} INFO - DAG(s) 'ml_models' retrieved from /opt/airflow/dags/ml_models.py
[2025-12-31T12:14:47.540+0000] {logging_mixin.py:188} INFO - [2025-12-31T12:14:47.539+0000] {dag.py:3036} INFO - Sync 1 DAGs
[2025-12-31T12:14:47.591+0000] {logging_mixin.py:188} INFO - [2025-12-31T12:14:47.590+0000] {dag.py:3823} INFO - Setting next_dagrun for ml_models to 2025-12-30 00:00:00+00:00, run_after=2025-12-31 00:00:00+00:00
[2025-12-31T12:14:47.624+0000] {processor.py:183} INFO - Processing /opt/airflow/dags/ml_models.py took 0.203 seconds
[2025-12-31T12:15:18.539+0000] {processor.py:161} INFO - Started process (PID=15545) to work on /opt/airflow/dags/ml_models.py
[2025-12-31T12:15:18.542+0000] {processor.py:830} INFO - Processing file /opt/airflow/dags/ml_models.py for tasks to queue
[2025-12-31T12:15:18.544+0000] {logging_mixin.py:188} INFO - [2025-12-31T12:15:18.543+0000] {dagbag.py:538} INFO - Filling up the DagBag from /opt/airflow/dags/ml_models.py
[2025-12-31T12:15:18.584+0000] {processor.py:840} INFO - DAG(s) 'ml_models' retrieved from /opt/airflow/dags/ml_models.py
[2025-12-31T12:15:18.634+0000] {logging_mixin.py:188} INFO - [2025-12-31T12:15:18.633+0000] {dag.py:3036} INFO - Sync 1 DAGs
[2025-12-31T12:15:18.692+0000] {logging_mixin.py:188} INFO - [2025-12-31T12:15:18.691+0000] {dag.py:3823} INFO - Setting next_dagrun for ml_models to 2025-12-30 00:00:00+00:00, run_after=2025-12-31 00:00:00+00:00
[2025-12-31T12:15:18.739+0000] {processor.py:183} INFO - Processing /opt/airflow/dags/ml_models.py took 0.208 seconds
[2025-12-31T12:15:49.633+0000] {processor.py:161} INFO - Started process (PID=15565) to work on /opt/airflow/dags/ml_models.py
[2025-12-31T12:15:49.635+0000] {processor.py:830} INFO - Processing file /opt/airflow/dags/ml_models.py for tasks to queue
[2025-12-31T12:15:49.637+0000] {logging_mixin.py:188} INFO - [2025-12-31T12:15:49.636+0000] {dagbag.py:538} INFO - Filling up the DagBag from /opt/airflow/dags/ml_models.py
[2025-12-31T12:15:49.711+0000] {processor.py:840} INFO - DAG(s) 'ml_models' retrieved from /opt/airflow/dags/ml_models.py
[2025-12-31T12:15:49.760+0000] {logging_mixin.py:188} INFO - [2025-12-31T12:15:49.760+0000] {dag.py:3036} INFO - Sync 1 DAGs
[2025-12-31T12:15:49.799+0000] {logging_mixin.py:188} INFO - [2025-12-31T12:15:49.798+0000] {dag.py:3823} INFO - Setting next_dagrun for ml_models to 2025-12-30 00:00:00+00:00, run_after=2025-12-31 00:00:00+00:00
[2025-12-31T12:15:49.833+0000] {processor.py:183} INFO - Processing /opt/airflow/dags/ml_models.py took 0.207 seconds
[2025-12-31T12:16:20.604+0000] {processor.py:161} INFO - Started process (PID=15585) to work on /opt/airflow/dags/ml_models.py
[2025-12-31T12:16:20.607+0000] {processor.py:830} INFO - Processing file /opt/airflow/dags/ml_models.py for tasks to queue
[2025-12-31T12:16:20.609+0000] {logging_mixin.py:188} INFO - [2025-12-31T12:16:20.608+0000] {dagbag.py:538} INFO - Filling up the DagBag from /opt/airflow/dags/ml_models.py
[2025-12-31T12:16:20.647+0000] {processor.py:840} INFO - DAG(s) 'ml_models' retrieved from /opt/airflow/dags/ml_models.py
[2025-12-31T12:16:20.705+0000] {logging_mixin.py:188} INFO - [2025-12-31T12:16:20.705+0000] {dag.py:3036} INFO - Sync 1 DAGs
[2025-12-31T12:16:20.746+0000] {logging_mixin.py:188} INFO - [2025-12-31T12:16:20.746+0000] {dag.py:3823} INFO - Setting next_dagrun for ml_models to 2025-12-30 00:00:00+00:00, run_after=2025-12-31 00:00:00+00:00
[2025-12-31T12:16:20.820+0000] {processor.py:183} INFO - Processing /opt/airflow/dags/ml_models.py took 0.225 seconds
[2025-12-31T12:16:51.731+0000] {processor.py:161} INFO - Started process (PID=15605) to work on /opt/airflow/dags/ml_models.py
[2025-12-31T12:16:51.733+0000] {processor.py:830} INFO - Processing file /opt/airflow/dags/ml_models.py for tasks to queue
[2025-12-31T12:16:51.734+0000] {logging_mixin.py:188} INFO - [2025-12-31T12:16:51.734+0000] {dagbag.py:538} INFO - Filling up the DagBag from /opt/airflow/dags/ml_models.py
[2025-12-31T12:16:51.817+0000] {processor.py:840} INFO - DAG(s) 'ml_models' retrieved from /opt/airflow/dags/ml_models.py
[2025-12-31T12:16:51.864+0000] {logging_mixin.py:188} INFO - [2025-12-31T12:16:51.864+0000] {dag.py:3036} INFO - Sync 1 DAGs
[2025-12-31T12:16:51.904+0000] {logging_mixin.py:188} INFO - [2025-12-31T12:16:51.903+0000] {dag.py:3823} INFO - Setting next_dagrun for ml_models to 2025-12-30 00:00:00+00:00, run_after=2025-12-31 00:00:00+00:00
[2025-12-31T12:16:51.947+0000] {processor.py:183} INFO - Processing /opt/airflow/dags/ml_models.py took 0.223 seconds
[2025-12-31T12:17:22.739+0000] {processor.py:161} INFO - Started process (PID=15625) to work on /opt/airflow/dags/ml_models.py
[2025-12-31T12:17:22.746+0000] {processor.py:830} INFO - Processing file /opt/airflow/dags/ml_models.py for tasks to queue
[2025-12-31T12:17:22.751+0000] {logging_mixin.py:188} INFO - [2025-12-31T12:17:22.750+0000] {dagbag.py:538} INFO - Filling up the DagBag from /opt/airflow/dags/ml_models.py
[2025-12-31T12:17:22.799+0000] {processor.py:840} INFO - DAG(s) 'ml_models' retrieved from /opt/airflow/dags/ml_models.py
[2025-12-31T12:17:22.846+0000] {logging_mixin.py:188} INFO - [2025-12-31T12:17:22.846+0000] {dag.py:3036} INFO - Sync 1 DAGs
[2025-12-31T12:17:22.888+0000] {logging_mixin.py:188} INFO - [2025-12-31T12:17:22.887+0000] {dag.py:3823} INFO - Setting next_dagrun for ml_models to 2025-12-30 00:00:00+00:00, run_after=2025-12-31 00:00:00+00:00
[2025-12-31T12:17:22.934+0000] {processor.py:183} INFO - Processing /opt/airflow/dags/ml_models.py took 0.211 seconds
[2025-12-31T12:17:53.789+0000] {processor.py:161} INFO - Started process (PID=15645) to work on /opt/airflow/dags/ml_models.py
[2025-12-31T12:17:53.792+0000] {processor.py:830} INFO - Processing file /opt/airflow/dags/ml_models.py for tasks to queue
[2025-12-31T12:17:53.794+0000] {logging_mixin.py:188} INFO - [2025-12-31T12:17:53.793+0000] {dagbag.py:538} INFO - Filling up the DagBag from /opt/airflow/dags/ml_models.py
[2025-12-31T12:17:53.900+0000] {processor.py:840} INFO - DAG(s) 'ml_models' retrieved from /opt/airflow/dags/ml_models.py
[2025-12-31T12:17:53.959+0000] {logging_mixin.py:188} INFO - [2025-12-31T12:17:53.958+0000] {dag.py:3036} INFO - Sync 1 DAGs
[2025-12-31T12:17:54.024+0000] {logging_mixin.py:188} INFO - [2025-12-31T12:17:54.024+0000] {dag.py:3823} INFO - Setting next_dagrun for ml_models to 2025-12-30 00:00:00+00:00, run_after=2025-12-31 00:00:00+00:00
[2025-12-31T12:17:54.069+0000] {processor.py:183} INFO - Processing /opt/airflow/dags/ml_models.py took 0.286 seconds
[2025-12-31T12:18:24.991+0000] {processor.py:161} INFO - Started process (PID=15665) to work on /opt/airflow/dags/ml_models.py
[2025-12-31T12:18:24.993+0000] {processor.py:830} INFO - Processing file /opt/airflow/dags/ml_models.py for tasks to queue
[2025-12-31T12:18:24.996+0000] {logging_mixin.py:188} INFO - [2025-12-31T12:18:24.995+0000] {dagbag.py:538} INFO - Filling up the DagBag from /opt/airflow/dags/ml_models.py
[2025-12-31T12:18:25.054+0000] {processor.py:840} INFO - DAG(s) 'ml_models' retrieved from /opt/airflow/dags/ml_models.py
[2025-12-31T12:18:25.110+0000] {logging_mixin.py:188} INFO - [2025-12-31T12:18:25.109+0000] {dag.py:3036} INFO - Sync 1 DAGs
[2025-12-31T12:18:25.160+0000] {logging_mixin.py:188} INFO - [2025-12-31T12:18:25.159+0000] {dag.py:3823} INFO - Setting next_dagrun for ml_models to 2025-12-30 00:00:00+00:00, run_after=2025-12-31 00:00:00+00:00
[2025-12-31T12:18:25.196+0000] {processor.py:183} INFO - Processing /opt/airflow/dags/ml_models.py took 0.211 seconds
[2025-12-31T12:18:56.055+0000] {processor.py:161} INFO - Started process (PID=15685) to work on /opt/airflow/dags/ml_models.py
[2025-12-31T12:18:56.058+0000] {processor.py:830} INFO - Processing file /opt/airflow/dags/ml_models.py for tasks to queue
[2025-12-31T12:18:56.060+0000] {logging_mixin.py:188} INFO - [2025-12-31T12:18:56.059+0000] {dagbag.py:538} INFO - Filling up the DagBag from /opt/airflow/dags/ml_models.py
[2025-12-31T12:18:56.146+0000] {processor.py:840} INFO - DAG(s) 'ml_models' retrieved from /opt/airflow/dags/ml_models.py
[2025-12-31T12:18:56.201+0000] {logging_mixin.py:188} INFO - [2025-12-31T12:18:56.201+0000] {dag.py:3036} INFO - Sync 1 DAGs
[2025-12-31T12:18:56.246+0000] {logging_mixin.py:188} INFO - [2025-12-31T12:18:56.245+0000] {dag.py:3823} INFO - Setting next_dagrun for ml_models to 2025-12-30 00:00:00+00:00, run_after=2025-12-31 00:00:00+00:00
[2025-12-31T12:18:56.283+0000] {processor.py:183} INFO - Processing /opt/airflow/dags/ml_models.py took 0.236 seconds
[2025-12-31T12:19:27.062+0000] {processor.py:161} INFO - Started process (PID=15705) to work on /opt/airflow/dags/ml_models.py
[2025-12-31T12:19:27.064+0000] {processor.py:830} INFO - Processing file /opt/airflow/dags/ml_models.py for tasks to queue
[2025-12-31T12:19:27.065+0000] {logging_mixin.py:188} INFO - [2025-12-31T12:19:27.065+0000] {dagbag.py:538} INFO - Filling up the DagBag from /opt/airflow/dags/ml_models.py
[2025-12-31T12:19:27.102+0000] {processor.py:840} INFO - DAG(s) 'ml_models' retrieved from /opt/airflow/dags/ml_models.py
[2025-12-31T12:19:27.165+0000] {logging_mixin.py:188} INFO - [2025-12-31T12:19:27.164+0000] {dag.py:3036} INFO - Sync 1 DAGs
[2025-12-31T12:19:27.211+0000] {logging_mixin.py:188} INFO - [2025-12-31T12:19:27.211+0000] {dag.py:3823} INFO - Setting next_dagrun for ml_models to 2025-12-30 00:00:00+00:00, run_after=2025-12-31 00:00:00+00:00
[2025-12-31T12:19:27.270+0000] {processor.py:183} INFO - Processing /opt/airflow/dags/ml_models.py took 0.217 seconds
[2025-12-31T12:19:58.076+0000] {processor.py:161} INFO - Started process (PID=15725) to work on /opt/airflow/dags/ml_models.py
[2025-12-31T12:19:58.079+0000] {processor.py:830} INFO - Processing file /opt/airflow/dags/ml_models.py for tasks to queue
[2025-12-31T12:19:58.081+0000] {logging_mixin.py:188} INFO - [2025-12-31T12:19:58.080+0000] {dagbag.py:538} INFO - Filling up the DagBag from /opt/airflow/dags/ml_models.py
[2025-12-31T12:19:58.160+0000] {processor.py:840} INFO - DAG(s) 'ml_models' retrieved from /opt/airflow/dags/ml_models.py
[2025-12-31T12:19:58.220+0000] {logging_mixin.py:188} INFO - [2025-12-31T12:19:58.220+0000] {dag.py:3036} INFO - Sync 1 DAGs
[2025-12-31T12:19:58.261+0000] {logging_mixin.py:188} INFO - [2025-12-31T12:19:58.261+0000] {dag.py:3823} INFO - Setting next_dagrun for ml_models to 2025-12-30 00:00:00+00:00, run_after=2025-12-31 00:00:00+00:00
[2025-12-31T12:19:58.297+0000] {processor.py:183} INFO - Processing /opt/airflow/dags/ml_models.py took 0.235 seconds
[2025-12-31T12:20:29.089+0000] {processor.py:161} INFO - Started process (PID=15745) to work on /opt/airflow/dags/ml_models.py
[2025-12-31T12:20:29.092+0000] {processor.py:830} INFO - Processing file /opt/airflow/dags/ml_models.py for tasks to queue
[2025-12-31T12:20:29.094+0000] {logging_mixin.py:188} INFO - [2025-12-31T12:20:29.093+0000] {dagbag.py:538} INFO - Filling up the DagBag from /opt/airflow/dags/ml_models.py
[2025-12-31T12:20:29.131+0000] {processor.py:840} INFO - DAG(s) 'ml_models' retrieved from /opt/airflow/dags/ml_models.py
[2025-12-31T12:20:29.186+0000] {logging_mixin.py:188} INFO - [2025-12-31T12:20:29.185+0000] {dag.py:3036} INFO - Sync 1 DAGs
[2025-12-31T12:20:29.251+0000] {logging_mixin.py:188} INFO - [2025-12-31T12:20:29.250+0000] {dag.py:3823} INFO - Setting next_dagrun for ml_models to 2025-12-30 00:00:00+00:00, run_after=2025-12-31 00:00:00+00:00
[2025-12-31T12:20:29.290+0000] {processor.py:183} INFO - Processing /opt/airflow/dags/ml_models.py took 0.211 seconds
[2025-12-31T12:21:00.204+0000] {processor.py:161} INFO - Started process (PID=15765) to work on /opt/airflow/dags/ml_models.py
[2025-12-31T12:21:00.206+0000] {processor.py:830} INFO - Processing file /opt/airflow/dags/ml_models.py for tasks to queue
[2025-12-31T12:21:00.208+0000] {logging_mixin.py:188} INFO - [2025-12-31T12:21:00.208+0000] {dagbag.py:538} INFO - Filling up the DagBag from /opt/airflow/dags/ml_models.py
[2025-12-31T12:21:00.250+0000] {processor.py:840} INFO - DAG(s) 'ml_models' retrieved from /opt/airflow/dags/ml_models.py
[2025-12-31T12:21:00.303+0000] {logging_mixin.py:188} INFO - [2025-12-31T12:21:00.303+0000] {dag.py:3036} INFO - Sync 1 DAGs
[2025-12-31T12:21:00.353+0000] {logging_mixin.py:188} INFO - [2025-12-31T12:21:00.352+0000] {dag.py:3823} INFO - Setting next_dagrun for ml_models to 2025-12-30 00:00:00+00:00, run_after=2025-12-31 00:00:00+00:00
[2025-12-31T12:21:00.395+0000] {processor.py:183} INFO - Processing /opt/airflow/dags/ml_models.py took 0.198 seconds
[2025-12-31T12:21:31.149+0000] {processor.py:161} INFO - Started process (PID=15785) to work on /opt/airflow/dags/ml_models.py
[2025-12-31T12:21:31.152+0000] {processor.py:830} INFO - Processing file /opt/airflow/dags/ml_models.py for tasks to queue
[2025-12-31T12:21:31.153+0000] {logging_mixin.py:188} INFO - [2025-12-31T12:21:31.153+0000] {dagbag.py:538} INFO - Filling up the DagBag from /opt/airflow/dags/ml_models.py
[2025-12-31T12:21:31.188+0000] {processor.py:840} INFO - DAG(s) 'ml_models' retrieved from /opt/airflow/dags/ml_models.py
[2025-12-31T12:21:31.228+0000] {logging_mixin.py:188} INFO - [2025-12-31T12:21:31.228+0000] {dag.py:3036} INFO - Sync 1 DAGs
[2025-12-31T12:21:31.266+0000] {logging_mixin.py:188} INFO - [2025-12-31T12:21:31.265+0000] {dag.py:3823} INFO - Setting next_dagrun for ml_models to 2025-12-30 00:00:00+00:00, run_after=2025-12-31 00:00:00+00:00
[2025-12-31T12:21:31.337+0000] {processor.py:183} INFO - Processing /opt/airflow/dags/ml_models.py took 0.194 seconds
[2025-12-31T12:22:02.227+0000] {processor.py:161} INFO - Started process (PID=15805) to work on /opt/airflow/dags/ml_models.py
[2025-12-31T12:22:02.233+0000] {processor.py:830} INFO - Processing file /opt/airflow/dags/ml_models.py for tasks to queue
[2025-12-31T12:22:02.243+0000] {logging_mixin.py:188} INFO - [2025-12-31T12:22:02.242+0000] {dagbag.py:538} INFO - Filling up the DagBag from /opt/airflow/dags/ml_models.py
[2025-12-31T12:22:02.286+0000] {processor.py:840} INFO - DAG(s) 'ml_models' retrieved from /opt/airflow/dags/ml_models.py
[2025-12-31T12:22:02.342+0000] {logging_mixin.py:188} INFO - [2025-12-31T12:22:02.341+0000] {dag.py:3036} INFO - Sync 1 DAGs
[2025-12-31T12:22:02.395+0000] {logging_mixin.py:188} INFO - [2025-12-31T12:22:02.393+0000] {dag.py:3823} INFO - Setting next_dagrun for ml_models to 2025-12-30 00:00:00+00:00, run_after=2025-12-31 00:00:00+00:00
[2025-12-31T12:22:02.441+0000] {processor.py:183} INFO - Processing /opt/airflow/dags/ml_models.py took 0.226 seconds
[2025-12-31T12:22:33.212+0000] {processor.py:161} INFO - Started process (PID=15825) to work on /opt/airflow/dags/ml_models.py
[2025-12-31T12:22:33.215+0000] {processor.py:830} INFO - Processing file /opt/airflow/dags/ml_models.py for tasks to queue
[2025-12-31T12:22:33.217+0000] {logging_mixin.py:188} INFO - [2025-12-31T12:22:33.217+0000] {dagbag.py:538} INFO - Filling up the DagBag from /opt/airflow/dags/ml_models.py
[2025-12-31T12:22:33.256+0000] {processor.py:840} INFO - DAG(s) 'ml_models' retrieved from /opt/airflow/dags/ml_models.py
[2025-12-31T12:22:33.305+0000] {logging_mixin.py:188} INFO - [2025-12-31T12:22:33.305+0000] {dag.py:3036} INFO - Sync 1 DAGs
[2025-12-31T12:22:33.355+0000] {logging_mixin.py:188} INFO - [2025-12-31T12:22:33.354+0000] {dag.py:3823} INFO - Setting next_dagrun for ml_models to 2025-12-30 00:00:00+00:00, run_after=2025-12-31 00:00:00+00:00
[2025-12-31T12:22:33.430+0000] {processor.py:183} INFO - Processing /opt/airflow/dags/ml_models.py took 0.227 seconds
[2025-12-31T12:23:04.279+0000] {processor.py:161} INFO - Started process (PID=15845) to work on /opt/airflow/dags/ml_models.py
[2025-12-31T12:23:04.283+0000] {processor.py:830} INFO - Processing file /opt/airflow/dags/ml_models.py for tasks to queue
[2025-12-31T12:23:04.286+0000] {logging_mixin.py:188} INFO - [2025-12-31T12:23:04.285+0000] {dagbag.py:538} INFO - Filling up the DagBag from /opt/airflow/dags/ml_models.py
[2025-12-31T12:23:04.364+0000] {processor.py:840} INFO - DAG(s) 'ml_models' retrieved from /opt/airflow/dags/ml_models.py
[2025-12-31T12:23:04.415+0000] {logging_mixin.py:188} INFO - [2025-12-31T12:23:04.415+0000] {dag.py:3036} INFO - Sync 1 DAGs
[2025-12-31T12:23:04.457+0000] {logging_mixin.py:188} INFO - [2025-12-31T12:23:04.457+0000] {dag.py:3823} INFO - Setting next_dagrun for ml_models to 2025-12-30 00:00:00+00:00, run_after=2025-12-31 00:00:00+00:00
[2025-12-31T12:23:04.497+0000] {processor.py:183} INFO - Processing /opt/airflow/dags/ml_models.py took 0.232 seconds
[2025-12-31T12:23:35.277+0000] {processor.py:161} INFO - Started process (PID=15865) to work on /opt/airflow/dags/ml_models.py
[2025-12-31T12:23:35.279+0000] {processor.py:830} INFO - Processing file /opt/airflow/dags/ml_models.py for tasks to queue
[2025-12-31T12:23:35.281+0000] {logging_mixin.py:188} INFO - [2025-12-31T12:23:35.281+0000] {dagbag.py:538} INFO - Filling up the DagBag from /opt/airflow/dags/ml_models.py
[2025-12-31T12:23:35.319+0000] {processor.py:840} INFO - DAG(s) 'ml_models' retrieved from /opt/airflow/dags/ml_models.py
[2025-12-31T12:23:35.375+0000] {logging_mixin.py:188} INFO - [2025-12-31T12:23:35.374+0000] {dag.py:3036} INFO - Sync 1 DAGs
[2025-12-31T12:23:35.423+0000] {logging_mixin.py:188} INFO - [2025-12-31T12:23:35.423+0000] {dag.py:3823} INFO - Setting next_dagrun for ml_models to 2025-12-30 00:00:00+00:00, run_after=2025-12-31 00:00:00+00:00
[2025-12-31T12:23:35.497+0000] {processor.py:183} INFO - Processing /opt/airflow/dags/ml_models.py took 0.226 seconds
[2025-12-31T12:24:06.406+0000] {processor.py:161} INFO - Started process (PID=15885) to work on /opt/airflow/dags/ml_models.py
[2025-12-31T12:24:06.408+0000] {processor.py:830} INFO - Processing file /opt/airflow/dags/ml_models.py for tasks to queue
[2025-12-31T12:24:06.411+0000] {logging_mixin.py:188} INFO - [2025-12-31T12:24:06.410+0000] {dagbag.py:538} INFO - Filling up the DagBag from /opt/airflow/dags/ml_models.py
[2025-12-31T12:24:06.489+0000] {processor.py:840} INFO - DAG(s) 'ml_models' retrieved from /opt/airflow/dags/ml_models.py
[2025-12-31T12:24:06.538+0000] {logging_mixin.py:188} INFO - [2025-12-31T12:24:06.537+0000] {dag.py:3036} INFO - Sync 1 DAGs
[2025-12-31T12:24:06.585+0000] {logging_mixin.py:188} INFO - [2025-12-31T12:24:06.584+0000] {dag.py:3823} INFO - Setting next_dagrun for ml_models to 2025-12-30 00:00:00+00:00, run_after=2025-12-31 00:00:00+00:00
[2025-12-31T12:24:06.624+0000] {processor.py:183} INFO - Processing /opt/airflow/dags/ml_models.py took 0.227 seconds
[2025-12-31T12:24:37.485+0000] {processor.py:161} INFO - Started process (PID=15905) to work on /opt/airflow/dags/ml_models.py
[2025-12-31T12:24:37.488+0000] {processor.py:830} INFO - Processing file /opt/airflow/dags/ml_models.py for tasks to queue
[2025-12-31T12:24:37.490+0000] {logging_mixin.py:188} INFO - [2025-12-31T12:24:37.489+0000] {dagbag.py:538} INFO - Filling up the DagBag from /opt/airflow/dags/ml_models.py
[2025-12-31T12:24:37.530+0000] {processor.py:840} INFO - DAG(s) 'ml_models' retrieved from /opt/airflow/dags/ml_models.py
[2025-12-31T12:24:37.595+0000] {logging_mixin.py:188} INFO - [2025-12-31T12:24:37.594+0000] {dag.py:3036} INFO - Sync 1 DAGs
[2025-12-31T12:24:37.676+0000] {logging_mixin.py:188} INFO - [2025-12-31T12:24:37.675+0000] {dag.py:3823} INFO - Setting next_dagrun for ml_models to 2025-12-30 00:00:00+00:00, run_after=2025-12-31 00:00:00+00:00
[2025-12-31T12:24:37.713+0000] {processor.py:183} INFO - Processing /opt/airflow/dags/ml_models.py took 0.235 seconds
[2025-12-31T12:25:08.619+0000] {processor.py:161} INFO - Started process (PID=15925) to work on /opt/airflow/dags/ml_models.py
[2025-12-31T12:25:08.621+0000] {processor.py:830} INFO - Processing file /opt/airflow/dags/ml_models.py for tasks to queue
[2025-12-31T12:25:08.623+0000] {logging_mixin.py:188} INFO - [2025-12-31T12:25:08.622+0000] {dagbag.py:538} INFO - Filling up the DagBag from /opt/airflow/dags/ml_models.py
[2025-12-31T12:25:08.697+0000] {processor.py:840} INFO - DAG(s) 'ml_models' retrieved from /opt/airflow/dags/ml_models.py
[2025-12-31T12:25:08.751+0000] {logging_mixin.py:188} INFO - [2025-12-31T12:25:08.751+0000] {dag.py:3036} INFO - Sync 1 DAGs
[2025-12-31T12:25:08.794+0000] {logging_mixin.py:188} INFO - [2025-12-31T12:25:08.794+0000] {dag.py:3823} INFO - Setting next_dagrun for ml_models to 2025-12-30 00:00:00+00:00, run_after=2025-12-31 00:00:00+00:00
[2025-12-31T12:25:08.831+0000] {processor.py:183} INFO - Processing /opt/airflow/dags/ml_models.py took 0.218 seconds
[2025-12-31T12:25:39.740+0000] {processor.py:161} INFO - Started process (PID=15945) to work on /opt/airflow/dags/ml_models.py
[2025-12-31T12:25:39.742+0000] {processor.py:830} INFO - Processing file /opt/airflow/dags/ml_models.py for tasks to queue
[2025-12-31T12:25:39.746+0000] {logging_mixin.py:188} INFO - [2025-12-31T12:25:39.744+0000] {dagbag.py:538} INFO - Filling up the DagBag from /opt/airflow/dags/ml_models.py
[2025-12-31T12:25:39.792+0000] {processor.py:840} INFO - DAG(s) 'ml_models' retrieved from /opt/airflow/dags/ml_models.py
[2025-12-31T12:25:39.863+0000] {logging_mixin.py:188} INFO - [2025-12-31T12:25:39.862+0000] {dag.py:3036} INFO - Sync 1 DAGs
[2025-12-31T12:25:39.920+0000] {logging_mixin.py:188} INFO - [2025-12-31T12:25:39.919+0000] {dag.py:3823} INFO - Setting next_dagrun for ml_models to 2025-12-30 00:00:00+00:00, run_after=2025-12-31 00:00:00+00:00
[2025-12-31T12:25:40.004+0000] {processor.py:183} INFO - Processing /opt/airflow/dags/ml_models.py took 0.271 seconds
[2025-12-31T12:26:10.828+0000] {processor.py:161} INFO - Started process (PID=15965) to work on /opt/airflow/dags/ml_models.py
[2025-12-31T12:26:10.829+0000] {processor.py:830} INFO - Processing file /opt/airflow/dags/ml_models.py for tasks to queue
[2025-12-31T12:26:10.831+0000] {logging_mixin.py:188} INFO - [2025-12-31T12:26:10.831+0000] {dagbag.py:538} INFO - Filling up the DagBag from /opt/airflow/dags/ml_models.py
[2025-12-31T12:26:10.876+0000] {processor.py:840} INFO - DAG(s) 'ml_models' retrieved from /opt/airflow/dags/ml_models.py
[2025-12-31T12:26:10.929+0000] {logging_mixin.py:188} INFO - [2025-12-31T12:26:10.928+0000] {dag.py:3036} INFO - Sync 1 DAGs
[2025-12-31T12:26:10.975+0000] {logging_mixin.py:188} INFO - [2025-12-31T12:26:10.974+0000] {dag.py:3823} INFO - Setting next_dagrun for ml_models to 2025-12-30 00:00:00+00:00, run_after=2025-12-31 00:00:00+00:00
[2025-12-31T12:26:11.011+0000] {processor.py:183} INFO - Processing /opt/airflow/dags/ml_models.py took 0.190 seconds
[2025-12-31T12:26:41.907+0000] {processor.py:161} INFO - Started process (PID=15985) to work on /opt/airflow/dags/ml_models.py
[2025-12-31T12:26:41.909+0000] {processor.py:830} INFO - Processing file /opt/airflow/dags/ml_models.py for tasks to queue
[2025-12-31T12:26:41.911+0000] {logging_mixin.py:188} INFO - [2025-12-31T12:26:41.910+0000] {dagbag.py:538} INFO - Filling up the DagBag from /opt/airflow/dags/ml_models.py
[2025-12-31T12:26:41.950+0000] {processor.py:840} INFO - DAG(s) 'ml_models' retrieved from /opt/airflow/dags/ml_models.py
[2025-12-31T12:26:42.018+0000] {logging_mixin.py:188} INFO - [2025-12-31T12:26:42.017+0000] {dag.py:3036} INFO - Sync 1 DAGs
[2025-12-31T12:26:42.067+0000] {logging_mixin.py:188} INFO - [2025-12-31T12:26:42.067+0000] {dag.py:3823} INFO - Setting next_dagrun for ml_models to 2025-12-30 00:00:00+00:00, run_after=2025-12-31 00:00:00+00:00
[2025-12-31T12:26:42.151+0000] {processor.py:183} INFO - Processing /opt/airflow/dags/ml_models.py took 0.251 seconds
[2025-12-31T12:27:13.077+0000] {processor.py:161} INFO - Started process (PID=16005) to work on /opt/airflow/dags/ml_models.py
[2025-12-31T12:27:13.079+0000] {processor.py:830} INFO - Processing file /opt/airflow/dags/ml_models.py for tasks to queue
[2025-12-31T12:27:13.081+0000] {logging_mixin.py:188} INFO - [2025-12-31T12:27:13.081+0000] {dagbag.py:538} INFO - Filling up the DagBag from /opt/airflow/dags/ml_models.py
[2025-12-31T12:27:13.130+0000] {processor.py:840} INFO - DAG(s) 'ml_models' retrieved from /opt/airflow/dags/ml_models.py
[2025-12-31T12:27:13.203+0000] {logging_mixin.py:188} INFO - [2025-12-31T12:27:13.202+0000] {dag.py:3036} INFO - Sync 1 DAGs
[2025-12-31T12:27:13.253+0000] {logging_mixin.py:188} INFO - [2025-12-31T12:27:13.253+0000] {dag.py:3823} INFO - Setting next_dagrun for ml_models to 2025-12-30 00:00:00+00:00, run_after=2025-12-31 00:00:00+00:00
[2025-12-31T12:27:13.288+0000] {processor.py:183} INFO - Processing /opt/airflow/dags/ml_models.py took 0.222 seconds
[2025-12-31T12:27:44.211+0000] {processor.py:161} INFO - Started process (PID=16025) to work on /opt/airflow/dags/ml_models.py
[2025-12-31T12:27:44.214+0000] {processor.py:830} INFO - Processing file /opt/airflow/dags/ml_models.py for tasks to queue
[2025-12-31T12:27:44.216+0000] {logging_mixin.py:188} INFO - [2025-12-31T12:27:44.216+0000] {dagbag.py:538} INFO - Filling up the DagBag from /opt/airflow/dags/ml_models.py
[2025-12-31T12:27:44.257+0000] {processor.py:840} INFO - DAG(s) 'ml_models' retrieved from /opt/airflow/dags/ml_models.py
[2025-12-31T12:27:44.308+0000] {logging_mixin.py:188} INFO - [2025-12-31T12:27:44.308+0000] {dag.py:3036} INFO - Sync 1 DAGs
[2025-12-31T12:27:44.353+0000] {logging_mixin.py:188} INFO - [2025-12-31T12:27:44.353+0000] {dag.py:3823} INFO - Setting next_dagrun for ml_models to 2025-12-30 00:00:00+00:00, run_after=2025-12-31 00:00:00+00:00
[2025-12-31T12:27:44.415+0000] {processor.py:183} INFO - Processing /opt/airflow/dags/ml_models.py took 0.213 seconds
[2025-12-31T12:28:15.161+0000] {processor.py:161} INFO - Started process (PID=16045) to work on /opt/airflow/dags/ml_models.py
[2025-12-31T12:28:15.163+0000] {processor.py:830} INFO - Processing file /opt/airflow/dags/ml_models.py for tasks to queue
[2025-12-31T12:28:15.165+0000] {logging_mixin.py:188} INFO - [2025-12-31T12:28:15.164+0000] {dagbag.py:538} INFO - Filling up the DagBag from /opt/airflow/dags/ml_models.py
[2025-12-31T12:28:15.242+0000] {processor.py:840} INFO - DAG(s) 'ml_models' retrieved from /opt/airflow/dags/ml_models.py
[2025-12-31T12:28:15.300+0000] {logging_mixin.py:188} INFO - [2025-12-31T12:28:15.299+0000] {dag.py:3036} INFO - Sync 1 DAGs
[2025-12-31T12:28:15.343+0000] {logging_mixin.py:188} INFO - [2025-12-31T12:28:15.343+0000] {dag.py:3823} INFO - Setting next_dagrun for ml_models to 2025-12-30 00:00:00+00:00, run_after=2025-12-31 00:00:00+00:00
[2025-12-31T12:28:15.395+0000] {processor.py:183} INFO - Processing /opt/airflow/dags/ml_models.py took 0.244 seconds
[2025-12-31T12:28:46.158+0000] {processor.py:161} INFO - Started process (PID=16065) to work on /opt/airflow/dags/ml_models.py
[2025-12-31T12:28:46.161+0000] {processor.py:830} INFO - Processing file /opt/airflow/dags/ml_models.py for tasks to queue
[2025-12-31T12:28:46.163+0000] {logging_mixin.py:188} INFO - [2025-12-31T12:28:46.163+0000] {dagbag.py:538} INFO - Filling up the DagBag from /opt/airflow/dags/ml_models.py
[2025-12-31T12:28:46.239+0000] {processor.py:840} INFO - DAG(s) 'ml_models' retrieved from /opt/airflow/dags/ml_models.py
[2025-12-31T12:28:46.301+0000] {logging_mixin.py:188} INFO - [2025-12-31T12:28:46.300+0000] {dag.py:3036} INFO - Sync 1 DAGs
[2025-12-31T12:28:46.348+0000] {logging_mixin.py:188} INFO - [2025-12-31T12:28:46.348+0000] {dag.py:3823} INFO - Setting next_dagrun for ml_models to 2025-12-30 00:00:00+00:00, run_after=2025-12-31 00:00:00+00:00
[2025-12-31T12:28:46.380+0000] {processor.py:183} INFO - Processing /opt/airflow/dags/ml_models.py took 0.230 seconds
[2025-12-31T12:29:17.211+0000] {processor.py:161} INFO - Started process (PID=16085) to work on /opt/airflow/dags/ml_models.py
[2025-12-31T12:29:17.213+0000] {processor.py:830} INFO - Processing file /opt/airflow/dags/ml_models.py for tasks to queue
[2025-12-31T12:29:17.216+0000] {logging_mixin.py:188} INFO - [2025-12-31T12:29:17.215+0000] {dagbag.py:538} INFO - Filling up the DagBag from /opt/airflow/dags/ml_models.py
[2025-12-31T12:29:17.256+0000] {processor.py:840} INFO - DAG(s) 'ml_models' retrieved from /opt/airflow/dags/ml_models.py
[2025-12-31T12:29:17.303+0000] {logging_mixin.py:188} INFO - [2025-12-31T12:29:17.303+0000] {dag.py:3036} INFO - Sync 1 DAGs
[2025-12-31T12:29:17.363+0000] {logging_mixin.py:188} INFO - [2025-12-31T12:29:17.362+0000] {dag.py:3823} INFO - Setting next_dagrun for ml_models to 2025-12-30 00:00:00+00:00, run_after=2025-12-31 00:00:00+00:00
[2025-12-31T12:29:17.442+0000] {processor.py:183} INFO - Processing /opt/airflow/dags/ml_models.py took 0.241 seconds
[2025-12-31T12:29:48.180+0000] {processor.py:161} INFO - Started process (PID=16105) to work on /opt/airflow/dags/ml_models.py
[2025-12-31T12:29:48.182+0000] {processor.py:830} INFO - Processing file /opt/airflow/dags/ml_models.py for tasks to queue
[2025-12-31T12:29:48.184+0000] {logging_mixin.py:188} INFO - [2025-12-31T12:29:48.183+0000] {dagbag.py:538} INFO - Filling up the DagBag from /opt/airflow/dags/ml_models.py
[2025-12-31T12:29:48.225+0000] {processor.py:840} INFO - DAG(s) 'ml_models' retrieved from /opt/airflow/dags/ml_models.py
[2025-12-31T12:29:48.281+0000] {logging_mixin.py:188} INFO - [2025-12-31T12:29:48.280+0000] {dag.py:3036} INFO - Sync 1 DAGs
[2025-12-31T12:29:48.320+0000] {logging_mixin.py:188} INFO - [2025-12-31T12:29:48.320+0000] {dag.py:3823} INFO - Setting next_dagrun for ml_models to 2025-12-30 00:00:00+00:00, run_after=2025-12-31 00:00:00+00:00
[2025-12-31T12:29:48.353+0000] {processor.py:183} INFO - Processing /opt/airflow/dags/ml_models.py took 0.181 seconds
[2025-12-31T12:30:19.072+0000] {processor.py:161} INFO - Started process (PID=16125) to work on /opt/airflow/dags/ml_models.py
[2025-12-31T12:30:19.076+0000] {processor.py:830} INFO - Processing file /opt/airflow/dags/ml_models.py for tasks to queue
[2025-12-31T12:30:19.079+0000] {logging_mixin.py:188} INFO - [2025-12-31T12:30:19.078+0000] {dagbag.py:538} INFO - Filling up the DagBag from /opt/airflow/dags/ml_models.py
[2025-12-31T12:30:19.128+0000] {processor.py:840} INFO - DAG(s) 'ml_models' retrieved from /opt/airflow/dags/ml_models.py
[2025-12-31T12:30:19.182+0000] {logging_mixin.py:188} INFO - [2025-12-31T12:30:19.182+0000] {dag.py:3036} INFO - Sync 1 DAGs
[2025-12-31T12:30:19.229+0000] {logging_mixin.py:188} INFO - [2025-12-31T12:30:19.228+0000] {dag.py:3823} INFO - Setting next_dagrun for ml_models to 2025-12-30 00:00:00+00:00, run_after=2025-12-31 00:00:00+00:00
[2025-12-31T12:30:19.316+0000] {processor.py:183} INFO - Processing /opt/airflow/dags/ml_models.py took 0.257 seconds
[2025-12-31T12:30:50.086+0000] {processor.py:161} INFO - Started process (PID=16145) to work on /opt/airflow/dags/ml_models.py
[2025-12-31T12:30:50.089+0000] {processor.py:830} INFO - Processing file /opt/airflow/dags/ml_models.py for tasks to queue
[2025-12-31T12:30:50.091+0000] {logging_mixin.py:188} INFO - [2025-12-31T12:30:50.091+0000] {dagbag.py:538} INFO - Filling up the DagBag from /opt/airflow/dags/ml_models.py
[2025-12-31T12:30:50.177+0000] {processor.py:840} INFO - DAG(s) 'ml_models' retrieved from /opt/airflow/dags/ml_models.py
[2025-12-31T12:30:50.241+0000] {logging_mixin.py:188} INFO - [2025-12-31T12:30:50.240+0000] {dag.py:3036} INFO - Sync 1 DAGs
[2025-12-31T12:30:50.301+0000] {logging_mixin.py:188} INFO - [2025-12-31T12:30:50.300+0000] {dag.py:3823} INFO - Setting next_dagrun for ml_models to 2025-12-30 00:00:00+00:00, run_after=2025-12-31 00:00:00+00:00
[2025-12-31T12:30:50.342+0000] {processor.py:183} INFO - Processing /opt/airflow/dags/ml_models.py took 0.264 seconds
[2025-12-31T12:31:21.124+0000] {processor.py:161} INFO - Started process (PID=16165) to work on /opt/airflow/dags/ml_models.py
[2025-12-31T12:31:21.128+0000] {processor.py:830} INFO - Processing file /opt/airflow/dags/ml_models.py for tasks to queue
[2025-12-31T12:31:21.130+0000] {logging_mixin.py:188} INFO - [2025-12-31T12:31:21.130+0000] {dagbag.py:538} INFO - Filling up the DagBag from /opt/airflow/dags/ml_models.py
[2025-12-31T12:31:21.171+0000] {processor.py:840} INFO - DAG(s) 'ml_models' retrieved from /opt/airflow/dags/ml_models.py
[2025-12-31T12:31:21.226+0000] {logging_mixin.py:188} INFO - [2025-12-31T12:31:21.225+0000] {dag.py:3036} INFO - Sync 1 DAGs
[2025-12-31T12:31:21.292+0000] {logging_mixin.py:188} INFO - [2025-12-31T12:31:21.291+0000] {dag.py:3823} INFO - Setting next_dagrun for ml_models to 2025-12-30 00:00:00+00:00, run_after=2025-12-31 00:00:00+00:00
[2025-12-31T12:31:21.375+0000] {processor.py:183} INFO - Processing /opt/airflow/dags/ml_models.py took 0.268 seconds
[2025-12-31T12:31:52.288+0000] {processor.py:161} INFO - Started process (PID=16185) to work on /opt/airflow/dags/ml_models.py
[2025-12-31T12:31:52.292+0000] {processor.py:830} INFO - Processing file /opt/airflow/dags/ml_models.py for tasks to queue
[2025-12-31T12:31:52.295+0000] {logging_mixin.py:188} INFO - [2025-12-31T12:31:52.294+0000] {dagbag.py:538} INFO - Filling up the DagBag from /opt/airflow/dags/ml_models.py
[2025-12-31T12:31:52.335+0000] {processor.py:840} INFO - DAG(s) 'ml_models' retrieved from /opt/airflow/dags/ml_models.py
[2025-12-31T12:31:52.398+0000] {logging_mixin.py:188} INFO - [2025-12-31T12:31:52.398+0000] {dag.py:3036} INFO - Sync 1 DAGs
[2025-12-31T12:31:52.474+0000] {logging_mixin.py:188} INFO - [2025-12-31T12:31:52.473+0000] {dag.py:3823} INFO - Setting next_dagrun for ml_models to 2025-12-30 00:00:00+00:00, run_after=2025-12-31 00:00:00+00:00
[2025-12-31T12:31:52.516+0000] {processor.py:183} INFO - Processing /opt/airflow/dags/ml_models.py took 0.243 seconds
[2025-12-31T12:32:23.461+0000] {processor.py:161} INFO - Started process (PID=16205) to work on /opt/airflow/dags/ml_models.py
[2025-12-31T12:32:23.463+0000] {processor.py:830} INFO - Processing file /opt/airflow/dags/ml_models.py for tasks to queue
[2025-12-31T12:32:23.465+0000] {logging_mixin.py:188} INFO - [2025-12-31T12:32:23.464+0000] {dagbag.py:538} INFO - Filling up the DagBag from /opt/airflow/dags/ml_models.py
[2025-12-31T12:32:23.505+0000] {processor.py:840} INFO - DAG(s) 'ml_models' retrieved from /opt/airflow/dags/ml_models.py
[2025-12-31T12:32:23.552+0000] {logging_mixin.py:188} INFO - [2025-12-31T12:32:23.551+0000] {dag.py:3036} INFO - Sync 1 DAGs
[2025-12-31T12:32:23.595+0000] {logging_mixin.py:188} INFO - [2025-12-31T12:32:23.595+0000] {dag.py:3823} INFO - Setting next_dagrun for ml_models to 2025-12-30 00:00:00+00:00, run_after=2025-12-31 00:00:00+00:00
[2025-12-31T12:32:23.630+0000] {processor.py:183} INFO - Processing /opt/airflow/dags/ml_models.py took 0.175 seconds
[2025-12-31T12:32:54.474+0000] {processor.py:161} INFO - Started process (PID=16225) to work on /opt/airflow/dags/ml_models.py
[2025-12-31T12:32:54.476+0000] {processor.py:830} INFO - Processing file /opt/airflow/dags/ml_models.py for tasks to queue
[2025-12-31T12:32:54.479+0000] {logging_mixin.py:188} INFO - [2025-12-31T12:32:54.478+0000] {dagbag.py:538} INFO - Filling up the DagBag from /opt/airflow/dags/ml_models.py
[2025-12-31T12:32:54.556+0000] {processor.py:840} INFO - DAG(s) 'ml_models' retrieved from /opt/airflow/dags/ml_models.py
[2025-12-31T12:32:54.610+0000] {logging_mixin.py:188} INFO - [2025-12-31T12:32:54.610+0000] {dag.py:3036} INFO - Sync 1 DAGs
[2025-12-31T12:32:54.649+0000] {logging_mixin.py:188} INFO - [2025-12-31T12:32:54.648+0000] {dag.py:3823} INFO - Setting next_dagrun for ml_models to 2025-12-30 00:00:00+00:00, run_after=2025-12-31 00:00:00+00:00
[2025-12-31T12:32:54.731+0000] {processor.py:183} INFO - Processing /opt/airflow/dags/ml_models.py took 0.265 seconds
[2025-12-31T12:33:25.552+0000] {processor.py:161} INFO - Started process (PID=16245) to work on /opt/airflow/dags/ml_models.py
[2025-12-31T12:33:25.568+0000] {processor.py:830} INFO - Processing file /opt/airflow/dags/ml_models.py for tasks to queue
[2025-12-31T12:33:25.572+0000] {logging_mixin.py:188} INFO - [2025-12-31T12:33:25.571+0000] {dagbag.py:538} INFO - Filling up the DagBag from /opt/airflow/dags/ml_models.py
[2025-12-31T12:33:25.632+0000] {processor.py:840} INFO - DAG(s) 'ml_models' retrieved from /opt/airflow/dags/ml_models.py
[2025-12-31T12:33:25.691+0000] {logging_mixin.py:188} INFO - [2025-12-31T12:33:25.690+0000] {dag.py:3036} INFO - Sync 1 DAGs
[2025-12-31T12:33:25.736+0000] {logging_mixin.py:188} INFO - [2025-12-31T12:33:25.736+0000] {dag.py:3823} INFO - Setting next_dagrun for ml_models to 2025-12-30 00:00:00+00:00, run_after=2025-12-31 00:00:00+00:00
[2025-12-31T12:33:25.770+0000] {processor.py:183} INFO - Processing /opt/airflow/dags/ml_models.py took 0.238 seconds
[2025-12-31T12:33:56.628+0000] {processor.py:161} INFO - Started process (PID=16265) to work on /opt/airflow/dags/ml_models.py
[2025-12-31T12:33:56.630+0000] {processor.py:830} INFO - Processing file /opt/airflow/dags/ml_models.py for tasks to queue
[2025-12-31T12:33:56.632+0000] {logging_mixin.py:188} INFO - [2025-12-31T12:33:56.632+0000] {dagbag.py:538} INFO - Filling up the DagBag from /opt/airflow/dags/ml_models.py
[2025-12-31T12:33:56.710+0000] {processor.py:840} INFO - DAG(s) 'ml_models' retrieved from /opt/airflow/dags/ml_models.py
[2025-12-31T12:33:56.761+0000] {logging_mixin.py:188} INFO - [2025-12-31T12:33:56.761+0000] {dag.py:3036} INFO - Sync 1 DAGs
[2025-12-31T12:33:56.811+0000] {logging_mixin.py:188} INFO - [2025-12-31T12:33:56.811+0000] {dag.py:3823} INFO - Setting next_dagrun for ml_models to 2025-12-30 00:00:00+00:00, run_after=2025-12-31 00:00:00+00:00
[2025-12-31T12:33:56.849+0000] {processor.py:183} INFO - Processing /opt/airflow/dags/ml_models.py took 0.228 seconds
[2025-12-31T12:34:27.709+0000] {processor.py:161} INFO - Started process (PID=16285) to work on /opt/airflow/dags/ml_models.py
[2025-12-31T12:34:27.712+0000] {processor.py:830} INFO - Processing file /opt/airflow/dags/ml_models.py for tasks to queue
[2025-12-31T12:34:27.715+0000] {logging_mixin.py:188} INFO - [2025-12-31T12:34:27.714+0000] {dagbag.py:538} INFO - Filling up the DagBag from /opt/airflow/dags/ml_models.py
[2025-12-31T12:34:27.759+0000] {processor.py:840} INFO - DAG(s) 'ml_models' retrieved from /opt/airflow/dags/ml_models.py
[2025-12-31T12:34:27.830+0000] {logging_mixin.py:188} INFO - [2025-12-31T12:34:27.829+0000] {dag.py:3036} INFO - Sync 1 DAGs
[2025-12-31T12:34:27.885+0000] {logging_mixin.py:188} INFO - [2025-12-31T12:34:27.884+0000] {dag.py:3823} INFO - Setting next_dagrun for ml_models to 2025-12-30 00:00:00+00:00, run_after=2025-12-31 00:00:00+00:00
[2025-12-31T12:34:27.926+0000] {processor.py:183} INFO - Processing /opt/airflow/dags/ml_models.py took 0.228 seconds
[2025-12-31T12:34:58.757+0000] {processor.py:161} INFO - Started process (PID=16305) to work on /opt/airflow/dags/ml_models.py
[2025-12-31T12:34:58.760+0000] {processor.py:830} INFO - Processing file /opt/airflow/dags/ml_models.py for tasks to queue
[2025-12-31T12:34:58.762+0000] {logging_mixin.py:188} INFO - [2025-12-31T12:34:58.761+0000] {dagbag.py:538} INFO - Filling up the DagBag from /opt/airflow/dags/ml_models.py
[2025-12-31T12:34:58.802+0000] {processor.py:840} INFO - DAG(s) 'ml_models' retrieved from /opt/airflow/dags/ml_models.py
[2025-12-31T12:34:58.864+0000] {logging_mixin.py:188} INFO - [2025-12-31T12:34:58.863+0000] {dag.py:3036} INFO - Sync 1 DAGs
[2025-12-31T12:34:58.906+0000] {logging_mixin.py:188} INFO - [2025-12-31T12:34:58.905+0000] {dag.py:3823} INFO - Setting next_dagrun for ml_models to 2025-12-30 00:00:00+00:00, run_after=2025-12-31 00:00:00+00:00
[2025-12-31T12:34:58.939+0000] {processor.py:183} INFO - Processing /opt/airflow/dags/ml_models.py took 0.190 seconds
[2025-12-31T12:35:29.856+0000] {processor.py:161} INFO - Started process (PID=16325) to work on /opt/airflow/dags/ml_models.py
[2025-12-31T12:35:29.859+0000] {processor.py:830} INFO - Processing file /opt/airflow/dags/ml_models.py for tasks to queue
[2025-12-31T12:35:29.862+0000] {logging_mixin.py:188} INFO - [2025-12-31T12:35:29.861+0000] {dagbag.py:538} INFO - Filling up the DagBag from /opt/airflow/dags/ml_models.py
[2025-12-31T12:35:29.902+0000] {processor.py:840} INFO - DAG(s) 'ml_models' retrieved from /opt/airflow/dags/ml_models.py
[2025-12-31T12:35:29.981+0000] {logging_mixin.py:188} INFO - [2025-12-31T12:35:29.980+0000] {dag.py:3036} INFO - Sync 1 DAGs
[2025-12-31T12:35:30.040+0000] {logging_mixin.py:188} INFO - [2025-12-31T12:35:30.039+0000] {dag.py:3823} INFO - Setting next_dagrun for ml_models to 2025-12-30 00:00:00+00:00, run_after=2025-12-31 00:00:00+00:00
[2025-12-31T12:35:30.136+0000] {processor.py:183} INFO - Processing /opt/airflow/dags/ml_models.py took 0.291 seconds
[2025-12-31T12:36:00.937+0000] {processor.py:161} INFO - Started process (PID=16345) to work on /opt/airflow/dags/ml_models.py
[2025-12-31T12:36:00.940+0000] {processor.py:830} INFO - Processing file /opt/airflow/dags/ml_models.py for tasks to queue
[2025-12-31T12:36:00.941+0000] {logging_mixin.py:188} INFO - [2025-12-31T12:36:00.941+0000] {dagbag.py:538} INFO - Filling up the DagBag from /opt/airflow/dags/ml_models.py
[2025-12-31T12:36:01.020+0000] {processor.py:840} INFO - DAG(s) 'ml_models' retrieved from /opt/airflow/dags/ml_models.py
[2025-12-31T12:36:01.070+0000] {logging_mixin.py:188} INFO - [2025-12-31T12:36:01.069+0000] {dag.py:3036} INFO - Sync 1 DAGs
[2025-12-31T12:36:01.122+0000] {logging_mixin.py:188} INFO - [2025-12-31T12:36:01.122+0000] {dag.py:3823} INFO - Setting next_dagrun for ml_models to 2025-12-30 00:00:00+00:00, run_after=2025-12-31 00:00:00+00:00
[2025-12-31T12:36:01.158+0000] {processor.py:183} INFO - Processing /opt/airflow/dags/ml_models.py took 0.235 seconds
[2025-12-31T12:36:31.982+0000] {processor.py:161} INFO - Started process (PID=16365) to work on /opt/airflow/dags/ml_models.py
[2025-12-31T12:36:31.985+0000] {processor.py:830} INFO - Processing file /opt/airflow/dags/ml_models.py for tasks to queue
[2025-12-31T12:36:31.987+0000] {logging_mixin.py:188} INFO - [2025-12-31T12:36:31.986+0000] {dagbag.py:538} INFO - Filling up the DagBag from /opt/airflow/dags/ml_models.py
[2025-12-31T12:36:32.027+0000] {processor.py:840} INFO - DAG(s) 'ml_models' retrieved from /opt/airflow/dags/ml_models.py
[2025-12-31T12:36:32.087+0000] {logging_mixin.py:188} INFO - [2025-12-31T12:36:32.086+0000] {dag.py:3036} INFO - Sync 1 DAGs
[2025-12-31T12:36:32.130+0000] {logging_mixin.py:188} INFO - [2025-12-31T12:36:32.130+0000] {dag.py:3823} INFO - Setting next_dagrun for ml_models to 2025-12-30 00:00:00+00:00, run_after=2025-12-31 00:00:00+00:00
[2025-12-31T12:36:32.204+0000] {processor.py:183} INFO - Processing /opt/airflow/dags/ml_models.py took 0.228 seconds
[2025-12-31T12:37:03.124+0000] {processor.py:161} INFO - Started process (PID=16385) to work on /opt/airflow/dags/ml_models.py
[2025-12-31T12:37:03.128+0000] {processor.py:830} INFO - Processing file /opt/airflow/dags/ml_models.py for tasks to queue
[2025-12-31T12:37:03.131+0000] {logging_mixin.py:188} INFO - [2025-12-31T12:37:03.130+0000] {dagbag.py:538} INFO - Filling up the DagBag from /opt/airflow/dags/ml_models.py
[2025-12-31T12:37:03.173+0000] {processor.py:840} INFO - DAG(s) 'ml_models' retrieved from /opt/airflow/dags/ml_models.py
[2025-12-31T12:37:03.235+0000] {logging_mixin.py:188} INFO - [2025-12-31T12:37:03.234+0000] {dag.py:3036} INFO - Sync 1 DAGs
[2025-12-31T12:37:03.277+0000] {logging_mixin.py:188} INFO - [2025-12-31T12:37:03.276+0000] {dag.py:3823} INFO - Setting next_dagrun for ml_models to 2025-12-30 00:00:00+00:00, run_after=2025-12-31 00:00:00+00:00
[2025-12-31T12:37:03.310+0000] {processor.py:183} INFO - Processing /opt/airflow/dags/ml_models.py took 0.199 seconds
[2025-12-31T12:37:34.262+0000] {processor.py:161} INFO - Started process (PID=16405) to work on /opt/airflow/dags/ml_models.py
[2025-12-31T12:37:34.264+0000] {processor.py:830} INFO - Processing file /opt/airflow/dags/ml_models.py for tasks to queue
[2025-12-31T12:37:34.266+0000] {logging_mixin.py:188} INFO - [2025-12-31T12:37:34.266+0000] {dagbag.py:538} INFO - Filling up the DagBag from /opt/airflow/dags/ml_models.py
[2025-12-31T12:37:34.311+0000] {processor.py:840} INFO - DAG(s) 'ml_models' retrieved from /opt/airflow/dags/ml_models.py
[2025-12-31T12:37:34.382+0000] {logging_mixin.py:188} INFO - [2025-12-31T12:37:34.381+0000] {dag.py:3036} INFO - Sync 1 DAGs
[2025-12-31T12:37:34.423+0000] {logging_mixin.py:188} INFO - [2025-12-31T12:37:34.423+0000] {dag.py:3823} INFO - Setting next_dagrun for ml_models to 2025-12-30 00:00:00+00:00, run_after=2025-12-31 00:00:00+00:00
[2025-12-31T12:37:34.498+0000] {processor.py:183} INFO - Processing /opt/airflow/dags/ml_models.py took 0.243 seconds
[2025-12-31T12:38:05.352+0000] {processor.py:161} INFO - Started process (PID=16425) to work on /opt/airflow/dags/ml_models.py
[2025-12-31T12:38:05.354+0000] {processor.py:830} INFO - Processing file /opt/airflow/dags/ml_models.py for tasks to queue
[2025-12-31T12:38:05.356+0000] {logging_mixin.py:188} INFO - [2025-12-31T12:38:05.356+0000] {dagbag.py:538} INFO - Filling up the DagBag from /opt/airflow/dags/ml_models.py
[2025-12-31T12:38:05.438+0000] {processor.py:840} INFO - DAG(s) 'ml_models' retrieved from /opt/airflow/dags/ml_models.py
[2025-12-31T12:38:05.492+0000] {logging_mixin.py:188} INFO - [2025-12-31T12:38:05.491+0000] {dag.py:3036} INFO - Sync 1 DAGs
[2025-12-31T12:38:05.533+0000] {logging_mixin.py:188} INFO - [2025-12-31T12:38:05.533+0000] {dag.py:3823} INFO - Setting next_dagrun for ml_models to 2025-12-30 00:00:00+00:00, run_after=2025-12-31 00:00:00+00:00
[2025-12-31T12:38:05.569+0000] {processor.py:183} INFO - Processing /opt/airflow/dags/ml_models.py took 0.225 seconds
[2025-12-31T12:38:36.400+0000] {processor.py:161} INFO - Started process (PID=16445) to work on /opt/airflow/dags/ml_models.py
[2025-12-31T12:38:36.403+0000] {processor.py:830} INFO - Processing file /opt/airflow/dags/ml_models.py for tasks to queue
[2025-12-31T12:38:36.405+0000] {logging_mixin.py:188} INFO - [2025-12-31T12:38:36.404+0000] {dagbag.py:538} INFO - Filling up the DagBag from /opt/airflow/dags/ml_models.py
[2025-12-31T12:38:36.447+0000] {processor.py:840} INFO - DAG(s) 'ml_models' retrieved from /opt/airflow/dags/ml_models.py
[2025-12-31T12:38:36.513+0000] {logging_mixin.py:188} INFO - [2025-12-31T12:38:36.511+0000] {dag.py:3036} INFO - Sync 1 DAGs
[2025-12-31T12:38:36.574+0000] {logging_mixin.py:188} INFO - [2025-12-31T12:38:36.573+0000] {dag.py:3823} INFO - Setting next_dagrun for ml_models to 2025-12-30 00:00:00+00:00, run_after=2025-12-31 00:00:00+00:00
[2025-12-31T12:38:36.617+0000] {processor.py:183} INFO - Processing /opt/airflow/dags/ml_models.py took 0.228 seconds
[2025-12-31T12:39:07.479+0000] {processor.py:161} INFO - Started process (PID=16465) to work on /opt/airflow/dags/ml_models.py
[2025-12-31T12:39:07.481+0000] {processor.py:830} INFO - Processing file /opt/airflow/dags/ml_models.py for tasks to queue
[2025-12-31T12:39:07.484+0000] {logging_mixin.py:188} INFO - [2025-12-31T12:39:07.483+0000] {dagbag.py:538} INFO - Filling up the DagBag from /opt/airflow/dags/ml_models.py
[2025-12-31T12:39:07.564+0000] {processor.py:840} INFO - DAG(s) 'ml_models' retrieved from /opt/airflow/dags/ml_models.py
[2025-12-31T12:39:07.615+0000] {logging_mixin.py:188} INFO - [2025-12-31T12:39:07.615+0000] {dag.py:3036} INFO - Sync 1 DAGs
[2025-12-31T12:39:07.655+0000] {logging_mixin.py:188} INFO - [2025-12-31T12:39:07.655+0000] {dag.py:3823} INFO - Setting next_dagrun for ml_models to 2025-12-30 00:00:00+00:00, run_after=2025-12-31 00:00:00+00:00
[2025-12-31T12:39:07.691+0000] {processor.py:183} INFO - Processing /opt/airflow/dags/ml_models.py took 0.218 seconds
[2025-12-31T12:39:38.457+0000] {processor.py:161} INFO - Started process (PID=16485) to work on /opt/airflow/dags/ml_models.py
[2025-12-31T12:39:38.459+0000] {processor.py:830} INFO - Processing file /opt/airflow/dags/ml_models.py for tasks to queue
[2025-12-31T12:39:38.461+0000] {logging_mixin.py:188} INFO - [2025-12-31T12:39:38.460+0000] {dagbag.py:538} INFO - Filling up the DagBag from /opt/airflow/dags/ml_models.py
[2025-12-31T12:39:38.500+0000] {processor.py:840} INFO - DAG(s) 'ml_models' retrieved from /opt/airflow/dags/ml_models.py
[2025-12-31T12:39:38.552+0000] {logging_mixin.py:188} INFO - [2025-12-31T12:39:38.552+0000] {dag.py:3036} INFO - Sync 1 DAGs
[2025-12-31T12:39:38.607+0000] {logging_mixin.py:188} INFO - [2025-12-31T12:39:38.606+0000] {dag.py:3823} INFO - Setting next_dagrun for ml_models to 2025-12-30 00:00:00+00:00, run_after=2025-12-31 00:00:00+00:00
[2025-12-31T12:39:38.643+0000] {processor.py:183} INFO - Processing /opt/airflow/dags/ml_models.py took 0.195 seconds
[2025-12-31T12:40:09.523+0000] {processor.py:161} INFO - Started process (PID=16505) to work on /opt/airflow/dags/ml_models.py
[2025-12-31T12:40:09.526+0000] {processor.py:830} INFO - Processing file /opt/airflow/dags/ml_models.py for tasks to queue
[2025-12-31T12:40:09.527+0000] {logging_mixin.py:188} INFO - [2025-12-31T12:40:09.527+0000] {dagbag.py:538} INFO - Filling up the DagBag from /opt/airflow/dags/ml_models.py
[2025-12-31T12:40:09.603+0000] {processor.py:840} INFO - DAG(s) 'ml_models' retrieved from /opt/airflow/dags/ml_models.py
[2025-12-31T12:40:09.662+0000] {logging_mixin.py:188} INFO - [2025-12-31T12:40:09.662+0000] {dag.py:3036} INFO - Sync 1 DAGs
[2025-12-31T12:40:09.701+0000] {logging_mixin.py:188} INFO - [2025-12-31T12:40:09.701+0000] {dag.py:3823} INFO - Setting next_dagrun for ml_models to 2025-12-30 00:00:00+00:00, run_after=2025-12-31 00:00:00+00:00
[2025-12-31T12:40:09.740+0000] {processor.py:183} INFO - Processing /opt/airflow/dags/ml_models.py took 0.224 seconds
[2025-12-31T12:40:40.522+0000] {processor.py:161} INFO - Started process (PID=16525) to work on /opt/airflow/dags/ml_models.py
[2025-12-31T12:40:40.525+0000] {processor.py:830} INFO - Processing file /opt/airflow/dags/ml_models.py for tasks to queue
[2025-12-31T12:40:40.527+0000] {logging_mixin.py:188} INFO - [2025-12-31T12:40:40.526+0000] {dagbag.py:538} INFO - Filling up the DagBag from /opt/airflow/dags/ml_models.py
[2025-12-31T12:40:40.568+0000] {processor.py:840} INFO - DAG(s) 'ml_models' retrieved from /opt/airflow/dags/ml_models.py
[2025-12-31T12:40:40.616+0000] {logging_mixin.py:188} INFO - [2025-12-31T12:40:40.615+0000] {dag.py:3036} INFO - Sync 1 DAGs
[2025-12-31T12:40:40.669+0000] {logging_mixin.py:188} INFO - [2025-12-31T12:40:40.669+0000] {dag.py:3823} INFO - Setting next_dagrun for ml_models to 2025-12-30 00:00:00+00:00, run_after=2025-12-31 00:00:00+00:00
[2025-12-31T12:40:40.747+0000] {processor.py:183} INFO - Processing /opt/airflow/dags/ml_models.py took 0.234 seconds
[2025-12-31T12:41:11.604+0000] {processor.py:161} INFO - Started process (PID=16545) to work on /opt/airflow/dags/ml_models.py
[2025-12-31T12:41:11.607+0000] {processor.py:830} INFO - Processing file /opt/airflow/dags/ml_models.py for tasks to queue
[2025-12-31T12:41:11.609+0000] {logging_mixin.py:188} INFO - [2025-12-31T12:41:11.609+0000] {dagbag.py:538} INFO - Filling up the DagBag from /opt/airflow/dags/ml_models.py
[2025-12-31T12:41:11.685+0000] {processor.py:840} INFO - DAG(s) 'ml_models' retrieved from /opt/airflow/dags/ml_models.py
[2025-12-31T12:41:11.738+0000] {logging_mixin.py:188} INFO - [2025-12-31T12:41:11.737+0000] {dag.py:3036} INFO - Sync 1 DAGs
[2025-12-31T12:41:11.781+0000] {logging_mixin.py:188} INFO - [2025-12-31T12:41:11.780+0000] {dag.py:3823} INFO - Setting next_dagrun for ml_models to 2025-12-30 00:00:00+00:00, run_after=2025-12-31 00:00:00+00:00
[2025-12-31T12:41:11.819+0000] {processor.py:183} INFO - Processing /opt/airflow/dags/ml_models.py took 0.226 seconds
[2025-12-31T12:41:42.536+0000] {processor.py:161} INFO - Started process (PID=16565) to work on /opt/airflow/dags/ml_models.py
[2025-12-31T12:41:42.539+0000] {processor.py:830} INFO - Processing file /opt/airflow/dags/ml_models.py for tasks to queue
[2025-12-31T12:41:42.541+0000] {logging_mixin.py:188} INFO - [2025-12-31T12:41:42.540+0000] {dagbag.py:538} INFO - Filling up the DagBag from /opt/airflow/dags/ml_models.py
[2025-12-31T12:41:42.583+0000] {processor.py:840} INFO - DAG(s) 'ml_models' retrieved from /opt/airflow/dags/ml_models.py
[2025-12-31T12:41:42.632+0000] {logging_mixin.py:188} INFO - [2025-12-31T12:41:42.632+0000] {dag.py:3036} INFO - Sync 1 DAGs
[2025-12-31T12:41:42.679+0000] {logging_mixin.py:188} INFO - [2025-12-31T12:41:42.678+0000] {dag.py:3823} INFO - Setting next_dagrun for ml_models to 2025-12-30 00:00:00+00:00, run_after=2025-12-31 00:00:00+00:00
[2025-12-31T12:41:42.757+0000] {processor.py:183} INFO - Processing /opt/airflow/dags/ml_models.py took 0.230 seconds
[2025-12-31T12:42:13.773+0000] {processor.py:161} INFO - Started process (PID=16585) to work on /opt/airflow/dags/ml_models.py
[2025-12-31T12:42:13.777+0000] {processor.py:830} INFO - Processing file /opt/airflow/dags/ml_models.py for tasks to queue
[2025-12-31T12:42:13.780+0000] {logging_mixin.py:188} INFO - [2025-12-31T12:42:13.779+0000] {dagbag.py:538} INFO - Filling up the DagBag from /opt/airflow/dags/ml_models.py
[2025-12-31T12:42:13.870+0000] {processor.py:840} INFO - DAG(s) 'ml_models' retrieved from /opt/airflow/dags/ml_models.py
[2025-12-31T12:42:13.933+0000] {logging_mixin.py:188} INFO - [2025-12-31T12:42:13.932+0000] {dag.py:3036} INFO - Sync 1 DAGs
[2025-12-31T12:42:13.981+0000] {logging_mixin.py:188} INFO - [2025-12-31T12:42:13.981+0000] {dag.py:3823} INFO - Setting next_dagrun for ml_models to 2025-12-30 00:00:00+00:00, run_after=2025-12-31 00:00:00+00:00
[2025-12-31T12:42:14.022+0000] {processor.py:183} INFO - Processing /opt/airflow/dags/ml_models.py took 0.259 seconds
[2025-12-31T12:42:44.788+0000] {processor.py:161} INFO - Started process (PID=16605) to work on /opt/airflow/dags/ml_models.py
[2025-12-31T12:42:44.792+0000] {processor.py:830} INFO - Processing file /opt/airflow/dags/ml_models.py for tasks to queue
[2025-12-31T12:42:44.794+0000] {logging_mixin.py:188} INFO - [2025-12-31T12:42:44.793+0000] {dagbag.py:538} INFO - Filling up the DagBag from /opt/airflow/dags/ml_models.py
[2025-12-31T12:42:44.829+0000] {processor.py:840} INFO - DAG(s) 'ml_models' retrieved from /opt/airflow/dags/ml_models.py
[2025-12-31T12:42:44.878+0000] {logging_mixin.py:188} INFO - [2025-12-31T12:42:44.877+0000] {dag.py:3036} INFO - Sync 1 DAGs
[2025-12-31T12:42:44.933+0000] {logging_mixin.py:188} INFO - [2025-12-31T12:42:44.932+0000] {dag.py:3823} INFO - Setting next_dagrun for ml_models to 2025-12-30 00:00:00+00:00, run_after=2025-12-31 00:00:00+00:00
[2025-12-31T12:42:45.015+0000] {processor.py:183} INFO - Processing /opt/airflow/dags/ml_models.py took 0.236 seconds
[2025-12-31T12:43:15.807+0000] {processor.py:161} INFO - Started process (PID=16625) to work on /opt/airflow/dags/ml_models.py
[2025-12-31T12:43:15.809+0000] {processor.py:830} INFO - Processing file /opt/airflow/dags/ml_models.py for tasks to queue
[2025-12-31T12:43:15.812+0000] {logging_mixin.py:188} INFO - [2025-12-31T12:43:15.811+0000] {dagbag.py:538} INFO - Filling up the DagBag from /opt/airflow/dags/ml_models.py
[2025-12-31T12:43:15.850+0000] {processor.py:840} INFO - DAG(s) 'ml_models' retrieved from /opt/airflow/dags/ml_models.py
[2025-12-31T12:43:15.900+0000] {logging_mixin.py:188} INFO - [2025-12-31T12:43:15.900+0000] {dag.py:3036} INFO - Sync 1 DAGs
[2025-12-31T12:43:15.957+0000] {logging_mixin.py:188} INFO - [2025-12-31T12:43:15.957+0000] {dag.py:3823} INFO - Setting next_dagrun for ml_models to 2025-12-30 00:00:00+00:00, run_after=2025-12-31 00:00:00+00:00
[2025-12-31T12:43:16.010+0000] {processor.py:183} INFO - Processing /opt/airflow/dags/ml_models.py took 0.218 seconds
[2025-12-31T12:43:46.925+0000] {processor.py:161} INFO - Started process (PID=16645) to work on /opt/airflow/dags/ml_models.py
[2025-12-31T12:43:46.931+0000] {processor.py:830} INFO - Processing file /opt/airflow/dags/ml_models.py for tasks to queue
[2025-12-31T12:43:46.933+0000] {logging_mixin.py:188} INFO - [2025-12-31T12:43:46.932+0000] {dagbag.py:538} INFO - Filling up the DagBag from /opt/airflow/dags/ml_models.py
[2025-12-31T12:43:46.977+0000] {processor.py:840} INFO - DAG(s) 'ml_models' retrieved from /opt/airflow/dags/ml_models.py
[2025-12-31T12:43:47.030+0000] {logging_mixin.py:188} INFO - [2025-12-31T12:43:47.030+0000] {dag.py:3036} INFO - Sync 1 DAGs
[2025-12-31T12:43:47.095+0000] {logging_mixin.py:188} INFO - [2025-12-31T12:43:47.094+0000] {dag.py:3823} INFO - Setting next_dagrun for ml_models to 2025-12-30 00:00:00+00:00, run_after=2025-12-31 00:00:00+00:00
[2025-12-31T12:43:47.176+0000] {processor.py:183} INFO - Processing /opt/airflow/dags/ml_models.py took 0.267 seconds
[2025-12-31T12:44:18.045+0000] {processor.py:161} INFO - Started process (PID=16665) to work on /opt/airflow/dags/ml_models.py
[2025-12-31T12:44:18.048+0000] {processor.py:830} INFO - Processing file /opt/airflow/dags/ml_models.py for tasks to queue
[2025-12-31T12:44:18.051+0000] {logging_mixin.py:188} INFO - [2025-12-31T12:44:18.050+0000] {dagbag.py:538} INFO - Filling up the DagBag from /opt/airflow/dags/ml_models.py
[2025-12-31T12:44:18.091+0000] {processor.py:840} INFO - DAG(s) 'ml_models' retrieved from /opt/airflow/dags/ml_models.py
[2025-12-31T12:44:18.142+0000] {logging_mixin.py:188} INFO - [2025-12-31T12:44:18.142+0000] {dag.py:3036} INFO - Sync 1 DAGs
[2025-12-31T12:44:18.197+0000] {logging_mixin.py:188} INFO - [2025-12-31T12:44:18.197+0000] {dag.py:3823} INFO - Setting next_dagrun for ml_models to 2025-12-30 00:00:00+00:00, run_after=2025-12-31 00:00:00+00:00
[2025-12-31T12:44:18.234+0000] {processor.py:183} INFO - Processing /opt/airflow/dags/ml_models.py took 0.198 seconds
[2025-12-31T12:44:49.162+0000] {processor.py:161} INFO - Started process (PID=16685) to work on /opt/airflow/dags/ml_models.py
[2025-12-31T12:44:49.165+0000] {processor.py:830} INFO - Processing file /opt/airflow/dags/ml_models.py for tasks to queue
[2025-12-31T12:44:49.167+0000] {logging_mixin.py:188} INFO - [2025-12-31T12:44:49.167+0000] {dagbag.py:538} INFO - Filling up the DagBag from /opt/airflow/dags/ml_models.py
[2025-12-31T12:44:49.241+0000] {processor.py:840} INFO - DAG(s) 'ml_models' retrieved from /opt/airflow/dags/ml_models.py
[2025-12-31T12:44:49.302+0000] {logging_mixin.py:188} INFO - [2025-12-31T12:44:49.302+0000] {dag.py:3036} INFO - Sync 1 DAGs
[2025-12-31T12:44:49.344+0000] {logging_mixin.py:188} INFO - [2025-12-31T12:44:49.344+0000] {dag.py:3823} INFO - Setting next_dagrun for ml_models to 2025-12-30 00:00:00+00:00, run_after=2025-12-31 00:00:00+00:00
[2025-12-31T12:44:49.381+0000] {processor.py:183} INFO - Processing /opt/airflow/dags/ml_models.py took 0.228 seconds
[2025-12-31T12:45:20.173+0000] {processor.py:161} INFO - Started process (PID=16705) to work on /opt/airflow/dags/ml_models.py
[2025-12-31T12:45:20.185+0000] {processor.py:830} INFO - Processing file /opt/airflow/dags/ml_models.py for tasks to queue
[2025-12-31T12:45:20.188+0000] {logging_mixin.py:188} INFO - [2025-12-31T12:45:20.187+0000] {dagbag.py:538} INFO - Filling up the DagBag from /opt/airflow/dags/ml_models.py
[2025-12-31T12:45:20.231+0000] {processor.py:840} INFO - DAG(s) 'ml_models' retrieved from /opt/airflow/dags/ml_models.py
[2025-12-31T12:45:20.282+0000] {logging_mixin.py:188} INFO - [2025-12-31T12:45:20.282+0000] {dag.py:3036} INFO - Sync 1 DAGs
[2025-12-31T12:45:20.323+0000] {logging_mixin.py:188} INFO - [2025-12-31T12:45:20.323+0000] {dag.py:3823} INFO - Setting next_dagrun for ml_models to 2025-12-30 00:00:00+00:00, run_after=2025-12-31 00:00:00+00:00
[2025-12-31T12:45:20.365+0000] {processor.py:183} INFO - Processing /opt/airflow/dags/ml_models.py took 0.202 seconds
[2025-12-31T12:45:51.259+0000] {processor.py:161} INFO - Started process (PID=16725) to work on /opt/airflow/dags/ml_models.py
[2025-12-31T12:45:51.262+0000] {processor.py:830} INFO - Processing file /opt/airflow/dags/ml_models.py for tasks to queue
[2025-12-31T12:45:51.267+0000] {logging_mixin.py:188} INFO - [2025-12-31T12:45:51.264+0000] {dagbag.py:538} INFO - Filling up the DagBag from /opt/airflow/dags/ml_models.py
[2025-12-31T12:45:51.353+0000] {processor.py:840} INFO - DAG(s) 'ml_models' retrieved from /opt/airflow/dags/ml_models.py
[2025-12-31T12:45:51.405+0000] {logging_mixin.py:188} INFO - [2025-12-31T12:45:51.404+0000] {dag.py:3036} INFO - Sync 1 DAGs
[2025-12-31T12:45:51.460+0000] {logging_mixin.py:188} INFO - [2025-12-31T12:45:51.459+0000] {dag.py:3823} INFO - Setting next_dagrun for ml_models to 2025-12-30 00:00:00+00:00, run_after=2025-12-31 00:00:00+00:00
[2025-12-31T12:45:51.505+0000] {processor.py:183} INFO - Processing /opt/airflow/dags/ml_models.py took 0.254 seconds
[2025-12-31T12:46:22.417+0000] {processor.py:161} INFO - Started process (PID=16745) to work on /opt/airflow/dags/ml_models.py
[2025-12-31T12:46:22.420+0000] {processor.py:830} INFO - Processing file /opt/airflow/dags/ml_models.py for tasks to queue
[2025-12-31T12:46:22.422+0000] {logging_mixin.py:188} INFO - [2025-12-31T12:46:22.421+0000] {dagbag.py:538} INFO - Filling up the DagBag from /opt/airflow/dags/ml_models.py
[2025-12-31T12:46:22.462+0000] {processor.py:840} INFO - DAG(s) 'ml_models' retrieved from /opt/airflow/dags/ml_models.py
[2025-12-31T12:46:22.521+0000] {logging_mixin.py:188} INFO - [2025-12-31T12:46:22.521+0000] {dag.py:3036} INFO - Sync 1 DAGs
[2025-12-31T12:46:22.576+0000] {logging_mixin.py:188} INFO - [2025-12-31T12:46:22.576+0000] {dag.py:3823} INFO - Setting next_dagrun for ml_models to 2025-12-30 00:00:00+00:00, run_after=2025-12-31 00:00:00+00:00
[2025-12-31T12:46:22.650+0000] {processor.py:183} INFO - Processing /opt/airflow/dags/ml_models.py took 0.240 seconds
[2025-12-31T12:46:53.557+0000] {processor.py:161} INFO - Started process (PID=16765) to work on /opt/airflow/dags/ml_models.py
[2025-12-31T12:46:53.560+0000] {processor.py:830} INFO - Processing file /opt/airflow/dags/ml_models.py for tasks to queue
[2025-12-31T12:46:53.563+0000] {logging_mixin.py:188} INFO - [2025-12-31T12:46:53.563+0000] {dagbag.py:538} INFO - Filling up the DagBag from /opt/airflow/dags/ml_models.py
[2025-12-31T12:46:53.604+0000] {processor.py:840} INFO - DAG(s) 'ml_models' retrieved from /opt/airflow/dags/ml_models.py
[2025-12-31T12:46:53.673+0000] {logging_mixin.py:188} INFO - [2025-12-31T12:46:53.672+0000] {dag.py:3036} INFO - Sync 1 DAGs
[2025-12-31T12:46:53.716+0000] {logging_mixin.py:188} INFO - [2025-12-31T12:46:53.716+0000] {dag.py:3823} INFO - Setting next_dagrun for ml_models to 2025-12-30 00:00:00+00:00, run_after=2025-12-31 00:00:00+00:00
[2025-12-31T12:46:53.751+0000] {processor.py:183} INFO - Processing /opt/airflow/dags/ml_models.py took 0.202 seconds
[2025-12-31T12:47:24.565+0000] {processor.py:161} INFO - Started process (PID=16785) to work on /opt/airflow/dags/ml_models.py
[2025-12-31T12:47:24.567+0000] {processor.py:830} INFO - Processing file /opt/airflow/dags/ml_models.py for tasks to queue
[2025-12-31T12:47:24.569+0000] {logging_mixin.py:188} INFO - [2025-12-31T12:47:24.569+0000] {dagbag.py:538} INFO - Filling up the DagBag from /opt/airflow/dags/ml_models.py
[2025-12-31T12:47:24.606+0000] {processor.py:840} INFO - DAG(s) 'ml_models' retrieved from /opt/airflow/dags/ml_models.py
[2025-12-31T12:47:24.649+0000] {logging_mixin.py:188} INFO - [2025-12-31T12:47:24.649+0000] {dag.py:3036} INFO - Sync 1 DAGs
[2025-12-31T12:47:24.699+0000] {logging_mixin.py:188} INFO - [2025-12-31T12:47:24.699+0000] {dag.py:3823} INFO - Setting next_dagrun for ml_models to 2025-12-30 00:00:00+00:00, run_after=2025-12-31 00:00:00+00:00
[2025-12-31T12:47:24.743+0000] {processor.py:183} INFO - Processing /opt/airflow/dags/ml_models.py took 0.185 seconds
[2025-12-31T12:47:55.567+0000] {processor.py:161} INFO - Started process (PID=16805) to work on /opt/airflow/dags/ml_models.py
[2025-12-31T12:47:55.569+0000] {processor.py:830} INFO - Processing file /opt/airflow/dags/ml_models.py for tasks to queue
[2025-12-31T12:47:55.571+0000] {logging_mixin.py:188} INFO - [2025-12-31T12:47:55.571+0000] {dagbag.py:538} INFO - Filling up the DagBag from /opt/airflow/dags/ml_models.py
[2025-12-31T12:47:55.648+0000] {processor.py:840} INFO - DAG(s) 'ml_models' retrieved from /opt/airflow/dags/ml_models.py
[2025-12-31T12:47:55.700+0000] {logging_mixin.py:188} INFO - [2025-12-31T12:47:55.699+0000] {dag.py:3036} INFO - Sync 1 DAGs
[2025-12-31T12:47:55.747+0000] {logging_mixin.py:188} INFO - [2025-12-31T12:47:55.747+0000] {dag.py:3823} INFO - Setting next_dagrun for ml_models to 2025-12-30 00:00:00+00:00, run_after=2025-12-31 00:00:00+00:00
[2025-12-31T12:47:55.781+0000] {processor.py:183} INFO - Processing /opt/airflow/dags/ml_models.py took 0.223 seconds
[2025-12-31T12:48:26.647+0000] {processor.py:161} INFO - Started process (PID=16825) to work on /opt/airflow/dags/ml_models.py
[2025-12-31T12:48:26.649+0000] {processor.py:830} INFO - Processing file /opt/airflow/dags/ml_models.py for tasks to queue
[2025-12-31T12:48:26.652+0000] {logging_mixin.py:188} INFO - [2025-12-31T12:48:26.651+0000] {dagbag.py:538} INFO - Filling up the DagBag from /opt/airflow/dags/ml_models.py
[2025-12-31T12:48:26.700+0000] {processor.py:840} INFO - DAG(s) 'ml_models' retrieved from /opt/airflow/dags/ml_models.py
[2025-12-31T12:48:26.757+0000] {logging_mixin.py:188} INFO - [2025-12-31T12:48:26.757+0000] {dag.py:3036} INFO - Sync 1 DAGs
[2025-12-31T12:48:26.798+0000] {logging_mixin.py:188} INFO - [2025-12-31T12:48:26.797+0000] {dag.py:3823} INFO - Setting next_dagrun for ml_models to 2025-12-30 00:00:00+00:00, run_after=2025-12-31 00:00:00+00:00
[2025-12-31T12:48:26.875+0000] {processor.py:183} INFO - Processing /opt/airflow/dags/ml_models.py took 0.235 seconds
[2025-12-31T12:48:57.633+0000] {processor.py:161} INFO - Started process (PID=16845) to work on /opt/airflow/dags/ml_models.py
[2025-12-31T12:48:57.637+0000] {processor.py:830} INFO - Processing file /opt/airflow/dags/ml_models.py for tasks to queue
[2025-12-31T12:48:57.639+0000] {logging_mixin.py:188} INFO - [2025-12-31T12:48:57.638+0000] {dagbag.py:538} INFO - Filling up the DagBag from /opt/airflow/dags/ml_models.py
[2025-12-31T12:48:57.682+0000] {processor.py:840} INFO - DAG(s) 'ml_models' retrieved from /opt/airflow/dags/ml_models.py
[2025-12-31T12:48:57.735+0000] {logging_mixin.py:188} INFO - [2025-12-31T12:48:57.735+0000] {dag.py:3036} INFO - Sync 1 DAGs
[2025-12-31T12:48:57.777+0000] {logging_mixin.py:188} INFO - [2025-12-31T12:48:57.776+0000] {dag.py:3823} INFO - Setting next_dagrun for ml_models to 2025-12-30 00:00:00+00:00, run_after=2025-12-31 00:00:00+00:00
[2025-12-31T12:48:57.825+0000] {processor.py:183} INFO - Processing /opt/airflow/dags/ml_models.py took 0.207 seconds
[2025-12-31T12:49:28.889+0000] {processor.py:161} INFO - Started process (PID=16865) to work on /opt/airflow/dags/ml_models.py
[2025-12-31T12:49:28.891+0000] {processor.py:830} INFO - Processing file /opt/airflow/dags/ml_models.py for tasks to queue
[2025-12-31T12:49:28.893+0000] {logging_mixin.py:188} INFO - [2025-12-31T12:49:28.893+0000] {dagbag.py:538} INFO - Filling up the DagBag from /opt/airflow/dags/ml_models.py
[2025-12-31T12:49:28.932+0000] {processor.py:840} INFO - DAG(s) 'ml_models' retrieved from /opt/airflow/dags/ml_models.py
[2025-12-31T12:49:28.997+0000] {logging_mixin.py:188} INFO - [2025-12-31T12:49:28.996+0000] {dag.py:3036} INFO - Sync 1 DAGs
[2025-12-31T12:49:29.049+0000] {logging_mixin.py:188} INFO - [2025-12-31T12:49:29.048+0000] {dag.py:3823} INFO - Setting next_dagrun for ml_models to 2025-12-30 00:00:00+00:00, run_after=2025-12-31 00:00:00+00:00
[2025-12-31T12:49:29.089+0000] {processor.py:183} INFO - Processing /opt/airflow/dags/ml_models.py took 0.210 seconds
[2025-12-31T12:49:59.925+0000] {processor.py:161} INFO - Started process (PID=16885) to work on /opt/airflow/dags/ml_models.py
[2025-12-31T12:49:59.927+0000] {processor.py:830} INFO - Processing file /opt/airflow/dags/ml_models.py for tasks to queue
[2025-12-31T12:49:59.930+0000] {logging_mixin.py:188} INFO - [2025-12-31T12:49:59.929+0000] {dagbag.py:538} INFO - Filling up the DagBag from /opt/airflow/dags/ml_models.py
[2025-12-31T12:50:00.003+0000] {processor.py:840} INFO - DAG(s) 'ml_models' retrieved from /opt/airflow/dags/ml_models.py
[2025-12-31T12:50:00.058+0000] {logging_mixin.py:188} INFO - [2025-12-31T12:50:00.057+0000] {dag.py:3036} INFO - Sync 1 DAGs
[2025-12-31T12:50:00.110+0000] {logging_mixin.py:188} INFO - [2025-12-31T12:50:00.109+0000] {dag.py:3823} INFO - Setting next_dagrun for ml_models to 2025-12-30 00:00:00+00:00, run_after=2025-12-31 00:00:00+00:00
[2025-12-31T12:50:00.146+0000] {processor.py:183} INFO - Processing /opt/airflow/dags/ml_models.py took 0.234 seconds
[2025-12-31T12:50:30.896+0000] {processor.py:161} INFO - Started process (PID=16905) to work on /opt/airflow/dags/ml_models.py
[2025-12-31T12:50:30.898+0000] {processor.py:830} INFO - Processing file /opt/airflow/dags/ml_models.py for tasks to queue
[2025-12-31T12:50:30.900+0000] {logging_mixin.py:188} INFO - [2025-12-31T12:50:30.900+0000] {dagbag.py:538} INFO - Filling up the DagBag from /opt/airflow/dags/ml_models.py
[2025-12-31T12:50:30.949+0000] {processor.py:840} INFO - DAG(s) 'ml_models' retrieved from /opt/airflow/dags/ml_models.py
[2025-12-31T12:50:31.003+0000] {logging_mixin.py:188} INFO - [2025-12-31T12:50:31.002+0000] {dag.py:3036} INFO - Sync 1 DAGs
[2025-12-31T12:50:31.057+0000] {logging_mixin.py:188} INFO - [2025-12-31T12:50:31.056+0000] {dag.py:3823} INFO - Setting next_dagrun for ml_models to 2025-12-30 00:00:00+00:00, run_after=2025-12-31 00:00:00+00:00
[2025-12-31T12:50:31.144+0000] {processor.py:183} INFO - Processing /opt/airflow/dags/ml_models.py took 0.254 seconds
[2025-12-31T12:51:02.039+0000] {processor.py:161} INFO - Started process (PID=16925) to work on /opt/airflow/dags/ml_models.py
[2025-12-31T12:51:02.042+0000] {processor.py:830} INFO - Processing file /opt/airflow/dags/ml_models.py for tasks to queue
[2025-12-31T12:51:02.045+0000] {logging_mixin.py:188} INFO - [2025-12-31T12:51:02.044+0000] {dagbag.py:538} INFO - Filling up the DagBag from /opt/airflow/dags/ml_models.py
[2025-12-31T12:51:02.130+0000] {processor.py:840} INFO - DAG(s) 'ml_models' retrieved from /opt/airflow/dags/ml_models.py
[2025-12-31T12:51:02.186+0000] {logging_mixin.py:188} INFO - [2025-12-31T12:51:02.186+0000] {dag.py:3036} INFO - Sync 1 DAGs
[2025-12-31T12:51:02.225+0000] {logging_mixin.py:188} INFO - [2025-12-31T12:51:02.224+0000] {dag.py:3823} INFO - Setting next_dagrun for ml_models to 2025-12-30 00:00:00+00:00, run_after=2025-12-31 00:00:00+00:00
[2025-12-31T12:51:02.261+0000] {processor.py:183} INFO - Processing /opt/airflow/dags/ml_models.py took 0.229 seconds
[2025-12-31T12:51:33.204+0000] {processor.py:161} INFO - Started process (PID=16945) to work on /opt/airflow/dags/ml_models.py
[2025-12-31T12:51:33.208+0000] {processor.py:830} INFO - Processing file /opt/airflow/dags/ml_models.py for tasks to queue
[2025-12-31T12:51:33.211+0000] {logging_mixin.py:188} INFO - [2025-12-31T12:51:33.210+0000] {dagbag.py:538} INFO - Filling up the DagBag from /opt/airflow/dags/ml_models.py
[2025-12-31T12:51:33.254+0000] {processor.py:840} INFO - DAG(s) 'ml_models' retrieved from /opt/airflow/dags/ml_models.py
[2025-12-31T12:51:33.316+0000] {logging_mixin.py:188} INFO - [2025-12-31T12:51:33.315+0000] {dag.py:3036} INFO - Sync 1 DAGs
[2025-12-31T12:51:33.411+0000] {logging_mixin.py:188} INFO - [2025-12-31T12:51:33.411+0000] {dag.py:3823} INFO - Setting next_dagrun for ml_models to 2025-12-30 00:00:00+00:00, run_after=2025-12-31 00:00:00+00:00
[2025-12-31T12:51:33.503+0000] {processor.py:183} INFO - Processing /opt/airflow/dags/ml_models.py took 0.307 seconds
[2025-12-31T12:52:04.416+0000] {processor.py:161} INFO - Started process (PID=16965) to work on /opt/airflow/dags/ml_models.py
[2025-12-31T12:52:04.419+0000] {processor.py:830} INFO - Processing file /opt/airflow/dags/ml_models.py for tasks to queue
[2025-12-31T12:52:04.421+0000] {logging_mixin.py:188} INFO - [2025-12-31T12:52:04.421+0000] {dagbag.py:538} INFO - Filling up the DagBag from /opt/airflow/dags/ml_models.py
[2025-12-31T12:52:04.467+0000] {processor.py:840} INFO - DAG(s) 'ml_models' retrieved from /opt/airflow/dags/ml_models.py
[2025-12-31T12:52:04.527+0000] {logging_mixin.py:188} INFO - [2025-12-31T12:52:04.526+0000] {dag.py:3036} INFO - Sync 1 DAGs
[2025-12-31T12:52:04.571+0000] {logging_mixin.py:188} INFO - [2025-12-31T12:52:04.571+0000] {dag.py:3823} INFO - Setting next_dagrun for ml_models to 2025-12-30 00:00:00+00:00, run_after=2025-12-31 00:00:00+00:00
[2025-12-31T12:52:04.610+0000] {processor.py:183} INFO - Processing /opt/airflow/dags/ml_models.py took 0.207 seconds
[2025-12-31T12:52:35.380+0000] {processor.py:161} INFO - Started process (PID=16985) to work on /opt/airflow/dags/ml_models.py
[2025-12-31T12:52:35.383+0000] {processor.py:830} INFO - Processing file /opt/airflow/dags/ml_models.py for tasks to queue
[2025-12-31T12:52:35.385+0000] {logging_mixin.py:188} INFO - [2025-12-31T12:52:35.384+0000] {dagbag.py:538} INFO - Filling up the DagBag from /opt/airflow/dags/ml_models.py
[2025-12-31T12:52:35.436+0000] {processor.py:840} INFO - DAG(s) 'ml_models' retrieved from /opt/airflow/dags/ml_models.py
[2025-12-31T12:52:35.490+0000] {logging_mixin.py:188} INFO - [2025-12-31T12:52:35.490+0000] {dag.py:3036} INFO - Sync 1 DAGs
[2025-12-31T12:52:35.557+0000] {logging_mixin.py:188} INFO - [2025-12-31T12:52:35.556+0000] {dag.py:3823} INFO - Setting next_dagrun for ml_models to 2025-12-30 00:00:00+00:00, run_after=2025-12-31 00:00:00+00:00
[2025-12-31T12:52:35.635+0000] {processor.py:183} INFO - Processing /opt/airflow/dags/ml_models.py took 0.265 seconds
[2025-12-31T12:53:06.349+0000] {processor.py:161} INFO - Started process (PID=17005) to work on /opt/airflow/dags/ml_models.py
[2025-12-31T12:53:06.352+0000] {processor.py:830} INFO - Processing file /opt/airflow/dags/ml_models.py for tasks to queue
[2025-12-31T12:53:06.354+0000] {logging_mixin.py:188} INFO - [2025-12-31T12:53:06.353+0000] {dagbag.py:538} INFO - Filling up the DagBag from /opt/airflow/dags/ml_models.py
[2025-12-31T12:53:06.436+0000] {processor.py:840} INFO - DAG(s) 'ml_models' retrieved from /opt/airflow/dags/ml_models.py
[2025-12-31T12:53:06.492+0000] {logging_mixin.py:188} INFO - [2025-12-31T12:53:06.491+0000] {dag.py:3036} INFO - Sync 1 DAGs
[2025-12-31T12:53:06.528+0000] {logging_mixin.py:188} INFO - [2025-12-31T12:53:06.527+0000] {dag.py:3823} INFO - Setting next_dagrun for ml_models to 2025-12-30 00:00:00+00:00, run_after=2025-12-31 00:00:00+00:00
[2025-12-31T12:53:06.571+0000] {processor.py:183} INFO - Processing /opt/airflow/dags/ml_models.py took 0.230 seconds
[2025-12-31T12:53:37.356+0000] {processor.py:161} INFO - Started process (PID=17025) to work on /opt/airflow/dags/ml_models.py
[2025-12-31T12:53:37.358+0000] {processor.py:830} INFO - Processing file /opt/airflow/dags/ml_models.py for tasks to queue
[2025-12-31T12:53:37.360+0000] {logging_mixin.py:188} INFO - [2025-12-31T12:53:37.360+0000] {dagbag.py:538} INFO - Filling up the DagBag from /opt/airflow/dags/ml_models.py
[2025-12-31T12:53:37.406+0000] {processor.py:840} INFO - DAG(s) 'ml_models' retrieved from /opt/airflow/dags/ml_models.py
[2025-12-31T12:53:37.471+0000] {logging_mixin.py:188} INFO - [2025-12-31T12:53:37.471+0000] {dag.py:3036} INFO - Sync 1 DAGs
[2025-12-31T12:53:37.515+0000] {logging_mixin.py:188} INFO - [2025-12-31T12:53:37.515+0000] {dag.py:3823} INFO - Setting next_dagrun for ml_models to 2025-12-30 00:00:00+00:00, run_after=2025-12-31 00:00:00+00:00
[2025-12-31T12:53:37.555+0000] {processor.py:183} INFO - Processing /opt/airflow/dags/ml_models.py took 0.207 seconds
[2025-12-31T12:54:08.465+0000] {processor.py:161} INFO - Started process (PID=17045) to work on /opt/airflow/dags/ml_models.py
[2025-12-31T12:54:08.468+0000] {processor.py:830} INFO - Processing file /opt/airflow/dags/ml_models.py for tasks to queue
[2025-12-31T12:54:08.470+0000] {logging_mixin.py:188} INFO - [2025-12-31T12:54:08.470+0000] {dagbag.py:538} INFO - Filling up the DagBag from /opt/airflow/dags/ml_models.py
[2025-12-31T12:54:08.517+0000] {processor.py:840} INFO - DAG(s) 'ml_models' retrieved from /opt/airflow/dags/ml_models.py
[2025-12-31T12:54:08.568+0000] {logging_mixin.py:188} INFO - [2025-12-31T12:54:08.568+0000] {dag.py:3036} INFO - Sync 1 DAGs
[2025-12-31T12:54:08.617+0000] {logging_mixin.py:188} INFO - [2025-12-31T12:54:08.617+0000] {dag.py:3823} INFO - Setting next_dagrun for ml_models to 2025-12-30 00:00:00+00:00, run_after=2025-12-31 00:00:00+00:00
[2025-12-31T12:54:08.696+0000] {processor.py:183} INFO - Processing /opt/airflow/dags/ml_models.py took 0.240 seconds
[2025-12-31T12:54:39.580+0000] {processor.py:161} INFO - Started process (PID=17065) to work on /opt/airflow/dags/ml_models.py
[2025-12-31T12:54:39.582+0000] {processor.py:830} INFO - Processing file /opt/airflow/dags/ml_models.py for tasks to queue
[2025-12-31T12:54:39.584+0000] {logging_mixin.py:188} INFO - [2025-12-31T12:54:39.583+0000] {dagbag.py:538} INFO - Filling up the DagBag from /opt/airflow/dags/ml_models.py
[2025-12-31T12:54:39.627+0000] {processor.py:840} INFO - DAG(s) 'ml_models' retrieved from /opt/airflow/dags/ml_models.py
[2025-12-31T12:54:39.689+0000] {logging_mixin.py:188} INFO - [2025-12-31T12:54:39.688+0000] {dag.py:3036} INFO - Sync 1 DAGs
[2025-12-31T12:54:39.740+0000] {logging_mixin.py:188} INFO - [2025-12-31T12:54:39.740+0000] {dag.py:3823} INFO - Setting next_dagrun for ml_models to 2025-12-30 00:00:00+00:00, run_after=2025-12-31 00:00:00+00:00
[2025-12-31T12:54:39.801+0000] {processor.py:183} INFO - Processing /opt/airflow/dags/ml_models.py took 0.229 seconds
[2025-12-31T12:55:10.675+0000] {processor.py:161} INFO - Started process (PID=17085) to work on /opt/airflow/dags/ml_models.py
[2025-12-31T12:55:10.678+0000] {processor.py:830} INFO - Processing file /opt/airflow/dags/ml_models.py for tasks to queue
[2025-12-31T12:55:10.680+0000] {logging_mixin.py:188} INFO - [2025-12-31T12:55:10.679+0000] {dagbag.py:538} INFO - Filling up the DagBag from /opt/airflow/dags/ml_models.py
[2025-12-31T12:55:10.763+0000] {processor.py:840} INFO - DAG(s) 'ml_models' retrieved from /opt/airflow/dags/ml_models.py
[2025-12-31T12:55:10.812+0000] {logging_mixin.py:188} INFO - [2025-12-31T12:55:10.812+0000] {dag.py:3036} INFO - Sync 1 DAGs
[2025-12-31T12:55:10.853+0000] {logging_mixin.py:188} INFO - [2025-12-31T12:55:10.853+0000] {dag.py:3823} INFO - Setting next_dagrun for ml_models to 2025-12-30 00:00:00+00:00, run_after=2025-12-31 00:00:00+00:00
[2025-12-31T12:55:10.901+0000] {processor.py:183} INFO - Processing /opt/airflow/dags/ml_models.py took 0.235 seconds
[2025-12-31T12:55:41.680+0000] {processor.py:161} INFO - Started process (PID=17105) to work on /opt/airflow/dags/ml_models.py
[2025-12-31T12:55:41.683+0000] {processor.py:830} INFO - Processing file /opt/airflow/dags/ml_models.py for tasks to queue
[2025-12-31T12:55:41.686+0000] {logging_mixin.py:188} INFO - [2025-12-31T12:55:41.685+0000] {dagbag.py:538} INFO - Filling up the DagBag from /opt/airflow/dags/ml_models.py
[2025-12-31T12:55:41.724+0000] {processor.py:840} INFO - DAG(s) 'ml_models' retrieved from /opt/airflow/dags/ml_models.py
[2025-12-31T12:55:41.786+0000] {logging_mixin.py:188} INFO - [2025-12-31T12:55:41.785+0000] {dag.py:3036} INFO - Sync 1 DAGs
[2025-12-31T12:55:41.830+0000] {logging_mixin.py:188} INFO - [2025-12-31T12:55:41.829+0000] {dag.py:3823} INFO - Setting next_dagrun for ml_models to 2025-12-30 00:00:00+00:00, run_after=2025-12-31 00:00:00+00:00
[2025-12-31T12:55:41.893+0000] {processor.py:183} INFO - Processing /opt/airflow/dags/ml_models.py took 0.221 seconds
[2025-12-31T12:56:12.672+0000] {processor.py:161} INFO - Started process (PID=17125) to work on /opt/airflow/dags/ml_models.py
[2025-12-31T12:56:12.674+0000] {processor.py:830} INFO - Processing file /opt/airflow/dags/ml_models.py for tasks to queue
[2025-12-31T12:56:12.676+0000] {logging_mixin.py:188} INFO - [2025-12-31T12:56:12.676+0000] {dagbag.py:538} INFO - Filling up the DagBag from /opt/airflow/dags/ml_models.py
[2025-12-31T12:56:12.749+0000] {processor.py:840} INFO - DAG(s) 'ml_models' retrieved from /opt/airflow/dags/ml_models.py
[2025-12-31T12:56:12.805+0000] {logging_mixin.py:188} INFO - [2025-12-31T12:56:12.804+0000] {dag.py:3036} INFO - Sync 1 DAGs
[2025-12-31T12:56:12.853+0000] {logging_mixin.py:188} INFO - [2025-12-31T12:56:12.853+0000] {dag.py:3823} INFO - Setting next_dagrun for ml_models to 2025-12-30 00:00:00+00:00, run_after=2025-12-31 00:00:00+00:00
[2025-12-31T12:56:12.894+0000] {processor.py:183} INFO - Processing /opt/airflow/dags/ml_models.py took 0.228 seconds
[2025-12-31T12:56:43.784+0000] {processor.py:161} INFO - Started process (PID=17145) to work on /opt/airflow/dags/ml_models.py
[2025-12-31T12:56:43.788+0000] {processor.py:830} INFO - Processing file /opt/airflow/dags/ml_models.py for tasks to queue
[2025-12-31T12:56:43.791+0000] {logging_mixin.py:188} INFO - [2025-12-31T12:56:43.790+0000] {dagbag.py:538} INFO - Filling up the DagBag from /opt/airflow/dags/ml_models.py
[2025-12-31T12:56:43.832+0000] {processor.py:840} INFO - DAG(s) 'ml_models' retrieved from /opt/airflow/dags/ml_models.py
[2025-12-31T12:56:43.883+0000] {logging_mixin.py:188} INFO - [2025-12-31T12:56:43.882+0000] {dag.py:3036} INFO - Sync 1 DAGs
[2025-12-31T12:56:43.929+0000] {logging_mixin.py:188} INFO - [2025-12-31T12:56:43.928+0000] {dag.py:3823} INFO - Setting next_dagrun for ml_models to 2025-12-30 00:00:00+00:00, run_after=2025-12-31 00:00:00+00:00
[2025-12-31T12:56:44.012+0000] {processor.py:183} INFO - Processing /opt/airflow/dags/ml_models.py took 0.240 seconds
[2025-12-31T12:57:14.911+0000] {processor.py:161} INFO - Started process (PID=17165) to work on /opt/airflow/dags/ml_models.py
[2025-12-31T12:57:14.913+0000] {processor.py:830} INFO - Processing file /opt/airflow/dags/ml_models.py for tasks to queue
[2025-12-31T12:57:14.916+0000] {logging_mixin.py:188} INFO - [2025-12-31T12:57:14.915+0000] {dagbag.py:538} INFO - Filling up the DagBag from /opt/airflow/dags/ml_models.py
[2025-12-31T12:57:14.993+0000] {processor.py:840} INFO - DAG(s) 'ml_models' retrieved from /opt/airflow/dags/ml_models.py
[2025-12-31T12:57:15.048+0000] {logging_mixin.py:188} INFO - [2025-12-31T12:57:15.048+0000] {dag.py:3036} INFO - Sync 1 DAGs
[2025-12-31T12:57:15.090+0000] {logging_mixin.py:188} INFO - [2025-12-31T12:57:15.090+0000] {dag.py:3823} INFO - Setting next_dagrun for ml_models to 2025-12-30 00:00:00+00:00, run_after=2025-12-31 00:00:00+00:00
[2025-12-31T12:57:15.127+0000] {processor.py:183} INFO - Processing /opt/airflow/dags/ml_models.py took 0.226 seconds
[2025-12-31T12:57:45.944+0000] {processor.py:161} INFO - Started process (PID=17185) to work on /opt/airflow/dags/ml_models.py
[2025-12-31T12:57:45.946+0000] {processor.py:830} INFO - Processing file /opt/airflow/dags/ml_models.py for tasks to queue
[2025-12-31T12:57:45.948+0000] {logging_mixin.py:188} INFO - [2025-12-31T12:57:45.948+0000] {dagbag.py:538} INFO - Filling up the DagBag from /opt/airflow/dags/ml_models.py
[2025-12-31T12:57:45.985+0000] {processor.py:840} INFO - DAG(s) 'ml_models' retrieved from /opt/airflow/dags/ml_models.py
[2025-12-31T12:57:46.048+0000] {logging_mixin.py:188} INFO - [2025-12-31T12:57:46.047+0000] {dag.py:3036} INFO - Sync 1 DAGs
[2025-12-31T12:57:46.091+0000] {logging_mixin.py:188} INFO - [2025-12-31T12:57:46.090+0000] {dag.py:3823} INFO - Setting next_dagrun for ml_models to 2025-12-30 00:00:00+00:00, run_after=2025-12-31 00:00:00+00:00
[2025-12-31T12:57:46.177+0000] {processor.py:183} INFO - Processing /opt/airflow/dags/ml_models.py took 0.240 seconds
[2025-12-31T12:58:16.939+0000] {processor.py:161} INFO - Started process (PID=17205) to work on /opt/airflow/dags/ml_models.py
[2025-12-31T12:58:16.942+0000] {processor.py:830} INFO - Processing file /opt/airflow/dags/ml_models.py for tasks to queue
[2025-12-31T12:58:16.944+0000] {logging_mixin.py:188} INFO - [2025-12-31T12:58:16.943+0000] {dagbag.py:538} INFO - Filling up the DagBag from /opt/airflow/dags/ml_models.py
[2025-12-31T12:58:16.983+0000] {processor.py:840} INFO - DAG(s) 'ml_models' retrieved from /opt/airflow/dags/ml_models.py
[2025-12-31T12:58:17.050+0000] {logging_mixin.py:188} INFO - [2025-12-31T12:58:17.049+0000] {dag.py:3036} INFO - Sync 1 DAGs
[2025-12-31T12:58:17.101+0000] {logging_mixin.py:188} INFO - [2025-12-31T12:58:17.100+0000] {dag.py:3823} INFO - Setting next_dagrun for ml_models to 2025-12-30 00:00:00+00:00, run_after=2025-12-31 00:00:00+00:00
[2025-12-31T12:58:17.175+0000] {processor.py:183} INFO - Processing /opt/airflow/dags/ml_models.py took 0.243 seconds
[2025-12-31T12:58:47.983+0000] {processor.py:161} INFO - Started process (PID=17225) to work on /opt/airflow/dags/ml_models.py
[2025-12-31T12:58:47.985+0000] {processor.py:830} INFO - Processing file /opt/airflow/dags/ml_models.py for tasks to queue
[2025-12-31T12:58:47.987+0000] {logging_mixin.py:188} INFO - [2025-12-31T12:58:47.986+0000] {dagbag.py:538} INFO - Filling up the DagBag from /opt/airflow/dags/ml_models.py
[2025-12-31T12:58:48.060+0000] {processor.py:840} INFO - DAG(s) 'ml_models' retrieved from /opt/airflow/dags/ml_models.py
[2025-12-31T12:58:48.113+0000] {logging_mixin.py:188} INFO - [2025-12-31T12:58:48.112+0000] {dag.py:3036} INFO - Sync 1 DAGs
[2025-12-31T12:58:48.152+0000] {logging_mixin.py:188} INFO - [2025-12-31T12:58:48.152+0000] {dag.py:3823} INFO - Setting next_dagrun for ml_models to 2025-12-30 00:00:00+00:00, run_after=2025-12-31 00:00:00+00:00
[2025-12-31T12:58:48.188+0000] {processor.py:183} INFO - Processing /opt/airflow/dags/ml_models.py took 0.211 seconds
[2025-12-31T12:59:18.950+0000] {processor.py:161} INFO - Started process (PID=17245) to work on /opt/airflow/dags/ml_models.py
[2025-12-31T12:59:18.952+0000] {processor.py:830} INFO - Processing file /opt/airflow/dags/ml_models.py for tasks to queue
[2025-12-31T12:59:18.954+0000] {logging_mixin.py:188} INFO - [2025-12-31T12:59:18.953+0000] {dagbag.py:538} INFO - Filling up the DagBag from /opt/airflow/dags/ml_models.py
[2025-12-31T12:59:19.003+0000] {processor.py:840} INFO - DAG(s) 'ml_models' retrieved from /opt/airflow/dags/ml_models.py
[2025-12-31T12:59:19.052+0000] {logging_mixin.py:188} INFO - [2025-12-31T12:59:19.051+0000] {dag.py:3036} INFO - Sync 1 DAGs
[2025-12-31T12:59:19.093+0000] {logging_mixin.py:188} INFO - [2025-12-31T12:59:19.092+0000] {dag.py:3823} INFO - Setting next_dagrun for ml_models to 2025-12-30 00:00:00+00:00, run_after=2025-12-31 00:00:00+00:00
[2025-12-31T12:59:19.174+0000] {processor.py:183} INFO - Processing /opt/airflow/dags/ml_models.py took 0.233 seconds
[2025-12-31T12:59:50.073+0000] {processor.py:161} INFO - Started process (PID=17265) to work on /opt/airflow/dags/ml_models.py
[2025-12-31T12:59:50.074+0000] {processor.py:830} INFO - Processing file /opt/airflow/dags/ml_models.py for tasks to queue
[2025-12-31T12:59:50.077+0000] {logging_mixin.py:188} INFO - [2025-12-31T12:59:50.076+0000] {dagbag.py:538} INFO - Filling up the DagBag from /opt/airflow/dags/ml_models.py
[2025-12-31T12:59:50.113+0000] {processor.py:840} INFO - DAG(s) 'ml_models' retrieved from /opt/airflow/dags/ml_models.py
[2025-12-31T12:59:50.198+0000] {logging_mixin.py:188} INFO - [2025-12-31T12:59:50.198+0000] {dag.py:3036} INFO - Sync 1 DAGs
[2025-12-31T12:59:50.239+0000] {logging_mixin.py:188} INFO - [2025-12-31T12:59:50.238+0000] {dag.py:3823} INFO - Setting next_dagrun for ml_models to 2025-12-30 00:00:00+00:00, run_after=2025-12-31 00:00:00+00:00
[2025-12-31T12:59:50.309+0000] {processor.py:183} INFO - Processing /opt/airflow/dags/ml_models.py took 0.243 seconds
[2025-12-31T13:00:21.087+0000] {processor.py:161} INFO - Started process (PID=17285) to work on /opt/airflow/dags/ml_models.py
[2025-12-31T13:00:21.091+0000] {processor.py:830} INFO - Processing file /opt/airflow/dags/ml_models.py for tasks to queue
[2025-12-31T13:00:21.094+0000] {logging_mixin.py:188} INFO - [2025-12-31T13:00:21.093+0000] {dagbag.py:538} INFO - Filling up the DagBag from /opt/airflow/dags/ml_models.py
[2025-12-31T13:00:21.137+0000] {processor.py:840} INFO - DAG(s) 'ml_models' retrieved from /opt/airflow/dags/ml_models.py
[2025-12-31T13:00:21.195+0000] {logging_mixin.py:188} INFO - [2025-12-31T13:00:21.194+0000] {dag.py:3036} INFO - Sync 1 DAGs
[2025-12-31T13:00:21.258+0000] {logging_mixin.py:188} INFO - [2025-12-31T13:00:21.257+0000] {dag.py:3823} INFO - Setting next_dagrun for ml_models to 2025-12-30 00:00:00+00:00, run_after=2025-12-31 00:00:00+00:00
[2025-12-31T13:00:22.462+0000] {processor.py:183} INFO - Processing /opt/airflow/dags/ml_models.py took 1.385 seconds
[2025-12-31T13:00:53.356+0000] {processor.py:161} INFO - Started process (PID=17305) to work on /opt/airflow/dags/ml_models.py
[2025-12-31T13:00:53.359+0000] {processor.py:830} INFO - Processing file /opt/airflow/dags/ml_models.py for tasks to queue
[2025-12-31T13:00:53.360+0000] {logging_mixin.py:188} INFO - [2025-12-31T13:00:53.360+0000] {dagbag.py:538} INFO - Filling up the DagBag from /opt/airflow/dags/ml_models.py
[2025-12-31T13:00:53.393+0000] {processor.py:840} INFO - DAG(s) 'ml_models' retrieved from /opt/airflow/dags/ml_models.py
[2025-12-31T13:00:53.451+0000] {logging_mixin.py:188} INFO - [2025-12-31T13:00:53.449+0000] {dag.py:3036} INFO - Sync 1 DAGs
[2025-12-31T13:00:53.504+0000] {logging_mixin.py:188} INFO - [2025-12-31T13:00:53.504+0000] {dag.py:3823} INFO - Setting next_dagrun for ml_models to 2025-12-30 00:00:00+00:00, run_after=2025-12-31 00:00:00+00:00
[2025-12-31T13:00:53.584+0000] {processor.py:183} INFO - Processing /opt/airflow/dags/ml_models.py took 0.236 seconds
[2025-12-31T13:01:24.503+0000] {processor.py:161} INFO - Started process (PID=17325) to work on /opt/airflow/dags/ml_models.py
[2025-12-31T13:01:24.506+0000] {processor.py:830} INFO - Processing file /opt/airflow/dags/ml_models.py for tasks to queue
[2025-12-31T13:01:24.509+0000] {logging_mixin.py:188} INFO - [2025-12-31T13:01:24.508+0000] {dagbag.py:538} INFO - Filling up the DagBag from /opt/airflow/dags/ml_models.py
[2025-12-31T13:01:24.552+0000] {processor.py:840} INFO - DAG(s) 'ml_models' retrieved from /opt/airflow/dags/ml_models.py
[2025-12-31T13:01:24.606+0000] {logging_mixin.py:188} INFO - [2025-12-31T13:01:24.606+0000] {dag.py:3036} INFO - Sync 1 DAGs
[2025-12-31T13:01:24.668+0000] {logging_mixin.py:188} INFO - [2025-12-31T13:01:24.667+0000] {dag.py:3823} INFO - Setting next_dagrun for ml_models to 2025-12-30 00:00:00+00:00, run_after=2025-12-31 00:00:00+00:00
[2025-12-31T13:01:24.710+0000] {processor.py:183} INFO - Processing /opt/airflow/dags/ml_models.py took 0.216 seconds
[2025-12-31T13:01:55.703+0000] {processor.py:161} INFO - Started process (PID=17345) to work on /opt/airflow/dags/ml_models.py
[2025-12-31T13:01:55.706+0000] {processor.py:830} INFO - Processing file /opt/airflow/dags/ml_models.py for tasks to queue
[2025-12-31T13:01:55.708+0000] {logging_mixin.py:188} INFO - [2025-12-31T13:01:55.707+0000] {dagbag.py:538} INFO - Filling up the DagBag from /opt/airflow/dags/ml_models.py
[2025-12-31T13:01:55.751+0000] {processor.py:840} INFO - DAG(s) 'ml_models' retrieved from /opt/airflow/dags/ml_models.py
[2025-12-31T13:01:55.794+0000] {logging_mixin.py:188} INFO - [2025-12-31T13:01:55.793+0000] {dag.py:3036} INFO - Sync 1 DAGs
[2025-12-31T13:01:55.847+0000] {logging_mixin.py:188} INFO - [2025-12-31T13:01:55.846+0000] {dag.py:3823} INFO - Setting next_dagrun for ml_models to 2025-12-30 00:00:00+00:00, run_after=2025-12-31 00:00:00+00:00
[2025-12-31T13:01:55.935+0000] {processor.py:183} INFO - Processing /opt/airflow/dags/ml_models.py took 0.239 seconds
[2025-12-31T13:02:26.728+0000] {processor.py:161} INFO - Started process (PID=17365) to work on /opt/airflow/dags/ml_models.py
[2025-12-31T13:02:26.730+0000] {processor.py:830} INFO - Processing file /opt/airflow/dags/ml_models.py for tasks to queue
[2025-12-31T13:02:26.732+0000] {logging_mixin.py:188} INFO - [2025-12-31T13:02:26.731+0000] {dagbag.py:538} INFO - Filling up the DagBag from /opt/airflow/dags/ml_models.py
[2025-12-31T13:02:26.772+0000] {processor.py:840} INFO - DAG(s) 'ml_models' retrieved from /opt/airflow/dags/ml_models.py
[2025-12-31T13:02:26.833+0000] {logging_mixin.py:188} INFO - [2025-12-31T13:02:26.833+0000] {dag.py:3036} INFO - Sync 1 DAGs
[2025-12-31T13:02:26.874+0000] {logging_mixin.py:188} INFO - [2025-12-31T13:02:26.873+0000] {dag.py:3823} INFO - Setting next_dagrun for ml_models to 2025-12-30 00:00:00+00:00, run_after=2025-12-31 00:00:00+00:00
[2025-12-31T13:02:26.953+0000] {processor.py:183} INFO - Processing /opt/airflow/dags/ml_models.py took 0.233 seconds
[2025-12-31T13:02:57.753+0000] {processor.py:161} INFO - Started process (PID=17385) to work on /opt/airflow/dags/ml_models.py
[2025-12-31T13:02:57.755+0000] {processor.py:830} INFO - Processing file /opt/airflow/dags/ml_models.py for tasks to queue
[2025-12-31T13:02:57.758+0000] {logging_mixin.py:188} INFO - [2025-12-31T13:02:57.757+0000] {dagbag.py:538} INFO - Filling up the DagBag from /opt/airflow/dags/ml_models.py
[2025-12-31T13:02:57.832+0000] {processor.py:840} INFO - DAG(s) 'ml_models' retrieved from /opt/airflow/dags/ml_models.py
[2025-12-31T13:02:57.889+0000] {logging_mixin.py:188} INFO - [2025-12-31T13:02:57.889+0000] {dag.py:3036} INFO - Sync 1 DAGs
[2025-12-31T13:02:57.937+0000] {logging_mixin.py:188} INFO - [2025-12-31T13:02:57.936+0000] {dag.py:3823} INFO - Setting next_dagrun for ml_models to 2025-12-30 00:00:00+00:00, run_after=2025-12-31 00:00:00+00:00
[2025-12-31T13:02:57.978+0000] {processor.py:183} INFO - Processing /opt/airflow/dags/ml_models.py took 0.231 seconds
[2025-12-31T13:03:28.774+0000] {processor.py:161} INFO - Started process (PID=17405) to work on /opt/airflow/dags/ml_models.py
[2025-12-31T13:03:28.777+0000] {processor.py:830} INFO - Processing file /opt/airflow/dags/ml_models.py for tasks to queue
[2025-12-31T13:03:28.779+0000] {logging_mixin.py:188} INFO - [2025-12-31T13:03:28.778+0000] {dagbag.py:538} INFO - Filling up the DagBag from /opt/airflow/dags/ml_models.py
[2025-12-31T13:03:28.832+0000] {processor.py:840} INFO - DAG(s) 'ml_models' retrieved from /opt/airflow/dags/ml_models.py
[2025-12-31T13:03:28.893+0000] {logging_mixin.py:188} INFO - [2025-12-31T13:03:28.893+0000] {dag.py:3036} INFO - Sync 1 DAGs
[2025-12-31T13:03:28.945+0000] {logging_mixin.py:188} INFO - [2025-12-31T13:03:28.945+0000] {dag.py:3823} INFO - Setting next_dagrun for ml_models to 2025-12-30 00:00:00+00:00, run_after=2025-12-31 00:00:00+00:00
[2025-12-31T13:03:29.022+0000] {processor.py:183} INFO - Processing /opt/airflow/dags/ml_models.py took 0.254 seconds
[2025-12-31T13:03:59.879+0000] {processor.py:161} INFO - Started process (PID=17425) to work on /opt/airflow/dags/ml_models.py
[2025-12-31T13:03:59.881+0000] {processor.py:830} INFO - Processing file /opt/airflow/dags/ml_models.py for tasks to queue
[2025-12-31T13:03:59.883+0000] {logging_mixin.py:188} INFO - [2025-12-31T13:03:59.883+0000] {dagbag.py:538} INFO - Filling up the DagBag from /opt/airflow/dags/ml_models.py
[2025-12-31T13:03:59.919+0000] {processor.py:840} INFO - DAG(s) 'ml_models' retrieved from /opt/airflow/dags/ml_models.py
[2025-12-31T13:03:59.964+0000] {logging_mixin.py:188} INFO - [2025-12-31T13:03:59.964+0000] {dag.py:3036} INFO - Sync 1 DAGs
[2025-12-31T13:04:00.017+0000] {logging_mixin.py:188} INFO - [2025-12-31T13:04:00.017+0000] {dag.py:3823} INFO - Setting next_dagrun for ml_models to 2025-12-30 00:00:00+00:00, run_after=2025-12-31 00:00:00+00:00
[2025-12-31T13:04:00.056+0000] {processor.py:183} INFO - Processing /opt/airflow/dags/ml_models.py took 0.188 seconds
[2025-12-31T13:04:30.956+0000] {processor.py:161} INFO - Started process (PID=17445) to work on /opt/airflow/dags/ml_models.py
[2025-12-31T13:04:30.958+0000] {processor.py:830} INFO - Processing file /opt/airflow/dags/ml_models.py for tasks to queue
[2025-12-31T13:04:30.960+0000] {logging_mixin.py:188} INFO - [2025-12-31T13:04:30.960+0000] {dagbag.py:538} INFO - Filling up the DagBag from /opt/airflow/dags/ml_models.py
[2025-12-31T13:04:30.999+0000] {processor.py:840} INFO - DAG(s) 'ml_models' retrieved from /opt/airflow/dags/ml_models.py
[2025-12-31T13:04:31.069+0000] {logging_mixin.py:188} INFO - [2025-12-31T13:04:31.068+0000] {dag.py:3036} INFO - Sync 1 DAGs
[2025-12-31T13:04:31.113+0000] {logging_mixin.py:188} INFO - [2025-12-31T13:04:31.113+0000] {dag.py:3823} INFO - Setting next_dagrun for ml_models to 2025-12-30 00:00:00+00:00, run_after=2025-12-31 00:00:00+00:00
[2025-12-31T13:04:31.188+0000] {processor.py:183} INFO - Processing /opt/airflow/dags/ml_models.py took 0.239 seconds
[2025-12-31T13:05:01.971+0000] {processor.py:161} INFO - Started process (PID=17465) to work on /opt/airflow/dags/ml_models.py
[2025-12-31T13:05:01.974+0000] {processor.py:830} INFO - Processing file /opt/airflow/dags/ml_models.py for tasks to queue
[2025-12-31T13:05:01.976+0000] {logging_mixin.py:188} INFO - [2025-12-31T13:05:01.975+0000] {dagbag.py:538} INFO - Filling up the DagBag from /opt/airflow/dags/ml_models.py
[2025-12-31T13:05:02.017+0000] {processor.py:840} INFO - DAG(s) 'ml_models' retrieved from /opt/airflow/dags/ml_models.py
[2025-12-31T13:05:02.073+0000] {logging_mixin.py:188} INFO - [2025-12-31T13:05:02.072+0000] {dag.py:3036} INFO - Sync 1 DAGs
[2025-12-31T13:05:02.124+0000] {logging_mixin.py:188} INFO - [2025-12-31T13:05:02.123+0000] {dag.py:3823} INFO - Setting next_dagrun for ml_models to 2025-12-30 00:00:00+00:00, run_after=2025-12-31 00:00:00+00:00
[2025-12-31T13:05:02.199+0000] {processor.py:183} INFO - Processing /opt/airflow/dags/ml_models.py took 0.239 seconds
[2025-12-31T13:05:32.974+0000] {processor.py:161} INFO - Started process (PID=17485) to work on /opt/airflow/dags/ml_models.py
[2025-12-31T13:05:32.977+0000] {processor.py:830} INFO - Processing file /opt/airflow/dags/ml_models.py for tasks to queue
[2025-12-31T13:05:32.979+0000] {logging_mixin.py:188} INFO - [2025-12-31T13:05:32.978+0000] {dagbag.py:538} INFO - Filling up the DagBag from /opt/airflow/dags/ml_models.py
[2025-12-31T13:05:33.020+0000] {processor.py:840} INFO - DAG(s) 'ml_models' retrieved from /opt/airflow/dags/ml_models.py
[2025-12-31T13:05:33.068+0000] {logging_mixin.py:188} INFO - [2025-12-31T13:05:33.068+0000] {dag.py:3036} INFO - Sync 1 DAGs
[2025-12-31T13:05:33.119+0000] {logging_mixin.py:188} INFO - [2025-12-31T13:05:33.118+0000] {dag.py:3823} INFO - Setting next_dagrun for ml_models to 2025-12-30 00:00:00+00:00, run_after=2025-12-31 00:00:00+00:00
[2025-12-31T13:05:33.178+0000] {processor.py:183} INFO - Processing /opt/airflow/dags/ml_models.py took 0.212 seconds
[2025-12-31T13:06:04.060+0000] {processor.py:161} INFO - Started process (PID=17505) to work on /opt/airflow/dags/ml_models.py
[2025-12-31T13:06:04.063+0000] {processor.py:830} INFO - Processing file /opt/airflow/dags/ml_models.py for tasks to queue
[2025-12-31T13:06:04.065+0000] {logging_mixin.py:188} INFO - [2025-12-31T13:06:04.065+0000] {dagbag.py:538} INFO - Filling up the DagBag from /opt/airflow/dags/ml_models.py
[2025-12-31T13:06:04.120+0000] {processor.py:840} INFO - DAG(s) 'ml_models' retrieved from /opt/airflow/dags/ml_models.py
[2025-12-31T13:06:04.186+0000] {logging_mixin.py:188} INFO - [2025-12-31T13:06:04.185+0000] {dag.py:3036} INFO - Sync 1 DAGs
[2025-12-31T13:06:04.238+0000] {logging_mixin.py:188} INFO - [2025-12-31T13:06:04.237+0000] {dag.py:3823} INFO - Setting next_dagrun for ml_models to 2025-12-30 00:00:00+00:00, run_after=2025-12-31 00:00:00+00:00
[2025-12-31T13:06:04.841+0000] {processor.py:183} INFO - Processing /opt/airflow/dags/ml_models.py took 0.791 seconds
[2025-12-31T13:06:35.105+0000] {processor.py:161} INFO - Started process (PID=17525) to work on /opt/airflow/dags/ml_models.py
[2025-12-31T13:06:35.108+0000] {processor.py:830} INFO - Processing file /opt/airflow/dags/ml_models.py for tasks to queue
[2025-12-31T13:06:35.110+0000] {logging_mixin.py:188} INFO - [2025-12-31T13:06:35.109+0000] {dagbag.py:538} INFO - Filling up the DagBag from /opt/airflow/dags/ml_models.py
[2025-12-31T13:06:35.160+0000] {processor.py:840} INFO - DAG(s) 'ml_models' retrieved from /opt/airflow/dags/ml_models.py
[2025-12-31T13:06:35.221+0000] {logging_mixin.py:188} INFO - [2025-12-31T13:06:35.220+0000] {dag.py:3036} INFO - Sync 1 DAGs
[2025-12-31T13:06:35.271+0000] {logging_mixin.py:188} INFO - [2025-12-31T13:06:35.270+0000] {dag.py:3823} INFO - Setting next_dagrun for ml_models to 2025-12-30 00:00:00+00:00, run_after=2025-12-31 00:00:00+00:00
[2025-12-31T13:06:35.337+0000] {processor.py:183} INFO - Processing /opt/airflow/dags/ml_models.py took 0.245 seconds
[2025-12-31T13:07:05.508+0000] {processor.py:161} INFO - Started process (PID=17545) to work on /opt/airflow/dags/ml_models.py
[2025-12-31T13:07:05.512+0000] {processor.py:830} INFO - Processing file /opt/airflow/dags/ml_models.py for tasks to queue
[2025-12-31T13:07:05.518+0000] {logging_mixin.py:188} INFO - [2025-12-31T13:07:05.517+0000] {dagbag.py:538} INFO - Filling up the DagBag from /opt/airflow/dags/ml_models.py
[2025-12-31T13:07:05.615+0000] {processor.py:840} INFO - DAG(s) 'ml_models' retrieved from /opt/airflow/dags/ml_models.py
[2025-12-31T13:07:05.679+0000] {logging_mixin.py:188} INFO - [2025-12-31T13:07:05.678+0000] {dag.py:3036} INFO - Sync 1 DAGs
[2025-12-31T13:07:05.740+0000] {logging_mixin.py:188} INFO - [2025-12-31T13:07:05.738+0000] {dag.py:3823} INFO - Setting next_dagrun for ml_models to 2025-12-30 00:00:00+00:00, run_after=2025-12-31 00:00:00+00:00
[2025-12-31T13:07:05.828+0000] {processor.py:183} INFO - Processing /opt/airflow/dags/ml_models.py took 0.329 seconds
[2025-12-31T13:07:36.263+0000] {processor.py:161} INFO - Started process (PID=17570) to work on /opt/airflow/dags/ml_models.py
[2025-12-31T13:07:36.266+0000] {processor.py:830} INFO - Processing file /opt/airflow/dags/ml_models.py for tasks to queue
[2025-12-31T13:07:36.267+0000] {logging_mixin.py:188} INFO - [2025-12-31T13:07:36.267+0000] {dagbag.py:538} INFO - Filling up the DagBag from /opt/airflow/dags/ml_models.py
[2025-12-31T13:07:36.313+0000] {processor.py:840} INFO - DAG(s) 'ml_models' retrieved from /opt/airflow/dags/ml_models.py
[2025-12-31T13:07:36.367+0000] {logging_mixin.py:188} INFO - [2025-12-31T13:07:36.367+0000] {dag.py:3036} INFO - Sync 1 DAGs
[2025-12-31T13:07:36.407+0000] {logging_mixin.py:188} INFO - [2025-12-31T13:07:36.406+0000] {dag.py:3823} INFO - Setting next_dagrun for ml_models to 2025-12-30 00:00:00+00:00, run_after=2025-12-31 00:00:00+00:00
[2025-12-31T13:07:36.480+0000] {processor.py:183} INFO - Processing /opt/airflow/dags/ml_models.py took 0.224 seconds
[2025-12-31T13:08:06.626+0000] {processor.py:161} INFO - Started process (PID=17590) to work on /opt/airflow/dags/ml_models.py
[2025-12-31T13:08:06.636+0000] {processor.py:830} INFO - Processing file /opt/airflow/dags/ml_models.py for tasks to queue
[2025-12-31T13:08:06.649+0000] {logging_mixin.py:188} INFO - [2025-12-31T13:08:06.648+0000] {dagbag.py:538} INFO - Filling up the DagBag from /opt/airflow/dags/ml_models.py
[2025-12-31T13:08:06.698+0000] {processor.py:840} INFO - DAG(s) 'ml_models' retrieved from /opt/airflow/dags/ml_models.py
[2025-12-31T13:08:06.737+0000] {logging_mixin.py:188} INFO - [2025-12-31T13:08:06.736+0000] {dag.py:3036} INFO - Sync 1 DAGs
[2025-12-31T13:08:06.771+0000] {logging_mixin.py:188} INFO - [2025-12-31T13:08:06.770+0000] {dag.py:3823} INFO - Setting next_dagrun for ml_models to 2025-12-30 00:00:00+00:00, run_after=2025-12-31 00:00:00+00:00
[2025-12-31T13:08:06.821+0000] {processor.py:183} INFO - Processing /opt/airflow/dags/ml_models.py took 0.202 seconds
[2025-12-31T13:08:37.436+0000] {processor.py:161} INFO - Started process (PID=17605) to work on /opt/airflow/dags/ml_models.py
[2025-12-31T13:08:37.438+0000] {processor.py:830} INFO - Processing file /opt/airflow/dags/ml_models.py for tasks to queue
[2025-12-31T13:08:37.440+0000] {logging_mixin.py:188} INFO - [2025-12-31T13:08:37.440+0000] {dagbag.py:538} INFO - Filling up the DagBag from /opt/airflow/dags/ml_models.py
[2025-12-31T13:08:37.514+0000] {processor.py:840} INFO - DAG(s) 'ml_models' retrieved from /opt/airflow/dags/ml_models.py
[2025-12-31T13:08:37.574+0000] {logging_mixin.py:188} INFO - [2025-12-31T13:08:37.574+0000] {dag.py:3036} INFO - Sync 1 DAGs
[2025-12-31T13:08:37.612+0000] {logging_mixin.py:188} INFO - [2025-12-31T13:08:37.612+0000] {dag.py:3823} INFO - Setting next_dagrun for ml_models to 2025-12-30 00:00:00+00:00, run_after=2025-12-31 00:00:00+00:00
[2025-12-31T13:08:37.684+0000] {processor.py:183} INFO - Processing /opt/airflow/dags/ml_models.py took 0.258 seconds
[2025-12-31T13:09:08.478+0000] {processor.py:161} INFO - Started process (PID=17625) to work on /opt/airflow/dags/ml_models.py
[2025-12-31T13:09:08.481+0000] {processor.py:830} INFO - Processing file /opt/airflow/dags/ml_models.py for tasks to queue
[2025-12-31T13:09:08.485+0000] {logging_mixin.py:188} INFO - [2025-12-31T13:09:08.482+0000] {dagbag.py:538} INFO - Filling up the DagBag from /opt/airflow/dags/ml_models.py
[2025-12-31T13:09:08.524+0000] {processor.py:840} INFO - DAG(s) 'ml_models' retrieved from /opt/airflow/dags/ml_models.py
[2025-12-31T13:09:08.571+0000] {logging_mixin.py:188} INFO - [2025-12-31T13:09:08.571+0000] {dag.py:3036} INFO - Sync 1 DAGs
[2025-12-31T13:09:08.615+0000] {logging_mixin.py:188} INFO - [2025-12-31T13:09:08.615+0000] {dag.py:3823} INFO - Setting next_dagrun for ml_models to 2025-12-30 00:00:00+00:00, run_after=2025-12-31 00:00:00+00:00
[2025-12-31T13:09:09.203+0000] {processor.py:183} INFO - Processing /opt/airflow/dags/ml_models.py took 0.733 seconds
[2025-12-31T13:09:40.051+0000] {processor.py:161} INFO - Started process (PID=17645) to work on /opt/airflow/dags/ml_models.py
[2025-12-31T13:09:40.054+0000] {processor.py:830} INFO - Processing file /opt/airflow/dags/ml_models.py for tasks to queue
[2025-12-31T13:09:40.056+0000] {logging_mixin.py:188} INFO - [2025-12-31T13:09:40.055+0000] {dagbag.py:538} INFO - Filling up the DagBag from /opt/airflow/dags/ml_models.py
[2025-12-31T13:09:40.095+0000] {processor.py:840} INFO - DAG(s) 'ml_models' retrieved from /opt/airflow/dags/ml_models.py
[2025-12-31T13:09:40.143+0000] {logging_mixin.py:188} INFO - [2025-12-31T13:09:40.142+0000] {dag.py:3036} INFO - Sync 1 DAGs
[2025-12-31T13:09:40.186+0000] {logging_mixin.py:188} INFO - [2025-12-31T13:09:40.185+0000] {dag.py:3823} INFO - Setting next_dagrun for ml_models to 2025-12-30 00:00:00+00:00, run_after=2025-12-31 00:00:00+00:00
[2025-12-31T13:09:40.257+0000] {processor.py:183} INFO - Processing /opt/airflow/dags/ml_models.py took 0.213 seconds
[2025-12-31T13:10:11.076+0000] {processor.py:161} INFO - Started process (PID=17665) to work on /opt/airflow/dags/ml_models.py
[2025-12-31T13:10:11.078+0000] {processor.py:830} INFO - Processing file /opt/airflow/dags/ml_models.py for tasks to queue
[2025-12-31T13:10:11.080+0000] {logging_mixin.py:188} INFO - [2025-12-31T13:10:11.079+0000] {dagbag.py:538} INFO - Filling up the DagBag from /opt/airflow/dags/ml_models.py
[2025-12-31T13:10:11.113+0000] {processor.py:840} INFO - DAG(s) 'ml_models' retrieved from /opt/airflow/dags/ml_models.py
[2025-12-31T13:10:11.161+0000] {logging_mixin.py:188} INFO - [2025-12-31T13:10:11.161+0000] {dag.py:3036} INFO - Sync 1 DAGs
[2025-12-31T13:10:11.215+0000] {logging_mixin.py:188} INFO - [2025-12-31T13:10:11.214+0000] {dag.py:3823} INFO - Setting next_dagrun for ml_models to 2025-12-30 00:00:00+00:00, run_after=2025-12-31 00:00:00+00:00
[2025-12-31T13:10:11.255+0000] {processor.py:183} INFO - Processing /opt/airflow/dags/ml_models.py took 0.187 seconds
[2025-12-31T13:10:42.066+0000] {processor.py:161} INFO - Started process (PID=17685) to work on /opt/airflow/dags/ml_models.py
[2025-12-31T13:10:42.068+0000] {processor.py:830} INFO - Processing file /opt/airflow/dags/ml_models.py for tasks to queue
[2025-12-31T13:10:42.070+0000] {logging_mixin.py:188} INFO - [2025-12-31T13:10:42.069+0000] {dagbag.py:538} INFO - Filling up the DagBag from /opt/airflow/dags/ml_models.py
[2025-12-31T13:10:42.108+0000] {processor.py:840} INFO - DAG(s) 'ml_models' retrieved from /opt/airflow/dags/ml_models.py
[2025-12-31T13:10:42.152+0000] {logging_mixin.py:188} INFO - [2025-12-31T13:10:42.151+0000] {dag.py:3036} INFO - Sync 1 DAGs
[2025-12-31T13:10:42.193+0000] {logging_mixin.py:188} INFO - [2025-12-31T13:10:42.192+0000] {dag.py:3823} INFO - Setting next_dagrun for ml_models to 2025-12-30 00:00:00+00:00, run_after=2025-12-31 00:00:00+00:00
[2025-12-31T13:10:42.232+0000] {processor.py:183} INFO - Processing /opt/airflow/dags/ml_models.py took 0.173 seconds
[2025-12-31T13:11:12.989+0000] {processor.py:161} INFO - Started process (PID=17705) to work on /opt/airflow/dags/ml_models.py
[2025-12-31T13:11:12.992+0000] {processor.py:830} INFO - Processing file /opt/airflow/dags/ml_models.py for tasks to queue
[2025-12-31T13:11:12.995+0000] {logging_mixin.py:188} INFO - [2025-12-31T13:11:12.994+0000] {dagbag.py:538} INFO - Filling up the DagBag from /opt/airflow/dags/ml_models.py
[2025-12-31T13:11:13.074+0000] {processor.py:840} INFO - DAG(s) 'ml_models' retrieved from /opt/airflow/dags/ml_models.py
[2025-12-31T13:11:13.122+0000] {logging_mixin.py:188} INFO - [2025-12-31T13:11:13.121+0000] {dag.py:3036} INFO - Sync 1 DAGs
[2025-12-31T13:11:13.160+0000] {logging_mixin.py:188} INFO - [2025-12-31T13:11:13.160+0000] {dag.py:3823} INFO - Setting next_dagrun for ml_models to 2025-12-30 00:00:00+00:00, run_after=2025-12-31 00:00:00+00:00
[2025-12-31T13:11:13.195+0000] {processor.py:183} INFO - Processing /opt/airflow/dags/ml_models.py took 0.218 seconds
[2025-12-31T13:11:44.113+0000] {processor.py:161} INFO - Started process (PID=17725) to work on /opt/airflow/dags/ml_models.py
[2025-12-31T13:11:44.115+0000] {processor.py:830} INFO - Processing file /opt/airflow/dags/ml_models.py for tasks to queue
[2025-12-31T13:11:44.117+0000] {logging_mixin.py:188} INFO - [2025-12-31T13:11:44.116+0000] {dagbag.py:538} INFO - Filling up the DagBag from /opt/airflow/dags/ml_models.py
[2025-12-31T13:11:44.157+0000] {processor.py:840} INFO - DAG(s) 'ml_models' retrieved from /opt/airflow/dags/ml_models.py
[2025-12-31T13:11:44.194+0000] {logging_mixin.py:188} INFO - [2025-12-31T13:11:44.194+0000] {dag.py:3036} INFO - Sync 1 DAGs
[2025-12-31T13:11:44.245+0000] {logging_mixin.py:188} INFO - [2025-12-31T13:11:44.244+0000] {dag.py:3823} INFO - Setting next_dagrun for ml_models to 2025-12-30 00:00:00+00:00, run_after=2025-12-31 00:00:00+00:00
[2025-12-31T13:11:44.662+0000] {processor.py:183} INFO - Processing /opt/airflow/dags/ml_models.py took 0.556 seconds
[2025-12-31T13:12:14.914+0000] {processor.py:161} INFO - Started process (PID=17745) to work on /opt/airflow/dags/ml_models.py
[2025-12-31T13:12:14.916+0000] {processor.py:830} INFO - Processing file /opt/airflow/dags/ml_models.py for tasks to queue
[2025-12-31T13:12:14.919+0000] {logging_mixin.py:188} INFO - [2025-12-31T13:12:14.918+0000] {dagbag.py:538} INFO - Filling up the DagBag from /opt/airflow/dags/ml_models.py
[2025-12-31T13:12:14.955+0000] {processor.py:840} INFO - DAG(s) 'ml_models' retrieved from /opt/airflow/dags/ml_models.py
[2025-12-31T13:12:14.996+0000] {logging_mixin.py:188} INFO - [2025-12-31T13:12:14.996+0000] {dag.py:3036} INFO - Sync 1 DAGs
[2025-12-31T13:12:15.053+0000] {logging_mixin.py:188} INFO - [2025-12-31T13:12:15.053+0000] {dag.py:3823} INFO - Setting next_dagrun for ml_models to 2025-12-30 00:00:00+00:00, run_after=2025-12-31 00:00:00+00:00
[2025-12-31T13:12:15.096+0000] {processor.py:183} INFO - Processing /opt/airflow/dags/ml_models.py took 0.191 seconds
[2025-12-31T13:12:45.997+0000] {processor.py:161} INFO - Started process (PID=17765) to work on /opt/airflow/dags/ml_models.py
[2025-12-31T13:12:46.001+0000] {processor.py:830} INFO - Processing file /opt/airflow/dags/ml_models.py for tasks to queue
[2025-12-31T13:12:46.004+0000] {logging_mixin.py:188} INFO - [2025-12-31T13:12:46.003+0000] {dagbag.py:538} INFO - Filling up the DagBag from /opt/airflow/dags/ml_models.py
[2025-12-31T13:12:46.059+0000] {processor.py:840} INFO - DAG(s) 'ml_models' retrieved from /opt/airflow/dags/ml_models.py
[2025-12-31T13:12:46.122+0000] {logging_mixin.py:188} INFO - [2025-12-31T13:12:46.122+0000] {dag.py:3036} INFO - Sync 1 DAGs
[2025-12-31T13:12:46.161+0000] {logging_mixin.py:188} INFO - [2025-12-31T13:12:46.160+0000] {dag.py:3823} INFO - Setting next_dagrun for ml_models to 2025-12-30 00:00:00+00:00, run_after=2025-12-31 00:00:00+00:00
[2025-12-31T13:12:46.197+0000] {processor.py:183} INFO - Processing /opt/airflow/dags/ml_models.py took 0.216 seconds
[2025-12-31T13:13:16.866+0000] {processor.py:161} INFO - Started process (PID=17785) to work on /opt/airflow/dags/ml_models.py
[2025-12-31T13:13:16.870+0000] {processor.py:830} INFO - Processing file /opt/airflow/dags/ml_models.py for tasks to queue
[2025-12-31T13:13:16.873+0000] {logging_mixin.py:188} INFO - [2025-12-31T13:13:16.872+0000] {dagbag.py:538} INFO - Filling up the DagBag from /opt/airflow/dags/ml_models.py
[2025-12-31T13:13:16.924+0000] {processor.py:840} INFO - DAG(s) 'ml_models' retrieved from /opt/airflow/dags/ml_models.py
[2025-12-31T13:13:16.967+0000] {logging_mixin.py:188} INFO - [2025-12-31T13:13:16.966+0000] {dag.py:3036} INFO - Sync 1 DAGs
[2025-12-31T13:13:17.003+0000] {logging_mixin.py:188} INFO - [2025-12-31T13:13:17.003+0000] {dag.py:3823} INFO - Setting next_dagrun for ml_models to 2025-12-30 00:00:00+00:00, run_after=2025-12-31 00:00:00+00:00
[2025-12-31T13:13:17.081+0000] {processor.py:183} INFO - Processing /opt/airflow/dags/ml_models.py took 0.223 seconds
[2025-12-31T13:13:47.712+0000] {processor.py:161} INFO - Started process (PID=17805) to work on /opt/airflow/dags/ml_models.py
[2025-12-31T13:13:47.714+0000] {processor.py:830} INFO - Processing file /opt/airflow/dags/ml_models.py for tasks to queue
[2025-12-31T13:13:47.716+0000] {logging_mixin.py:188} INFO - [2025-12-31T13:13:47.716+0000] {dagbag.py:538} INFO - Filling up the DagBag from /opt/airflow/dags/ml_models.py
[2025-12-31T13:13:47.789+0000] {processor.py:840} INFO - DAG(s) 'ml_models' retrieved from /opt/airflow/dags/ml_models.py
[2025-12-31T13:13:47.830+0000] {logging_mixin.py:188} INFO - [2025-12-31T13:13:47.830+0000] {dag.py:3036} INFO - Sync 1 DAGs
[2025-12-31T13:13:47.870+0000] {logging_mixin.py:188} INFO - [2025-12-31T13:13:47.870+0000] {dag.py:3823} INFO - Setting next_dagrun for ml_models to 2025-12-30 00:00:00+00:00, run_after=2025-12-31 00:00:00+00:00
[2025-12-31T13:13:47.908+0000] {processor.py:183} INFO - Processing /opt/airflow/dags/ml_models.py took 0.201 seconds
[2025-12-31T13:14:18.526+0000] {processor.py:161} INFO - Started process (PID=17825) to work on /opt/airflow/dags/ml_models.py
[2025-12-31T13:14:18.529+0000] {processor.py:830} INFO - Processing file /opt/airflow/dags/ml_models.py for tasks to queue
[2025-12-31T13:14:18.531+0000] {logging_mixin.py:188} INFO - [2025-12-31T13:14:18.531+0000] {dagbag.py:538} INFO - Filling up the DagBag from /opt/airflow/dags/ml_models.py
[2025-12-31T13:14:18.579+0000] {processor.py:840} INFO - DAG(s) 'ml_models' retrieved from /opt/airflow/dags/ml_models.py
[2025-12-31T13:14:18.628+0000] {logging_mixin.py:188} INFO - [2025-12-31T13:14:18.628+0000] {dag.py:3036} INFO - Sync 1 DAGs
[2025-12-31T13:14:18.669+0000] {logging_mixin.py:188} INFO - [2025-12-31T13:14:18.668+0000] {dag.py:3823} INFO - Setting next_dagrun for ml_models to 2025-12-30 00:00:00+00:00, run_after=2025-12-31 00:00:00+00:00
[2025-12-31T13:14:18.743+0000] {processor.py:183} INFO - Processing /opt/airflow/dags/ml_models.py took 0.228 seconds
[2025-12-31T13:14:49.282+0000] {processor.py:161} INFO - Started process (PID=17845) to work on /opt/airflow/dags/ml_models.py
[2025-12-31T13:14:49.285+0000] {processor.py:830} INFO - Processing file /opt/airflow/dags/ml_models.py for tasks to queue
[2025-12-31T13:14:49.287+0000] {logging_mixin.py:188} INFO - [2025-12-31T13:14:49.286+0000] {dagbag.py:538} INFO - Filling up the DagBag from /opt/airflow/dags/ml_models.py
[2025-12-31T13:14:49.368+0000] {processor.py:840} INFO - DAG(s) 'ml_models' retrieved from /opt/airflow/dags/ml_models.py
[2025-12-31T13:14:49.418+0000] {logging_mixin.py:188} INFO - [2025-12-31T13:14:49.418+0000] {dag.py:3036} INFO - Sync 1 DAGs
[2025-12-31T13:14:49.480+0000] {logging_mixin.py:188} INFO - [2025-12-31T13:14:49.479+0000] {dag.py:3823} INFO - Setting next_dagrun for ml_models to 2025-12-30 00:00:00+00:00, run_after=2025-12-31 00:00:00+00:00
[2025-12-31T13:14:49.972+0000] {processor.py:183} INFO - Processing /opt/airflow/dags/ml_models.py took 0.706 seconds
[2025-12-31T13:15:20.763+0000] {processor.py:161} INFO - Started process (PID=17865) to work on /opt/airflow/dags/ml_models.py
[2025-12-31T13:15:20.765+0000] {processor.py:830} INFO - Processing file /opt/airflow/dags/ml_models.py for tasks to queue
[2025-12-31T13:15:20.768+0000] {logging_mixin.py:188} INFO - [2025-12-31T13:15:20.767+0000] {dagbag.py:538} INFO - Filling up the DagBag from /opt/airflow/dags/ml_models.py
[2025-12-31T13:15:20.809+0000] {processor.py:840} INFO - DAG(s) 'ml_models' retrieved from /opt/airflow/dags/ml_models.py
[2025-12-31T13:15:20.851+0000] {logging_mixin.py:188} INFO - [2025-12-31T13:15:20.851+0000] {dag.py:3036} INFO - Sync 1 DAGs
[2025-12-31T13:15:20.905+0000] {logging_mixin.py:188} INFO - [2025-12-31T13:15:20.904+0000] {dag.py:3823} INFO - Setting next_dagrun for ml_models to 2025-12-30 00:00:00+00:00, run_after=2025-12-31 00:00:00+00:00
[2025-12-31T13:15:20.979+0000] {processor.py:183} INFO - Processing /opt/airflow/dags/ml_models.py took 0.226 seconds
[2025-12-31T13:15:51.883+0000] {processor.py:161} INFO - Started process (PID=17885) to work on /opt/airflow/dags/ml_models.py
[2025-12-31T13:15:51.886+0000] {processor.py:830} INFO - Processing file /opt/airflow/dags/ml_models.py for tasks to queue
[2025-12-31T13:15:51.888+0000] {logging_mixin.py:188} INFO - [2025-12-31T13:15:51.887+0000] {dagbag.py:538} INFO - Filling up the DagBag from /opt/airflow/dags/ml_models.py
[2025-12-31T13:15:51.960+0000] {processor.py:840} INFO - DAG(s) 'ml_models' retrieved from /opt/airflow/dags/ml_models.py
[2025-12-31T13:15:52.008+0000] {logging_mixin.py:188} INFO - [2025-12-31T13:15:52.008+0000] {dag.py:3036} INFO - Sync 1 DAGs
[2025-12-31T13:15:52.053+0000] {logging_mixin.py:188} INFO - [2025-12-31T13:15:52.052+0000] {dag.py:3823} INFO - Setting next_dagrun for ml_models to 2025-12-30 00:00:00+00:00, run_after=2025-12-31 00:00:00+00:00
[2025-12-31T13:15:52.101+0000] {processor.py:183} INFO - Processing /opt/airflow/dags/ml_models.py took 0.225 seconds
[2025-12-31T13:16:22.981+0000] {processor.py:161} INFO - Started process (PID=17905) to work on /opt/airflow/dags/ml_models.py
[2025-12-31T13:16:22.984+0000] {processor.py:830} INFO - Processing file /opt/airflow/dags/ml_models.py for tasks to queue
[2025-12-31T13:16:22.986+0000] {logging_mixin.py:188} INFO - [2025-12-31T13:16:22.985+0000] {dagbag.py:538} INFO - Filling up the DagBag from /opt/airflow/dags/ml_models.py
[2025-12-31T13:16:23.021+0000] {processor.py:840} INFO - DAG(s) 'ml_models' retrieved from /opt/airflow/dags/ml_models.py
[2025-12-31T13:16:23.063+0000] {logging_mixin.py:188} INFO - [2025-12-31T13:16:23.063+0000] {dag.py:3036} INFO - Sync 1 DAGs
[2025-12-31T13:16:23.109+0000] {logging_mixin.py:188} INFO - [2025-12-31T13:16:23.108+0000] {dag.py:3823} INFO - Setting next_dagrun for ml_models to 2025-12-30 00:00:00+00:00, run_after=2025-12-31 00:00:00+00:00
[2025-12-31T13:16:23.195+0000] {processor.py:183} INFO - Processing /opt/airflow/dags/ml_models.py took 0.225 seconds
[2025-12-31T13:16:54.100+0000] {processor.py:161} INFO - Started process (PID=17925) to work on /opt/airflow/dags/ml_models.py
[2025-12-31T13:16:54.103+0000] {processor.py:830} INFO - Processing file /opt/airflow/dags/ml_models.py for tasks to queue
[2025-12-31T13:16:54.105+0000] {logging_mixin.py:188} INFO - [2025-12-31T13:16:54.105+0000] {dagbag.py:538} INFO - Filling up the DagBag from /opt/airflow/dags/ml_models.py
[2025-12-31T13:16:54.143+0000] {processor.py:840} INFO - DAG(s) 'ml_models' retrieved from /opt/airflow/dags/ml_models.py
[2025-12-31T13:16:54.214+0000] {logging_mixin.py:188} INFO - [2025-12-31T13:16:54.213+0000] {dag.py:3036} INFO - Sync 1 DAGs
[2025-12-31T13:16:54.278+0000] {logging_mixin.py:188} INFO - [2025-12-31T13:16:54.277+0000] {dag.py:3823} INFO - Setting next_dagrun for ml_models to 2025-12-30 00:00:00+00:00, run_after=2025-12-31 00:00:00+00:00
[2025-12-31T13:16:54.323+0000] {processor.py:183} INFO - Processing /opt/airflow/dags/ml_models.py took 0.230 seconds
[2025-12-31T13:17:25.231+0000] {processor.py:161} INFO - Started process (PID=17950) to work on /opt/airflow/dags/ml_models.py
[2025-12-31T13:17:25.234+0000] {processor.py:830} INFO - Processing file /opt/airflow/dags/ml_models.py for tasks to queue
[2025-12-31T13:17:25.238+0000] {logging_mixin.py:188} INFO - [2025-12-31T13:17:25.235+0000] {dagbag.py:538} INFO - Filling up the DagBag from /opt/airflow/dags/ml_models.py
[2025-12-31T13:17:25.278+0000] {processor.py:840} INFO - DAG(s) 'ml_models' retrieved from /opt/airflow/dags/ml_models.py
[2025-12-31T13:17:25.319+0000] {logging_mixin.py:188} INFO - [2025-12-31T13:17:25.318+0000] {dag.py:3036} INFO - Sync 1 DAGs
[2025-12-31T13:17:25.370+0000] {logging_mixin.py:188} INFO - [2025-12-31T13:17:25.369+0000] {dag.py:3823} INFO - Setting next_dagrun for ml_models to 2025-12-30 00:00:00+00:00, run_after=2025-12-31 00:00:00+00:00
[2025-12-31T13:17:25.753+0000] {processor.py:183} INFO - Processing /opt/airflow/dags/ml_models.py took 0.537 seconds
[2025-12-31T13:17:56.473+0000] {processor.py:161} INFO - Started process (PID=17970) to work on /opt/airflow/dags/ml_models.py
[2025-12-31T13:17:56.477+0000] {processor.py:830} INFO - Processing file /opt/airflow/dags/ml_models.py for tasks to queue
[2025-12-31T13:17:56.480+0000] {logging_mixin.py:188} INFO - [2025-12-31T13:17:56.479+0000] {dagbag.py:538} INFO - Filling up the DagBag from /opt/airflow/dags/ml_models.py
[2025-12-31T13:17:56.514+0000] {processor.py:840} INFO - DAG(s) 'ml_models' retrieved from /opt/airflow/dags/ml_models.py
[2025-12-31T13:17:56.561+0000] {logging_mixin.py:188} INFO - [2025-12-31T13:17:56.560+0000] {dag.py:3036} INFO - Sync 1 DAGs
[2025-12-31T13:17:56.615+0000] {logging_mixin.py:188} INFO - [2025-12-31T13:17:56.614+0000] {dag.py:3823} INFO - Setting next_dagrun for ml_models to 2025-12-30 00:00:00+00:00, run_after=2025-12-31 00:00:00+00:00
[2025-12-31T13:17:56.691+0000] {processor.py:183} INFO - Processing /opt/airflow/dags/ml_models.py took 0.226 seconds
[2025-12-31T13:18:27.408+0000] {processor.py:161} INFO - Started process (PID=17990) to work on /opt/airflow/dags/ml_models.py
[2025-12-31T13:18:27.411+0000] {processor.py:830} INFO - Processing file /opt/airflow/dags/ml_models.py for tasks to queue
[2025-12-31T13:18:27.413+0000] {logging_mixin.py:188} INFO - [2025-12-31T13:18:27.412+0000] {dagbag.py:538} INFO - Filling up the DagBag from /opt/airflow/dags/ml_models.py
[2025-12-31T13:18:27.454+0000] {processor.py:840} INFO - DAG(s) 'ml_models' retrieved from /opt/airflow/dags/ml_models.py
[2025-12-31T13:18:27.506+0000] {logging_mixin.py:188} INFO - [2025-12-31T13:18:27.505+0000] {dag.py:3036} INFO - Sync 1 DAGs
[2025-12-31T13:18:27.550+0000] {logging_mixin.py:188} INFO - [2025-12-31T13:18:27.549+0000] {dag.py:3823} INFO - Setting next_dagrun for ml_models to 2025-12-30 00:00:00+00:00, run_after=2025-12-31 00:00:00+00:00
[2025-12-31T13:18:27.630+0000] {processor.py:183} INFO - Processing /opt/airflow/dags/ml_models.py took 0.229 seconds
[2025-12-31T13:18:58.463+0000] {processor.py:161} INFO - Started process (PID=18010) to work on /opt/airflow/dags/ml_models.py
[2025-12-31T13:18:58.465+0000] {processor.py:830} INFO - Processing file /opt/airflow/dags/ml_models.py for tasks to queue
[2025-12-31T13:18:58.467+0000] {logging_mixin.py:188} INFO - [2025-12-31T13:18:58.466+0000] {dagbag.py:538} INFO - Filling up the DagBag from /opt/airflow/dags/ml_models.py
[2025-12-31T13:18:58.502+0000] {processor.py:840} INFO - DAG(s) 'ml_models' retrieved from /opt/airflow/dags/ml_models.py
[2025-12-31T13:18:58.545+0000] {logging_mixin.py:188} INFO - [2025-12-31T13:18:58.545+0000] {dag.py:3036} INFO - Sync 1 DAGs
[2025-12-31T13:18:58.583+0000] {logging_mixin.py:188} INFO - [2025-12-31T13:18:58.583+0000] {dag.py:3823} INFO - Setting next_dagrun for ml_models to 2025-12-30 00:00:00+00:00, run_after=2025-12-31 00:00:00+00:00
[2025-12-31T13:18:58.655+0000] {processor.py:183} INFO - Processing /opt/airflow/dags/ml_models.py took 0.199 seconds
[2025-12-31T13:19:29.401+0000] {processor.py:161} INFO - Started process (PID=18030) to work on /opt/airflow/dags/ml_models.py
[2025-12-31T13:19:29.404+0000] {processor.py:830} INFO - Processing file /opt/airflow/dags/ml_models.py for tasks to queue
[2025-12-31T13:19:29.406+0000] {logging_mixin.py:188} INFO - [2025-12-31T13:19:29.406+0000] {dagbag.py:538} INFO - Filling up the DagBag from /opt/airflow/dags/ml_models.py
[2025-12-31T13:19:29.449+0000] {processor.py:840} INFO - DAG(s) 'ml_models' retrieved from /opt/airflow/dags/ml_models.py
[2025-12-31T13:19:29.498+0000] {logging_mixin.py:188} INFO - [2025-12-31T13:19:29.497+0000] {dag.py:3036} INFO - Sync 1 DAGs
[2025-12-31T13:19:29.561+0000] {logging_mixin.py:188} INFO - [2025-12-31T13:19:29.560+0000] {dag.py:3823} INFO - Setting next_dagrun for ml_models to 2025-12-30 00:00:00+00:00, run_after=2025-12-31 00:00:00+00:00
[2025-12-31T13:19:29.627+0000] {processor.py:183} INFO - Processing /opt/airflow/dags/ml_models.py took 0.240 seconds
[2025-12-31T13:20:00.372+0000] {processor.py:161} INFO - Started process (PID=18050) to work on /opt/airflow/dags/ml_models.py
[2025-12-31T13:20:00.374+0000] {processor.py:830} INFO - Processing file /opt/airflow/dags/ml_models.py for tasks to queue
[2025-12-31T13:20:00.376+0000] {logging_mixin.py:188} INFO - [2025-12-31T13:20:00.375+0000] {dagbag.py:538} INFO - Filling up the DagBag from /opt/airflow/dags/ml_models.py
[2025-12-31T13:20:00.420+0000] {processor.py:840} INFO - DAG(s) 'ml_models' retrieved from /opt/airflow/dags/ml_models.py
[2025-12-31T13:20:00.469+0000] {logging_mixin.py:188} INFO - [2025-12-31T13:20:00.469+0000] {dag.py:3036} INFO - Sync 1 DAGs
[2025-12-31T13:20:00.514+0000] {logging_mixin.py:188} INFO - [2025-12-31T13:20:00.514+0000] {dag.py:3823} INFO - Setting next_dagrun for ml_models to 2025-12-30 00:00:00+00:00, run_after=2025-12-31 00:00:00+00:00
[2025-12-31T13:20:00.552+0000] {processor.py:183} INFO - Processing /opt/airflow/dags/ml_models.py took 0.188 seconds
[2025-12-31T13:20:31.044+0000] {processor.py:161} INFO - Started process (PID=18070) to work on /opt/airflow/dags/ml_models.py
[2025-12-31T13:20:31.047+0000] {processor.py:830} INFO - Processing file /opt/airflow/dags/ml_models.py for tasks to queue
[2025-12-31T13:20:31.049+0000] {logging_mixin.py:188} INFO - [2025-12-31T13:20:31.048+0000] {dagbag.py:538} INFO - Filling up the DagBag from /opt/airflow/dags/ml_models.py
[2025-12-31T13:20:31.090+0000] {processor.py:840} INFO - DAG(s) 'ml_models' retrieved from /opt/airflow/dags/ml_models.py
[2025-12-31T13:20:31.130+0000] {logging_mixin.py:188} INFO - [2025-12-31T13:20:31.130+0000] {dag.py:3036} INFO - Sync 1 DAGs
[2025-12-31T13:20:31.169+0000] {logging_mixin.py:188} INFO - [2025-12-31T13:20:31.168+0000] {dag.py:3823} INFO - Setting next_dagrun for ml_models to 2025-12-30 00:00:00+00:00, run_after=2025-12-31 00:00:00+00:00
[2025-12-31T13:20:31.545+0000] {processor.py:183} INFO - Processing /opt/airflow/dags/ml_models.py took 0.516 seconds
[2025-12-31T13:21:02.301+0000] {processor.py:161} INFO - Started process (PID=18090) to work on /opt/airflow/dags/ml_models.py
[2025-12-31T13:21:02.303+0000] {processor.py:830} INFO - Processing file /opt/airflow/dags/ml_models.py for tasks to queue
[2025-12-31T13:21:02.305+0000] {logging_mixin.py:188} INFO - [2025-12-31T13:21:02.304+0000] {dagbag.py:538} INFO - Filling up the DagBag from /opt/airflow/dags/ml_models.py
[2025-12-31T13:21:02.340+0000] {processor.py:840} INFO - DAG(s) 'ml_models' retrieved from /opt/airflow/dags/ml_models.py
[2025-12-31T13:21:02.399+0000] {logging_mixin.py:188} INFO - [2025-12-31T13:21:02.399+0000] {dag.py:3036} INFO - Sync 1 DAGs
[2025-12-31T13:21:02.443+0000] {logging_mixin.py:188} INFO - [2025-12-31T13:21:02.442+0000] {dag.py:3823} INFO - Setting next_dagrun for ml_models to 2025-12-30 00:00:00+00:00, run_after=2025-12-31 00:00:00+00:00
[2025-12-31T13:21:02.478+0000] {processor.py:183} INFO - Processing /opt/airflow/dags/ml_models.py took 0.187 seconds
[2025-12-31T13:21:33.199+0000] {processor.py:161} INFO - Started process (PID=18110) to work on /opt/airflow/dags/ml_models.py
[2025-12-31T13:21:33.203+0000] {processor.py:830} INFO - Processing file /opt/airflow/dags/ml_models.py for tasks to queue
[2025-12-31T13:21:33.205+0000] {logging_mixin.py:188} INFO - [2025-12-31T13:21:33.205+0000] {dagbag.py:538} INFO - Filling up the DagBag from /opt/airflow/dags/ml_models.py
[2025-12-31T13:21:33.251+0000] {processor.py:840} INFO - DAG(s) 'ml_models' retrieved from /opt/airflow/dags/ml_models.py
[2025-12-31T13:21:33.292+0000] {logging_mixin.py:188} INFO - [2025-12-31T13:21:33.292+0000] {dag.py:3036} INFO - Sync 1 DAGs
[2025-12-31T13:21:33.395+0000] {logging_mixin.py:188} INFO - [2025-12-31T13:21:33.394+0000] {dag.py:3823} INFO - Setting next_dagrun for ml_models to 2025-12-30 00:00:00+00:00, run_after=2025-12-31 00:00:00+00:00
[2025-12-31T13:21:33.477+0000] {processor.py:183} INFO - Processing /opt/airflow/dags/ml_models.py took 0.288 seconds
[2025-12-31T13:22:04.330+0000] {processor.py:161} INFO - Started process (PID=18130) to work on /opt/airflow/dags/ml_models.py
[2025-12-31T13:22:04.332+0000] {processor.py:830} INFO - Processing file /opt/airflow/dags/ml_models.py for tasks to queue
[2025-12-31T13:22:04.335+0000] {logging_mixin.py:188} INFO - [2025-12-31T13:22:04.334+0000] {dagbag.py:538} INFO - Filling up the DagBag from /opt/airflow/dags/ml_models.py
[2025-12-31T13:22:04.374+0000] {processor.py:840} INFO - DAG(s) 'ml_models' retrieved from /opt/airflow/dags/ml_models.py
[2025-12-31T13:22:04.437+0000] {logging_mixin.py:188} INFO - [2025-12-31T13:22:04.434+0000] {dag.py:3036} INFO - Sync 1 DAGs
[2025-12-31T13:22:04.501+0000] {logging_mixin.py:188} INFO - [2025-12-31T13:22:04.500+0000] {dag.py:3823} INFO - Setting next_dagrun for ml_models to 2025-12-30 00:00:00+00:00, run_after=2025-12-31 00:00:00+00:00
[2025-12-31T13:22:04.584+0000] {processor.py:183} INFO - Processing /opt/airflow/dags/ml_models.py took 0.263 seconds
[2025-12-31T13:22:35.334+0000] {processor.py:161} INFO - Started process (PID=18150) to work on /opt/airflow/dags/ml_models.py
[2025-12-31T13:22:35.336+0000] {processor.py:830} INFO - Processing file /opt/airflow/dags/ml_models.py for tasks to queue
[2025-12-31T13:22:35.337+0000] {logging_mixin.py:188} INFO - [2025-12-31T13:22:35.337+0000] {dagbag.py:538} INFO - Filling up the DagBag from /opt/airflow/dags/ml_models.py
[2025-12-31T13:22:35.382+0000] {processor.py:840} INFO - DAG(s) 'ml_models' retrieved from /opt/airflow/dags/ml_models.py
[2025-12-31T13:22:35.435+0000] {logging_mixin.py:188} INFO - [2025-12-31T13:22:35.435+0000] {dag.py:3036} INFO - Sync 1 DAGs
[2025-12-31T13:22:35.475+0000] {logging_mixin.py:188} INFO - [2025-12-31T13:22:35.475+0000] {dag.py:3823} INFO - Setting next_dagrun for ml_models to 2025-12-30 00:00:00+00:00, run_after=2025-12-31 00:00:00+00:00
[2025-12-31T13:22:35.554+0000] {processor.py:183} INFO - Processing /opt/airflow/dags/ml_models.py took 0.228 seconds
[2025-12-31T13:23:06.171+0000] {processor.py:161} INFO - Started process (PID=18170) to work on /opt/airflow/dags/ml_models.py
[2025-12-31T13:23:06.173+0000] {processor.py:830} INFO - Processing file /opt/airflow/dags/ml_models.py for tasks to queue
[2025-12-31T13:23:06.175+0000] {logging_mixin.py:188} INFO - [2025-12-31T13:23:06.175+0000] {dagbag.py:538} INFO - Filling up the DagBag from /opt/airflow/dags/ml_models.py
[2025-12-31T13:23:06.214+0000] {processor.py:840} INFO - DAG(s) 'ml_models' retrieved from /opt/airflow/dags/ml_models.py
[2025-12-31T13:23:06.276+0000] {logging_mixin.py:188} INFO - [2025-12-31T13:23:06.276+0000] {dag.py:3036} INFO - Sync 1 DAGs
[2025-12-31T13:23:06.314+0000] {logging_mixin.py:188} INFO - [2025-12-31T13:23:06.313+0000] {dag.py:3823} INFO - Setting next_dagrun for ml_models to 2025-12-30 00:00:00+00:00, run_after=2025-12-31 00:00:00+00:00
[2025-12-31T13:23:06.614+0000] {processor.py:183} INFO - Processing /opt/airflow/dags/ml_models.py took 0.448 seconds
[2025-12-31T13:23:37.144+0000] {processor.py:161} INFO - Started process (PID=18190) to work on /opt/airflow/dags/ml_models.py
[2025-12-31T13:23:37.147+0000] {processor.py:830} INFO - Processing file /opt/airflow/dags/ml_models.py for tasks to queue
[2025-12-31T13:23:37.150+0000] {logging_mixin.py:188} INFO - [2025-12-31T13:23:37.149+0000] {dagbag.py:538} INFO - Filling up the DagBag from /opt/airflow/dags/ml_models.py
[2025-12-31T13:23:37.187+0000] {processor.py:840} INFO - DAG(s) 'ml_models' retrieved from /opt/airflow/dags/ml_models.py
[2025-12-31T13:23:37.223+0000] {logging_mixin.py:188} INFO - [2025-12-31T13:23:37.222+0000] {dag.py:3036} INFO - Sync 1 DAGs
[2025-12-31T13:23:37.505+0000] {logging_mixin.py:188} INFO - [2025-12-31T13:23:37.504+0000] {dag.py:3823} INFO - Setting next_dagrun for ml_models to 2025-12-30 00:00:00+00:00, run_after=2025-12-31 00:00:00+00:00
[2025-12-31T13:23:37.571+0000] {processor.py:183} INFO - Processing /opt/airflow/dags/ml_models.py took 0.435 seconds
[2025-12-31T13:24:08.399+0000] {processor.py:161} INFO - Started process (PID=18210) to work on /opt/airflow/dags/ml_models.py
[2025-12-31T13:24:08.402+0000] {processor.py:830} INFO - Processing file /opt/airflow/dags/ml_models.py for tasks to queue
[2025-12-31T13:24:08.405+0000] {logging_mixin.py:188} INFO - [2025-12-31T13:24:08.405+0000] {dagbag.py:538} INFO - Filling up the DagBag from /opt/airflow/dags/ml_models.py
[2025-12-31T13:24:08.460+0000] {processor.py:840} INFO - DAG(s) 'ml_models' retrieved from /opt/airflow/dags/ml_models.py
[2025-12-31T13:24:08.518+0000] {logging_mixin.py:188} INFO - [2025-12-31T13:24:08.518+0000] {dag.py:3036} INFO - Sync 1 DAGs
[2025-12-31T13:24:08.566+0000] {logging_mixin.py:188} INFO - [2025-12-31T13:24:08.566+0000] {dag.py:3823} INFO - Setting next_dagrun for ml_models to 2025-12-30 00:00:00+00:00, run_after=2025-12-31 00:00:00+00:00
[2025-12-31T13:24:08.657+0000] {processor.py:183} INFO - Processing /opt/airflow/dags/ml_models.py took 0.266 seconds
[2025-12-31T13:24:39.398+0000] {processor.py:161} INFO - Started process (PID=18230) to work on /opt/airflow/dags/ml_models.py
[2025-12-31T13:24:39.402+0000] {processor.py:830} INFO - Processing file /opt/airflow/dags/ml_models.py for tasks to queue
[2025-12-31T13:24:39.404+0000] {logging_mixin.py:188} INFO - [2025-12-31T13:24:39.404+0000] {dagbag.py:538} INFO - Filling up the DagBag from /opt/airflow/dags/ml_models.py
[2025-12-31T13:24:39.446+0000] {processor.py:840} INFO - DAG(s) 'ml_models' retrieved from /opt/airflow/dags/ml_models.py
[2025-12-31T13:24:39.496+0000] {logging_mixin.py:188} INFO - [2025-12-31T13:24:39.496+0000] {dag.py:3036} INFO - Sync 1 DAGs
[2025-12-31T13:24:39.553+0000] {logging_mixin.py:188} INFO - [2025-12-31T13:24:39.552+0000] {dag.py:3823} INFO - Setting next_dagrun for ml_models to 2025-12-30 00:00:00+00:00, run_after=2025-12-31 00:00:00+00:00
[2025-12-31T13:24:39.628+0000] {processor.py:183} INFO - Processing /opt/airflow/dags/ml_models.py took 0.241 seconds
[2025-12-31T13:25:10.354+0000] {processor.py:161} INFO - Started process (PID=18250) to work on /opt/airflow/dags/ml_models.py
[2025-12-31T13:25:10.356+0000] {processor.py:830} INFO - Processing file /opt/airflow/dags/ml_models.py for tasks to queue
[2025-12-31T13:25:10.358+0000] {logging_mixin.py:188} INFO - [2025-12-31T13:25:10.357+0000] {dagbag.py:538} INFO - Filling up the DagBag from /opt/airflow/dags/ml_models.py
[2025-12-31T13:25:10.391+0000] {processor.py:840} INFO - DAG(s) 'ml_models' retrieved from /opt/airflow/dags/ml_models.py
[2025-12-31T13:25:10.438+0000] {logging_mixin.py:188} INFO - [2025-12-31T13:25:10.437+0000] {dag.py:3036} INFO - Sync 1 DAGs
[2025-12-31T13:25:10.479+0000] {logging_mixin.py:188} INFO - [2025-12-31T13:25:10.479+0000] {dag.py:3823} INFO - Setting next_dagrun for ml_models to 2025-12-30 00:00:00+00:00, run_after=2025-12-31 00:00:00+00:00
[2025-12-31T13:25:10.510+0000] {processor.py:183} INFO - Processing /opt/airflow/dags/ml_models.py took 0.162 seconds
[2025-12-31T13:25:41.219+0000] {processor.py:161} INFO - Started process (PID=18270) to work on /opt/airflow/dags/ml_models.py
[2025-12-31T13:25:41.222+0000] {processor.py:830} INFO - Processing file /opt/airflow/dags/ml_models.py for tasks to queue
[2025-12-31T13:25:41.224+0000] {logging_mixin.py:188} INFO - [2025-12-31T13:25:41.223+0000] {dagbag.py:538} INFO - Filling up the DagBag from /opt/airflow/dags/ml_models.py
[2025-12-31T13:25:41.266+0000] {processor.py:840} INFO - DAG(s) 'ml_models' retrieved from /opt/airflow/dags/ml_models.py
[2025-12-31T13:25:41.330+0000] {logging_mixin.py:188} INFO - [2025-12-31T13:25:41.330+0000] {dag.py:3036} INFO - Sync 1 DAGs
[2025-12-31T13:25:41.384+0000] {logging_mixin.py:188} INFO - [2025-12-31T13:25:41.383+0000] {dag.py:3823} INFO - Setting next_dagrun for ml_models to 2025-12-30 00:00:00+00:00, run_after=2025-12-31 00:00:00+00:00
[2025-12-31T13:25:41.426+0000] {processor.py:183} INFO - Processing /opt/airflow/dags/ml_models.py took 0.214 seconds
[2025-12-31T13:26:11.760+0000] {processor.py:161} INFO - Started process (PID=18290) to work on /opt/airflow/dags/ml_models.py
[2025-12-31T13:26:11.762+0000] {processor.py:830} INFO - Processing file /opt/airflow/dags/ml_models.py for tasks to queue
[2025-12-31T13:26:11.764+0000] {logging_mixin.py:188} INFO - [2025-12-31T13:26:11.764+0000] {dagbag.py:538} INFO - Filling up the DagBag from /opt/airflow/dags/ml_models.py
[2025-12-31T13:26:11.801+0000] {processor.py:840} INFO - DAG(s) 'ml_models' retrieved from /opt/airflow/dags/ml_models.py
[2025-12-31T13:26:11.842+0000] {logging_mixin.py:188} INFO - [2025-12-31T13:26:11.841+0000] {dag.py:3036} INFO - Sync 1 DAGs
[2025-12-31T13:26:11.890+0000] {logging_mixin.py:188} INFO - [2025-12-31T13:26:11.890+0000] {dag.py:3823} INFO - Setting next_dagrun for ml_models to 2025-12-30 00:00:00+00:00, run_after=2025-12-31 00:00:00+00:00
[2025-12-31T13:26:12.387+0000] {processor.py:183} INFO - Processing /opt/airflow/dags/ml_models.py took 0.633 seconds
[2025-12-31T13:26:43.119+0000] {processor.py:161} INFO - Started process (PID=18310) to work on /opt/airflow/dags/ml_models.py
[2025-12-31T13:26:43.122+0000] {processor.py:830} INFO - Processing file /opt/airflow/dags/ml_models.py for tasks to queue
[2025-12-31T13:26:43.123+0000] {logging_mixin.py:188} INFO - [2025-12-31T13:26:43.123+0000] {dagbag.py:538} INFO - Filling up the DagBag from /opt/airflow/dags/ml_models.py
[2025-12-31T13:26:43.161+0000] {processor.py:840} INFO - DAG(s) 'ml_models' retrieved from /opt/airflow/dags/ml_models.py
[2025-12-31T13:26:43.204+0000] {logging_mixin.py:188} INFO - [2025-12-31T13:26:43.204+0000] {dag.py:3036} INFO - Sync 1 DAGs
[2025-12-31T13:26:43.259+0000] {logging_mixin.py:188} INFO - [2025-12-31T13:26:43.259+0000] {dag.py:3823} INFO - Setting next_dagrun for ml_models to 2025-12-30 00:00:00+00:00, run_after=2025-12-31 00:00:00+00:00
[2025-12-31T13:26:43.296+0000] {processor.py:183} INFO - Processing /opt/airflow/dags/ml_models.py took 0.183 seconds
[2025-12-31T13:27:14.105+0000] {processor.py:161} INFO - Started process (PID=18330) to work on /opt/airflow/dags/ml_models.py
[2025-12-31T13:27:14.109+0000] {processor.py:830} INFO - Processing file /opt/airflow/dags/ml_models.py for tasks to queue
[2025-12-31T13:27:14.113+0000] {logging_mixin.py:188} INFO - [2025-12-31T13:27:14.111+0000] {dagbag.py:538} INFO - Filling up the DagBag from /opt/airflow/dags/ml_models.py
[2025-12-31T13:27:14.158+0000] {processor.py:840} INFO - DAG(s) 'ml_models' retrieved from /opt/airflow/dags/ml_models.py
[2025-12-31T13:27:14.216+0000] {logging_mixin.py:188} INFO - [2025-12-31T13:27:14.215+0000] {dag.py:3036} INFO - Sync 1 DAGs
[2025-12-31T13:27:14.285+0000] {logging_mixin.py:188} INFO - [2025-12-31T13:27:14.284+0000] {dag.py:3823} INFO - Setting next_dagrun for ml_models to 2025-12-30 00:00:00+00:00, run_after=2025-12-31 00:00:00+00:00
[2025-12-31T13:27:14.340+0000] {processor.py:183} INFO - Processing /opt/airflow/dags/ml_models.py took 0.246 seconds
[2025-12-31T13:27:45.089+0000] {processor.py:161} INFO - Started process (PID=18350) to work on /opt/airflow/dags/ml_models.py
[2025-12-31T13:27:45.091+0000] {processor.py:830} INFO - Processing file /opt/airflow/dags/ml_models.py for tasks to queue
[2025-12-31T13:27:45.093+0000] {logging_mixin.py:188} INFO - [2025-12-31T13:27:45.093+0000] {dagbag.py:538} INFO - Filling up the DagBag from /opt/airflow/dags/ml_models.py
[2025-12-31T13:27:45.137+0000] {processor.py:840} INFO - DAG(s) 'ml_models' retrieved from /opt/airflow/dags/ml_models.py
[2025-12-31T13:27:45.198+0000] {logging_mixin.py:188} INFO - [2025-12-31T13:27:45.197+0000] {dag.py:3036} INFO - Sync 1 DAGs
[2025-12-31T13:27:45.246+0000] {logging_mixin.py:188} INFO - [2025-12-31T13:27:45.246+0000] {dag.py:3823} INFO - Setting next_dagrun for ml_models to 2025-12-30 00:00:00+00:00, run_after=2025-12-31 00:00:00+00:00
[2025-12-31T13:27:45.322+0000] {processor.py:183} INFO - Processing /opt/airflow/dags/ml_models.py took 0.239 seconds
[2025-12-31T13:28:16.186+0000] {processor.py:161} INFO - Started process (PID=18370) to work on /opt/airflow/dags/ml_models.py
[2025-12-31T13:28:16.189+0000] {processor.py:830} INFO - Processing file /opt/airflow/dags/ml_models.py for tasks to queue
[2025-12-31T13:28:16.192+0000] {logging_mixin.py:188} INFO - [2025-12-31T13:28:16.191+0000] {dagbag.py:538} INFO - Filling up the DagBag from /opt/airflow/dags/ml_models.py
[2025-12-31T13:28:16.232+0000] {processor.py:840} INFO - DAG(s) 'ml_models' retrieved from /opt/airflow/dags/ml_models.py
[2025-12-31T13:28:16.292+0000] {logging_mixin.py:188} INFO - [2025-12-31T13:28:16.291+0000] {dag.py:3036} INFO - Sync 1 DAGs
[2025-12-31T13:28:16.338+0000] {logging_mixin.py:188} INFO - [2025-12-31T13:28:16.338+0000] {dag.py:3823} INFO - Setting next_dagrun for ml_models to 2025-12-30 00:00:00+00:00, run_after=2025-12-31 00:00:00+00:00
[2025-12-31T13:28:16.412+0000] {processor.py:183} INFO - Processing /opt/airflow/dags/ml_models.py took 0.236 seconds
[2025-12-31T13:28:47.055+0000] {processor.py:161} INFO - Started process (PID=18390) to work on /opt/airflow/dags/ml_models.py
[2025-12-31T13:28:47.057+0000] {processor.py:830} INFO - Processing file /opt/airflow/dags/ml_models.py for tasks to queue
[2025-12-31T13:28:47.059+0000] {logging_mixin.py:188} INFO - [2025-12-31T13:28:47.058+0000] {dagbag.py:538} INFO - Filling up the DagBag from /opt/airflow/dags/ml_models.py
[2025-12-31T13:28:47.100+0000] {processor.py:840} INFO - DAG(s) 'ml_models' retrieved from /opt/airflow/dags/ml_models.py
[2025-12-31T13:28:47.154+0000] {logging_mixin.py:188} INFO - [2025-12-31T13:28:47.153+0000] {dag.py:3036} INFO - Sync 1 DAGs
[2025-12-31T13:28:47.196+0000] {logging_mixin.py:188} INFO - [2025-12-31T13:28:47.196+0000] {dag.py:3823} INFO - Setting next_dagrun for ml_models to 2025-12-30 00:00:00+00:00, run_after=2025-12-31 00:00:00+00:00
[2025-12-31T13:28:47.590+0000] {processor.py:183} INFO - Processing /opt/airflow/dags/ml_models.py took 0.544 seconds
[2025-12-31T13:29:18.010+0000] {processor.py:161} INFO - Started process (PID=18410) to work on /opt/airflow/dags/ml_models.py
[2025-12-31T13:29:18.013+0000] {processor.py:830} INFO - Processing file /opt/airflow/dags/ml_models.py for tasks to queue
[2025-12-31T13:29:18.016+0000] {logging_mixin.py:188} INFO - [2025-12-31T13:29:18.015+0000] {dagbag.py:538} INFO - Filling up the DagBag from /opt/airflow/dags/ml_models.py
[2025-12-31T13:29:18.059+0000] {processor.py:840} INFO - DAG(s) 'ml_models' retrieved from /opt/airflow/dags/ml_models.py
[2025-12-31T13:29:18.104+0000] {logging_mixin.py:188} INFO - [2025-12-31T13:29:18.104+0000] {dag.py:3036} INFO - Sync 1 DAGs
[2025-12-31T13:29:18.457+0000] {logging_mixin.py:188} INFO - [2025-12-31T13:29:18.456+0000] {dag.py:3823} INFO - Setting next_dagrun for ml_models to 2025-12-30 00:00:00+00:00, run_after=2025-12-31 00:00:00+00:00
[2025-12-31T13:29:18.524+0000] {processor.py:183} INFO - Processing /opt/airflow/dags/ml_models.py took 0.521 seconds
[2025-12-31T13:29:49.245+0000] {processor.py:161} INFO - Started process (PID=18430) to work on /opt/airflow/dags/ml_models.py
[2025-12-31T13:29:49.248+0000] {processor.py:830} INFO - Processing file /opt/airflow/dags/ml_models.py for tasks to queue
[2025-12-31T13:29:49.249+0000] {logging_mixin.py:188} INFO - [2025-12-31T13:29:49.249+0000] {dagbag.py:538} INFO - Filling up the DagBag from /opt/airflow/dags/ml_models.py
[2025-12-31T13:29:49.287+0000] {processor.py:840} INFO - DAG(s) 'ml_models' retrieved from /opt/airflow/dags/ml_models.py
[2025-12-31T13:29:49.332+0000] {logging_mixin.py:188} INFO - [2025-12-31T13:29:49.332+0000] {dag.py:3036} INFO - Sync 1 DAGs
[2025-12-31T13:29:49.387+0000] {logging_mixin.py:188} INFO - [2025-12-31T13:29:49.386+0000] {dag.py:3823} INFO - Setting next_dagrun for ml_models to 2025-12-30 00:00:00+00:00, run_after=2025-12-31 00:00:00+00:00
[2025-12-31T13:29:49.464+0000] {processor.py:183} INFO - Processing /opt/airflow/dags/ml_models.py took 0.228 seconds
[2025-12-31T13:30:20.210+0000] {processor.py:161} INFO - Started process (PID=18450) to work on /opt/airflow/dags/ml_models.py
[2025-12-31T13:30:20.213+0000] {processor.py:830} INFO - Processing file /opt/airflow/dags/ml_models.py for tasks to queue
[2025-12-31T13:30:20.216+0000] {logging_mixin.py:188} INFO - [2025-12-31T13:30:20.215+0000] {dagbag.py:538} INFO - Filling up the DagBag from /opt/airflow/dags/ml_models.py
[2025-12-31T13:30:20.265+0000] {processor.py:840} INFO - DAG(s) 'ml_models' retrieved from /opt/airflow/dags/ml_models.py
[2025-12-31T13:30:20.311+0000] {logging_mixin.py:188} INFO - [2025-12-31T13:30:20.311+0000] {dag.py:3036} INFO - Sync 1 DAGs
[2025-12-31T13:30:20.352+0000] {logging_mixin.py:188} INFO - [2025-12-31T13:30:20.352+0000] {dag.py:3823} INFO - Setting next_dagrun for ml_models to 2025-12-30 00:00:00+00:00, run_after=2025-12-31 00:00:00+00:00
[2025-12-31T13:30:20.426+0000] {processor.py:183} INFO - Processing /opt/airflow/dags/ml_models.py took 0.227 seconds
[2025-12-31T13:30:51.199+0000] {processor.py:161} INFO - Started process (PID=18470) to work on /opt/airflow/dags/ml_models.py
[2025-12-31T13:30:51.201+0000] {processor.py:830} INFO - Processing file /opt/airflow/dags/ml_models.py for tasks to queue
[2025-12-31T13:30:51.203+0000] {logging_mixin.py:188} INFO - [2025-12-31T13:30:51.203+0000] {dagbag.py:538} INFO - Filling up the DagBag from /opt/airflow/dags/ml_models.py
[2025-12-31T13:30:51.242+0000] {processor.py:840} INFO - DAG(s) 'ml_models' retrieved from /opt/airflow/dags/ml_models.py
[2025-12-31T13:30:51.300+0000] {logging_mixin.py:188} INFO - [2025-12-31T13:30:51.298+0000] {dag.py:3036} INFO - Sync 1 DAGs
[2025-12-31T13:30:51.366+0000] {logging_mixin.py:188} INFO - [2025-12-31T13:30:51.366+0000] {dag.py:3823} INFO - Setting next_dagrun for ml_models to 2025-12-30 00:00:00+00:00, run_after=2025-12-31 00:00:00+00:00
[2025-12-31T13:30:51.402+0000] {processor.py:183} INFO - Processing /opt/airflow/dags/ml_models.py took 0.211 seconds
[2025-12-31T13:31:22.123+0000] {processor.py:161} INFO - Started process (PID=18490) to work on /opt/airflow/dags/ml_models.py
[2025-12-31T13:31:22.126+0000] {processor.py:830} INFO - Processing file /opt/airflow/dags/ml_models.py for tasks to queue
[2025-12-31T13:31:22.129+0000] {logging_mixin.py:188} INFO - [2025-12-31T13:31:22.128+0000] {dagbag.py:538} INFO - Filling up the DagBag from /opt/airflow/dags/ml_models.py
[2025-12-31T13:31:22.166+0000] {processor.py:840} INFO - DAG(s) 'ml_models' retrieved from /opt/airflow/dags/ml_models.py
[2025-12-31T13:31:22.211+0000] {logging_mixin.py:188} INFO - [2025-12-31T13:31:22.210+0000] {dag.py:3036} INFO - Sync 1 DAGs
[2025-12-31T13:31:22.273+0000] {logging_mixin.py:188} INFO - [2025-12-31T13:31:22.272+0000] {dag.py:3823} INFO - Setting next_dagrun for ml_models to 2025-12-30 00:00:00+00:00, run_after=2025-12-31 00:00:00+00:00
[2025-12-31T13:31:22.352+0000] {processor.py:183} INFO - Processing /opt/airflow/dags/ml_models.py took 0.237 seconds
[2025-12-31T13:31:52.711+0000] {processor.py:161} INFO - Started process (PID=18510) to work on /opt/airflow/dags/ml_models.py
[2025-12-31T13:31:52.713+0000] {processor.py:830} INFO - Processing file /opt/airflow/dags/ml_models.py for tasks to queue
[2025-12-31T13:31:52.715+0000] {logging_mixin.py:188} INFO - [2025-12-31T13:31:52.715+0000] {dagbag.py:538} INFO - Filling up the DagBag from /opt/airflow/dags/ml_models.py
[2025-12-31T13:31:52.751+0000] {processor.py:840} INFO - DAG(s) 'ml_models' retrieved from /opt/airflow/dags/ml_models.py
[2025-12-31T13:31:52.793+0000] {logging_mixin.py:188} INFO - [2025-12-31T13:31:52.793+0000] {dag.py:3036} INFO - Sync 1 DAGs
[2025-12-31T13:31:52.849+0000] {logging_mixin.py:188} INFO - [2025-12-31T13:31:52.849+0000] {dag.py:3823} INFO - Setting next_dagrun for ml_models to 2025-12-30 00:00:00+00:00, run_after=2025-12-31 00:00:00+00:00
[2025-12-31T13:31:53.385+0000] {processor.py:183} INFO - Processing /opt/airflow/dags/ml_models.py took 0.682 seconds
[2025-12-31T13:32:23.811+0000] {processor.py:161} INFO - Started process (PID=18530) to work on /opt/airflow/dags/ml_models.py
[2025-12-31T13:32:23.814+0000] {processor.py:830} INFO - Processing file /opt/airflow/dags/ml_models.py for tasks to queue
[2025-12-31T13:32:23.816+0000] {logging_mixin.py:188} INFO - [2025-12-31T13:32:23.815+0000] {dagbag.py:538} INFO - Filling up the DagBag from /opt/airflow/dags/ml_models.py
[2025-12-31T13:32:23.869+0000] {processor.py:840} INFO - DAG(s) 'ml_models' retrieved from /opt/airflow/dags/ml_models.py
[2025-12-31T13:32:23.925+0000] {logging_mixin.py:188} INFO - [2025-12-31T13:32:23.924+0000] {dag.py:3036} INFO - Sync 1 DAGs
[2025-12-31T13:32:23.969+0000] {logging_mixin.py:188} INFO - [2025-12-31T13:32:23.968+0000] {dag.py:3823} INFO - Setting next_dagrun for ml_models to 2025-12-30 00:00:00+00:00, run_after=2025-12-31 00:00:00+00:00
[2025-12-31T13:32:24.047+0000] {processor.py:183} INFO - Processing /opt/airflow/dags/ml_models.py took 0.243 seconds
[2025-12-31T13:32:54.655+0000] {processor.py:161} INFO - Started process (PID=18545) to work on /opt/airflow/dags/ml_models.py
[2025-12-31T13:32:54.658+0000] {processor.py:830} INFO - Processing file /opt/airflow/dags/ml_models.py for tasks to queue
[2025-12-31T13:32:54.660+0000] {logging_mixin.py:188} INFO - [2025-12-31T13:32:54.660+0000] {dagbag.py:538} INFO - Filling up the DagBag from /opt/airflow/dags/ml_models.py
[2025-12-31T13:32:54.698+0000] {processor.py:840} INFO - DAG(s) 'ml_models' retrieved from /opt/airflow/dags/ml_models.py
[2025-12-31T13:32:54.764+0000] {logging_mixin.py:188} INFO - [2025-12-31T13:32:54.764+0000] {dag.py:3036} INFO - Sync 1 DAGs
[2025-12-31T13:32:54.805+0000] {logging_mixin.py:188} INFO - [2025-12-31T13:32:54.805+0000] {dag.py:3823} INFO - Setting next_dagrun for ml_models to 2025-12-30 00:00:00+00:00, run_after=2025-12-31 00:00:00+00:00
[2025-12-31T13:32:54.881+0000] {processor.py:183} INFO - Processing /opt/airflow/dags/ml_models.py took 0.232 seconds
[2025-12-31T13:33:25.647+0000] {processor.py:161} INFO - Started process (PID=18565) to work on /opt/airflow/dags/ml_models.py
[2025-12-31T13:33:25.649+0000] {processor.py:830} INFO - Processing file /opt/airflow/dags/ml_models.py for tasks to queue
[2025-12-31T13:33:25.651+0000] {logging_mixin.py:188} INFO - [2025-12-31T13:33:25.651+0000] {dagbag.py:538} INFO - Filling up the DagBag from /opt/airflow/dags/ml_models.py
[2025-12-31T13:33:25.686+0000] {processor.py:840} INFO - DAG(s) 'ml_models' retrieved from /opt/airflow/dags/ml_models.py
[2025-12-31T13:33:25.737+0000] {logging_mixin.py:188} INFO - [2025-12-31T13:33:25.736+0000] {dag.py:3036} INFO - Sync 1 DAGs
[2025-12-31T13:33:25.790+0000] {logging_mixin.py:188} INFO - [2025-12-31T13:33:25.790+0000] {dag.py:3823} INFO - Setting next_dagrun for ml_models to 2025-12-30 00:00:00+00:00, run_after=2025-12-31 00:00:00+00:00
[2025-12-31T13:33:25.867+0000] {processor.py:183} INFO - Processing /opt/airflow/dags/ml_models.py took 0.230 seconds
[2025-12-31T13:33:56.782+0000] {processor.py:161} INFO - Started process (PID=18585) to work on /opt/airflow/dags/ml_models.py
[2025-12-31T13:33:56.785+0000] {processor.py:830} INFO - Processing file /opt/airflow/dags/ml_models.py for tasks to queue
[2025-12-31T13:33:56.788+0000] {logging_mixin.py:188} INFO - [2025-12-31T13:33:56.787+0000] {dagbag.py:538} INFO - Filling up the DagBag from /opt/airflow/dags/ml_models.py
[2025-12-31T13:33:56.823+0000] {processor.py:840} INFO - DAG(s) 'ml_models' retrieved from /opt/airflow/dags/ml_models.py
[2025-12-31T13:33:56.876+0000] {logging_mixin.py:188} INFO - [2025-12-31T13:33:56.876+0000] {dag.py:3036} INFO - Sync 1 DAGs
[2025-12-31T13:33:56.938+0000] {logging_mixin.py:188} INFO - [2025-12-31T13:33:56.938+0000] {dag.py:3823} INFO - Setting next_dagrun for ml_models to 2025-12-30 00:00:00+00:00, run_after=2025-12-31 00:00:00+00:00
[2025-12-31T13:33:57.019+0000] {processor.py:183} INFO - Processing /opt/airflow/dags/ml_models.py took 0.245 seconds
[2025-12-31T13:34:27.821+0000] {processor.py:161} INFO - Started process (PID=18605) to work on /opt/airflow/dags/ml_models.py
[2025-12-31T13:34:27.823+0000] {processor.py:830} INFO - Processing file /opt/airflow/dags/ml_models.py for tasks to queue
[2025-12-31T13:34:27.825+0000] {logging_mixin.py:188} INFO - [2025-12-31T13:34:27.825+0000] {dagbag.py:538} INFO - Filling up the DagBag from /opt/airflow/dags/ml_models.py
[2025-12-31T13:34:27.865+0000] {processor.py:840} INFO - DAG(s) 'ml_models' retrieved from /opt/airflow/dags/ml_models.py
[2025-12-31T13:34:27.909+0000] {logging_mixin.py:188} INFO - [2025-12-31T13:34:27.908+0000] {dag.py:3036} INFO - Sync 1 DAGs
[2025-12-31T13:34:27.952+0000] {logging_mixin.py:188} INFO - [2025-12-31T13:34:27.952+0000] {dag.py:3823} INFO - Setting next_dagrun for ml_models to 2025-12-30 00:00:00+00:00, run_after=2025-12-31 00:00:00+00:00
[2025-12-31T13:34:28.367+0000] {processor.py:183} INFO - Processing /opt/airflow/dags/ml_models.py took 0.553 seconds
[2025-12-31T13:34:58.573+0000] {processor.py:161} INFO - Started process (PID=18628) to work on /opt/airflow/dags/ml_models.py
[2025-12-31T13:34:58.578+0000] {processor.py:830} INFO - Processing file /opt/airflow/dags/ml_models.py for tasks to queue
[2025-12-31T13:34:58.581+0000] {logging_mixin.py:188} INFO - [2025-12-31T13:34:58.580+0000] {dagbag.py:538} INFO - Filling up the DagBag from /opt/airflow/dags/ml_models.py
[2025-12-31T13:34:58.645+0000] {processor.py:840} INFO - DAG(s) 'ml_models' retrieved from /opt/airflow/dags/ml_models.py
[2025-12-31T13:34:58.730+0000] {logging_mixin.py:188} INFO - [2025-12-31T13:34:58.728+0000] {dag.py:3036} INFO - Sync 1 DAGs
[2025-12-31T13:34:59.214+0000] {logging_mixin.py:188} INFO - [2025-12-31T13:34:59.214+0000] {dag.py:3823} INFO - Setting next_dagrun for ml_models to 2025-12-30 00:00:00+00:00, run_after=2025-12-31 00:00:00+00:00
[2025-12-31T13:34:59.266+0000] {processor.py:183} INFO - Processing /opt/airflow/dags/ml_models.py took 0.709 seconds
[2025-12-31T13:35:29.649+0000] {processor.py:161} INFO - Started process (PID=18645) to work on /opt/airflow/dags/ml_models.py
[2025-12-31T13:35:29.653+0000] {processor.py:830} INFO - Processing file /opt/airflow/dags/ml_models.py for tasks to queue
[2025-12-31T13:35:29.655+0000] {logging_mixin.py:188} INFO - [2025-12-31T13:35:29.654+0000] {dagbag.py:538} INFO - Filling up the DagBag from /opt/airflow/dags/ml_models.py
[2025-12-31T13:35:29.712+0000] {processor.py:840} INFO - DAG(s) 'ml_models' retrieved from /opt/airflow/dags/ml_models.py
[2025-12-31T13:35:29.774+0000] {logging_mixin.py:188} INFO - [2025-12-31T13:35:29.773+0000] {dag.py:3036} INFO - Sync 1 DAGs
[2025-12-31T13:35:29.830+0000] {logging_mixin.py:188} INFO - [2025-12-31T13:35:29.829+0000] {dag.py:3823} INFO - Setting next_dagrun for ml_models to 2025-12-30 00:00:00+00:00, run_after=2025-12-31 00:00:00+00:00
[2025-12-31T13:35:29.915+0000] {processor.py:183} INFO - Processing /opt/airflow/dags/ml_models.py took 0.276 seconds
[2025-12-31T13:36:00.284+0000] {processor.py:161} INFO - Started process (PID=18665) to work on /opt/airflow/dags/ml_models.py
[2025-12-31T13:36:00.288+0000] {processor.py:830} INFO - Processing file /opt/airflow/dags/ml_models.py for tasks to queue
[2025-12-31T13:36:00.292+0000] {logging_mixin.py:188} INFO - [2025-12-31T13:36:00.291+0000] {dagbag.py:538} INFO - Filling up the DagBag from /opt/airflow/dags/ml_models.py
[2025-12-31T13:36:00.355+0000] {processor.py:840} INFO - DAG(s) 'ml_models' retrieved from /opt/airflow/dags/ml_models.py
[2025-12-31T13:36:00.420+0000] {logging_mixin.py:188} INFO - [2025-12-31T13:36:00.419+0000] {dag.py:3036} INFO - Sync 1 DAGs
[2025-12-31T13:36:00.482+0000] {logging_mixin.py:188} INFO - [2025-12-31T13:36:00.481+0000] {dag.py:3823} INFO - Setting next_dagrun for ml_models to 2025-12-30 00:00:00+00:00, run_after=2025-12-31 00:00:00+00:00
[2025-12-31T13:36:00.578+0000] {processor.py:183} INFO - Processing /opt/airflow/dags/ml_models.py took 0.311 seconds
[2025-12-31T13:36:30.905+0000] {processor.py:161} INFO - Started process (PID=18685) to work on /opt/airflow/dags/ml_models.py
[2025-12-31T13:36:30.910+0000] {processor.py:830} INFO - Processing file /opt/airflow/dags/ml_models.py for tasks to queue
[2025-12-31T13:36:30.913+0000] {logging_mixin.py:188} INFO - [2025-12-31T13:36:30.912+0000] {dagbag.py:538} INFO - Filling up the DagBag from /opt/airflow/dags/ml_models.py
[2025-12-31T13:36:30.977+0000] {processor.py:840} INFO - DAG(s) 'ml_models' retrieved from /opt/airflow/dags/ml_models.py
[2025-12-31T13:36:31.072+0000] {logging_mixin.py:188} INFO - [2025-12-31T13:36:31.071+0000] {dag.py:3036} INFO - Sync 1 DAGs
[2025-12-31T13:36:31.150+0000] {logging_mixin.py:188} INFO - [2025-12-31T13:36:31.149+0000] {dag.py:3823} INFO - Setting next_dagrun for ml_models to 2025-12-30 00:00:00+00:00, run_after=2025-12-31 00:00:00+00:00
[2025-12-31T13:36:31.255+0000] {processor.py:183} INFO - Processing /opt/airflow/dags/ml_models.py took 0.362 seconds
[2025-12-31T13:37:01.493+0000] {processor.py:161} INFO - Started process (PID=18705) to work on /opt/airflow/dags/ml_models.py
[2025-12-31T13:37:01.497+0000] {processor.py:830} INFO - Processing file /opt/airflow/dags/ml_models.py for tasks to queue
[2025-12-31T13:37:01.501+0000] {logging_mixin.py:188} INFO - [2025-12-31T13:37:01.500+0000] {dagbag.py:538} INFO - Filling up the DagBag from /opt/airflow/dags/ml_models.py
[2025-12-31T13:37:01.564+0000] {processor.py:840} INFO - DAG(s) 'ml_models' retrieved from /opt/airflow/dags/ml_models.py
[2025-12-31T13:37:01.638+0000] {logging_mixin.py:188} INFO - [2025-12-31T13:37:01.637+0000] {dag.py:3036} INFO - Sync 1 DAGs
[2025-12-31T13:37:01.696+0000] {logging_mixin.py:188} INFO - [2025-12-31T13:37:01.695+0000] {dag.py:3823} INFO - Setting next_dagrun for ml_models to 2025-12-30 00:00:00+00:00, run_after=2025-12-31 00:00:00+00:00
[2025-12-31T13:37:01.789+0000] {processor.py:183} INFO - Processing /opt/airflow/dags/ml_models.py took 0.307 seconds
[2025-12-31T13:37:32.871+0000] {processor.py:161} INFO - Started process (PID=18725) to work on /opt/airflow/dags/ml_models.py
[2025-12-31T13:37:32.875+0000] {processor.py:830} INFO - Processing file /opt/airflow/dags/ml_models.py for tasks to queue
[2025-12-31T13:37:32.878+0000] {logging_mixin.py:188} INFO - [2025-12-31T13:37:32.877+0000] {dagbag.py:538} INFO - Filling up the DagBag from /opt/airflow/dags/ml_models.py
[2025-12-31T13:37:32.934+0000] {processor.py:840} INFO - DAG(s) 'ml_models' retrieved from /opt/airflow/dags/ml_models.py
[2025-12-31T13:37:33.011+0000] {logging_mixin.py:188} INFO - [2025-12-31T13:37:33.010+0000] {dag.py:3036} INFO - Sync 1 DAGs
[2025-12-31T13:37:33.071+0000] {logging_mixin.py:188} INFO - [2025-12-31T13:37:33.071+0000] {dag.py:3823} INFO - Setting next_dagrun for ml_models to 2025-12-30 00:00:00+00:00, run_after=2025-12-31 00:00:00+00:00
[2025-12-31T13:37:33.836+0000] {processor.py:183} INFO - Processing /opt/airflow/dags/ml_models.py took 0.979 seconds
[2025-12-31T13:38:04.338+0000] {processor.py:161} INFO - Started process (PID=18745) to work on /opt/airflow/dags/ml_models.py
[2025-12-31T13:38:04.342+0000] {processor.py:830} INFO - Processing file /opt/airflow/dags/ml_models.py for tasks to queue
[2025-12-31T13:38:04.346+0000] {logging_mixin.py:188} INFO - [2025-12-31T13:38:04.345+0000] {dagbag.py:538} INFO - Filling up the DagBag from /opt/airflow/dags/ml_models.py
[2025-12-31T13:38:04.422+0000] {processor.py:840} INFO - DAG(s) 'ml_models' retrieved from /opt/airflow/dags/ml_models.py
[2025-12-31T13:38:04.520+0000] {logging_mixin.py:188} INFO - [2025-12-31T13:38:04.519+0000] {dag.py:3036} INFO - Sync 1 DAGs
[2025-12-31T13:38:05.151+0000] {logging_mixin.py:188} INFO - [2025-12-31T13:38:05.150+0000] {dag.py:3823} INFO - Setting next_dagrun for ml_models to 2025-12-30 00:00:00+00:00, run_after=2025-12-31 00:00:00+00:00
[2025-12-31T13:38:05.231+0000] {processor.py:183} INFO - Processing /opt/airflow/dags/ml_models.py took 0.913 seconds
[2025-12-31T13:38:35.852+0000] {processor.py:161} INFO - Started process (PID=18765) to work on /opt/airflow/dags/ml_models.py
[2025-12-31T13:38:35.854+0000] {processor.py:830} INFO - Processing file /opt/airflow/dags/ml_models.py for tasks to queue
[2025-12-31T13:38:35.857+0000] {logging_mixin.py:188} INFO - [2025-12-31T13:38:35.856+0000] {dagbag.py:538} INFO - Filling up the DagBag from /opt/airflow/dags/ml_models.py
[2025-12-31T13:38:35.911+0000] {processor.py:840} INFO - DAG(s) 'ml_models' retrieved from /opt/airflow/dags/ml_models.py
[2025-12-31T13:38:35.986+0000] {logging_mixin.py:188} INFO - [2025-12-31T13:38:35.985+0000] {dag.py:3036} INFO - Sync 1 DAGs
[2025-12-31T13:38:36.044+0000] {logging_mixin.py:188} INFO - [2025-12-31T13:38:36.043+0000] {dag.py:3823} INFO - Setting next_dagrun for ml_models to 2025-12-30 00:00:00+00:00, run_after=2025-12-31 00:00:00+00:00
[2025-12-31T13:38:36.140+0000] {processor.py:183} INFO - Processing /opt/airflow/dags/ml_models.py took 0.297 seconds
[2025-12-31T13:39:06.592+0000] {processor.py:161} INFO - Started process (PID=18785) to work on /opt/airflow/dags/ml_models.py
[2025-12-31T13:39:06.596+0000] {processor.py:830} INFO - Processing file /opt/airflow/dags/ml_models.py for tasks to queue
[2025-12-31T13:39:06.598+0000] {logging_mixin.py:188} INFO - [2025-12-31T13:39:06.597+0000] {dagbag.py:538} INFO - Filling up the DagBag from /opt/airflow/dags/ml_models.py
[2025-12-31T13:39:06.684+0000] {processor.py:840} INFO - DAG(s) 'ml_models' retrieved from /opt/airflow/dags/ml_models.py
[2025-12-31T13:39:06.760+0000] {logging_mixin.py:188} INFO - [2025-12-31T13:39:06.759+0000] {dag.py:3036} INFO - Sync 1 DAGs
[2025-12-31T13:39:06.837+0000] {logging_mixin.py:188} INFO - [2025-12-31T13:39:06.836+0000] {dag.py:3823} INFO - Setting next_dagrun for ml_models to 2025-12-30 00:00:00+00:00, run_after=2025-12-31 00:00:00+00:00
[2025-12-31T13:39:06.887+0000] {processor.py:183} INFO - Processing /opt/airflow/dags/ml_models.py took 0.308 seconds
[2025-12-31T13:39:37.287+0000] {processor.py:161} INFO - Started process (PID=18805) to work on /opt/airflow/dags/ml_models.py
[2025-12-31T13:39:37.291+0000] {processor.py:830} INFO - Processing file /opt/airflow/dags/ml_models.py for tasks to queue
[2025-12-31T13:39:37.295+0000] {logging_mixin.py:188} INFO - [2025-12-31T13:39:37.294+0000] {dagbag.py:538} INFO - Filling up the DagBag from /opt/airflow/dags/ml_models.py
[2025-12-31T13:39:37.355+0000] {processor.py:840} INFO - DAG(s) 'ml_models' retrieved from /opt/airflow/dags/ml_models.py
[2025-12-31T13:39:37.447+0000] {logging_mixin.py:188} INFO - [2025-12-31T13:39:37.447+0000] {dag.py:3036} INFO - Sync 1 DAGs
[2025-12-31T13:39:37.517+0000] {logging_mixin.py:188} INFO - [2025-12-31T13:39:37.516+0000] {dag.py:3823} INFO - Setting next_dagrun for ml_models to 2025-12-30 00:00:00+00:00, run_after=2025-12-31 00:00:00+00:00
[2025-12-31T13:39:37.624+0000] {processor.py:183} INFO - Processing /opt/airflow/dags/ml_models.py took 0.353 seconds
[2025-12-31T13:40:07.861+0000] {processor.py:161} INFO - Started process (PID=18825) to work on /opt/airflow/dags/ml_models.py
[2025-12-31T13:40:07.864+0000] {processor.py:830} INFO - Processing file /opt/airflow/dags/ml_models.py for tasks to queue
[2025-12-31T13:40:07.867+0000] {logging_mixin.py:188} INFO - [2025-12-31T13:40:07.866+0000] {dagbag.py:538} INFO - Filling up the DagBag from /opt/airflow/dags/ml_models.py
[2025-12-31T13:40:07.926+0000] {processor.py:840} INFO - DAG(s) 'ml_models' retrieved from /opt/airflow/dags/ml_models.py
[2025-12-31T13:40:07.990+0000] {logging_mixin.py:188} INFO - [2025-12-31T13:40:07.989+0000] {dag.py:3036} INFO - Sync 1 DAGs
[2025-12-31T13:40:08.063+0000] {logging_mixin.py:188} INFO - [2025-12-31T13:40:08.062+0000] {dag.py:3823} INFO - Setting next_dagrun for ml_models to 2025-12-30 00:00:00+00:00, run_after=2025-12-31 00:00:00+00:00
[2025-12-31T13:40:08.124+0000] {processor.py:183} INFO - Processing /opt/airflow/dags/ml_models.py took 0.277 seconds
[2025-12-31T13:40:38.565+0000] {processor.py:161} INFO - Started process (PID=18845) to work on /opt/airflow/dags/ml_models.py
[2025-12-31T13:40:38.569+0000] {processor.py:830} INFO - Processing file /opt/airflow/dags/ml_models.py for tasks to queue
[2025-12-31T13:40:38.573+0000] {logging_mixin.py:188} INFO - [2025-12-31T13:40:38.572+0000] {dagbag.py:538} INFO - Filling up the DagBag from /opt/airflow/dags/ml_models.py
[2025-12-31T13:40:38.639+0000] {processor.py:840} INFO - DAG(s) 'ml_models' retrieved from /opt/airflow/dags/ml_models.py
[2025-12-31T13:40:38.715+0000] {logging_mixin.py:188} INFO - [2025-12-31T13:40:38.715+0000] {dag.py:3036} INFO - Sync 1 DAGs
[2025-12-31T13:40:39.317+0000] {logging_mixin.py:188} INFO - [2025-12-31T13:40:39.316+0000] {dag.py:3823} INFO - Setting next_dagrun for ml_models to 2025-12-30 00:00:00+00:00, run_after=2025-12-31 00:00:00+00:00
[2025-12-31T13:40:39.389+0000] {processor.py:183} INFO - Processing /opt/airflow/dags/ml_models.py took 0.849 seconds
[2025-12-31T13:41:09.906+0000] {processor.py:161} INFO - Started process (PID=18865) to work on /opt/airflow/dags/ml_models.py
[2025-12-31T13:41:09.909+0000] {processor.py:830} INFO - Processing file /opt/airflow/dags/ml_models.py for tasks to queue
[2025-12-31T13:41:09.912+0000] {logging_mixin.py:188} INFO - [2025-12-31T13:41:09.911+0000] {dagbag.py:538} INFO - Filling up the DagBag from /opt/airflow/dags/ml_models.py
[2025-12-31T13:41:09.966+0000] {processor.py:840} INFO - DAG(s) 'ml_models' retrieved from /opt/airflow/dags/ml_models.py
[2025-12-31T13:41:10.021+0000] {logging_mixin.py:188} INFO - [2025-12-31T13:41:10.021+0000] {dag.py:3036} INFO - Sync 1 DAGs
[2025-12-31T13:41:10.469+0000] {logging_mixin.py:188} INFO - [2025-12-31T13:41:10.469+0000] {dag.py:3823} INFO - Setting next_dagrun for ml_models to 2025-12-30 00:00:00+00:00, run_after=2025-12-31 00:00:00+00:00
[2025-12-31T13:41:10.513+0000] {processor.py:183} INFO - Processing /opt/airflow/dags/ml_models.py took 0.617 seconds
[2025-12-31T13:41:41.135+0000] {processor.py:161} INFO - Started process (PID=18885) to work on /opt/airflow/dags/ml_models.py
[2025-12-31T13:41:41.140+0000] {processor.py:830} INFO - Processing file /opt/airflow/dags/ml_models.py for tasks to queue
[2025-12-31T13:41:41.144+0000] {logging_mixin.py:188} INFO - [2025-12-31T13:41:41.143+0000] {dagbag.py:538} INFO - Filling up the DagBag from /opt/airflow/dags/ml_models.py
[2025-12-31T13:41:41.207+0000] {processor.py:840} INFO - DAG(s) 'ml_models' retrieved from /opt/airflow/dags/ml_models.py
[2025-12-31T13:41:41.298+0000] {logging_mixin.py:188} INFO - [2025-12-31T13:41:41.297+0000] {dag.py:3036} INFO - Sync 1 DAGs
[2025-12-31T13:41:41.375+0000] {logging_mixin.py:188} INFO - [2025-12-31T13:41:41.375+0000] {dag.py:3823} INFO - Setting next_dagrun for ml_models to 2025-12-30 00:00:00+00:00, run_after=2025-12-31 00:00:00+00:00
[2025-12-31T13:41:41.441+0000] {processor.py:183} INFO - Processing /opt/airflow/dags/ml_models.py took 0.327 seconds
[2025-12-31T13:42:11.882+0000] {processor.py:161} INFO - Started process (PID=18905) to work on /opt/airflow/dags/ml_models.py
[2025-12-31T13:42:11.886+0000] {processor.py:830} INFO - Processing file /opt/airflow/dags/ml_models.py for tasks to queue
[2025-12-31T13:42:11.888+0000] {logging_mixin.py:188} INFO - [2025-12-31T13:42:11.887+0000] {dagbag.py:538} INFO - Filling up the DagBag from /opt/airflow/dags/ml_models.py
[2025-12-31T13:42:11.949+0000] {processor.py:840} INFO - DAG(s) 'ml_models' retrieved from /opt/airflow/dags/ml_models.py
[2025-12-31T13:42:12.007+0000] {logging_mixin.py:188} INFO - [2025-12-31T13:42:12.007+0000] {dag.py:3036} INFO - Sync 1 DAGs
[2025-12-31T13:42:12.061+0000] {logging_mixin.py:188} INFO - [2025-12-31T13:42:12.060+0000] {dag.py:3823} INFO - Setting next_dagrun for ml_models to 2025-12-30 00:00:00+00:00, run_after=2025-12-31 00:00:00+00:00
[2025-12-31T13:42:12.114+0000] {processor.py:183} INFO - Processing /opt/airflow/dags/ml_models.py took 0.239 seconds
[2025-12-31T13:42:42.324+0000] {processor.py:161} INFO - Started process (PID=18925) to work on /opt/airflow/dags/ml_models.py
[2025-12-31T13:42:42.327+0000] {processor.py:830} INFO - Processing file /opt/airflow/dags/ml_models.py for tasks to queue
[2025-12-31T13:42:42.331+0000] {logging_mixin.py:188} INFO - [2025-12-31T13:42:42.330+0000] {dagbag.py:538} INFO - Filling up the DagBag from /opt/airflow/dags/ml_models.py
[2025-12-31T13:42:42.389+0000] {processor.py:840} INFO - DAG(s) 'ml_models' retrieved from /opt/airflow/dags/ml_models.py
[2025-12-31T13:42:42.456+0000] {logging_mixin.py:188} INFO - [2025-12-31T13:42:42.456+0000] {dag.py:3036} INFO - Sync 1 DAGs
[2025-12-31T13:42:42.513+0000] {logging_mixin.py:188} INFO - [2025-12-31T13:42:42.512+0000] {dag.py:3823} INFO - Setting next_dagrun for ml_models to 2025-12-30 00:00:00+00:00, run_after=2025-12-31 00:00:00+00:00
[2025-12-31T13:42:42.597+0000] {processor.py:183} INFO - Processing /opt/airflow/dags/ml_models.py took 0.290 seconds
[2025-12-31T13:43:12.774+0000] {processor.py:161} INFO - Started process (PID=18945) to work on /opt/airflow/dags/ml_models.py
[2025-12-31T13:43:12.777+0000] {processor.py:830} INFO - Processing file /opt/airflow/dags/ml_models.py for tasks to queue
[2025-12-31T13:43:12.782+0000] {logging_mixin.py:188} INFO - [2025-12-31T13:43:12.779+0000] {dagbag.py:538} INFO - Filling up the DagBag from /opt/airflow/dags/ml_models.py
[2025-12-31T13:43:12.835+0000] {processor.py:840} INFO - DAG(s) 'ml_models' retrieved from /opt/airflow/dags/ml_models.py
[2025-12-31T13:43:12.899+0000] {logging_mixin.py:188} INFO - [2025-12-31T13:43:12.898+0000] {dag.py:3036} INFO - Sync 1 DAGs
[2025-12-31T13:43:12.961+0000] {logging_mixin.py:188} INFO - [2025-12-31T13:43:12.961+0000] {dag.py:3823} INFO - Setting next_dagrun for ml_models to 2025-12-30 00:00:00+00:00, run_after=2025-12-31 00:00:00+00:00
[2025-12-31T13:43:13.446+0000] {processor.py:183} INFO - Processing /opt/airflow/dags/ml_models.py took 0.680 seconds
[2025-12-31T13:43:44.021+0000] {processor.py:161} INFO - Started process (PID=18965) to work on /opt/airflow/dags/ml_models.py
[2025-12-31T13:43:44.025+0000] {processor.py:830} INFO - Processing file /opt/airflow/dags/ml_models.py for tasks to queue
[2025-12-31T13:43:44.029+0000] {logging_mixin.py:188} INFO - [2025-12-31T13:43:44.027+0000] {dagbag.py:538} INFO - Filling up the DagBag from /opt/airflow/dags/ml_models.py
[2025-12-31T13:43:44.084+0000] {processor.py:840} INFO - DAG(s) 'ml_models' retrieved from /opt/airflow/dags/ml_models.py
[2025-12-31T13:43:44.145+0000] {logging_mixin.py:188} INFO - [2025-12-31T13:43:44.145+0000] {dag.py:3036} INFO - Sync 1 DAGs
[2025-12-31T13:43:44.717+0000] {logging_mixin.py:188} INFO - [2025-12-31T13:43:44.716+0000] {dag.py:3823} INFO - Setting next_dagrun for ml_models to 2025-12-30 00:00:00+00:00, run_after=2025-12-31 00:00:00+00:00
[2025-12-31T13:43:44.799+0000] {processor.py:183} INFO - Processing /opt/airflow/dags/ml_models.py took 0.791 seconds
[2025-12-31T13:44:15.487+0000] {processor.py:161} INFO - Started process (PID=18985) to work on /opt/airflow/dags/ml_models.py
[2025-12-31T13:44:15.490+0000] {processor.py:830} INFO - Processing file /opt/airflow/dags/ml_models.py for tasks to queue
[2025-12-31T13:44:15.494+0000] {logging_mixin.py:188} INFO - [2025-12-31T13:44:15.493+0000] {dagbag.py:538} INFO - Filling up the DagBag from /opt/airflow/dags/ml_models.py
[2025-12-31T13:44:15.549+0000] {processor.py:840} INFO - DAG(s) 'ml_models' retrieved from /opt/airflow/dags/ml_models.py
[2025-12-31T13:44:15.633+0000] {logging_mixin.py:188} INFO - [2025-12-31T13:44:15.632+0000] {dag.py:3036} INFO - Sync 1 DAGs
[2025-12-31T13:44:15.739+0000] {logging_mixin.py:188} INFO - [2025-12-31T13:44:15.737+0000] {dag.py:3823} INFO - Setting next_dagrun for ml_models to 2025-12-30 00:00:00+00:00, run_after=2025-12-31 00:00:00+00:00
[2025-12-31T13:44:15.862+0000] {processor.py:183} INFO - Processing /opt/airflow/dags/ml_models.py took 0.389 seconds
[2025-12-31T13:44:46.347+0000] {processor.py:161} INFO - Started process (PID=19005) to work on /opt/airflow/dags/ml_models.py
[2025-12-31T13:44:46.350+0000] {processor.py:830} INFO - Processing file /opt/airflow/dags/ml_models.py for tasks to queue
[2025-12-31T13:44:46.353+0000] {logging_mixin.py:188} INFO - [2025-12-31T13:44:46.352+0000] {dagbag.py:538} INFO - Filling up the DagBag from /opt/airflow/dags/ml_models.py
[2025-12-31T13:44:46.410+0000] {processor.py:840} INFO - DAG(s) 'ml_models' retrieved from /opt/airflow/dags/ml_models.py
[2025-12-31T13:44:46.478+0000] {logging_mixin.py:188} INFO - [2025-12-31T13:44:46.477+0000] {dag.py:3036} INFO - Sync 1 DAGs
[2025-12-31T13:44:46.532+0000] {logging_mixin.py:188} INFO - [2025-12-31T13:44:46.532+0000] {dag.py:3823} INFO - Setting next_dagrun for ml_models to 2025-12-30 00:00:00+00:00, run_after=2025-12-31 00:00:00+00:00
[2025-12-31T13:44:46.630+0000] {processor.py:183} INFO - Processing /opt/airflow/dags/ml_models.py took 0.293 seconds
[2025-12-31T13:45:16.786+0000] {processor.py:161} INFO - Started process (PID=19025) to work on /opt/airflow/dags/ml_models.py
[2025-12-31T13:45:16.789+0000] {processor.py:830} INFO - Processing file /opt/airflow/dags/ml_models.py for tasks to queue
[2025-12-31T13:45:16.792+0000] {logging_mixin.py:188} INFO - [2025-12-31T13:45:16.791+0000] {dagbag.py:538} INFO - Filling up the DagBag from /opt/airflow/dags/ml_models.py
[2025-12-31T13:45:16.844+0000] {processor.py:840} INFO - DAG(s) 'ml_models' retrieved from /opt/airflow/dags/ml_models.py
[2025-12-31T13:45:16.912+0000] {logging_mixin.py:188} INFO - [2025-12-31T13:45:16.912+0000] {dag.py:3036} INFO - Sync 1 DAGs
[2025-12-31T13:45:16.979+0000] {logging_mixin.py:188} INFO - [2025-12-31T13:45:16.978+0000] {dag.py:3823} INFO - Setting next_dagrun for ml_models to 2025-12-30 00:00:00+00:00, run_after=2025-12-31 00:00:00+00:00
[2025-12-31T13:45:17.047+0000] {processor.py:183} INFO - Processing /opt/airflow/dags/ml_models.py took 0.271 seconds
[2025-12-31T13:45:47.382+0000] {processor.py:161} INFO - Started process (PID=19045) to work on /opt/airflow/dags/ml_models.py
[2025-12-31T13:45:47.385+0000] {processor.py:830} INFO - Processing file /opt/airflow/dags/ml_models.py for tasks to queue
[2025-12-31T13:45:47.387+0000] {logging_mixin.py:188} INFO - [2025-12-31T13:45:47.386+0000] {dagbag.py:538} INFO - Filling up the DagBag from /opt/airflow/dags/ml_models.py
[2025-12-31T13:45:47.442+0000] {processor.py:840} INFO - DAG(s) 'ml_models' retrieved from /opt/airflow/dags/ml_models.py
[2025-12-31T13:45:47.509+0000] {logging_mixin.py:188} INFO - [2025-12-31T13:45:47.508+0000] {dag.py:3036} INFO - Sync 1 DAGs
[2025-12-31T13:45:47.565+0000] {logging_mixin.py:188} INFO - [2025-12-31T13:45:47.564+0000] {dag.py:3823} INFO - Setting next_dagrun for ml_models to 2025-12-30 00:00:00+00:00, run_after=2025-12-31 00:00:00+00:00
[2025-12-31T13:45:47.660+0000] {processor.py:183} INFO - Processing /opt/airflow/dags/ml_models.py took 0.286 seconds
[2025-12-31T13:46:17.895+0000] {processor.py:161} INFO - Started process (PID=19065) to work on /opt/airflow/dags/ml_models.py
[2025-12-31T13:46:17.898+0000] {processor.py:830} INFO - Processing file /opt/airflow/dags/ml_models.py for tasks to queue
[2025-12-31T13:46:17.901+0000] {logging_mixin.py:188} INFO - [2025-12-31T13:46:17.900+0000] {dagbag.py:538} INFO - Filling up the DagBag from /opt/airflow/dags/ml_models.py
[2025-12-31T13:46:17.954+0000] {processor.py:840} INFO - DAG(s) 'ml_models' retrieved from /opt/airflow/dags/ml_models.py
[2025-12-31T13:46:18.014+0000] {logging_mixin.py:188} INFO - [2025-12-31T13:46:18.013+0000] {dag.py:3036} INFO - Sync 1 DAGs
[2025-12-31T13:46:18.080+0000] {logging_mixin.py:188} INFO - [2025-12-31T13:46:18.079+0000] {dag.py:3823} INFO - Setting next_dagrun for ml_models to 2025-12-30 00:00:00+00:00, run_after=2025-12-31 00:00:00+00:00
[2025-12-31T13:46:18.652+0000] {processor.py:183} INFO - Processing /opt/airflow/dags/ml_models.py took 0.767 seconds
[2025-12-31T13:46:49.258+0000] {processor.py:161} INFO - Started process (PID=19085) to work on /opt/airflow/dags/ml_models.py
[2025-12-31T13:46:49.261+0000] {processor.py:830} INFO - Processing file /opt/airflow/dags/ml_models.py for tasks to queue
[2025-12-31T13:46:49.264+0000] {logging_mixin.py:188} INFO - [2025-12-31T13:46:49.263+0000] {dagbag.py:538} INFO - Filling up the DagBag from /opt/airflow/dags/ml_models.py
[2025-12-31T13:46:49.323+0000] {processor.py:840} INFO - DAG(s) 'ml_models' retrieved from /opt/airflow/dags/ml_models.py
[2025-12-31T13:46:49.378+0000] {logging_mixin.py:188} INFO - [2025-12-31T13:46:49.377+0000] {dag.py:3036} INFO - Sync 1 DAGs
[2025-12-31T13:46:49.997+0000] {logging_mixin.py:188} INFO - [2025-12-31T13:46:49.996+0000] {dag.py:3823} INFO - Setting next_dagrun for ml_models to 2025-12-30 00:00:00+00:00, run_after=2025-12-31 00:00:00+00:00
[2025-12-31T13:46:50.075+0000] {processor.py:183} INFO - Processing /opt/airflow/dags/ml_models.py took 0.825 seconds
[2025-12-31T13:47:20.790+0000] {processor.py:161} INFO - Started process (PID=19105) to work on /opt/airflow/dags/ml_models.py
[2025-12-31T13:47:20.794+0000] {processor.py:830} INFO - Processing file /opt/airflow/dags/ml_models.py for tasks to queue
[2025-12-31T13:47:20.797+0000] {logging_mixin.py:188} INFO - [2025-12-31T13:47:20.796+0000] {dagbag.py:538} INFO - Filling up the DagBag from /opt/airflow/dags/ml_models.py
[2025-12-31T13:47:20.876+0000] {processor.py:840} INFO - DAG(s) 'ml_models' retrieved from /opt/airflow/dags/ml_models.py
[2025-12-31T13:47:20.932+0000] {logging_mixin.py:188} INFO - [2025-12-31T13:47:20.932+0000] {dag.py:3036} INFO - Sync 1 DAGs
[2025-12-31T13:47:20.991+0000] {logging_mixin.py:188} INFO - [2025-12-31T13:47:20.990+0000] {dag.py:3823} INFO - Setting next_dagrun for ml_models to 2025-12-30 00:00:00+00:00, run_after=2025-12-31 00:00:00+00:00
[2025-12-31T13:47:21.057+0000] {processor.py:183} INFO - Processing /opt/airflow/dags/ml_models.py took 0.275 seconds
[2025-12-31T13:47:51.318+0000] {processor.py:161} INFO - Started process (PID=19125) to work on /opt/airflow/dags/ml_models.py
[2025-12-31T13:47:51.325+0000] {processor.py:830} INFO - Processing file /opt/airflow/dags/ml_models.py for tasks to queue
[2025-12-31T13:47:51.327+0000] {logging_mixin.py:188} INFO - [2025-12-31T13:47:51.327+0000] {dagbag.py:538} INFO - Filling up the DagBag from /opt/airflow/dags/ml_models.py
[2025-12-31T13:47:51.382+0000] {processor.py:840} INFO - DAG(s) 'ml_models' retrieved from /opt/airflow/dags/ml_models.py
[2025-12-31T13:47:51.441+0000] {logging_mixin.py:188} INFO - [2025-12-31T13:47:51.440+0000] {dag.py:3036} INFO - Sync 1 DAGs
[2025-12-31T13:47:51.502+0000] {logging_mixin.py:188} INFO - [2025-12-31T13:47:51.501+0000] {dag.py:3823} INFO - Setting next_dagrun for ml_models to 2025-12-30 00:00:00+00:00, run_after=2025-12-31 00:00:00+00:00
[2025-12-31T13:47:51.589+0000] {processor.py:183} INFO - Processing /opt/airflow/dags/ml_models.py took 0.287 seconds
[2025-12-31T13:48:21.765+0000] {processor.py:161} INFO - Started process (PID=19145) to work on /opt/airflow/dags/ml_models.py
[2025-12-31T13:48:21.768+0000] {processor.py:830} INFO - Processing file /opt/airflow/dags/ml_models.py for tasks to queue
[2025-12-31T13:48:21.770+0000] {logging_mixin.py:188} INFO - [2025-12-31T13:48:21.769+0000] {dagbag.py:538} INFO - Filling up the DagBag from /opt/airflow/dags/ml_models.py
[2025-12-31T13:48:21.821+0000] {processor.py:840} INFO - DAG(s) 'ml_models' retrieved from /opt/airflow/dags/ml_models.py
[2025-12-31T13:48:21.874+0000] {logging_mixin.py:188} INFO - [2025-12-31T13:48:21.873+0000] {dag.py:3036} INFO - Sync 1 DAGs
[2025-12-31T13:48:21.927+0000] {logging_mixin.py:188} INFO - [2025-12-31T13:48:21.926+0000] {dag.py:3823} INFO - Setting next_dagrun for ml_models to 2025-12-30 00:00:00+00:00, run_after=2025-12-31 00:00:00+00:00
[2025-12-31T13:48:22.009+0000] {processor.py:183} INFO - Processing /opt/airflow/dags/ml_models.py took 0.252 seconds
[2025-12-31T13:48:52.942+0000] {processor.py:161} INFO - Started process (PID=19165) to work on /opt/airflow/dags/ml_models.py
[2025-12-31T13:48:52.945+0000] {processor.py:830} INFO - Processing file /opt/airflow/dags/ml_models.py for tasks to queue
[2025-12-31T13:48:52.947+0000] {logging_mixin.py:188} INFO - [2025-12-31T13:48:52.947+0000] {dagbag.py:538} INFO - Filling up the DagBag from /opt/airflow/dags/ml_models.py
[2025-12-31T13:48:52.999+0000] {processor.py:840} INFO - DAG(s) 'ml_models' retrieved from /opt/airflow/dags/ml_models.py
[2025-12-31T13:48:53.053+0000] {logging_mixin.py:188} INFO - [2025-12-31T13:48:53.053+0000] {dag.py:3036} INFO - Sync 1 DAGs
[2025-12-31T13:48:53.106+0000] {logging_mixin.py:188} INFO - [2025-12-31T13:48:53.105+0000] {dag.py:3823} INFO - Setting next_dagrun for ml_models to 2025-12-30 00:00:00+00:00, run_after=2025-12-31 00:00:00+00:00
[2025-12-31T13:48:53.608+0000] {processor.py:183} INFO - Processing /opt/airflow/dags/ml_models.py took 0.674 seconds
[2025-12-31T13:49:24.053+0000] {processor.py:161} INFO - Started process (PID=19185) to work on /opt/airflow/dags/ml_models.py
[2025-12-31T13:49:24.056+0000] {processor.py:830} INFO - Processing file /opt/airflow/dags/ml_models.py for tasks to queue
[2025-12-31T13:49:24.059+0000] {logging_mixin.py:188} INFO - [2025-12-31T13:49:24.059+0000] {dagbag.py:538} INFO - Filling up the DagBag from /opt/airflow/dags/ml_models.py
[2025-12-31T13:49:24.116+0000] {processor.py:840} INFO - DAG(s) 'ml_models' retrieved from /opt/airflow/dags/ml_models.py
[2025-12-31T13:49:24.171+0000] {logging_mixin.py:188} INFO - [2025-12-31T13:49:24.170+0000] {dag.py:3036} INFO - Sync 1 DAGs
[2025-12-31T13:49:24.814+0000] {logging_mixin.py:188} INFO - [2025-12-31T13:49:24.813+0000] {dag.py:3823} INFO - Setting next_dagrun for ml_models to 2025-12-30 00:00:00+00:00, run_after=2025-12-31 00:00:00+00:00
[2025-12-31T13:49:24.899+0000] {processor.py:183} INFO - Processing /opt/airflow/dags/ml_models.py took 0.857 seconds
[2025-12-31T13:49:55.446+0000] {processor.py:161} INFO - Started process (PID=19205) to work on /opt/airflow/dags/ml_models.py
[2025-12-31T13:49:55.450+0000] {processor.py:830} INFO - Processing file /opt/airflow/dags/ml_models.py for tasks to queue
[2025-12-31T13:49:55.452+0000] {logging_mixin.py:188} INFO - [2025-12-31T13:49:55.452+0000] {dagbag.py:538} INFO - Filling up the DagBag from /opt/airflow/dags/ml_models.py
[2025-12-31T13:49:55.510+0000] {processor.py:840} INFO - DAG(s) 'ml_models' retrieved from /opt/airflow/dags/ml_models.py
[2025-12-31T13:49:55.574+0000] {logging_mixin.py:188} INFO - [2025-12-31T13:49:55.574+0000] {dag.py:3036} INFO - Sync 1 DAGs
[2025-12-31T13:49:56.086+0000] {logging_mixin.py:188} INFO - [2025-12-31T13:49:56.086+0000] {dag.py:3823} INFO - Setting next_dagrun for ml_models to 2025-12-30 00:00:00+00:00, run_after=2025-12-31 00:00:00+00:00
[2025-12-31T13:49:56.133+0000] {processor.py:183} INFO - Processing /opt/airflow/dags/ml_models.py took 0.698 seconds
[2025-12-31T13:50:26.705+0000] {processor.py:161} INFO - Started process (PID=19225) to work on /opt/airflow/dags/ml_models.py
[2025-12-31T13:50:26.709+0000] {processor.py:830} INFO - Processing file /opt/airflow/dags/ml_models.py for tasks to queue
[2025-12-31T13:50:26.712+0000] {logging_mixin.py:188} INFO - [2025-12-31T13:50:26.711+0000] {dagbag.py:538} INFO - Filling up the DagBag from /opt/airflow/dags/ml_models.py
[2025-12-31T13:50:26.767+0000] {processor.py:840} INFO - DAG(s) 'ml_models' retrieved from /opt/airflow/dags/ml_models.py
[2025-12-31T13:50:26.825+0000] {logging_mixin.py:188} INFO - [2025-12-31T13:50:26.824+0000] {dag.py:3036} INFO - Sync 1 DAGs
[2025-12-31T13:50:26.893+0000] {logging_mixin.py:188} INFO - [2025-12-31T13:50:26.892+0000] {dag.py:3823} INFO - Setting next_dagrun for ml_models to 2025-12-30 00:00:00+00:00, run_after=2025-12-31 00:00:00+00:00
[2025-12-31T13:50:26.977+0000] {processor.py:183} INFO - Processing /opt/airflow/dags/ml_models.py took 0.285 seconds
[2025-12-31T13:50:57.267+0000] {processor.py:161} INFO - Started process (PID=19245) to work on /opt/airflow/dags/ml_models.py
[2025-12-31T13:50:57.269+0000] {processor.py:830} INFO - Processing file /opt/airflow/dags/ml_models.py for tasks to queue
[2025-12-31T13:50:57.271+0000] {logging_mixin.py:188} INFO - [2025-12-31T13:50:57.271+0000] {dagbag.py:538} INFO - Filling up the DagBag from /opt/airflow/dags/ml_models.py
[2025-12-31T13:50:57.324+0000] {processor.py:840} INFO - DAG(s) 'ml_models' retrieved from /opt/airflow/dags/ml_models.py
[2025-12-31T13:50:57.385+0000] {logging_mixin.py:188} INFO - [2025-12-31T13:50:57.384+0000] {dag.py:3036} INFO - Sync 1 DAGs
[2025-12-31T13:50:57.440+0000] {logging_mixin.py:188} INFO - [2025-12-31T13:50:57.439+0000] {dag.py:3823} INFO - Setting next_dagrun for ml_models to 2025-12-30 00:00:00+00:00, run_after=2025-12-31 00:00:00+00:00
[2025-12-31T13:50:57.522+0000] {processor.py:183} INFO - Processing /opt/airflow/dags/ml_models.py took 0.268 seconds
[2025-12-31T13:51:27.815+0000] {processor.py:161} INFO - Started process (PID=19265) to work on /opt/airflow/dags/ml_models.py
[2025-12-31T13:51:27.818+0000] {processor.py:830} INFO - Processing file /opt/airflow/dags/ml_models.py for tasks to queue
[2025-12-31T13:51:27.824+0000] {logging_mixin.py:188} INFO - [2025-12-31T13:51:27.820+0000] {dagbag.py:538} INFO - Filling up the DagBag from /opt/airflow/dags/ml_models.py
[2025-12-31T13:51:27.878+0000] {processor.py:840} INFO - DAG(s) 'ml_models' retrieved from /opt/airflow/dags/ml_models.py
[2025-12-31T13:51:27.951+0000] {logging_mixin.py:188} INFO - [2025-12-31T13:51:27.950+0000] {dag.py:3036} INFO - Sync 1 DAGs
[2025-12-31T13:51:28.015+0000] {logging_mixin.py:188} INFO - [2025-12-31T13:51:28.014+0000] {dag.py:3823} INFO - Setting next_dagrun for ml_models to 2025-12-30 00:00:00+00:00, run_after=2025-12-31 00:00:00+00:00
[2025-12-31T13:51:28.071+0000] {processor.py:183} INFO - Processing /opt/airflow/dags/ml_models.py took 0.266 seconds
[2025-12-31T13:51:58.457+0000] {processor.py:161} INFO - Started process (PID=19285) to work on /opt/airflow/dags/ml_models.py
[2025-12-31T13:51:58.460+0000] {processor.py:830} INFO - Processing file /opt/airflow/dags/ml_models.py for tasks to queue
[2025-12-31T13:51:58.464+0000] {logging_mixin.py:188} INFO - [2025-12-31T13:51:58.463+0000] {dagbag.py:538} INFO - Filling up the DagBag from /opt/airflow/dags/ml_models.py
[2025-12-31T13:51:58.520+0000] {processor.py:840} INFO - DAG(s) 'ml_models' retrieved from /opt/airflow/dags/ml_models.py
[2025-12-31T13:51:58.585+0000] {logging_mixin.py:188} INFO - [2025-12-31T13:51:58.585+0000] {dag.py:3036} INFO - Sync 1 DAGs
[2025-12-31T13:51:58.661+0000] {logging_mixin.py:188} INFO - [2025-12-31T13:51:58.661+0000] {dag.py:3823} INFO - Setting next_dagrun for ml_models to 2025-12-30 00:00:00+00:00, run_after=2025-12-31 00:00:00+00:00
[2025-12-31T13:51:59.321+0000] {processor.py:183} INFO - Processing /opt/airflow/dags/ml_models.py took 0.873 seconds
[2025-12-31T13:52:30.040+0000] {processor.py:161} INFO - Started process (PID=19305) to work on /opt/airflow/dags/ml_models.py
[2025-12-31T13:52:30.044+0000] {processor.py:830} INFO - Processing file /opt/airflow/dags/ml_models.py for tasks to queue
[2025-12-31T13:52:30.047+0000] {logging_mixin.py:188} INFO - [2025-12-31T13:52:30.046+0000] {dagbag.py:538} INFO - Filling up the DagBag from /opt/airflow/dags/ml_models.py
[2025-12-31T13:52:30.101+0000] {processor.py:840} INFO - DAG(s) 'ml_models' retrieved from /opt/airflow/dags/ml_models.py
[2025-12-31T13:52:30.163+0000] {logging_mixin.py:188} INFO - [2025-12-31T13:52:30.162+0000] {dag.py:3036} INFO - Sync 1 DAGs
[2025-12-31T13:52:30.816+0000] {logging_mixin.py:188} INFO - [2025-12-31T13:52:30.815+0000] {dag.py:3823} INFO - Setting next_dagrun for ml_models to 2025-12-30 00:00:00+00:00, run_after=2025-12-31 00:00:00+00:00
[2025-12-31T13:52:30.867+0000] {processor.py:183} INFO - Processing /opt/airflow/dags/ml_models.py took 0.839 seconds
[2025-12-31T13:53:01.470+0000] {processor.py:161} INFO - Started process (PID=19325) to work on /opt/airflow/dags/ml_models.py
[2025-12-31T13:53:01.475+0000] {processor.py:830} INFO - Processing file /opt/airflow/dags/ml_models.py for tasks to queue
[2025-12-31T13:53:01.478+0000] {logging_mixin.py:188} INFO - [2025-12-31T13:53:01.477+0000] {dagbag.py:538} INFO - Filling up the DagBag from /opt/airflow/dags/ml_models.py
[2025-12-31T13:53:01.529+0000] {processor.py:840} INFO - DAG(s) 'ml_models' retrieved from /opt/airflow/dags/ml_models.py
[2025-12-31T13:53:01.604+0000] {logging_mixin.py:188} INFO - [2025-12-31T13:53:01.603+0000] {dag.py:3036} INFO - Sync 1 DAGs
[2025-12-31T13:53:02.189+0000] {logging_mixin.py:188} INFO - [2025-12-31T13:53:02.188+0000] {dag.py:3823} INFO - Setting next_dagrun for ml_models to 2025-12-30 00:00:00+00:00, run_after=2025-12-31 00:00:00+00:00
[2025-12-31T13:53:02.239+0000] {processor.py:183} INFO - Processing /opt/airflow/dags/ml_models.py took 0.778 seconds
[2025-12-31T13:53:32.757+0000] {processor.py:161} INFO - Started process (PID=19345) to work on /opt/airflow/dags/ml_models.py
[2025-12-31T13:53:32.761+0000] {processor.py:830} INFO - Processing file /opt/airflow/dags/ml_models.py for tasks to queue
[2025-12-31T13:53:32.764+0000] {logging_mixin.py:188} INFO - [2025-12-31T13:53:32.763+0000] {dagbag.py:538} INFO - Filling up the DagBag from /opt/airflow/dags/ml_models.py
[2025-12-31T13:53:32.827+0000] {processor.py:840} INFO - DAG(s) 'ml_models' retrieved from /opt/airflow/dags/ml_models.py
[2025-12-31T13:53:32.893+0000] {logging_mixin.py:188} INFO - [2025-12-31T13:53:32.892+0000] {dag.py:3036} INFO - Sync 1 DAGs
[2025-12-31T13:53:32.957+0000] {logging_mixin.py:188} INFO - [2025-12-31T13:53:32.956+0000] {dag.py:3823} INFO - Setting next_dagrun for ml_models to 2025-12-30 00:00:00+00:00, run_after=2025-12-31 00:00:00+00:00
[2025-12-31T13:53:33.048+0000] {processor.py:183} INFO - Processing /opt/airflow/dags/ml_models.py took 0.304 seconds
[2025-12-31T13:54:03.234+0000] {processor.py:161} INFO - Started process (PID=19365) to work on /opt/airflow/dags/ml_models.py
[2025-12-31T13:54:03.237+0000] {processor.py:830} INFO - Processing file /opt/airflow/dags/ml_models.py for tasks to queue
[2025-12-31T13:54:03.240+0000] {logging_mixin.py:188} INFO - [2025-12-31T13:54:03.239+0000] {dagbag.py:538} INFO - Filling up the DagBag from /opt/airflow/dags/ml_models.py
[2025-12-31T13:54:03.295+0000] {processor.py:840} INFO - DAG(s) 'ml_models' retrieved from /opt/airflow/dags/ml_models.py
[2025-12-31T13:54:03.369+0000] {logging_mixin.py:188} INFO - [2025-12-31T13:54:03.368+0000] {dag.py:3036} INFO - Sync 1 DAGs
[2025-12-31T13:54:03.436+0000] {logging_mixin.py:188} INFO - [2025-12-31T13:54:03.436+0000] {dag.py:3823} INFO - Setting next_dagrun for ml_models to 2025-12-30 00:00:00+00:00, run_after=2025-12-31 00:00:00+00:00
[2025-12-31T13:54:03.497+0000] {processor.py:183} INFO - Processing /opt/airflow/dags/ml_models.py took 0.273 seconds
[2025-12-31T13:54:33.934+0000] {processor.py:161} INFO - Started process (PID=19385) to work on /opt/airflow/dags/ml_models.py
[2025-12-31T13:54:33.938+0000] {processor.py:830} INFO - Processing file /opt/airflow/dags/ml_models.py for tasks to queue
[2025-12-31T13:54:33.941+0000] {logging_mixin.py:188} INFO - [2025-12-31T13:54:33.940+0000] {dagbag.py:538} INFO - Filling up the DagBag from /opt/airflow/dags/ml_models.py
[2025-12-31T13:54:33.993+0000] {processor.py:840} INFO - DAG(s) 'ml_models' retrieved from /opt/airflow/dags/ml_models.py
[2025-12-31T13:54:34.060+0000] {logging_mixin.py:188} INFO - [2025-12-31T13:54:34.059+0000] {dag.py:3036} INFO - Sync 1 DAGs
[2025-12-31T13:54:34.117+0000] {logging_mixin.py:188} INFO - [2025-12-31T13:54:34.117+0000] {dag.py:3823} INFO - Setting next_dagrun for ml_models to 2025-12-30 00:00:00+00:00, run_after=2025-12-31 00:00:00+00:00
[2025-12-31T13:54:34.205+0000] {processor.py:183} INFO - Processing /opt/airflow/dags/ml_models.py took 0.282 seconds
[2025-12-31T13:55:04.358+0000] {processor.py:161} INFO - Started process (PID=19405) to work on /opt/airflow/dags/ml_models.py
[2025-12-31T13:55:04.361+0000] {processor.py:830} INFO - Processing file /opt/airflow/dags/ml_models.py for tasks to queue
[2025-12-31T13:55:04.365+0000] {logging_mixin.py:188} INFO - [2025-12-31T13:55:04.364+0000] {dagbag.py:538} INFO - Filling up the DagBag from /opt/airflow/dags/ml_models.py
[2025-12-31T13:55:04.421+0000] {processor.py:840} INFO - DAG(s) 'ml_models' retrieved from /opt/airflow/dags/ml_models.py
[2025-12-31T13:55:04.473+0000] {logging_mixin.py:188} INFO - [2025-12-31T13:55:04.473+0000] {dag.py:3036} INFO - Sync 1 DAGs
[2025-12-31T13:55:05.093+0000] {logging_mixin.py:188} INFO - [2025-12-31T13:55:05.092+0000] {dag.py:3823} INFO - Setting next_dagrun for ml_models to 2025-12-30 00:00:00+00:00, run_after=2025-12-31 00:00:00+00:00
[2025-12-31T13:55:05.180+0000] {processor.py:183} INFO - Processing /opt/airflow/dags/ml_models.py took 0.833 seconds
[2025-12-31T13:55:35.801+0000] {processor.py:161} INFO - Started process (PID=19425) to work on /opt/airflow/dags/ml_models.py
[2025-12-31T13:55:35.808+0000] {processor.py:830} INFO - Processing file /opt/airflow/dags/ml_models.py for tasks to queue
[2025-12-31T13:55:35.814+0000] {logging_mixin.py:188} INFO - [2025-12-31T13:55:35.813+0000] {dagbag.py:538} INFO - Filling up the DagBag from /opt/airflow/dags/ml_models.py
[2025-12-31T13:55:35.881+0000] {processor.py:840} INFO - DAG(s) 'ml_models' retrieved from /opt/airflow/dags/ml_models.py
[2025-12-31T13:55:35.978+0000] {logging_mixin.py:188} INFO - [2025-12-31T13:55:35.977+0000] {dag.py:3036} INFO - Sync 1 DAGs
[2025-12-31T13:55:36.622+0000] {logging_mixin.py:188} INFO - [2025-12-31T13:55:36.621+0000] {dag.py:3823} INFO - Setting next_dagrun for ml_models to 2025-12-30 00:00:00+00:00, run_after=2025-12-31 00:00:00+00:00
[2025-12-31T13:55:36.705+0000] {processor.py:183} INFO - Processing /opt/airflow/dags/ml_models.py took 0.926 seconds
[2025-12-31T15:01:13.281+0000] {processor.py:161} INFO - Started process (PID=19447) to work on /opt/airflow/dags/ml_models.py
[2025-12-31T15:01:13.293+0000] {processor.py:830} INFO - Processing file /opt/airflow/dags/ml_models.py for tasks to queue
[2025-12-31T15:01:13.298+0000] {logging_mixin.py:188} INFO - [2025-12-31T15:01:13.297+0000] {dagbag.py:538} INFO - Filling up the DagBag from /opt/airflow/dags/ml_models.py
[2025-12-31T15:01:13.432+0000] {processor.py:840} INFO - DAG(s) 'ml_models' retrieved from /opt/airflow/dags/ml_models.py
[2025-12-31T15:01:15.230+0000] {logging_mixin.py:188} INFO - [2025-12-31T15:01:15.227+0000] {dag.py:3036} INFO - Sync 1 DAGs
[2025-12-31T15:01:15.732+0000] {logging_mixin.py:188} INFO - [2025-12-31T15:01:15.728+0000] {dag.py:3823} INFO - Setting next_dagrun for ml_models to 2025-12-30 00:00:00+00:00, run_after=2025-12-31 00:00:00+00:00
[2025-12-31T15:01:16.021+0000] {processor.py:183} INFO - Processing /opt/airflow/dags/ml_models.py took 2.779 seconds
[2025-12-31T17:53:57.605+0000] {processor.py:161} INFO - Started process (PID=19469) to work on /opt/airflow/dags/ml_models.py
[2025-12-31T17:53:57.617+0000] {processor.py:830} INFO - Processing file /opt/airflow/dags/ml_models.py for tasks to queue
[2025-12-31T17:53:57.632+0000] {logging_mixin.py:188} INFO - [2025-12-31T17:53:57.626+0000] {dagbag.py:538} INFO - Filling up the DagBag from /opt/airflow/dags/ml_models.py
[2025-12-31T17:53:57.890+0000] {processor.py:840} INFO - DAG(s) 'ml_models' retrieved from /opt/airflow/dags/ml_models.py
[2025-12-31T17:53:58.426+0000] {logging_mixin.py:188} INFO - [2025-12-31T17:53:58.412+0000] {dag.py:3036} INFO - Sync 1 DAGs
[2025-12-31T17:53:59.726+0000] {logging_mixin.py:188} INFO - [2025-12-31T17:53:59.712+0000] {dag.py:3823} INFO - Setting next_dagrun for ml_models to 2025-12-30 00:00:00+00:00, run_after=2025-12-31 00:00:00+00:00
[2025-12-31T17:54:00.606+0000] {processor.py:183} INFO - Processing /opt/airflow/dags/ml_models.py took 3.046 seconds
