[2025-12-31T00:16:57.845+0000] {processor.py:161} INFO - Started process (PID=13446) to work on /opt/airflow/dags/prediction_features_pipeline.py
[2025-12-31T00:16:57.849+0000] {processor.py:830} INFO - Processing file /opt/airflow/dags/prediction_features_pipeline.py for tasks to queue
[2025-12-31T00:16:57.852+0000] {logging_mixin.py:188} INFO - [2025-12-31T00:16:57.851+0000] {dagbag.py:538} INFO - Filling up the DagBag from /opt/airflow/dags/prediction_features_pipeline.py
[2025-12-31T00:16:58.198+0000] {processor.py:840} INFO - DAG(s) 'match_features_pipeline' retrieved from /opt/airflow/dags/prediction_features_pipeline.py
[2025-12-31T00:16:58.801+0000] {logging_mixin.py:188} INFO - [2025-12-31T00:16:58.789+0000] {dag.py:3036} INFO - Sync 1 DAGs
[2025-12-31T00:17:04.145+0000] {logging_mixin.py:188} INFO - [2025-12-31T00:17:04.128+0000] {dag.py:3823} INFO - Setting next_dagrun for match_features_pipeline to 2025-12-30 00:00:00+00:00, run_after=2025-12-31 00:00:00+00:00
[2025-12-31T00:17:05.430+0000] {processor.py:183} INFO - Processing /opt/airflow/dags/prediction_features_pipeline.py took 7.596 seconds
[2025-12-31T11:21:46.731+0000] {processor.py:161} INFO - Started process (PID=13466) to work on /opt/airflow/dags/prediction_features_pipeline.py
[2025-12-31T11:21:46.755+0000] {processor.py:830} INFO - Processing file /opt/airflow/dags/prediction_features_pipeline.py for tasks to queue
[2025-12-31T11:21:46.769+0000] {logging_mixin.py:188} INFO - [2025-12-31T11:21:46.765+0000] {dagbag.py:538} INFO - Filling up the DagBag from /opt/airflow/dags/prediction_features_pipeline.py
[2025-12-31T11:21:47.083+0000] {processor.py:840} INFO - DAG(s) 'match_features_pipeline' retrieved from /opt/airflow/dags/prediction_features_pipeline.py
[2025-12-31T11:21:47.185+0000] {logging_mixin.py:188} INFO - [2025-12-31T11:21:47.185+0000] {dag.py:3036} INFO - Sync 1 DAGs
[2025-12-31T11:21:47.315+0000] {logging_mixin.py:188} INFO - [2025-12-31T11:21:47.312+0000] {dag.py:3823} INFO - Setting next_dagrun for match_features_pipeline to 2025-12-30 00:00:00+00:00, run_after=2025-12-31 00:00:00+00:00
[2025-12-31T11:21:47.438+0000] {processor.py:183} INFO - Processing /opt/airflow/dags/prediction_features_pipeline.py took 0.741 seconds
[2025-12-31T11:22:17.654+0000] {processor.py:161} INFO - Started process (PID=13488) to work on /opt/airflow/dags/prediction_features_pipeline.py
[2025-12-31T11:22:17.657+0000] {processor.py:830} INFO - Processing file /opt/airflow/dags/prediction_features_pipeline.py for tasks to queue
[2025-12-31T11:22:17.659+0000] {logging_mixin.py:188} INFO - [2025-12-31T11:22:17.658+0000] {dagbag.py:538} INFO - Filling up the DagBag from /opt/airflow/dags/prediction_features_pipeline.py
[2025-12-31T11:22:17.698+0000] {processor.py:840} INFO - DAG(s) 'match_features_pipeline' retrieved from /opt/airflow/dags/prediction_features_pipeline.py
[2025-12-31T11:22:17.751+0000] {logging_mixin.py:188} INFO - [2025-12-31T11:22:17.751+0000] {dag.py:3036} INFO - Sync 1 DAGs
[2025-12-31T11:22:17.790+0000] {logging_mixin.py:188} INFO - [2025-12-31T11:22:17.790+0000] {dag.py:3823} INFO - Setting next_dagrun for match_features_pipeline to 2025-12-30 00:00:00+00:00, run_after=2025-12-31 00:00:00+00:00
[2025-12-31T11:22:17.824+0000] {processor.py:183} INFO - Processing /opt/airflow/dags/prediction_features_pipeline.py took 0.179 seconds
[2025-12-31T11:22:48.219+0000] {processor.py:161} INFO - Started process (PID=13508) to work on /opt/airflow/dags/prediction_features_pipeline.py
[2025-12-31T11:22:48.221+0000] {processor.py:830} INFO - Processing file /opt/airflow/dags/prediction_features_pipeline.py for tasks to queue
[2025-12-31T11:22:48.222+0000] {logging_mixin.py:188} INFO - [2025-12-31T11:22:48.222+0000] {dagbag.py:538} INFO - Filling up the DagBag from /opt/airflow/dags/prediction_features_pipeline.py
[2025-12-31T11:22:48.256+0000] {processor.py:840} INFO - DAG(s) 'match_features_pipeline' retrieved from /opt/airflow/dags/prediction_features_pipeline.py
[2025-12-31T11:22:48.287+0000] {logging_mixin.py:188} INFO - [2025-12-31T11:22:48.286+0000] {dag.py:3036} INFO - Sync 1 DAGs
[2025-12-31T11:22:48.317+0000] {logging_mixin.py:188} INFO - [2025-12-31T11:22:48.316+0000] {dag.py:3823} INFO - Setting next_dagrun for match_features_pipeline to 2025-12-30 00:00:00+00:00, run_after=2025-12-31 00:00:00+00:00
[2025-12-31T11:22:48.343+0000] {processor.py:183} INFO - Processing /opt/airflow/dags/prediction_features_pipeline.py took 0.129 seconds
[2025-12-31T11:23:19.004+0000] {processor.py:161} INFO - Started process (PID=13528) to work on /opt/airflow/dags/prediction_features_pipeline.py
[2025-12-31T11:23:19.007+0000] {processor.py:830} INFO - Processing file /opt/airflow/dags/prediction_features_pipeline.py for tasks to queue
[2025-12-31T11:23:19.009+0000] {logging_mixin.py:188} INFO - [2025-12-31T11:23:19.008+0000] {dagbag.py:538} INFO - Filling up the DagBag from /opt/airflow/dags/prediction_features_pipeline.py
[2025-12-31T11:23:19.052+0000] {processor.py:840} INFO - DAG(s) 'match_features_pipeline' retrieved from /opt/airflow/dags/prediction_features_pipeline.py
[2025-12-31T11:23:19.097+0000] {logging_mixin.py:188} INFO - [2025-12-31T11:23:19.096+0000] {dag.py:3036} INFO - Sync 1 DAGs
[2025-12-31T11:23:19.140+0000] {logging_mixin.py:188} INFO - [2025-12-31T11:23:19.140+0000] {dag.py:3823} INFO - Setting next_dagrun for match_features_pipeline to 2025-12-30 00:00:00+00:00, run_after=2025-12-31 00:00:00+00:00
[2025-12-31T11:23:19.175+0000] {processor.py:183} INFO - Processing /opt/airflow/dags/prediction_features_pipeline.py took 0.179 seconds
[2025-12-31T11:23:49.729+0000] {processor.py:161} INFO - Started process (PID=13548) to work on /opt/airflow/dags/prediction_features_pipeline.py
[2025-12-31T11:23:49.732+0000] {processor.py:830} INFO - Processing file /opt/airflow/dags/prediction_features_pipeline.py for tasks to queue
[2025-12-31T11:23:49.734+0000] {logging_mixin.py:188} INFO - [2025-12-31T11:23:49.733+0000] {dagbag.py:538} INFO - Filling up the DagBag from /opt/airflow/dags/prediction_features_pipeline.py
[2025-12-31T11:23:49.781+0000] {processor.py:840} INFO - DAG(s) 'match_features_pipeline' retrieved from /opt/airflow/dags/prediction_features_pipeline.py
[2025-12-31T11:23:49.832+0000] {logging_mixin.py:188} INFO - [2025-12-31T11:23:49.831+0000] {dag.py:3036} INFO - Sync 1 DAGs
[2025-12-31T11:23:49.881+0000] {logging_mixin.py:188} INFO - [2025-12-31T11:23:49.881+0000] {dag.py:3823} INFO - Setting next_dagrun for match_features_pipeline to 2025-12-30 00:00:00+00:00, run_after=2025-12-31 00:00:00+00:00
[2025-12-31T11:23:49.922+0000] {processor.py:183} INFO - Processing /opt/airflow/dags/prediction_features_pipeline.py took 0.201 seconds
[2025-12-31T11:24:20.648+0000] {processor.py:161} INFO - Started process (PID=13568) to work on /opt/airflow/dags/prediction_features_pipeline.py
[2025-12-31T11:24:20.650+0000] {processor.py:830} INFO - Processing file /opt/airflow/dags/prediction_features_pipeline.py for tasks to queue
[2025-12-31T11:24:20.652+0000] {logging_mixin.py:188} INFO - [2025-12-31T11:24:20.652+0000] {dagbag.py:538} INFO - Filling up the DagBag from /opt/airflow/dags/prediction_features_pipeline.py
[2025-12-31T11:24:20.699+0000] {processor.py:840} INFO - DAG(s) 'match_features_pipeline' retrieved from /opt/airflow/dags/prediction_features_pipeline.py
[2025-12-31T11:24:20.748+0000] {logging_mixin.py:188} INFO - [2025-12-31T11:24:20.747+0000] {dag.py:3036} INFO - Sync 1 DAGs
[2025-12-31T11:24:20.793+0000] {logging_mixin.py:188} INFO - [2025-12-31T11:24:20.793+0000] {dag.py:3823} INFO - Setting next_dagrun for match_features_pipeline to 2025-12-30 00:00:00+00:00, run_after=2025-12-31 00:00:00+00:00
[2025-12-31T11:24:20.833+0000] {processor.py:183} INFO - Processing /opt/airflow/dags/prediction_features_pipeline.py took 0.193 seconds
[2025-12-31T11:24:51.623+0000] {processor.py:161} INFO - Started process (PID=13588) to work on /opt/airflow/dags/prediction_features_pipeline.py
[2025-12-31T11:24:51.627+0000] {processor.py:830} INFO - Processing file /opt/airflow/dags/prediction_features_pipeline.py for tasks to queue
[2025-12-31T11:24:51.631+0000] {logging_mixin.py:188} INFO - [2025-12-31T11:24:51.630+0000] {dagbag.py:538} INFO - Filling up the DagBag from /opt/airflow/dags/prediction_features_pipeline.py
[2025-12-31T11:24:51.680+0000] {processor.py:840} INFO - DAG(s) 'match_features_pipeline' retrieved from /opt/airflow/dags/prediction_features_pipeline.py
[2025-12-31T11:24:51.725+0000] {logging_mixin.py:188} INFO - [2025-12-31T11:24:51.724+0000] {dag.py:3036} INFO - Sync 1 DAGs
[2025-12-31T11:24:51.770+0000] {logging_mixin.py:188} INFO - [2025-12-31T11:24:51.769+0000] {dag.py:3823} INFO - Setting next_dagrun for match_features_pipeline to 2025-12-30 00:00:00+00:00, run_after=2025-12-31 00:00:00+00:00
[2025-12-31T11:24:51.825+0000] {processor.py:183} INFO - Processing /opt/airflow/dags/prediction_features_pipeline.py took 0.209 seconds
[2025-12-31T11:25:22.377+0000] {processor.py:161} INFO - Started process (PID=13608) to work on /opt/airflow/dags/prediction_features_pipeline.py
[2025-12-31T11:25:22.380+0000] {processor.py:830} INFO - Processing file /opt/airflow/dags/prediction_features_pipeline.py for tasks to queue
[2025-12-31T11:25:22.382+0000] {logging_mixin.py:188} INFO - [2025-12-31T11:25:22.382+0000] {dagbag.py:538} INFO - Filling up the DagBag from /opt/airflow/dags/prediction_features_pipeline.py
[2025-12-31T11:25:22.428+0000] {processor.py:840} INFO - DAG(s) 'match_features_pipeline' retrieved from /opt/airflow/dags/prediction_features_pipeline.py
[2025-12-31T11:25:22.466+0000] {logging_mixin.py:188} INFO - [2025-12-31T11:25:22.466+0000] {dag.py:3036} INFO - Sync 1 DAGs
[2025-12-31T11:25:22.507+0000] {logging_mixin.py:188} INFO - [2025-12-31T11:25:22.507+0000] {dag.py:3823} INFO - Setting next_dagrun for match_features_pipeline to 2025-12-30 00:00:00+00:00, run_after=2025-12-31 00:00:00+00:00
[2025-12-31T11:25:22.541+0000] {processor.py:183} INFO - Processing /opt/airflow/dags/prediction_features_pipeline.py took 0.172 seconds
[2025-12-31T11:25:53.121+0000] {processor.py:161} INFO - Started process (PID=13628) to work on /opt/airflow/dags/prediction_features_pipeline.py
[2025-12-31T11:25:53.124+0000] {processor.py:830} INFO - Processing file /opt/airflow/dags/prediction_features_pipeline.py for tasks to queue
[2025-12-31T11:25:53.126+0000] {logging_mixin.py:188} INFO - [2025-12-31T11:25:53.126+0000] {dagbag.py:538} INFO - Filling up the DagBag from /opt/airflow/dags/prediction_features_pipeline.py
[2025-12-31T11:25:53.170+0000] {processor.py:840} INFO - DAG(s) 'match_features_pipeline' retrieved from /opt/airflow/dags/prediction_features_pipeline.py
[2025-12-31T11:25:53.220+0000] {logging_mixin.py:188} INFO - [2025-12-31T11:25:53.219+0000] {dag.py:3036} INFO - Sync 1 DAGs
[2025-12-31T11:25:53.264+0000] {logging_mixin.py:188} INFO - [2025-12-31T11:25:53.264+0000] {dag.py:3823} INFO - Setting next_dagrun for match_features_pipeline to 2025-12-30 00:00:00+00:00, run_after=2025-12-31 00:00:00+00:00
[2025-12-31T11:25:53.324+0000] {processor.py:183} INFO - Processing /opt/airflow/dags/prediction_features_pipeline.py took 0.209 seconds
[2025-12-31T11:26:23.905+0000] {processor.py:161} INFO - Started process (PID=13648) to work on /opt/airflow/dags/prediction_features_pipeline.py
[2025-12-31T11:26:23.910+0000] {processor.py:830} INFO - Processing file /opt/airflow/dags/prediction_features_pipeline.py for tasks to queue
[2025-12-31T11:26:23.912+0000] {logging_mixin.py:188} INFO - [2025-12-31T11:26:23.911+0000] {dagbag.py:538} INFO - Filling up the DagBag from /opt/airflow/dags/prediction_features_pipeline.py
[2025-12-31T11:26:23.955+0000] {processor.py:840} INFO - DAG(s) 'match_features_pipeline' retrieved from /opt/airflow/dags/prediction_features_pipeline.py
[2025-12-31T11:26:24.000+0000] {logging_mixin.py:188} INFO - [2025-12-31T11:26:24.000+0000] {dag.py:3036} INFO - Sync 1 DAGs
[2025-12-31T11:26:24.049+0000] {logging_mixin.py:188} INFO - [2025-12-31T11:26:24.048+0000] {dag.py:3823} INFO - Setting next_dagrun for match_features_pipeline to 2025-12-30 00:00:00+00:00, run_after=2025-12-31 00:00:00+00:00
[2025-12-31T11:26:24.108+0000] {processor.py:183} INFO - Processing /opt/airflow/dags/prediction_features_pipeline.py took 0.210 seconds
[2025-12-31T11:26:54.814+0000] {processor.py:161} INFO - Started process (PID=13668) to work on /opt/airflow/dags/prediction_features_pipeline.py
[2025-12-31T11:26:54.817+0000] {processor.py:830} INFO - Processing file /opt/airflow/dags/prediction_features_pipeline.py for tasks to queue
[2025-12-31T11:26:54.819+0000] {logging_mixin.py:188} INFO - [2025-12-31T11:26:54.819+0000] {dagbag.py:538} INFO - Filling up the DagBag from /opt/airflow/dags/prediction_features_pipeline.py
[2025-12-31T11:26:54.864+0000] {processor.py:840} INFO - DAG(s) 'match_features_pipeline' retrieved from /opt/airflow/dags/prediction_features_pipeline.py
[2025-12-31T11:26:54.910+0000] {logging_mixin.py:188} INFO - [2025-12-31T11:26:54.909+0000] {dag.py:3036} INFO - Sync 1 DAGs
[2025-12-31T11:26:54.955+0000] {logging_mixin.py:188} INFO - [2025-12-31T11:26:54.954+0000] {dag.py:3823} INFO - Setting next_dagrun for match_features_pipeline to 2025-12-30 00:00:00+00:00, run_after=2025-12-31 00:00:00+00:00
[2025-12-31T11:26:55.020+0000] {processor.py:183} INFO - Processing /opt/airflow/dags/prediction_features_pipeline.py took 0.214 seconds
[2025-12-31T11:27:25.522+0000] {processor.py:161} INFO - Started process (PID=13688) to work on /opt/airflow/dags/prediction_features_pipeline.py
[2025-12-31T11:27:25.525+0000] {processor.py:830} INFO - Processing file /opt/airflow/dags/prediction_features_pipeline.py for tasks to queue
[2025-12-31T11:27:25.527+0000] {logging_mixin.py:188} INFO - [2025-12-31T11:27:25.527+0000] {dagbag.py:538} INFO - Filling up the DagBag from /opt/airflow/dags/prediction_features_pipeline.py
[2025-12-31T11:27:25.578+0000] {processor.py:840} INFO - DAG(s) 'match_features_pipeline' retrieved from /opt/airflow/dags/prediction_features_pipeline.py
[2025-12-31T11:27:25.629+0000] {logging_mixin.py:188} INFO - [2025-12-31T11:27:25.628+0000] {dag.py:3036} INFO - Sync 1 DAGs
[2025-12-31T11:27:25.710+0000] {logging_mixin.py:188} INFO - [2025-12-31T11:27:25.709+0000] {dag.py:3823} INFO - Setting next_dagrun for match_features_pipeline to 2025-12-30 00:00:00+00:00, run_after=2025-12-31 00:00:00+00:00
[2025-12-31T11:27:25.766+0000] {processor.py:183} INFO - Processing /opt/airflow/dags/prediction_features_pipeline.py took 0.251 seconds
[2025-12-31T11:27:56.494+0000] {processor.py:161} INFO - Started process (PID=13708) to work on /opt/airflow/dags/prediction_features_pipeline.py
[2025-12-31T11:27:56.497+0000] {processor.py:830} INFO - Processing file /opt/airflow/dags/prediction_features_pipeline.py for tasks to queue
[2025-12-31T11:27:56.499+0000] {logging_mixin.py:188} INFO - [2025-12-31T11:27:56.498+0000] {dagbag.py:538} INFO - Filling up the DagBag from /opt/airflow/dags/prediction_features_pipeline.py
[2025-12-31T11:27:56.543+0000] {processor.py:840} INFO - DAG(s) 'match_features_pipeline' retrieved from /opt/airflow/dags/prediction_features_pipeline.py
[2025-12-31T11:27:56.587+0000] {logging_mixin.py:188} INFO - [2025-12-31T11:27:56.586+0000] {dag.py:3036} INFO - Sync 1 DAGs
[2025-12-31T11:27:56.636+0000] {logging_mixin.py:188} INFO - [2025-12-31T11:27:56.635+0000] {dag.py:3823} INFO - Setting next_dagrun for match_features_pipeline to 2025-12-30 00:00:00+00:00, run_after=2025-12-31 00:00:00+00:00
[2025-12-31T11:27:56.683+0000] {processor.py:183} INFO - Processing /opt/airflow/dags/prediction_features_pipeline.py took 0.201 seconds
[2025-12-31T11:28:27.245+0000] {processor.py:161} INFO - Started process (PID=13728) to work on /opt/airflow/dags/prediction_features_pipeline.py
[2025-12-31T11:28:27.248+0000] {processor.py:830} INFO - Processing file /opt/airflow/dags/prediction_features_pipeline.py for tasks to queue
[2025-12-31T11:28:27.250+0000] {logging_mixin.py:188} INFO - [2025-12-31T11:28:27.249+0000] {dagbag.py:538} INFO - Filling up the DagBag from /opt/airflow/dags/prediction_features_pipeline.py
[2025-12-31T11:28:27.294+0000] {processor.py:840} INFO - DAG(s) 'match_features_pipeline' retrieved from /opt/airflow/dags/prediction_features_pipeline.py
[2025-12-31T11:28:27.341+0000] {logging_mixin.py:188} INFO - [2025-12-31T11:28:27.341+0000] {dag.py:3036} INFO - Sync 1 DAGs
[2025-12-31T11:28:27.389+0000] {logging_mixin.py:188} INFO - [2025-12-31T11:28:27.388+0000] {dag.py:3823} INFO - Setting next_dagrun for match_features_pipeline to 2025-12-30 00:00:00+00:00, run_after=2025-12-31 00:00:00+00:00
[2025-12-31T11:28:27.428+0000] {processor.py:183} INFO - Processing /opt/airflow/dags/prediction_features_pipeline.py took 0.188 seconds
[2025-12-31T11:28:57.981+0000] {processor.py:161} INFO - Started process (PID=13748) to work on /opt/airflow/dags/prediction_features_pipeline.py
[2025-12-31T11:28:57.984+0000] {processor.py:830} INFO - Processing file /opt/airflow/dags/prediction_features_pipeline.py for tasks to queue
[2025-12-31T11:28:57.987+0000] {logging_mixin.py:188} INFO - [2025-12-31T11:28:57.986+0000] {dagbag.py:538} INFO - Filling up the DagBag from /opt/airflow/dags/prediction_features_pipeline.py
[2025-12-31T11:28:58.040+0000] {processor.py:840} INFO - DAG(s) 'match_features_pipeline' retrieved from /opt/airflow/dags/prediction_features_pipeline.py
[2025-12-31T11:28:58.101+0000] {logging_mixin.py:188} INFO - [2025-12-31T11:28:58.101+0000] {dag.py:3036} INFO - Sync 1 DAGs
[2025-12-31T11:28:58.167+0000] {logging_mixin.py:188} INFO - [2025-12-31T11:28:58.166+0000] {dag.py:3823} INFO - Setting next_dagrun for match_features_pipeline to 2025-12-30 00:00:00+00:00, run_after=2025-12-31 00:00:00+00:00
[2025-12-31T11:28:58.227+0000] {processor.py:183} INFO - Processing /opt/airflow/dags/prediction_features_pipeline.py took 0.253 seconds
[2025-12-31T11:29:28.648+0000] {processor.py:161} INFO - Started process (PID=13768) to work on /opt/airflow/dags/prediction_features_pipeline.py
[2025-12-31T11:29:28.650+0000] {processor.py:830} INFO - Processing file /opt/airflow/dags/prediction_features_pipeline.py for tasks to queue
[2025-12-31T11:29:28.653+0000] {logging_mixin.py:188} INFO - [2025-12-31T11:29:28.652+0000] {dagbag.py:538} INFO - Filling up the DagBag from /opt/airflow/dags/prediction_features_pipeline.py
[2025-12-31T11:29:28.696+0000] {processor.py:840} INFO - DAG(s) 'match_features_pipeline' retrieved from /opt/airflow/dags/prediction_features_pipeline.py
[2025-12-31T11:29:28.740+0000] {logging_mixin.py:188} INFO - [2025-12-31T11:29:28.739+0000] {dag.py:3036} INFO - Sync 1 DAGs
[2025-12-31T11:29:28.785+0000] {logging_mixin.py:188} INFO - [2025-12-31T11:29:28.784+0000] {dag.py:3823} INFO - Setting next_dagrun for match_features_pipeline to 2025-12-30 00:00:00+00:00, run_after=2025-12-31 00:00:00+00:00
[2025-12-31T11:29:28.847+0000] {processor.py:183} INFO - Processing /opt/airflow/dags/prediction_features_pipeline.py took 0.205 seconds
[2025-12-31T11:29:59.314+0000] {processor.py:161} INFO - Started process (PID=13788) to work on /opt/airflow/dags/prediction_features_pipeline.py
[2025-12-31T11:29:59.317+0000] {processor.py:830} INFO - Processing file /opt/airflow/dags/prediction_features_pipeline.py for tasks to queue
[2025-12-31T11:29:59.319+0000] {logging_mixin.py:188} INFO - [2025-12-31T11:29:59.319+0000] {dagbag.py:538} INFO - Filling up the DagBag from /opt/airflow/dags/prediction_features_pipeline.py
[2025-12-31T11:29:59.362+0000] {processor.py:840} INFO - DAG(s) 'match_features_pipeline' retrieved from /opt/airflow/dags/prediction_features_pipeline.py
[2025-12-31T11:29:59.406+0000] {logging_mixin.py:188} INFO - [2025-12-31T11:29:59.406+0000] {dag.py:3036} INFO - Sync 1 DAGs
[2025-12-31T11:29:59.452+0000] {logging_mixin.py:188} INFO - [2025-12-31T11:29:59.451+0000] {dag.py:3823} INFO - Setting next_dagrun for match_features_pipeline to 2025-12-30 00:00:00+00:00, run_after=2025-12-31 00:00:00+00:00
[2025-12-31T11:29:59.485+0000] {processor.py:183} INFO - Processing /opt/airflow/dags/prediction_features_pipeline.py took 0.179 seconds
[2025-12-31T11:30:30.187+0000] {processor.py:161} INFO - Started process (PID=13808) to work on /opt/airflow/dags/prediction_features_pipeline.py
[2025-12-31T11:30:30.189+0000] {processor.py:830} INFO - Processing file /opt/airflow/dags/prediction_features_pipeline.py for tasks to queue
[2025-12-31T11:30:30.191+0000] {logging_mixin.py:188} INFO - [2025-12-31T11:30:30.191+0000] {dagbag.py:538} INFO - Filling up the DagBag from /opt/airflow/dags/prediction_features_pipeline.py
[2025-12-31T11:30:30.233+0000] {processor.py:840} INFO - DAG(s) 'match_features_pipeline' retrieved from /opt/airflow/dags/prediction_features_pipeline.py
[2025-12-31T11:30:30.275+0000] {logging_mixin.py:188} INFO - [2025-12-31T11:30:30.275+0000] {dag.py:3036} INFO - Sync 1 DAGs
[2025-12-31T11:30:30.313+0000] {logging_mixin.py:188} INFO - [2025-12-31T11:30:30.313+0000] {dag.py:3823} INFO - Setting next_dagrun for match_features_pipeline to 2025-12-30 00:00:00+00:00, run_after=2025-12-31 00:00:00+00:00
[2025-12-31T11:30:30.356+0000] {processor.py:183} INFO - Processing /opt/airflow/dags/prediction_features_pipeline.py took 0.174 seconds
[2025-12-31T11:31:00.867+0000] {processor.py:161} INFO - Started process (PID=13828) to work on /opt/airflow/dags/prediction_features_pipeline.py
[2025-12-31T11:31:00.870+0000] {processor.py:830} INFO - Processing file /opt/airflow/dags/prediction_features_pipeline.py for tasks to queue
[2025-12-31T11:31:00.872+0000] {logging_mixin.py:188} INFO - [2025-12-31T11:31:00.871+0000] {dagbag.py:538} INFO - Filling up the DagBag from /opt/airflow/dags/prediction_features_pipeline.py
[2025-12-31T11:31:00.916+0000] {processor.py:840} INFO - DAG(s) 'match_features_pipeline' retrieved from /opt/airflow/dags/prediction_features_pipeline.py
[2025-12-31T11:31:00.964+0000] {logging_mixin.py:188} INFO - [2025-12-31T11:31:00.964+0000] {dag.py:3036} INFO - Sync 1 DAGs
[2025-12-31T11:31:01.006+0000] {logging_mixin.py:188} INFO - [2025-12-31T11:31:01.006+0000] {dag.py:3823} INFO - Setting next_dagrun for match_features_pipeline to 2025-12-30 00:00:00+00:00, run_after=2025-12-31 00:00:00+00:00
[2025-12-31T11:31:01.072+0000] {processor.py:183} INFO - Processing /opt/airflow/dags/prediction_features_pipeline.py took 0.212 seconds
[2025-12-31T11:31:31.546+0000] {processor.py:161} INFO - Started process (PID=13848) to work on /opt/airflow/dags/prediction_features_pipeline.py
[2025-12-31T11:31:31.548+0000] {processor.py:830} INFO - Processing file /opt/airflow/dags/prediction_features_pipeline.py for tasks to queue
[2025-12-31T11:31:31.551+0000] {logging_mixin.py:188} INFO - [2025-12-31T11:31:31.551+0000] {dagbag.py:538} INFO - Filling up the DagBag from /opt/airflow/dags/prediction_features_pipeline.py
[2025-12-31T11:31:31.591+0000] {processor.py:840} INFO - DAG(s) 'match_features_pipeline' retrieved from /opt/airflow/dags/prediction_features_pipeline.py
[2025-12-31T11:31:31.643+0000] {logging_mixin.py:188} INFO - [2025-12-31T11:31:31.643+0000] {dag.py:3036} INFO - Sync 1 DAGs
[2025-12-31T11:31:31.682+0000] {logging_mixin.py:188} INFO - [2025-12-31T11:31:31.681+0000] {dag.py:3823} INFO - Setting next_dagrun for match_features_pipeline to 2025-12-30 00:00:00+00:00, run_after=2025-12-31 00:00:00+00:00
[2025-12-31T11:31:31.743+0000] {processor.py:183} INFO - Processing /opt/airflow/dags/prediction_features_pipeline.py took 0.203 seconds
[2025-12-31T11:32:02.380+0000] {processor.py:161} INFO - Started process (PID=13868) to work on /opt/airflow/dags/prediction_features_pipeline.py
[2025-12-31T11:32:02.382+0000] {processor.py:830} INFO - Processing file /opt/airflow/dags/prediction_features_pipeline.py for tasks to queue
[2025-12-31T11:32:02.384+0000] {logging_mixin.py:188} INFO - [2025-12-31T11:32:02.384+0000] {dagbag.py:538} INFO - Filling up the DagBag from /opt/airflow/dags/prediction_features_pipeline.py
[2025-12-31T11:32:02.427+0000] {processor.py:840} INFO - DAG(s) 'match_features_pipeline' retrieved from /opt/airflow/dags/prediction_features_pipeline.py
[2025-12-31T11:32:02.473+0000] {logging_mixin.py:188} INFO - [2025-12-31T11:32:02.472+0000] {dag.py:3036} INFO - Sync 1 DAGs
[2025-12-31T11:32:02.525+0000] {logging_mixin.py:188} INFO - [2025-12-31T11:32:02.525+0000] {dag.py:3823} INFO - Setting next_dagrun for match_features_pipeline to 2025-12-30 00:00:00+00:00, run_after=2025-12-31 00:00:00+00:00
[2025-12-31T11:32:02.563+0000] {processor.py:183} INFO - Processing /opt/airflow/dags/prediction_features_pipeline.py took 0.190 seconds
[2025-12-31T11:32:33.288+0000] {processor.py:161} INFO - Started process (PID=13888) to work on /opt/airflow/dags/prediction_features_pipeline.py
[2025-12-31T11:32:33.290+0000] {processor.py:830} INFO - Processing file /opt/airflow/dags/prediction_features_pipeline.py for tasks to queue
[2025-12-31T11:32:33.292+0000] {logging_mixin.py:188} INFO - [2025-12-31T11:32:33.291+0000] {dagbag.py:538} INFO - Filling up the DagBag from /opt/airflow/dags/prediction_features_pipeline.py
[2025-12-31T11:32:33.330+0000] {processor.py:840} INFO - DAG(s) 'match_features_pipeline' retrieved from /opt/airflow/dags/prediction_features_pipeline.py
[2025-12-31T11:32:33.370+0000] {logging_mixin.py:188} INFO - [2025-12-31T11:32:33.370+0000] {dag.py:3036} INFO - Sync 1 DAGs
[2025-12-31T11:32:33.416+0000] {logging_mixin.py:188} INFO - [2025-12-31T11:32:33.416+0000] {dag.py:3823} INFO - Setting next_dagrun for match_features_pipeline to 2025-12-30 00:00:00+00:00, run_after=2025-12-31 00:00:00+00:00
[2025-12-31T11:32:33.475+0000] {processor.py:183} INFO - Processing /opt/airflow/dags/prediction_features_pipeline.py took 0.193 seconds
[2025-12-31T11:33:03.968+0000] {processor.py:161} INFO - Started process (PID=13908) to work on /opt/airflow/dags/prediction_features_pipeline.py
[2025-12-31T11:33:03.970+0000] {processor.py:830} INFO - Processing file /opt/airflow/dags/prediction_features_pipeline.py for tasks to queue
[2025-12-31T11:33:03.972+0000] {logging_mixin.py:188} INFO - [2025-12-31T11:33:03.971+0000] {dagbag.py:538} INFO - Filling up the DagBag from /opt/airflow/dags/prediction_features_pipeline.py
[2025-12-31T11:33:04.013+0000] {processor.py:840} INFO - DAG(s) 'match_features_pipeline' retrieved from /opt/airflow/dags/prediction_features_pipeline.py
[2025-12-31T11:33:04.060+0000] {logging_mixin.py:188} INFO - [2025-12-31T11:33:04.059+0000] {dag.py:3036} INFO - Sync 1 DAGs
[2025-12-31T11:33:04.105+0000] {logging_mixin.py:188} INFO - [2025-12-31T11:33:04.105+0000] {dag.py:3823} INFO - Setting next_dagrun for match_features_pipeline to 2025-12-30 00:00:00+00:00, run_after=2025-12-31 00:00:00+00:00
[2025-12-31T11:33:04.139+0000] {processor.py:183} INFO - Processing /opt/airflow/dags/prediction_features_pipeline.py took 0.178 seconds
[2025-12-31T11:33:34.830+0000] {processor.py:161} INFO - Started process (PID=13928) to work on /opt/airflow/dags/prediction_features_pipeline.py
[2025-12-31T11:33:34.833+0000] {processor.py:830} INFO - Processing file /opt/airflow/dags/prediction_features_pipeline.py for tasks to queue
[2025-12-31T11:33:34.835+0000] {logging_mixin.py:188} INFO - [2025-12-31T11:33:34.835+0000] {dagbag.py:538} INFO - Filling up the DagBag from /opt/airflow/dags/prediction_features_pipeline.py
[2025-12-31T11:33:34.876+0000] {processor.py:840} INFO - DAG(s) 'match_features_pipeline' retrieved from /opt/airflow/dags/prediction_features_pipeline.py
[2025-12-31T11:33:34.917+0000] {logging_mixin.py:188} INFO - [2025-12-31T11:33:34.917+0000] {dag.py:3036} INFO - Sync 1 DAGs
[2025-12-31T11:33:34.961+0000] {logging_mixin.py:188} INFO - [2025-12-31T11:33:34.961+0000] {dag.py:3823} INFO - Setting next_dagrun for match_features_pipeline to 2025-12-30 00:00:00+00:00, run_after=2025-12-31 00:00:00+00:00
[2025-12-31T11:33:35.018+0000] {processor.py:183} INFO - Processing /opt/airflow/dags/prediction_features_pipeline.py took 0.197 seconds
[2025-12-31T11:34:05.516+0000] {processor.py:161} INFO - Started process (PID=13948) to work on /opt/airflow/dags/prediction_features_pipeline.py
[2025-12-31T11:34:05.518+0000] {processor.py:830} INFO - Processing file /opt/airflow/dags/prediction_features_pipeline.py for tasks to queue
[2025-12-31T11:34:05.520+0000] {logging_mixin.py:188} INFO - [2025-12-31T11:34:05.520+0000] {dagbag.py:538} INFO - Filling up the DagBag from /opt/airflow/dags/prediction_features_pipeline.py
[2025-12-31T11:34:05.563+0000] {processor.py:840} INFO - DAG(s) 'match_features_pipeline' retrieved from /opt/airflow/dags/prediction_features_pipeline.py
[2025-12-31T11:34:05.642+0000] {logging_mixin.py:188} INFO - [2025-12-31T11:34:05.642+0000] {dag.py:3036} INFO - Sync 1 DAGs
[2025-12-31T11:34:05.684+0000] {logging_mixin.py:188} INFO - [2025-12-31T11:34:05.683+0000] {dag.py:3823} INFO - Setting next_dagrun for match_features_pipeline to 2025-12-30 00:00:00+00:00, run_after=2025-12-31 00:00:00+00:00
[2025-12-31T11:34:05.716+0000] {processor.py:183} INFO - Processing /opt/airflow/dags/prediction_features_pipeline.py took 0.208 seconds
[2025-12-31T11:34:36.373+0000] {processor.py:161} INFO - Started process (PID=13968) to work on /opt/airflow/dags/prediction_features_pipeline.py
[2025-12-31T11:34:36.375+0000] {processor.py:830} INFO - Processing file /opt/airflow/dags/prediction_features_pipeline.py for tasks to queue
[2025-12-31T11:34:36.377+0000] {logging_mixin.py:188} INFO - [2025-12-31T11:34:36.377+0000] {dagbag.py:538} INFO - Filling up the DagBag from /opt/airflow/dags/prediction_features_pipeline.py
[2025-12-31T11:34:36.418+0000] {processor.py:840} INFO - DAG(s) 'match_features_pipeline' retrieved from /opt/airflow/dags/prediction_features_pipeline.py
[2025-12-31T11:34:36.462+0000] {logging_mixin.py:188} INFO - [2025-12-31T11:34:36.462+0000] {dag.py:3036} INFO - Sync 1 DAGs
[2025-12-31T11:34:36.501+0000] {logging_mixin.py:188} INFO - [2025-12-31T11:34:36.500+0000] {dag.py:3823} INFO - Setting next_dagrun for match_features_pipeline to 2025-12-30 00:00:00+00:00, run_after=2025-12-31 00:00:00+00:00
[2025-12-31T11:34:36.535+0000] {processor.py:183} INFO - Processing /opt/airflow/dags/prediction_features_pipeline.py took 0.169 seconds
[2025-12-31T11:35:07.062+0000] {processor.py:161} INFO - Started process (PID=13988) to work on /opt/airflow/dags/prediction_features_pipeline.py
[2025-12-31T11:35:07.065+0000] {processor.py:830} INFO - Processing file /opt/airflow/dags/prediction_features_pipeline.py for tasks to queue
[2025-12-31T11:35:07.067+0000] {logging_mixin.py:188} INFO - [2025-12-31T11:35:07.066+0000] {dagbag.py:538} INFO - Filling up the DagBag from /opt/airflow/dags/prediction_features_pipeline.py
[2025-12-31T11:35:07.106+0000] {processor.py:840} INFO - DAG(s) 'match_features_pipeline' retrieved from /opt/airflow/dags/prediction_features_pipeline.py
[2025-12-31T11:35:07.152+0000] {logging_mixin.py:188} INFO - [2025-12-31T11:35:07.152+0000] {dag.py:3036} INFO - Sync 1 DAGs
[2025-12-31T11:35:07.198+0000] {logging_mixin.py:188} INFO - [2025-12-31T11:35:07.198+0000] {dag.py:3823} INFO - Setting next_dagrun for match_features_pipeline to 2025-12-30 00:00:00+00:00, run_after=2025-12-31 00:00:00+00:00
[2025-12-31T11:35:07.231+0000] {processor.py:183} INFO - Processing /opt/airflow/dags/prediction_features_pipeline.py took 0.178 seconds
[2025-12-31T11:35:37.768+0000] {processor.py:161} INFO - Started process (PID=14008) to work on /opt/airflow/dags/prediction_features_pipeline.py
[2025-12-31T11:35:37.770+0000] {processor.py:830} INFO - Processing file /opt/airflow/dags/prediction_features_pipeline.py for tasks to queue
[2025-12-31T11:35:37.772+0000] {logging_mixin.py:188} INFO - [2025-12-31T11:35:37.771+0000] {dagbag.py:538} INFO - Filling up the DagBag from /opt/airflow/dags/prediction_features_pipeline.py
[2025-12-31T11:35:37.828+0000] {processor.py:840} INFO - DAG(s) 'match_features_pipeline' retrieved from /opt/airflow/dags/prediction_features_pipeline.py
[2025-12-31T11:35:37.876+0000] {logging_mixin.py:188} INFO - [2025-12-31T11:35:37.875+0000] {dag.py:3036} INFO - Sync 1 DAGs
[2025-12-31T11:35:37.919+0000] {logging_mixin.py:188} INFO - [2025-12-31T11:35:37.918+0000] {dag.py:3823} INFO - Setting next_dagrun for match_features_pipeline to 2025-12-30 00:00:00+00:00, run_after=2025-12-31 00:00:00+00:00
[2025-12-31T11:35:37.957+0000] {processor.py:183} INFO - Processing /opt/airflow/dags/prediction_features_pipeline.py took 0.196 seconds
[2025-12-31T11:36:08.471+0000] {processor.py:161} INFO - Started process (PID=14028) to work on /opt/airflow/dags/prediction_features_pipeline.py
[2025-12-31T11:36:08.473+0000] {processor.py:830} INFO - Processing file /opt/airflow/dags/prediction_features_pipeline.py for tasks to queue
[2025-12-31T11:36:08.475+0000] {logging_mixin.py:188} INFO - [2025-12-31T11:36:08.474+0000] {dagbag.py:538} INFO - Filling up the DagBag from /opt/airflow/dags/prediction_features_pipeline.py
[2025-12-31T11:36:08.514+0000] {processor.py:840} INFO - DAG(s) 'match_features_pipeline' retrieved from /opt/airflow/dags/prediction_features_pipeline.py
[2025-12-31T11:36:08.593+0000] {logging_mixin.py:188} INFO - [2025-12-31T11:36:08.593+0000] {dag.py:3036} INFO - Sync 1 DAGs
[2025-12-31T11:36:08.639+0000] {logging_mixin.py:188} INFO - [2025-12-31T11:36:08.639+0000] {dag.py:3823} INFO - Setting next_dagrun for match_features_pipeline to 2025-12-30 00:00:00+00:00, run_after=2025-12-31 00:00:00+00:00
[2025-12-31T11:36:08.670+0000] {processor.py:183} INFO - Processing /opt/airflow/dags/prediction_features_pipeline.py took 0.208 seconds
[2025-12-31T11:36:39.415+0000] {processor.py:161} INFO - Started process (PID=14048) to work on /opt/airflow/dags/prediction_features_pipeline.py
[2025-12-31T11:36:39.417+0000] {processor.py:830} INFO - Processing file /opt/airflow/dags/prediction_features_pipeline.py for tasks to queue
[2025-12-31T11:36:39.419+0000] {logging_mixin.py:188} INFO - [2025-12-31T11:36:39.419+0000] {dagbag.py:538} INFO - Filling up the DagBag from /opt/airflow/dags/prediction_features_pipeline.py
[2025-12-31T11:36:39.463+0000] {processor.py:840} INFO - DAG(s) 'match_features_pipeline' retrieved from /opt/airflow/dags/prediction_features_pipeline.py
[2025-12-31T11:36:39.516+0000] {logging_mixin.py:188} INFO - [2025-12-31T11:36:39.515+0000] {dag.py:3036} INFO - Sync 1 DAGs
[2025-12-31T11:36:39.557+0000] {logging_mixin.py:188} INFO - [2025-12-31T11:36:39.556+0000] {dag.py:3823} INFO - Setting next_dagrun for match_features_pipeline to 2025-12-30 00:00:00+00:00, run_after=2025-12-31 00:00:00+00:00
[2025-12-31T11:36:39.616+0000] {processor.py:183} INFO - Processing /opt/airflow/dags/prediction_features_pipeline.py took 0.209 seconds
[2025-12-31T11:37:10.353+0000] {processor.py:161} INFO - Started process (PID=14068) to work on /opt/airflow/dags/prediction_features_pipeline.py
[2025-12-31T11:37:10.356+0000] {processor.py:830} INFO - Processing file /opt/airflow/dags/prediction_features_pipeline.py for tasks to queue
[2025-12-31T11:37:10.358+0000] {logging_mixin.py:188} INFO - [2025-12-31T11:37:10.358+0000] {dagbag.py:538} INFO - Filling up the DagBag from /opt/airflow/dags/prediction_features_pipeline.py
[2025-12-31T11:37:10.410+0000] {processor.py:840} INFO - DAG(s) 'match_features_pipeline' retrieved from /opt/airflow/dags/prediction_features_pipeline.py
[2025-12-31T11:37:10.453+0000] {logging_mixin.py:188} INFO - [2025-12-31T11:37:10.453+0000] {dag.py:3036} INFO - Sync 1 DAGs
[2025-12-31T11:37:10.497+0000] {logging_mixin.py:188} INFO - [2025-12-31T11:37:10.496+0000] {dag.py:3823} INFO - Setting next_dagrun for match_features_pipeline to 2025-12-30 00:00:00+00:00, run_after=2025-12-31 00:00:00+00:00
[2025-12-31T11:37:10.556+0000] {processor.py:183} INFO - Processing /opt/airflow/dags/prediction_features_pipeline.py took 0.213 seconds
[2025-12-31T11:37:41.152+0000] {processor.py:161} INFO - Started process (PID=14088) to work on /opt/airflow/dags/prediction_features_pipeline.py
[2025-12-31T11:37:41.154+0000] {processor.py:830} INFO - Processing file /opt/airflow/dags/prediction_features_pipeline.py for tasks to queue
[2025-12-31T11:37:41.156+0000] {logging_mixin.py:188} INFO - [2025-12-31T11:37:41.156+0000] {dagbag.py:538} INFO - Filling up the DagBag from /opt/airflow/dags/prediction_features_pipeline.py
[2025-12-31T11:37:41.217+0000] {processor.py:840} INFO - DAG(s) 'match_features_pipeline' retrieved from /opt/airflow/dags/prediction_features_pipeline.py
[2025-12-31T11:37:41.273+0000] {logging_mixin.py:188} INFO - [2025-12-31T11:37:41.272+0000] {dag.py:3036} INFO - Sync 1 DAGs
[2025-12-31T11:37:41.321+0000] {logging_mixin.py:188} INFO - [2025-12-31T11:37:41.320+0000] {dag.py:3823} INFO - Setting next_dagrun for match_features_pipeline to 2025-12-30 00:00:00+00:00, run_after=2025-12-31 00:00:00+00:00
[2025-12-31T11:37:41.353+0000] {processor.py:183} INFO - Processing /opt/airflow/dags/prediction_features_pipeline.py took 0.206 seconds
[2025-12-31T11:38:11.957+0000] {processor.py:161} INFO - Started process (PID=14108) to work on /opt/airflow/dags/prediction_features_pipeline.py
[2025-12-31T11:38:11.960+0000] {processor.py:830} INFO - Processing file /opt/airflow/dags/prediction_features_pipeline.py for tasks to queue
[2025-12-31T11:38:11.963+0000] {logging_mixin.py:188} INFO - [2025-12-31T11:38:11.962+0000] {dagbag.py:538} INFO - Filling up the DagBag from /opt/airflow/dags/prediction_features_pipeline.py
[2025-12-31T11:38:12.010+0000] {processor.py:840} INFO - DAG(s) 'match_features_pipeline' retrieved from /opt/airflow/dags/prediction_features_pipeline.py
[2025-12-31T11:38:12.061+0000] {logging_mixin.py:188} INFO - [2025-12-31T11:38:12.061+0000] {dag.py:3036} INFO - Sync 1 DAGs
[2025-12-31T11:38:12.100+0000] {logging_mixin.py:188} INFO - [2025-12-31T11:38:12.100+0000] {dag.py:3823} INFO - Setting next_dagrun for match_features_pipeline to 2025-12-30 00:00:00+00:00, run_after=2025-12-31 00:00:00+00:00
[2025-12-31T11:38:12.172+0000] {processor.py:183} INFO - Processing /opt/airflow/dags/prediction_features_pipeline.py took 0.221 seconds
[2025-12-31T11:38:42.695+0000] {processor.py:161} INFO - Started process (PID=14128) to work on /opt/airflow/dags/prediction_features_pipeline.py
[2025-12-31T11:38:42.700+0000] {processor.py:830} INFO - Processing file /opt/airflow/dags/prediction_features_pipeline.py for tasks to queue
[2025-12-31T11:38:42.705+0000] {logging_mixin.py:188} INFO - [2025-12-31T11:38:42.704+0000] {dagbag.py:538} INFO - Filling up the DagBag from /opt/airflow/dags/prediction_features_pipeline.py
[2025-12-31T11:38:42.773+0000] {processor.py:840} INFO - DAG(s) 'match_features_pipeline' retrieved from /opt/airflow/dags/prediction_features_pipeline.py
[2025-12-31T11:38:42.821+0000] {logging_mixin.py:188} INFO - [2025-12-31T11:38:42.821+0000] {dag.py:3036} INFO - Sync 1 DAGs
[2025-12-31T11:38:42.866+0000] {logging_mixin.py:188} INFO - [2025-12-31T11:38:42.865+0000] {dag.py:3823} INFO - Setting next_dagrun for match_features_pipeline to 2025-12-30 00:00:00+00:00, run_after=2025-12-31 00:00:00+00:00
[2025-12-31T11:38:42.916+0000] {processor.py:183} INFO - Processing /opt/airflow/dags/prediction_features_pipeline.py took 0.230 seconds
[2025-12-31T11:39:13.528+0000] {processor.py:161} INFO - Started process (PID=14148) to work on /opt/airflow/dags/prediction_features_pipeline.py
[2025-12-31T11:39:13.530+0000] {processor.py:830} INFO - Processing file /opt/airflow/dags/prediction_features_pipeline.py for tasks to queue
[2025-12-31T11:39:13.532+0000] {logging_mixin.py:188} INFO - [2025-12-31T11:39:13.532+0000] {dagbag.py:538} INFO - Filling up the DagBag from /opt/airflow/dags/prediction_features_pipeline.py
[2025-12-31T11:39:13.570+0000] {processor.py:840} INFO - DAG(s) 'match_features_pipeline' retrieved from /opt/airflow/dags/prediction_features_pipeline.py
[2025-12-31T11:39:13.613+0000] {logging_mixin.py:188} INFO - [2025-12-31T11:39:13.613+0000] {dag.py:3036} INFO - Sync 1 DAGs
[2025-12-31T11:39:13.677+0000] {logging_mixin.py:188} INFO - [2025-12-31T11:39:13.676+0000] {dag.py:3823} INFO - Setting next_dagrun for match_features_pipeline to 2025-12-30 00:00:00+00:00, run_after=2025-12-31 00:00:00+00:00
[2025-12-31T11:39:13.737+0000] {processor.py:183} INFO - Processing /opt/airflow/dags/prediction_features_pipeline.py took 0.215 seconds
[2025-12-31T11:39:44.282+0000] {processor.py:161} INFO - Started process (PID=14168) to work on /opt/airflow/dags/prediction_features_pipeline.py
[2025-12-31T11:39:44.284+0000] {processor.py:830} INFO - Processing file /opt/airflow/dags/prediction_features_pipeline.py for tasks to queue
[2025-12-31T11:39:44.286+0000] {logging_mixin.py:188} INFO - [2025-12-31T11:39:44.285+0000] {dagbag.py:538} INFO - Filling up the DagBag from /opt/airflow/dags/prediction_features_pipeline.py
[2025-12-31T11:39:44.354+0000] {processor.py:840} INFO - DAG(s) 'match_features_pipeline' retrieved from /opt/airflow/dags/prediction_features_pipeline.py
[2025-12-31T11:39:44.410+0000] {logging_mixin.py:188} INFO - [2025-12-31T11:39:44.409+0000] {dag.py:3036} INFO - Sync 1 DAGs
[2025-12-31T11:39:44.455+0000] {logging_mixin.py:188} INFO - [2025-12-31T11:39:44.454+0000] {dag.py:3823} INFO - Setting next_dagrun for match_features_pipeline to 2025-12-30 00:00:00+00:00, run_after=2025-12-31 00:00:00+00:00
[2025-12-31T11:39:44.491+0000] {processor.py:183} INFO - Processing /opt/airflow/dags/prediction_features_pipeline.py took 0.216 seconds
[2025-12-31T11:40:15.091+0000] {processor.py:161} INFO - Started process (PID=14188) to work on /opt/airflow/dags/prediction_features_pipeline.py
[2025-12-31T11:40:15.094+0000] {processor.py:830} INFO - Processing file /opt/airflow/dags/prediction_features_pipeline.py for tasks to queue
[2025-12-31T11:40:15.096+0000] {logging_mixin.py:188} INFO - [2025-12-31T11:40:15.096+0000] {dagbag.py:538} INFO - Filling up the DagBag from /opt/airflow/dags/prediction_features_pipeline.py
[2025-12-31T11:40:15.138+0000] {processor.py:840} INFO - DAG(s) 'match_features_pipeline' retrieved from /opt/airflow/dags/prediction_features_pipeline.py
[2025-12-31T11:40:15.180+0000] {logging_mixin.py:188} INFO - [2025-12-31T11:40:15.179+0000] {dag.py:3036} INFO - Sync 1 DAGs
[2025-12-31T11:40:15.232+0000] {logging_mixin.py:188} INFO - [2025-12-31T11:40:15.232+0000] {dag.py:3823} INFO - Setting next_dagrun for match_features_pipeline to 2025-12-30 00:00:00+00:00, run_after=2025-12-31 00:00:00+00:00
[2025-12-31T11:40:15.274+0000] {processor.py:183} INFO - Processing /opt/airflow/dags/prediction_features_pipeline.py took 0.194 seconds
[2025-12-31T11:40:46.019+0000] {processor.py:161} INFO - Started process (PID=14208) to work on /opt/airflow/dags/prediction_features_pipeline.py
[2025-12-31T11:40:46.024+0000] {processor.py:830} INFO - Processing file /opt/airflow/dags/prediction_features_pipeline.py for tasks to queue
[2025-12-31T11:40:46.026+0000] {logging_mixin.py:188} INFO - [2025-12-31T11:40:46.025+0000] {dagbag.py:538} INFO - Filling up the DagBag from /opt/airflow/dags/prediction_features_pipeline.py
[2025-12-31T11:40:46.072+0000] {processor.py:840} INFO - DAG(s) 'match_features_pipeline' retrieved from /opt/airflow/dags/prediction_features_pipeline.py
[2025-12-31T11:40:46.120+0000] {logging_mixin.py:188} INFO - [2025-12-31T11:40:46.119+0000] {dag.py:3036} INFO - Sync 1 DAGs
[2025-12-31T11:40:46.163+0000] {logging_mixin.py:188} INFO - [2025-12-31T11:40:46.163+0000] {dag.py:3823} INFO - Setting next_dagrun for match_features_pipeline to 2025-12-30 00:00:00+00:00, run_after=2025-12-31 00:00:00+00:00
[2025-12-31T11:40:46.217+0000] {processor.py:183} INFO - Processing /opt/airflow/dags/prediction_features_pipeline.py took 0.212 seconds
[2025-12-31T11:41:16.853+0000] {processor.py:161} INFO - Started process (PID=14228) to work on /opt/airflow/dags/prediction_features_pipeline.py
[2025-12-31T11:41:16.856+0000] {processor.py:830} INFO - Processing file /opt/airflow/dags/prediction_features_pipeline.py for tasks to queue
[2025-12-31T11:41:16.857+0000] {logging_mixin.py:188} INFO - [2025-12-31T11:41:16.857+0000] {dagbag.py:538} INFO - Filling up the DagBag from /opt/airflow/dags/prediction_features_pipeline.py
[2025-12-31T11:41:16.898+0000] {processor.py:840} INFO - DAG(s) 'match_features_pipeline' retrieved from /opt/airflow/dags/prediction_features_pipeline.py
[2025-12-31T11:41:17.000+0000] {logging_mixin.py:188} INFO - [2025-12-31T11:41:16.999+0000] {dag.py:3036} INFO - Sync 1 DAGs
[2025-12-31T11:41:17.054+0000] {logging_mixin.py:188} INFO - [2025-12-31T11:41:17.054+0000] {dag.py:3823} INFO - Setting next_dagrun for match_features_pipeline to 2025-12-30 00:00:00+00:00, run_after=2025-12-31 00:00:00+00:00
[2025-12-31T11:41:17.104+0000] {processor.py:183} INFO - Processing /opt/airflow/dags/prediction_features_pipeline.py took 0.257 seconds
[2025-12-31T11:41:47.716+0000] {processor.py:161} INFO - Started process (PID=14248) to work on /opt/airflow/dags/prediction_features_pipeline.py
[2025-12-31T11:41:47.718+0000] {processor.py:830} INFO - Processing file /opt/airflow/dags/prediction_features_pipeline.py for tasks to queue
[2025-12-31T11:41:47.720+0000] {logging_mixin.py:188} INFO - [2025-12-31T11:41:47.719+0000] {dagbag.py:538} INFO - Filling up the DagBag from /opt/airflow/dags/prediction_features_pipeline.py
[2025-12-31T11:41:47.761+0000] {processor.py:840} INFO - DAG(s) 'match_features_pipeline' retrieved from /opt/airflow/dags/prediction_features_pipeline.py
[2025-12-31T11:41:47.814+0000] {logging_mixin.py:188} INFO - [2025-12-31T11:41:47.813+0000] {dag.py:3036} INFO - Sync 1 DAGs
[2025-12-31T11:41:47.855+0000] {logging_mixin.py:188} INFO - [2025-12-31T11:41:47.855+0000] {dag.py:3823} INFO - Setting next_dagrun for match_features_pipeline to 2025-12-30 00:00:00+00:00, run_after=2025-12-31 00:00:00+00:00
[2025-12-31T11:41:47.907+0000] {processor.py:183} INFO - Processing /opt/airflow/dags/prediction_features_pipeline.py took 0.196 seconds
[2025-12-31T11:42:18.541+0000] {processor.py:161} INFO - Started process (PID=14268) to work on /opt/airflow/dags/prediction_features_pipeline.py
[2025-12-31T11:42:18.542+0000] {processor.py:830} INFO - Processing file /opt/airflow/dags/prediction_features_pipeline.py for tasks to queue
[2025-12-31T11:42:18.544+0000] {logging_mixin.py:188} INFO - [2025-12-31T11:42:18.544+0000] {dagbag.py:538} INFO - Filling up the DagBag from /opt/airflow/dags/prediction_features_pipeline.py
[2025-12-31T11:42:18.603+0000] {processor.py:840} INFO - DAG(s) 'match_features_pipeline' retrieved from /opt/airflow/dags/prediction_features_pipeline.py
[2025-12-31T11:42:18.651+0000] {logging_mixin.py:188} INFO - [2025-12-31T11:42:18.650+0000] {dag.py:3036} INFO - Sync 1 DAGs
[2025-12-31T11:42:18.696+0000] {logging_mixin.py:188} INFO - [2025-12-31T11:42:18.696+0000] {dag.py:3823} INFO - Setting next_dagrun for match_features_pipeline to 2025-12-30 00:00:00+00:00, run_after=2025-12-31 00:00:00+00:00
[2025-12-31T11:42:18.735+0000] {processor.py:183} INFO - Processing /opt/airflow/dags/prediction_features_pipeline.py took 0.200 seconds
[2025-12-31T11:42:49.310+0000] {processor.py:161} INFO - Started process (PID=14288) to work on /opt/airflow/dags/prediction_features_pipeline.py
[2025-12-31T11:42:49.312+0000] {processor.py:830} INFO - Processing file /opt/airflow/dags/prediction_features_pipeline.py for tasks to queue
[2025-12-31T11:42:49.314+0000] {logging_mixin.py:188} INFO - [2025-12-31T11:42:49.313+0000] {dagbag.py:538} INFO - Filling up the DagBag from /opt/airflow/dags/prediction_features_pipeline.py
[2025-12-31T11:42:49.360+0000] {processor.py:840} INFO - DAG(s) 'match_features_pipeline' retrieved from /opt/airflow/dags/prediction_features_pipeline.py
[2025-12-31T11:42:49.413+0000] {logging_mixin.py:188} INFO - [2025-12-31T11:42:49.413+0000] {dag.py:3036} INFO - Sync 1 DAGs
[2025-12-31T11:42:49.461+0000] {logging_mixin.py:188} INFO - [2025-12-31T11:42:49.460+0000] {dag.py:3823} INFO - Setting next_dagrun for match_features_pipeline to 2025-12-30 00:00:00+00:00, run_after=2025-12-31 00:00:00+00:00
[2025-12-31T11:42:49.513+0000] {processor.py:183} INFO - Processing /opt/airflow/dags/prediction_features_pipeline.py took 0.209 seconds
[2025-12-31T11:43:20.075+0000] {processor.py:161} INFO - Started process (PID=14308) to work on /opt/airflow/dags/prediction_features_pipeline.py
[2025-12-31T11:43:20.078+0000] {processor.py:830} INFO - Processing file /opt/airflow/dags/prediction_features_pipeline.py for tasks to queue
[2025-12-31T11:43:20.081+0000] {logging_mixin.py:188} INFO - [2025-12-31T11:43:20.080+0000] {dagbag.py:538} INFO - Filling up the DagBag from /opt/airflow/dags/prediction_features_pipeline.py
[2025-12-31T11:43:20.125+0000] {processor.py:840} INFO - DAG(s) 'match_features_pipeline' retrieved from /opt/airflow/dags/prediction_features_pipeline.py
[2025-12-31T11:43:20.187+0000] {logging_mixin.py:188} INFO - [2025-12-31T11:43:20.186+0000] {dag.py:3036} INFO - Sync 1 DAGs
[2025-12-31T11:43:20.238+0000] {logging_mixin.py:188} INFO - [2025-12-31T11:43:20.238+0000] {dag.py:3823} INFO - Setting next_dagrun for match_features_pipeline to 2025-12-30 00:00:00+00:00, run_after=2025-12-31 00:00:00+00:00
[2025-12-31T11:43:20.275+0000] {processor.py:183} INFO - Processing /opt/airflow/dags/prediction_features_pipeline.py took 0.207 seconds
[2025-12-31T11:43:50.906+0000] {processor.py:161} INFO - Started process (PID=14328) to work on /opt/airflow/dags/prediction_features_pipeline.py
[2025-12-31T11:43:50.909+0000] {processor.py:830} INFO - Processing file /opt/airflow/dags/prediction_features_pipeline.py for tasks to queue
[2025-12-31T11:43:50.911+0000] {logging_mixin.py:188} INFO - [2025-12-31T11:43:50.910+0000] {dagbag.py:538} INFO - Filling up the DagBag from /opt/airflow/dags/prediction_features_pipeline.py
[2025-12-31T11:43:50.953+0000] {processor.py:840} INFO - DAG(s) 'match_features_pipeline' retrieved from /opt/airflow/dags/prediction_features_pipeline.py
[2025-12-31T11:43:50.998+0000] {logging_mixin.py:188} INFO - [2025-12-31T11:43:50.997+0000] {dag.py:3036} INFO - Sync 1 DAGs
[2025-12-31T11:43:51.058+0000] {logging_mixin.py:188} INFO - [2025-12-31T11:43:51.057+0000] {dag.py:3823} INFO - Setting next_dagrun for match_features_pipeline to 2025-12-30 00:00:00+00:00, run_after=2025-12-31 00:00:00+00:00
[2025-12-31T11:43:51.107+0000] {processor.py:183} INFO - Processing /opt/airflow/dags/prediction_features_pipeline.py took 0.213 seconds
[2025-12-31T11:44:21.658+0000] {processor.py:161} INFO - Started process (PID=14348) to work on /opt/airflow/dags/prediction_features_pipeline.py
[2025-12-31T11:44:21.667+0000] {processor.py:830} INFO - Processing file /opt/airflow/dags/prediction_features_pipeline.py for tasks to queue
[2025-12-31T11:44:21.670+0000] {logging_mixin.py:188} INFO - [2025-12-31T11:44:21.669+0000] {dagbag.py:538} INFO - Filling up the DagBag from /opt/airflow/dags/prediction_features_pipeline.py
[2025-12-31T11:44:21.716+0000] {processor.py:840} INFO - DAG(s) 'match_features_pipeline' retrieved from /opt/airflow/dags/prediction_features_pipeline.py
[2025-12-31T11:44:21.762+0000] {logging_mixin.py:188} INFO - [2025-12-31T11:44:21.761+0000] {dag.py:3036} INFO - Sync 1 DAGs
[2025-12-31T11:44:21.823+0000] {logging_mixin.py:188} INFO - [2025-12-31T11:44:21.821+0000] {dag.py:3823} INFO - Setting next_dagrun for match_features_pipeline to 2025-12-30 00:00:00+00:00, run_after=2025-12-31 00:00:00+00:00
[2025-12-31T11:44:21.870+0000] {processor.py:183} INFO - Processing /opt/airflow/dags/prediction_features_pipeline.py took 0.234 seconds
[2025-12-31T11:44:52.599+0000] {processor.py:161} INFO - Started process (PID=14368) to work on /opt/airflow/dags/prediction_features_pipeline.py
[2025-12-31T11:44:52.602+0000] {processor.py:830} INFO - Processing file /opt/airflow/dags/prediction_features_pipeline.py for tasks to queue
[2025-12-31T11:44:52.605+0000] {logging_mixin.py:188} INFO - [2025-12-31T11:44:52.604+0000] {dagbag.py:538} INFO - Filling up the DagBag from /opt/airflow/dags/prediction_features_pipeline.py
[2025-12-31T11:44:52.647+0000] {processor.py:840} INFO - DAG(s) 'match_features_pipeline' retrieved from /opt/airflow/dags/prediction_features_pipeline.py
[2025-12-31T11:44:52.693+0000] {logging_mixin.py:188} INFO - [2025-12-31T11:44:52.692+0000] {dag.py:3036} INFO - Sync 1 DAGs
[2025-12-31T11:44:52.733+0000] {logging_mixin.py:188} INFO - [2025-12-31T11:44:52.733+0000] {dag.py:3823} INFO - Setting next_dagrun for match_features_pipeline to 2025-12-30 00:00:00+00:00, run_after=2025-12-31 00:00:00+00:00
[2025-12-31T11:44:52.792+0000] {processor.py:183} INFO - Processing /opt/airflow/dags/prediction_features_pipeline.py took 0.201 seconds
[2025-12-31T11:45:23.473+0000] {processor.py:161} INFO - Started process (PID=14388) to work on /opt/airflow/dags/prediction_features_pipeline.py
[2025-12-31T11:45:23.481+0000] {processor.py:830} INFO - Processing file /opt/airflow/dags/prediction_features_pipeline.py for tasks to queue
[2025-12-31T11:45:23.492+0000] {logging_mixin.py:188} INFO - [2025-12-31T11:45:23.487+0000] {dagbag.py:538} INFO - Filling up the DagBag from /opt/airflow/dags/prediction_features_pipeline.py
[2025-12-31T11:45:23.537+0000] {processor.py:840} INFO - DAG(s) 'match_features_pipeline' retrieved from /opt/airflow/dags/prediction_features_pipeline.py
[2025-12-31T11:45:23.583+0000] {logging_mixin.py:188} INFO - [2025-12-31T11:45:23.583+0000] {dag.py:3036} INFO - Sync 1 DAGs
[2025-12-31T11:45:23.656+0000] {logging_mixin.py:188} INFO - [2025-12-31T11:45:23.655+0000] {dag.py:3823} INFO - Setting next_dagrun for match_features_pipeline to 2025-12-30 00:00:00+00:00, run_after=2025-12-31 00:00:00+00:00
[2025-12-31T11:45:23.701+0000] {processor.py:183} INFO - Processing /opt/airflow/dags/prediction_features_pipeline.py took 0.244 seconds
[2025-12-31T11:45:54.230+0000] {processor.py:161} INFO - Started process (PID=14408) to work on /opt/airflow/dags/prediction_features_pipeline.py
[2025-12-31T11:45:54.232+0000] {processor.py:830} INFO - Processing file /opt/airflow/dags/prediction_features_pipeline.py for tasks to queue
[2025-12-31T11:45:54.235+0000] {logging_mixin.py:188} INFO - [2025-12-31T11:45:54.234+0000] {dagbag.py:538} INFO - Filling up the DagBag from /opt/airflow/dags/prediction_features_pipeline.py
[2025-12-31T11:45:54.276+0000] {processor.py:840} INFO - DAG(s) 'match_features_pipeline' retrieved from /opt/airflow/dags/prediction_features_pipeline.py
[2025-12-31T11:45:54.326+0000] {logging_mixin.py:188} INFO - [2025-12-31T11:45:54.325+0000] {dag.py:3036} INFO - Sync 1 DAGs
[2025-12-31T11:45:54.370+0000] {logging_mixin.py:188} INFO - [2025-12-31T11:45:54.370+0000] {dag.py:3823} INFO - Setting next_dagrun for match_features_pipeline to 2025-12-30 00:00:00+00:00, run_after=2025-12-31 00:00:00+00:00
[2025-12-31T11:45:54.409+0000] {processor.py:183} INFO - Processing /opt/airflow/dags/prediction_features_pipeline.py took 0.185 seconds
[2025-12-31T11:46:25.101+0000] {processor.py:161} INFO - Started process (PID=14428) to work on /opt/airflow/dags/prediction_features_pipeline.py
[2025-12-31T11:46:25.103+0000] {processor.py:830} INFO - Processing file /opt/airflow/dags/prediction_features_pipeline.py for tasks to queue
[2025-12-31T11:46:25.106+0000] {logging_mixin.py:188} INFO - [2025-12-31T11:46:25.105+0000] {dagbag.py:538} INFO - Filling up the DagBag from /opt/airflow/dags/prediction_features_pipeline.py
[2025-12-31T11:46:25.172+0000] {processor.py:840} INFO - DAG(s) 'match_features_pipeline' retrieved from /opt/airflow/dags/prediction_features_pipeline.py
[2025-12-31T11:46:25.221+0000] {logging_mixin.py:188} INFO - [2025-12-31T11:46:25.220+0000] {dag.py:3036} INFO - Sync 1 DAGs
[2025-12-31T11:46:25.265+0000] {logging_mixin.py:188} INFO - [2025-12-31T11:46:25.264+0000] {dag.py:3823} INFO - Setting next_dagrun for match_features_pipeline to 2025-12-30 00:00:00+00:00, run_after=2025-12-31 00:00:00+00:00
[2025-12-31T11:46:25.307+0000] {processor.py:183} INFO - Processing /opt/airflow/dags/prediction_features_pipeline.py took 0.211 seconds
[2025-12-31T11:46:56.209+0000] {processor.py:161} INFO - Started process (PID=14448) to work on /opt/airflow/dags/prediction_features_pipeline.py
[2025-12-31T11:46:56.212+0000] {processor.py:830} INFO - Processing file /opt/airflow/dags/prediction_features_pipeline.py for tasks to queue
[2025-12-31T11:46:56.215+0000] {logging_mixin.py:188} INFO - [2025-12-31T11:46:56.214+0000] {dagbag.py:538} INFO - Filling up the DagBag from /opt/airflow/dags/prediction_features_pipeline.py
[2025-12-31T11:46:56.254+0000] {processor.py:840} INFO - DAG(s) 'match_features_pipeline' retrieved from /opt/airflow/dags/prediction_features_pipeline.py
[2025-12-31T11:46:56.300+0000] {logging_mixin.py:188} INFO - [2025-12-31T11:46:56.300+0000] {dag.py:3036} INFO - Sync 1 DAGs
[2025-12-31T11:46:56.359+0000] {logging_mixin.py:188} INFO - [2025-12-31T11:46:56.358+0000] {dag.py:3823} INFO - Setting next_dagrun for match_features_pipeline to 2025-12-30 00:00:00+00:00, run_after=2025-12-31 00:00:00+00:00
[2025-12-31T11:46:56.419+0000] {processor.py:183} INFO - Processing /opt/airflow/dags/prediction_features_pipeline.py took 0.223 seconds
[2025-12-31T11:47:26.916+0000] {processor.py:161} INFO - Started process (PID=14468) to work on /opt/airflow/dags/prediction_features_pipeline.py
[2025-12-31T11:47:26.919+0000] {processor.py:830} INFO - Processing file /opt/airflow/dags/prediction_features_pipeline.py for tasks to queue
[2025-12-31T11:47:26.922+0000] {logging_mixin.py:188} INFO - [2025-12-31T11:47:26.921+0000] {dagbag.py:538} INFO - Filling up the DagBag from /opt/airflow/dags/prediction_features_pipeline.py
[2025-12-31T11:47:26.977+0000] {processor.py:840} INFO - DAG(s) 'match_features_pipeline' retrieved from /opt/airflow/dags/prediction_features_pipeline.py
[2025-12-31T11:47:27.030+0000] {logging_mixin.py:188} INFO - [2025-12-31T11:47:27.029+0000] {dag.py:3036} INFO - Sync 1 DAGs
[2025-12-31T11:47:27.069+0000] {logging_mixin.py:188} INFO - [2025-12-31T11:47:27.068+0000] {dag.py:3823} INFO - Setting next_dagrun for match_features_pipeline to 2025-12-30 00:00:00+00:00, run_after=2025-12-31 00:00:00+00:00
[2025-12-31T11:47:27.106+0000] {processor.py:183} INFO - Processing /opt/airflow/dags/prediction_features_pipeline.py took 0.199 seconds
[2025-12-31T11:47:57.712+0000] {processor.py:161} INFO - Started process (PID=14488) to work on /opt/airflow/dags/prediction_features_pipeline.py
[2025-12-31T11:47:57.715+0000] {processor.py:830} INFO - Processing file /opt/airflow/dags/prediction_features_pipeline.py for tasks to queue
[2025-12-31T11:47:57.717+0000] {logging_mixin.py:188} INFO - [2025-12-31T11:47:57.716+0000] {dagbag.py:538} INFO - Filling up the DagBag from /opt/airflow/dags/prediction_features_pipeline.py
[2025-12-31T11:47:57.760+0000] {processor.py:840} INFO - DAG(s) 'match_features_pipeline' retrieved from /opt/airflow/dags/prediction_features_pipeline.py
[2025-12-31T11:47:57.804+0000] {logging_mixin.py:188} INFO - [2025-12-31T11:47:57.804+0000] {dag.py:3036} INFO - Sync 1 DAGs
[2025-12-31T11:47:57.846+0000] {logging_mixin.py:188} INFO - [2025-12-31T11:47:57.846+0000] {dag.py:3823} INFO - Setting next_dagrun for match_features_pipeline to 2025-12-30 00:00:00+00:00, run_after=2025-12-31 00:00:00+00:00
[2025-12-31T11:47:57.899+0000] {processor.py:183} INFO - Processing /opt/airflow/dags/prediction_features_pipeline.py took 0.194 seconds
[2025-12-31T11:48:28.503+0000] {processor.py:161} INFO - Started process (PID=14508) to work on /opt/airflow/dags/prediction_features_pipeline.py
[2025-12-31T11:48:28.505+0000] {processor.py:830} INFO - Processing file /opt/airflow/dags/prediction_features_pipeline.py for tasks to queue
[2025-12-31T11:48:28.508+0000] {logging_mixin.py:188} INFO - [2025-12-31T11:48:28.507+0000] {dagbag.py:538} INFO - Filling up the DagBag from /opt/airflow/dags/prediction_features_pipeline.py
[2025-12-31T11:48:28.561+0000] {processor.py:840} INFO - DAG(s) 'match_features_pipeline' retrieved from /opt/airflow/dags/prediction_features_pipeline.py
[2025-12-31T11:48:28.617+0000] {logging_mixin.py:188} INFO - [2025-12-31T11:48:28.617+0000] {dag.py:3036} INFO - Sync 1 DAGs
[2025-12-31T11:48:28.672+0000] {logging_mixin.py:188} INFO - [2025-12-31T11:48:28.671+0000] {dag.py:3823} INFO - Setting next_dagrun for match_features_pipeline to 2025-12-30 00:00:00+00:00, run_after=2025-12-31 00:00:00+00:00
[2025-12-31T11:48:28.710+0000] {processor.py:183} INFO - Processing /opt/airflow/dags/prediction_features_pipeline.py took 0.216 seconds
[2025-12-31T11:48:59.282+0000] {processor.py:161} INFO - Started process (PID=14528) to work on /opt/airflow/dags/prediction_features_pipeline.py
[2025-12-31T11:48:59.285+0000] {processor.py:830} INFO - Processing file /opt/airflow/dags/prediction_features_pipeline.py for tasks to queue
[2025-12-31T11:48:59.287+0000] {logging_mixin.py:188} INFO - [2025-12-31T11:48:59.287+0000] {dagbag.py:538} INFO - Filling up the DagBag from /opt/airflow/dags/prediction_features_pipeline.py
[2025-12-31T11:48:59.374+0000] {processor.py:840} INFO - DAG(s) 'match_features_pipeline' retrieved from /opt/airflow/dags/prediction_features_pipeline.py
[2025-12-31T11:48:59.414+0000] {logging_mixin.py:188} INFO - [2025-12-31T11:48:59.414+0000] {dag.py:3036} INFO - Sync 1 DAGs
[2025-12-31T11:48:59.454+0000] {logging_mixin.py:188} INFO - [2025-12-31T11:48:59.453+0000] {dag.py:3823} INFO - Setting next_dagrun for match_features_pipeline to 2025-12-30 00:00:00+00:00, run_after=2025-12-31 00:00:00+00:00
[2025-12-31T11:48:59.497+0000] {processor.py:183} INFO - Processing /opt/airflow/dags/prediction_features_pipeline.py took 0.224 seconds
[2025-12-31T11:49:30.201+0000] {processor.py:161} INFO - Started process (PID=14548) to work on /opt/airflow/dags/prediction_features_pipeline.py
[2025-12-31T11:49:30.203+0000] {processor.py:830} INFO - Processing file /opt/airflow/dags/prediction_features_pipeline.py for tasks to queue
[2025-12-31T11:49:30.205+0000] {logging_mixin.py:188} INFO - [2025-12-31T11:49:30.204+0000] {dagbag.py:538} INFO - Filling up the DagBag from /opt/airflow/dags/prediction_features_pipeline.py
[2025-12-31T11:49:30.264+0000] {processor.py:840} INFO - DAG(s) 'match_features_pipeline' retrieved from /opt/airflow/dags/prediction_features_pipeline.py
[2025-12-31T11:49:30.310+0000] {logging_mixin.py:188} INFO - [2025-12-31T11:49:30.310+0000] {dag.py:3036} INFO - Sync 1 DAGs
[2025-12-31T11:49:30.359+0000] {logging_mixin.py:188} INFO - [2025-12-31T11:49:30.359+0000] {dag.py:3823} INFO - Setting next_dagrun for match_features_pipeline to 2025-12-30 00:00:00+00:00, run_after=2025-12-31 00:00:00+00:00
[2025-12-31T11:49:30.401+0000] {processor.py:183} INFO - Processing /opt/airflow/dags/prediction_features_pipeline.py took 0.206 seconds
[2025-12-31T11:50:01.025+0000] {processor.py:161} INFO - Started process (PID=14568) to work on /opt/airflow/dags/prediction_features_pipeline.py
[2025-12-31T11:50:01.030+0000] {processor.py:830} INFO - Processing file /opt/airflow/dags/prediction_features_pipeline.py for tasks to queue
[2025-12-31T11:50:01.033+0000] {logging_mixin.py:188} INFO - [2025-12-31T11:50:01.032+0000] {dagbag.py:538} INFO - Filling up the DagBag from /opt/airflow/dags/prediction_features_pipeline.py
[2025-12-31T11:50:01.079+0000] {processor.py:840} INFO - DAG(s) 'match_features_pipeline' retrieved from /opt/airflow/dags/prediction_features_pipeline.py
[2025-12-31T11:50:01.147+0000] {logging_mixin.py:188} INFO - [2025-12-31T11:50:01.146+0000] {dag.py:3036} INFO - Sync 1 DAGs
[2025-12-31T11:50:01.188+0000] {logging_mixin.py:188} INFO - [2025-12-31T11:50:01.188+0000] {dag.py:3823} INFO - Setting next_dagrun for match_features_pipeline to 2025-12-30 00:00:00+00:00, run_after=2025-12-31 00:00:00+00:00
[2025-12-31T11:50:01.221+0000] {processor.py:183} INFO - Processing /opt/airflow/dags/prediction_features_pipeline.py took 0.203 seconds
[2025-12-31T11:50:31.990+0000] {processor.py:161} INFO - Started process (PID=14588) to work on /opt/airflow/dags/prediction_features_pipeline.py
[2025-12-31T11:50:31.993+0000] {processor.py:830} INFO - Processing file /opt/airflow/dags/prediction_features_pipeline.py for tasks to queue
[2025-12-31T11:50:31.995+0000] {logging_mixin.py:188} INFO - [2025-12-31T11:50:31.994+0000] {dagbag.py:538} INFO - Filling up the DagBag from /opt/airflow/dags/prediction_features_pipeline.py
[2025-12-31T11:50:32.057+0000] {processor.py:840} INFO - DAG(s) 'match_features_pipeline' retrieved from /opt/airflow/dags/prediction_features_pipeline.py
[2025-12-31T11:50:32.108+0000] {logging_mixin.py:188} INFO - [2025-12-31T11:50:32.108+0000] {dag.py:3036} INFO - Sync 1 DAGs
[2025-12-31T11:50:32.148+0000] {logging_mixin.py:188} INFO - [2025-12-31T11:50:32.148+0000] {dag.py:3823} INFO - Setting next_dagrun for match_features_pipeline to 2025-12-30 00:00:00+00:00, run_after=2025-12-31 00:00:00+00:00
[2025-12-31T11:50:32.182+0000] {processor.py:183} INFO - Processing /opt/airflow/dags/prediction_features_pipeline.py took 0.199 seconds
[2025-12-31T11:51:02.815+0000] {processor.py:161} INFO - Started process (PID=14608) to work on /opt/airflow/dags/prediction_features_pipeline.py
[2025-12-31T11:51:02.818+0000] {processor.py:830} INFO - Processing file /opt/airflow/dags/prediction_features_pipeline.py for tasks to queue
[2025-12-31T11:51:02.821+0000] {logging_mixin.py:188} INFO - [2025-12-31T11:51:02.820+0000] {dagbag.py:538} INFO - Filling up the DagBag from /opt/airflow/dags/prediction_features_pipeline.py
[2025-12-31T11:51:02.885+0000] {processor.py:840} INFO - DAG(s) 'match_features_pipeline' retrieved from /opt/airflow/dags/prediction_features_pipeline.py
[2025-12-31T11:51:02.941+0000] {logging_mixin.py:188} INFO - [2025-12-31T11:51:02.940+0000] {dag.py:3036} INFO - Sync 1 DAGs
[2025-12-31T11:51:02.989+0000] {logging_mixin.py:188} INFO - [2025-12-31T11:51:02.989+0000] {dag.py:3823} INFO - Setting next_dagrun for match_features_pipeline to 2025-12-30 00:00:00+00:00, run_after=2025-12-31 00:00:00+00:00
[2025-12-31T11:51:03.029+0000] {processor.py:183} INFO - Processing /opt/airflow/dags/prediction_features_pipeline.py took 0.221 seconds
[2025-12-31T11:51:33.800+0000] {processor.py:161} INFO - Started process (PID=14628) to work on /opt/airflow/dags/prediction_features_pipeline.py
[2025-12-31T11:51:33.802+0000] {processor.py:830} INFO - Processing file /opt/airflow/dags/prediction_features_pipeline.py for tasks to queue
[2025-12-31T11:51:33.804+0000] {logging_mixin.py:188} INFO - [2025-12-31T11:51:33.803+0000] {dagbag.py:538} INFO - Filling up the DagBag from /opt/airflow/dags/prediction_features_pipeline.py
[2025-12-31T11:51:33.845+0000] {processor.py:840} INFO - DAG(s) 'match_features_pipeline' retrieved from /opt/airflow/dags/prediction_features_pipeline.py
[2025-12-31T11:51:33.886+0000] {logging_mixin.py:188} INFO - [2025-12-31T11:51:33.886+0000] {dag.py:3036} INFO - Sync 1 DAGs
[2025-12-31T11:51:33.924+0000] {logging_mixin.py:188} INFO - [2025-12-31T11:51:33.923+0000] {dag.py:3823} INFO - Setting next_dagrun for match_features_pipeline to 2025-12-30 00:00:00+00:00, run_after=2025-12-31 00:00:00+00:00
[2025-12-31T11:51:33.956+0000] {processor.py:183} INFO - Processing /opt/airflow/dags/prediction_features_pipeline.py took 0.164 seconds
[2025-12-31T11:52:04.663+0000] {processor.py:161} INFO - Started process (PID=14648) to work on /opt/airflow/dags/prediction_features_pipeline.py
[2025-12-31T11:52:04.666+0000] {processor.py:830} INFO - Processing file /opt/airflow/dags/prediction_features_pipeline.py for tasks to queue
[2025-12-31T11:52:04.669+0000] {logging_mixin.py:188} INFO - [2025-12-31T11:52:04.668+0000] {dagbag.py:538} INFO - Filling up the DagBag from /opt/airflow/dags/prediction_features_pipeline.py
[2025-12-31T11:52:04.708+0000] {processor.py:840} INFO - DAG(s) 'match_features_pipeline' retrieved from /opt/airflow/dags/prediction_features_pipeline.py
[2025-12-31T11:52:04.757+0000] {logging_mixin.py:188} INFO - [2025-12-31T11:52:04.756+0000] {dag.py:3036} INFO - Sync 1 DAGs
[2025-12-31T11:52:04.798+0000] {logging_mixin.py:188} INFO - [2025-12-31T11:52:04.798+0000] {dag.py:3823} INFO - Setting next_dagrun for match_features_pipeline to 2025-12-30 00:00:00+00:00, run_after=2025-12-31 00:00:00+00:00
[2025-12-31T11:52:04.830+0000] {processor.py:183} INFO - Processing /opt/airflow/dags/prediction_features_pipeline.py took 0.175 seconds
[2025-12-31T11:52:35.508+0000] {processor.py:161} INFO - Started process (PID=14668) to work on /opt/airflow/dags/prediction_features_pipeline.py
[2025-12-31T11:52:35.510+0000] {processor.py:830} INFO - Processing file /opt/airflow/dags/prediction_features_pipeline.py for tasks to queue
[2025-12-31T11:52:35.512+0000] {logging_mixin.py:188} INFO - [2025-12-31T11:52:35.511+0000] {dagbag.py:538} INFO - Filling up the DagBag from /opt/airflow/dags/prediction_features_pipeline.py
[2025-12-31T11:52:35.565+0000] {processor.py:840} INFO - DAG(s) 'match_features_pipeline' retrieved from /opt/airflow/dags/prediction_features_pipeline.py
[2025-12-31T11:52:35.610+0000] {logging_mixin.py:188} INFO - [2025-12-31T11:52:35.610+0000] {dag.py:3036} INFO - Sync 1 DAGs
[2025-12-31T11:52:35.654+0000] {logging_mixin.py:188} INFO - [2025-12-31T11:52:35.654+0000] {dag.py:3823} INFO - Setting next_dagrun for match_features_pipeline to 2025-12-30 00:00:00+00:00, run_after=2025-12-31 00:00:00+00:00
[2025-12-31T11:52:35.693+0000] {processor.py:183} INFO - Processing /opt/airflow/dags/prediction_features_pipeline.py took 0.194 seconds
[2025-12-31T11:53:06.215+0000] {processor.py:161} INFO - Started process (PID=14688) to work on /opt/airflow/dags/prediction_features_pipeline.py
[2025-12-31T11:53:06.218+0000] {processor.py:830} INFO - Processing file /opt/airflow/dags/prediction_features_pipeline.py for tasks to queue
[2025-12-31T11:53:06.220+0000] {logging_mixin.py:188} INFO - [2025-12-31T11:53:06.219+0000] {dagbag.py:538} INFO - Filling up the DagBag from /opt/airflow/dags/prediction_features_pipeline.py
[2025-12-31T11:53:06.260+0000] {processor.py:840} INFO - DAG(s) 'match_features_pipeline' retrieved from /opt/airflow/dags/prediction_features_pipeline.py
[2025-12-31T11:53:06.302+0000] {logging_mixin.py:188} INFO - [2025-12-31T11:53:06.301+0000] {dag.py:3036} INFO - Sync 1 DAGs
[2025-12-31T11:53:06.342+0000] {logging_mixin.py:188} INFO - [2025-12-31T11:53:06.342+0000] {dag.py:3823} INFO - Setting next_dagrun for match_features_pipeline to 2025-12-30 00:00:00+00:00, run_after=2025-12-31 00:00:00+00:00
[2025-12-31T11:53:06.399+0000] {processor.py:183} INFO - Processing /opt/airflow/dags/prediction_features_pipeline.py took 0.192 seconds
[2025-12-31T11:53:36.895+0000] {processor.py:161} INFO - Started process (PID=14708) to work on /opt/airflow/dags/prediction_features_pipeline.py
[2025-12-31T11:53:36.897+0000] {processor.py:830} INFO - Processing file /opt/airflow/dags/prediction_features_pipeline.py for tasks to queue
[2025-12-31T11:53:36.899+0000] {logging_mixin.py:188} INFO - [2025-12-31T11:53:36.899+0000] {dagbag.py:538} INFO - Filling up the DagBag from /opt/airflow/dags/prediction_features_pipeline.py
[2025-12-31T11:53:36.940+0000] {processor.py:840} INFO - DAG(s) 'match_features_pipeline' retrieved from /opt/airflow/dags/prediction_features_pipeline.py
[2025-12-31T11:53:36.986+0000] {logging_mixin.py:188} INFO - [2025-12-31T11:53:36.985+0000] {dag.py:3036} INFO - Sync 1 DAGs
[2025-12-31T11:53:37.026+0000] {logging_mixin.py:188} INFO - [2025-12-31T11:53:37.026+0000] {dag.py:3823} INFO - Setting next_dagrun for match_features_pipeline to 2025-12-30 00:00:00+00:00, run_after=2025-12-31 00:00:00+00:00
[2025-12-31T11:53:37.086+0000] {processor.py:183} INFO - Processing /opt/airflow/dags/prediction_features_pipeline.py took 0.198 seconds
[2025-12-31T11:54:07.609+0000] {processor.py:161} INFO - Started process (PID=14728) to work on /opt/airflow/dags/prediction_features_pipeline.py
[2025-12-31T11:54:07.612+0000] {processor.py:830} INFO - Processing file /opt/airflow/dags/prediction_features_pipeline.py for tasks to queue
[2025-12-31T11:54:07.614+0000] {logging_mixin.py:188} INFO - [2025-12-31T11:54:07.614+0000] {dagbag.py:538} INFO - Filling up the DagBag from /opt/airflow/dags/prediction_features_pipeline.py
[2025-12-31T11:54:07.652+0000] {processor.py:840} INFO - DAG(s) 'match_features_pipeline' retrieved from /opt/airflow/dags/prediction_features_pipeline.py
[2025-12-31T11:54:07.699+0000] {logging_mixin.py:188} INFO - [2025-12-31T11:54:07.698+0000] {dag.py:3036} INFO - Sync 1 DAGs
[2025-12-31T11:54:07.744+0000] {logging_mixin.py:188} INFO - [2025-12-31T11:54:07.743+0000] {dag.py:3823} INFO - Setting next_dagrun for match_features_pipeline to 2025-12-30 00:00:00+00:00, run_after=2025-12-31 00:00:00+00:00
[2025-12-31T11:54:07.777+0000] {processor.py:183} INFO - Processing /opt/airflow/dags/prediction_features_pipeline.py took 0.176 seconds
[2025-12-31T11:54:38.295+0000] {processor.py:161} INFO - Started process (PID=14748) to work on /opt/airflow/dags/prediction_features_pipeline.py
[2025-12-31T11:54:38.297+0000] {processor.py:830} INFO - Processing file /opt/airflow/dags/prediction_features_pipeline.py for tasks to queue
[2025-12-31T11:54:38.299+0000] {logging_mixin.py:188} INFO - [2025-12-31T11:54:38.299+0000] {dagbag.py:538} INFO - Filling up the DagBag from /opt/airflow/dags/prediction_features_pipeline.py
[2025-12-31T11:54:38.340+0000] {processor.py:840} INFO - DAG(s) 'match_features_pipeline' retrieved from /opt/airflow/dags/prediction_features_pipeline.py
[2025-12-31T11:54:38.382+0000] {logging_mixin.py:188} INFO - [2025-12-31T11:54:38.382+0000] {dag.py:3036} INFO - Sync 1 DAGs
[2025-12-31T11:54:38.421+0000] {logging_mixin.py:188} INFO - [2025-12-31T11:54:38.421+0000] {dag.py:3823} INFO - Setting next_dagrun for match_features_pipeline to 2025-12-30 00:00:00+00:00, run_after=2025-12-31 00:00:00+00:00
[2025-12-31T11:54:38.477+0000] {processor.py:183} INFO - Processing /opt/airflow/dags/prediction_features_pipeline.py took 0.188 seconds
[2025-12-31T11:55:08.989+0000] {processor.py:161} INFO - Started process (PID=14768) to work on /opt/airflow/dags/prediction_features_pipeline.py
[2025-12-31T11:55:08.992+0000] {processor.py:830} INFO - Processing file /opt/airflow/dags/prediction_features_pipeline.py for tasks to queue
[2025-12-31T11:55:08.994+0000] {logging_mixin.py:188} INFO - [2025-12-31T11:55:08.993+0000] {dagbag.py:538} INFO - Filling up the DagBag from /opt/airflow/dags/prediction_features_pipeline.py
[2025-12-31T11:55:09.032+0000] {processor.py:840} INFO - DAG(s) 'match_features_pipeline' retrieved from /opt/airflow/dags/prediction_features_pipeline.py
[2025-12-31T11:55:09.076+0000] {logging_mixin.py:188} INFO - [2025-12-31T11:55:09.075+0000] {dag.py:3036} INFO - Sync 1 DAGs
[2025-12-31T11:55:09.114+0000] {logging_mixin.py:188} INFO - [2025-12-31T11:55:09.114+0000] {dag.py:3823} INFO - Setting next_dagrun for match_features_pipeline to 2025-12-30 00:00:00+00:00, run_after=2025-12-31 00:00:00+00:00
[2025-12-31T11:55:09.173+0000] {processor.py:183} INFO - Processing /opt/airflow/dags/prediction_features_pipeline.py took 0.191 seconds
[2025-12-31T11:55:39.649+0000] {processor.py:161} INFO - Started process (PID=14788) to work on /opt/airflow/dags/prediction_features_pipeline.py
[2025-12-31T11:55:39.651+0000] {processor.py:830} INFO - Processing file /opt/airflow/dags/prediction_features_pipeline.py for tasks to queue
[2025-12-31T11:55:39.653+0000] {logging_mixin.py:188} INFO - [2025-12-31T11:55:39.653+0000] {dagbag.py:538} INFO - Filling up the DagBag from /opt/airflow/dags/prediction_features_pipeline.py
[2025-12-31T11:55:39.694+0000] {processor.py:840} INFO - DAG(s) 'match_features_pipeline' retrieved from /opt/airflow/dags/prediction_features_pipeline.py
[2025-12-31T11:55:39.735+0000] {logging_mixin.py:188} INFO - [2025-12-31T11:55:39.735+0000] {dag.py:3036} INFO - Sync 1 DAGs
[2025-12-31T11:55:39.775+0000] {logging_mixin.py:188} INFO - [2025-12-31T11:55:39.774+0000] {dag.py:3823} INFO - Setting next_dagrun for match_features_pipeline to 2025-12-30 00:00:00+00:00, run_after=2025-12-31 00:00:00+00:00
[2025-12-31T11:55:39.835+0000] {processor.py:183} INFO - Processing /opt/airflow/dags/prediction_features_pipeline.py took 0.193 seconds
[2025-12-31T11:56:10.357+0000] {processor.py:161} INFO - Started process (PID=14808) to work on /opt/airflow/dags/prediction_features_pipeline.py
[2025-12-31T11:56:10.360+0000] {processor.py:830} INFO - Processing file /opt/airflow/dags/prediction_features_pipeline.py for tasks to queue
[2025-12-31T11:56:10.362+0000] {logging_mixin.py:188} INFO - [2025-12-31T11:56:10.361+0000] {dagbag.py:538} INFO - Filling up the DagBag from /opt/airflow/dags/prediction_features_pipeline.py
[2025-12-31T11:56:10.402+0000] {processor.py:840} INFO - DAG(s) 'match_features_pipeline' retrieved from /opt/airflow/dags/prediction_features_pipeline.py
[2025-12-31T11:56:10.445+0000] {logging_mixin.py:188} INFO - [2025-12-31T11:56:10.445+0000] {dag.py:3036} INFO - Sync 1 DAGs
[2025-12-31T11:56:10.491+0000] {logging_mixin.py:188} INFO - [2025-12-31T11:56:10.491+0000] {dag.py:3823} INFO - Setting next_dagrun for match_features_pipeline to 2025-12-30 00:00:00+00:00, run_after=2025-12-31 00:00:00+00:00
[2025-12-31T11:56:10.552+0000] {processor.py:183} INFO - Processing /opt/airflow/dags/prediction_features_pipeline.py took 0.202 seconds
[2025-12-31T11:56:41.023+0000] {processor.py:161} INFO - Started process (PID=14828) to work on /opt/airflow/dags/prediction_features_pipeline.py
[2025-12-31T11:56:41.025+0000] {processor.py:830} INFO - Processing file /opt/airflow/dags/prediction_features_pipeline.py for tasks to queue
[2025-12-31T11:56:41.027+0000] {logging_mixin.py:188} INFO - [2025-12-31T11:56:41.026+0000] {dagbag.py:538} INFO - Filling up the DagBag from /opt/airflow/dags/prediction_features_pipeline.py
[2025-12-31T11:56:41.070+0000] {processor.py:840} INFO - DAG(s) 'match_features_pipeline' retrieved from /opt/airflow/dags/prediction_features_pipeline.py
[2025-12-31T11:56:41.112+0000] {logging_mixin.py:188} INFO - [2025-12-31T11:56:41.112+0000] {dag.py:3036} INFO - Sync 1 DAGs
[2025-12-31T11:56:41.153+0000] {logging_mixin.py:188} INFO - [2025-12-31T11:56:41.153+0000] {dag.py:3823} INFO - Setting next_dagrun for match_features_pipeline to 2025-12-30 00:00:00+00:00, run_after=2025-12-31 00:00:00+00:00
[2025-12-31T11:56:41.213+0000] {processor.py:183} INFO - Processing /opt/airflow/dags/prediction_features_pipeline.py took 0.196 seconds
[2025-12-31T11:57:11.976+0000] {processor.py:161} INFO - Started process (PID=14848) to work on /opt/airflow/dags/prediction_features_pipeline.py
[2025-12-31T11:57:11.980+0000] {processor.py:830} INFO - Processing file /opt/airflow/dags/prediction_features_pipeline.py for tasks to queue
[2025-12-31T11:57:11.982+0000] {logging_mixin.py:188} INFO - [2025-12-31T11:57:11.982+0000] {dagbag.py:538} INFO - Filling up the DagBag from /opt/airflow/dags/prediction_features_pipeline.py
[2025-12-31T11:57:12.035+0000] {processor.py:840} INFO - DAG(s) 'match_features_pipeline' retrieved from /opt/airflow/dags/prediction_features_pipeline.py
[2025-12-31T11:57:12.097+0000] {logging_mixin.py:188} INFO - [2025-12-31T11:57:12.096+0000] {dag.py:3036} INFO - Sync 1 DAGs
[2025-12-31T11:57:12.147+0000] {logging_mixin.py:188} INFO - [2025-12-31T11:57:12.146+0000] {dag.py:3823} INFO - Setting next_dagrun for match_features_pipeline to 2025-12-30 00:00:00+00:00, run_after=2025-12-31 00:00:00+00:00
[2025-12-31T11:57:12.216+0000] {processor.py:183} INFO - Processing /opt/airflow/dags/prediction_features_pipeline.py took 0.249 seconds
[2025-12-31T11:57:43.072+0000] {processor.py:161} INFO - Started process (PID=14868) to work on /opt/airflow/dags/prediction_features_pipeline.py
[2025-12-31T11:57:43.075+0000] {processor.py:830} INFO - Processing file /opt/airflow/dags/prediction_features_pipeline.py for tasks to queue
[2025-12-31T11:57:43.079+0000] {logging_mixin.py:188} INFO - [2025-12-31T11:57:43.078+0000] {dagbag.py:538} INFO - Filling up the DagBag from /opt/airflow/dags/prediction_features_pipeline.py
[2025-12-31T11:57:43.123+0000] {processor.py:840} INFO - DAG(s) 'match_features_pipeline' retrieved from /opt/airflow/dags/prediction_features_pipeline.py
[2025-12-31T11:57:43.183+0000] {logging_mixin.py:188} INFO - [2025-12-31T11:57:43.182+0000] {dag.py:3036} INFO - Sync 1 DAGs
[2025-12-31T11:57:43.254+0000] {logging_mixin.py:188} INFO - [2025-12-31T11:57:43.254+0000] {dag.py:3823} INFO - Setting next_dagrun for match_features_pipeline to 2025-12-30 00:00:00+00:00, run_after=2025-12-31 00:00:00+00:00
[2025-12-31T11:57:43.296+0000] {processor.py:183} INFO - Processing /opt/airflow/dags/prediction_features_pipeline.py took 0.231 seconds
[2025-12-31T11:58:14.241+0000] {processor.py:161} INFO - Started process (PID=14888) to work on /opt/airflow/dags/prediction_features_pipeline.py
[2025-12-31T11:58:14.244+0000] {processor.py:830} INFO - Processing file /opt/airflow/dags/prediction_features_pipeline.py for tasks to queue
[2025-12-31T11:58:14.248+0000] {logging_mixin.py:188} INFO - [2025-12-31T11:58:14.247+0000] {dagbag.py:538} INFO - Filling up the DagBag from /opt/airflow/dags/prediction_features_pipeline.py
[2025-12-31T11:58:14.297+0000] {processor.py:840} INFO - DAG(s) 'match_features_pipeline' retrieved from /opt/airflow/dags/prediction_features_pipeline.py
[2025-12-31T11:58:14.340+0000] {logging_mixin.py:188} INFO - [2025-12-31T11:58:14.340+0000] {dag.py:3036} INFO - Sync 1 DAGs
[2025-12-31T11:58:14.386+0000] {logging_mixin.py:188} INFO - [2025-12-31T11:58:14.385+0000] {dag.py:3823} INFO - Setting next_dagrun for match_features_pipeline to 2025-12-30 00:00:00+00:00, run_after=2025-12-31 00:00:00+00:00
[2025-12-31T11:58:14.450+0000] {processor.py:183} INFO - Processing /opt/airflow/dags/prediction_features_pipeline.py took 0.220 seconds
[2025-12-31T11:58:45.405+0000] {processor.py:161} INFO - Started process (PID=14908) to work on /opt/airflow/dags/prediction_features_pipeline.py
[2025-12-31T11:58:45.408+0000] {processor.py:830} INFO - Processing file /opt/airflow/dags/prediction_features_pipeline.py for tasks to queue
[2025-12-31T11:58:45.410+0000] {logging_mixin.py:188} INFO - [2025-12-31T11:58:45.410+0000] {dagbag.py:538} INFO - Filling up the DagBag from /opt/airflow/dags/prediction_features_pipeline.py
[2025-12-31T11:58:45.453+0000] {processor.py:840} INFO - DAG(s) 'match_features_pipeline' retrieved from /opt/airflow/dags/prediction_features_pipeline.py
[2025-12-31T11:58:45.506+0000] {logging_mixin.py:188} INFO - [2025-12-31T11:58:45.504+0000] {dag.py:3036} INFO - Sync 1 DAGs
[2025-12-31T11:58:45.552+0000] {logging_mixin.py:188} INFO - [2025-12-31T11:58:45.552+0000] {dag.py:3823} INFO - Setting next_dagrun for match_features_pipeline to 2025-12-30 00:00:00+00:00, run_after=2025-12-31 00:00:00+00:00
[2025-12-31T11:58:45.589+0000] {processor.py:183} INFO - Processing /opt/airflow/dags/prediction_features_pipeline.py took 0.198 seconds
[2025-12-31T11:59:16.455+0000] {processor.py:161} INFO - Started process (PID=14928) to work on /opt/airflow/dags/prediction_features_pipeline.py
[2025-12-31T11:59:16.457+0000] {processor.py:830} INFO - Processing file /opt/airflow/dags/prediction_features_pipeline.py for tasks to queue
[2025-12-31T11:59:16.460+0000] {logging_mixin.py:188} INFO - [2025-12-31T11:59:16.458+0000] {dagbag.py:538} INFO - Filling up the DagBag from /opt/airflow/dags/prediction_features_pipeline.py
[2025-12-31T11:59:16.509+0000] {processor.py:840} INFO - DAG(s) 'match_features_pipeline' retrieved from /opt/airflow/dags/prediction_features_pipeline.py
[2025-12-31T11:59:16.563+0000] {logging_mixin.py:188} INFO - [2025-12-31T11:59:16.563+0000] {dag.py:3036} INFO - Sync 1 DAGs
[2025-12-31T11:59:16.606+0000] {logging_mixin.py:188} INFO - [2025-12-31T11:59:16.605+0000] {dag.py:3823} INFO - Setting next_dagrun for match_features_pipeline to 2025-12-30 00:00:00+00:00, run_after=2025-12-31 00:00:00+00:00
[2025-12-31T11:59:16.640+0000] {processor.py:183} INFO - Processing /opt/airflow/dags/prediction_features_pipeline.py took 0.191 seconds
[2025-12-31T11:59:47.577+0000] {processor.py:161} INFO - Started process (PID=14948) to work on /opt/airflow/dags/prediction_features_pipeline.py
[2025-12-31T11:59:47.582+0000] {processor.py:830} INFO - Processing file /opt/airflow/dags/prediction_features_pipeline.py for tasks to queue
[2025-12-31T11:59:47.585+0000] {logging_mixin.py:188} INFO - [2025-12-31T11:59:47.584+0000] {dagbag.py:538} INFO - Filling up the DagBag from /opt/airflow/dags/prediction_features_pipeline.py
[2025-12-31T11:59:47.638+0000] {processor.py:840} INFO - DAG(s) 'match_features_pipeline' retrieved from /opt/airflow/dags/prediction_features_pipeline.py
[2025-12-31T11:59:47.699+0000] {logging_mixin.py:188} INFO - [2025-12-31T11:59:47.699+0000] {dag.py:3036} INFO - Sync 1 DAGs
[2025-12-31T11:59:47.764+0000] {logging_mixin.py:188} INFO - [2025-12-31T11:59:47.763+0000] {dag.py:3823} INFO - Setting next_dagrun for match_features_pipeline to 2025-12-30 00:00:00+00:00, run_after=2025-12-31 00:00:00+00:00
[2025-12-31T11:59:47.800+0000] {processor.py:183} INFO - Processing /opt/airflow/dags/prediction_features_pipeline.py took 0.236 seconds
[2025-12-31T12:00:18.572+0000] {processor.py:161} INFO - Started process (PID=14968) to work on /opt/airflow/dags/prediction_features_pipeline.py
[2025-12-31T12:00:18.574+0000] {processor.py:830} INFO - Processing file /opt/airflow/dags/prediction_features_pipeline.py for tasks to queue
[2025-12-31T12:00:18.576+0000] {logging_mixin.py:188} INFO - [2025-12-31T12:00:18.576+0000] {dagbag.py:538} INFO - Filling up the DagBag from /opt/airflow/dags/prediction_features_pipeline.py
[2025-12-31T12:00:18.619+0000] {processor.py:840} INFO - DAG(s) 'match_features_pipeline' retrieved from /opt/airflow/dags/prediction_features_pipeline.py
[2025-12-31T12:00:18.660+0000] {logging_mixin.py:188} INFO - [2025-12-31T12:00:18.659+0000] {dag.py:3036} INFO - Sync 1 DAGs
[2025-12-31T12:00:18.699+0000] {logging_mixin.py:188} INFO - [2025-12-31T12:00:18.699+0000] {dag.py:3823} INFO - Setting next_dagrun for match_features_pipeline to 2025-12-30 00:00:00+00:00, run_after=2025-12-31 00:00:00+00:00
[2025-12-31T12:00:18.763+0000] {processor.py:183} INFO - Processing /opt/airflow/dags/prediction_features_pipeline.py took 0.200 seconds
[2025-12-31T12:00:49.541+0000] {processor.py:161} INFO - Started process (PID=14988) to work on /opt/airflow/dags/prediction_features_pipeline.py
[2025-12-31T12:00:49.544+0000] {processor.py:830} INFO - Processing file /opt/airflow/dags/prediction_features_pipeline.py for tasks to queue
[2025-12-31T12:00:49.546+0000] {logging_mixin.py:188} INFO - [2025-12-31T12:00:49.545+0000] {dagbag.py:538} INFO - Filling up the DagBag from /opt/airflow/dags/prediction_features_pipeline.py
[2025-12-31T12:00:49.607+0000] {processor.py:840} INFO - DAG(s) 'match_features_pipeline' retrieved from /opt/airflow/dags/prediction_features_pipeline.py
[2025-12-31T12:00:49.668+0000] {logging_mixin.py:188} INFO - [2025-12-31T12:00:49.667+0000] {dag.py:3036} INFO - Sync 1 DAGs
[2025-12-31T12:00:49.724+0000] {logging_mixin.py:188} INFO - [2025-12-31T12:00:49.724+0000] {dag.py:3823} INFO - Setting next_dagrun for match_features_pipeline to 2025-12-30 00:00:00+00:00, run_after=2025-12-31 00:00:00+00:00
[2025-12-31T12:00:49.795+0000] {processor.py:183} INFO - Processing /opt/airflow/dags/prediction_features_pipeline.py took 0.262 seconds
[2025-12-31T12:01:20.776+0000] {processor.py:161} INFO - Started process (PID=15008) to work on /opt/airflow/dags/prediction_features_pipeline.py
[2025-12-31T12:01:20.778+0000] {processor.py:830} INFO - Processing file /opt/airflow/dags/prediction_features_pipeline.py for tasks to queue
[2025-12-31T12:01:20.780+0000] {logging_mixin.py:188} INFO - [2025-12-31T12:01:20.780+0000] {dagbag.py:538} INFO - Filling up the DagBag from /opt/airflow/dags/prediction_features_pipeline.py
[2025-12-31T12:01:20.818+0000] {processor.py:840} INFO - DAG(s) 'match_features_pipeline' retrieved from /opt/airflow/dags/prediction_features_pipeline.py
[2025-12-31T12:01:20.859+0000] {logging_mixin.py:188} INFO - [2025-12-31T12:01:20.858+0000] {dag.py:3036} INFO - Sync 1 DAGs
[2025-12-31T12:01:20.900+0000] {logging_mixin.py:188} INFO - [2025-12-31T12:01:20.900+0000] {dag.py:3823} INFO - Setting next_dagrun for match_features_pipeline to 2025-12-30 00:00:00+00:00, run_after=2025-12-31 00:00:00+00:00
[2025-12-31T12:01:20.949+0000] {processor.py:183} INFO - Processing /opt/airflow/dags/prediction_features_pipeline.py took 0.180 seconds
[2025-12-31T12:01:51.825+0000] {processor.py:161} INFO - Started process (PID=15028) to work on /opt/airflow/dags/prediction_features_pipeline.py
[2025-12-31T12:01:51.827+0000] {processor.py:830} INFO - Processing file /opt/airflow/dags/prediction_features_pipeline.py for tasks to queue
[2025-12-31T12:01:51.828+0000] {logging_mixin.py:188} INFO - [2025-12-31T12:01:51.828+0000] {dagbag.py:538} INFO - Filling up the DagBag from /opt/airflow/dags/prediction_features_pipeline.py
[2025-12-31T12:01:51.893+0000] {processor.py:840} INFO - DAG(s) 'match_features_pipeline' retrieved from /opt/airflow/dags/prediction_features_pipeline.py
[2025-12-31T12:01:51.948+0000] {logging_mixin.py:188} INFO - [2025-12-31T12:01:51.948+0000] {dag.py:3036} INFO - Sync 1 DAGs
[2025-12-31T12:01:51.993+0000] {logging_mixin.py:188} INFO - [2025-12-31T12:01:51.993+0000] {dag.py:3823} INFO - Setting next_dagrun for match_features_pipeline to 2025-12-30 00:00:00+00:00, run_after=2025-12-31 00:00:00+00:00
[2025-12-31T12:01:52.053+0000] {processor.py:183} INFO - Processing /opt/airflow/dags/prediction_features_pipeline.py took 0.235 seconds
[2025-12-31T12:02:22.885+0000] {processor.py:161} INFO - Started process (PID=15048) to work on /opt/airflow/dags/prediction_features_pipeline.py
[2025-12-31T12:02:22.888+0000] {processor.py:830} INFO - Processing file /opt/airflow/dags/prediction_features_pipeline.py for tasks to queue
[2025-12-31T12:02:22.890+0000] {logging_mixin.py:188} INFO - [2025-12-31T12:02:22.889+0000] {dagbag.py:538} INFO - Filling up the DagBag from /opt/airflow/dags/prediction_features_pipeline.py
[2025-12-31T12:02:22.926+0000] {processor.py:840} INFO - DAG(s) 'match_features_pipeline' retrieved from /opt/airflow/dags/prediction_features_pipeline.py
[2025-12-31T12:02:22.969+0000] {logging_mixin.py:188} INFO - [2025-12-31T12:02:22.969+0000] {dag.py:3036} INFO - Sync 1 DAGs
[2025-12-31T12:02:23.018+0000] {logging_mixin.py:188} INFO - [2025-12-31T12:02:23.017+0000] {dag.py:3823} INFO - Setting next_dagrun for match_features_pipeline to 2025-12-30 00:00:00+00:00, run_after=2025-12-31 00:00:00+00:00
[2025-12-31T12:02:23.067+0000] {processor.py:183} INFO - Processing /opt/airflow/dags/prediction_features_pipeline.py took 0.189 seconds
[2025-12-31T12:02:53.998+0000] {processor.py:161} INFO - Started process (PID=15068) to work on /opt/airflow/dags/prediction_features_pipeline.py
[2025-12-31T12:02:54.000+0000] {processor.py:830} INFO - Processing file /opt/airflow/dags/prediction_features_pipeline.py for tasks to queue
[2025-12-31T12:02:54.002+0000] {logging_mixin.py:188} INFO - [2025-12-31T12:02:54.001+0000] {dagbag.py:538} INFO - Filling up the DagBag from /opt/airflow/dags/prediction_features_pipeline.py
[2025-12-31T12:02:54.066+0000] {processor.py:840} INFO - DAG(s) 'match_features_pipeline' retrieved from /opt/airflow/dags/prediction_features_pipeline.py
[2025-12-31T12:02:54.114+0000] {logging_mixin.py:188} INFO - [2025-12-31T12:02:54.114+0000] {dag.py:3036} INFO - Sync 1 DAGs
[2025-12-31T12:02:54.156+0000] {logging_mixin.py:188} INFO - [2025-12-31T12:02:54.155+0000] {dag.py:3823} INFO - Setting next_dagrun for match_features_pipeline to 2025-12-30 00:00:00+00:00, run_after=2025-12-31 00:00:00+00:00
[2025-12-31T12:02:54.195+0000] {processor.py:183} INFO - Processing /opt/airflow/dags/prediction_features_pipeline.py took 0.204 seconds
[2025-12-31T12:03:25.083+0000] {processor.py:161} INFO - Started process (PID=15088) to work on /opt/airflow/dags/prediction_features_pipeline.py
[2025-12-31T12:03:25.089+0000] {processor.py:830} INFO - Processing file /opt/airflow/dags/prediction_features_pipeline.py for tasks to queue
[2025-12-31T12:03:25.092+0000] {logging_mixin.py:188} INFO - [2025-12-31T12:03:25.091+0000] {dagbag.py:538} INFO - Filling up the DagBag from /opt/airflow/dags/prediction_features_pipeline.py
[2025-12-31T12:03:25.140+0000] {processor.py:840} INFO - DAG(s) 'match_features_pipeline' retrieved from /opt/airflow/dags/prediction_features_pipeline.py
[2025-12-31T12:03:25.182+0000] {logging_mixin.py:188} INFO - [2025-12-31T12:03:25.182+0000] {dag.py:3036} INFO - Sync 1 DAGs
[2025-12-31T12:03:25.225+0000] {logging_mixin.py:188} INFO - [2025-12-31T12:03:25.225+0000] {dag.py:3823} INFO - Setting next_dagrun for match_features_pipeline to 2025-12-30 00:00:00+00:00, run_after=2025-12-31 00:00:00+00:00
[2025-12-31T12:03:25.285+0000] {processor.py:183} INFO - Processing /opt/airflow/dags/prediction_features_pipeline.py took 0.216 seconds
[2025-12-31T12:03:56.110+0000] {processor.py:161} INFO - Started process (PID=15108) to work on /opt/airflow/dags/prediction_features_pipeline.py
[2025-12-31T12:03:56.113+0000] {processor.py:830} INFO - Processing file /opt/airflow/dags/prediction_features_pipeline.py for tasks to queue
[2025-12-31T12:03:56.115+0000] {logging_mixin.py:188} INFO - [2025-12-31T12:03:56.114+0000] {dagbag.py:538} INFO - Filling up the DagBag from /opt/airflow/dags/prediction_features_pipeline.py
[2025-12-31T12:03:56.170+0000] {processor.py:840} INFO - DAG(s) 'match_features_pipeline' retrieved from /opt/airflow/dags/prediction_features_pipeline.py
[2025-12-31T12:03:56.223+0000] {logging_mixin.py:188} INFO - [2025-12-31T12:03:56.222+0000] {dag.py:3036} INFO - Sync 1 DAGs
[2025-12-31T12:03:56.268+0000] {logging_mixin.py:188} INFO - [2025-12-31T12:03:56.267+0000] {dag.py:3823} INFO - Setting next_dagrun for match_features_pipeline to 2025-12-30 00:00:00+00:00, run_after=2025-12-31 00:00:00+00:00
[2025-12-31T12:03:56.342+0000] {processor.py:183} INFO - Processing /opt/airflow/dags/prediction_features_pipeline.py took 0.237 seconds
[2025-12-31T12:04:27.154+0000] {processor.py:161} INFO - Started process (PID=15128) to work on /opt/airflow/dags/prediction_features_pipeline.py
[2025-12-31T12:04:27.158+0000] {processor.py:830} INFO - Processing file /opt/airflow/dags/prediction_features_pipeline.py for tasks to queue
[2025-12-31T12:04:27.182+0000] {logging_mixin.py:188} INFO - [2025-12-31T12:04:27.181+0000] {dagbag.py:538} INFO - Filling up the DagBag from /opt/airflow/dags/prediction_features_pipeline.py
[2025-12-31T12:04:27.248+0000] {processor.py:840} INFO - DAG(s) 'match_features_pipeline' retrieved from /opt/airflow/dags/prediction_features_pipeline.py
[2025-12-31T12:04:27.290+0000] {logging_mixin.py:188} INFO - [2025-12-31T12:04:27.290+0000] {dag.py:3036} INFO - Sync 1 DAGs
[2025-12-31T12:04:27.339+0000] {logging_mixin.py:188} INFO - [2025-12-31T12:04:27.339+0000] {dag.py:3823} INFO - Setting next_dagrun for match_features_pipeline to 2025-12-30 00:00:00+00:00, run_after=2025-12-31 00:00:00+00:00
[2025-12-31T12:04:27.388+0000] {processor.py:183} INFO - Processing /opt/airflow/dags/prediction_features_pipeline.py took 0.247 seconds
[2025-12-31T12:04:58.259+0000] {processor.py:161} INFO - Started process (PID=15148) to work on /opt/airflow/dags/prediction_features_pipeline.py
[2025-12-31T12:04:58.264+0000] {processor.py:830} INFO - Processing file /opt/airflow/dags/prediction_features_pipeline.py for tasks to queue
[2025-12-31T12:04:58.268+0000] {logging_mixin.py:188} INFO - [2025-12-31T12:04:58.268+0000] {dagbag.py:538} INFO - Filling up the DagBag from /opt/airflow/dags/prediction_features_pipeline.py
[2025-12-31T12:04:58.313+0000] {processor.py:840} INFO - DAG(s) 'match_features_pipeline' retrieved from /opt/airflow/dags/prediction_features_pipeline.py
[2025-12-31T12:04:58.359+0000] {logging_mixin.py:188} INFO - [2025-12-31T12:04:58.358+0000] {dag.py:3036} INFO - Sync 1 DAGs
[2025-12-31T12:04:58.401+0000] {logging_mixin.py:188} INFO - [2025-12-31T12:04:58.400+0000] {dag.py:3823} INFO - Setting next_dagrun for match_features_pipeline to 2025-12-30 00:00:00+00:00, run_after=2025-12-31 00:00:00+00:00
[2025-12-31T12:04:58.449+0000] {processor.py:183} INFO - Processing /opt/airflow/dags/prediction_features_pipeline.py took 0.206 seconds
[2025-12-31T12:05:29.411+0000] {processor.py:161} INFO - Started process (PID=15168) to work on /opt/airflow/dags/prediction_features_pipeline.py
[2025-12-31T12:05:29.414+0000] {processor.py:830} INFO - Processing file /opt/airflow/dags/prediction_features_pipeline.py for tasks to queue
[2025-12-31T12:05:29.417+0000] {logging_mixin.py:188} INFO - [2025-12-31T12:05:29.416+0000] {dagbag.py:538} INFO - Filling up the DagBag from /opt/airflow/dags/prediction_features_pipeline.py
[2025-12-31T12:05:29.468+0000] {processor.py:840} INFO - DAG(s) 'match_features_pipeline' retrieved from /opt/airflow/dags/prediction_features_pipeline.py
[2025-12-31T12:05:29.514+0000] {logging_mixin.py:188} INFO - [2025-12-31T12:05:29.514+0000] {dag.py:3036} INFO - Sync 1 DAGs
[2025-12-31T12:05:29.568+0000] {logging_mixin.py:188} INFO - [2025-12-31T12:05:29.567+0000] {dag.py:3823} INFO - Setting next_dagrun for match_features_pipeline to 2025-12-30 00:00:00+00:00, run_after=2025-12-31 00:00:00+00:00
[2025-12-31T12:05:29.618+0000] {processor.py:183} INFO - Processing /opt/airflow/dags/prediction_features_pipeline.py took 0.213 seconds
[2025-12-31T12:06:00.664+0000] {processor.py:161} INFO - Started process (PID=15188) to work on /opt/airflow/dags/prediction_features_pipeline.py
[2025-12-31T12:06:00.666+0000] {processor.py:830} INFO - Processing file /opt/airflow/dags/prediction_features_pipeline.py for tasks to queue
[2025-12-31T12:06:00.668+0000] {logging_mixin.py:188} INFO - [2025-12-31T12:06:00.667+0000] {dagbag.py:538} INFO - Filling up the DagBag from /opt/airflow/dags/prediction_features_pipeline.py
[2025-12-31T12:06:00.720+0000] {processor.py:840} INFO - DAG(s) 'match_features_pipeline' retrieved from /opt/airflow/dags/prediction_features_pipeline.py
[2025-12-31T12:06:00.767+0000] {logging_mixin.py:188} INFO - [2025-12-31T12:06:00.767+0000] {dag.py:3036} INFO - Sync 1 DAGs
[2025-12-31T12:06:00.806+0000] {logging_mixin.py:188} INFO - [2025-12-31T12:06:00.806+0000] {dag.py:3823} INFO - Setting next_dagrun for match_features_pipeline to 2025-12-30 00:00:00+00:00, run_after=2025-12-31 00:00:00+00:00
[2025-12-31T12:06:00.855+0000] {processor.py:183} INFO - Processing /opt/airflow/dags/prediction_features_pipeline.py took 0.197 seconds
[2025-12-31T12:06:31.660+0000] {processor.py:161} INFO - Started process (PID=15208) to work on /opt/airflow/dags/prediction_features_pipeline.py
[2025-12-31T12:06:31.663+0000] {processor.py:830} INFO - Processing file /opt/airflow/dags/prediction_features_pipeline.py for tasks to queue
[2025-12-31T12:06:31.664+0000] {logging_mixin.py:188} INFO - [2025-12-31T12:06:31.664+0000] {dagbag.py:538} INFO - Filling up the DagBag from /opt/airflow/dags/prediction_features_pipeline.py
[2025-12-31T12:06:31.730+0000] {processor.py:840} INFO - DAG(s) 'match_features_pipeline' retrieved from /opt/airflow/dags/prediction_features_pipeline.py
[2025-12-31T12:06:31.789+0000] {logging_mixin.py:188} INFO - [2025-12-31T12:06:31.788+0000] {dag.py:3036} INFO - Sync 1 DAGs
[2025-12-31T12:06:31.848+0000] {logging_mixin.py:188} INFO - [2025-12-31T12:06:31.847+0000] {dag.py:3823} INFO - Setting next_dagrun for match_features_pipeline to 2025-12-30 00:00:00+00:00, run_after=2025-12-31 00:00:00+00:00
[2025-12-31T12:06:31.902+0000] {processor.py:183} INFO - Processing /opt/airflow/dags/prediction_features_pipeline.py took 0.251 seconds
[2025-12-31T12:07:02.405+0000] {processor.py:161} INFO - Started process (PID=15230) to work on /opt/airflow/dags/prediction_features_pipeline.py
[2025-12-31T12:07:02.408+0000] {processor.py:830} INFO - Processing file /opt/airflow/dags/prediction_features_pipeline.py for tasks to queue
[2025-12-31T12:07:02.410+0000] {logging_mixin.py:188} INFO - [2025-12-31T12:07:02.409+0000] {dagbag.py:538} INFO - Filling up the DagBag from /opt/airflow/dags/prediction_features_pipeline.py
[2025-12-31T12:07:02.451+0000] {processor.py:840} INFO - DAG(s) 'match_features_pipeline' retrieved from /opt/airflow/dags/prediction_features_pipeline.py
[2025-12-31T12:07:02.498+0000] {logging_mixin.py:188} INFO - [2025-12-31T12:07:02.498+0000] {dag.py:3036} INFO - Sync 1 DAGs
[2025-12-31T12:07:02.554+0000] {logging_mixin.py:188} INFO - [2025-12-31T12:07:02.554+0000] {dag.py:3823} INFO - Setting next_dagrun for match_features_pipeline to 2025-12-30 00:00:00+00:00, run_after=2025-12-31 00:00:00+00:00
[2025-12-31T12:07:02.592+0000] {processor.py:183} INFO - Processing /opt/airflow/dags/prediction_features_pipeline.py took 0.196 seconds
[2025-12-31T12:07:33.230+0000] {processor.py:161} INFO - Started process (PID=15248) to work on /opt/airflow/dags/prediction_features_pipeline.py
[2025-12-31T12:07:33.232+0000] {processor.py:830} INFO - Processing file /opt/airflow/dags/prediction_features_pipeline.py for tasks to queue
[2025-12-31T12:07:33.235+0000] {logging_mixin.py:188} INFO - [2025-12-31T12:07:33.234+0000] {dagbag.py:538} INFO - Filling up the DagBag from /opt/airflow/dags/prediction_features_pipeline.py
[2025-12-31T12:07:33.280+0000] {processor.py:840} INFO - DAG(s) 'match_features_pipeline' retrieved from /opt/airflow/dags/prediction_features_pipeline.py
[2025-12-31T12:07:33.328+0000] {logging_mixin.py:188} INFO - [2025-12-31T12:07:33.328+0000] {dag.py:3036} INFO - Sync 1 DAGs
[2025-12-31T12:07:33.378+0000] {logging_mixin.py:188} INFO - [2025-12-31T12:07:33.378+0000] {dag.py:3823} INFO - Setting next_dagrun for match_features_pipeline to 2025-12-30 00:00:00+00:00, run_after=2025-12-31 00:00:00+00:00
[2025-12-31T12:07:33.433+0000] {processor.py:183} INFO - Processing /opt/airflow/dags/prediction_features_pipeline.py took 0.213 seconds
[2025-12-31T12:08:04.230+0000] {processor.py:161} INFO - Started process (PID=15268) to work on /opt/airflow/dags/prediction_features_pipeline.py
[2025-12-31T12:08:04.233+0000] {processor.py:830} INFO - Processing file /opt/airflow/dags/prediction_features_pipeline.py for tasks to queue
[2025-12-31T12:08:04.235+0000] {logging_mixin.py:188} INFO - [2025-12-31T12:08:04.234+0000] {dagbag.py:538} INFO - Filling up the DagBag from /opt/airflow/dags/prediction_features_pipeline.py
[2025-12-31T12:08:04.269+0000] {processor.py:840} INFO - DAG(s) 'match_features_pipeline' retrieved from /opt/airflow/dags/prediction_features_pipeline.py
[2025-12-31T12:08:04.301+0000] {logging_mixin.py:188} INFO - [2025-12-31T12:08:04.301+0000] {dag.py:3036} INFO - Sync 1 DAGs
[2025-12-31T12:08:04.335+0000] {logging_mixin.py:188} INFO - [2025-12-31T12:08:04.334+0000] {dag.py:3823} INFO - Setting next_dagrun for match_features_pipeline to 2025-12-30 00:00:00+00:00, run_after=2025-12-31 00:00:00+00:00
[2025-12-31T12:08:04.373+0000] {processor.py:183} INFO - Processing /opt/airflow/dags/prediction_features_pipeline.py took 0.152 seconds
[2025-12-31T12:08:35.177+0000] {processor.py:161} INFO - Started process (PID=15288) to work on /opt/airflow/dags/prediction_features_pipeline.py
[2025-12-31T12:08:35.181+0000] {processor.py:830} INFO - Processing file /opt/airflow/dags/prediction_features_pipeline.py for tasks to queue
[2025-12-31T12:08:35.184+0000] {logging_mixin.py:188} INFO - [2025-12-31T12:08:35.183+0000] {dagbag.py:538} INFO - Filling up the DagBag from /opt/airflow/dags/prediction_features_pipeline.py
[2025-12-31T12:08:35.226+0000] {processor.py:840} INFO - DAG(s) 'match_features_pipeline' retrieved from /opt/airflow/dags/prediction_features_pipeline.py
[2025-12-31T12:08:35.271+0000] {logging_mixin.py:188} INFO - [2025-12-31T12:08:35.270+0000] {dag.py:3036} INFO - Sync 1 DAGs
[2025-12-31T12:08:35.311+0000] {logging_mixin.py:188} INFO - [2025-12-31T12:08:35.310+0000] {dag.py:3823} INFO - Setting next_dagrun for match_features_pipeline to 2025-12-30 00:00:00+00:00, run_after=2025-12-31 00:00:00+00:00
[2025-12-31T12:08:35.379+0000] {processor.py:183} INFO - Processing /opt/airflow/dags/prediction_features_pipeline.py took 0.211 seconds
[2025-12-31T12:09:06.126+0000] {processor.py:161} INFO - Started process (PID=15308) to work on /opt/airflow/dags/prediction_features_pipeline.py
[2025-12-31T12:09:06.128+0000] {processor.py:830} INFO - Processing file /opt/airflow/dags/prediction_features_pipeline.py for tasks to queue
[2025-12-31T12:09:06.130+0000] {logging_mixin.py:188} INFO - [2025-12-31T12:09:06.129+0000] {dagbag.py:538} INFO - Filling up the DagBag from /opt/airflow/dags/prediction_features_pipeline.py
[2025-12-31T12:09:06.191+0000] {processor.py:840} INFO - DAG(s) 'match_features_pipeline' retrieved from /opt/airflow/dags/prediction_features_pipeline.py
[2025-12-31T12:09:06.235+0000] {logging_mixin.py:188} INFO - [2025-12-31T12:09:06.235+0000] {dag.py:3036} INFO - Sync 1 DAGs
[2025-12-31T12:09:06.280+0000] {logging_mixin.py:188} INFO - [2025-12-31T12:09:06.280+0000] {dag.py:3823} INFO - Setting next_dagrun for match_features_pipeline to 2025-12-30 00:00:00+00:00, run_after=2025-12-31 00:00:00+00:00
[2025-12-31T12:09:06.314+0000] {processor.py:183} INFO - Processing /opt/airflow/dags/prediction_features_pipeline.py took 0.193 seconds
[2025-12-31T12:09:37.034+0000] {processor.py:161} INFO - Started process (PID=15328) to work on /opt/airflow/dags/prediction_features_pipeline.py
[2025-12-31T12:09:37.036+0000] {processor.py:830} INFO - Processing file /opt/airflow/dags/prediction_features_pipeline.py for tasks to queue
[2025-12-31T12:09:37.038+0000] {logging_mixin.py:188} INFO - [2025-12-31T12:09:37.038+0000] {dagbag.py:538} INFO - Filling up the DagBag from /opt/airflow/dags/prediction_features_pipeline.py
[2025-12-31T12:09:37.080+0000] {processor.py:840} INFO - DAG(s) 'match_features_pipeline' retrieved from /opt/airflow/dags/prediction_features_pipeline.py
[2025-12-31T12:09:37.133+0000] {logging_mixin.py:188} INFO - [2025-12-31T12:09:37.132+0000] {dag.py:3036} INFO - Sync 1 DAGs
[2025-12-31T12:09:37.175+0000] {logging_mixin.py:188} INFO - [2025-12-31T12:09:37.174+0000] {dag.py:3823} INFO - Setting next_dagrun for match_features_pipeline to 2025-12-30 00:00:00+00:00, run_after=2025-12-31 00:00:00+00:00
[2025-12-31T12:09:37.230+0000] {processor.py:183} INFO - Processing /opt/airflow/dags/prediction_features_pipeline.py took 0.203 seconds
[2025-12-31T12:10:08.034+0000] {processor.py:161} INFO - Started process (PID=15348) to work on /opt/airflow/dags/prediction_features_pipeline.py
[2025-12-31T12:10:08.037+0000] {processor.py:830} INFO - Processing file /opt/airflow/dags/prediction_features_pipeline.py for tasks to queue
[2025-12-31T12:10:08.039+0000] {logging_mixin.py:188} INFO - [2025-12-31T12:10:08.038+0000] {dagbag.py:538} INFO - Filling up the DagBag from /opt/airflow/dags/prediction_features_pipeline.py
[2025-12-31T12:10:08.096+0000] {processor.py:840} INFO - DAG(s) 'match_features_pipeline' retrieved from /opt/airflow/dags/prediction_features_pipeline.py
[2025-12-31T12:10:08.165+0000] {logging_mixin.py:188} INFO - [2025-12-31T12:10:08.165+0000] {dag.py:3036} INFO - Sync 1 DAGs
[2025-12-31T12:10:08.206+0000] {logging_mixin.py:188} INFO - [2025-12-31T12:10:08.206+0000] {dag.py:3823} INFO - Setting next_dagrun for match_features_pipeline to 2025-12-30 00:00:00+00:00, run_after=2025-12-31 00:00:00+00:00
[2025-12-31T12:10:08.243+0000] {processor.py:183} INFO - Processing /opt/airflow/dags/prediction_features_pipeline.py took 0.216 seconds
[2025-12-31T12:10:39.067+0000] {processor.py:161} INFO - Started process (PID=15368) to work on /opt/airflow/dags/prediction_features_pipeline.py
[2025-12-31T12:10:39.071+0000] {processor.py:830} INFO - Processing file /opt/airflow/dags/prediction_features_pipeline.py for tasks to queue
[2025-12-31T12:10:39.074+0000] {logging_mixin.py:188} INFO - [2025-12-31T12:10:39.073+0000] {dagbag.py:538} INFO - Filling up the DagBag from /opt/airflow/dags/prediction_features_pipeline.py
[2025-12-31T12:10:39.118+0000] {processor.py:840} INFO - DAG(s) 'match_features_pipeline' retrieved from /opt/airflow/dags/prediction_features_pipeline.py
[2025-12-31T12:10:39.166+0000] {logging_mixin.py:188} INFO - [2025-12-31T12:10:39.165+0000] {dag.py:3036} INFO - Sync 1 DAGs
[2025-12-31T12:10:39.230+0000] {logging_mixin.py:188} INFO - [2025-12-31T12:10:39.229+0000] {dag.py:3823} INFO - Setting next_dagrun for match_features_pipeline to 2025-12-30 00:00:00+00:00, run_after=2025-12-31 00:00:00+00:00
[2025-12-31T12:10:39.287+0000] {processor.py:183} INFO - Processing /opt/airflow/dags/prediction_features_pipeline.py took 0.226 seconds
[2025-12-31T12:11:10.198+0000] {processor.py:161} INFO - Started process (PID=15388) to work on /opt/airflow/dags/prediction_features_pipeline.py
[2025-12-31T12:11:10.200+0000] {processor.py:830} INFO - Processing file /opt/airflow/dags/prediction_features_pipeline.py for tasks to queue
[2025-12-31T12:11:10.202+0000] {logging_mixin.py:188} INFO - [2025-12-31T12:11:10.202+0000] {dagbag.py:538} INFO - Filling up the DagBag from /opt/airflow/dags/prediction_features_pipeline.py
[2025-12-31T12:11:10.262+0000] {processor.py:840} INFO - DAG(s) 'match_features_pipeline' retrieved from /opt/airflow/dags/prediction_features_pipeline.py
[2025-12-31T12:11:10.327+0000] {logging_mixin.py:188} INFO - [2025-12-31T12:11:10.327+0000] {dag.py:3036} INFO - Sync 1 DAGs
[2025-12-31T12:11:10.373+0000] {logging_mixin.py:188} INFO - [2025-12-31T12:11:10.372+0000] {dag.py:3823} INFO - Setting next_dagrun for match_features_pipeline to 2025-12-30 00:00:00+00:00, run_after=2025-12-31 00:00:00+00:00
[2025-12-31T12:11:10.410+0000] {processor.py:183} INFO - Processing /opt/airflow/dags/prediction_features_pipeline.py took 0.220 seconds
[2025-12-31T12:11:41.195+0000] {processor.py:161} INFO - Started process (PID=15408) to work on /opt/airflow/dags/prediction_features_pipeline.py
[2025-12-31T12:11:41.198+0000] {processor.py:830} INFO - Processing file /opt/airflow/dags/prediction_features_pipeline.py for tasks to queue
[2025-12-31T12:11:41.200+0000] {logging_mixin.py:188} INFO - [2025-12-31T12:11:41.199+0000] {dagbag.py:538} INFO - Filling up the DagBag from /opt/airflow/dags/prediction_features_pipeline.py
[2025-12-31T12:11:41.237+0000] {processor.py:840} INFO - DAG(s) 'match_features_pipeline' retrieved from /opt/airflow/dags/prediction_features_pipeline.py
[2025-12-31T12:11:41.288+0000] {logging_mixin.py:188} INFO - [2025-12-31T12:11:41.286+0000] {dag.py:3036} INFO - Sync 1 DAGs
[2025-12-31T12:11:41.345+0000] {logging_mixin.py:188} INFO - [2025-12-31T12:11:41.344+0000] {dag.py:3823} INFO - Setting next_dagrun for match_features_pipeline to 2025-12-30 00:00:00+00:00, run_after=2025-12-31 00:00:00+00:00
[2025-12-31T12:11:41.398+0000] {processor.py:183} INFO - Processing /opt/airflow/dags/prediction_features_pipeline.py took 0.209 seconds
[2025-12-31T12:12:12.311+0000] {processor.py:161} INFO - Started process (PID=15428) to work on /opt/airflow/dags/prediction_features_pipeline.py
[2025-12-31T12:12:12.316+0000] {processor.py:830} INFO - Processing file /opt/airflow/dags/prediction_features_pipeline.py for tasks to queue
[2025-12-31T12:12:12.318+0000] {logging_mixin.py:188} INFO - [2025-12-31T12:12:12.317+0000] {dagbag.py:538} INFO - Filling up the DagBag from /opt/airflow/dags/prediction_features_pipeline.py
[2025-12-31T12:12:12.381+0000] {processor.py:840} INFO - DAG(s) 'match_features_pipeline' retrieved from /opt/airflow/dags/prediction_features_pipeline.py
[2025-12-31T12:12:12.440+0000] {logging_mixin.py:188} INFO - [2025-12-31T12:12:12.439+0000] {dag.py:3036} INFO - Sync 1 DAGs
[2025-12-31T12:12:12.490+0000] {logging_mixin.py:188} INFO - [2025-12-31T12:12:12.488+0000] {dag.py:3823} INFO - Setting next_dagrun for match_features_pipeline to 2025-12-30 00:00:00+00:00, run_after=2025-12-31 00:00:00+00:00
[2025-12-31T12:12:12.535+0000] {processor.py:183} INFO - Processing /opt/airflow/dags/prediction_features_pipeline.py took 0.232 seconds
[2025-12-31T12:12:43.389+0000] {processor.py:161} INFO - Started process (PID=15448) to work on /opt/airflow/dags/prediction_features_pipeline.py
[2025-12-31T12:12:43.392+0000] {processor.py:830} INFO - Processing file /opt/airflow/dags/prediction_features_pipeline.py for tasks to queue
[2025-12-31T12:12:43.395+0000] {logging_mixin.py:188} INFO - [2025-12-31T12:12:43.395+0000] {dagbag.py:538} INFO - Filling up the DagBag from /opt/airflow/dags/prediction_features_pipeline.py
[2025-12-31T12:12:43.442+0000] {processor.py:840} INFO - DAG(s) 'match_features_pipeline' retrieved from /opt/airflow/dags/prediction_features_pipeline.py
[2025-12-31T12:12:43.489+0000] {logging_mixin.py:188} INFO - [2025-12-31T12:12:43.489+0000] {dag.py:3036} INFO - Sync 1 DAGs
[2025-12-31T12:12:43.532+0000] {logging_mixin.py:188} INFO - [2025-12-31T12:12:43.531+0000] {dag.py:3823} INFO - Setting next_dagrun for match_features_pipeline to 2025-12-30 00:00:00+00:00, run_after=2025-12-31 00:00:00+00:00
[2025-12-31T12:12:43.574+0000] {processor.py:183} INFO - Processing /opt/airflow/dags/prediction_features_pipeline.py took 0.190 seconds
[2025-12-31T12:13:14.457+0000] {processor.py:161} INFO - Started process (PID=15468) to work on /opt/airflow/dags/prediction_features_pipeline.py
[2025-12-31T12:13:14.459+0000] {processor.py:830} INFO - Processing file /opt/airflow/dags/prediction_features_pipeline.py for tasks to queue
[2025-12-31T12:13:14.461+0000] {logging_mixin.py:188} INFO - [2025-12-31T12:13:14.461+0000] {dagbag.py:538} INFO - Filling up the DagBag from /opt/airflow/dags/prediction_features_pipeline.py
[2025-12-31T12:13:14.514+0000] {processor.py:840} INFO - DAG(s) 'match_features_pipeline' retrieved from /opt/airflow/dags/prediction_features_pipeline.py
[2025-12-31T12:13:14.584+0000] {logging_mixin.py:188} INFO - [2025-12-31T12:13:14.583+0000] {dag.py:3036} INFO - Sync 1 DAGs
[2025-12-31T12:13:14.636+0000] {logging_mixin.py:188} INFO - [2025-12-31T12:13:14.636+0000] {dag.py:3823} INFO - Setting next_dagrun for match_features_pipeline to 2025-12-30 00:00:00+00:00, run_after=2025-12-31 00:00:00+00:00
[2025-12-31T12:13:14.682+0000] {processor.py:183} INFO - Processing /opt/airflow/dags/prediction_features_pipeline.py took 0.237 seconds
[2025-12-31T12:13:45.563+0000] {processor.py:161} INFO - Started process (PID=15488) to work on /opt/airflow/dags/prediction_features_pipeline.py
[2025-12-31T12:13:45.566+0000] {processor.py:830} INFO - Processing file /opt/airflow/dags/prediction_features_pipeline.py for tasks to queue
[2025-12-31T12:13:45.569+0000] {logging_mixin.py:188} INFO - [2025-12-31T12:13:45.568+0000] {dagbag.py:538} INFO - Filling up the DagBag from /opt/airflow/dags/prediction_features_pipeline.py
[2025-12-31T12:13:45.614+0000] {processor.py:840} INFO - DAG(s) 'match_features_pipeline' retrieved from /opt/airflow/dags/prediction_features_pipeline.py
[2025-12-31T12:13:45.656+0000] {logging_mixin.py:188} INFO - [2025-12-31T12:13:45.655+0000] {dag.py:3036} INFO - Sync 1 DAGs
[2025-12-31T12:13:45.693+0000] {logging_mixin.py:188} INFO - [2025-12-31T12:13:45.693+0000] {dag.py:3823} INFO - Setting next_dagrun for match_features_pipeline to 2025-12-30 00:00:00+00:00, run_after=2025-12-31 00:00:00+00:00
[2025-12-31T12:13:45.731+0000] {processor.py:183} INFO - Processing /opt/airflow/dags/prediction_features_pipeline.py took 0.178 seconds
[2025-12-31T12:14:16.533+0000] {processor.py:161} INFO - Started process (PID=15508) to work on /opt/airflow/dags/prediction_features_pipeline.py
[2025-12-31T12:14:16.535+0000] {processor.py:830} INFO - Processing file /opt/airflow/dags/prediction_features_pipeline.py for tasks to queue
[2025-12-31T12:14:16.537+0000] {logging_mixin.py:188} INFO - [2025-12-31T12:14:16.536+0000] {dagbag.py:538} INFO - Filling up the DagBag from /opt/airflow/dags/prediction_features_pipeline.py
[2025-12-31T12:14:16.579+0000] {processor.py:840} INFO - DAG(s) 'match_features_pipeline' retrieved from /opt/airflow/dags/prediction_features_pipeline.py
[2025-12-31T12:14:16.625+0000] {logging_mixin.py:188} INFO - [2025-12-31T12:14:16.624+0000] {dag.py:3036} INFO - Sync 1 DAGs
[2025-12-31T12:14:16.666+0000] {logging_mixin.py:188} INFO - [2025-12-31T12:14:16.666+0000] {dag.py:3823} INFO - Setting next_dagrun for match_features_pipeline to 2025-12-30 00:00:00+00:00, run_after=2025-12-31 00:00:00+00:00
[2025-12-31T12:14:16.711+0000] {processor.py:183} INFO - Processing /opt/airflow/dags/prediction_features_pipeline.py took 0.184 seconds
[2025-12-31T12:14:47.454+0000] {processor.py:161} INFO - Started process (PID=15528) to work on /opt/airflow/dags/prediction_features_pipeline.py
[2025-12-31T12:14:47.457+0000] {processor.py:830} INFO - Processing file /opt/airflow/dags/prediction_features_pipeline.py for tasks to queue
[2025-12-31T12:14:47.459+0000] {logging_mixin.py:188} INFO - [2025-12-31T12:14:47.458+0000] {dagbag.py:538} INFO - Filling up the DagBag from /opt/airflow/dags/prediction_features_pipeline.py
[2025-12-31T12:14:47.502+0000] {processor.py:840} INFO - DAG(s) 'match_features_pipeline' retrieved from /opt/airflow/dags/prediction_features_pipeline.py
[2025-12-31T12:14:47.562+0000] {logging_mixin.py:188} INFO - [2025-12-31T12:14:47.561+0000] {dag.py:3036} INFO - Sync 1 DAGs
[2025-12-31T12:14:47.606+0000] {logging_mixin.py:188} INFO - [2025-12-31T12:14:47.606+0000] {dag.py:3823} INFO - Setting next_dagrun for match_features_pipeline to 2025-12-30 00:00:00+00:00, run_after=2025-12-31 00:00:00+00:00
[2025-12-31T12:14:47.641+0000] {processor.py:183} INFO - Processing /opt/airflow/dags/prediction_features_pipeline.py took 0.195 seconds
[2025-12-31T12:15:18.565+0000] {processor.py:161} INFO - Started process (PID=15548) to work on /opt/airflow/dags/prediction_features_pipeline.py
[2025-12-31T12:15:18.567+0000] {processor.py:830} INFO - Processing file /opt/airflow/dags/prediction_features_pipeline.py for tasks to queue
[2025-12-31T12:15:18.568+0000] {logging_mixin.py:188} INFO - [2025-12-31T12:15:18.568+0000] {dagbag.py:538} INFO - Filling up the DagBag from /opt/airflow/dags/prediction_features_pipeline.py
[2025-12-31T12:15:18.611+0000] {processor.py:840} INFO - DAG(s) 'match_features_pipeline' retrieved from /opt/airflow/dags/prediction_features_pipeline.py
[2025-12-31T12:15:18.654+0000] {logging_mixin.py:188} INFO - [2025-12-31T12:15:18.654+0000] {dag.py:3036} INFO - Sync 1 DAGs
[2025-12-31T12:15:18.711+0000] {logging_mixin.py:188} INFO - [2025-12-31T12:15:18.710+0000] {dag.py:3823} INFO - Setting next_dagrun for match_features_pipeline to 2025-12-30 00:00:00+00:00, run_after=2025-12-31 00:00:00+00:00
[2025-12-31T12:15:18.749+0000] {processor.py:183} INFO - Processing /opt/airflow/dags/prediction_features_pipeline.py took 0.191 seconds
[2025-12-31T12:15:49.648+0000] {processor.py:161} INFO - Started process (PID=15568) to work on /opt/airflow/dags/prediction_features_pipeline.py
[2025-12-31T12:15:49.650+0000] {processor.py:830} INFO - Processing file /opt/airflow/dags/prediction_features_pipeline.py for tasks to queue
[2025-12-31T12:15:49.652+0000] {logging_mixin.py:188} INFO - [2025-12-31T12:15:49.651+0000] {dagbag.py:538} INFO - Filling up the DagBag from /opt/airflow/dags/prediction_features_pipeline.py
[2025-12-31T12:15:49.712+0000] {processor.py:840} INFO - DAG(s) 'match_features_pipeline' retrieved from /opt/airflow/dags/prediction_features_pipeline.py
[2025-12-31T12:15:49.761+0000] {logging_mixin.py:188} INFO - [2025-12-31T12:15:49.760+0000] {dag.py:3036} INFO - Sync 1 DAGs
[2025-12-31T12:15:49.799+0000] {logging_mixin.py:188} INFO - [2025-12-31T12:15:49.798+0000] {dag.py:3823} INFO - Setting next_dagrun for match_features_pipeline to 2025-12-30 00:00:00+00:00, run_after=2025-12-31 00:00:00+00:00
[2025-12-31T12:15:49.833+0000] {processor.py:183} INFO - Processing /opt/airflow/dags/prediction_features_pipeline.py took 0.192 seconds
[2025-12-31T12:16:20.623+0000] {processor.py:161} INFO - Started process (PID=15588) to work on /opt/airflow/dags/prediction_features_pipeline.py
[2025-12-31T12:16:20.625+0000] {processor.py:830} INFO - Processing file /opt/airflow/dags/prediction_features_pipeline.py for tasks to queue
[2025-12-31T12:16:20.627+0000] {logging_mixin.py:188} INFO - [2025-12-31T12:16:20.626+0000] {dagbag.py:538} INFO - Filling up the DagBag from /opt/airflow/dags/prediction_features_pipeline.py
[2025-12-31T12:16:20.678+0000] {processor.py:840} INFO - DAG(s) 'match_features_pipeline' retrieved from /opt/airflow/dags/prediction_features_pipeline.py
[2025-12-31T12:16:20.724+0000] {logging_mixin.py:188} INFO - [2025-12-31T12:16:20.724+0000] {dag.py:3036} INFO - Sync 1 DAGs
[2025-12-31T12:16:20.763+0000] {logging_mixin.py:188} INFO - [2025-12-31T12:16:20.763+0000] {dag.py:3823} INFO - Setting next_dagrun for match_features_pipeline to 2025-12-30 00:00:00+00:00, run_after=2025-12-31 00:00:00+00:00
[2025-12-31T12:16:20.820+0000] {processor.py:183} INFO - Processing /opt/airflow/dags/prediction_features_pipeline.py took 0.204 seconds
[2025-12-31T12:16:51.753+0000] {processor.py:161} INFO - Started process (PID=15608) to work on /opt/airflow/dags/prediction_features_pipeline.py
[2025-12-31T12:16:51.758+0000] {processor.py:830} INFO - Processing file /opt/airflow/dags/prediction_features_pipeline.py for tasks to queue
[2025-12-31T12:16:51.761+0000] {logging_mixin.py:188} INFO - [2025-12-31T12:16:51.760+0000] {dagbag.py:538} INFO - Filling up the DagBag from /opt/airflow/dags/prediction_features_pipeline.py
[2025-12-31T12:16:51.818+0000] {processor.py:840} INFO - DAG(s) 'match_features_pipeline' retrieved from /opt/airflow/dags/prediction_features_pipeline.py
[2025-12-31T12:16:51.864+0000] {logging_mixin.py:188} INFO - [2025-12-31T12:16:51.864+0000] {dag.py:3036} INFO - Sync 1 DAGs
[2025-12-31T12:16:51.904+0000] {logging_mixin.py:188} INFO - [2025-12-31T12:16:51.903+0000] {dag.py:3823} INFO - Setting next_dagrun for match_features_pipeline to 2025-12-30 00:00:00+00:00, run_after=2025-12-31 00:00:00+00:00
[2025-12-31T12:16:51.947+0000] {processor.py:183} INFO - Processing /opt/airflow/dags/prediction_features_pipeline.py took 0.203 seconds
[2025-12-31T12:17:22.771+0000] {processor.py:161} INFO - Started process (PID=15628) to work on /opt/airflow/dags/prediction_features_pipeline.py
[2025-12-31T12:17:22.773+0000] {processor.py:830} INFO - Processing file /opt/airflow/dags/prediction_features_pipeline.py for tasks to queue
[2025-12-31T12:17:22.775+0000] {logging_mixin.py:188} INFO - [2025-12-31T12:17:22.774+0000] {dagbag.py:538} INFO - Filling up the DagBag from /opt/airflow/dags/prediction_features_pipeline.py
[2025-12-31T12:17:22.816+0000] {processor.py:840} INFO - DAG(s) 'match_features_pipeline' retrieved from /opt/airflow/dags/prediction_features_pipeline.py
[2025-12-31T12:17:22.860+0000] {logging_mixin.py:188} INFO - [2025-12-31T12:17:22.860+0000] {dag.py:3036} INFO - Sync 1 DAGs
[2025-12-31T12:17:22.904+0000] {logging_mixin.py:188} INFO - [2025-12-31T12:17:22.903+0000] {dag.py:3823} INFO - Setting next_dagrun for match_features_pipeline to 2025-12-30 00:00:00+00:00, run_after=2025-12-31 00:00:00+00:00
[2025-12-31T12:17:22.947+0000] {processor.py:183} INFO - Processing /opt/airflow/dags/prediction_features_pipeline.py took 0.184 seconds
[2025-12-31T12:17:53.818+0000] {processor.py:161} INFO - Started process (PID=15648) to work on /opt/airflow/dags/prediction_features_pipeline.py
[2025-12-31T12:17:53.831+0000] {processor.py:830} INFO - Processing file /opt/airflow/dags/prediction_features_pipeline.py for tasks to queue
[2025-12-31T12:17:53.834+0000] {logging_mixin.py:188} INFO - [2025-12-31T12:17:53.833+0000] {dagbag.py:538} INFO - Filling up the DagBag from /opt/airflow/dags/prediction_features_pipeline.py
[2025-12-31T12:17:53.903+0000] {processor.py:840} INFO - DAG(s) 'match_features_pipeline' retrieved from /opt/airflow/dags/prediction_features_pipeline.py
[2025-12-31T12:17:53.959+0000] {logging_mixin.py:188} INFO - [2025-12-31T12:17:53.958+0000] {dag.py:3036} INFO - Sync 1 DAGs
[2025-12-31T12:17:54.024+0000] {logging_mixin.py:188} INFO - [2025-12-31T12:17:54.023+0000] {dag.py:3823} INFO - Setting next_dagrun for match_features_pipeline to 2025-12-30 00:00:00+00:00, run_after=2025-12-31 00:00:00+00:00
[2025-12-31T12:17:54.070+0000] {processor.py:183} INFO - Processing /opt/airflow/dags/prediction_features_pipeline.py took 0.271 seconds
[2025-12-31T12:18:25.013+0000] {processor.py:161} INFO - Started process (PID=15668) to work on /opt/airflow/dags/prediction_features_pipeline.py
[2025-12-31T12:18:25.015+0000] {processor.py:830} INFO - Processing file /opt/airflow/dags/prediction_features_pipeline.py for tasks to queue
[2025-12-31T12:18:25.017+0000] {logging_mixin.py:188} INFO - [2025-12-31T12:18:25.016+0000] {dagbag.py:538} INFO - Filling up the DagBag from /opt/airflow/dags/prediction_features_pipeline.py
[2025-12-31T12:18:25.075+0000] {processor.py:840} INFO - DAG(s) 'match_features_pipeline' retrieved from /opt/airflow/dags/prediction_features_pipeline.py
[2025-12-31T12:18:25.123+0000] {logging_mixin.py:188} INFO - [2025-12-31T12:18:25.123+0000] {dag.py:3036} INFO - Sync 1 DAGs
[2025-12-31T12:18:25.167+0000] {logging_mixin.py:188} INFO - [2025-12-31T12:18:25.167+0000] {dag.py:3823} INFO - Setting next_dagrun for match_features_pipeline to 2025-12-30 00:00:00+00:00, run_after=2025-12-31 00:00:00+00:00
[2025-12-31T12:18:25.204+0000] {processor.py:183} INFO - Processing /opt/airflow/dags/prediction_features_pipeline.py took 0.199 seconds
[2025-12-31T12:18:56.076+0000] {processor.py:161} INFO - Started process (PID=15688) to work on /opt/airflow/dags/prediction_features_pipeline.py
[2025-12-31T12:18:56.078+0000] {processor.py:830} INFO - Processing file /opt/airflow/dags/prediction_features_pipeline.py for tasks to queue
[2025-12-31T12:18:56.080+0000] {logging_mixin.py:188} INFO - [2025-12-31T12:18:56.079+0000] {dagbag.py:538} INFO - Filling up the DagBag from /opt/airflow/dags/prediction_features_pipeline.py
[2025-12-31T12:18:56.147+0000] {processor.py:840} INFO - DAG(s) 'match_features_pipeline' retrieved from /opt/airflow/dags/prediction_features_pipeline.py
[2025-12-31T12:18:56.201+0000] {logging_mixin.py:188} INFO - [2025-12-31T12:18:56.201+0000] {dag.py:3036} INFO - Sync 1 DAGs
[2025-12-31T12:18:56.246+0000] {logging_mixin.py:188} INFO - [2025-12-31T12:18:56.246+0000] {dag.py:3823} INFO - Setting next_dagrun for match_features_pipeline to 2025-12-30 00:00:00+00:00, run_after=2025-12-31 00:00:00+00:00
[2025-12-31T12:18:56.284+0000] {processor.py:183} INFO - Processing /opt/airflow/dags/prediction_features_pipeline.py took 0.216 seconds
[2025-12-31T12:19:27.080+0000] {processor.py:161} INFO - Started process (PID=15708) to work on /opt/airflow/dags/prediction_features_pipeline.py
[2025-12-31T12:19:27.082+0000] {processor.py:830} INFO - Processing file /opt/airflow/dags/prediction_features_pipeline.py for tasks to queue
[2025-12-31T12:19:27.084+0000] {logging_mixin.py:188} INFO - [2025-12-31T12:19:27.083+0000] {dagbag.py:538} INFO - Filling up the DagBag from /opt/airflow/dags/prediction_features_pipeline.py
[2025-12-31T12:19:27.134+0000] {processor.py:840} INFO - DAG(s) 'match_features_pipeline' retrieved from /opt/airflow/dags/prediction_features_pipeline.py
[2025-12-31T12:19:27.181+0000] {logging_mixin.py:188} INFO - [2025-12-31T12:19:27.181+0000] {dag.py:3036} INFO - Sync 1 DAGs
[2025-12-31T12:19:27.223+0000] {logging_mixin.py:188} INFO - [2025-12-31T12:19:27.222+0000] {dag.py:3823} INFO - Setting next_dagrun for match_features_pipeline to 2025-12-30 00:00:00+00:00, run_after=2025-12-31 00:00:00+00:00
[2025-12-31T12:19:27.270+0000] {processor.py:183} INFO - Processing /opt/airflow/dags/prediction_features_pipeline.py took 0.196 seconds
[2025-12-31T12:19:58.096+0000] {processor.py:161} INFO - Started process (PID=15728) to work on /opt/airflow/dags/prediction_features_pipeline.py
[2025-12-31T12:19:58.098+0000] {processor.py:830} INFO - Processing file /opt/airflow/dags/prediction_features_pipeline.py for tasks to queue
[2025-12-31T12:19:58.100+0000] {logging_mixin.py:188} INFO - [2025-12-31T12:19:58.099+0000] {dagbag.py:538} INFO - Filling up the DagBag from /opt/airflow/dags/prediction_features_pipeline.py
[2025-12-31T12:19:58.164+0000] {processor.py:840} INFO - DAG(s) 'match_features_pipeline' retrieved from /opt/airflow/dags/prediction_features_pipeline.py
[2025-12-31T12:19:58.220+0000] {logging_mixin.py:188} INFO - [2025-12-31T12:19:58.220+0000] {dag.py:3036} INFO - Sync 1 DAGs
[2025-12-31T12:19:58.261+0000] {logging_mixin.py:188} INFO - [2025-12-31T12:19:58.261+0000] {dag.py:3823} INFO - Setting next_dagrun for match_features_pipeline to 2025-12-30 00:00:00+00:00, run_after=2025-12-31 00:00:00+00:00
[2025-12-31T12:19:58.299+0000] {processor.py:183} INFO - Processing /opt/airflow/dags/prediction_features_pipeline.py took 0.211 seconds
[2025-12-31T12:20:29.114+0000] {processor.py:161} INFO - Started process (PID=15748) to work on /opt/airflow/dags/prediction_features_pipeline.py
[2025-12-31T12:20:29.116+0000] {processor.py:830} INFO - Processing file /opt/airflow/dags/prediction_features_pipeline.py for tasks to queue
[2025-12-31T12:20:29.118+0000] {logging_mixin.py:188} INFO - [2025-12-31T12:20:29.118+0000] {dagbag.py:538} INFO - Filling up the DagBag from /opt/airflow/dags/prediction_features_pipeline.py
[2025-12-31T12:20:29.162+0000] {processor.py:840} INFO - DAG(s) 'match_features_pipeline' retrieved from /opt/airflow/dags/prediction_features_pipeline.py
[2025-12-31T12:20:29.216+0000] {logging_mixin.py:188} INFO - [2025-12-31T12:20:29.215+0000] {dag.py:3036} INFO - Sync 1 DAGs
[2025-12-31T12:20:29.276+0000] {logging_mixin.py:188} INFO - [2025-12-31T12:20:29.275+0000] {dag.py:3823} INFO - Setting next_dagrun for match_features_pipeline to 2025-12-30 00:00:00+00:00, run_after=2025-12-31 00:00:00+00:00
[2025-12-31T12:20:29.309+0000] {processor.py:183} INFO - Processing /opt/airflow/dags/prediction_features_pipeline.py took 0.202 seconds
[2025-12-31T12:21:00.218+0000] {processor.py:161} INFO - Started process (PID=15768) to work on /opt/airflow/dags/prediction_features_pipeline.py
[2025-12-31T12:21:00.220+0000] {processor.py:830} INFO - Processing file /opt/airflow/dags/prediction_features_pipeline.py for tasks to queue
[2025-12-31T12:21:00.223+0000] {logging_mixin.py:188} INFO - [2025-12-31T12:21:00.222+0000] {dagbag.py:538} INFO - Filling up the DagBag from /opt/airflow/dags/prediction_features_pipeline.py
[2025-12-31T12:21:00.266+0000] {processor.py:840} INFO - DAG(s) 'match_features_pipeline' retrieved from /opt/airflow/dags/prediction_features_pipeline.py
[2025-12-31T12:21:00.311+0000] {logging_mixin.py:188} INFO - [2025-12-31T12:21:00.311+0000] {dag.py:3036} INFO - Sync 1 DAGs
[2025-12-31T12:21:00.358+0000] {logging_mixin.py:188} INFO - [2025-12-31T12:21:00.358+0000] {dag.py:3823} INFO - Setting next_dagrun for match_features_pipeline to 2025-12-30 00:00:00+00:00, run_after=2025-12-31 00:00:00+00:00
[2025-12-31T12:21:00.399+0000] {processor.py:183} INFO - Processing /opt/airflow/dags/prediction_features_pipeline.py took 0.186 seconds
[2025-12-31T12:21:31.168+0000] {processor.py:161} INFO - Started process (PID=15788) to work on /opt/airflow/dags/prediction_features_pipeline.py
[2025-12-31T12:21:31.170+0000] {processor.py:830} INFO - Processing file /opt/airflow/dags/prediction_features_pipeline.py for tasks to queue
[2025-12-31T12:21:31.172+0000] {logging_mixin.py:188} INFO - [2025-12-31T12:21:31.171+0000] {dagbag.py:538} INFO - Filling up the DagBag from /opt/airflow/dags/prediction_features_pipeline.py
[2025-12-31T12:21:31.208+0000] {processor.py:840} INFO - DAG(s) 'match_features_pipeline' retrieved from /opt/airflow/dags/prediction_features_pipeline.py
[2025-12-31T12:21:31.246+0000] {logging_mixin.py:188} INFO - [2025-12-31T12:21:31.246+0000] {dag.py:3036} INFO - Sync 1 DAGs
[2025-12-31T12:21:31.286+0000] {logging_mixin.py:188} INFO - [2025-12-31T12:21:31.285+0000] {dag.py:3823} INFO - Setting next_dagrun for match_features_pipeline to 2025-12-30 00:00:00+00:00, run_after=2025-12-31 00:00:00+00:00
[2025-12-31T12:21:31.337+0000] {processor.py:183} INFO - Processing /opt/airflow/dags/prediction_features_pipeline.py took 0.175 seconds
[2025-12-31T12:22:02.255+0000] {processor.py:161} INFO - Started process (PID=15808) to work on /opt/airflow/dags/prediction_features_pipeline.py
[2025-12-31T12:22:02.258+0000] {processor.py:830} INFO - Processing file /opt/airflow/dags/prediction_features_pipeline.py for tasks to queue
[2025-12-31T12:22:02.260+0000] {logging_mixin.py:188} INFO - [2025-12-31T12:22:02.259+0000] {dagbag.py:538} INFO - Filling up the DagBag from /opt/airflow/dags/prediction_features_pipeline.py
[2025-12-31T12:22:02.302+0000] {processor.py:840} INFO - DAG(s) 'match_features_pipeline' retrieved from /opt/airflow/dags/prediction_features_pipeline.py
[2025-12-31T12:22:02.350+0000] {logging_mixin.py:188} INFO - [2025-12-31T12:22:02.349+0000] {dag.py:3036} INFO - Sync 1 DAGs
[2025-12-31T12:22:02.407+0000] {logging_mixin.py:188} INFO - [2025-12-31T12:22:02.407+0000] {dag.py:3823} INFO - Setting next_dagrun for match_features_pipeline to 2025-12-30 00:00:00+00:00, run_after=2025-12-31 00:00:00+00:00
[2025-12-31T12:22:02.445+0000] {processor.py:183} INFO - Processing /opt/airflow/dags/prediction_features_pipeline.py took 0.201 seconds
[2025-12-31T12:22:33.228+0000] {processor.py:161} INFO - Started process (PID=15828) to work on /opt/airflow/dags/prediction_features_pipeline.py
[2025-12-31T12:22:33.231+0000] {processor.py:830} INFO - Processing file /opt/airflow/dags/prediction_features_pipeline.py for tasks to queue
[2025-12-31T12:22:33.233+0000] {logging_mixin.py:188} INFO - [2025-12-31T12:22:33.232+0000] {dagbag.py:538} INFO - Filling up the DagBag from /opt/airflow/dags/prediction_features_pipeline.py
[2025-12-31T12:22:33.272+0000] {processor.py:840} INFO - DAG(s) 'match_features_pipeline' retrieved from /opt/airflow/dags/prediction_features_pipeline.py
[2025-12-31T12:22:33.316+0000] {logging_mixin.py:188} INFO - [2025-12-31T12:22:33.316+0000] {dag.py:3036} INFO - Sync 1 DAGs
[2025-12-31T12:22:33.372+0000] {logging_mixin.py:188} INFO - [2025-12-31T12:22:33.371+0000] {dag.py:3823} INFO - Setting next_dagrun for match_features_pipeline to 2025-12-30 00:00:00+00:00, run_after=2025-12-31 00:00:00+00:00
[2025-12-31T12:22:33.431+0000] {processor.py:183} INFO - Processing /opt/airflow/dags/prediction_features_pipeline.py took 0.209 seconds
[2025-12-31T12:23:04.295+0000] {processor.py:161} INFO - Started process (PID=15848) to work on /opt/airflow/dags/prediction_features_pipeline.py
[2025-12-31T12:23:04.298+0000] {processor.py:830} INFO - Processing file /opt/airflow/dags/prediction_features_pipeline.py for tasks to queue
[2025-12-31T12:23:04.300+0000] {logging_mixin.py:188} INFO - [2025-12-31T12:23:04.299+0000] {dagbag.py:538} INFO - Filling up the DagBag from /opt/airflow/dags/prediction_features_pipeline.py
[2025-12-31T12:23:04.366+0000] {processor.py:840} INFO - DAG(s) 'match_features_pipeline' retrieved from /opt/airflow/dags/prediction_features_pipeline.py
[2025-12-31T12:23:04.415+0000] {logging_mixin.py:188} INFO - [2025-12-31T12:23:04.415+0000] {dag.py:3036} INFO - Sync 1 DAGs
[2025-12-31T12:23:04.457+0000] {logging_mixin.py:188} INFO - [2025-12-31T12:23:04.457+0000] {dag.py:3823} INFO - Setting next_dagrun for match_features_pipeline to 2025-12-30 00:00:00+00:00, run_after=2025-12-31 00:00:00+00:00
[2025-12-31T12:23:04.497+0000] {processor.py:183} INFO - Processing /opt/airflow/dags/prediction_features_pipeline.py took 0.208 seconds
[2025-12-31T12:23:35.296+0000] {processor.py:161} INFO - Started process (PID=15868) to work on /opt/airflow/dags/prediction_features_pipeline.py
[2025-12-31T12:23:35.298+0000] {processor.py:830} INFO - Processing file /opt/airflow/dags/prediction_features_pipeline.py for tasks to queue
[2025-12-31T12:23:35.299+0000] {logging_mixin.py:188} INFO - [2025-12-31T12:23:35.299+0000] {dagbag.py:538} INFO - Filling up the DagBag from /opt/airflow/dags/prediction_features_pipeline.py
[2025-12-31T12:23:35.342+0000] {processor.py:840} INFO - DAG(s) 'match_features_pipeline' retrieved from /opt/airflow/dags/prediction_features_pipeline.py
[2025-12-31T12:23:35.393+0000] {logging_mixin.py:188} INFO - [2025-12-31T12:23:35.393+0000] {dag.py:3036} INFO - Sync 1 DAGs
[2025-12-31T12:23:35.441+0000] {logging_mixin.py:188} INFO - [2025-12-31T12:23:35.441+0000] {dag.py:3823} INFO - Setting next_dagrun for match_features_pipeline to 2025-12-30 00:00:00+00:00, run_after=2025-12-31 00:00:00+00:00
[2025-12-31T12:23:35.498+0000] {processor.py:183} INFO - Processing /opt/airflow/dags/prediction_features_pipeline.py took 0.209 seconds
[2025-12-31T12:24:06.429+0000] {processor.py:161} INFO - Started process (PID=15888) to work on /opt/airflow/dags/prediction_features_pipeline.py
[2025-12-31T12:24:06.432+0000] {processor.py:830} INFO - Processing file /opt/airflow/dags/prediction_features_pipeline.py for tasks to queue
[2025-12-31T12:24:06.434+0000] {logging_mixin.py:188} INFO - [2025-12-31T12:24:06.433+0000] {dagbag.py:538} INFO - Filling up the DagBag from /opt/airflow/dags/prediction_features_pipeline.py
[2025-12-31T12:24:06.491+0000] {processor.py:840} INFO - DAG(s) 'match_features_pipeline' retrieved from /opt/airflow/dags/prediction_features_pipeline.py
[2025-12-31T12:24:06.538+0000] {logging_mixin.py:188} INFO - [2025-12-31T12:24:06.537+0000] {dag.py:3036} INFO - Sync 1 DAGs
[2025-12-31T12:24:06.585+0000] {logging_mixin.py:188} INFO - [2025-12-31T12:24:06.584+0000] {dag.py:3823} INFO - Setting next_dagrun for match_features_pipeline to 2025-12-30 00:00:00+00:00, run_after=2025-12-31 00:00:00+00:00
[2025-12-31T12:24:06.623+0000] {processor.py:183} INFO - Processing /opt/airflow/dags/prediction_features_pipeline.py took 0.200 seconds
[2025-12-31T12:24:37.505+0000] {processor.py:161} INFO - Started process (PID=15908) to work on /opt/airflow/dags/prediction_features_pipeline.py
[2025-12-31T12:24:37.508+0000] {processor.py:830} INFO - Processing file /opt/airflow/dags/prediction_features_pipeline.py for tasks to queue
[2025-12-31T12:24:37.510+0000] {logging_mixin.py:188} INFO - [2025-12-31T12:24:37.510+0000] {dagbag.py:538} INFO - Filling up the DagBag from /opt/airflow/dags/prediction_features_pipeline.py
[2025-12-31T12:24:37.554+0000] {processor.py:840} INFO - DAG(s) 'match_features_pipeline' retrieved from /opt/airflow/dags/prediction_features_pipeline.py
[2025-12-31T12:24:37.616+0000] {logging_mixin.py:188} INFO - [2025-12-31T12:24:37.615+0000] {dag.py:3036} INFO - Sync 1 DAGs
[2025-12-31T12:24:37.676+0000] {logging_mixin.py:188} INFO - [2025-12-31T12:24:37.675+0000] {dag.py:3823} INFO - Setting next_dagrun for match_features_pipeline to 2025-12-30 00:00:00+00:00, run_after=2025-12-31 00:00:00+00:00
[2025-12-31T12:24:37.713+0000] {processor.py:183} INFO - Processing /opt/airflow/dags/prediction_features_pipeline.py took 0.216 seconds
[2025-12-31T12:25:08.636+0000] {processor.py:161} INFO - Started process (PID=15928) to work on /opt/airflow/dags/prediction_features_pipeline.py
[2025-12-31T12:25:08.638+0000] {processor.py:830} INFO - Processing file /opt/airflow/dags/prediction_features_pipeline.py for tasks to queue
[2025-12-31T12:25:08.640+0000] {logging_mixin.py:188} INFO - [2025-12-31T12:25:08.639+0000] {dagbag.py:538} INFO - Filling up the DagBag from /opt/airflow/dags/prediction_features_pipeline.py
[2025-12-31T12:25:08.701+0000] {processor.py:840} INFO - DAG(s) 'match_features_pipeline' retrieved from /opt/airflow/dags/prediction_features_pipeline.py
[2025-12-31T12:25:08.751+0000] {logging_mixin.py:188} INFO - [2025-12-31T12:25:08.751+0000] {dag.py:3036} INFO - Sync 1 DAGs
[2025-12-31T12:25:08.797+0000] {logging_mixin.py:188} INFO - [2025-12-31T12:25:08.797+0000] {dag.py:3823} INFO - Setting next_dagrun for match_features_pipeline to 2025-12-30 00:00:00+00:00, run_after=2025-12-31 00:00:00+00:00
[2025-12-31T12:25:08.835+0000] {processor.py:183} INFO - Processing /opt/airflow/dags/prediction_features_pipeline.py took 0.205 seconds
[2025-12-31T12:25:39.766+0000] {processor.py:161} INFO - Started process (PID=15948) to work on /opt/airflow/dags/prediction_features_pipeline.py
[2025-12-31T12:25:39.770+0000] {processor.py:830} INFO - Processing file /opt/airflow/dags/prediction_features_pipeline.py for tasks to queue
[2025-12-31T12:25:39.773+0000] {logging_mixin.py:188} INFO - [2025-12-31T12:25:39.772+0000] {dagbag.py:538} INFO - Filling up the DagBag from /opt/airflow/dags/prediction_features_pipeline.py
[2025-12-31T12:25:39.818+0000] {processor.py:840} INFO - DAG(s) 'match_features_pipeline' retrieved from /opt/airflow/dags/prediction_features_pipeline.py
[2025-12-31T12:25:39.890+0000] {logging_mixin.py:188} INFO - [2025-12-31T12:25:39.889+0000] {dag.py:3036} INFO - Sync 1 DAGs
[2025-12-31T12:25:39.944+0000] {logging_mixin.py:188} INFO - [2025-12-31T12:25:39.944+0000] {dag.py:3823} INFO - Setting next_dagrun for match_features_pipeline to 2025-12-30 00:00:00+00:00, run_after=2025-12-31 00:00:00+00:00
[2025-12-31T12:25:40.005+0000] {processor.py:183} INFO - Processing /opt/airflow/dags/prediction_features_pipeline.py took 0.249 seconds
[2025-12-31T12:26:10.846+0000] {processor.py:161} INFO - Started process (PID=15968) to work on /opt/airflow/dags/prediction_features_pipeline.py
[2025-12-31T12:26:10.848+0000] {processor.py:830} INFO - Processing file /opt/airflow/dags/prediction_features_pipeline.py for tasks to queue
[2025-12-31T12:26:10.851+0000] {logging_mixin.py:188} INFO - [2025-12-31T12:26:10.850+0000] {dagbag.py:538} INFO - Filling up the DagBag from /opt/airflow/dags/prediction_features_pipeline.py
[2025-12-31T12:26:10.894+0000] {processor.py:840} INFO - DAG(s) 'match_features_pipeline' retrieved from /opt/airflow/dags/prediction_features_pipeline.py
[2025-12-31T12:26:10.941+0000] {logging_mixin.py:188} INFO - [2025-12-31T12:26:10.940+0000] {dag.py:3036} INFO - Sync 1 DAGs
[2025-12-31T12:26:10.985+0000] {logging_mixin.py:188} INFO - [2025-12-31T12:26:10.984+0000] {dag.py:3823} INFO - Setting next_dagrun for match_features_pipeline to 2025-12-30 00:00:00+00:00, run_after=2025-12-31 00:00:00+00:00
[2025-12-31T12:26:11.022+0000] {processor.py:183} INFO - Processing /opt/airflow/dags/prediction_features_pipeline.py took 0.182 seconds
[2025-12-31T12:26:41.926+0000] {processor.py:161} INFO - Started process (PID=15988) to work on /opt/airflow/dags/prediction_features_pipeline.py
[2025-12-31T12:26:41.929+0000] {processor.py:830} INFO - Processing file /opt/airflow/dags/prediction_features_pipeline.py for tasks to queue
[2025-12-31T12:26:41.931+0000] {logging_mixin.py:188} INFO - [2025-12-31T12:26:41.930+0000] {dagbag.py:538} INFO - Filling up the DagBag from /opt/airflow/dags/prediction_features_pipeline.py
[2025-12-31T12:26:41.981+0000] {processor.py:840} INFO - DAG(s) 'match_features_pipeline' retrieved from /opt/airflow/dags/prediction_features_pipeline.py
[2025-12-31T12:26:42.039+0000] {logging_mixin.py:188} INFO - [2025-12-31T12:26:42.038+0000] {dag.py:3036} INFO - Sync 1 DAGs
[2025-12-31T12:26:42.084+0000] {logging_mixin.py:188} INFO - [2025-12-31T12:26:42.084+0000] {dag.py:3823} INFO - Setting next_dagrun for match_features_pipeline to 2025-12-30 00:00:00+00:00, run_after=2025-12-31 00:00:00+00:00
[2025-12-31T12:26:42.152+0000] {processor.py:183} INFO - Processing /opt/airflow/dags/prediction_features_pipeline.py took 0.232 seconds
[2025-12-31T12:27:13.106+0000] {processor.py:161} INFO - Started process (PID=16008) to work on /opt/airflow/dags/prediction_features_pipeline.py
[2025-12-31T12:27:13.109+0000] {processor.py:830} INFO - Processing file /opt/airflow/dags/prediction_features_pipeline.py for tasks to queue
[2025-12-31T12:27:13.111+0000] {logging_mixin.py:188} INFO - [2025-12-31T12:27:13.110+0000] {dagbag.py:538} INFO - Filling up the DagBag from /opt/airflow/dags/prediction_features_pipeline.py
[2025-12-31T12:27:13.162+0000] {processor.py:840} INFO - DAG(s) 'match_features_pipeline' retrieved from /opt/airflow/dags/prediction_features_pipeline.py
[2025-12-31T12:27:13.226+0000] {logging_mixin.py:188} INFO - [2025-12-31T12:27:13.225+0000] {dag.py:3036} INFO - Sync 1 DAGs
[2025-12-31T12:27:13.269+0000] {logging_mixin.py:188} INFO - [2025-12-31T12:27:13.269+0000] {dag.py:3823} INFO - Setting next_dagrun for match_features_pipeline to 2025-12-30 00:00:00+00:00, run_after=2025-12-31 00:00:00+00:00
[2025-12-31T12:27:13.304+0000] {processor.py:183} INFO - Processing /opt/airflow/dags/prediction_features_pipeline.py took 0.206 seconds
[2025-12-31T12:27:44.235+0000] {processor.py:161} INFO - Started process (PID=16028) to work on /opt/airflow/dags/prediction_features_pipeline.py
[2025-12-31T12:27:44.238+0000] {processor.py:830} INFO - Processing file /opt/airflow/dags/prediction_features_pipeline.py for tasks to queue
[2025-12-31T12:27:44.240+0000] {logging_mixin.py:188} INFO - [2025-12-31T12:27:44.240+0000] {dagbag.py:538} INFO - Filling up the DagBag from /opt/airflow/dags/prediction_features_pipeline.py
[2025-12-31T12:27:44.287+0000] {processor.py:840} INFO - DAG(s) 'match_features_pipeline' retrieved from /opt/airflow/dags/prediction_features_pipeline.py
[2025-12-31T12:27:44.329+0000] {logging_mixin.py:188} INFO - [2025-12-31T12:27:44.329+0000] {dag.py:3036} INFO - Sync 1 DAGs
[2025-12-31T12:27:44.376+0000] {logging_mixin.py:188} INFO - [2025-12-31T12:27:44.375+0000] {dag.py:3823} INFO - Setting next_dagrun for match_features_pipeline to 2025-12-30 00:00:00+00:00, run_after=2025-12-31 00:00:00+00:00
[2025-12-31T12:27:44.415+0000] {processor.py:183} INFO - Processing /opt/airflow/dags/prediction_features_pipeline.py took 0.189 seconds
[2025-12-31T12:28:15.181+0000] {processor.py:161} INFO - Started process (PID=16048) to work on /opt/airflow/dags/prediction_features_pipeline.py
[2025-12-31T12:28:15.184+0000] {processor.py:830} INFO - Processing file /opt/airflow/dags/prediction_features_pipeline.py for tasks to queue
[2025-12-31T12:28:15.188+0000] {logging_mixin.py:188} INFO - [2025-12-31T12:28:15.187+0000] {dagbag.py:538} INFO - Filling up the DagBag from /opt/airflow/dags/prediction_features_pipeline.py
[2025-12-31T12:28:15.244+0000] {processor.py:840} INFO - DAG(s) 'match_features_pipeline' retrieved from /opt/airflow/dags/prediction_features_pipeline.py
[2025-12-31T12:28:15.301+0000] {logging_mixin.py:188} INFO - [2025-12-31T12:28:15.300+0000] {dag.py:3036} INFO - Sync 1 DAGs
[2025-12-31T12:28:15.343+0000] {logging_mixin.py:188} INFO - [2025-12-31T12:28:15.343+0000] {dag.py:3823} INFO - Setting next_dagrun for match_features_pipeline to 2025-12-30 00:00:00+00:00, run_after=2025-12-31 00:00:00+00:00
[2025-12-31T12:28:15.395+0000] {processor.py:183} INFO - Processing /opt/airflow/dags/prediction_features_pipeline.py took 0.222 seconds
[2025-12-31T12:28:46.178+0000] {processor.py:161} INFO - Started process (PID=16068) to work on /opt/airflow/dags/prediction_features_pipeline.py
[2025-12-31T12:28:46.180+0000] {processor.py:830} INFO - Processing file /opt/airflow/dags/prediction_features_pipeline.py for tasks to queue
[2025-12-31T12:28:46.182+0000] {logging_mixin.py:188} INFO - [2025-12-31T12:28:46.182+0000] {dagbag.py:538} INFO - Filling up the DagBag from /opt/airflow/dags/prediction_features_pipeline.py
[2025-12-31T12:28:46.239+0000] {processor.py:840} INFO - DAG(s) 'match_features_pipeline' retrieved from /opt/airflow/dags/prediction_features_pipeline.py
[2025-12-31T12:28:46.301+0000] {logging_mixin.py:188} INFO - [2025-12-31T12:28:46.300+0000] {dag.py:3036} INFO - Sync 1 DAGs
[2025-12-31T12:28:46.348+0000] {logging_mixin.py:188} INFO - [2025-12-31T12:28:46.348+0000] {dag.py:3823} INFO - Setting next_dagrun for match_features_pipeline to 2025-12-30 00:00:00+00:00, run_after=2025-12-31 00:00:00+00:00
[2025-12-31T12:28:46.381+0000] {processor.py:183} INFO - Processing /opt/airflow/dags/prediction_features_pipeline.py took 0.209 seconds
[2025-12-31T12:29:17.239+0000] {processor.py:161} INFO - Started process (PID=16088) to work on /opt/airflow/dags/prediction_features_pipeline.py
[2025-12-31T12:29:17.241+0000] {processor.py:830} INFO - Processing file /opt/airflow/dags/prediction_features_pipeline.py for tasks to queue
[2025-12-31T12:29:17.243+0000] {logging_mixin.py:188} INFO - [2025-12-31T12:29:17.243+0000] {dagbag.py:538} INFO - Filling up the DagBag from /opt/airflow/dags/prediction_features_pipeline.py
[2025-12-31T12:29:17.286+0000] {processor.py:840} INFO - DAG(s) 'match_features_pipeline' retrieved from /opt/airflow/dags/prediction_features_pipeline.py
[2025-12-31T12:29:17.329+0000] {logging_mixin.py:188} INFO - [2025-12-31T12:29:17.328+0000] {dag.py:3036} INFO - Sync 1 DAGs
[2025-12-31T12:29:17.392+0000] {logging_mixin.py:188} INFO - [2025-12-31T12:29:17.392+0000] {dag.py:3823} INFO - Setting next_dagrun for match_features_pipeline to 2025-12-30 00:00:00+00:00, run_after=2025-12-31 00:00:00+00:00
[2025-12-31T12:29:17.443+0000] {processor.py:183} INFO - Processing /opt/airflow/dags/prediction_features_pipeline.py took 0.213 seconds
[2025-12-31T12:29:48.196+0000] {processor.py:161} INFO - Started process (PID=16108) to work on /opt/airflow/dags/prediction_features_pipeline.py
[2025-12-31T12:29:48.198+0000] {processor.py:830} INFO - Processing file /opt/airflow/dags/prediction_features_pipeline.py for tasks to queue
[2025-12-31T12:29:48.200+0000] {logging_mixin.py:188} INFO - [2025-12-31T12:29:48.199+0000] {dagbag.py:538} INFO - Filling up the DagBag from /opt/airflow/dags/prediction_features_pipeline.py
[2025-12-31T12:29:48.241+0000] {processor.py:840} INFO - DAG(s) 'match_features_pipeline' retrieved from /opt/airflow/dags/prediction_features_pipeline.py
[2025-12-31T12:29:48.282+0000] {logging_mixin.py:188} INFO - [2025-12-31T12:29:48.282+0000] {dag.py:3036} INFO - Sync 1 DAGs
[2025-12-31T12:29:48.320+0000] {logging_mixin.py:188} INFO - [2025-12-31T12:29:48.320+0000] {dag.py:3823} INFO - Setting next_dagrun for match_features_pipeline to 2025-12-30 00:00:00+00:00, run_after=2025-12-31 00:00:00+00:00
[2025-12-31T12:29:48.352+0000] {processor.py:183} INFO - Processing /opt/airflow/dags/prediction_features_pipeline.py took 0.164 seconds
[2025-12-31T12:30:19.101+0000] {processor.py:161} INFO - Started process (PID=16128) to work on /opt/airflow/dags/prediction_features_pipeline.py
[2025-12-31T12:30:19.104+0000] {processor.py:830} INFO - Processing file /opt/airflow/dags/prediction_features_pipeline.py for tasks to queue
[2025-12-31T12:30:19.105+0000] {logging_mixin.py:188} INFO - [2025-12-31T12:30:19.105+0000] {dagbag.py:538} INFO - Filling up the DagBag from /opt/airflow/dags/prediction_features_pipeline.py
[2025-12-31T12:30:19.150+0000] {processor.py:840} INFO - DAG(s) 'match_features_pipeline' retrieved from /opt/airflow/dags/prediction_features_pipeline.py
[2025-12-31T12:30:19.196+0000] {logging_mixin.py:188} INFO - [2025-12-31T12:30:19.196+0000] {dag.py:3036} INFO - Sync 1 DAGs
[2025-12-31T12:30:19.247+0000] {logging_mixin.py:188} INFO - [2025-12-31T12:30:19.247+0000] {dag.py:3823} INFO - Setting next_dagrun for match_features_pipeline to 2025-12-30 00:00:00+00:00, run_after=2025-12-31 00:00:00+00:00
[2025-12-31T12:30:19.316+0000] {processor.py:183} INFO - Processing /opt/airflow/dags/prediction_features_pipeline.py took 0.230 seconds
[2025-12-31T12:30:50.119+0000] {processor.py:161} INFO - Started process (PID=16148) to work on /opt/airflow/dags/prediction_features_pipeline.py
[2025-12-31T12:30:50.123+0000] {processor.py:830} INFO - Processing file /opt/airflow/dags/prediction_features_pipeline.py for tasks to queue
[2025-12-31T12:30:50.125+0000] {logging_mixin.py:188} INFO - [2025-12-31T12:30:50.124+0000] {dagbag.py:538} INFO - Filling up the DagBag from /opt/airflow/dags/prediction_features_pipeline.py
[2025-12-31T12:30:50.178+0000] {processor.py:840} INFO - DAG(s) 'match_features_pipeline' retrieved from /opt/airflow/dags/prediction_features_pipeline.py
[2025-12-31T12:30:50.239+0000] {logging_mixin.py:188} INFO - [2025-12-31T12:30:50.238+0000] {dag.py:3036} INFO - Sync 1 DAGs
[2025-12-31T12:30:50.301+0000] {logging_mixin.py:188} INFO - [2025-12-31T12:30:50.300+0000] {dag.py:3823} INFO - Setting next_dagrun for match_features_pipeline to 2025-12-30 00:00:00+00:00, run_after=2025-12-31 00:00:00+00:00
[2025-12-31T12:30:50.342+0000] {processor.py:183} INFO - Processing /opt/airflow/dags/prediction_features_pipeline.py took 0.242 seconds
[2025-12-31T12:31:21.150+0000] {processor.py:161} INFO - Started process (PID=16168) to work on /opt/airflow/dags/prediction_features_pipeline.py
[2025-12-31T12:31:21.152+0000] {processor.py:830} INFO - Processing file /opt/airflow/dags/prediction_features_pipeline.py for tasks to queue
[2025-12-31T12:31:21.155+0000] {logging_mixin.py:188} INFO - [2025-12-31T12:31:21.154+0000] {dagbag.py:538} INFO - Filling up the DagBag from /opt/airflow/dags/prediction_features_pipeline.py
[2025-12-31T12:31:21.203+0000] {processor.py:840} INFO - DAG(s) 'match_features_pipeline' retrieved from /opt/airflow/dags/prediction_features_pipeline.py
[2025-12-31T12:31:21.257+0000] {logging_mixin.py:188} INFO - [2025-12-31T12:31:21.256+0000] {dag.py:3036} INFO - Sync 1 DAGs
[2025-12-31T12:31:21.326+0000] {logging_mixin.py:188} INFO - [2025-12-31T12:31:21.325+0000] {dag.py:3823} INFO - Setting next_dagrun for match_features_pipeline to 2025-12-30 00:00:00+00:00, run_after=2025-12-31 00:00:00+00:00
[2025-12-31T12:31:21.375+0000] {processor.py:183} INFO - Processing /opt/airflow/dags/prediction_features_pipeline.py took 0.233 seconds
[2025-12-31T12:31:52.313+0000] {processor.py:161} INFO - Started process (PID=16188) to work on /opt/airflow/dags/prediction_features_pipeline.py
[2025-12-31T12:31:52.316+0000] {processor.py:830} INFO - Processing file /opt/airflow/dags/prediction_features_pipeline.py for tasks to queue
[2025-12-31T12:31:52.318+0000] {logging_mixin.py:188} INFO - [2025-12-31T12:31:52.317+0000] {dagbag.py:538} INFO - Filling up the DagBag from /opt/airflow/dags/prediction_features_pipeline.py
[2025-12-31T12:31:52.361+0000] {processor.py:840} INFO - DAG(s) 'match_features_pipeline' retrieved from /opt/airflow/dags/prediction_features_pipeline.py
[2025-12-31T12:31:52.413+0000] {logging_mixin.py:188} INFO - [2025-12-31T12:31:52.412+0000] {dag.py:3036} INFO - Sync 1 DAGs
[2025-12-31T12:31:52.486+0000] {logging_mixin.py:188} INFO - [2025-12-31T12:31:52.485+0000] {dag.py:3823} INFO - Setting next_dagrun for match_features_pipeline to 2025-12-30 00:00:00+00:00, run_after=2025-12-31 00:00:00+00:00
[2025-12-31T12:31:52.523+0000] {processor.py:183} INFO - Processing /opt/airflow/dags/prediction_features_pipeline.py took 0.217 seconds
[2025-12-31T12:32:23.476+0000] {processor.py:161} INFO - Started process (PID=16208) to work on /opt/airflow/dags/prediction_features_pipeline.py
[2025-12-31T12:32:23.479+0000] {processor.py:830} INFO - Processing file /opt/airflow/dags/prediction_features_pipeline.py for tasks to queue
[2025-12-31T12:32:23.481+0000] {logging_mixin.py:188} INFO - [2025-12-31T12:32:23.481+0000] {dagbag.py:538} INFO - Filling up the DagBag from /opt/airflow/dags/prediction_features_pipeline.py
[2025-12-31T12:32:23.526+0000] {processor.py:840} INFO - DAG(s) 'match_features_pipeline' retrieved from /opt/airflow/dags/prediction_features_pipeline.py
[2025-12-31T12:32:23.572+0000] {logging_mixin.py:188} INFO - [2025-12-31T12:32:23.572+0000] {dag.py:3036} INFO - Sync 1 DAGs
[2025-12-31T12:32:23.615+0000] {logging_mixin.py:188} INFO - [2025-12-31T12:32:23.615+0000] {dag.py:3823} INFO - Setting next_dagrun for match_features_pipeline to 2025-12-30 00:00:00+00:00, run_after=2025-12-31 00:00:00+00:00
[2025-12-31T12:32:23.649+0000] {processor.py:183} INFO - Processing /opt/airflow/dags/prediction_features_pipeline.py took 0.179 seconds
[2025-12-31T12:32:54.492+0000] {processor.py:161} INFO - Started process (PID=16228) to work on /opt/airflow/dags/prediction_features_pipeline.py
[2025-12-31T12:32:54.494+0000] {processor.py:830} INFO - Processing file /opt/airflow/dags/prediction_features_pipeline.py for tasks to queue
[2025-12-31T12:32:54.496+0000] {logging_mixin.py:188} INFO - [2025-12-31T12:32:54.495+0000] {dagbag.py:538} INFO - Filling up the DagBag from /opt/airflow/dags/prediction_features_pipeline.py
[2025-12-31T12:32:54.563+0000] {processor.py:840} INFO - DAG(s) 'match_features_pipeline' retrieved from /opt/airflow/dags/prediction_features_pipeline.py
[2025-12-31T12:32:54.610+0000] {logging_mixin.py:188} INFO - [2025-12-31T12:32:54.610+0000] {dag.py:3036} INFO - Sync 1 DAGs
[2025-12-31T12:32:54.648+0000] {logging_mixin.py:188} INFO - [2025-12-31T12:32:54.648+0000] {dag.py:3823} INFO - Setting next_dagrun for match_features_pipeline to 2025-12-30 00:00:00+00:00, run_after=2025-12-31 00:00:00+00:00
[2025-12-31T12:32:54.728+0000] {processor.py:183} INFO - Processing /opt/airflow/dags/prediction_features_pipeline.py took 0.244 seconds
[2025-12-31T12:33:25.605+0000] {processor.py:161} INFO - Started process (PID=16248) to work on /opt/airflow/dags/prediction_features_pipeline.py
[2025-12-31T12:33:25.608+0000] {processor.py:830} INFO - Processing file /opt/airflow/dags/prediction_features_pipeline.py for tasks to queue
[2025-12-31T12:33:25.611+0000] {logging_mixin.py:188} INFO - [2025-12-31T12:33:25.610+0000] {dagbag.py:538} INFO - Filling up the DagBag from /opt/airflow/dags/prediction_features_pipeline.py
[2025-12-31T12:33:25.652+0000] {processor.py:840} INFO - DAG(s) 'match_features_pipeline' retrieved from /opt/airflow/dags/prediction_features_pipeline.py
[2025-12-31T12:33:25.708+0000] {logging_mixin.py:188} INFO - [2025-12-31T12:33:25.707+0000] {dag.py:3036} INFO - Sync 1 DAGs
[2025-12-31T12:33:25.751+0000] {logging_mixin.py:188} INFO - [2025-12-31T12:33:25.751+0000] {dag.py:3823} INFO - Setting next_dagrun for match_features_pipeline to 2025-12-30 00:00:00+00:00, run_after=2025-12-31 00:00:00+00:00
[2025-12-31T12:33:25.784+0000] {processor.py:183} INFO - Processing /opt/airflow/dags/prediction_features_pipeline.py took 0.196 seconds
[2025-12-31T12:33:56.649+0000] {processor.py:161} INFO - Started process (PID=16268) to work on /opt/airflow/dags/prediction_features_pipeline.py
[2025-12-31T12:33:56.651+0000] {processor.py:830} INFO - Processing file /opt/airflow/dags/prediction_features_pipeline.py for tasks to queue
[2025-12-31T12:33:56.653+0000] {logging_mixin.py:188} INFO - [2025-12-31T12:33:56.653+0000] {dagbag.py:538} INFO - Filling up the DagBag from /opt/airflow/dags/prediction_features_pipeline.py
[2025-12-31T12:33:56.711+0000] {processor.py:840} INFO - DAG(s) 'match_features_pipeline' retrieved from /opt/airflow/dags/prediction_features_pipeline.py
[2025-12-31T12:33:56.761+0000] {logging_mixin.py:188} INFO - [2025-12-31T12:33:56.761+0000] {dag.py:3036} INFO - Sync 1 DAGs
[2025-12-31T12:33:56.811+0000] {logging_mixin.py:188} INFO - [2025-12-31T12:33:56.811+0000] {dag.py:3823} INFO - Setting next_dagrun for match_features_pipeline to 2025-12-30 00:00:00+00:00, run_after=2025-12-31 00:00:00+00:00
[2025-12-31T12:33:56.847+0000] {processor.py:183} INFO - Processing /opt/airflow/dags/prediction_features_pipeline.py took 0.206 seconds
[2025-12-31T12:34:27.735+0000] {processor.py:161} INFO - Started process (PID=16288) to work on /opt/airflow/dags/prediction_features_pipeline.py
[2025-12-31T12:34:27.738+0000] {processor.py:830} INFO - Processing file /opt/airflow/dags/prediction_features_pipeline.py for tasks to queue
[2025-12-31T12:34:27.740+0000] {logging_mixin.py:188} INFO - [2025-12-31T12:34:27.739+0000] {dagbag.py:538} INFO - Filling up the DagBag from /opt/airflow/dags/prediction_features_pipeline.py
[2025-12-31T12:34:27.786+0000] {processor.py:840} INFO - DAG(s) 'match_features_pipeline' retrieved from /opt/airflow/dags/prediction_features_pipeline.py
[2025-12-31T12:34:27.853+0000] {logging_mixin.py:188} INFO - [2025-12-31T12:34:27.851+0000] {dag.py:3036} INFO - Sync 1 DAGs
[2025-12-31T12:34:27.934+0000] {logging_mixin.py:188} INFO - [2025-12-31T12:34:27.933+0000] {dag.py:3823} INFO - Setting next_dagrun for match_features_pipeline to 2025-12-30 00:00:00+00:00, run_after=2025-12-31 00:00:00+00:00
[2025-12-31T12:34:27.995+0000] {processor.py:183} INFO - Processing /opt/airflow/dags/prediction_features_pipeline.py took 0.268 seconds
[2025-12-31T12:34:58.782+0000] {processor.py:161} INFO - Started process (PID=16308) to work on /opt/airflow/dags/prediction_features_pipeline.py
[2025-12-31T12:34:58.785+0000] {processor.py:830} INFO - Processing file /opt/airflow/dags/prediction_features_pipeline.py for tasks to queue
[2025-12-31T12:34:58.787+0000] {logging_mixin.py:188} INFO - [2025-12-31T12:34:58.786+0000] {dagbag.py:538} INFO - Filling up the DagBag from /opt/airflow/dags/prediction_features_pipeline.py
[2025-12-31T12:34:58.833+0000] {processor.py:840} INFO - DAG(s) 'match_features_pipeline' retrieved from /opt/airflow/dags/prediction_features_pipeline.py
[2025-12-31T12:34:58.884+0000] {logging_mixin.py:188} INFO - [2025-12-31T12:34:58.884+0000] {dag.py:3036} INFO - Sync 1 DAGs
[2025-12-31T12:34:58.925+0000] {logging_mixin.py:188} INFO - [2025-12-31T12:34:58.924+0000] {dag.py:3823} INFO - Setting next_dagrun for match_features_pipeline to 2025-12-30 00:00:00+00:00, run_after=2025-12-31 00:00:00+00:00
[2025-12-31T12:34:58.956+0000] {processor.py:183} INFO - Processing /opt/airflow/dags/prediction_features_pipeline.py took 0.181 seconds
[2025-12-31T12:35:29.876+0000] {processor.py:161} INFO - Started process (PID=16328) to work on /opt/airflow/dags/prediction_features_pipeline.py
[2025-12-31T12:35:29.879+0000] {processor.py:830} INFO - Processing file /opt/airflow/dags/prediction_features_pipeline.py for tasks to queue
[2025-12-31T12:35:29.881+0000] {logging_mixin.py:188} INFO - [2025-12-31T12:35:29.881+0000] {dagbag.py:538} INFO - Filling up the DagBag from /opt/airflow/dags/prediction_features_pipeline.py
[2025-12-31T12:35:29.930+0000] {processor.py:840} INFO - DAG(s) 'match_features_pipeline' retrieved from /opt/airflow/dags/prediction_features_pipeline.py
[2025-12-31T12:35:29.994+0000] {logging_mixin.py:188} INFO - [2025-12-31T12:35:29.994+0000] {dag.py:3036} INFO - Sync 1 DAGs
[2025-12-31T12:35:30.046+0000] {logging_mixin.py:188} INFO - [2025-12-31T12:35:30.045+0000] {dag.py:3823} INFO - Setting next_dagrun for match_features_pipeline to 2025-12-30 00:00:00+00:00, run_after=2025-12-31 00:00:00+00:00
[2025-12-31T12:35:30.135+0000] {processor.py:183} INFO - Processing /opt/airflow/dags/prediction_features_pipeline.py took 0.270 seconds
[2025-12-31T12:36:00.962+0000] {processor.py:161} INFO - Started process (PID=16348) to work on /opt/airflow/dags/prediction_features_pipeline.py
[2025-12-31T12:36:00.965+0000] {processor.py:830} INFO - Processing file /opt/airflow/dags/prediction_features_pipeline.py for tasks to queue
[2025-12-31T12:36:00.968+0000] {logging_mixin.py:188} INFO - [2025-12-31T12:36:00.967+0000] {dagbag.py:538} INFO - Filling up the DagBag from /opt/airflow/dags/prediction_features_pipeline.py
[2025-12-31T12:36:01.021+0000] {processor.py:840} INFO - DAG(s) 'match_features_pipeline' retrieved from /opt/airflow/dags/prediction_features_pipeline.py
[2025-12-31T12:36:01.070+0000] {logging_mixin.py:188} INFO - [2025-12-31T12:36:01.069+0000] {dag.py:3036} INFO - Sync 1 DAGs
[2025-12-31T12:36:01.122+0000] {logging_mixin.py:188} INFO - [2025-12-31T12:36:01.122+0000] {dag.py:3823} INFO - Setting next_dagrun for match_features_pipeline to 2025-12-30 00:00:00+00:00, run_after=2025-12-31 00:00:00+00:00
[2025-12-31T12:36:01.158+0000] {processor.py:183} INFO - Processing /opt/airflow/dags/prediction_features_pipeline.py took 0.203 seconds
[2025-12-31T12:36:32.004+0000] {processor.py:161} INFO - Started process (PID=16368) to work on /opt/airflow/dags/prediction_features_pipeline.py
[2025-12-31T12:36:32.006+0000] {processor.py:830} INFO - Processing file /opt/airflow/dags/prediction_features_pipeline.py for tasks to queue
[2025-12-31T12:36:32.008+0000] {logging_mixin.py:188} INFO - [2025-12-31T12:36:32.007+0000] {dagbag.py:538} INFO - Filling up the DagBag from /opt/airflow/dags/prediction_features_pipeline.py
[2025-12-31T12:36:32.050+0000] {processor.py:840} INFO - DAG(s) 'match_features_pipeline' retrieved from /opt/airflow/dags/prediction_features_pipeline.py
[2025-12-31T12:36:32.103+0000] {logging_mixin.py:188} INFO - [2025-12-31T12:36:32.103+0000] {dag.py:3036} INFO - Sync 1 DAGs
[2025-12-31T12:36:32.145+0000] {logging_mixin.py:188} INFO - [2025-12-31T12:36:32.145+0000] {dag.py:3823} INFO - Setting next_dagrun for match_features_pipeline to 2025-12-30 00:00:00+00:00, run_after=2025-12-31 00:00:00+00:00
[2025-12-31T12:36:32.204+0000] {processor.py:183} INFO - Processing /opt/airflow/dags/prediction_features_pipeline.py took 0.205 seconds
[2025-12-31T12:37:03.141+0000] {processor.py:161} INFO - Started process (PID=16388) to work on /opt/airflow/dags/prediction_features_pipeline.py
[2025-12-31T12:37:03.143+0000] {processor.py:830} INFO - Processing file /opt/airflow/dags/prediction_features_pipeline.py for tasks to queue
[2025-12-31T12:37:03.145+0000] {logging_mixin.py:188} INFO - [2025-12-31T12:37:03.145+0000] {dagbag.py:538} INFO - Filling up the DagBag from /opt/airflow/dags/prediction_features_pipeline.py
[2025-12-31T12:37:03.188+0000] {processor.py:840} INFO - DAG(s) 'match_features_pipeline' retrieved from /opt/airflow/dags/prediction_features_pipeline.py
[2025-12-31T12:37:03.242+0000] {logging_mixin.py:188} INFO - [2025-12-31T12:37:03.242+0000] {dag.py:3036} INFO - Sync 1 DAGs
[2025-12-31T12:37:03.280+0000] {logging_mixin.py:188} INFO - [2025-12-31T12:37:03.280+0000] {dag.py:3823} INFO - Setting next_dagrun for match_features_pipeline to 2025-12-30 00:00:00+00:00, run_after=2025-12-31 00:00:00+00:00
[2025-12-31T12:37:03.313+0000] {processor.py:183} INFO - Processing /opt/airflow/dags/prediction_features_pipeline.py took 0.181 seconds
[2025-12-31T12:37:34.284+0000] {processor.py:161} INFO - Started process (PID=16408) to work on /opt/airflow/dags/prediction_features_pipeline.py
[2025-12-31T12:37:34.287+0000] {processor.py:830} INFO - Processing file /opt/airflow/dags/prediction_features_pipeline.py for tasks to queue
[2025-12-31T12:37:34.289+0000] {logging_mixin.py:188} INFO - [2025-12-31T12:37:34.288+0000] {dagbag.py:538} INFO - Filling up the DagBag from /opt/airflow/dags/prediction_features_pipeline.py
[2025-12-31T12:37:34.350+0000] {processor.py:840} INFO - DAG(s) 'match_features_pipeline' retrieved from /opt/airflow/dags/prediction_features_pipeline.py
[2025-12-31T12:37:34.393+0000] {logging_mixin.py:188} INFO - [2025-12-31T12:37:34.392+0000] {dag.py:3036} INFO - Sync 1 DAGs
[2025-12-31T12:37:34.431+0000] {logging_mixin.py:188} INFO - [2025-12-31T12:37:34.431+0000] {dag.py:3823} INFO - Setting next_dagrun for match_features_pipeline to 2025-12-30 00:00:00+00:00, run_after=2025-12-31 00:00:00+00:00
[2025-12-31T12:37:34.498+0000] {processor.py:183} INFO - Processing /opt/airflow/dags/prediction_features_pipeline.py took 0.221 seconds
[2025-12-31T12:38:05.384+0000] {processor.py:161} INFO - Started process (PID=16428) to work on /opt/airflow/dags/prediction_features_pipeline.py
[2025-12-31T12:38:05.388+0000] {processor.py:830} INFO - Processing file /opt/airflow/dags/prediction_features_pipeline.py for tasks to queue
[2025-12-31T12:38:05.391+0000] {logging_mixin.py:188} INFO - [2025-12-31T12:38:05.390+0000] {dagbag.py:538} INFO - Filling up the DagBag from /opt/airflow/dags/prediction_features_pipeline.py
[2025-12-31T12:38:05.443+0000] {processor.py:840} INFO - DAG(s) 'match_features_pipeline' retrieved from /opt/airflow/dags/prediction_features_pipeline.py
[2025-12-31T12:38:05.492+0000] {logging_mixin.py:188} INFO - [2025-12-31T12:38:05.491+0000] {dag.py:3036} INFO - Sync 1 DAGs
[2025-12-31T12:38:05.533+0000] {logging_mixin.py:188} INFO - [2025-12-31T12:38:05.532+0000] {dag.py:3823} INFO - Setting next_dagrun for match_features_pipeline to 2025-12-30 00:00:00+00:00, run_after=2025-12-31 00:00:00+00:00
[2025-12-31T12:38:05.567+0000] {processor.py:183} INFO - Processing /opt/airflow/dags/prediction_features_pipeline.py took 0.200 seconds
[2025-12-31T12:38:36.420+0000] {processor.py:161} INFO - Started process (PID=16448) to work on /opt/airflow/dags/prediction_features_pipeline.py
[2025-12-31T12:38:36.422+0000] {processor.py:830} INFO - Processing file /opt/airflow/dags/prediction_features_pipeline.py for tasks to queue
[2025-12-31T12:38:36.424+0000] {logging_mixin.py:188} INFO - [2025-12-31T12:38:36.423+0000] {dagbag.py:538} INFO - Filling up the DagBag from /opt/airflow/dags/prediction_features_pipeline.py
[2025-12-31T12:38:36.469+0000] {processor.py:840} INFO - DAG(s) 'match_features_pipeline' retrieved from /opt/airflow/dags/prediction_features_pipeline.py
[2025-12-31T12:38:36.533+0000] {logging_mixin.py:188} INFO - [2025-12-31T12:38:36.533+0000] {dag.py:3036} INFO - Sync 1 DAGs
[2025-12-31T12:38:36.588+0000] {logging_mixin.py:188} INFO - [2025-12-31T12:38:36.588+0000] {dag.py:3823} INFO - Setting next_dagrun for match_features_pipeline to 2025-12-30 00:00:00+00:00, run_after=2025-12-31 00:00:00+00:00
[2025-12-31T12:38:36.630+0000] {processor.py:183} INFO - Processing /opt/airflow/dags/prediction_features_pipeline.py took 0.216 seconds
[2025-12-31T12:39:07.494+0000] {processor.py:161} INFO - Started process (PID=16468) to work on /opt/airflow/dags/prediction_features_pipeline.py
[2025-12-31T12:39:07.496+0000] {processor.py:830} INFO - Processing file /opt/airflow/dags/prediction_features_pipeline.py for tasks to queue
[2025-12-31T12:39:07.498+0000] {logging_mixin.py:188} INFO - [2025-12-31T12:39:07.497+0000] {dagbag.py:538} INFO - Filling up the DagBag from /opt/airflow/dags/prediction_features_pipeline.py
[2025-12-31T12:39:07.566+0000] {processor.py:840} INFO - DAG(s) 'match_features_pipeline' retrieved from /opt/airflow/dags/prediction_features_pipeline.py
[2025-12-31T12:39:07.615+0000] {logging_mixin.py:188} INFO - [2025-12-31T12:39:07.615+0000] {dag.py:3036} INFO - Sync 1 DAGs
[2025-12-31T12:39:07.655+0000] {logging_mixin.py:188} INFO - [2025-12-31T12:39:07.655+0000] {dag.py:3823} INFO - Setting next_dagrun for match_features_pipeline to 2025-12-30 00:00:00+00:00, run_after=2025-12-31 00:00:00+00:00
[2025-12-31T12:39:07.691+0000] {processor.py:183} INFO - Processing /opt/airflow/dags/prediction_features_pipeline.py took 0.203 seconds
[2025-12-31T12:39:38.474+0000] {processor.py:161} INFO - Started process (PID=16488) to work on /opt/airflow/dags/prediction_features_pipeline.py
[2025-12-31T12:39:38.476+0000] {processor.py:830} INFO - Processing file /opt/airflow/dags/prediction_features_pipeline.py for tasks to queue
[2025-12-31T12:39:38.478+0000] {logging_mixin.py:188} INFO - [2025-12-31T12:39:38.477+0000] {dagbag.py:538} INFO - Filling up the DagBag from /opt/airflow/dags/prediction_features_pipeline.py
[2025-12-31T12:39:38.522+0000] {processor.py:840} INFO - DAG(s) 'match_features_pipeline' retrieved from /opt/airflow/dags/prediction_features_pipeline.py
[2025-12-31T12:39:38.577+0000] {logging_mixin.py:188} INFO - [2025-12-31T12:39:38.576+0000] {dag.py:3036} INFO - Sync 1 DAGs
[2025-12-31T12:39:38.618+0000] {logging_mixin.py:188} INFO - [2025-12-31T12:39:38.617+0000] {dag.py:3823} INFO - Setting next_dagrun for match_features_pipeline to 2025-12-30 00:00:00+00:00, run_after=2025-12-31 00:00:00+00:00
[2025-12-31T12:39:38.652+0000] {processor.py:183} INFO - Processing /opt/airflow/dags/prediction_features_pipeline.py took 0.185 seconds
[2025-12-31T12:40:09.543+0000] {processor.py:161} INFO - Started process (PID=16508) to work on /opt/airflow/dags/prediction_features_pipeline.py
[2025-12-31T12:40:09.545+0000] {processor.py:830} INFO - Processing file /opt/airflow/dags/prediction_features_pipeline.py for tasks to queue
[2025-12-31T12:40:09.548+0000] {logging_mixin.py:188} INFO - [2025-12-31T12:40:09.548+0000] {dagbag.py:538} INFO - Filling up the DagBag from /opt/airflow/dags/prediction_features_pipeline.py
[2025-12-31T12:40:09.604+0000] {processor.py:840} INFO - DAG(s) 'match_features_pipeline' retrieved from /opt/airflow/dags/prediction_features_pipeline.py
[2025-12-31T12:40:09.662+0000] {logging_mixin.py:188} INFO - [2025-12-31T12:40:09.662+0000] {dag.py:3036} INFO - Sync 1 DAGs
[2025-12-31T12:40:09.701+0000] {logging_mixin.py:188} INFO - [2025-12-31T12:40:09.701+0000] {dag.py:3823} INFO - Setting next_dagrun for match_features_pipeline to 2025-12-30 00:00:00+00:00, run_after=2025-12-31 00:00:00+00:00
[2025-12-31T12:40:09.738+0000] {processor.py:183} INFO - Processing /opt/airflow/dags/prediction_features_pipeline.py took 0.203 seconds
[2025-12-31T12:40:40.540+0000] {processor.py:161} INFO - Started process (PID=16528) to work on /opt/airflow/dags/prediction_features_pipeline.py
[2025-12-31T12:40:40.542+0000] {processor.py:830} INFO - Processing file /opt/airflow/dags/prediction_features_pipeline.py for tasks to queue
[2025-12-31T12:40:40.544+0000] {logging_mixin.py:188} INFO - [2025-12-31T12:40:40.544+0000] {dagbag.py:538} INFO - Filling up the DagBag from /opt/airflow/dags/prediction_features_pipeline.py
[2025-12-31T12:40:40.584+0000] {processor.py:840} INFO - DAG(s) 'match_features_pipeline' retrieved from /opt/airflow/dags/prediction_features_pipeline.py
[2025-12-31T12:40:40.628+0000] {logging_mixin.py:188} INFO - [2025-12-31T12:40:40.628+0000] {dag.py:3036} INFO - Sync 1 DAGs
[2025-12-31T12:40:40.681+0000] {logging_mixin.py:188} INFO - [2025-12-31T12:40:40.680+0000] {dag.py:3823} INFO - Setting next_dagrun for match_features_pipeline to 2025-12-30 00:00:00+00:00, run_after=2025-12-31 00:00:00+00:00
[2025-12-31T12:40:40.747+0000] {processor.py:183} INFO - Processing /opt/airflow/dags/prediction_features_pipeline.py took 0.213 seconds
[2025-12-31T12:41:11.625+0000] {processor.py:161} INFO - Started process (PID=16548) to work on /opt/airflow/dags/prediction_features_pipeline.py
[2025-12-31T12:41:11.627+0000] {processor.py:830} INFO - Processing file /opt/airflow/dags/prediction_features_pipeline.py for tasks to queue
[2025-12-31T12:41:11.630+0000] {logging_mixin.py:188} INFO - [2025-12-31T12:41:11.629+0000] {dagbag.py:538} INFO - Filling up the DagBag from /opt/airflow/dags/prediction_features_pipeline.py
[2025-12-31T12:41:11.687+0000] {processor.py:840} INFO - DAG(s) 'match_features_pipeline' retrieved from /opt/airflow/dags/prediction_features_pipeline.py
[2025-12-31T12:41:11.738+0000] {logging_mixin.py:188} INFO - [2025-12-31T12:41:11.738+0000] {dag.py:3036} INFO - Sync 1 DAGs
[2025-12-31T12:41:11.780+0000] {logging_mixin.py:188} INFO - [2025-12-31T12:41:11.780+0000] {dag.py:3823} INFO - Setting next_dagrun for match_features_pipeline to 2025-12-30 00:00:00+00:00, run_after=2025-12-31 00:00:00+00:00
[2025-12-31T12:41:11.821+0000] {processor.py:183} INFO - Processing /opt/airflow/dags/prediction_features_pipeline.py took 0.205 seconds
[2025-12-31T12:41:42.554+0000] {processor.py:161} INFO - Started process (PID=16568) to work on /opt/airflow/dags/prediction_features_pipeline.py
[2025-12-31T12:41:42.557+0000] {processor.py:830} INFO - Processing file /opt/airflow/dags/prediction_features_pipeline.py for tasks to queue
[2025-12-31T12:41:42.559+0000] {logging_mixin.py:188} INFO - [2025-12-31T12:41:42.558+0000] {dagbag.py:538} INFO - Filling up the DagBag from /opt/airflow/dags/prediction_features_pipeline.py
[2025-12-31T12:41:42.600+0000] {processor.py:840} INFO - DAG(s) 'match_features_pipeline' retrieved from /opt/airflow/dags/prediction_features_pipeline.py
[2025-12-31T12:41:42.648+0000] {logging_mixin.py:188} INFO - [2025-12-31T12:41:42.648+0000] {dag.py:3036} INFO - Sync 1 DAGs
[2025-12-31T12:41:42.705+0000] {logging_mixin.py:188} INFO - [2025-12-31T12:41:42.704+0000] {dag.py:3823} INFO - Setting next_dagrun for match_features_pipeline to 2025-12-30 00:00:00+00:00, run_after=2025-12-31 00:00:00+00:00
[2025-12-31T12:41:42.758+0000] {processor.py:183} INFO - Processing /opt/airflow/dags/prediction_features_pipeline.py took 0.210 seconds
[2025-12-31T12:42:13.789+0000] {processor.py:161} INFO - Started process (PID=16588) to work on /opt/airflow/dags/prediction_features_pipeline.py
[2025-12-31T12:42:13.792+0000] {processor.py:830} INFO - Processing file /opt/airflow/dags/prediction_features_pipeline.py for tasks to queue
[2025-12-31T12:42:13.794+0000] {logging_mixin.py:188} INFO - [2025-12-31T12:42:13.793+0000] {dagbag.py:538} INFO - Filling up the DagBag from /opt/airflow/dags/prediction_features_pipeline.py
[2025-12-31T12:42:13.871+0000] {processor.py:840} INFO - DAG(s) 'match_features_pipeline' retrieved from /opt/airflow/dags/prediction_features_pipeline.py
[2025-12-31T12:42:13.933+0000] {logging_mixin.py:188} INFO - [2025-12-31T12:42:13.932+0000] {dag.py:3036} INFO - Sync 1 DAGs
[2025-12-31T12:42:13.981+0000] {logging_mixin.py:188} INFO - [2025-12-31T12:42:13.981+0000] {dag.py:3823} INFO - Setting next_dagrun for match_features_pipeline to 2025-12-30 00:00:00+00:00, run_after=2025-12-31 00:00:00+00:00
[2025-12-31T12:42:14.022+0000] {processor.py:183} INFO - Processing /opt/airflow/dags/prediction_features_pipeline.py took 0.241 seconds
[2025-12-31T12:42:44.808+0000] {processor.py:161} INFO - Started process (PID=16608) to work on /opt/airflow/dags/prediction_features_pipeline.py
[2025-12-31T12:42:44.811+0000] {processor.py:830} INFO - Processing file /opt/airflow/dags/prediction_features_pipeline.py for tasks to queue
[2025-12-31T12:42:44.813+0000] {logging_mixin.py:188} INFO - [2025-12-31T12:42:44.812+0000] {dagbag.py:538} INFO - Filling up the DagBag from /opt/airflow/dags/prediction_features_pipeline.py
[2025-12-31T12:42:44.853+0000] {processor.py:840} INFO - DAG(s) 'match_features_pipeline' retrieved from /opt/airflow/dags/prediction_features_pipeline.py
[2025-12-31T12:42:44.894+0000] {logging_mixin.py:188} INFO - [2025-12-31T12:42:44.894+0000] {dag.py:3036} INFO - Sync 1 DAGs
[2025-12-31T12:42:44.962+0000] {logging_mixin.py:188} INFO - [2025-12-31T12:42:44.962+0000] {dag.py:3823} INFO - Setting next_dagrun for match_features_pipeline to 2025-12-30 00:00:00+00:00, run_after=2025-12-31 00:00:00+00:00
[2025-12-31T12:42:45.015+0000] {processor.py:183} INFO - Processing /opt/airflow/dags/prediction_features_pipeline.py took 0.215 seconds
[2025-12-31T12:43:15.829+0000] {processor.py:161} INFO - Started process (PID=16628) to work on /opt/airflow/dags/prediction_features_pipeline.py
[2025-12-31T12:43:15.831+0000] {processor.py:830} INFO - Processing file /opt/airflow/dags/prediction_features_pipeline.py for tasks to queue
[2025-12-31T12:43:15.833+0000] {logging_mixin.py:188} INFO - [2025-12-31T12:43:15.832+0000] {dagbag.py:538} INFO - Filling up the DagBag from /opt/airflow/dags/prediction_features_pipeline.py
[2025-12-31T12:43:15.872+0000] {processor.py:840} INFO - DAG(s) 'match_features_pipeline' retrieved from /opt/airflow/dags/prediction_features_pipeline.py
[2025-12-31T12:43:15.931+0000] {logging_mixin.py:188} INFO - [2025-12-31T12:43:15.930+0000] {dag.py:3036} INFO - Sync 1 DAGs
[2025-12-31T12:43:15.992+0000] {logging_mixin.py:188} INFO - [2025-12-31T12:43:15.991+0000] {dag.py:3823} INFO - Setting next_dagrun for match_features_pipeline to 2025-12-30 00:00:00+00:00, run_after=2025-12-31 00:00:00+00:00
[2025-12-31T12:43:16.032+0000] {processor.py:183} INFO - Processing /opt/airflow/dags/prediction_features_pipeline.py took 0.211 seconds
[2025-12-31T12:43:46.951+0000] {processor.py:161} INFO - Started process (PID=16648) to work on /opt/airflow/dags/prediction_features_pipeline.py
[2025-12-31T12:43:46.953+0000] {processor.py:830} INFO - Processing file /opt/airflow/dags/prediction_features_pipeline.py for tasks to queue
[2025-12-31T12:43:46.955+0000] {logging_mixin.py:188} INFO - [2025-12-31T12:43:46.955+0000] {dagbag.py:538} INFO - Filling up the DagBag from /opt/airflow/dags/prediction_features_pipeline.py
[2025-12-31T12:43:47.001+0000] {processor.py:840} INFO - DAG(s) 'match_features_pipeline' retrieved from /opt/airflow/dags/prediction_features_pipeline.py
[2025-12-31T12:43:47.048+0000] {logging_mixin.py:188} INFO - [2025-12-31T12:43:47.048+0000] {dag.py:3036} INFO - Sync 1 DAGs
[2025-12-31T12:43:47.115+0000] {logging_mixin.py:188} INFO - [2025-12-31T12:43:47.115+0000] {dag.py:3823} INFO - Setting next_dagrun for match_features_pipeline to 2025-12-30 00:00:00+00:00, run_after=2025-12-31 00:00:00+00:00
[2025-12-31T12:43:47.176+0000] {processor.py:183} INFO - Processing /opt/airflow/dags/prediction_features_pipeline.py took 0.235 seconds
[2025-12-31T12:44:18.067+0000] {processor.py:161} INFO - Started process (PID=16668) to work on /opt/airflow/dags/prediction_features_pipeline.py
[2025-12-31T12:44:18.069+0000] {processor.py:830} INFO - Processing file /opt/airflow/dags/prediction_features_pipeline.py for tasks to queue
[2025-12-31T12:44:18.072+0000] {logging_mixin.py:188} INFO - [2025-12-31T12:44:18.071+0000] {dagbag.py:538} INFO - Filling up the DagBag from /opt/airflow/dags/prediction_features_pipeline.py
[2025-12-31T12:44:18.116+0000] {processor.py:840} INFO - DAG(s) 'match_features_pipeline' retrieved from /opt/airflow/dags/prediction_features_pipeline.py
[2025-12-31T12:44:18.160+0000] {logging_mixin.py:188} INFO - [2025-12-31T12:44:18.159+0000] {dag.py:3036} INFO - Sync 1 DAGs
[2025-12-31T12:44:18.212+0000] {logging_mixin.py:188} INFO - [2025-12-31T12:44:18.212+0000] {dag.py:3823} INFO - Setting next_dagrun for match_features_pipeline to 2025-12-30 00:00:00+00:00, run_after=2025-12-31 00:00:00+00:00
[2025-12-31T12:44:18.251+0000] {processor.py:183} INFO - Processing /opt/airflow/dags/prediction_features_pipeline.py took 0.191 seconds
[2025-12-31T12:44:49.185+0000] {processor.py:161} INFO - Started process (PID=16688) to work on /opt/airflow/dags/prediction_features_pipeline.py
[2025-12-31T12:44:49.187+0000] {processor.py:830} INFO - Processing file /opt/airflow/dags/prediction_features_pipeline.py for tasks to queue
[2025-12-31T12:44:49.190+0000] {logging_mixin.py:188} INFO - [2025-12-31T12:44:49.189+0000] {dagbag.py:538} INFO - Filling up the DagBag from /opt/airflow/dags/prediction_features_pipeline.py
[2025-12-31T12:44:49.242+0000] {processor.py:840} INFO - DAG(s) 'match_features_pipeline' retrieved from /opt/airflow/dags/prediction_features_pipeline.py
[2025-12-31T12:44:49.302+0000] {logging_mixin.py:188} INFO - [2025-12-31T12:44:49.302+0000] {dag.py:3036} INFO - Sync 1 DAGs
[2025-12-31T12:44:49.344+0000] {logging_mixin.py:188} INFO - [2025-12-31T12:44:49.344+0000] {dag.py:3823} INFO - Setting next_dagrun for match_features_pipeline to 2025-12-30 00:00:00+00:00, run_after=2025-12-31 00:00:00+00:00
[2025-12-31T12:44:49.380+0000] {processor.py:183} INFO - Processing /opt/airflow/dags/prediction_features_pipeline.py took 0.201 seconds
[2025-12-31T12:45:20.209+0000] {processor.py:161} INFO - Started process (PID=16708) to work on /opt/airflow/dags/prediction_features_pipeline.py
[2025-12-31T12:45:20.212+0000] {processor.py:830} INFO - Processing file /opt/airflow/dags/prediction_features_pipeline.py for tasks to queue
[2025-12-31T12:45:20.214+0000] {logging_mixin.py:188} INFO - [2025-12-31T12:45:20.214+0000] {dagbag.py:538} INFO - Filling up the DagBag from /opt/airflow/dags/prediction_features_pipeline.py
[2025-12-31T12:45:20.259+0000] {processor.py:840} INFO - DAG(s) 'match_features_pipeline' retrieved from /opt/airflow/dags/prediction_features_pipeline.py
[2025-12-31T12:45:20.304+0000] {logging_mixin.py:188} INFO - [2025-12-31T12:45:20.303+0000] {dag.py:3036} INFO - Sync 1 DAGs
[2025-12-31T12:45:20.355+0000] {logging_mixin.py:188} INFO - [2025-12-31T12:45:20.354+0000] {dag.py:3823} INFO - Setting next_dagrun for match_features_pipeline to 2025-12-30 00:00:00+00:00, run_after=2025-12-31 00:00:00+00:00
[2025-12-31T12:45:20.392+0000] {processor.py:183} INFO - Processing /opt/airflow/dags/prediction_features_pipeline.py took 0.190 seconds
[2025-12-31T12:45:51.285+0000] {processor.py:161} INFO - Started process (PID=16728) to work on /opt/airflow/dags/prediction_features_pipeline.py
[2025-12-31T12:45:51.290+0000] {processor.py:830} INFO - Processing file /opt/airflow/dags/prediction_features_pipeline.py for tasks to queue
[2025-12-31T12:45:51.294+0000] {logging_mixin.py:188} INFO - [2025-12-31T12:45:51.293+0000] {dagbag.py:538} INFO - Filling up the DagBag from /opt/airflow/dags/prediction_features_pipeline.py
[2025-12-31T12:45:51.354+0000] {processor.py:840} INFO - DAG(s) 'match_features_pipeline' retrieved from /opt/airflow/dags/prediction_features_pipeline.py
[2025-12-31T12:45:51.405+0000] {logging_mixin.py:188} INFO - [2025-12-31T12:45:51.404+0000] {dag.py:3036} INFO - Sync 1 DAGs
[2025-12-31T12:45:51.456+0000] {logging_mixin.py:188} INFO - [2025-12-31T12:45:51.456+0000] {dag.py:3823} INFO - Setting next_dagrun for match_features_pipeline to 2025-12-30 00:00:00+00:00, run_after=2025-12-31 00:00:00+00:00
[2025-12-31T12:45:51.506+0000] {processor.py:183} INFO - Processing /opt/airflow/dags/prediction_features_pipeline.py took 0.228 seconds
[2025-12-31T12:46:22.435+0000] {processor.py:161} INFO - Started process (PID=16748) to work on /opt/airflow/dags/prediction_features_pipeline.py
[2025-12-31T12:46:22.438+0000] {processor.py:830} INFO - Processing file /opt/airflow/dags/prediction_features_pipeline.py for tasks to queue
[2025-12-31T12:46:22.440+0000] {logging_mixin.py:188} INFO - [2025-12-31T12:46:22.439+0000] {dagbag.py:538} INFO - Filling up the DagBag from /opt/airflow/dags/prediction_features_pipeline.py
[2025-12-31T12:46:22.484+0000] {processor.py:840} INFO - DAG(s) 'match_features_pipeline' retrieved from /opt/airflow/dags/prediction_features_pipeline.py
[2025-12-31T12:46:22.541+0000] {logging_mixin.py:188} INFO - [2025-12-31T12:46:22.540+0000] {dag.py:3036} INFO - Sync 1 DAGs
[2025-12-31T12:46:22.590+0000] {logging_mixin.py:188} INFO - [2025-12-31T12:46:22.589+0000] {dag.py:3823} INFO - Setting next_dagrun for match_features_pipeline to 2025-12-30 00:00:00+00:00, run_after=2025-12-31 00:00:00+00:00
[2025-12-31T12:46:22.650+0000] {processor.py:183} INFO - Processing /opt/airflow/dags/prediction_features_pipeline.py took 0.220 seconds
[2025-12-31T12:46:53.577+0000] {processor.py:161} INFO - Started process (PID=16768) to work on /opt/airflow/dags/prediction_features_pipeline.py
[2025-12-31T12:46:53.580+0000] {processor.py:830} INFO - Processing file /opt/airflow/dags/prediction_features_pipeline.py for tasks to queue
[2025-12-31T12:46:53.582+0000] {logging_mixin.py:188} INFO - [2025-12-31T12:46:53.581+0000] {dagbag.py:538} INFO - Filling up the DagBag from /opt/airflow/dags/prediction_features_pipeline.py
[2025-12-31T12:46:53.637+0000] {processor.py:840} INFO - DAG(s) 'match_features_pipeline' retrieved from /opt/airflow/dags/prediction_features_pipeline.py
[2025-12-31T12:46:53.684+0000] {logging_mixin.py:188} INFO - [2025-12-31T12:46:53.683+0000] {dag.py:3036} INFO - Sync 1 DAGs
[2025-12-31T12:46:53.723+0000] {logging_mixin.py:188} INFO - [2025-12-31T12:46:53.722+0000] {dag.py:3823} INFO - Setting next_dagrun for match_features_pipeline to 2025-12-30 00:00:00+00:00, run_after=2025-12-31 00:00:00+00:00
[2025-12-31T12:46:53.755+0000] {processor.py:183} INFO - Processing /opt/airflow/dags/prediction_features_pipeline.py took 0.185 seconds
[2025-12-31T12:47:24.583+0000] {processor.py:161} INFO - Started process (PID=16788) to work on /opt/airflow/dags/prediction_features_pipeline.py
[2025-12-31T12:47:24.585+0000] {processor.py:830} INFO - Processing file /opt/airflow/dags/prediction_features_pipeline.py for tasks to queue
[2025-12-31T12:47:24.587+0000] {logging_mixin.py:188} INFO - [2025-12-31T12:47:24.586+0000] {dagbag.py:538} INFO - Filling up the DagBag from /opt/airflow/dags/prediction_features_pipeline.py
[2025-12-31T12:47:24.629+0000] {processor.py:840} INFO - DAG(s) 'match_features_pipeline' retrieved from /opt/airflow/dags/prediction_features_pipeline.py
[2025-12-31T12:47:24.676+0000] {logging_mixin.py:188} INFO - [2025-12-31T12:47:24.675+0000] {dag.py:3036} INFO - Sync 1 DAGs
[2025-12-31T12:47:24.726+0000] {logging_mixin.py:188} INFO - [2025-12-31T12:47:24.726+0000] {dag.py:3823} INFO - Setting next_dagrun for match_features_pipeline to 2025-12-30 00:00:00+00:00, run_after=2025-12-31 00:00:00+00:00
[2025-12-31T12:47:24.763+0000] {processor.py:183} INFO - Processing /opt/airflow/dags/prediction_features_pipeline.py took 0.186 seconds
[2025-12-31T12:47:55.579+0000] {processor.py:161} INFO - Started process (PID=16808) to work on /opt/airflow/dags/prediction_features_pipeline.py
[2025-12-31T12:47:55.582+0000] {processor.py:830} INFO - Processing file /opt/airflow/dags/prediction_features_pipeline.py for tasks to queue
[2025-12-31T12:47:55.584+0000] {logging_mixin.py:188} INFO - [2025-12-31T12:47:55.583+0000] {dagbag.py:538} INFO - Filling up the DagBag from /opt/airflow/dags/prediction_features_pipeline.py
[2025-12-31T12:47:55.651+0000] {processor.py:840} INFO - DAG(s) 'match_features_pipeline' retrieved from /opt/airflow/dags/prediction_features_pipeline.py
[2025-12-31T12:47:55.700+0000] {logging_mixin.py:188} INFO - [2025-12-31T12:47:55.700+0000] {dag.py:3036} INFO - Sync 1 DAGs
[2025-12-31T12:47:55.744+0000] {logging_mixin.py:188} INFO - [2025-12-31T12:47:55.744+0000] {dag.py:3823} INFO - Setting next_dagrun for match_features_pipeline to 2025-12-30 00:00:00+00:00, run_after=2025-12-31 00:00:00+00:00
[2025-12-31T12:47:55.781+0000] {processor.py:183} INFO - Processing /opt/airflow/dags/prediction_features_pipeline.py took 0.210 seconds
[2025-12-31T12:48:26.665+0000] {processor.py:161} INFO - Started process (PID=16828) to work on /opt/airflow/dags/prediction_features_pipeline.py
[2025-12-31T12:48:26.668+0000] {processor.py:830} INFO - Processing file /opt/airflow/dags/prediction_features_pipeline.py for tasks to queue
[2025-12-31T12:48:26.669+0000] {logging_mixin.py:188} INFO - [2025-12-31T12:48:26.669+0000] {dagbag.py:538} INFO - Filling up the DagBag from /opt/airflow/dags/prediction_features_pipeline.py
[2025-12-31T12:48:26.720+0000] {processor.py:840} INFO - DAG(s) 'match_features_pipeline' retrieved from /opt/airflow/dags/prediction_features_pipeline.py
[2025-12-31T12:48:26.772+0000] {logging_mixin.py:188} INFO - [2025-12-31T12:48:26.772+0000] {dag.py:3036} INFO - Sync 1 DAGs
[2025-12-31T12:48:26.815+0000] {logging_mixin.py:188} INFO - [2025-12-31T12:48:26.815+0000] {dag.py:3823} INFO - Setting next_dagrun for match_features_pipeline to 2025-12-30 00:00:00+00:00, run_after=2025-12-31 00:00:00+00:00
[2025-12-31T12:48:26.875+0000] {processor.py:183} INFO - Processing /opt/airflow/dags/prediction_features_pipeline.py took 0.217 seconds
[2025-12-31T12:48:57.659+0000] {processor.py:161} INFO - Started process (PID=16848) to work on /opt/airflow/dags/prediction_features_pipeline.py
[2025-12-31T12:48:57.662+0000] {processor.py:830} INFO - Processing file /opt/airflow/dags/prediction_features_pipeline.py for tasks to queue
[2025-12-31T12:48:57.665+0000] {logging_mixin.py:188} INFO - [2025-12-31T12:48:57.664+0000] {dagbag.py:538} INFO - Filling up the DagBag from /opt/airflow/dags/prediction_features_pipeline.py
[2025-12-31T12:48:57.707+0000] {processor.py:840} INFO - DAG(s) 'match_features_pipeline' retrieved from /opt/airflow/dags/prediction_features_pipeline.py
[2025-12-31T12:48:57.749+0000] {logging_mixin.py:188} INFO - [2025-12-31T12:48:57.749+0000] {dag.py:3036} INFO - Sync 1 DAGs
[2025-12-31T12:48:57.796+0000] {logging_mixin.py:188} INFO - [2025-12-31T12:48:57.795+0000] {dag.py:3823} INFO - Setting next_dagrun for match_features_pipeline to 2025-12-30 00:00:00+00:00, run_after=2025-12-31 00:00:00+00:00
[2025-12-31T12:48:57.839+0000] {processor.py:183} INFO - Processing /opt/airflow/dags/prediction_features_pipeline.py took 0.188 seconds
[2025-12-31T12:49:28.912+0000] {processor.py:161} INFO - Started process (PID=16868) to work on /opt/airflow/dags/prediction_features_pipeline.py
[2025-12-31T12:49:28.915+0000] {processor.py:830} INFO - Processing file /opt/airflow/dags/prediction_features_pipeline.py for tasks to queue
[2025-12-31T12:49:28.917+0000] {logging_mixin.py:188} INFO - [2025-12-31T12:49:28.916+0000] {dagbag.py:538} INFO - Filling up the DagBag from /opt/airflow/dags/prediction_features_pipeline.py
[2025-12-31T12:49:28.960+0000] {processor.py:840} INFO - DAG(s) 'match_features_pipeline' retrieved from /opt/airflow/dags/prediction_features_pipeline.py
[2025-12-31T12:49:29.038+0000] {logging_mixin.py:188} INFO - [2025-12-31T12:49:29.038+0000] {dag.py:3036} INFO - Sync 1 DAGs
[2025-12-31T12:49:29.087+0000] {logging_mixin.py:188} INFO - [2025-12-31T12:49:29.087+0000] {dag.py:3823} INFO - Setting next_dagrun for match_features_pipeline to 2025-12-30 00:00:00+00:00, run_after=2025-12-31 00:00:00+00:00
[2025-12-31T12:49:29.127+0000] {processor.py:183} INFO - Processing /opt/airflow/dags/prediction_features_pipeline.py took 0.221 seconds
[2025-12-31T12:49:59.955+0000] {processor.py:161} INFO - Started process (PID=16888) to work on /opt/airflow/dags/prediction_features_pipeline.py
[2025-12-31T12:49:59.957+0000] {processor.py:830} INFO - Processing file /opt/airflow/dags/prediction_features_pipeline.py for tasks to queue
[2025-12-31T12:49:59.959+0000] {logging_mixin.py:188} INFO - [2025-12-31T12:49:59.959+0000] {dagbag.py:538} INFO - Filling up the DagBag from /opt/airflow/dags/prediction_features_pipeline.py
[2025-12-31T12:50:00.006+0000] {processor.py:840} INFO - DAG(s) 'match_features_pipeline' retrieved from /opt/airflow/dags/prediction_features_pipeline.py
[2025-12-31T12:50:00.058+0000] {logging_mixin.py:188} INFO - [2025-12-31T12:50:00.057+0000] {dag.py:3036} INFO - Sync 1 DAGs
[2025-12-31T12:50:00.109+0000] {logging_mixin.py:188} INFO - [2025-12-31T12:50:00.108+0000] {dag.py:3823} INFO - Setting next_dagrun for match_features_pipeline to 2025-12-30 00:00:00+00:00, run_after=2025-12-31 00:00:00+00:00
[2025-12-31T12:50:00.146+0000] {processor.py:183} INFO - Processing /opt/airflow/dags/prediction_features_pipeline.py took 0.202 seconds
[2025-12-31T12:50:30.921+0000] {processor.py:161} INFO - Started process (PID=16908) to work on /opt/airflow/dags/prediction_features_pipeline.py
[2025-12-31T12:50:30.928+0000] {processor.py:830} INFO - Processing file /opt/airflow/dags/prediction_features_pipeline.py for tasks to queue
[2025-12-31T12:50:30.932+0000] {logging_mixin.py:188} INFO - [2025-12-31T12:50:30.931+0000] {dagbag.py:538} INFO - Filling up the DagBag from /opt/airflow/dags/prediction_features_pipeline.py
[2025-12-31T12:50:30.980+0000] {processor.py:840} INFO - DAG(s) 'match_features_pipeline' retrieved from /opt/airflow/dags/prediction_features_pipeline.py
[2025-12-31T12:50:31.029+0000] {logging_mixin.py:188} INFO - [2025-12-31T12:50:31.028+0000] {dag.py:3036} INFO - Sync 1 DAGs
[2025-12-31T12:50:31.084+0000] {logging_mixin.py:188} INFO - [2025-12-31T12:50:31.083+0000] {dag.py:3823} INFO - Setting next_dagrun for match_features_pipeline to 2025-12-30 00:00:00+00:00, run_after=2025-12-31 00:00:00+00:00
[2025-12-31T12:50:31.158+0000] {processor.py:183} INFO - Processing /opt/airflow/dags/prediction_features_pipeline.py took 0.249 seconds
[2025-12-31T12:51:02.064+0000] {processor.py:161} INFO - Started process (PID=16928) to work on /opt/airflow/dags/prediction_features_pipeline.py
[2025-12-31T12:51:02.066+0000] {processor.py:830} INFO - Processing file /opt/airflow/dags/prediction_features_pipeline.py for tasks to queue
[2025-12-31T12:51:02.068+0000] {logging_mixin.py:188} INFO - [2025-12-31T12:51:02.068+0000] {dagbag.py:538} INFO - Filling up the DagBag from /opt/airflow/dags/prediction_features_pipeline.py
[2025-12-31T12:51:02.132+0000] {processor.py:840} INFO - DAG(s) 'match_features_pipeline' retrieved from /opt/airflow/dags/prediction_features_pipeline.py
[2025-12-31T12:51:02.186+0000] {logging_mixin.py:188} INFO - [2025-12-31T12:51:02.186+0000] {dag.py:3036} INFO - Sync 1 DAGs
[2025-12-31T12:51:02.225+0000] {logging_mixin.py:188} INFO - [2025-12-31T12:51:02.224+0000] {dag.py:3823} INFO - Setting next_dagrun for match_features_pipeline to 2025-12-30 00:00:00+00:00, run_after=2025-12-31 00:00:00+00:00
[2025-12-31T12:51:02.262+0000] {processor.py:183} INFO - Processing /opt/airflow/dags/prediction_features_pipeline.py took 0.205 seconds
[2025-12-31T12:51:33.227+0000] {processor.py:161} INFO - Started process (PID=16948) to work on /opt/airflow/dags/prediction_features_pipeline.py
[2025-12-31T12:51:33.230+0000] {processor.py:830} INFO - Processing file /opt/airflow/dags/prediction_features_pipeline.py for tasks to queue
[2025-12-31T12:51:33.232+0000] {logging_mixin.py:188} INFO - [2025-12-31T12:51:33.231+0000] {dagbag.py:538} INFO - Filling up the DagBag from /opt/airflow/dags/prediction_features_pipeline.py
[2025-12-31T12:51:33.279+0000] {processor.py:840} INFO - DAG(s) 'match_features_pipeline' retrieved from /opt/airflow/dags/prediction_features_pipeline.py
[2025-12-31T12:51:33.357+0000] {logging_mixin.py:188} INFO - [2025-12-31T12:51:33.356+0000] {dag.py:3036} INFO - Sync 1 DAGs
[2025-12-31T12:51:33.429+0000] {logging_mixin.py:188} INFO - [2025-12-31T12:51:33.429+0000] {dag.py:3823} INFO - Setting next_dagrun for match_features_pipeline to 2025-12-30 00:00:00+00:00, run_after=2025-12-31 00:00:00+00:00
[2025-12-31T12:51:33.497+0000] {processor.py:183} INFO - Processing /opt/airflow/dags/prediction_features_pipeline.py took 0.277 seconds
[2025-12-31T12:52:04.433+0000] {processor.py:161} INFO - Started process (PID=16968) to work on /opt/airflow/dags/prediction_features_pipeline.py
[2025-12-31T12:52:04.436+0000] {processor.py:830} INFO - Processing file /opt/airflow/dags/prediction_features_pipeline.py for tasks to queue
[2025-12-31T12:52:04.438+0000] {logging_mixin.py:188} INFO - [2025-12-31T12:52:04.437+0000] {dagbag.py:538} INFO - Filling up the DagBag from /opt/airflow/dags/prediction_features_pipeline.py
[2025-12-31T12:52:04.487+0000] {processor.py:840} INFO - DAG(s) 'match_features_pipeline' retrieved from /opt/airflow/dags/prediction_features_pipeline.py
[2025-12-31T12:52:04.537+0000] {logging_mixin.py:188} INFO - [2025-12-31T12:52:04.536+0000] {dag.py:3036} INFO - Sync 1 DAGs
[2025-12-31T12:52:04.577+0000] {logging_mixin.py:188} INFO - [2025-12-31T12:52:04.577+0000] {dag.py:3823} INFO - Setting next_dagrun for match_features_pipeline to 2025-12-30 00:00:00+00:00, run_after=2025-12-31 00:00:00+00:00
[2025-12-31T12:52:04.613+0000] {processor.py:183} INFO - Processing /opt/airflow/dags/prediction_features_pipeline.py took 0.188 seconds
[2025-12-31T12:52:35.407+0000] {processor.py:161} INFO - Started process (PID=16988) to work on /opt/airflow/dags/prediction_features_pipeline.py
[2025-12-31T12:52:35.410+0000] {processor.py:830} INFO - Processing file /opt/airflow/dags/prediction_features_pipeline.py for tasks to queue
[2025-12-31T12:52:35.413+0000] {logging_mixin.py:188} INFO - [2025-12-31T12:52:35.412+0000] {dagbag.py:538} INFO - Filling up the DagBag from /opt/airflow/dags/prediction_features_pipeline.py
[2025-12-31T12:52:35.468+0000] {processor.py:840} INFO - DAG(s) 'match_features_pipeline' retrieved from /opt/airflow/dags/prediction_features_pipeline.py
[2025-12-31T12:52:35.533+0000] {logging_mixin.py:188} INFO - [2025-12-31T12:52:35.532+0000] {dag.py:3036} INFO - Sync 1 DAGs
[2025-12-31T12:52:35.586+0000] {logging_mixin.py:188} INFO - [2025-12-31T12:52:35.586+0000] {dag.py:3823} INFO - Setting next_dagrun for match_features_pipeline to 2025-12-30 00:00:00+00:00, run_after=2025-12-31 00:00:00+00:00
[2025-12-31T12:52:35.636+0000] {processor.py:183} INFO - Processing /opt/airflow/dags/prediction_features_pipeline.py took 0.241 seconds
[2025-12-31T12:53:06.375+0000] {processor.py:161} INFO - Started process (PID=17008) to work on /opt/airflow/dags/prediction_features_pipeline.py
[2025-12-31T12:53:06.379+0000] {processor.py:830} INFO - Processing file /opt/airflow/dags/prediction_features_pipeline.py for tasks to queue
[2025-12-31T12:53:06.381+0000] {logging_mixin.py:188} INFO - [2025-12-31T12:53:06.381+0000] {dagbag.py:538} INFO - Filling up the DagBag from /opt/airflow/dags/prediction_features_pipeline.py
[2025-12-31T12:53:06.439+0000] {processor.py:840} INFO - DAG(s) 'match_features_pipeline' retrieved from /opt/airflow/dags/prediction_features_pipeline.py
[2025-12-31T12:53:06.492+0000] {logging_mixin.py:188} INFO - [2025-12-31T12:53:06.491+0000] {dag.py:3036} INFO - Sync 1 DAGs
[2025-12-31T12:53:06.528+0000] {logging_mixin.py:188} INFO - [2025-12-31T12:53:06.528+0000] {dag.py:3823} INFO - Setting next_dagrun for match_features_pipeline to 2025-12-30 00:00:00+00:00, run_after=2025-12-31 00:00:00+00:00
[2025-12-31T12:53:06.572+0000] {processor.py:183} INFO - Processing /opt/airflow/dags/prediction_features_pipeline.py took 0.209 seconds
[2025-12-31T12:53:37.374+0000] {processor.py:161} INFO - Started process (PID=17028) to work on /opt/airflow/dags/prediction_features_pipeline.py
[2025-12-31T12:53:37.376+0000] {processor.py:830} INFO - Processing file /opt/airflow/dags/prediction_features_pipeline.py for tasks to queue
[2025-12-31T12:53:37.378+0000] {logging_mixin.py:188} INFO - [2025-12-31T12:53:37.378+0000] {dagbag.py:538} INFO - Filling up the DagBag from /opt/airflow/dags/prediction_features_pipeline.py
[2025-12-31T12:53:37.441+0000] {processor.py:840} INFO - DAG(s) 'match_features_pipeline' retrieved from /opt/airflow/dags/prediction_features_pipeline.py
[2025-12-31T12:53:37.491+0000] {logging_mixin.py:188} INFO - [2025-12-31T12:53:37.491+0000] {dag.py:3036} INFO - Sync 1 DAGs
[2025-12-31T12:53:37.538+0000] {logging_mixin.py:188} INFO - [2025-12-31T12:53:37.537+0000] {dag.py:3823} INFO - Setting next_dagrun for match_features_pipeline to 2025-12-30 00:00:00+00:00, run_after=2025-12-31 00:00:00+00:00
[2025-12-31T12:53:37.575+0000] {processor.py:183} INFO - Processing /opt/airflow/dags/prediction_features_pipeline.py took 0.207 seconds
[2025-12-31T12:54:08.497+0000] {processor.py:161} INFO - Started process (PID=17048) to work on /opt/airflow/dags/prediction_features_pipeline.py
[2025-12-31T12:54:08.502+0000] {processor.py:830} INFO - Processing file /opt/airflow/dags/prediction_features_pipeline.py for tasks to queue
[2025-12-31T12:54:08.505+0000] {logging_mixin.py:188} INFO - [2025-12-31T12:54:08.505+0000] {dagbag.py:538} INFO - Filling up the DagBag from /opt/airflow/dags/prediction_features_pipeline.py
[2025-12-31T12:54:08.551+0000] {processor.py:840} INFO - DAG(s) 'match_features_pipeline' retrieved from /opt/airflow/dags/prediction_features_pipeline.py
[2025-12-31T12:54:08.598+0000] {logging_mixin.py:188} INFO - [2025-12-31T12:54:08.597+0000] {dag.py:3036} INFO - Sync 1 DAGs
[2025-12-31T12:54:08.652+0000] {logging_mixin.py:188} INFO - [2025-12-31T12:54:08.651+0000] {dag.py:3823} INFO - Setting next_dagrun for match_features_pipeline to 2025-12-30 00:00:00+00:00, run_after=2025-12-31 00:00:00+00:00
[2025-12-31T12:54:08.696+0000] {processor.py:183} INFO - Processing /opt/airflow/dags/prediction_features_pipeline.py took 0.209 seconds
[2025-12-31T12:54:39.605+0000] {processor.py:161} INFO - Started process (PID=17068) to work on /opt/airflow/dags/prediction_features_pipeline.py
[2025-12-31T12:54:39.607+0000] {processor.py:830} INFO - Processing file /opt/airflow/dags/prediction_features_pipeline.py for tasks to queue
[2025-12-31T12:54:39.609+0000] {logging_mixin.py:188} INFO - [2025-12-31T12:54:39.609+0000] {dagbag.py:538} INFO - Filling up the DagBag from /opt/airflow/dags/prediction_features_pipeline.py
[2025-12-31T12:54:39.655+0000] {processor.py:840} INFO - DAG(s) 'match_features_pipeline' retrieved from /opt/airflow/dags/prediction_features_pipeline.py
[2025-12-31T12:54:39.714+0000] {logging_mixin.py:188} INFO - [2025-12-31T12:54:39.713+0000] {dag.py:3036} INFO - Sync 1 DAGs
[2025-12-31T12:54:39.759+0000] {logging_mixin.py:188} INFO - [2025-12-31T12:54:39.758+0000] {dag.py:3823} INFO - Setting next_dagrun for match_features_pipeline to 2025-12-30 00:00:00+00:00, run_after=2025-12-31 00:00:00+00:00
[2025-12-31T12:54:39.801+0000] {processor.py:183} INFO - Processing /opt/airflow/dags/prediction_features_pipeline.py took 0.204 seconds
[2025-12-31T12:55:10.700+0000] {processor.py:161} INFO - Started process (PID=17088) to work on /opt/airflow/dags/prediction_features_pipeline.py
[2025-12-31T12:55:10.706+0000] {processor.py:830} INFO - Processing file /opt/airflow/dags/prediction_features_pipeline.py for tasks to queue
[2025-12-31T12:55:10.711+0000] {logging_mixin.py:188} INFO - [2025-12-31T12:55:10.710+0000] {dagbag.py:538} INFO - Filling up the DagBag from /opt/airflow/dags/prediction_features_pipeline.py
[2025-12-31T12:55:10.766+0000] {processor.py:840} INFO - DAG(s) 'match_features_pipeline' retrieved from /opt/airflow/dags/prediction_features_pipeline.py
[2025-12-31T12:55:10.812+0000] {logging_mixin.py:188} INFO - [2025-12-31T12:55:10.812+0000] {dag.py:3036} INFO - Sync 1 DAGs
[2025-12-31T12:55:10.853+0000] {logging_mixin.py:188} INFO - [2025-12-31T12:55:10.853+0000] {dag.py:3823} INFO - Setting next_dagrun for match_features_pipeline to 2025-12-30 00:00:00+00:00, run_after=2025-12-31 00:00:00+00:00
[2025-12-31T12:55:10.901+0000] {processor.py:183} INFO - Processing /opt/airflow/dags/prediction_features_pipeline.py took 0.214 seconds
[2025-12-31T12:55:41.699+0000] {processor.py:161} INFO - Started process (PID=17108) to work on /opt/airflow/dags/prediction_features_pipeline.py
[2025-12-31T12:55:41.702+0000] {processor.py:830} INFO - Processing file /opt/airflow/dags/prediction_features_pipeline.py for tasks to queue
[2025-12-31T12:55:41.704+0000] {logging_mixin.py:188} INFO - [2025-12-31T12:55:41.703+0000] {dagbag.py:538} INFO - Filling up the DagBag from /opt/airflow/dags/prediction_features_pipeline.py
[2025-12-31T12:55:41.747+0000] {processor.py:840} INFO - DAG(s) 'match_features_pipeline' retrieved from /opt/airflow/dags/prediction_features_pipeline.py
[2025-12-31T12:55:41.802+0000] {logging_mixin.py:188} INFO - [2025-12-31T12:55:41.801+0000] {dag.py:3036} INFO - Sync 1 DAGs
[2025-12-31T12:55:41.846+0000] {logging_mixin.py:188} INFO - [2025-12-31T12:55:41.845+0000] {dag.py:3823} INFO - Setting next_dagrun for match_features_pipeline to 2025-12-30 00:00:00+00:00, run_after=2025-12-31 00:00:00+00:00
[2025-12-31T12:55:41.893+0000] {processor.py:183} INFO - Processing /opt/airflow/dags/prediction_features_pipeline.py took 0.199 seconds
[2025-12-31T12:56:12.692+0000] {processor.py:161} INFO - Started process (PID=17128) to work on /opt/airflow/dags/prediction_features_pipeline.py
[2025-12-31T12:56:12.695+0000] {processor.py:830} INFO - Processing file /opt/airflow/dags/prediction_features_pipeline.py for tasks to queue
[2025-12-31T12:56:12.697+0000] {logging_mixin.py:188} INFO - [2025-12-31T12:56:12.696+0000] {dagbag.py:538} INFO - Filling up the DagBag from /opt/airflow/dags/prediction_features_pipeline.py
[2025-12-31T12:56:12.752+0000] {processor.py:840} INFO - DAG(s) 'match_features_pipeline' retrieved from /opt/airflow/dags/prediction_features_pipeline.py
[2025-12-31T12:56:12.805+0000] {logging_mixin.py:188} INFO - [2025-12-31T12:56:12.805+0000] {dag.py:3036} INFO - Sync 1 DAGs
[2025-12-31T12:56:12.851+0000] {logging_mixin.py:188} INFO - [2025-12-31T12:56:12.851+0000] {dag.py:3823} INFO - Setting next_dagrun for match_features_pipeline to 2025-12-30 00:00:00+00:00, run_after=2025-12-31 00:00:00+00:00
[2025-12-31T12:56:12.893+0000] {processor.py:183} INFO - Processing /opt/airflow/dags/prediction_features_pipeline.py took 0.210 seconds
[2025-12-31T12:56:43.810+0000] {processor.py:161} INFO - Started process (PID=17148) to work on /opt/airflow/dags/prediction_features_pipeline.py
[2025-12-31T12:56:43.812+0000] {processor.py:830} INFO - Processing file /opt/airflow/dags/prediction_features_pipeline.py for tasks to queue
[2025-12-31T12:56:43.814+0000] {logging_mixin.py:188} INFO - [2025-12-31T12:56:43.814+0000] {dagbag.py:538} INFO - Filling up the DagBag from /opt/airflow/dags/prediction_features_pipeline.py
[2025-12-31T12:56:43.855+0000] {processor.py:840} INFO - DAG(s) 'match_features_pipeline' retrieved from /opt/airflow/dags/prediction_features_pipeline.py
[2025-12-31T12:56:43.899+0000] {logging_mixin.py:188} INFO - [2025-12-31T12:56:43.899+0000] {dag.py:3036} INFO - Sync 1 DAGs
[2025-12-31T12:56:43.950+0000] {logging_mixin.py:188} INFO - [2025-12-31T12:56:43.949+0000] {dag.py:3823} INFO - Setting next_dagrun for match_features_pipeline to 2025-12-30 00:00:00+00:00, run_after=2025-12-31 00:00:00+00:00
[2025-12-31T12:56:44.012+0000] {processor.py:183} INFO - Processing /opt/airflow/dags/prediction_features_pipeline.py took 0.207 seconds
[2025-12-31T12:57:14.930+0000] {processor.py:161} INFO - Started process (PID=17168) to work on /opt/airflow/dags/prediction_features_pipeline.py
[2025-12-31T12:57:14.933+0000] {processor.py:830} INFO - Processing file /opt/airflow/dags/prediction_features_pipeline.py for tasks to queue
[2025-12-31T12:57:14.937+0000] {logging_mixin.py:188} INFO - [2025-12-31T12:57:14.934+0000] {dagbag.py:538} INFO - Filling up the DagBag from /opt/airflow/dags/prediction_features_pipeline.py
[2025-12-31T12:57:14.994+0000] {processor.py:840} INFO - DAG(s) 'match_features_pipeline' retrieved from /opt/airflow/dags/prediction_features_pipeline.py
[2025-12-31T12:57:15.048+0000] {logging_mixin.py:188} INFO - [2025-12-31T12:57:15.048+0000] {dag.py:3036} INFO - Sync 1 DAGs
[2025-12-31T12:57:15.090+0000] {logging_mixin.py:188} INFO - [2025-12-31T12:57:15.090+0000] {dag.py:3823} INFO - Setting next_dagrun for match_features_pipeline to 2025-12-30 00:00:00+00:00, run_after=2025-12-31 00:00:00+00:00
[2025-12-31T12:57:15.127+0000] {processor.py:183} INFO - Processing /opt/airflow/dags/prediction_features_pipeline.py took 0.204 seconds
[2025-12-31T12:57:45.963+0000] {processor.py:161} INFO - Started process (PID=17188) to work on /opt/airflow/dags/prediction_features_pipeline.py
[2025-12-31T12:57:45.966+0000] {processor.py:830} INFO - Processing file /opt/airflow/dags/prediction_features_pipeline.py for tasks to queue
[2025-12-31T12:57:45.968+0000] {logging_mixin.py:188} INFO - [2025-12-31T12:57:45.967+0000] {dagbag.py:538} INFO - Filling up the DagBag from /opt/airflow/dags/prediction_features_pipeline.py
[2025-12-31T12:57:46.019+0000] {processor.py:840} INFO - DAG(s) 'match_features_pipeline' retrieved from /opt/airflow/dags/prediction_features_pipeline.py
[2025-12-31T12:57:46.069+0000] {logging_mixin.py:188} INFO - [2025-12-31T12:57:46.068+0000] {dag.py:3036} INFO - Sync 1 DAGs
[2025-12-31T12:57:46.110+0000] {logging_mixin.py:188} INFO - [2025-12-31T12:57:46.110+0000] {dag.py:3823} INFO - Setting next_dagrun for match_features_pipeline to 2025-12-30 00:00:00+00:00, run_after=2025-12-31 00:00:00+00:00
[2025-12-31T12:57:46.177+0000] {processor.py:183} INFO - Processing /opt/airflow/dags/prediction_features_pipeline.py took 0.220 seconds
[2025-12-31T12:58:16.961+0000] {processor.py:161} INFO - Started process (PID=17208) to work on /opt/airflow/dags/prediction_features_pipeline.py
[2025-12-31T12:58:16.963+0000] {processor.py:830} INFO - Processing file /opt/airflow/dags/prediction_features_pipeline.py for tasks to queue
[2025-12-31T12:58:16.965+0000] {logging_mixin.py:188} INFO - [2025-12-31T12:58:16.964+0000] {dagbag.py:538} INFO - Filling up the DagBag from /opt/airflow/dags/prediction_features_pipeline.py
[2025-12-31T12:58:17.008+0000] {processor.py:840} INFO - DAG(s) 'match_features_pipeline' retrieved from /opt/airflow/dags/prediction_features_pipeline.py
[2025-12-31T12:58:17.069+0000] {logging_mixin.py:188} INFO - [2025-12-31T12:58:17.068+0000] {dag.py:3036} INFO - Sync 1 DAGs
[2025-12-31T12:58:17.116+0000] {logging_mixin.py:188} INFO - [2025-12-31T12:58:17.115+0000] {dag.py:3823} INFO - Setting next_dagrun for match_features_pipeline to 2025-12-30 00:00:00+00:00, run_after=2025-12-31 00:00:00+00:00
[2025-12-31T12:58:17.174+0000] {processor.py:183} INFO - Processing /opt/airflow/dags/prediction_features_pipeline.py took 0.221 seconds
[2025-12-31T12:58:47.999+0000] {processor.py:161} INFO - Started process (PID=17228) to work on /opt/airflow/dags/prediction_features_pipeline.py
[2025-12-31T12:58:48.002+0000] {processor.py:830} INFO - Processing file /opt/airflow/dags/prediction_features_pipeline.py for tasks to queue
[2025-12-31T12:58:48.004+0000] {logging_mixin.py:188} INFO - [2025-12-31T12:58:48.003+0000] {dagbag.py:538} INFO - Filling up the DagBag from /opt/airflow/dags/prediction_features_pipeline.py
[2025-12-31T12:58:48.062+0000] {processor.py:840} INFO - DAG(s) 'match_features_pipeline' retrieved from /opt/airflow/dags/prediction_features_pipeline.py
[2025-12-31T12:58:48.113+0000] {logging_mixin.py:188} INFO - [2025-12-31T12:58:48.112+0000] {dag.py:3036} INFO - Sync 1 DAGs
[2025-12-31T12:58:48.152+0000] {logging_mixin.py:188} INFO - [2025-12-31T12:58:48.152+0000] {dag.py:3823} INFO - Setting next_dagrun for match_features_pipeline to 2025-12-30 00:00:00+00:00, run_after=2025-12-31 00:00:00+00:00
[2025-12-31T12:58:48.187+0000] {processor.py:183} INFO - Processing /opt/airflow/dags/prediction_features_pipeline.py took 0.193 seconds
[2025-12-31T12:59:18.978+0000] {processor.py:161} INFO - Started process (PID=17248) to work on /opt/airflow/dags/prediction_features_pipeline.py
[2025-12-31T12:59:18.985+0000] {processor.py:830} INFO - Processing file /opt/airflow/dags/prediction_features_pipeline.py for tasks to queue
[2025-12-31T12:59:18.987+0000] {logging_mixin.py:188} INFO - [2025-12-31T12:59:18.986+0000] {dagbag.py:538} INFO - Filling up the DagBag from /opt/airflow/dags/prediction_features_pipeline.py
[2025-12-31T12:59:19.029+0000] {processor.py:840} INFO - DAG(s) 'match_features_pipeline' retrieved from /opt/airflow/dags/prediction_features_pipeline.py
[2025-12-31T12:59:19.071+0000] {logging_mixin.py:188} INFO - [2025-12-31T12:59:19.071+0000] {dag.py:3036} INFO - Sync 1 DAGs
[2025-12-31T12:59:19.113+0000] {logging_mixin.py:188} INFO - [2025-12-31T12:59:19.112+0000] {dag.py:3823} INFO - Setting next_dagrun for match_features_pipeline to 2025-12-30 00:00:00+00:00, run_after=2025-12-31 00:00:00+00:00
[2025-12-31T12:59:19.174+0000] {processor.py:183} INFO - Processing /opt/airflow/dags/prediction_features_pipeline.py took 0.210 seconds
[2025-12-31T12:59:50.091+0000] {processor.py:161} INFO - Started process (PID=17268) to work on /opt/airflow/dags/prediction_features_pipeline.py
[2025-12-31T12:59:50.093+0000] {processor.py:830} INFO - Processing file /opt/airflow/dags/prediction_features_pipeline.py for tasks to queue
[2025-12-31T12:59:50.095+0000] {logging_mixin.py:188} INFO - [2025-12-31T12:59:50.094+0000] {dagbag.py:538} INFO - Filling up the DagBag from /opt/airflow/dags/prediction_features_pipeline.py
[2025-12-31T12:59:50.153+0000] {processor.py:840} INFO - DAG(s) 'match_features_pipeline' retrieved from /opt/airflow/dags/prediction_features_pipeline.py
[2025-12-31T12:59:50.222+0000] {logging_mixin.py:188} INFO - [2025-12-31T12:59:50.221+0000] {dag.py:3036} INFO - Sync 1 DAGs
[2025-12-31T12:59:50.260+0000] {logging_mixin.py:188} INFO - [2025-12-31T12:59:50.260+0000] {dag.py:3823} INFO - Setting next_dagrun for match_features_pipeline to 2025-12-30 00:00:00+00:00, run_after=2025-12-31 00:00:00+00:00
[2025-12-31T12:59:50.309+0000] {processor.py:183} INFO - Processing /opt/airflow/dags/prediction_features_pipeline.py took 0.226 seconds
[2025-12-31T13:00:21.107+0000] {processor.py:161} INFO - Started process (PID=17288) to work on /opt/airflow/dags/prediction_features_pipeline.py
[2025-12-31T13:00:21.109+0000] {processor.py:830} INFO - Processing file /opt/airflow/dags/prediction_features_pipeline.py for tasks to queue
[2025-12-31T13:00:21.112+0000] {logging_mixin.py:188} INFO - [2025-12-31T13:00:21.111+0000] {dagbag.py:538} INFO - Filling up the DagBag from /opt/airflow/dags/prediction_features_pipeline.py
[2025-12-31T13:00:21.157+0000] {processor.py:840} INFO - DAG(s) 'match_features_pipeline' retrieved from /opt/airflow/dags/prediction_features_pipeline.py
[2025-12-31T13:00:21.223+0000] {logging_mixin.py:188} INFO - [2025-12-31T13:00:21.222+0000] {dag.py:3036} INFO - Sync 1 DAGs
[2025-12-31T13:00:21.278+0000] {logging_mixin.py:188} INFO - [2025-12-31T13:00:21.278+0000] {dag.py:3823} INFO - Setting next_dagrun for match_features_pipeline to 2025-12-30 00:00:00+00:00, run_after=2025-12-31 00:00:00+00:00
[2025-12-31T13:00:22.512+0000] {processor.py:183} INFO - Processing /opt/airflow/dags/prediction_features_pipeline.py took 1.411 seconds
[2025-12-31T13:00:53.376+0000] {processor.py:161} INFO - Started process (PID=17308) to work on /opt/airflow/dags/prediction_features_pipeline.py
[2025-12-31T13:00:53.378+0000] {processor.py:830} INFO - Processing file /opt/airflow/dags/prediction_features_pipeline.py for tasks to queue
[2025-12-31T13:00:53.380+0000] {logging_mixin.py:188} INFO - [2025-12-31T13:00:53.380+0000] {dagbag.py:538} INFO - Filling up the DagBag from /opt/airflow/dags/prediction_features_pipeline.py
[2025-12-31T13:00:53.416+0000] {processor.py:840} INFO - DAG(s) 'match_features_pipeline' retrieved from /opt/airflow/dags/prediction_features_pipeline.py
[2025-12-31T13:00:53.475+0000] {logging_mixin.py:188} INFO - [2025-12-31T13:00:53.475+0000] {dag.py:3036} INFO - Sync 1 DAGs
[2025-12-31T13:00:53.521+0000] {logging_mixin.py:188} INFO - [2025-12-31T13:00:53.521+0000] {dag.py:3823} INFO - Setting next_dagrun for match_features_pipeline to 2025-12-30 00:00:00+00:00, run_after=2025-12-31 00:00:00+00:00
[2025-12-31T13:00:53.584+0000] {processor.py:183} INFO - Processing /opt/airflow/dags/prediction_features_pipeline.py took 0.216 seconds
[2025-12-31T13:01:24.531+0000] {processor.py:161} INFO - Started process (PID=17328) to work on /opt/airflow/dags/prediction_features_pipeline.py
[2025-12-31T13:01:24.533+0000] {processor.py:830} INFO - Processing file /opt/airflow/dags/prediction_features_pipeline.py for tasks to queue
[2025-12-31T13:01:24.535+0000] {logging_mixin.py:188} INFO - [2025-12-31T13:01:24.535+0000] {dagbag.py:538} INFO - Filling up the DagBag from /opt/airflow/dags/prediction_features_pipeline.py
[2025-12-31T13:01:24.581+0000] {processor.py:840} INFO - DAG(s) 'match_features_pipeline' retrieved from /opt/airflow/dags/prediction_features_pipeline.py
[2025-12-31T13:01:24.633+0000] {logging_mixin.py:188} INFO - [2025-12-31T13:01:24.632+0000] {dag.py:3036} INFO - Sync 1 DAGs
[2025-12-31T13:01:24.693+0000] {logging_mixin.py:188} INFO - [2025-12-31T13:01:24.692+0000] {dag.py:3823} INFO - Setting next_dagrun for match_features_pipeline to 2025-12-30 00:00:00+00:00, run_after=2025-12-31 00:00:00+00:00
[2025-12-31T13:01:24.736+0000] {processor.py:183} INFO - Processing /opt/airflow/dags/prediction_features_pipeline.py took 0.215 seconds
[2025-12-31T13:01:55.727+0000] {processor.py:161} INFO - Started process (PID=17348) to work on /opt/airflow/dags/prediction_features_pipeline.py
[2025-12-31T13:01:55.729+0000] {processor.py:830} INFO - Processing file /opt/airflow/dags/prediction_features_pipeline.py for tasks to queue
[2025-12-31T13:01:55.732+0000] {logging_mixin.py:188} INFO - [2025-12-31T13:01:55.731+0000] {dagbag.py:538} INFO - Filling up the DagBag from /opt/airflow/dags/prediction_features_pipeline.py
[2025-12-31T13:01:55.776+0000] {processor.py:840} INFO - DAG(s) 'match_features_pipeline' retrieved from /opt/airflow/dags/prediction_features_pipeline.py
[2025-12-31T13:01:55.819+0000] {logging_mixin.py:188} INFO - [2025-12-31T13:01:55.819+0000] {dag.py:3036} INFO - Sync 1 DAGs
[2025-12-31T13:01:55.880+0000] {logging_mixin.py:188} INFO - [2025-12-31T13:01:55.879+0000] {dag.py:3823} INFO - Setting next_dagrun for match_features_pipeline to 2025-12-30 00:00:00+00:00, run_after=2025-12-31 00:00:00+00:00
[2025-12-31T13:01:55.935+0000] {processor.py:183} INFO - Processing /opt/airflow/dags/prediction_features_pipeline.py took 0.215 seconds
[2025-12-31T13:02:26.745+0000] {processor.py:161} INFO - Started process (PID=17368) to work on /opt/airflow/dags/prediction_features_pipeline.py
[2025-12-31T13:02:26.747+0000] {processor.py:830} INFO - Processing file /opt/airflow/dags/prediction_features_pipeline.py for tasks to queue
[2025-12-31T13:02:26.750+0000] {logging_mixin.py:188} INFO - [2025-12-31T13:02:26.749+0000] {dagbag.py:538} INFO - Filling up the DagBag from /opt/airflow/dags/prediction_features_pipeline.py
[2025-12-31T13:02:26.799+0000] {processor.py:840} INFO - DAG(s) 'match_features_pipeline' retrieved from /opt/airflow/dags/prediction_features_pipeline.py
[2025-12-31T13:02:26.847+0000] {logging_mixin.py:188} INFO - [2025-12-31T13:02:26.846+0000] {dag.py:3036} INFO - Sync 1 DAGs
[2025-12-31T13:02:26.886+0000] {logging_mixin.py:188} INFO - [2025-12-31T13:02:26.885+0000] {dag.py:3823} INFO - Setting next_dagrun for match_features_pipeline to 2025-12-30 00:00:00+00:00, run_after=2025-12-31 00:00:00+00:00
[2025-12-31T13:02:26.953+0000] {processor.py:183} INFO - Processing /opt/airflow/dags/prediction_features_pipeline.py took 0.215 seconds
[2025-12-31T13:02:57.774+0000] {processor.py:161} INFO - Started process (PID=17388) to work on /opt/airflow/dags/prediction_features_pipeline.py
[2025-12-31T13:02:57.776+0000] {processor.py:830} INFO - Processing file /opt/airflow/dags/prediction_features_pipeline.py for tasks to queue
[2025-12-31T13:02:57.780+0000] {logging_mixin.py:188} INFO - [2025-12-31T13:02:57.780+0000] {dagbag.py:538} INFO - Filling up the DagBag from /opt/airflow/dags/prediction_features_pipeline.py
[2025-12-31T13:02:57.834+0000] {processor.py:840} INFO - DAG(s) 'match_features_pipeline' retrieved from /opt/airflow/dags/prediction_features_pipeline.py
[2025-12-31T13:02:57.889+0000] {logging_mixin.py:188} INFO - [2025-12-31T13:02:57.888+0000] {dag.py:3036} INFO - Sync 1 DAGs
[2025-12-31T13:02:57.937+0000] {logging_mixin.py:188} INFO - [2025-12-31T13:02:57.936+0000] {dag.py:3823} INFO - Setting next_dagrun for match_features_pipeline to 2025-12-30 00:00:00+00:00, run_after=2025-12-31 00:00:00+00:00
[2025-12-31T13:02:57.976+0000] {processor.py:183} INFO - Processing /opt/airflow/dags/prediction_features_pipeline.py took 0.210 seconds
[2025-12-31T13:03:28.806+0000] {processor.py:161} INFO - Started process (PID=17408) to work on /opt/airflow/dags/prediction_features_pipeline.py
[2025-12-31T13:03:28.810+0000] {processor.py:830} INFO - Processing file /opt/airflow/dags/prediction_features_pipeline.py for tasks to queue
[2025-12-31T13:03:28.812+0000] {logging_mixin.py:188} INFO - [2025-12-31T13:03:28.811+0000] {dagbag.py:538} INFO - Filling up the DagBag from /opt/airflow/dags/prediction_features_pipeline.py
[2025-12-31T13:03:28.858+0000] {processor.py:840} INFO - DAG(s) 'match_features_pipeline' retrieved from /opt/airflow/dags/prediction_features_pipeline.py
[2025-12-31T13:03:28.906+0000] {logging_mixin.py:188} INFO - [2025-12-31T13:03:28.905+0000] {dag.py:3036} INFO - Sync 1 DAGs
[2025-12-31T13:03:28.959+0000] {logging_mixin.py:188} INFO - [2025-12-31T13:03:28.959+0000] {dag.py:3823} INFO - Setting next_dagrun for match_features_pipeline to 2025-12-30 00:00:00+00:00, run_after=2025-12-31 00:00:00+00:00
[2025-12-31T13:03:29.022+0000] {processor.py:183} INFO - Processing /opt/airflow/dags/prediction_features_pipeline.py took 0.233 seconds
[2025-12-31T13:03:59.881+0000] {processor.py:161} INFO - Started process (PID=17428) to work on /opt/airflow/dags/prediction_features_pipeline.py
[2025-12-31T13:03:59.883+0000] {processor.py:830} INFO - Processing file /opt/airflow/dags/prediction_features_pipeline.py for tasks to queue
[2025-12-31T13:03:59.885+0000] {logging_mixin.py:188} INFO - [2025-12-31T13:03:59.884+0000] {dagbag.py:538} INFO - Filling up the DagBag from /opt/airflow/dags/prediction_features_pipeline.py
[2025-12-31T13:03:59.921+0000] {processor.py:840} INFO - DAG(s) 'match_features_pipeline' retrieved from /opt/airflow/dags/prediction_features_pipeline.py
[2025-12-31T13:03:59.964+0000] {logging_mixin.py:188} INFO - [2025-12-31T13:03:59.964+0000] {dag.py:3036} INFO - Sync 1 DAGs
[2025-12-31T13:04:00.015+0000] {logging_mixin.py:188} INFO - [2025-12-31T13:04:00.014+0000] {dag.py:3823} INFO - Setting next_dagrun for match_features_pipeline to 2025-12-30 00:00:00+00:00, run_after=2025-12-31 00:00:00+00:00
[2025-12-31T13:04:00.056+0000] {processor.py:183} INFO - Processing /opt/airflow/dags/prediction_features_pipeline.py took 0.180 seconds
[2025-12-31T13:04:30.976+0000] {processor.py:161} INFO - Started process (PID=17448) to work on /opt/airflow/dags/prediction_features_pipeline.py
[2025-12-31T13:04:30.979+0000] {processor.py:830} INFO - Processing file /opt/airflow/dags/prediction_features_pipeline.py for tasks to queue
[2025-12-31T13:04:30.982+0000] {logging_mixin.py:188} INFO - [2025-12-31T13:04:30.981+0000] {dagbag.py:538} INFO - Filling up the DagBag from /opt/airflow/dags/prediction_features_pipeline.py
[2025-12-31T13:04:31.028+0000] {processor.py:840} INFO - DAG(s) 'match_features_pipeline' retrieved from /opt/airflow/dags/prediction_features_pipeline.py
[2025-12-31T13:04:31.084+0000] {logging_mixin.py:188} INFO - [2025-12-31T13:04:31.083+0000] {dag.py:3036} INFO - Sync 1 DAGs
[2025-12-31T13:04:31.125+0000] {logging_mixin.py:188} INFO - [2025-12-31T13:04:31.125+0000] {dag.py:3823} INFO - Setting next_dagrun for match_features_pipeline to 2025-12-30 00:00:00+00:00, run_after=2025-12-31 00:00:00+00:00
[2025-12-31T13:04:31.188+0000] {processor.py:183} INFO - Processing /opt/airflow/dags/prediction_features_pipeline.py took 0.219 seconds
[2025-12-31T13:05:01.993+0000] {processor.py:161} INFO - Started process (PID=17468) to work on /opt/airflow/dags/prediction_features_pipeline.py
[2025-12-31T13:05:01.996+0000] {processor.py:830} INFO - Processing file /opt/airflow/dags/prediction_features_pipeline.py for tasks to queue
[2025-12-31T13:05:01.997+0000] {logging_mixin.py:188} INFO - [2025-12-31T13:05:01.997+0000] {dagbag.py:538} INFO - Filling up the DagBag from /opt/airflow/dags/prediction_features_pipeline.py
[2025-12-31T13:05:02.040+0000] {processor.py:840} INFO - DAG(s) 'match_features_pipeline' retrieved from /opt/airflow/dags/prediction_features_pipeline.py
[2025-12-31T13:05:02.095+0000] {logging_mixin.py:188} INFO - [2025-12-31T13:05:02.094+0000] {dag.py:3036} INFO - Sync 1 DAGs
[2025-12-31T13:05:02.141+0000] {logging_mixin.py:188} INFO - [2025-12-31T13:05:02.140+0000] {dag.py:3823} INFO - Setting next_dagrun for match_features_pipeline to 2025-12-30 00:00:00+00:00, run_after=2025-12-31 00:00:00+00:00
[2025-12-31T13:05:02.198+0000] {processor.py:183} INFO - Processing /opt/airflow/dags/prediction_features_pipeline.py took 0.211 seconds
[2025-12-31T13:05:32.998+0000] {processor.py:161} INFO - Started process (PID=17488) to work on /opt/airflow/dags/prediction_features_pipeline.py
[2025-12-31T13:05:33.001+0000] {processor.py:830} INFO - Processing file /opt/airflow/dags/prediction_features_pipeline.py for tasks to queue
[2025-12-31T13:05:33.003+0000] {logging_mixin.py:188} INFO - [2025-12-31T13:05:33.002+0000] {dagbag.py:538} INFO - Filling up the DagBag from /opt/airflow/dags/prediction_features_pipeline.py
[2025-12-31T13:05:33.047+0000] {processor.py:840} INFO - DAG(s) 'match_features_pipeline' retrieved from /opt/airflow/dags/prediction_features_pipeline.py
[2025-12-31T13:05:33.090+0000] {logging_mixin.py:188} INFO - [2025-12-31T13:05:33.090+0000] {dag.py:3036} INFO - Sync 1 DAGs
[2025-12-31T13:05:33.148+0000] {logging_mixin.py:188} INFO - [2025-12-31T13:05:33.147+0000] {dag.py:3823} INFO - Setting next_dagrun for match_features_pipeline to 2025-12-30 00:00:00+00:00, run_after=2025-12-31 00:00:00+00:00
[2025-12-31T13:05:33.185+0000] {processor.py:183} INFO - Processing /opt/airflow/dags/prediction_features_pipeline.py took 0.195 seconds
[2025-12-31T13:06:04.084+0000] {processor.py:161} INFO - Started process (PID=17508) to work on /opt/airflow/dags/prediction_features_pipeline.py
[2025-12-31T13:06:04.088+0000] {processor.py:830} INFO - Processing file /opt/airflow/dags/prediction_features_pipeline.py for tasks to queue
[2025-12-31T13:06:04.092+0000] {logging_mixin.py:188} INFO - [2025-12-31T13:06:04.091+0000] {dagbag.py:538} INFO - Filling up the DagBag from /opt/airflow/dags/prediction_features_pipeline.py
[2025-12-31T13:06:04.159+0000] {processor.py:840} INFO - DAG(s) 'match_features_pipeline' retrieved from /opt/airflow/dags/prediction_features_pipeline.py
[2025-12-31T13:06:04.208+0000] {logging_mixin.py:188} INFO - [2025-12-31T13:06:04.208+0000] {dag.py:3036} INFO - Sync 1 DAGs
[2025-12-31T13:06:04.273+0000] {logging_mixin.py:188} INFO - [2025-12-31T13:06:04.272+0000] {dag.py:3823} INFO - Setting next_dagrun for match_features_pipeline to 2025-12-30 00:00:00+00:00, run_after=2025-12-31 00:00:00+00:00
[2025-12-31T13:06:04.898+0000] {processor.py:183} INFO - Processing /opt/airflow/dags/prediction_features_pipeline.py took 0.823 seconds
[2025-12-31T13:06:35.136+0000] {processor.py:161} INFO - Started process (PID=17528) to work on /opt/airflow/dags/prediction_features_pipeline.py
[2025-12-31T13:06:35.141+0000] {processor.py:830} INFO - Processing file /opt/airflow/dags/prediction_features_pipeline.py for tasks to queue
[2025-12-31T13:06:35.146+0000] {logging_mixin.py:188} INFO - [2025-12-31T13:06:35.145+0000] {dagbag.py:538} INFO - Filling up the DagBag from /opt/airflow/dags/prediction_features_pipeline.py
[2025-12-31T13:06:35.194+0000] {processor.py:840} INFO - DAG(s) 'match_features_pipeline' retrieved from /opt/airflow/dags/prediction_features_pipeline.py
[2025-12-31T13:06:35.252+0000] {logging_mixin.py:188} INFO - [2025-12-31T13:06:35.252+0000] {dag.py:3036} INFO - Sync 1 DAGs
[2025-12-31T13:06:35.321+0000] {logging_mixin.py:188} INFO - [2025-12-31T13:06:35.321+0000] {dag.py:3823} INFO - Setting next_dagrun for match_features_pipeline to 2025-12-30 00:00:00+00:00, run_after=2025-12-31 00:00:00+00:00
[2025-12-31T13:06:35.365+0000] {processor.py:183} INFO - Processing /opt/airflow/dags/prediction_features_pipeline.py took 0.248 seconds
[2025-12-31T13:07:05.535+0000] {processor.py:161} INFO - Started process (PID=17548) to work on /opt/airflow/dags/prediction_features_pipeline.py
[2025-12-31T13:07:05.538+0000] {processor.py:830} INFO - Processing file /opt/airflow/dags/prediction_features_pipeline.py for tasks to queue
[2025-12-31T13:07:05.540+0000] {logging_mixin.py:188} INFO - [2025-12-31T13:07:05.539+0000] {dagbag.py:538} INFO - Filling up the DagBag from /opt/airflow/dags/prediction_features_pipeline.py
[2025-12-31T13:07:05.652+0000] {processor.py:840} INFO - DAG(s) 'match_features_pipeline' retrieved from /opt/airflow/dags/prediction_features_pipeline.py
[2025-12-31T13:07:05.706+0000] {logging_mixin.py:188} INFO - [2025-12-31T13:07:05.705+0000] {dag.py:3036} INFO - Sync 1 DAGs
[2025-12-31T13:07:05.770+0000] {logging_mixin.py:188} INFO - [2025-12-31T13:07:05.770+0000] {dag.py:3823} INFO - Setting next_dagrun for match_features_pipeline to 2025-12-30 00:00:00+00:00, run_after=2025-12-31 00:00:00+00:00
[2025-12-31T13:07:05.828+0000] {processor.py:183} INFO - Processing /opt/airflow/dags/prediction_features_pipeline.py took 0.304 seconds
[2025-12-31T13:07:35.934+0000] {processor.py:161} INFO - Started process (PID=17565) to work on /opt/airflow/dags/prediction_features_pipeline.py
[2025-12-31T13:07:35.936+0000] {processor.py:830} INFO - Processing file /opt/airflow/dags/prediction_features_pipeline.py for tasks to queue
[2025-12-31T13:07:35.938+0000] {logging_mixin.py:188} INFO - [2025-12-31T13:07:35.938+0000] {dagbag.py:538} INFO - Filling up the DagBag from /opt/airflow/dags/prediction_features_pipeline.py
[2025-12-31T13:07:35.985+0000] {processor.py:840} INFO - DAG(s) 'match_features_pipeline' retrieved from /opt/airflow/dags/prediction_features_pipeline.py
[2025-12-31T13:07:36.029+0000] {logging_mixin.py:188} INFO - [2025-12-31T13:07:36.029+0000] {dag.py:3036} INFO - Sync 1 DAGs
[2025-12-31T13:07:36.069+0000] {logging_mixin.py:188} INFO - [2025-12-31T13:07:36.069+0000] {dag.py:3823} INFO - Setting next_dagrun for match_features_pipeline to 2025-12-30 00:00:00+00:00, run_after=2025-12-31 00:00:00+00:00
[2025-12-31T13:07:36.143+0000] {processor.py:183} INFO - Processing /opt/airflow/dags/prediction_features_pipeline.py took 0.214 seconds
[2025-12-31T13:08:06.317+0000] {processor.py:161} INFO - Started process (PID=17585) to work on /opt/airflow/dags/prediction_features_pipeline.py
[2025-12-31T13:08:06.320+0000] {processor.py:830} INFO - Processing file /opt/airflow/dags/prediction_features_pipeline.py for tasks to queue
[2025-12-31T13:08:06.321+0000] {logging_mixin.py:188} INFO - [2025-12-31T13:08:06.321+0000] {dagbag.py:538} INFO - Filling up the DagBag from /opt/airflow/dags/prediction_features_pipeline.py
[2025-12-31T13:08:06.367+0000] {processor.py:840} INFO - DAG(s) 'match_features_pipeline' retrieved from /opt/airflow/dags/prediction_features_pipeline.py
[2025-12-31T13:08:06.414+0000] {logging_mixin.py:188} INFO - [2025-12-31T13:08:06.414+0000] {dag.py:3036} INFO - Sync 1 DAGs
[2025-12-31T13:08:06.455+0000] {logging_mixin.py:188} INFO - [2025-12-31T13:08:06.455+0000] {dag.py:3823} INFO - Setting next_dagrun for match_features_pipeline to 2025-12-30 00:00:00+00:00, run_after=2025-12-31 00:00:00+00:00
[2025-12-31T13:08:06.529+0000] {processor.py:183} INFO - Processing /opt/airflow/dags/prediction_features_pipeline.py took 0.219 seconds
[2025-12-31T13:08:37.453+0000] {processor.py:161} INFO - Started process (PID=17608) to work on /opt/airflow/dags/prediction_features_pipeline.py
[2025-12-31T13:08:37.455+0000] {processor.py:830} INFO - Processing file /opt/airflow/dags/prediction_features_pipeline.py for tasks to queue
[2025-12-31T13:08:37.457+0000] {logging_mixin.py:188} INFO - [2025-12-31T13:08:37.456+0000] {dagbag.py:538} INFO - Filling up the DagBag from /opt/airflow/dags/prediction_features_pipeline.py
[2025-12-31T13:08:37.541+0000] {processor.py:840} INFO - DAG(s) 'match_features_pipeline' retrieved from /opt/airflow/dags/prediction_features_pipeline.py
[2025-12-31T13:08:37.586+0000] {logging_mixin.py:188} INFO - [2025-12-31T13:08:37.586+0000] {dag.py:3036} INFO - Sync 1 DAGs
[2025-12-31T13:08:37.623+0000] {logging_mixin.py:188} INFO - [2025-12-31T13:08:37.623+0000] {dag.py:3823} INFO - Setting next_dagrun for match_features_pipeline to 2025-12-30 00:00:00+00:00, run_after=2025-12-31 00:00:00+00:00
[2025-12-31T13:08:37.684+0000] {processor.py:183} INFO - Processing /opt/airflow/dags/prediction_features_pipeline.py took 0.238 seconds
[2025-12-31T13:09:08.498+0000] {processor.py:161} INFO - Started process (PID=17628) to work on /opt/airflow/dags/prediction_features_pipeline.py
[2025-12-31T13:09:08.501+0000] {processor.py:830} INFO - Processing file /opt/airflow/dags/prediction_features_pipeline.py for tasks to queue
[2025-12-31T13:09:08.503+0000] {logging_mixin.py:188} INFO - [2025-12-31T13:09:08.502+0000] {dagbag.py:538} INFO - Filling up the DagBag from /opt/airflow/dags/prediction_features_pipeline.py
[2025-12-31T13:09:08.542+0000] {processor.py:840} INFO - DAG(s) 'match_features_pipeline' retrieved from /opt/airflow/dags/prediction_features_pipeline.py
[2025-12-31T13:09:08.583+0000] {logging_mixin.py:188} INFO - [2025-12-31T13:09:08.583+0000] {dag.py:3036} INFO - Sync 1 DAGs
[2025-12-31T13:09:09.141+0000] {logging_mixin.py:188} INFO - [2025-12-31T13:09:09.140+0000] {dag.py:3823} INFO - Setting next_dagrun for match_features_pipeline to 2025-12-30 00:00:00+00:00, run_after=2025-12-31 00:00:00+00:00
[2025-12-31T13:09:09.204+0000] {processor.py:183} INFO - Processing /opt/airflow/dags/prediction_features_pipeline.py took 0.715 seconds
[2025-12-31T13:09:40.071+0000] {processor.py:161} INFO - Started process (PID=17648) to work on /opt/airflow/dags/prediction_features_pipeline.py
[2025-12-31T13:09:40.073+0000] {processor.py:830} INFO - Processing file /opt/airflow/dags/prediction_features_pipeline.py for tasks to queue
[2025-12-31T13:09:40.075+0000] {logging_mixin.py:188} INFO - [2025-12-31T13:09:40.074+0000] {dagbag.py:538} INFO - Filling up the DagBag from /opt/airflow/dags/prediction_features_pipeline.py
[2025-12-31T13:09:40.113+0000] {processor.py:840} INFO - DAG(s) 'match_features_pipeline' retrieved from /opt/airflow/dags/prediction_features_pipeline.py
[2025-12-31T13:09:40.155+0000] {logging_mixin.py:188} INFO - [2025-12-31T13:09:40.155+0000] {dag.py:3036} INFO - Sync 1 DAGs
[2025-12-31T13:09:40.193+0000] {logging_mixin.py:188} INFO - [2025-12-31T13:09:40.193+0000] {dag.py:3823} INFO - Setting next_dagrun for match_features_pipeline to 2025-12-30 00:00:00+00:00, run_after=2025-12-31 00:00:00+00:00
[2025-12-31T13:09:40.258+0000] {processor.py:183} INFO - Processing /opt/airflow/dags/prediction_features_pipeline.py took 0.192 seconds
[2025-12-31T13:10:11.094+0000] {processor.py:161} INFO - Started process (PID=17668) to work on /opt/airflow/dags/prediction_features_pipeline.py
[2025-12-31T13:10:11.096+0000] {processor.py:830} INFO - Processing file /opt/airflow/dags/prediction_features_pipeline.py for tasks to queue
[2025-12-31T13:10:11.098+0000] {logging_mixin.py:188} INFO - [2025-12-31T13:10:11.098+0000] {dagbag.py:538} INFO - Filling up the DagBag from /opt/airflow/dags/prediction_features_pipeline.py
[2025-12-31T13:10:11.138+0000] {processor.py:840} INFO - DAG(s) 'match_features_pipeline' retrieved from /opt/airflow/dags/prediction_features_pipeline.py
[2025-12-31T13:10:11.194+0000] {logging_mixin.py:188} INFO - [2025-12-31T13:10:11.194+0000] {dag.py:3036} INFO - Sync 1 DAGs
[2025-12-31T13:10:11.235+0000] {logging_mixin.py:188} INFO - [2025-12-31T13:10:11.235+0000] {dag.py:3823} INFO - Setting next_dagrun for match_features_pipeline to 2025-12-30 00:00:00+00:00, run_after=2025-12-31 00:00:00+00:00
[2025-12-31T13:10:11.268+0000] {processor.py:183} INFO - Processing /opt/airflow/dags/prediction_features_pipeline.py took 0.180 seconds
[2025-12-31T13:10:42.083+0000] {processor.py:161} INFO - Started process (PID=17688) to work on /opt/airflow/dags/prediction_features_pipeline.py
[2025-12-31T13:10:42.085+0000] {processor.py:830} INFO - Processing file /opt/airflow/dags/prediction_features_pipeline.py for tasks to queue
[2025-12-31T13:10:42.087+0000] {logging_mixin.py:188} INFO - [2025-12-31T13:10:42.086+0000] {dagbag.py:538} INFO - Filling up the DagBag from /opt/airflow/dags/prediction_features_pipeline.py
[2025-12-31T13:10:42.128+0000] {processor.py:840} INFO - DAG(s) 'match_features_pipeline' retrieved from /opt/airflow/dags/prediction_features_pipeline.py
[2025-12-31T13:10:42.169+0000] {logging_mixin.py:188} INFO - [2025-12-31T13:10:42.168+0000] {dag.py:3036} INFO - Sync 1 DAGs
[2025-12-31T13:10:42.240+0000] {logging_mixin.py:188} INFO - [2025-12-31T13:10:42.240+0000] {dag.py:3823} INFO - Setting next_dagrun for match_features_pipeline to 2025-12-30 00:00:00+00:00, run_after=2025-12-31 00:00:00+00:00
[2025-12-31T13:10:42.272+0000] {processor.py:183} INFO - Processing /opt/airflow/dags/prediction_features_pipeline.py took 0.195 seconds
[2025-12-31T13:11:13.011+0000] {processor.py:161} INFO - Started process (PID=17708) to work on /opt/airflow/dags/prediction_features_pipeline.py
[2025-12-31T13:11:13.015+0000] {processor.py:830} INFO - Processing file /opt/airflow/dags/prediction_features_pipeline.py for tasks to queue
[2025-12-31T13:11:13.017+0000] {logging_mixin.py:188} INFO - [2025-12-31T13:11:13.016+0000] {dagbag.py:538} INFO - Filling up the DagBag from /opt/airflow/dags/prediction_features_pipeline.py
[2025-12-31T13:11:13.077+0000] {processor.py:840} INFO - DAG(s) 'match_features_pipeline' retrieved from /opt/airflow/dags/prediction_features_pipeline.py
[2025-12-31T13:11:13.122+0000] {logging_mixin.py:188} INFO - [2025-12-31T13:11:13.121+0000] {dag.py:3036} INFO - Sync 1 DAGs
[2025-12-31T13:11:13.160+0000] {logging_mixin.py:188} INFO - [2025-12-31T13:11:13.160+0000] {dag.py:3823} INFO - Setting next_dagrun for match_features_pipeline to 2025-12-30 00:00:00+00:00, run_after=2025-12-31 00:00:00+00:00
[2025-12-31T13:11:13.195+0000] {processor.py:183} INFO - Processing /opt/airflow/dags/prediction_features_pipeline.py took 0.192 seconds
[2025-12-31T13:11:44.127+0000] {processor.py:161} INFO - Started process (PID=17728) to work on /opt/airflow/dags/prediction_features_pipeline.py
[2025-12-31T13:11:44.129+0000] {processor.py:830} INFO - Processing file /opt/airflow/dags/prediction_features_pipeline.py for tasks to queue
[2025-12-31T13:11:44.131+0000] {logging_mixin.py:188} INFO - [2025-12-31T13:11:44.131+0000] {dagbag.py:538} INFO - Filling up the DagBag from /opt/airflow/dags/prediction_features_pipeline.py
[2025-12-31T13:11:44.169+0000] {processor.py:840} INFO - DAG(s) 'match_features_pipeline' retrieved from /opt/airflow/dags/prediction_features_pipeline.py
[2025-12-31T13:11:44.210+0000] {logging_mixin.py:188} INFO - [2025-12-31T13:11:44.208+0000] {dag.py:3036} INFO - Sync 1 DAGs
[2025-12-31T13:11:44.257+0000] {logging_mixin.py:188} INFO - [2025-12-31T13:11:44.257+0000] {dag.py:3823} INFO - Setting next_dagrun for match_features_pipeline to 2025-12-30 00:00:00+00:00, run_after=2025-12-31 00:00:00+00:00
[2025-12-31T13:11:44.674+0000] {processor.py:183} INFO - Processing /opt/airflow/dags/prediction_features_pipeline.py took 0.554 seconds
[2025-12-31T13:12:14.934+0000] {processor.py:161} INFO - Started process (PID=17748) to work on /opt/airflow/dags/prediction_features_pipeline.py
[2025-12-31T13:12:14.936+0000] {processor.py:830} INFO - Processing file /opt/airflow/dags/prediction_features_pipeline.py for tasks to queue
[2025-12-31T13:12:14.937+0000] {logging_mixin.py:188} INFO - [2025-12-31T13:12:14.937+0000] {dagbag.py:538} INFO - Filling up the DagBag from /opt/airflow/dags/prediction_features_pipeline.py
[2025-12-31T13:12:14.974+0000] {processor.py:840} INFO - DAG(s) 'match_features_pipeline' retrieved from /opt/airflow/dags/prediction_features_pipeline.py
[2025-12-31T13:12:15.015+0000] {logging_mixin.py:188} INFO - [2025-12-31T13:12:15.015+0000] {dag.py:3036} INFO - Sync 1 DAGs
[2025-12-31T13:12:15.070+0000] {logging_mixin.py:188} INFO - [2025-12-31T13:12:15.069+0000] {dag.py:3823} INFO - Setting next_dagrun for match_features_pipeline to 2025-12-30 00:00:00+00:00, run_after=2025-12-31 00:00:00+00:00
[2025-12-31T13:12:15.111+0000] {processor.py:183} INFO - Processing /opt/airflow/dags/prediction_features_pipeline.py took 0.184 seconds
[2025-12-31T13:12:46.034+0000] {processor.py:161} INFO - Started process (PID=17768) to work on /opt/airflow/dags/prediction_features_pipeline.py
[2025-12-31T13:12:46.038+0000] {processor.py:830} INFO - Processing file /opt/airflow/dags/prediction_features_pipeline.py for tasks to queue
[2025-12-31T13:12:46.040+0000] {logging_mixin.py:188} INFO - [2025-12-31T13:12:46.040+0000] {dagbag.py:538} INFO - Filling up the DagBag from /opt/airflow/dags/prediction_features_pipeline.py
[2025-12-31T13:12:46.081+0000] {processor.py:840} INFO - DAG(s) 'match_features_pipeline' retrieved from /opt/airflow/dags/prediction_features_pipeline.py
[2025-12-31T13:12:46.131+0000] {logging_mixin.py:188} INFO - [2025-12-31T13:12:46.131+0000] {dag.py:3036} INFO - Sync 1 DAGs
[2025-12-31T13:12:46.171+0000] {logging_mixin.py:188} INFO - [2025-12-31T13:12:46.170+0000] {dag.py:3823} INFO - Setting next_dagrun for match_features_pipeline to 2025-12-30 00:00:00+00:00, run_after=2025-12-31 00:00:00+00:00
[2025-12-31T13:12:46.208+0000] {processor.py:183} INFO - Processing /opt/airflow/dags/prediction_features_pipeline.py took 0.182 seconds
[2025-12-31T13:13:16.897+0000] {processor.py:161} INFO - Started process (PID=17788) to work on /opt/airflow/dags/prediction_features_pipeline.py
[2025-12-31T13:13:16.900+0000] {processor.py:830} INFO - Processing file /opt/airflow/dags/prediction_features_pipeline.py for tasks to queue
[2025-12-31T13:13:16.902+0000] {logging_mixin.py:188} INFO - [2025-12-31T13:13:16.901+0000] {dagbag.py:538} INFO - Filling up the DagBag from /opt/airflow/dags/prediction_features_pipeline.py
[2025-12-31T13:13:16.947+0000] {processor.py:840} INFO - DAG(s) 'match_features_pipeline' retrieved from /opt/airflow/dags/prediction_features_pipeline.py
[2025-12-31T13:13:16.982+0000] {logging_mixin.py:188} INFO - [2025-12-31T13:13:16.982+0000] {dag.py:3036} INFO - Sync 1 DAGs
[2025-12-31T13:13:17.017+0000] {logging_mixin.py:188} INFO - [2025-12-31T13:13:17.016+0000] {dag.py:3823} INFO - Setting next_dagrun for match_features_pipeline to 2025-12-30 00:00:00+00:00, run_after=2025-12-31 00:00:00+00:00
[2025-12-31T13:13:17.081+0000] {processor.py:183} INFO - Processing /opt/airflow/dags/prediction_features_pipeline.py took 0.197 seconds
[2025-12-31T13:13:47.726+0000] {processor.py:161} INFO - Started process (PID=17808) to work on /opt/airflow/dags/prediction_features_pipeline.py
[2025-12-31T13:13:47.728+0000] {processor.py:830} INFO - Processing file /opt/airflow/dags/prediction_features_pipeline.py for tasks to queue
[2025-12-31T13:13:47.730+0000] {logging_mixin.py:188} INFO - [2025-12-31T13:13:47.730+0000] {dagbag.py:538} INFO - Filling up the DagBag from /opt/airflow/dags/prediction_features_pipeline.py
[2025-12-31T13:13:47.790+0000] {processor.py:840} INFO - DAG(s) 'match_features_pipeline' retrieved from /opt/airflow/dags/prediction_features_pipeline.py
[2025-12-31T13:13:47.831+0000] {logging_mixin.py:188} INFO - [2025-12-31T13:13:47.830+0000] {dag.py:3036} INFO - Sync 1 DAGs
[2025-12-31T13:13:47.872+0000] {logging_mixin.py:188} INFO - [2025-12-31T13:13:47.872+0000] {dag.py:3823} INFO - Setting next_dagrun for match_features_pipeline to 2025-12-30 00:00:00+00:00, run_after=2025-12-31 00:00:00+00:00
[2025-12-31T13:13:47.908+0000] {processor.py:183} INFO - Processing /opt/airflow/dags/prediction_features_pipeline.py took 0.188 seconds
[2025-12-31T13:14:18.546+0000] {processor.py:161} INFO - Started process (PID=17828) to work on /opt/airflow/dags/prediction_features_pipeline.py
[2025-12-31T13:14:18.549+0000] {processor.py:830} INFO - Processing file /opt/airflow/dags/prediction_features_pipeline.py for tasks to queue
[2025-12-31T13:14:18.551+0000] {logging_mixin.py:188} INFO - [2025-12-31T13:14:18.550+0000] {dagbag.py:538} INFO - Filling up the DagBag from /opt/airflow/dags/prediction_features_pipeline.py
[2025-12-31T13:14:18.602+0000] {processor.py:840} INFO - DAG(s) 'match_features_pipeline' retrieved from /opt/airflow/dags/prediction_features_pipeline.py
[2025-12-31T13:14:18.647+0000] {logging_mixin.py:188} INFO - [2025-12-31T13:14:18.646+0000] {dag.py:3036} INFO - Sync 1 DAGs
[2025-12-31T13:14:18.683+0000] {logging_mixin.py:188} INFO - [2025-12-31T13:14:18.682+0000] {dag.py:3823} INFO - Setting next_dagrun for match_features_pipeline to 2025-12-30 00:00:00+00:00, run_after=2025-12-31 00:00:00+00:00
[2025-12-31T13:14:18.743+0000] {processor.py:183} INFO - Processing /opt/airflow/dags/prediction_features_pipeline.py took 0.205 seconds
[2025-12-31T13:14:49.306+0000] {processor.py:161} INFO - Started process (PID=17848) to work on /opt/airflow/dags/prediction_features_pipeline.py
[2025-12-31T13:14:49.308+0000] {processor.py:830} INFO - Processing file /opt/airflow/dags/prediction_features_pipeline.py for tasks to queue
[2025-12-31T13:14:49.313+0000] {logging_mixin.py:188} INFO - [2025-12-31T13:14:49.312+0000] {dagbag.py:538} INFO - Filling up the DagBag from /opt/airflow/dags/prediction_features_pipeline.py
[2025-12-31T13:14:49.368+0000] {processor.py:840} INFO - DAG(s) 'match_features_pipeline' retrieved from /opt/airflow/dags/prediction_features_pipeline.py
[2025-12-31T13:14:49.418+0000] {logging_mixin.py:188} INFO - [2025-12-31T13:14:49.418+0000] {dag.py:3036} INFO - Sync 1 DAGs
[2025-12-31T13:14:49.906+0000] {logging_mixin.py:188} INFO - [2025-12-31T13:14:49.906+0000] {dag.py:3823} INFO - Setting next_dagrun for match_features_pipeline to 2025-12-30 00:00:00+00:00, run_after=2025-12-31 00:00:00+00:00
[2025-12-31T13:14:49.974+0000] {processor.py:183} INFO - Processing /opt/airflow/dags/prediction_features_pipeline.py took 0.677 seconds
[2025-12-31T13:15:20.788+0000] {processor.py:161} INFO - Started process (PID=17868) to work on /opt/airflow/dags/prediction_features_pipeline.py
[2025-12-31T13:15:20.790+0000] {processor.py:830} INFO - Processing file /opt/airflow/dags/prediction_features_pipeline.py for tasks to queue
[2025-12-31T13:15:20.792+0000] {logging_mixin.py:188} INFO - [2025-12-31T13:15:20.791+0000] {dagbag.py:538} INFO - Filling up the DagBag from /opt/airflow/dags/prediction_features_pipeline.py
[2025-12-31T13:15:20.833+0000] {processor.py:840} INFO - DAG(s) 'match_features_pipeline' retrieved from /opt/airflow/dags/prediction_features_pipeline.py
[2025-12-31T13:15:20.887+0000] {logging_mixin.py:188} INFO - [2025-12-31T13:15:20.886+0000] {dag.py:3036} INFO - Sync 1 DAGs
[2025-12-31T13:15:20.933+0000] {logging_mixin.py:188} INFO - [2025-12-31T13:15:20.933+0000] {dag.py:3823} INFO - Setting next_dagrun for match_features_pipeline to 2025-12-30 00:00:00+00:00, run_after=2025-12-31 00:00:00+00:00
[2025-12-31T13:15:20.980+0000] {processor.py:183} INFO - Processing /opt/airflow/dags/prediction_features_pipeline.py took 0.201 seconds
[2025-12-31T13:15:51.899+0000] {processor.py:161} INFO - Started process (PID=17888) to work on /opt/airflow/dags/prediction_features_pipeline.py
[2025-12-31T13:15:51.901+0000] {processor.py:830} INFO - Processing file /opt/airflow/dags/prediction_features_pipeline.py for tasks to queue
[2025-12-31T13:15:51.904+0000] {logging_mixin.py:188} INFO - [2025-12-31T13:15:51.903+0000] {dagbag.py:538} INFO - Filling up the DagBag from /opt/airflow/dags/prediction_features_pipeline.py
[2025-12-31T13:15:51.982+0000] {processor.py:840} INFO - DAG(s) 'match_features_pipeline' retrieved from /opt/airflow/dags/prediction_features_pipeline.py
[2025-12-31T13:15:52.023+0000] {logging_mixin.py:188} INFO - [2025-12-31T13:15:52.022+0000] {dag.py:3036} INFO - Sync 1 DAGs
[2025-12-31T13:15:52.065+0000] {logging_mixin.py:188} INFO - [2025-12-31T13:15:52.064+0000] {dag.py:3823} INFO - Setting next_dagrun for match_features_pipeline to 2025-12-30 00:00:00+00:00, run_after=2025-12-31 00:00:00+00:00
[2025-12-31T13:15:52.114+0000] {processor.py:183} INFO - Processing /opt/airflow/dags/prediction_features_pipeline.py took 0.222 seconds
[2025-12-31T13:16:23.011+0000] {processor.py:161} INFO - Started process (PID=17908) to work on /opt/airflow/dags/prediction_features_pipeline.py
[2025-12-31T13:16:23.013+0000] {processor.py:830} INFO - Processing file /opt/airflow/dags/prediction_features_pipeline.py for tasks to queue
[2025-12-31T13:16:23.015+0000] {logging_mixin.py:188} INFO - [2025-12-31T13:16:23.014+0000] {dagbag.py:538} INFO - Filling up the DagBag from /opt/airflow/dags/prediction_features_pipeline.py
[2025-12-31T13:16:23.052+0000] {processor.py:840} INFO - DAG(s) 'match_features_pipeline' retrieved from /opt/airflow/dags/prediction_features_pipeline.py
[2025-12-31T13:16:23.099+0000] {logging_mixin.py:188} INFO - [2025-12-31T13:16:23.098+0000] {dag.py:3036} INFO - Sync 1 DAGs
[2025-12-31T13:16:23.153+0000] {logging_mixin.py:188} INFO - [2025-12-31T13:16:23.152+0000] {dag.py:3823} INFO - Setting next_dagrun for match_features_pipeline to 2025-12-30 00:00:00+00:00, run_after=2025-12-31 00:00:00+00:00
[2025-12-31T13:16:23.195+0000] {processor.py:183} INFO - Processing /opt/airflow/dags/prediction_features_pipeline.py took 0.195 seconds
[2025-12-31T13:16:54.119+0000] {processor.py:161} INFO - Started process (PID=17928) to work on /opt/airflow/dags/prediction_features_pipeline.py
[2025-12-31T13:16:54.121+0000] {processor.py:830} INFO - Processing file /opt/airflow/dags/prediction_features_pipeline.py for tasks to queue
[2025-12-31T13:16:54.123+0000] {logging_mixin.py:188} INFO - [2025-12-31T13:16:54.123+0000] {dagbag.py:538} INFO - Filling up the DagBag from /opt/airflow/dags/prediction_features_pipeline.py
[2025-12-31T13:16:54.162+0000] {processor.py:840} INFO - DAG(s) 'match_features_pipeline' retrieved from /opt/airflow/dags/prediction_features_pipeline.py
[2025-12-31T13:16:54.229+0000] {logging_mixin.py:188} INFO - [2025-12-31T13:16:54.229+0000] {dag.py:3036} INFO - Sync 1 DAGs
[2025-12-31T13:16:54.279+0000] {logging_mixin.py:188} INFO - [2025-12-31T13:16:54.279+0000] {dag.py:3823} INFO - Setting next_dagrun for match_features_pipeline to 2025-12-30 00:00:00+00:00, run_after=2025-12-31 00:00:00+00:00
[2025-12-31T13:16:54.324+0000] {processor.py:183} INFO - Processing /opt/airflow/dags/prediction_features_pipeline.py took 0.211 seconds
[2025-12-31T13:17:24.466+0000] {processor.py:161} INFO - Started process (PID=17945) to work on /opt/airflow/dags/prediction_features_pipeline.py
[2025-12-31T13:17:24.468+0000] {processor.py:830} INFO - Processing file /opt/airflow/dags/prediction_features_pipeline.py for tasks to queue
[2025-12-31T13:17:24.469+0000] {logging_mixin.py:188} INFO - [2025-12-31T13:17:24.469+0000] {dagbag.py:538} INFO - Filling up the DagBag from /opt/airflow/dags/prediction_features_pipeline.py
[2025-12-31T13:17:24.510+0000] {processor.py:840} INFO - DAG(s) 'match_features_pipeline' retrieved from /opt/airflow/dags/prediction_features_pipeline.py
[2025-12-31T13:17:24.554+0000] {logging_mixin.py:188} INFO - [2025-12-31T13:17:24.553+0000] {dag.py:3036} INFO - Sync 1 DAGs
[2025-12-31T13:17:24.598+0000] {logging_mixin.py:188} INFO - [2025-12-31T13:17:24.598+0000] {dag.py:3823} INFO - Setting next_dagrun for match_features_pipeline to 2025-12-30 00:00:00+00:00, run_after=2025-12-31 00:00:00+00:00
[2025-12-31T13:17:25.111+0000] {processor.py:183} INFO - Processing /opt/airflow/dags/prediction_features_pipeline.py took 0.653 seconds
[2025-12-31T13:17:55.363+0000] {processor.py:161} INFO - Started process (PID=17965) to work on /opt/airflow/dags/prediction_features_pipeline.py
[2025-12-31T13:17:55.367+0000] {processor.py:830} INFO - Processing file /opt/airflow/dags/prediction_features_pipeline.py for tasks to queue
[2025-12-31T13:17:55.369+0000] {logging_mixin.py:188} INFO - [2025-12-31T13:17:55.368+0000] {dagbag.py:538} INFO - Filling up the DagBag from /opt/airflow/dags/prediction_features_pipeline.py
[2025-12-31T13:17:55.413+0000] {processor.py:840} INFO - DAG(s) 'match_features_pipeline' retrieved from /opt/airflow/dags/prediction_features_pipeline.py
[2025-12-31T13:17:55.473+0000] {logging_mixin.py:188} INFO - [2025-12-31T13:17:55.472+0000] {dag.py:3036} INFO - Sync 1 DAGs
[2025-12-31T13:17:55.521+0000] {logging_mixin.py:188} INFO - [2025-12-31T13:17:55.520+0000] {dag.py:3823} INFO - Setting next_dagrun for match_features_pipeline to 2025-12-30 00:00:00+00:00, run_after=2025-12-31 00:00:00+00:00
[2025-12-31T13:17:55.603+0000] {processor.py:183} INFO - Processing /opt/airflow/dags/prediction_features_pipeline.py took 0.254 seconds
[2025-12-31T13:18:26.298+0000] {processor.py:161} INFO - Started process (PID=17985) to work on /opt/airflow/dags/prediction_features_pipeline.py
[2025-12-31T13:18:26.301+0000] {processor.py:830} INFO - Processing file /opt/airflow/dags/prediction_features_pipeline.py for tasks to queue
[2025-12-31T13:18:26.303+0000] {logging_mixin.py:188} INFO - [2025-12-31T13:18:26.303+0000] {dagbag.py:538} INFO - Filling up the DagBag from /opt/airflow/dags/prediction_features_pipeline.py
[2025-12-31T13:18:26.341+0000] {processor.py:840} INFO - DAG(s) 'match_features_pipeline' retrieved from /opt/airflow/dags/prediction_features_pipeline.py
[2025-12-31T13:18:26.380+0000] {logging_mixin.py:188} INFO - [2025-12-31T13:18:26.379+0000] {dag.py:3036} INFO - Sync 1 DAGs
[2025-12-31T13:18:26.416+0000] {logging_mixin.py:188} INFO - [2025-12-31T13:18:26.415+0000] {dag.py:3823} INFO - Setting next_dagrun for match_features_pipeline to 2025-12-30 00:00:00+00:00, run_after=2025-12-31 00:00:00+00:00
[2025-12-31T13:18:26.452+0000] {processor.py:183} INFO - Processing /opt/airflow/dags/prediction_features_pipeline.py took 0.165 seconds
[2025-12-31T13:18:57.212+0000] {processor.py:161} INFO - Started process (PID=18005) to work on /opt/airflow/dags/prediction_features_pipeline.py
[2025-12-31T13:18:57.215+0000] {processor.py:830} INFO - Processing file /opt/airflow/dags/prediction_features_pipeline.py for tasks to queue
[2025-12-31T13:18:57.217+0000] {logging_mixin.py:188} INFO - [2025-12-31T13:18:57.216+0000] {dagbag.py:538} INFO - Filling up the DagBag from /opt/airflow/dags/prediction_features_pipeline.py
[2025-12-31T13:18:57.291+0000] {processor.py:840} INFO - DAG(s) 'match_features_pipeline' retrieved from /opt/airflow/dags/prediction_features_pipeline.py
[2025-12-31T13:18:57.356+0000] {logging_mixin.py:188} INFO - [2025-12-31T13:18:57.355+0000] {dag.py:3036} INFO - Sync 1 DAGs
[2025-12-31T13:18:57.424+0000] {logging_mixin.py:188} INFO - [2025-12-31T13:18:57.423+0000] {dag.py:3823} INFO - Setting next_dagrun for match_features_pipeline to 2025-12-30 00:00:00+00:00, run_after=2025-12-31 00:00:00+00:00
[2025-12-31T13:18:57.456+0000] {processor.py:183} INFO - Processing /opt/airflow/dags/prediction_features_pipeline.py took 0.251 seconds
[2025-12-31T13:19:28.202+0000] {processor.py:161} INFO - Started process (PID=18025) to work on /opt/airflow/dags/prediction_features_pipeline.py
[2025-12-31T13:19:28.205+0000] {processor.py:830} INFO - Processing file /opt/airflow/dags/prediction_features_pipeline.py for tasks to queue
[2025-12-31T13:19:28.207+0000] {logging_mixin.py:188} INFO - [2025-12-31T13:19:28.206+0000] {dagbag.py:538} INFO - Filling up the DagBag from /opt/airflow/dags/prediction_features_pipeline.py
[2025-12-31T13:19:28.259+0000] {processor.py:840} INFO - DAG(s) 'match_features_pipeline' retrieved from /opt/airflow/dags/prediction_features_pipeline.py
[2025-12-31T13:19:28.305+0000] {logging_mixin.py:188} INFO - [2025-12-31T13:19:28.304+0000] {dag.py:3036} INFO - Sync 1 DAGs
[2025-12-31T13:19:28.344+0000] {logging_mixin.py:188} INFO - [2025-12-31T13:19:28.344+0000] {dag.py:3823} INFO - Setting next_dagrun for match_features_pipeline to 2025-12-30 00:00:00+00:00, run_after=2025-12-31 00:00:00+00:00
[2025-12-31T13:19:28.420+0000] {processor.py:183} INFO - Processing /opt/airflow/dags/prediction_features_pipeline.py took 0.224 seconds
[2025-12-31T13:19:59.195+0000] {processor.py:161} INFO - Started process (PID=18045) to work on /opt/airflow/dags/prediction_features_pipeline.py
[2025-12-31T13:19:59.198+0000] {processor.py:830} INFO - Processing file /opt/airflow/dags/prediction_features_pipeline.py for tasks to queue
[2025-12-31T13:19:59.199+0000] {logging_mixin.py:188} INFO - [2025-12-31T13:19:59.199+0000] {dagbag.py:538} INFO - Filling up the DagBag from /opt/airflow/dags/prediction_features_pipeline.py
[2025-12-31T13:19:59.279+0000] {processor.py:840} INFO - DAG(s) 'match_features_pipeline' retrieved from /opt/airflow/dags/prediction_features_pipeline.py
[2025-12-31T13:19:59.328+0000] {logging_mixin.py:188} INFO - [2025-12-31T13:19:59.327+0000] {dag.py:3036} INFO - Sync 1 DAGs
[2025-12-31T13:19:59.364+0000] {logging_mixin.py:188} INFO - [2025-12-31T13:19:59.363+0000] {dag.py:3823} INFO - Setting next_dagrun for match_features_pipeline to 2025-12-30 00:00:00+00:00, run_after=2025-12-31 00:00:00+00:00
[2025-12-31T13:19:59.398+0000] {processor.py:183} INFO - Processing /opt/airflow/dags/prediction_features_pipeline.py took 0.209 seconds
[2025-12-31T13:20:30.167+0000] {processor.py:161} INFO - Started process (PID=18065) to work on /opt/airflow/dags/prediction_features_pipeline.py
[2025-12-31T13:20:30.170+0000] {processor.py:830} INFO - Processing file /opt/airflow/dags/prediction_features_pipeline.py for tasks to queue
[2025-12-31T13:20:30.172+0000] {logging_mixin.py:188} INFO - [2025-12-31T13:20:30.171+0000] {dagbag.py:538} INFO - Filling up the DagBag from /opt/airflow/dags/prediction_features_pipeline.py
[2025-12-31T13:20:30.251+0000] {processor.py:840} INFO - DAG(s) 'match_features_pipeline' retrieved from /opt/airflow/dags/prediction_features_pipeline.py
[2025-12-31T13:20:30.296+0000] {logging_mixin.py:188} INFO - [2025-12-31T13:20:30.296+0000] {dag.py:3036} INFO - Sync 1 DAGs
[2025-12-31T13:20:30.864+0000] {logging_mixin.py:188} INFO - [2025-12-31T13:20:30.863+0000] {dag.py:3823} INFO - Setting next_dagrun for match_features_pipeline to 2025-12-30 00:00:00+00:00, run_after=2025-12-31 00:00:00+00:00
[2025-12-31T13:20:30.920+0000] {processor.py:183} INFO - Processing /opt/airflow/dags/prediction_features_pipeline.py took 0.765 seconds
[2025-12-31T13:21:01.131+0000] {processor.py:161} INFO - Started process (PID=18085) to work on /opt/airflow/dags/prediction_features_pipeline.py
[2025-12-31T13:21:01.133+0000] {processor.py:830} INFO - Processing file /opt/airflow/dags/prediction_features_pipeline.py for tasks to queue
[2025-12-31T13:21:01.135+0000] {logging_mixin.py:188} INFO - [2025-12-31T13:21:01.135+0000] {dagbag.py:538} INFO - Filling up the DagBag from /opt/airflow/dags/prediction_features_pipeline.py
[2025-12-31T13:21:01.178+0000] {processor.py:840} INFO - DAG(s) 'match_features_pipeline' retrieved from /opt/airflow/dags/prediction_features_pipeline.py
[2025-12-31T13:21:01.221+0000] {logging_mixin.py:188} INFO - [2025-12-31T13:21:01.221+0000] {dag.py:3036} INFO - Sync 1 DAGs
[2025-12-31T13:21:01.256+0000] {logging_mixin.py:188} INFO - [2025-12-31T13:21:01.255+0000] {dag.py:3823} INFO - Setting next_dagrun for match_features_pipeline to 2025-12-30 00:00:00+00:00, run_after=2025-12-31 00:00:00+00:00
[2025-12-31T13:21:01.286+0000] {processor.py:183} INFO - Processing /opt/airflow/dags/prediction_features_pipeline.py took 0.166 seconds
[2025-12-31T13:21:32.056+0000] {processor.py:161} INFO - Started process (PID=18105) to work on /opt/airflow/dags/prediction_features_pipeline.py
[2025-12-31T13:21:32.066+0000] {processor.py:830} INFO - Processing file /opt/airflow/dags/prediction_features_pipeline.py for tasks to queue
[2025-12-31T13:21:32.072+0000] {logging_mixin.py:188} INFO - [2025-12-31T13:21:32.071+0000] {dagbag.py:538} INFO - Filling up the DagBag from /opt/airflow/dags/prediction_features_pipeline.py
[2025-12-31T13:21:32.121+0000] {processor.py:840} INFO - DAG(s) 'match_features_pipeline' retrieved from /opt/airflow/dags/prediction_features_pipeline.py
[2025-12-31T13:21:32.164+0000] {logging_mixin.py:188} INFO - [2025-12-31T13:21:32.164+0000] {dag.py:3036} INFO - Sync 1 DAGs
[2025-12-31T13:21:32.208+0000] {logging_mixin.py:188} INFO - [2025-12-31T13:21:32.207+0000] {dag.py:3823} INFO - Setting next_dagrun for match_features_pipeline to 2025-12-30 00:00:00+00:00, run_after=2025-12-31 00:00:00+00:00
[2025-12-31T13:21:32.303+0000] {processor.py:183} INFO - Processing /opt/airflow/dags/prediction_features_pipeline.py took 0.260 seconds
[2025-12-31T13:22:03.212+0000] {processor.py:161} INFO - Started process (PID=18125) to work on /opt/airflow/dags/prediction_features_pipeline.py
[2025-12-31T13:22:03.215+0000] {processor.py:830} INFO - Processing file /opt/airflow/dags/prediction_features_pipeline.py for tasks to queue
[2025-12-31T13:22:03.218+0000] {logging_mixin.py:188} INFO - [2025-12-31T13:22:03.217+0000] {dagbag.py:538} INFO - Filling up the DagBag from /opt/airflow/dags/prediction_features_pipeline.py
[2025-12-31T13:22:03.270+0000] {processor.py:840} INFO - DAG(s) 'match_features_pipeline' retrieved from /opt/airflow/dags/prediction_features_pipeline.py
[2025-12-31T13:22:03.317+0000] {logging_mixin.py:188} INFO - [2025-12-31T13:22:03.316+0000] {dag.py:3036} INFO - Sync 1 DAGs
[2025-12-31T13:22:03.357+0000] {logging_mixin.py:188} INFO - [2025-12-31T13:22:03.356+0000] {dag.py:3823} INFO - Setting next_dagrun for match_features_pipeline to 2025-12-30 00:00:00+00:00, run_after=2025-12-31 00:00:00+00:00
[2025-12-31T13:22:03.393+0000] {processor.py:183} INFO - Processing /opt/airflow/dags/prediction_features_pipeline.py took 0.190 seconds
[2025-12-31T13:22:34.273+0000] {processor.py:161} INFO - Started process (PID=18145) to work on /opt/airflow/dags/prediction_features_pipeline.py
[2025-12-31T13:22:34.276+0000] {processor.py:830} INFO - Processing file /opt/airflow/dags/prediction_features_pipeline.py for tasks to queue
[2025-12-31T13:22:34.278+0000] {logging_mixin.py:188} INFO - [2025-12-31T13:22:34.277+0000] {dagbag.py:538} INFO - Filling up the DagBag from /opt/airflow/dags/prediction_features_pipeline.py
[2025-12-31T13:22:34.319+0000] {processor.py:840} INFO - DAG(s) 'match_features_pipeline' retrieved from /opt/airflow/dags/prediction_features_pipeline.py
[2025-12-31T13:22:34.364+0000] {logging_mixin.py:188} INFO - [2025-12-31T13:22:34.363+0000] {dag.py:3036} INFO - Sync 1 DAGs
[2025-12-31T13:22:34.415+0000] {logging_mixin.py:188} INFO - [2025-12-31T13:22:34.415+0000] {dag.py:3823} INFO - Setting next_dagrun for match_features_pipeline to 2025-12-30 00:00:00+00:00, run_after=2025-12-31 00:00:00+00:00
[2025-12-31T13:22:34.489+0000] {processor.py:183} INFO - Processing /opt/airflow/dags/prediction_features_pipeline.py took 0.223 seconds
[2025-12-31T13:23:05.206+0000] {processor.py:161} INFO - Started process (PID=18165) to work on /opt/airflow/dags/prediction_features_pipeline.py
[2025-12-31T13:23:05.209+0000] {processor.py:830} INFO - Processing file /opt/airflow/dags/prediction_features_pipeline.py for tasks to queue
[2025-12-31T13:23:05.211+0000] {logging_mixin.py:188} INFO - [2025-12-31T13:23:05.210+0000] {dagbag.py:538} INFO - Filling up the DagBag from /opt/airflow/dags/prediction_features_pipeline.py
[2025-12-31T13:23:05.254+0000] {processor.py:840} INFO - DAG(s) 'match_features_pipeline' retrieved from /opt/airflow/dags/prediction_features_pipeline.py
[2025-12-31T13:23:05.320+0000] {logging_mixin.py:188} INFO - [2025-12-31T13:23:05.319+0000] {dag.py:3036} INFO - Sync 1 DAGs
[2025-12-31T13:23:05.369+0000] {logging_mixin.py:188} INFO - [2025-12-31T13:23:05.369+0000] {dag.py:3823} INFO - Setting next_dagrun for match_features_pipeline to 2025-12-30 00:00:00+00:00, run_after=2025-12-31 00:00:00+00:00
[2025-12-31T13:23:06.055+0000] {processor.py:183} INFO - Processing /opt/airflow/dags/prediction_features_pipeline.py took 0.857 seconds
[2025-12-31T13:23:36.335+0000] {processor.py:161} INFO - Started process (PID=18185) to work on /opt/airflow/dags/prediction_features_pipeline.py
[2025-12-31T13:23:36.338+0000] {processor.py:830} INFO - Processing file /opt/airflow/dags/prediction_features_pipeline.py for tasks to queue
[2025-12-31T13:23:36.340+0000] {logging_mixin.py:188} INFO - [2025-12-31T13:23:36.340+0000] {dagbag.py:538} INFO - Filling up the DagBag from /opt/airflow/dags/prediction_features_pipeline.py
[2025-12-31T13:23:36.381+0000] {processor.py:840} INFO - DAG(s) 'match_features_pipeline' retrieved from /opt/airflow/dags/prediction_features_pipeline.py
[2025-12-31T13:23:36.427+0000] {logging_mixin.py:188} INFO - [2025-12-31T13:23:36.426+0000] {dag.py:3036} INFO - Sync 1 DAGs
[2025-12-31T13:23:36.942+0000] {logging_mixin.py:188} INFO - [2025-12-31T13:23:36.942+0000] {dag.py:3823} INFO - Setting next_dagrun for match_features_pipeline to 2025-12-30 00:00:00+00:00, run_after=2025-12-31 00:00:00+00:00
[2025-12-31T13:23:37.038+0000] {processor.py:183} INFO - Processing /opt/airflow/dags/prediction_features_pipeline.py took 0.714 seconds
[2025-12-31T13:24:07.171+0000] {processor.py:161} INFO - Started process (PID=18205) to work on /opt/airflow/dags/prediction_features_pipeline.py
[2025-12-31T13:24:07.173+0000] {processor.py:830} INFO - Processing file /opt/airflow/dags/prediction_features_pipeline.py for tasks to queue
[2025-12-31T13:24:07.175+0000] {logging_mixin.py:188} INFO - [2025-12-31T13:24:07.175+0000] {dagbag.py:538} INFO - Filling up the DagBag from /opt/airflow/dags/prediction_features_pipeline.py
[2025-12-31T13:24:07.217+0000] {processor.py:840} INFO - DAG(s) 'match_features_pipeline' retrieved from /opt/airflow/dags/prediction_features_pipeline.py
[2025-12-31T13:24:07.273+0000] {logging_mixin.py:188} INFO - [2025-12-31T13:24:07.273+0000] {dag.py:3036} INFO - Sync 1 DAGs
[2025-12-31T13:24:07.323+0000] {logging_mixin.py:188} INFO - [2025-12-31T13:24:07.322+0000] {dag.py:3823} INFO - Setting next_dagrun for match_features_pipeline to 2025-12-30 00:00:00+00:00, run_after=2025-12-31 00:00:00+00:00
[2025-12-31T13:24:07.356+0000] {processor.py:183} INFO - Processing /opt/airflow/dags/prediction_features_pipeline.py took 0.193 seconds
[2025-12-31T13:24:38.243+0000] {processor.py:161} INFO - Started process (PID=18225) to work on /opt/airflow/dags/prediction_features_pipeline.py
[2025-12-31T13:24:38.246+0000] {processor.py:830} INFO - Processing file /opt/airflow/dags/prediction_features_pipeline.py for tasks to queue
[2025-12-31T13:24:38.248+0000] {logging_mixin.py:188} INFO - [2025-12-31T13:24:38.248+0000] {dagbag.py:538} INFO - Filling up the DagBag from /opt/airflow/dags/prediction_features_pipeline.py
[2025-12-31T13:24:38.289+0000] {processor.py:840} INFO - DAG(s) 'match_features_pipeline' retrieved from /opt/airflow/dags/prediction_features_pipeline.py
[2025-12-31T13:24:38.328+0000] {logging_mixin.py:188} INFO - [2025-12-31T13:24:38.328+0000] {dag.py:3036} INFO - Sync 1 DAGs
[2025-12-31T13:24:38.365+0000] {logging_mixin.py:188} INFO - [2025-12-31T13:24:38.364+0000] {dag.py:3823} INFO - Setting next_dagrun for match_features_pipeline to 2025-12-30 00:00:00+00:00, run_after=2025-12-31 00:00:00+00:00
[2025-12-31T13:24:38.448+0000] {processor.py:183} INFO - Processing /opt/airflow/dags/prediction_features_pipeline.py took 0.214 seconds
[2025-12-31T13:25:09.227+0000] {processor.py:161} INFO - Started process (PID=18245) to work on /opt/airflow/dags/prediction_features_pipeline.py
[2025-12-31T13:25:09.229+0000] {processor.py:830} INFO - Processing file /opt/airflow/dags/prediction_features_pipeline.py for tasks to queue
[2025-12-31T13:25:09.230+0000] {logging_mixin.py:188} INFO - [2025-12-31T13:25:09.230+0000] {dagbag.py:538} INFO - Filling up the DagBag from /opt/airflow/dags/prediction_features_pipeline.py
[2025-12-31T13:25:09.267+0000] {processor.py:840} INFO - DAG(s) 'match_features_pipeline' retrieved from /opt/airflow/dags/prediction_features_pipeline.py
[2025-12-31T13:25:09.304+0000] {logging_mixin.py:188} INFO - [2025-12-31T13:25:09.304+0000] {dag.py:3036} INFO - Sync 1 DAGs
[2025-12-31T13:25:09.337+0000] {logging_mixin.py:188} INFO - [2025-12-31T13:25:09.336+0000] {dag.py:3823} INFO - Setting next_dagrun for match_features_pipeline to 2025-12-30 00:00:00+00:00, run_after=2025-12-31 00:00:00+00:00
[2025-12-31T13:25:09.367+0000] {processor.py:183} INFO - Processing /opt/airflow/dags/prediction_features_pipeline.py took 0.146 seconds
[2025-12-31T13:25:40.115+0000] {processor.py:161} INFO - Started process (PID=18265) to work on /opt/airflow/dags/prediction_features_pipeline.py
[2025-12-31T13:25:40.118+0000] {processor.py:830} INFO - Processing file /opt/airflow/dags/prediction_features_pipeline.py for tasks to queue
[2025-12-31T13:25:40.120+0000] {logging_mixin.py:188} INFO - [2025-12-31T13:25:40.120+0000] {dagbag.py:538} INFO - Filling up the DagBag from /opt/airflow/dags/prediction_features_pipeline.py
[2025-12-31T13:25:40.163+0000] {processor.py:840} INFO - DAG(s) 'match_features_pipeline' retrieved from /opt/airflow/dags/prediction_features_pipeline.py
[2025-12-31T13:25:40.204+0000] {logging_mixin.py:188} INFO - [2025-12-31T13:25:40.203+0000] {dag.py:3036} INFO - Sync 1 DAGs
[2025-12-31T13:25:40.333+0000] {logging_mixin.py:188} INFO - [2025-12-31T13:25:40.332+0000] {dag.py:3823} INFO - Setting next_dagrun for match_features_pipeline to 2025-12-30 00:00:00+00:00, run_after=2025-12-31 00:00:00+00:00
[2025-12-31T13:25:40.447+0000] {processor.py:183} INFO - Processing /opt/airflow/dags/prediction_features_pipeline.py took 0.338 seconds
[2025-12-31T13:26:11.054+0000] {processor.py:161} INFO - Started process (PID=18285) to work on /opt/airflow/dags/prediction_features_pipeline.py
[2025-12-31T13:26:11.057+0000] {processor.py:830} INFO - Processing file /opt/airflow/dags/prediction_features_pipeline.py for tasks to queue
[2025-12-31T13:26:11.059+0000] {logging_mixin.py:188} INFO - [2025-12-31T13:26:11.058+0000] {dagbag.py:538} INFO - Filling up the DagBag from /opt/airflow/dags/prediction_features_pipeline.py
[2025-12-31T13:26:11.099+0000] {processor.py:840} INFO - DAG(s) 'match_features_pipeline' retrieved from /opt/airflow/dags/prediction_features_pipeline.py
[2025-12-31T13:26:11.143+0000] {logging_mixin.py:188} INFO - [2025-12-31T13:26:11.143+0000] {dag.py:3036} INFO - Sync 1 DAGs
[2025-12-31T13:26:11.191+0000] {logging_mixin.py:188} INFO - [2025-12-31T13:26:11.190+0000] {dag.py:3823} INFO - Setting next_dagrun for match_features_pipeline to 2025-12-30 00:00:00+00:00, run_after=2025-12-31 00:00:00+00:00
[2025-12-31T13:26:11.638+0000] {processor.py:183} INFO - Processing /opt/airflow/dags/prediction_features_pipeline.py took 0.591 seconds
[2025-12-31T13:26:41.987+0000] {processor.py:161} INFO - Started process (PID=18305) to work on /opt/airflow/dags/prediction_features_pipeline.py
[2025-12-31T13:26:41.990+0000] {processor.py:830} INFO - Processing file /opt/airflow/dags/prediction_features_pipeline.py for tasks to queue
[2025-12-31T13:26:41.992+0000] {logging_mixin.py:188} INFO - [2025-12-31T13:26:41.991+0000] {dagbag.py:538} INFO - Filling up the DagBag from /opt/airflow/dags/prediction_features_pipeline.py
[2025-12-31T13:26:42.033+0000] {processor.py:840} INFO - DAG(s) 'match_features_pipeline' retrieved from /opt/airflow/dags/prediction_features_pipeline.py
[2025-12-31T13:26:42.087+0000] {logging_mixin.py:188} INFO - [2025-12-31T13:26:42.086+0000] {dag.py:3036} INFO - Sync 1 DAGs
[2025-12-31T13:26:42.128+0000] {logging_mixin.py:188} INFO - [2025-12-31T13:26:42.127+0000] {dag.py:3823} INFO - Setting next_dagrun for match_features_pipeline to 2025-12-30 00:00:00+00:00, run_after=2025-12-31 00:00:00+00:00
[2025-12-31T13:26:42.199+0000] {processor.py:183} INFO - Processing /opt/airflow/dags/prediction_features_pipeline.py took 0.220 seconds
[2025-12-31T13:27:13.030+0000] {processor.py:161} INFO - Started process (PID=18325) to work on /opt/airflow/dags/prediction_features_pipeline.py
[2025-12-31T13:27:13.033+0000] {processor.py:830} INFO - Processing file /opt/airflow/dags/prediction_features_pipeline.py for tasks to queue
[2025-12-31T13:27:13.034+0000] {logging_mixin.py:188} INFO - [2025-12-31T13:27:13.034+0000] {dagbag.py:538} INFO - Filling up the DagBag from /opt/airflow/dags/prediction_features_pipeline.py
[2025-12-31T13:27:13.069+0000] {processor.py:840} INFO - DAG(s) 'match_features_pipeline' retrieved from /opt/airflow/dags/prediction_features_pipeline.py
[2025-12-31T13:27:13.111+0000] {logging_mixin.py:188} INFO - [2025-12-31T13:27:13.110+0000] {dag.py:3036} INFO - Sync 1 DAGs
[2025-12-31T13:27:13.165+0000] {logging_mixin.py:188} INFO - [2025-12-31T13:27:13.164+0000] {dag.py:3823} INFO - Setting next_dagrun for match_features_pipeline to 2025-12-30 00:00:00+00:00, run_after=2025-12-31 00:00:00+00:00
[2025-12-31T13:27:13.236+0000] {processor.py:183} INFO - Processing /opt/airflow/dags/prediction_features_pipeline.py took 0.211 seconds
[2025-12-31T13:27:43.931+0000] {processor.py:161} INFO - Started process (PID=18345) to work on /opt/airflow/dags/prediction_features_pipeline.py
[2025-12-31T13:27:43.934+0000] {processor.py:830} INFO - Processing file /opt/airflow/dags/prediction_features_pipeline.py for tasks to queue
[2025-12-31T13:27:43.936+0000] {logging_mixin.py:188} INFO - [2025-12-31T13:27:43.935+0000] {dagbag.py:538} INFO - Filling up the DagBag from /opt/airflow/dags/prediction_features_pipeline.py
[2025-12-31T13:27:43.983+0000] {processor.py:840} INFO - DAG(s) 'match_features_pipeline' retrieved from /opt/airflow/dags/prediction_features_pipeline.py
[2025-12-31T13:27:44.044+0000] {logging_mixin.py:188} INFO - [2025-12-31T13:27:44.043+0000] {dag.py:3036} INFO - Sync 1 DAGs
[2025-12-31T13:27:44.093+0000] {logging_mixin.py:188} INFO - [2025-12-31T13:27:44.093+0000] {dag.py:3823} INFO - Setting next_dagrun for match_features_pipeline to 2025-12-30 00:00:00+00:00, run_after=2025-12-31 00:00:00+00:00
[2025-12-31T13:27:44.182+0000] {processor.py:183} INFO - Processing /opt/airflow/dags/prediction_features_pipeline.py took 0.257 seconds
[2025-12-31T13:28:14.904+0000] {processor.py:161} INFO - Started process (PID=18365) to work on /opt/airflow/dags/prediction_features_pipeline.py
[2025-12-31T13:28:14.906+0000] {processor.py:830} INFO - Processing file /opt/airflow/dags/prediction_features_pipeline.py for tasks to queue
[2025-12-31T13:28:14.908+0000] {logging_mixin.py:188} INFO - [2025-12-31T13:28:14.907+0000] {dagbag.py:538} INFO - Filling up the DagBag from /opt/airflow/dags/prediction_features_pipeline.py
[2025-12-31T13:28:14.953+0000] {processor.py:840} INFO - DAG(s) 'match_features_pipeline' retrieved from /opt/airflow/dags/prediction_features_pipeline.py
[2025-12-31T13:28:15.000+0000] {logging_mixin.py:188} INFO - [2025-12-31T13:28:14.999+0000] {dag.py:3036} INFO - Sync 1 DAGs
[2025-12-31T13:28:15.041+0000] {logging_mixin.py:188} INFO - [2025-12-31T13:28:15.040+0000] {dag.py:3823} INFO - Setting next_dagrun for match_features_pipeline to 2025-12-30 00:00:00+00:00, run_after=2025-12-31 00:00:00+00:00
[2025-12-31T13:28:15.120+0000] {processor.py:183} INFO - Processing /opt/airflow/dags/prediction_features_pipeline.py took 0.223 seconds
[2025-12-31T13:28:46.118+0000] {processor.py:161} INFO - Started process (PID=18385) to work on /opt/airflow/dags/prediction_features_pipeline.py
[2025-12-31T13:28:46.126+0000] {processor.py:830} INFO - Processing file /opt/airflow/dags/prediction_features_pipeline.py for tasks to queue
[2025-12-31T13:28:46.131+0000] {logging_mixin.py:188} INFO - [2025-12-31T13:28:46.129+0000] {dagbag.py:538} INFO - Filling up the DagBag from /opt/airflow/dags/prediction_features_pipeline.py
[2025-12-31T13:28:46.182+0000] {processor.py:840} INFO - DAG(s) 'match_features_pipeline' retrieved from /opt/airflow/dags/prediction_features_pipeline.py
[2025-12-31T13:28:46.230+0000] {logging_mixin.py:188} INFO - [2025-12-31T13:28:46.229+0000] {dag.py:3036} INFO - Sync 1 DAGs
[2025-12-31T13:28:46.296+0000] {logging_mixin.py:188} INFO - [2025-12-31T13:28:46.295+0000] {dag.py:3823} INFO - Setting next_dagrun for match_features_pipeline to 2025-12-30 00:00:00+00:00, run_after=2025-12-31 00:00:00+00:00
[2025-12-31T13:28:46.927+0000] {processor.py:183} INFO - Processing /opt/airflow/dags/prediction_features_pipeline.py took 0.821 seconds
[2025-12-31T13:29:17.227+0000] {processor.py:161} INFO - Started process (PID=18405) to work on /opt/airflow/dags/prediction_features_pipeline.py
[2025-12-31T13:29:17.231+0000] {processor.py:830} INFO - Processing file /opt/airflow/dags/prediction_features_pipeline.py for tasks to queue
[2025-12-31T13:29:17.233+0000] {logging_mixin.py:188} INFO - [2025-12-31T13:29:17.232+0000] {dagbag.py:538} INFO - Filling up the DagBag from /opt/airflow/dags/prediction_features_pipeline.py
[2025-12-31T13:29:17.331+0000] {processor.py:840} INFO - DAG(s) 'match_features_pipeline' retrieved from /opt/airflow/dags/prediction_features_pipeline.py
[2025-12-31T13:29:17.375+0000] {logging_mixin.py:188} INFO - [2025-12-31T13:29:17.374+0000] {dag.py:3036} INFO - Sync 1 DAGs
[2025-12-31T13:29:17.824+0000] {logging_mixin.py:188} INFO - [2025-12-31T13:29:17.824+0000] {dag.py:3823} INFO - Setting next_dagrun for match_features_pipeline to 2025-12-30 00:00:00+00:00, run_after=2025-12-31 00:00:00+00:00
[2025-12-31T13:29:17.896+0000] {processor.py:183} INFO - Processing /opt/airflow/dags/prediction_features_pipeline.py took 0.680 seconds
[2025-12-31T13:29:48.118+0000] {processor.py:161} INFO - Started process (PID=18425) to work on /opt/airflow/dags/prediction_features_pipeline.py
[2025-12-31T13:29:48.120+0000] {processor.py:830} INFO - Processing file /opt/airflow/dags/prediction_features_pipeline.py for tasks to queue
[2025-12-31T13:29:48.122+0000] {logging_mixin.py:188} INFO - [2025-12-31T13:29:48.121+0000] {dagbag.py:538} INFO - Filling up the DagBag from /opt/airflow/dags/prediction_features_pipeline.py
[2025-12-31T13:29:48.158+0000] {processor.py:840} INFO - DAG(s) 'match_features_pipeline' retrieved from /opt/airflow/dags/prediction_features_pipeline.py
[2025-12-31T13:29:48.200+0000] {logging_mixin.py:188} INFO - [2025-12-31T13:29:48.200+0000] {dag.py:3036} INFO - Sync 1 DAGs
[2025-12-31T13:29:48.273+0000] {logging_mixin.py:188} INFO - [2025-12-31T13:29:48.273+0000] {dag.py:3823} INFO - Setting next_dagrun for match_features_pipeline to 2025-12-30 00:00:00+00:00, run_after=2025-12-31 00:00:00+00:00
[2025-12-31T13:29:48.351+0000] {processor.py:183} INFO - Processing /opt/airflow/dags/prediction_features_pipeline.py took 0.241 seconds
[2025-12-31T13:30:19.056+0000] {processor.py:161} INFO - Started process (PID=18445) to work on /opt/airflow/dags/prediction_features_pipeline.py
[2025-12-31T13:30:19.059+0000] {processor.py:830} INFO - Processing file /opt/airflow/dags/prediction_features_pipeline.py for tasks to queue
[2025-12-31T13:30:19.061+0000] {logging_mixin.py:188} INFO - [2025-12-31T13:30:19.060+0000] {dagbag.py:538} INFO - Filling up the DagBag from /opt/airflow/dags/prediction_features_pipeline.py
[2025-12-31T13:30:19.102+0000] {processor.py:840} INFO - DAG(s) 'match_features_pipeline' retrieved from /opt/airflow/dags/prediction_features_pipeline.py
[2025-12-31T13:30:19.145+0000] {logging_mixin.py:188} INFO - [2025-12-31T13:30:19.145+0000] {dag.py:3036} INFO - Sync 1 DAGs
[2025-12-31T13:30:19.211+0000] {logging_mixin.py:188} INFO - [2025-12-31T13:30:19.210+0000] {dag.py:3823} INFO - Setting next_dagrun for match_features_pipeline to 2025-12-30 00:00:00+00:00, run_after=2025-12-31 00:00:00+00:00
[2025-12-31T13:30:19.255+0000] {processor.py:183} INFO - Processing /opt/airflow/dags/prediction_features_pipeline.py took 0.207 seconds
[2025-12-31T13:30:50.015+0000] {processor.py:161} INFO - Started process (PID=18465) to work on /opt/airflow/dags/prediction_features_pipeline.py
[2025-12-31T13:30:50.017+0000] {processor.py:830} INFO - Processing file /opt/airflow/dags/prediction_features_pipeline.py for tasks to queue
[2025-12-31T13:30:50.020+0000] {logging_mixin.py:188} INFO - [2025-12-31T13:30:50.019+0000] {dagbag.py:538} INFO - Filling up the DagBag from /opt/airflow/dags/prediction_features_pipeline.py
[2025-12-31T13:30:50.063+0000] {processor.py:840} INFO - DAG(s) 'match_features_pipeline' retrieved from /opt/airflow/dags/prediction_features_pipeline.py
[2025-12-31T13:30:50.113+0000] {logging_mixin.py:188} INFO - [2025-12-31T13:30:50.112+0000] {dag.py:3036} INFO - Sync 1 DAGs
[2025-12-31T13:30:50.183+0000] {logging_mixin.py:188} INFO - [2025-12-31T13:30:50.183+0000] {dag.py:3823} INFO - Setting next_dagrun for match_features_pipeline to 2025-12-30 00:00:00+00:00, run_after=2025-12-31 00:00:00+00:00
[2025-12-31T13:30:50.266+0000] {processor.py:183} INFO - Processing /opt/airflow/dags/prediction_features_pipeline.py took 0.259 seconds
[2025-12-31T13:31:20.967+0000] {processor.py:161} INFO - Started process (PID=18485) to work on /opt/airflow/dags/prediction_features_pipeline.py
[2025-12-31T13:31:20.970+0000] {processor.py:830} INFO - Processing file /opt/airflow/dags/prediction_features_pipeline.py for tasks to queue
[2025-12-31T13:31:20.972+0000] {logging_mixin.py:188} INFO - [2025-12-31T13:31:20.972+0000] {dagbag.py:538} INFO - Filling up the DagBag from /opt/airflow/dags/prediction_features_pipeline.py
[2025-12-31T13:31:21.011+0000] {processor.py:840} INFO - DAG(s) 'match_features_pipeline' retrieved from /opt/airflow/dags/prediction_features_pipeline.py
[2025-12-31T13:31:21.052+0000] {logging_mixin.py:188} INFO - [2025-12-31T13:31:21.052+0000] {dag.py:3036} INFO - Sync 1 DAGs
[2025-12-31T13:31:21.092+0000] {logging_mixin.py:188} INFO - [2025-12-31T13:31:21.092+0000] {dag.py:3823} INFO - Setting next_dagrun for match_features_pipeline to 2025-12-30 00:00:00+00:00, run_after=2025-12-31 00:00:00+00:00
[2025-12-31T13:31:21.136+0000] {processor.py:183} INFO - Processing /opt/airflow/dags/prediction_features_pipeline.py took 0.176 seconds
[2025-12-31T13:31:51.945+0000] {processor.py:161} INFO - Started process (PID=18505) to work on /opt/airflow/dags/prediction_features_pipeline.py
[2025-12-31T13:31:51.947+0000] {processor.py:830} INFO - Processing file /opt/airflow/dags/prediction_features_pipeline.py for tasks to queue
[2025-12-31T13:31:51.949+0000] {logging_mixin.py:188} INFO - [2025-12-31T13:31:51.949+0000] {dagbag.py:538} INFO - Filling up the DagBag from /opt/airflow/dags/prediction_features_pipeline.py
[2025-12-31T13:31:51.992+0000] {processor.py:840} INFO - DAG(s) 'match_features_pipeline' retrieved from /opt/airflow/dags/prediction_features_pipeline.py
[2025-12-31T13:31:52.041+0000] {logging_mixin.py:188} INFO - [2025-12-31T13:31:52.041+0000] {dag.py:3036} INFO - Sync 1 DAGs
[2025-12-31T13:31:52.082+0000] {logging_mixin.py:188} INFO - [2025-12-31T13:31:52.082+0000] {dag.py:3823} INFO - Setting next_dagrun for match_features_pipeline to 2025-12-30 00:00:00+00:00, run_after=2025-12-31 00:00:00+00:00
[2025-12-31T13:31:52.596+0000] {processor.py:183} INFO - Processing /opt/airflow/dags/prediction_features_pipeline.py took 0.657 seconds
[2025-12-31T13:32:22.982+0000] {processor.py:161} INFO - Started process (PID=18525) to work on /opt/airflow/dags/prediction_features_pipeline.py
[2025-12-31T13:32:22.984+0000] {processor.py:830} INFO - Processing file /opt/airflow/dags/prediction_features_pipeline.py for tasks to queue
[2025-12-31T13:32:22.986+0000] {logging_mixin.py:188} INFO - [2025-12-31T13:32:22.985+0000] {dagbag.py:538} INFO - Filling up the DagBag from /opt/airflow/dags/prediction_features_pipeline.py
[2025-12-31T13:32:23.035+0000] {processor.py:840} INFO - DAG(s) 'match_features_pipeline' retrieved from /opt/airflow/dags/prediction_features_pipeline.py
[2025-12-31T13:32:23.082+0000] {logging_mixin.py:188} INFO - [2025-12-31T13:32:23.082+0000] {dag.py:3036} INFO - Sync 1 DAGs
[2025-12-31T13:32:23.624+0000] {logging_mixin.py:188} INFO - [2025-12-31T13:32:23.624+0000] {dag.py:3823} INFO - Setting next_dagrun for match_features_pipeline to 2025-12-30 00:00:00+00:00, run_after=2025-12-31 00:00:00+00:00
[2025-12-31T13:32:23.667+0000] {processor.py:183} INFO - Processing /opt/airflow/dags/prediction_features_pipeline.py took 0.696 seconds
[2025-12-31T13:32:54.674+0000] {processor.py:161} INFO - Started process (PID=18548) to work on /opt/airflow/dags/prediction_features_pipeline.py
[2025-12-31T13:32:54.676+0000] {processor.py:830} INFO - Processing file /opt/airflow/dags/prediction_features_pipeline.py for tasks to queue
[2025-12-31T13:32:54.678+0000] {logging_mixin.py:188} INFO - [2025-12-31T13:32:54.677+0000] {dagbag.py:538} INFO - Filling up the DagBag from /opt/airflow/dags/prediction_features_pipeline.py
[2025-12-31T13:32:54.733+0000] {processor.py:840} INFO - DAG(s) 'match_features_pipeline' retrieved from /opt/airflow/dags/prediction_features_pipeline.py
[2025-12-31T13:32:54.781+0000] {logging_mixin.py:188} INFO - [2025-12-31T13:32:54.781+0000] {dag.py:3036} INFO - Sync 1 DAGs
[2025-12-31T13:32:54.819+0000] {logging_mixin.py:188} INFO - [2025-12-31T13:32:54.819+0000] {dag.py:3823} INFO - Setting next_dagrun for match_features_pipeline to 2025-12-30 00:00:00+00:00, run_after=2025-12-31 00:00:00+00:00
[2025-12-31T13:32:54.881+0000] {processor.py:183} INFO - Processing /opt/airflow/dags/prediction_features_pipeline.py took 0.214 seconds
[2025-12-31T13:33:25.669+0000] {processor.py:161} INFO - Started process (PID=18568) to work on /opt/airflow/dags/prediction_features_pipeline.py
[2025-12-31T13:33:25.672+0000] {processor.py:830} INFO - Processing file /opt/airflow/dags/prediction_features_pipeline.py for tasks to queue
[2025-12-31T13:33:25.674+0000] {logging_mixin.py:188} INFO - [2025-12-31T13:33:25.673+0000] {dagbag.py:538} INFO - Filling up the DagBag from /opt/airflow/dags/prediction_features_pipeline.py
[2025-12-31T13:33:25.717+0000] {processor.py:840} INFO - DAG(s) 'match_features_pipeline' retrieved from /opt/airflow/dags/prediction_features_pipeline.py
[2025-12-31T13:33:25.774+0000] {logging_mixin.py:188} INFO - [2025-12-31T13:33:25.773+0000] {dag.py:3036} INFO - Sync 1 DAGs
[2025-12-31T13:33:25.823+0000] {logging_mixin.py:188} INFO - [2025-12-31T13:33:25.823+0000] {dag.py:3823} INFO - Setting next_dagrun for match_features_pipeline to 2025-12-30 00:00:00+00:00, run_after=2025-12-31 00:00:00+00:00
[2025-12-31T13:33:25.867+0000] {processor.py:183} INFO - Processing /opt/airflow/dags/prediction_features_pipeline.py took 0.205 seconds
[2025-12-31T13:33:56.809+0000] {processor.py:161} INFO - Started process (PID=18588) to work on /opt/airflow/dags/prediction_features_pipeline.py
[2025-12-31T13:33:56.811+0000] {processor.py:830} INFO - Processing file /opt/airflow/dags/prediction_features_pipeline.py for tasks to queue
[2025-12-31T13:33:56.813+0000] {logging_mixin.py:188} INFO - [2025-12-31T13:33:56.813+0000] {dagbag.py:538} INFO - Filling up the DagBag from /opt/airflow/dags/prediction_features_pipeline.py
[2025-12-31T13:33:56.854+0000] {processor.py:840} INFO - DAG(s) 'match_features_pipeline' retrieved from /opt/airflow/dags/prediction_features_pipeline.py
[2025-12-31T13:33:56.915+0000] {logging_mixin.py:188} INFO - [2025-12-31T13:33:56.915+0000] {dag.py:3036} INFO - Sync 1 DAGs
[2025-12-31T13:33:56.965+0000] {logging_mixin.py:188} INFO - [2025-12-31T13:33:56.964+0000] {dag.py:3823} INFO - Setting next_dagrun for match_features_pipeline to 2025-12-30 00:00:00+00:00, run_after=2025-12-31 00:00:00+00:00
[2025-12-31T13:33:57.019+0000] {processor.py:183} INFO - Processing /opt/airflow/dags/prediction_features_pipeline.py took 0.217 seconds
[2025-12-31T13:34:27.835+0000] {processor.py:161} INFO - Started process (PID=18608) to work on /opt/airflow/dags/prediction_features_pipeline.py
[2025-12-31T13:34:27.837+0000] {processor.py:830} INFO - Processing file /opt/airflow/dags/prediction_features_pipeline.py for tasks to queue
[2025-12-31T13:34:27.839+0000] {logging_mixin.py:188} INFO - [2025-12-31T13:34:27.839+0000] {dagbag.py:538} INFO - Filling up the DagBag from /opt/airflow/dags/prediction_features_pipeline.py
[2025-12-31T13:34:27.879+0000] {processor.py:840} INFO - DAG(s) 'match_features_pipeline' retrieved from /opt/airflow/dags/prediction_features_pipeline.py
[2025-12-31T13:34:27.918+0000] {logging_mixin.py:188} INFO - [2025-12-31T13:34:27.918+0000] {dag.py:3036} INFO - Sync 1 DAGs
[2025-12-31T13:34:27.961+0000] {logging_mixin.py:188} INFO - [2025-12-31T13:34:27.960+0000] {dag.py:3823} INFO - Setting next_dagrun for match_features_pipeline to 2025-12-30 00:00:00+00:00, run_after=2025-12-31 00:00:00+00:00
[2025-12-31T13:34:28.344+0000] {processor.py:183} INFO - Processing /opt/airflow/dags/prediction_features_pipeline.py took 0.514 seconds
[2025-12-31T13:34:58.510+0000] {processor.py:161} INFO - Started process (PID=18625) to work on /opt/airflow/dags/prediction_features_pipeline.py
[2025-12-31T13:34:58.513+0000] {processor.py:830} INFO - Processing file /opt/airflow/dags/prediction_features_pipeline.py for tasks to queue
[2025-12-31T13:34:58.516+0000] {logging_mixin.py:188} INFO - [2025-12-31T13:34:58.516+0000] {dagbag.py:538} INFO - Filling up the DagBag from /opt/airflow/dags/prediction_features_pipeline.py
[2025-12-31T13:34:58.583+0000] {processor.py:840} INFO - DAG(s) 'match_features_pipeline' retrieved from /opt/airflow/dags/prediction_features_pipeline.py
[2025-12-31T13:34:58.646+0000] {logging_mixin.py:188} INFO - [2025-12-31T13:34:58.645+0000] {dag.py:3036} INFO - Sync 1 DAGs
[2025-12-31T13:34:59.189+0000] {logging_mixin.py:188} INFO - [2025-12-31T13:34:59.189+0000] {dag.py:3823} INFO - Setting next_dagrun for match_features_pipeline to 2025-12-30 00:00:00+00:00, run_after=2025-12-31 00:00:00+00:00
[2025-12-31T13:34:59.266+0000] {processor.py:183} INFO - Processing /opt/airflow/dags/prediction_features_pipeline.py took 0.764 seconds
[2025-12-31T13:35:29.676+0000] {processor.py:161} INFO - Started process (PID=18648) to work on /opt/airflow/dags/prediction_features_pipeline.py
[2025-12-31T13:35:29.679+0000] {processor.py:830} INFO - Processing file /opt/airflow/dags/prediction_features_pipeline.py for tasks to queue
[2025-12-31T13:35:29.681+0000] {logging_mixin.py:188} INFO - [2025-12-31T13:35:29.681+0000] {dagbag.py:538} INFO - Filling up the DagBag from /opt/airflow/dags/prediction_features_pipeline.py
[2025-12-31T13:35:29.749+0000] {processor.py:840} INFO - DAG(s) 'match_features_pipeline' retrieved from /opt/airflow/dags/prediction_features_pipeline.py
[2025-12-31T13:35:29.811+0000] {logging_mixin.py:188} INFO - [2025-12-31T13:35:29.810+0000] {dag.py:3036} INFO - Sync 1 DAGs
[2025-12-31T13:35:29.863+0000] {logging_mixin.py:188} INFO - [2025-12-31T13:35:29.863+0000] {dag.py:3823} INFO - Setting next_dagrun for match_features_pipeline to 2025-12-30 00:00:00+00:00, run_after=2025-12-31 00:00:00+00:00
[2025-12-31T13:35:29.917+0000] {processor.py:183} INFO - Processing /opt/airflow/dags/prediction_features_pipeline.py took 0.249 seconds
[2025-12-31T13:36:00.319+0000] {processor.py:161} INFO - Started process (PID=18668) to work on /opt/airflow/dags/prediction_features_pipeline.py
[2025-12-31T13:36:00.326+0000] {processor.py:830} INFO - Processing file /opt/airflow/dags/prediction_features_pipeline.py for tasks to queue
[2025-12-31T13:36:00.331+0000] {logging_mixin.py:188} INFO - [2025-12-31T13:36:00.330+0000] {dagbag.py:538} INFO - Filling up the DagBag from /opt/airflow/dags/prediction_features_pipeline.py
[2025-12-31T13:36:00.389+0000] {processor.py:840} INFO - DAG(s) 'match_features_pipeline' retrieved from /opt/airflow/dags/prediction_features_pipeline.py
[2025-12-31T13:36:00.452+0000] {logging_mixin.py:188} INFO - [2025-12-31T13:36:00.451+0000] {dag.py:3036} INFO - Sync 1 DAGs
[2025-12-31T13:36:00.520+0000] {logging_mixin.py:188} INFO - [2025-12-31T13:36:00.520+0000] {dag.py:3823} INFO - Setting next_dagrun for match_features_pipeline to 2025-12-30 00:00:00+00:00, run_after=2025-12-31 00:00:00+00:00
[2025-12-31T13:36:00.578+0000] {processor.py:183} INFO - Processing /opt/airflow/dags/prediction_features_pipeline.py took 0.271 seconds
[2025-12-31T13:36:30.942+0000] {processor.py:161} INFO - Started process (PID=18688) to work on /opt/airflow/dags/prediction_features_pipeline.py
[2025-12-31T13:36:30.946+0000] {processor.py:830} INFO - Processing file /opt/airflow/dags/prediction_features_pipeline.py for tasks to queue
[2025-12-31T13:36:30.949+0000] {logging_mixin.py:188} INFO - [2025-12-31T13:36:30.948+0000] {dagbag.py:538} INFO - Filling up the DagBag from /opt/airflow/dags/prediction_features_pipeline.py
[2025-12-31T13:36:31.019+0000] {processor.py:840} INFO - DAG(s) 'match_features_pipeline' retrieved from /opt/airflow/dags/prediction_features_pipeline.py
[2025-12-31T13:36:31.108+0000] {logging_mixin.py:188} INFO - [2025-12-31T13:36:31.107+0000] {dag.py:3036} INFO - Sync 1 DAGs
[2025-12-31T13:36:31.186+0000] {logging_mixin.py:188} INFO - [2025-12-31T13:36:31.185+0000] {dag.py:3823} INFO - Setting next_dagrun for match_features_pipeline to 2025-12-30 00:00:00+00:00, run_after=2025-12-31 00:00:00+00:00
[2025-12-31T13:36:31.256+0000] {processor.py:183} INFO - Processing /opt/airflow/dags/prediction_features_pipeline.py took 0.328 seconds
[2025-12-31T13:37:01.524+0000] {processor.py:161} INFO - Started process (PID=18708) to work on /opt/airflow/dags/prediction_features_pipeline.py
[2025-12-31T13:37:01.527+0000] {processor.py:830} INFO - Processing file /opt/airflow/dags/prediction_features_pipeline.py for tasks to queue
[2025-12-31T13:37:01.530+0000] {logging_mixin.py:188} INFO - [2025-12-31T13:37:01.529+0000] {dagbag.py:538} INFO - Filling up the DagBag from /opt/airflow/dags/prediction_features_pipeline.py
[2025-12-31T13:37:01.595+0000] {processor.py:840} INFO - DAG(s) 'match_features_pipeline' retrieved from /opt/airflow/dags/prediction_features_pipeline.py
[2025-12-31T13:37:01.657+0000] {logging_mixin.py:188} INFO - [2025-12-31T13:37:01.656+0000] {dag.py:3036} INFO - Sync 1 DAGs
[2025-12-31T13:37:01.717+0000] {logging_mixin.py:188} INFO - [2025-12-31T13:37:01.716+0000] {dag.py:3823} INFO - Setting next_dagrun for match_features_pipeline to 2025-12-30 00:00:00+00:00, run_after=2025-12-31 00:00:00+00:00
[2025-12-31T13:37:01.790+0000] {processor.py:183} INFO - Processing /opt/airflow/dags/prediction_features_pipeline.py took 0.276 seconds
[2025-12-31T13:37:32.899+0000] {processor.py:161} INFO - Started process (PID=18728) to work on /opt/airflow/dags/prediction_features_pipeline.py
[2025-12-31T13:37:32.903+0000] {processor.py:830} INFO - Processing file /opt/airflow/dags/prediction_features_pipeline.py for tasks to queue
[2025-12-31T13:37:32.906+0000] {logging_mixin.py:188} INFO - [2025-12-31T13:37:32.905+0000] {dagbag.py:538} INFO - Filling up the DagBag from /opt/airflow/dags/prediction_features_pipeline.py
[2025-12-31T13:37:32.974+0000] {processor.py:840} INFO - DAG(s) 'match_features_pipeline' retrieved from /opt/airflow/dags/prediction_features_pipeline.py
[2025-12-31T13:37:33.034+0000] {logging_mixin.py:188} INFO - [2025-12-31T13:37:33.033+0000] {dag.py:3036} INFO - Sync 1 DAGs
[2025-12-31T13:37:33.097+0000] {logging_mixin.py:188} INFO - [2025-12-31T13:37:33.096+0000] {dag.py:3823} INFO - Setting next_dagrun for match_features_pipeline to 2025-12-30 00:00:00+00:00, run_after=2025-12-31 00:00:00+00:00
[2025-12-31T13:37:33.836+0000] {processor.py:183} INFO - Processing /opt/airflow/dags/prediction_features_pipeline.py took 0.948 seconds
[2025-12-31T13:38:04.374+0000] {processor.py:161} INFO - Started process (PID=18748) to work on /opt/airflow/dags/prediction_features_pipeline.py
[2025-12-31T13:38:04.380+0000] {processor.py:830} INFO - Processing file /opt/airflow/dags/prediction_features_pipeline.py for tasks to queue
[2025-12-31T13:38:04.383+0000] {logging_mixin.py:188} INFO - [2025-12-31T13:38:04.382+0000] {dagbag.py:538} INFO - Filling up the DagBag from /opt/airflow/dags/prediction_features_pipeline.py
[2025-12-31T13:38:04.460+0000] {processor.py:840} INFO - DAG(s) 'match_features_pipeline' retrieved from /opt/airflow/dags/prediction_features_pipeline.py
[2025-12-31T13:38:04.550+0000] {logging_mixin.py:188} INFO - [2025-12-31T13:38:04.550+0000] {dag.py:3036} INFO - Sync 1 DAGs
[2025-12-31T13:38:05.154+0000] {logging_mixin.py:188} INFO - [2025-12-31T13:38:05.153+0000] {dag.py:3823} INFO - Setting next_dagrun for match_features_pipeline to 2025-12-30 00:00:00+00:00, run_after=2025-12-31 00:00:00+00:00
[2025-12-31T13:38:05.231+0000] {processor.py:183} INFO - Processing /opt/airflow/dags/prediction_features_pipeline.py took 0.871 seconds
[2025-12-31T13:38:35.878+0000] {processor.py:161} INFO - Started process (PID=18768) to work on /opt/airflow/dags/prediction_features_pipeline.py
[2025-12-31T13:38:35.882+0000] {processor.py:830} INFO - Processing file /opt/airflow/dags/prediction_features_pipeline.py for tasks to queue
[2025-12-31T13:38:35.884+0000] {logging_mixin.py:188} INFO - [2025-12-31T13:38:35.883+0000] {dagbag.py:538} INFO - Filling up the DagBag from /opt/airflow/dags/prediction_features_pipeline.py
[2025-12-31T13:38:35.953+0000] {processor.py:840} INFO - DAG(s) 'match_features_pipeline' retrieved from /opt/airflow/dags/prediction_features_pipeline.py
[2025-12-31T13:38:36.023+0000] {logging_mixin.py:188} INFO - [2025-12-31T13:38:36.023+0000] {dag.py:3036} INFO - Sync 1 DAGs
[2025-12-31T13:38:36.079+0000] {logging_mixin.py:188} INFO - [2025-12-31T13:38:36.079+0000] {dag.py:3823} INFO - Setting next_dagrun for match_features_pipeline to 2025-12-30 00:00:00+00:00, run_after=2025-12-31 00:00:00+00:00
[2025-12-31T13:38:36.143+0000] {processor.py:183} INFO - Processing /opt/airflow/dags/prediction_features_pipeline.py took 0.275 seconds
[2025-12-31T13:39:06.651+0000] {processor.py:161} INFO - Started process (PID=18788) to work on /opt/airflow/dags/prediction_features_pipeline.py
[2025-12-31T13:39:06.660+0000] {processor.py:830} INFO - Processing file /opt/airflow/dags/prediction_features_pipeline.py for tasks to queue
[2025-12-31T13:39:06.665+0000] {logging_mixin.py:188} INFO - [2025-12-31T13:39:06.664+0000] {dagbag.py:538} INFO - Filling up the DagBag from /opt/airflow/dags/prediction_features_pipeline.py
[2025-12-31T13:39:06.729+0000] {processor.py:840} INFO - DAG(s) 'match_features_pipeline' retrieved from /opt/airflow/dags/prediction_features_pipeline.py
[2025-12-31T13:39:06.810+0000] {logging_mixin.py:188} INFO - [2025-12-31T13:39:06.809+0000] {dag.py:3036} INFO - Sync 1 DAGs
[2025-12-31T13:39:06.878+0000] {logging_mixin.py:188} INFO - [2025-12-31T13:39:06.877+0000] {dag.py:3823} INFO - Setting next_dagrun for match_features_pipeline to 2025-12-30 00:00:00+00:00, run_after=2025-12-31 00:00:00+00:00
[2025-12-31T13:39:06.928+0000] {processor.py:183} INFO - Processing /opt/airflow/dags/prediction_features_pipeline.py took 0.316 seconds
[2025-12-31T13:39:37.315+0000] {processor.py:161} INFO - Started process (PID=18808) to work on /opt/airflow/dags/prediction_features_pipeline.py
[2025-12-31T13:39:37.319+0000] {processor.py:830} INFO - Processing file /opt/airflow/dags/prediction_features_pipeline.py for tasks to queue
[2025-12-31T13:39:37.322+0000] {logging_mixin.py:188} INFO - [2025-12-31T13:39:37.321+0000] {dagbag.py:538} INFO - Filling up the DagBag from /opt/airflow/dags/prediction_features_pipeline.py
[2025-12-31T13:39:37.400+0000] {processor.py:840} INFO - DAG(s) 'match_features_pipeline' retrieved from /opt/airflow/dags/prediction_features_pipeline.py
[2025-12-31T13:39:37.486+0000] {logging_mixin.py:188} INFO - [2025-12-31T13:39:37.485+0000] {dag.py:3036} INFO - Sync 1 DAGs
[2025-12-31T13:39:37.575+0000] {logging_mixin.py:188} INFO - [2025-12-31T13:39:37.575+0000] {dag.py:3823} INFO - Setting next_dagrun for match_features_pipeline to 2025-12-30 00:00:00+00:00, run_after=2025-12-31 00:00:00+00:00
[2025-12-31T13:39:37.637+0000] {processor.py:183} INFO - Processing /opt/airflow/dags/prediction_features_pipeline.py took 0.338 seconds
[2025-12-31T13:40:07.969+0000] {processor.py:161} INFO - Started process (PID=18828) to work on /opt/airflow/dags/prediction_features_pipeline.py
[2025-12-31T13:40:07.974+0000] {processor.py:830} INFO - Processing file /opt/airflow/dags/prediction_features_pipeline.py for tasks to queue
[2025-12-31T13:40:07.978+0000] {logging_mixin.py:188} INFO - [2025-12-31T13:40:07.976+0000] {dagbag.py:538} INFO - Filling up the DagBag from /opt/airflow/dags/prediction_features_pipeline.py
[2025-12-31T13:40:08.042+0000] {processor.py:840} INFO - DAG(s) 'match_features_pipeline' retrieved from /opt/airflow/dags/prediction_features_pipeline.py
[2025-12-31T13:40:08.117+0000] {logging_mixin.py:188} INFO - [2025-12-31T13:40:08.117+0000] {dag.py:3036} INFO - Sync 1 DAGs
[2025-12-31T13:40:08.178+0000] {logging_mixin.py:188} INFO - [2025-12-31T13:40:08.177+0000] {dag.py:3823} INFO - Setting next_dagrun for match_features_pipeline to 2025-12-30 00:00:00+00:00, run_after=2025-12-31 00:00:00+00:00
[2025-12-31T13:40:08.701+0000] {processor.py:183} INFO - Processing /opt/airflow/dags/prediction_features_pipeline.py took 0.747 seconds
[2025-12-31T13:40:39.546+0000] {processor.py:161} INFO - Started process (PID=18850) to work on /opt/airflow/dags/prediction_features_pipeline.py
[2025-12-31T13:40:39.549+0000] {processor.py:830} INFO - Processing file /opt/airflow/dags/prediction_features_pipeline.py for tasks to queue
[2025-12-31T13:40:39.552+0000] {logging_mixin.py:188} INFO - [2025-12-31T13:40:39.551+0000] {dagbag.py:538} INFO - Filling up the DagBag from /opt/airflow/dags/prediction_features_pipeline.py
[2025-12-31T13:40:39.614+0000] {processor.py:840} INFO - DAG(s) 'match_features_pipeline' retrieved from /opt/airflow/dags/prediction_features_pipeline.py
[2025-12-31T13:40:39.674+0000] {logging_mixin.py:188} INFO - [2025-12-31T13:40:39.674+0000] {dag.py:3036} INFO - Sync 1 DAGs
[2025-12-31T13:40:40.125+0000] {logging_mixin.py:188} INFO - [2025-12-31T13:40:40.125+0000] {dag.py:3823} INFO - Setting next_dagrun for match_features_pipeline to 2025-12-30 00:00:00+00:00, run_after=2025-12-31 00:00:00+00:00
[2025-12-31T13:40:40.180+0000] {processor.py:183} INFO - Processing /opt/airflow/dags/prediction_features_pipeline.py took 0.644 seconds
[2025-12-31T13:41:10.678+0000] {processor.py:161} INFO - Started process (PID=18870) to work on /opt/airflow/dags/prediction_features_pipeline.py
[2025-12-31T13:41:10.682+0000] {processor.py:830} INFO - Processing file /opt/airflow/dags/prediction_features_pipeline.py for tasks to queue
[2025-12-31T13:41:10.686+0000] {logging_mixin.py:188} INFO - [2025-12-31T13:41:10.685+0000] {dagbag.py:538} INFO - Filling up the DagBag from /opt/airflow/dags/prediction_features_pipeline.py
[2025-12-31T13:41:10.761+0000] {processor.py:840} INFO - DAG(s) 'match_features_pipeline' retrieved from /opt/airflow/dags/prediction_features_pipeline.py
[2025-12-31T13:41:10.813+0000] {logging_mixin.py:188} INFO - [2025-12-31T13:41:10.813+0000] {dag.py:3036} INFO - Sync 1 DAGs
[2025-12-31T13:41:11.187+0000] {logging_mixin.py:188} INFO - [2025-12-31T13:41:11.187+0000] {dag.py:3823} INFO - Setting next_dagrun for match_features_pipeline to 2025-12-30 00:00:00+00:00, run_after=2025-12-31 00:00:00+00:00
[2025-12-31T13:41:11.274+0000] {processor.py:183} INFO - Processing /opt/airflow/dags/prediction_features_pipeline.py took 0.610 seconds
[2025-12-31T13:41:41.617+0000] {processor.py:161} INFO - Started process (PID=18890) to work on /opt/airflow/dags/prediction_features_pipeline.py
[2025-12-31T13:41:41.621+0000] {processor.py:830} INFO - Processing file /opt/airflow/dags/prediction_features_pipeline.py for tasks to queue
[2025-12-31T13:41:41.624+0000] {logging_mixin.py:188} INFO - [2025-12-31T13:41:41.623+0000] {dagbag.py:538} INFO - Filling up the DagBag from /opt/airflow/dags/prediction_features_pipeline.py
[2025-12-31T13:41:41.681+0000] {processor.py:840} INFO - DAG(s) 'match_features_pipeline' retrieved from /opt/airflow/dags/prediction_features_pipeline.py
[2025-12-31T13:41:41.762+0000] {logging_mixin.py:188} INFO - [2025-12-31T13:41:41.760+0000] {dag.py:3036} INFO - Sync 1 DAGs
[2025-12-31T13:41:41.842+0000] {logging_mixin.py:188} INFO - [2025-12-31T13:41:41.841+0000] {dag.py:3823} INFO - Setting next_dagrun for match_features_pipeline to 2025-12-30 00:00:00+00:00, run_after=2025-12-31 00:00:00+00:00
[2025-12-31T13:41:41.937+0000] {processor.py:183} INFO - Processing /opt/airflow/dags/prediction_features_pipeline.py took 0.338 seconds
[2025-12-31T13:42:12.242+0000] {processor.py:161} INFO - Started process (PID=18910) to work on /opt/airflow/dags/prediction_features_pipeline.py
[2025-12-31T13:42:12.245+0000] {processor.py:830} INFO - Processing file /opt/airflow/dags/prediction_features_pipeline.py for tasks to queue
[2025-12-31T13:42:12.248+0000] {logging_mixin.py:188} INFO - [2025-12-31T13:42:12.247+0000] {dagbag.py:538} INFO - Filling up the DagBag from /opt/airflow/dags/prediction_features_pipeline.py
[2025-12-31T13:42:12.309+0000] {processor.py:840} INFO - DAG(s) 'match_features_pipeline' retrieved from /opt/airflow/dags/prediction_features_pipeline.py
[2025-12-31T13:42:12.361+0000] {logging_mixin.py:188} INFO - [2025-12-31T13:42:12.361+0000] {dag.py:3036} INFO - Sync 1 DAGs
[2025-12-31T13:42:12.416+0000] {logging_mixin.py:188} INFO - [2025-12-31T13:42:12.415+0000] {dag.py:3823} INFO - Setting next_dagrun for match_features_pipeline to 2025-12-30 00:00:00+00:00, run_after=2025-12-31 00:00:00+00:00
[2025-12-31T13:42:12.497+0000] {processor.py:183} INFO - Processing /opt/airflow/dags/prediction_features_pipeline.py took 0.264 seconds
[2025-12-31T13:42:42.745+0000] {processor.py:161} INFO - Started process (PID=18930) to work on /opt/airflow/dags/prediction_features_pipeline.py
[2025-12-31T13:42:42.748+0000] {processor.py:830} INFO - Processing file /opt/airflow/dags/prediction_features_pipeline.py for tasks to queue
[2025-12-31T13:42:42.752+0000] {logging_mixin.py:188} INFO - [2025-12-31T13:42:42.751+0000] {dagbag.py:538} INFO - Filling up the DagBag from /opt/airflow/dags/prediction_features_pipeline.py
[2025-12-31T13:42:42.815+0000] {processor.py:840} INFO - DAG(s) 'match_features_pipeline' retrieved from /opt/airflow/dags/prediction_features_pipeline.py
[2025-12-31T13:42:42.880+0000] {logging_mixin.py:188} INFO - [2025-12-31T13:42:42.879+0000] {dag.py:3036} INFO - Sync 1 DAGs
[2025-12-31T13:42:42.949+0000] {logging_mixin.py:188} INFO - [2025-12-31T13:42:42.948+0000] {dag.py:3823} INFO - Setting next_dagrun for match_features_pipeline to 2025-12-30 00:00:00+00:00, run_after=2025-12-31 00:00:00+00:00
[2025-12-31T13:42:42.999+0000] {processor.py:183} INFO - Processing /opt/airflow/dags/prediction_features_pipeline.py took 0.263 seconds
[2025-12-31T13:43:13.600+0000] {processor.py:161} INFO - Started process (PID=18950) to work on /opt/airflow/dags/prediction_features_pipeline.py
[2025-12-31T13:43:13.603+0000] {processor.py:830} INFO - Processing file /opt/airflow/dags/prediction_features_pipeline.py for tasks to queue
[2025-12-31T13:43:13.605+0000] {logging_mixin.py:188} INFO - [2025-12-31T13:43:13.604+0000] {dagbag.py:538} INFO - Filling up the DagBag from /opt/airflow/dags/prediction_features_pipeline.py
[2025-12-31T13:43:13.661+0000] {processor.py:840} INFO - DAG(s) 'match_features_pipeline' retrieved from /opt/airflow/dags/prediction_features_pipeline.py
[2025-12-31T13:43:13.718+0000] {logging_mixin.py:188} INFO - [2025-12-31T13:43:13.718+0000] {dag.py:3036} INFO - Sync 1 DAGs
[2025-12-31T13:43:13.780+0000] {logging_mixin.py:188} INFO - [2025-12-31T13:43:13.779+0000] {dag.py:3823} INFO - Setting next_dagrun for match_features_pipeline to 2025-12-30 00:00:00+00:00, run_after=2025-12-31 00:00:00+00:00
[2025-12-31T13:43:14.224+0000] {processor.py:183} INFO - Processing /opt/airflow/dags/prediction_features_pipeline.py took 0.638 seconds
[2025-12-31T13:43:44.961+0000] {processor.py:161} INFO - Started process (PID=18970) to work on /opt/airflow/dags/prediction_features_pipeline.py
[2025-12-31T13:43:44.964+0000] {processor.py:830} INFO - Processing file /opt/airflow/dags/prediction_features_pipeline.py for tasks to queue
[2025-12-31T13:43:44.967+0000] {logging_mixin.py:188} INFO - [2025-12-31T13:43:44.966+0000] {dagbag.py:538} INFO - Filling up the DagBag from /opt/airflow/dags/prediction_features_pipeline.py
[2025-12-31T13:43:45.031+0000] {processor.py:840} INFO - DAG(s) 'match_features_pipeline' retrieved from /opt/airflow/dags/prediction_features_pipeline.py
[2025-12-31T13:43:45.097+0000] {logging_mixin.py:188} INFO - [2025-12-31T13:43:45.097+0000] {dag.py:3036} INFO - Sync 1 DAGs
[2025-12-31T13:43:45.598+0000] {logging_mixin.py:188} INFO - [2025-12-31T13:43:45.597+0000] {dag.py:3823} INFO - Setting next_dagrun for match_features_pipeline to 2025-12-30 00:00:00+00:00, run_after=2025-12-31 00:00:00+00:00
[2025-12-31T13:43:45.685+0000] {processor.py:183} INFO - Processing /opt/airflow/dags/prediction_features_pipeline.py took 0.734 seconds
[2025-12-31T13:44:16.015+0000] {processor.py:161} INFO - Started process (PID=18990) to work on /opt/airflow/dags/prediction_features_pipeline.py
[2025-12-31T13:44:16.018+0000] {processor.py:830} INFO - Processing file /opt/airflow/dags/prediction_features_pipeline.py for tasks to queue
[2025-12-31T13:44:16.022+0000] {logging_mixin.py:188} INFO - [2025-12-31T13:44:16.020+0000] {dagbag.py:538} INFO - Filling up the DagBag from /opt/airflow/dags/prediction_features_pipeline.py
[2025-12-31T13:44:16.098+0000] {processor.py:840} INFO - DAG(s) 'match_features_pipeline' retrieved from /opt/airflow/dags/prediction_features_pipeline.py
[2025-12-31T13:44:16.174+0000] {logging_mixin.py:188} INFO - [2025-12-31T13:44:16.173+0000] {dag.py:3036} INFO - Sync 1 DAGs
[2025-12-31T13:44:16.695+0000] {logging_mixin.py:188} INFO - [2025-12-31T13:44:16.694+0000] {dag.py:3823} INFO - Setting next_dagrun for match_features_pipeline to 2025-12-30 00:00:00+00:00, run_after=2025-12-31 00:00:00+00:00
[2025-12-31T13:44:16.776+0000] {processor.py:183} INFO - Processing /opt/airflow/dags/prediction_features_pipeline.py took 0.771 seconds
[2025-12-31T13:44:47.065+0000] {processor.py:161} INFO - Started process (PID=19018) to work on /opt/airflow/dags/prediction_features_pipeline.py
[2025-12-31T13:44:47.068+0000] {processor.py:830} INFO - Processing file /opt/airflow/dags/prediction_features_pipeline.py for tasks to queue
[2025-12-31T13:44:47.071+0000] {logging_mixin.py:188} INFO - [2025-12-31T13:44:47.070+0000] {dagbag.py:538} INFO - Filling up the DagBag from /opt/airflow/dags/prediction_features_pipeline.py
[2025-12-31T13:44:47.133+0000] {processor.py:840} INFO - DAG(s) 'match_features_pipeline' retrieved from /opt/airflow/dags/prediction_features_pipeline.py
[2025-12-31T13:44:47.188+0000] {logging_mixin.py:188} INFO - [2025-12-31T13:44:47.188+0000] {dag.py:3036} INFO - Sync 1 DAGs
[2025-12-31T13:44:47.237+0000] {logging_mixin.py:188} INFO - [2025-12-31T13:44:47.236+0000] {dag.py:3823} INFO - Setting next_dagrun for match_features_pipeline to 2025-12-30 00:00:00+00:00, run_after=2025-12-31 00:00:00+00:00
[2025-12-31T13:44:47.286+0000] {processor.py:183} INFO - Processing /opt/airflow/dags/prediction_features_pipeline.py took 0.229 seconds
[2025-12-31T13:45:17.413+0000] {processor.py:161} INFO - Started process (PID=19035) to work on /opt/airflow/dags/prediction_features_pipeline.py
[2025-12-31T13:45:17.417+0000] {processor.py:830} INFO - Processing file /opt/airflow/dags/prediction_features_pipeline.py for tasks to queue
[2025-12-31T13:45:17.420+0000] {logging_mixin.py:188} INFO - [2025-12-31T13:45:17.419+0000] {dagbag.py:538} INFO - Filling up the DagBag from /opt/airflow/dags/prediction_features_pipeline.py
[2025-12-31T13:45:17.471+0000] {processor.py:840} INFO - DAG(s) 'match_features_pipeline' retrieved from /opt/airflow/dags/prediction_features_pipeline.py
[2025-12-31T13:45:17.524+0000] {logging_mixin.py:188} INFO - [2025-12-31T13:45:17.524+0000] {dag.py:3036} INFO - Sync 1 DAGs
[2025-12-31T13:45:17.580+0000] {logging_mixin.py:188} INFO - [2025-12-31T13:45:17.579+0000] {dag.py:3823} INFO - Setting next_dagrun for match_features_pipeline to 2025-12-30 00:00:00+00:00, run_after=2025-12-31 00:00:00+00:00
[2025-12-31T13:45:17.663+0000] {processor.py:183} INFO - Processing /opt/airflow/dags/prediction_features_pipeline.py took 0.261 seconds
[2025-12-31T13:45:47.811+0000] {processor.py:161} INFO - Started process (PID=19050) to work on /opt/airflow/dags/prediction_features_pipeline.py
[2025-12-31T13:45:47.815+0000] {processor.py:830} INFO - Processing file /opt/airflow/dags/prediction_features_pipeline.py for tasks to queue
[2025-12-31T13:45:47.818+0000] {logging_mixin.py:188} INFO - [2025-12-31T13:45:47.817+0000] {dagbag.py:538} INFO - Filling up the DagBag from /opt/airflow/dags/prediction_features_pipeline.py
[2025-12-31T13:45:47.873+0000] {processor.py:840} INFO - DAG(s) 'match_features_pipeline' retrieved from /opt/airflow/dags/prediction_features_pipeline.py
[2025-12-31T13:45:47.940+0000] {logging_mixin.py:188} INFO - [2025-12-31T13:45:47.939+0000] {dag.py:3036} INFO - Sync 1 DAGs
[2025-12-31T13:45:48.009+0000] {logging_mixin.py:188} INFO - [2025-12-31T13:45:48.009+0000] {dag.py:3823} INFO - Setting next_dagrun for match_features_pipeline to 2025-12-30 00:00:00+00:00, run_after=2025-12-31 00:00:00+00:00
[2025-12-31T13:45:48.102+0000] {processor.py:183} INFO - Processing /opt/airflow/dags/prediction_features_pipeline.py took 0.307 seconds
[2025-12-31T13:46:18.820+0000] {processor.py:161} INFO - Started process (PID=19070) to work on /opt/airflow/dags/prediction_features_pipeline.py
[2025-12-31T13:46:18.822+0000] {processor.py:830} INFO - Processing file /opt/airflow/dags/prediction_features_pipeline.py for tasks to queue
[2025-12-31T13:46:18.825+0000] {logging_mixin.py:188} INFO - [2025-12-31T13:46:18.825+0000] {dagbag.py:538} INFO - Filling up the DagBag from /opt/airflow/dags/prediction_features_pipeline.py
[2025-12-31T13:46:18.887+0000] {processor.py:840} INFO - DAG(s) 'match_features_pipeline' retrieved from /opt/airflow/dags/prediction_features_pipeline.py
[2025-12-31T13:46:18.938+0000] {logging_mixin.py:188} INFO - [2025-12-31T13:46:18.938+0000] {dag.py:3036} INFO - Sync 1 DAGs
[2025-12-31T13:46:18.998+0000] {logging_mixin.py:188} INFO - [2025-12-31T13:46:18.997+0000] {dag.py:3823} INFO - Setting next_dagrun for match_features_pipeline to 2025-12-30 00:00:00+00:00, run_after=2025-12-31 00:00:00+00:00
[2025-12-31T13:46:19.406+0000] {processor.py:183} INFO - Processing /opt/airflow/dags/prediction_features_pipeline.py took 0.595 seconds
[2025-12-31T13:46:50.220+0000] {processor.py:161} INFO - Started process (PID=19090) to work on /opt/airflow/dags/prediction_features_pipeline.py
[2025-12-31T13:46:50.223+0000] {processor.py:830} INFO - Processing file /opt/airflow/dags/prediction_features_pipeline.py for tasks to queue
[2025-12-31T13:46:50.226+0000] {logging_mixin.py:188} INFO - [2025-12-31T13:46:50.225+0000] {dagbag.py:538} INFO - Filling up the DagBag from /opt/airflow/dags/prediction_features_pipeline.py
[2025-12-31T13:46:50.298+0000] {processor.py:840} INFO - DAG(s) 'match_features_pipeline' retrieved from /opt/airflow/dags/prediction_features_pipeline.py
[2025-12-31T13:46:50.358+0000] {logging_mixin.py:188} INFO - [2025-12-31T13:46:50.358+0000] {dag.py:3036} INFO - Sync 1 DAGs
[2025-12-31T13:46:50.763+0000] {logging_mixin.py:188} INFO - [2025-12-31T13:46:50.762+0000] {dag.py:3823} INFO - Setting next_dagrun for match_features_pipeline to 2025-12-30 00:00:00+00:00, run_after=2025-12-31 00:00:00+00:00
[2025-12-31T13:46:50.813+0000] {processor.py:183} INFO - Processing /opt/airflow/dags/prediction_features_pipeline.py took 0.602 seconds
[2025-12-31T13:47:21.206+0000] {processor.py:161} INFO - Started process (PID=19110) to work on /opt/airflow/dags/prediction_features_pipeline.py
[2025-12-31T13:47:21.210+0000] {processor.py:830} INFO - Processing file /opt/airflow/dags/prediction_features_pipeline.py for tasks to queue
[2025-12-31T13:47:21.213+0000] {logging_mixin.py:188} INFO - [2025-12-31T13:47:21.212+0000] {dagbag.py:538} INFO - Filling up the DagBag from /opt/airflow/dags/prediction_features_pipeline.py
[2025-12-31T13:47:21.272+0000] {processor.py:840} INFO - DAG(s) 'match_features_pipeline' retrieved from /opt/airflow/dags/prediction_features_pipeline.py
[2025-12-31T13:47:21.342+0000] {logging_mixin.py:188} INFO - [2025-12-31T13:47:21.341+0000] {dag.py:3036} INFO - Sync 1 DAGs
[2025-12-31T13:47:21.414+0000] {logging_mixin.py:188} INFO - [2025-12-31T13:47:21.414+0000] {dag.py:3823} INFO - Setting next_dagrun for match_features_pipeline to 2025-12-30 00:00:00+00:00, run_after=2025-12-31 00:00:00+00:00
[2025-12-31T13:47:21.510+0000] {processor.py:183} INFO - Processing /opt/airflow/dags/prediction_features_pipeline.py took 0.315 seconds
[2025-12-31T13:47:51.734+0000] {processor.py:161} INFO - Started process (PID=19130) to work on /opt/airflow/dags/prediction_features_pipeline.py
[2025-12-31T13:47:51.737+0000] {processor.py:830} INFO - Processing file /opt/airflow/dags/prediction_features_pipeline.py for tasks to queue
[2025-12-31T13:47:51.740+0000] {logging_mixin.py:188} INFO - [2025-12-31T13:47:51.739+0000] {dagbag.py:538} INFO - Filling up the DagBag from /opt/airflow/dags/prediction_features_pipeline.py
[2025-12-31T13:47:51.797+0000] {processor.py:840} INFO - DAG(s) 'match_features_pipeline' retrieved from /opt/airflow/dags/prediction_features_pipeline.py
[2025-12-31T13:47:51.868+0000] {logging_mixin.py:188} INFO - [2025-12-31T13:47:51.868+0000] {dag.py:3036} INFO - Sync 1 DAGs
[2025-12-31T13:47:51.924+0000] {logging_mixin.py:188} INFO - [2025-12-31T13:47:51.923+0000] {dag.py:3823} INFO - Setting next_dagrun for match_features_pipeline to 2025-12-30 00:00:00+00:00, run_after=2025-12-31 00:00:00+00:00
[2025-12-31T13:47:52.012+0000] {processor.py:183} INFO - Processing /opt/airflow/dags/prediction_features_pipeline.py took 0.288 seconds
[2025-12-31T13:48:22.975+0000] {processor.py:161} INFO - Started process (PID=19150) to work on /opt/airflow/dags/prediction_features_pipeline.py
[2025-12-31T13:48:22.978+0000] {processor.py:830} INFO - Processing file /opt/airflow/dags/prediction_features_pipeline.py for tasks to queue
[2025-12-31T13:48:22.981+0000] {logging_mixin.py:188} INFO - [2025-12-31T13:48:22.980+0000] {dagbag.py:538} INFO - Filling up the DagBag from /opt/airflow/dags/prediction_features_pipeline.py
[2025-12-31T13:48:23.045+0000] {processor.py:840} INFO - DAG(s) 'match_features_pipeline' retrieved from /opt/airflow/dags/prediction_features_pipeline.py
[2025-12-31T13:48:23.110+0000] {logging_mixin.py:188} INFO - [2025-12-31T13:48:23.109+0000] {dag.py:3036} INFO - Sync 1 DAGs
[2025-12-31T13:48:23.171+0000] {logging_mixin.py:188} INFO - [2025-12-31T13:48:23.170+0000] {dag.py:3823} INFO - Setting next_dagrun for match_features_pipeline to 2025-12-30 00:00:00+00:00, run_after=2025-12-31 00:00:00+00:00
[2025-12-31T13:48:23.226+0000] {processor.py:183} INFO - Processing /opt/airflow/dags/prediction_features_pipeline.py took 0.260 seconds
[2025-12-31T13:48:53.759+0000] {processor.py:161} INFO - Started process (PID=19170) to work on /opt/airflow/dags/prediction_features_pipeline.py
[2025-12-31T13:48:53.761+0000] {processor.py:830} INFO - Processing file /opt/airflow/dags/prediction_features_pipeline.py for tasks to queue
[2025-12-31T13:48:53.764+0000] {logging_mixin.py:188} INFO - [2025-12-31T13:48:53.764+0000] {dagbag.py:538} INFO - Filling up the DagBag from /opt/airflow/dags/prediction_features_pipeline.py
[2025-12-31T13:48:53.816+0000] {processor.py:840} INFO - DAG(s) 'match_features_pipeline' retrieved from /opt/airflow/dags/prediction_features_pipeline.py
[2025-12-31T13:48:53.866+0000] {logging_mixin.py:188} INFO - [2025-12-31T13:48:53.866+0000] {dag.py:3036} INFO - Sync 1 DAGs
[2025-12-31T13:48:53.919+0000] {logging_mixin.py:188} INFO - [2025-12-31T13:48:53.918+0000] {dag.py:3823} INFO - Setting next_dagrun for match_features_pipeline to 2025-12-30 00:00:00+00:00, run_after=2025-12-31 00:00:00+00:00
[2025-12-31T13:48:54.294+0000] {processor.py:183} INFO - Processing /opt/airflow/dags/prediction_features_pipeline.py took 0.544 seconds
[2025-12-31T13:49:25.067+0000] {processor.py:161} INFO - Started process (PID=19190) to work on /opt/airflow/dags/prediction_features_pipeline.py
[2025-12-31T13:49:25.074+0000] {processor.py:830} INFO - Processing file /opt/airflow/dags/prediction_features_pipeline.py for tasks to queue
[2025-12-31T13:49:25.078+0000] {logging_mixin.py:188} INFO - [2025-12-31T13:49:25.077+0000] {dagbag.py:538} INFO - Filling up the DagBag from /opt/airflow/dags/prediction_features_pipeline.py
[2025-12-31T13:49:25.139+0000] {processor.py:840} INFO - DAG(s) 'match_features_pipeline' retrieved from /opt/airflow/dags/prediction_features_pipeline.py
[2025-12-31T13:49:25.189+0000] {logging_mixin.py:188} INFO - [2025-12-31T13:49:25.189+0000] {dag.py:3036} INFO - Sync 1 DAGs
[2025-12-31T13:49:25.574+0000] {logging_mixin.py:188} INFO - [2025-12-31T13:49:25.573+0000] {dag.py:3823} INFO - Setting next_dagrun for match_features_pipeline to 2025-12-30 00:00:00+00:00, run_after=2025-12-31 00:00:00+00:00
[2025-12-31T13:49:25.655+0000] {processor.py:183} INFO - Processing /opt/airflow/dags/prediction_features_pipeline.py took 0.602 seconds
[2025-12-31T13:49:56.299+0000] {processor.py:161} INFO - Started process (PID=19210) to work on /opt/airflow/dags/prediction_features_pipeline.py
[2025-12-31T13:49:56.304+0000] {processor.py:830} INFO - Processing file /opt/airflow/dags/prediction_features_pipeline.py for tasks to queue
[2025-12-31T13:49:56.308+0000] {logging_mixin.py:188} INFO - [2025-12-31T13:49:56.307+0000] {dagbag.py:538} INFO - Filling up the DagBag from /opt/airflow/dags/prediction_features_pipeline.py
[2025-12-31T13:49:56.358+0000] {processor.py:840} INFO - DAG(s) 'match_features_pipeline' retrieved from /opt/airflow/dags/prediction_features_pipeline.py
[2025-12-31T13:49:56.411+0000] {logging_mixin.py:188} INFO - [2025-12-31T13:49:56.411+0000] {dag.py:3036} INFO - Sync 1 DAGs
[2025-12-31T13:49:56.798+0000] {logging_mixin.py:188} INFO - [2025-12-31T13:49:56.796+0000] {dag.py:3823} INFO - Setting next_dagrun for match_features_pipeline to 2025-12-30 00:00:00+00:00, run_after=2025-12-31 00:00:00+00:00
[2025-12-31T13:49:56.885+0000] {processor.py:183} INFO - Processing /opt/airflow/dags/prediction_features_pipeline.py took 0.602 seconds
[2025-12-31T13:50:27.140+0000] {processor.py:161} INFO - Started process (PID=19230) to work on /opt/airflow/dags/prediction_features_pipeline.py
[2025-12-31T13:50:27.144+0000] {processor.py:830} INFO - Processing file /opt/airflow/dags/prediction_features_pipeline.py for tasks to queue
[2025-12-31T13:50:27.147+0000] {logging_mixin.py:188} INFO - [2025-12-31T13:50:27.146+0000] {dagbag.py:538} INFO - Filling up the DagBag from /opt/airflow/dags/prediction_features_pipeline.py
[2025-12-31T13:50:27.218+0000] {processor.py:840} INFO - DAG(s) 'match_features_pipeline' retrieved from /opt/airflow/dags/prediction_features_pipeline.py
[2025-12-31T13:50:27.294+0000] {logging_mixin.py:188} INFO - [2025-12-31T13:50:27.294+0000] {dag.py:3036} INFO - Sync 1 DAGs
[2025-12-31T13:50:27.355+0000] {logging_mixin.py:188} INFO - [2025-12-31T13:50:27.354+0000] {dag.py:3823} INFO - Setting next_dagrun for match_features_pipeline to 2025-12-30 00:00:00+00:00, run_after=2025-12-31 00:00:00+00:00
[2025-12-31T13:50:27.444+0000] {processor.py:183} INFO - Processing /opt/airflow/dags/prediction_features_pipeline.py took 0.318 seconds
[2025-12-31T13:50:57.652+0000] {processor.py:161} INFO - Started process (PID=19250) to work on /opt/airflow/dags/prediction_features_pipeline.py
[2025-12-31T13:50:57.655+0000] {processor.py:830} INFO - Processing file /opt/airflow/dags/prediction_features_pipeline.py for tasks to queue
[2025-12-31T13:50:57.658+0000] {logging_mixin.py:188} INFO - [2025-12-31T13:50:57.657+0000] {dagbag.py:538} INFO - Filling up the DagBag from /opt/airflow/dags/prediction_features_pipeline.py
[2025-12-31T13:50:57.716+0000] {processor.py:840} INFO - DAG(s) 'match_features_pipeline' retrieved from /opt/airflow/dags/prediction_features_pipeline.py
[2025-12-31T13:50:57.773+0000] {logging_mixin.py:188} INFO - [2025-12-31T13:50:57.773+0000] {dag.py:3036} INFO - Sync 1 DAGs
[2025-12-31T13:50:57.824+0000] {logging_mixin.py:188} INFO - [2025-12-31T13:50:57.823+0000] {dag.py:3823} INFO - Setting next_dagrun for match_features_pipeline to 2025-12-30 00:00:00+00:00, run_after=2025-12-31 00:00:00+00:00
[2025-12-31T13:50:57.871+0000] {processor.py:183} INFO - Processing /opt/airflow/dags/prediction_features_pipeline.py took 0.226 seconds
[2025-12-31T13:51:28.242+0000] {processor.py:161} INFO - Started process (PID=19270) to work on /opt/airflow/dags/prediction_features_pipeline.py
[2025-12-31T13:51:28.246+0000] {processor.py:830} INFO - Processing file /opt/airflow/dags/prediction_features_pipeline.py for tasks to queue
[2025-12-31T13:51:28.249+0000] {logging_mixin.py:188} INFO - [2025-12-31T13:51:28.248+0000] {dagbag.py:538} INFO - Filling up the DagBag from /opt/airflow/dags/prediction_features_pipeline.py
[2025-12-31T13:51:28.307+0000] {processor.py:840} INFO - DAG(s) 'match_features_pipeline' retrieved from /opt/airflow/dags/prediction_features_pipeline.py
[2025-12-31T13:51:28.371+0000] {logging_mixin.py:188} INFO - [2025-12-31T13:51:28.371+0000] {dag.py:3036} INFO - Sync 1 DAGs
[2025-12-31T13:51:28.437+0000] {logging_mixin.py:188} INFO - [2025-12-31T13:51:28.437+0000] {dag.py:3823} INFO - Setting next_dagrun for match_features_pipeline to 2025-12-30 00:00:00+00:00, run_after=2025-12-31 00:00:00+00:00
[2025-12-31T13:51:28.530+0000] {processor.py:183} INFO - Processing /opt/airflow/dags/prediction_features_pipeline.py took 0.308 seconds
[2025-12-31T13:51:59.480+0000] {processor.py:161} INFO - Started process (PID=19290) to work on /opt/airflow/dags/prediction_features_pipeline.py
[2025-12-31T13:51:59.484+0000] {processor.py:830} INFO - Processing file /opt/airflow/dags/prediction_features_pipeline.py for tasks to queue
[2025-12-31T13:51:59.486+0000] {logging_mixin.py:188} INFO - [2025-12-31T13:51:59.486+0000] {dagbag.py:538} INFO - Filling up the DagBag from /opt/airflow/dags/prediction_features_pipeline.py
[2025-12-31T13:51:59.550+0000] {processor.py:840} INFO - DAG(s) 'match_features_pipeline' retrieved from /opt/airflow/dags/prediction_features_pipeline.py
[2025-12-31T13:51:59.614+0000] {logging_mixin.py:188} INFO - [2025-12-31T13:51:59.614+0000] {dag.py:3036} INFO - Sync 1 DAGs
[2025-12-31T13:51:59.677+0000] {logging_mixin.py:188} INFO - [2025-12-31T13:51:59.676+0000] {dag.py:3823} INFO - Setting next_dagrun for match_features_pipeline to 2025-12-30 00:00:00+00:00, run_after=2025-12-31 00:00:00+00:00
[2025-12-31T13:52:00.125+0000] {processor.py:183} INFO - Processing /opt/airflow/dags/prediction_features_pipeline.py took 0.658 seconds
[2025-12-31T13:52:31.031+0000] {processor.py:161} INFO - Started process (PID=19310) to work on /opt/airflow/dags/prediction_features_pipeline.py
[2025-12-31T13:52:31.035+0000] {processor.py:830} INFO - Processing file /opt/airflow/dags/prediction_features_pipeline.py for tasks to queue
[2025-12-31T13:52:31.038+0000] {logging_mixin.py:188} INFO - [2025-12-31T13:52:31.037+0000] {dagbag.py:538} INFO - Filling up the DagBag from /opt/airflow/dags/prediction_features_pipeline.py
[2025-12-31T13:52:31.093+0000] {processor.py:840} INFO - DAG(s) 'match_features_pipeline' retrieved from /opt/airflow/dags/prediction_features_pipeline.py
[2025-12-31T13:52:31.146+0000] {logging_mixin.py:188} INFO - [2025-12-31T13:52:31.146+0000] {dag.py:3036} INFO - Sync 1 DAGs
[2025-12-31T13:52:31.608+0000] {logging_mixin.py:188} INFO - [2025-12-31T13:52:31.607+0000] {dag.py:3823} INFO - Setting next_dagrun for match_features_pipeline to 2025-12-30 00:00:00+00:00, run_after=2025-12-31 00:00:00+00:00
[2025-12-31T13:52:31.654+0000] {processor.py:183} INFO - Processing /opt/airflow/dags/prediction_features_pipeline.py took 0.636 seconds
[2025-12-31T13:53:02.425+0000] {processor.py:161} INFO - Started process (PID=19330) to work on /opt/airflow/dags/prediction_features_pipeline.py
[2025-12-31T13:53:02.429+0000] {processor.py:830} INFO - Processing file /opt/airflow/dags/prediction_features_pipeline.py for tasks to queue
[2025-12-31T13:53:02.432+0000] {logging_mixin.py:188} INFO - [2025-12-31T13:53:02.431+0000] {dagbag.py:538} INFO - Filling up the DagBag from /opt/airflow/dags/prediction_features_pipeline.py
[2025-12-31T13:53:02.492+0000] {processor.py:840} INFO - DAG(s) 'match_features_pipeline' retrieved from /opt/airflow/dags/prediction_features_pipeline.py
[2025-12-31T13:53:02.545+0000] {logging_mixin.py:188} INFO - [2025-12-31T13:53:02.545+0000] {dag.py:3036} INFO - Sync 1 DAGs
[2025-12-31T13:53:02.900+0000] {logging_mixin.py:188} INFO - [2025-12-31T13:53:02.900+0000] {dag.py:3823} INFO - Setting next_dagrun for match_features_pipeline to 2025-12-30 00:00:00+00:00, run_after=2025-12-31 00:00:00+00:00
[2025-12-31T13:53:02.977+0000] {processor.py:183} INFO - Processing /opt/airflow/dags/prediction_features_pipeline.py took 0.562 seconds
[2025-12-31T13:53:33.195+0000] {processor.py:161} INFO - Started process (PID=19350) to work on /opt/airflow/dags/prediction_features_pipeline.py
[2025-12-31T13:53:33.217+0000] {processor.py:830} INFO - Processing file /opt/airflow/dags/prediction_features_pipeline.py for tasks to queue
[2025-12-31T13:53:33.220+0000] {logging_mixin.py:188} INFO - [2025-12-31T13:53:33.220+0000] {dagbag.py:538} INFO - Filling up the DagBag from /opt/airflow/dags/prediction_features_pipeline.py
[2025-12-31T13:53:33.283+0000] {processor.py:840} INFO - DAG(s) 'match_features_pipeline' retrieved from /opt/airflow/dags/prediction_features_pipeline.py
[2025-12-31T13:53:33.349+0000] {logging_mixin.py:188} INFO - [2025-12-31T13:53:33.348+0000] {dag.py:3036} INFO - Sync 1 DAGs
[2025-12-31T13:53:33.413+0000] {logging_mixin.py:188} INFO - [2025-12-31T13:53:33.412+0000] {dag.py:3823} INFO - Setting next_dagrun for match_features_pipeline to 2025-12-30 00:00:00+00:00, run_after=2025-12-31 00:00:00+00:00
[2025-12-31T13:53:33.501+0000] {processor.py:183} INFO - Processing /opt/airflow/dags/prediction_features_pipeline.py took 0.316 seconds
[2025-12-31T13:54:04.058+0000] {processor.py:161} INFO - Started process (PID=19375) to work on /opt/airflow/dags/prediction_features_pipeline.py
[2025-12-31T13:54:04.061+0000] {processor.py:830} INFO - Processing file /opt/airflow/dags/prediction_features_pipeline.py for tasks to queue
[2025-12-31T13:54:04.064+0000] {logging_mixin.py:188} INFO - [2025-12-31T13:54:04.063+0000] {dagbag.py:538} INFO - Filling up the DagBag from /opt/airflow/dags/prediction_features_pipeline.py
[2025-12-31T13:54:04.127+0000] {processor.py:840} INFO - DAG(s) 'match_features_pipeline' retrieved from /opt/airflow/dags/prediction_features_pipeline.py
[2025-12-31T13:54:04.195+0000] {logging_mixin.py:188} INFO - [2025-12-31T13:54:04.195+0000] {dag.py:3036} INFO - Sync 1 DAGs
[2025-12-31T13:54:04.255+0000] {logging_mixin.py:188} INFO - [2025-12-31T13:54:04.255+0000] {dag.py:3823} INFO - Setting next_dagrun for match_features_pipeline to 2025-12-30 00:00:00+00:00, run_after=2025-12-31 00:00:00+00:00
[2025-12-31T13:54:04.344+0000] {processor.py:183} INFO - Processing /opt/airflow/dags/prediction_features_pipeline.py took 0.295 seconds
[2025-12-31T13:54:34.599+0000] {processor.py:161} INFO - Started process (PID=19398) to work on /opt/airflow/dags/prediction_features_pipeline.py
[2025-12-31T13:54:34.602+0000] {processor.py:830} INFO - Processing file /opt/airflow/dags/prediction_features_pipeline.py for tasks to queue
[2025-12-31T13:54:34.605+0000] {logging_mixin.py:188} INFO - [2025-12-31T13:54:34.604+0000] {dagbag.py:538} INFO - Filling up the DagBag from /opt/airflow/dags/prediction_features_pipeline.py
[2025-12-31T13:54:34.656+0000] {processor.py:840} INFO - DAG(s) 'match_features_pipeline' retrieved from /opt/airflow/dags/prediction_features_pipeline.py
[2025-12-31T13:54:34.712+0000] {logging_mixin.py:188} INFO - [2025-12-31T13:54:34.712+0000] {dag.py:3036} INFO - Sync 1 DAGs
[2025-12-31T13:54:34.768+0000] {logging_mixin.py:188} INFO - [2025-12-31T13:54:34.767+0000] {dag.py:3823} INFO - Setting next_dagrun for match_features_pipeline to 2025-12-30 00:00:00+00:00, run_after=2025-12-31 00:00:00+00:00
[2025-12-31T13:54:34.857+0000] {processor.py:183} INFO - Processing /opt/airflow/dags/prediction_features_pipeline.py took 0.268 seconds
[2025-12-31T13:55:05.348+0000] {processor.py:161} INFO - Started process (PID=19410) to work on /opt/airflow/dags/prediction_features_pipeline.py
[2025-12-31T13:55:05.351+0000] {processor.py:830} INFO - Processing file /opt/airflow/dags/prediction_features_pipeline.py for tasks to queue
[2025-12-31T13:55:05.353+0000] {logging_mixin.py:188} INFO - [2025-12-31T13:55:05.353+0000] {dagbag.py:538} INFO - Filling up the DagBag from /opt/airflow/dags/prediction_features_pipeline.py
[2025-12-31T13:55:05.415+0000] {processor.py:840} INFO - DAG(s) 'match_features_pipeline' retrieved from /opt/airflow/dags/prediction_features_pipeline.py
[2025-12-31T13:55:05.475+0000] {logging_mixin.py:188} INFO - [2025-12-31T13:55:05.474+0000] {dag.py:3036} INFO - Sync 1 DAGs
[2025-12-31T13:55:05.951+0000] {logging_mixin.py:188} INFO - [2025-12-31T13:55:05.950+0000] {dag.py:3823} INFO - Setting next_dagrun for match_features_pipeline to 2025-12-30 00:00:00+00:00, run_after=2025-12-31 00:00:00+00:00
[2025-12-31T13:55:05.994+0000] {processor.py:183} INFO - Processing /opt/airflow/dags/prediction_features_pipeline.py took 0.656 seconds
[2025-12-31T13:55:36.842+0000] {processor.py:161} INFO - Started process (PID=19430) to work on /opt/airflow/dags/prediction_features_pipeline.py
[2025-12-31T13:55:36.847+0000] {processor.py:830} INFO - Processing file /opt/airflow/dags/prediction_features_pipeline.py for tasks to queue
[2025-12-31T13:55:36.850+0000] {logging_mixin.py:188} INFO - [2025-12-31T13:55:36.850+0000] {dagbag.py:538} INFO - Filling up the DagBag from /opt/airflow/dags/prediction_features_pipeline.py
[2025-12-31T13:55:36.906+0000] {processor.py:840} INFO - DAG(s) 'match_features_pipeline' retrieved from /opt/airflow/dags/prediction_features_pipeline.py
[2025-12-31T13:55:36.964+0000] {logging_mixin.py:188} INFO - [2025-12-31T13:55:36.964+0000] {dag.py:3036} INFO - Sync 1 DAGs
[2025-12-31T13:55:37.340+0000] {logging_mixin.py:188} INFO - [2025-12-31T13:55:37.340+0000] {dag.py:3823} INFO - Setting next_dagrun for match_features_pipeline to 2025-12-30 00:00:00+00:00, run_after=2025-12-31 00:00:00+00:00
[2025-12-31T13:55:37.398+0000] {processor.py:183} INFO - Processing /opt/airflow/dags/prediction_features_pipeline.py took 0.573 seconds
[2025-12-31T15:01:13.325+0000] {processor.py:161} INFO - Started process (PID=19450) to work on /opt/airflow/dags/prediction_features_pipeline.py
[2025-12-31T15:01:13.339+0000] {processor.py:830} INFO - Processing file /opt/airflow/dags/prediction_features_pipeline.py for tasks to queue
[2025-12-31T15:01:13.345+0000] {logging_mixin.py:188} INFO - [2025-12-31T15:01:13.344+0000] {dagbag.py:538} INFO - Filling up the DagBag from /opt/airflow/dags/prediction_features_pipeline.py
[2025-12-31T15:01:13.464+0000] {processor.py:840} INFO - DAG(s) 'match_features_pipeline' retrieved from /opt/airflow/dags/prediction_features_pipeline.py
[2025-12-31T15:01:15.198+0000] {logging_mixin.py:188} INFO - [2025-12-31T15:01:15.195+0000] {dag.py:3036} INFO - Sync 1 DAGs
[2025-12-31T15:01:15.661+0000] {logging_mixin.py:188} INFO - [2025-12-31T15:01:15.654+0000] {dag.py:3823} INFO - Setting next_dagrun for match_features_pipeline to 2025-12-30 00:00:00+00:00, run_after=2025-12-31 00:00:00+00:00
[2025-12-31T15:01:15.970+0000] {processor.py:183} INFO - Processing /opt/airflow/dags/prediction_features_pipeline.py took 2.662 seconds
[2025-12-31T17:53:57.731+0000] {processor.py:161} INFO - Started process (PID=19472) to work on /opt/airflow/dags/prediction_features_pipeline.py
[2025-12-31T17:53:57.745+0000] {processor.py:830} INFO - Processing file /opt/airflow/dags/prediction_features_pipeline.py for tasks to queue
[2025-12-31T17:53:57.758+0000] {logging_mixin.py:188} INFO - [2025-12-31T17:53:57.754+0000] {dagbag.py:538} INFO - Filling up the DagBag from /opt/airflow/dags/prediction_features_pipeline.py
[2025-12-31T17:53:58.034+0000] {processor.py:840} INFO - DAG(s) 'match_features_pipeline' retrieved from /opt/airflow/dags/prediction_features_pipeline.py
[2025-12-31T17:53:58.797+0000] {logging_mixin.py:188} INFO - [2025-12-31T17:53:58.794+0000] {dag.py:3036} INFO - Sync 1 DAGs
[2025-12-31T17:53:59.990+0000] {logging_mixin.py:188} INFO - [2025-12-31T17:53:59.987+0000] {dag.py:3823} INFO - Setting next_dagrun for match_features_pipeline to 2025-12-30 00:00:00+00:00, run_after=2025-12-31 00:00:00+00:00
[2025-12-31T17:54:00.766+0000] {processor.py:183} INFO - Processing /opt/airflow/dags/prediction_features_pipeline.py took 3.078 seconds
