[2026-01-01T20:33:01.995+0000] {processor.py:161} INFO - Started process (PID=19494) to work on /opt/airflow/dags/match_predictions.py
[2026-01-01T20:33:02.005+0000] {processor.py:830} INFO - Processing file /opt/airflow/dags/match_predictions.py for tasks to queue
[2026-01-01T20:33:02.013+0000] {logging_mixin.py:188} INFO - [2026-01-01T20:33:02.007+0000] {dagbag.py:538} INFO - Filling up the DagBag from /opt/airflow/dags/match_predictions.py
[2026-01-01T20:33:02.752+0000] {processor.py:842} WARNING - No viable dags retrieved from /opt/airflow/dags/match_predictions.py
[2026-01-01T20:33:02.833+0000] {processor.py:183} INFO - Processing /opt/airflow/dags/match_predictions.py took 0.857 seconds
[2026-01-01T20:33:33.679+0000] {processor.py:161} INFO - Started process (PID=19514) to work on /opt/airflow/dags/match_predictions.py
[2026-01-01T20:33:33.681+0000] {processor.py:830} INFO - Processing file /opt/airflow/dags/match_predictions.py for tasks to queue
[2026-01-01T20:33:33.683+0000] {logging_mixin.py:188} INFO - [2026-01-01T20:33:33.682+0000] {dagbag.py:538} INFO - Filling up the DagBag from /opt/airflow/dags/match_predictions.py
[2026-01-01T20:33:33.712+0000] {processor.py:842} WARNING - No viable dags retrieved from /opt/airflow/dags/match_predictions.py
[2026-01-01T20:33:33.735+0000] {processor.py:183} INFO - Processing /opt/airflow/dags/match_predictions.py took 0.061 seconds
[2026-01-01T20:34:04.343+0000] {processor.py:161} INFO - Started process (PID=19534) to work on /opt/airflow/dags/match_predictions.py
[2026-01-01T20:34:04.345+0000] {processor.py:830} INFO - Processing file /opt/airflow/dags/match_predictions.py for tasks to queue
[2026-01-01T20:34:04.346+0000] {logging_mixin.py:188} INFO - [2026-01-01T20:34:04.346+0000] {dagbag.py:538} INFO - Filling up the DagBag from /opt/airflow/dags/match_predictions.py
[2026-01-01T20:34:04.364+0000] {processor.py:842} WARNING - No viable dags retrieved from /opt/airflow/dags/match_predictions.py
[2026-01-01T20:34:04.383+0000] {processor.py:183} INFO - Processing /opt/airflow/dags/match_predictions.py took 0.045 seconds
[2026-01-01T20:34:35.021+0000] {processor.py:161} INFO - Started process (PID=19554) to work on /opt/airflow/dags/match_predictions.py
[2026-01-01T20:34:35.023+0000] {processor.py:830} INFO - Processing file /opt/airflow/dags/match_predictions.py for tasks to queue
[2026-01-01T20:34:35.024+0000] {logging_mixin.py:188} INFO - [2026-01-01T20:34:35.023+0000] {dagbag.py:538} INFO - Filling up the DagBag from /opt/airflow/dags/match_predictions.py
[2026-01-01T20:34:35.038+0000] {processor.py:842} WARNING - No viable dags retrieved from /opt/airflow/dags/match_predictions.py
[2026-01-01T20:34:35.056+0000] {processor.py:183} INFO - Processing /opt/airflow/dags/match_predictions.py took 0.037 seconds
[2026-01-01T20:35:05.597+0000] {processor.py:161} INFO - Started process (PID=19574) to work on /opt/airflow/dags/match_predictions.py
[2026-01-01T20:35:05.598+0000] {processor.py:830} INFO - Processing file /opt/airflow/dags/match_predictions.py for tasks to queue
[2026-01-01T20:35:05.599+0000] {logging_mixin.py:188} INFO - [2026-01-01T20:35:05.599+0000] {dagbag.py:538} INFO - Filling up the DagBag from /opt/airflow/dags/match_predictions.py
[2026-01-01T20:35:05.614+0000] {processor.py:842} WARNING - No viable dags retrieved from /opt/airflow/dags/match_predictions.py
[2026-01-01T20:35:05.631+0000] {processor.py:183} INFO - Processing /opt/airflow/dags/match_predictions.py took 0.037 seconds
[2026-01-01T20:35:36.158+0000] {processor.py:161} INFO - Started process (PID=19594) to work on /opt/airflow/dags/match_predictions.py
[2026-01-01T20:35:36.160+0000] {processor.py:830} INFO - Processing file /opt/airflow/dags/match_predictions.py for tasks to queue
[2026-01-01T20:35:36.161+0000] {logging_mixin.py:188} INFO - [2026-01-01T20:35:36.161+0000] {dagbag.py:538} INFO - Filling up the DagBag from /opt/airflow/dags/match_predictions.py
[2026-01-01T20:35:36.176+0000] {processor.py:842} WARNING - No viable dags retrieved from /opt/airflow/dags/match_predictions.py
[2026-01-01T20:35:36.193+0000] {processor.py:183} INFO - Processing /opt/airflow/dags/match_predictions.py took 0.039 seconds
[2026-01-01T20:36:06.679+0000] {processor.py:161} INFO - Started process (PID=19614) to work on /opt/airflow/dags/match_predictions.py
[2026-01-01T20:36:06.681+0000] {processor.py:830} INFO - Processing file /opt/airflow/dags/match_predictions.py for tasks to queue
[2026-01-01T20:36:06.682+0000] {logging_mixin.py:188} INFO - [2026-01-01T20:36:06.682+0000] {dagbag.py:538} INFO - Filling up the DagBag from /opt/airflow/dags/match_predictions.py
[2026-01-01T20:36:06.698+0000] {processor.py:842} WARNING - No viable dags retrieved from /opt/airflow/dags/match_predictions.py
[2026-01-01T20:36:06.715+0000] {processor.py:183} INFO - Processing /opt/airflow/dags/match_predictions.py took 0.040 seconds
[2026-01-01T20:36:37.082+0000] {processor.py:161} INFO - Started process (PID=19634) to work on /opt/airflow/dags/match_predictions.py
[2026-01-01T20:36:37.083+0000] {processor.py:830} INFO - Processing file /opt/airflow/dags/match_predictions.py for tasks to queue
[2026-01-01T20:36:37.084+0000] {logging_mixin.py:188} INFO - [2026-01-01T20:36:37.084+0000] {dagbag.py:538} INFO - Filling up the DagBag from /opt/airflow/dags/match_predictions.py
[2026-01-01T20:36:37.099+0000] {processor.py:842} WARNING - No viable dags retrieved from /opt/airflow/dags/match_predictions.py
[2026-01-01T20:36:37.116+0000] {processor.py:183} INFO - Processing /opt/airflow/dags/match_predictions.py took 0.038 seconds
[2026-01-01T20:37:07.770+0000] {processor.py:161} INFO - Started process (PID=19654) to work on /opt/airflow/dags/match_predictions.py
[2026-01-01T20:37:07.771+0000] {processor.py:830} INFO - Processing file /opt/airflow/dags/match_predictions.py for tasks to queue
[2026-01-01T20:37:07.772+0000] {logging_mixin.py:188} INFO - [2026-01-01T20:37:07.771+0000] {dagbag.py:538} INFO - Filling up the DagBag from /opt/airflow/dags/match_predictions.py
[2026-01-01T20:37:07.786+0000] {processor.py:842} WARNING - No viable dags retrieved from /opt/airflow/dags/match_predictions.py
[2026-01-01T20:37:07.803+0000] {processor.py:183} INFO - Processing /opt/airflow/dags/match_predictions.py took 0.038 seconds
[2026-01-01T20:37:38.358+0000] {processor.py:161} INFO - Started process (PID=19674) to work on /opt/airflow/dags/match_predictions.py
[2026-01-01T20:37:38.360+0000] {processor.py:830} INFO - Processing file /opt/airflow/dags/match_predictions.py for tasks to queue
[2026-01-01T20:37:38.362+0000] {logging_mixin.py:188} INFO - [2026-01-01T20:37:38.361+0000] {dagbag.py:538} INFO - Filling up the DagBag from /opt/airflow/dags/match_predictions.py
[2026-01-01T20:37:38.378+0000] {processor.py:842} WARNING - No viable dags retrieved from /opt/airflow/dags/match_predictions.py
[2026-01-01T20:37:38.396+0000] {processor.py:183} INFO - Processing /opt/airflow/dags/match_predictions.py took 0.041 seconds
[2026-01-01T20:38:09.139+0000] {processor.py:161} INFO - Started process (PID=19694) to work on /opt/airflow/dags/match_predictions.py
[2026-01-01T20:38:09.140+0000] {processor.py:830} INFO - Processing file /opt/airflow/dags/match_predictions.py for tasks to queue
[2026-01-01T20:38:09.141+0000] {logging_mixin.py:188} INFO - [2026-01-01T20:38:09.141+0000] {dagbag.py:538} INFO - Filling up the DagBag from /opt/airflow/dags/match_predictions.py
[2026-01-01T20:38:09.156+0000] {processor.py:842} WARNING - No viable dags retrieved from /opt/airflow/dags/match_predictions.py
[2026-01-01T20:38:09.177+0000] {processor.py:183} INFO - Processing /opt/airflow/dags/match_predictions.py took 0.041 seconds
[2026-01-01T20:38:39.907+0000] {processor.py:161} INFO - Started process (PID=19714) to work on /opt/airflow/dags/match_predictions.py
[2026-01-01T20:38:39.908+0000] {processor.py:830} INFO - Processing file /opt/airflow/dags/match_predictions.py for tasks to queue
[2026-01-01T20:38:39.909+0000] {logging_mixin.py:188} INFO - [2026-01-01T20:38:39.909+0000] {dagbag.py:538} INFO - Filling up the DagBag from /opt/airflow/dags/match_predictions.py
[2026-01-01T20:38:39.925+0000] {processor.py:842} WARNING - No viable dags retrieved from /opt/airflow/dags/match_predictions.py
[2026-01-01T20:38:40.131+0000] {processor.py:183} INFO - Processing /opt/airflow/dags/match_predictions.py took 0.228 seconds
[2026-01-01T20:39:10.688+0000] {processor.py:161} INFO - Started process (PID=19734) to work on /opt/airflow/dags/match_predictions.py
[2026-01-01T20:39:10.689+0000] {processor.py:830} INFO - Processing file /opt/airflow/dags/match_predictions.py for tasks to queue
[2026-01-01T20:39:10.691+0000] {logging_mixin.py:188} INFO - [2026-01-01T20:39:10.690+0000] {dagbag.py:538} INFO - Filling up the DagBag from /opt/airflow/dags/match_predictions.py
[2026-01-01T20:39:10.706+0000] {processor.py:842} WARNING - No viable dags retrieved from /opt/airflow/dags/match_predictions.py
[2026-01-01T20:39:10.725+0000] {processor.py:183} INFO - Processing /opt/airflow/dags/match_predictions.py took 0.040 seconds
[2026-01-01T20:39:41.102+0000] {processor.py:161} INFO - Started process (PID=19754) to work on /opt/airflow/dags/match_predictions.py
[2026-01-01T20:39:41.103+0000] {processor.py:830} INFO - Processing file /opt/airflow/dags/match_predictions.py for tasks to queue
[2026-01-01T20:39:41.104+0000] {logging_mixin.py:188} INFO - [2026-01-01T20:39:41.104+0000] {dagbag.py:538} INFO - Filling up the DagBag from /opt/airflow/dags/match_predictions.py
[2026-01-01T20:39:41.121+0000] {processor.py:842} WARNING - No viable dags retrieved from /opt/airflow/dags/match_predictions.py
[2026-01-01T20:39:41.137+0000] {processor.py:183} INFO - Processing /opt/airflow/dags/match_predictions.py took 0.039 seconds
[2026-01-01T20:40:11.628+0000] {processor.py:161} INFO - Started process (PID=19774) to work on /opt/airflow/dags/match_predictions.py
[2026-01-01T20:40:11.629+0000] {processor.py:830} INFO - Processing file /opt/airflow/dags/match_predictions.py for tasks to queue
[2026-01-01T20:40:11.630+0000] {logging_mixin.py:188} INFO - [2026-01-01T20:40:11.629+0000] {dagbag.py:538} INFO - Filling up the DagBag from /opt/airflow/dags/match_predictions.py
[2026-01-01T20:40:11.645+0000] {processor.py:842} WARNING - No viable dags retrieved from /opt/airflow/dags/match_predictions.py
[2026-01-01T20:40:11.661+0000] {processor.py:183} INFO - Processing /opt/airflow/dags/match_predictions.py took 0.036 seconds
[2026-01-01T20:40:42.028+0000] {processor.py:161} INFO - Started process (PID=19794) to work on /opt/airflow/dags/match_predictions.py
[2026-01-01T20:40:42.029+0000] {processor.py:830} INFO - Processing file /opt/airflow/dags/match_predictions.py for tasks to queue
[2026-01-01T20:40:42.030+0000] {logging_mixin.py:188} INFO - [2026-01-01T20:40:42.030+0000] {dagbag.py:538} INFO - Filling up the DagBag from /opt/airflow/dags/match_predictions.py
[2026-01-01T20:40:42.044+0000] {processor.py:842} WARNING - No viable dags retrieved from /opt/airflow/dags/match_predictions.py
[2026-01-01T20:40:42.060+0000] {processor.py:183} INFO - Processing /opt/airflow/dags/match_predictions.py took 0.036 seconds
[2026-01-01T20:41:12.442+0000] {processor.py:161} INFO - Started process (PID=19814) to work on /opt/airflow/dags/match_predictions.py
[2026-01-01T20:41:12.443+0000] {processor.py:830} INFO - Processing file /opt/airflow/dags/match_predictions.py for tasks to queue
[2026-01-01T20:41:12.444+0000] {logging_mixin.py:188} INFO - [2026-01-01T20:41:12.444+0000] {dagbag.py:538} INFO - Filling up the DagBag from /opt/airflow/dags/match_predictions.py
[2026-01-01T20:41:12.458+0000] {processor.py:842} WARNING - No viable dags retrieved from /opt/airflow/dags/match_predictions.py
[2026-01-01T20:41:12.475+0000] {processor.py:183} INFO - Processing /opt/airflow/dags/match_predictions.py took 0.036 seconds
[2026-01-01T20:41:42.854+0000] {processor.py:161} INFO - Started process (PID=19834) to work on /opt/airflow/dags/match_predictions.py
[2026-01-01T20:41:42.855+0000] {processor.py:830} INFO - Processing file /opt/airflow/dags/match_predictions.py for tasks to queue
[2026-01-01T20:41:42.856+0000] {logging_mixin.py:188} INFO - [2026-01-01T20:41:42.856+0000] {dagbag.py:538} INFO - Filling up the DagBag from /opt/airflow/dags/match_predictions.py
[2026-01-01T20:41:42.872+0000] {processor.py:842} WARNING - No viable dags retrieved from /opt/airflow/dags/match_predictions.py
[2026-01-01T20:41:42.888+0000] {processor.py:183} INFO - Processing /opt/airflow/dags/match_predictions.py took 0.038 seconds
[2026-01-01T20:42:13.269+0000] {processor.py:161} INFO - Started process (PID=19854) to work on /opt/airflow/dags/match_predictions.py
[2026-01-01T20:42:13.270+0000] {processor.py:830} INFO - Processing file /opt/airflow/dags/match_predictions.py for tasks to queue
[2026-01-01T20:42:13.272+0000] {logging_mixin.py:188} INFO - [2026-01-01T20:42:13.272+0000] {dagbag.py:538} INFO - Filling up the DagBag from /opt/airflow/dags/match_predictions.py
[2026-01-01T20:42:13.288+0000] {processor.py:842} WARNING - No viable dags retrieved from /opt/airflow/dags/match_predictions.py
[2026-01-01T20:42:13.304+0000] {processor.py:183} INFO - Processing /opt/airflow/dags/match_predictions.py took 0.039 seconds
[2026-01-01T20:42:43.788+0000] {processor.py:161} INFO - Started process (PID=19874) to work on /opt/airflow/dags/match_predictions.py
[2026-01-01T20:42:43.789+0000] {processor.py:830} INFO - Processing file /opt/airflow/dags/match_predictions.py for tasks to queue
[2026-01-01T20:42:43.790+0000] {logging_mixin.py:188} INFO - [2026-01-01T20:42:43.790+0000] {dagbag.py:538} INFO - Filling up the DagBag from /opt/airflow/dags/match_predictions.py
[2026-01-01T20:42:43.805+0000] {processor.py:842} WARNING - No viable dags retrieved from /opt/airflow/dags/match_predictions.py
[2026-01-01T20:42:43.823+0000] {processor.py:183} INFO - Processing /opt/airflow/dags/match_predictions.py took 0.038 seconds
[2026-01-01T20:43:14.378+0000] {processor.py:161} INFO - Started process (PID=19894) to work on /opt/airflow/dags/match_predictions.py
[2026-01-01T20:43:14.379+0000] {processor.py:830} INFO - Processing file /opt/airflow/dags/match_predictions.py for tasks to queue
[2026-01-01T20:43:14.380+0000] {logging_mixin.py:188} INFO - [2026-01-01T20:43:14.380+0000] {dagbag.py:538} INFO - Filling up the DagBag from /opt/airflow/dags/match_predictions.py
[2026-01-01T20:43:14.395+0000] {processor.py:842} WARNING - No viable dags retrieved from /opt/airflow/dags/match_predictions.py
[2026-01-01T20:43:14.410+0000] {processor.py:183} INFO - Processing /opt/airflow/dags/match_predictions.py took 0.035 seconds
[2026-01-01T20:43:44.899+0000] {processor.py:161} INFO - Started process (PID=19914) to work on /opt/airflow/dags/match_predictions.py
[2026-01-01T20:43:44.900+0000] {processor.py:830} INFO - Processing file /opt/airflow/dags/match_predictions.py for tasks to queue
[2026-01-01T20:43:44.901+0000] {logging_mixin.py:188} INFO - [2026-01-01T20:43:44.901+0000] {dagbag.py:538} INFO - Filling up the DagBag from /opt/airflow/dags/match_predictions.py
[2026-01-01T20:43:44.916+0000] {processor.py:842} WARNING - No viable dags retrieved from /opt/airflow/dags/match_predictions.py
[2026-01-01T20:43:44.935+0000] {processor.py:183} INFO - Processing /opt/airflow/dags/match_predictions.py took 0.039 seconds
[2026-01-01T20:44:15.317+0000] {processor.py:161} INFO - Started process (PID=19934) to work on /opt/airflow/dags/match_predictions.py
[2026-01-01T20:44:15.319+0000] {processor.py:830} INFO - Processing file /opt/airflow/dags/match_predictions.py for tasks to queue
[2026-01-01T20:44:15.320+0000] {logging_mixin.py:188} INFO - [2026-01-01T20:44:15.320+0000] {dagbag.py:538} INFO - Filling up the DagBag from /opt/airflow/dags/match_predictions.py
[2026-01-01T20:44:15.337+0000] {processor.py:842} WARNING - No viable dags retrieved from /opt/airflow/dags/match_predictions.py
[2026-01-01T20:44:15.356+0000] {processor.py:183} INFO - Processing /opt/airflow/dags/match_predictions.py took 0.044 seconds
[2026-01-01T20:44:45.729+0000] {processor.py:161} INFO - Started process (PID=19954) to work on /opt/airflow/dags/match_predictions.py
[2026-01-01T20:44:45.730+0000] {processor.py:830} INFO - Processing file /opt/airflow/dags/match_predictions.py for tasks to queue
[2026-01-01T20:44:45.731+0000] {logging_mixin.py:188} INFO - [2026-01-01T20:44:45.731+0000] {dagbag.py:538} INFO - Filling up the DagBag from /opt/airflow/dags/match_predictions.py
[2026-01-01T20:44:45.747+0000] {processor.py:842} WARNING - No viable dags retrieved from /opt/airflow/dags/match_predictions.py
[2026-01-01T20:44:45.763+0000] {processor.py:183} INFO - Processing /opt/airflow/dags/match_predictions.py took 0.037 seconds
[2026-01-01T20:45:16.137+0000] {processor.py:161} INFO - Started process (PID=19974) to work on /opt/airflow/dags/match_predictions.py
[2026-01-01T20:45:16.138+0000] {processor.py:830} INFO - Processing file /opt/airflow/dags/match_predictions.py for tasks to queue
[2026-01-01T20:45:16.139+0000] {logging_mixin.py:188} INFO - [2026-01-01T20:45:16.139+0000] {dagbag.py:538} INFO - Filling up the DagBag from /opt/airflow/dags/match_predictions.py
[2026-01-01T20:45:16.154+0000] {processor.py:842} WARNING - No viable dags retrieved from /opt/airflow/dags/match_predictions.py
[2026-01-01T20:45:16.170+0000] {processor.py:183} INFO - Processing /opt/airflow/dags/match_predictions.py took 0.039 seconds
[2026-01-01T20:45:46.542+0000] {processor.py:161} INFO - Started process (PID=19994) to work on /opt/airflow/dags/match_predictions.py
[2026-01-01T20:45:46.543+0000] {processor.py:830} INFO - Processing file /opt/airflow/dags/match_predictions.py for tasks to queue
[2026-01-01T20:45:46.544+0000] {logging_mixin.py:188} INFO - [2026-01-01T20:45:46.544+0000] {dagbag.py:538} INFO - Filling up the DagBag from /opt/airflow/dags/match_predictions.py
[2026-01-01T20:45:46.560+0000] {processor.py:842} WARNING - No viable dags retrieved from /opt/airflow/dags/match_predictions.py
[2026-01-01T20:45:46.576+0000] {processor.py:183} INFO - Processing /opt/airflow/dags/match_predictions.py took 0.038 seconds
[2026-01-01T20:46:17.066+0000] {processor.py:161} INFO - Started process (PID=20014) to work on /opt/airflow/dags/match_predictions.py
[2026-01-01T20:46:17.067+0000] {processor.py:830} INFO - Processing file /opt/airflow/dags/match_predictions.py for tasks to queue
[2026-01-01T20:46:17.068+0000] {logging_mixin.py:188} INFO - [2026-01-01T20:46:17.068+0000] {dagbag.py:538} INFO - Filling up the DagBag from /opt/airflow/dags/match_predictions.py
[2026-01-01T20:46:17.083+0000] {processor.py:842} WARNING - No viable dags retrieved from /opt/airflow/dags/match_predictions.py
[2026-01-01T20:46:17.100+0000] {processor.py:183} INFO - Processing /opt/airflow/dags/match_predictions.py took 0.037 seconds
[2026-01-01T20:46:47.467+0000] {processor.py:161} INFO - Started process (PID=20034) to work on /opt/airflow/dags/match_predictions.py
[2026-01-01T20:46:47.468+0000] {processor.py:830} INFO - Processing file /opt/airflow/dags/match_predictions.py for tasks to queue
[2026-01-01T20:46:47.469+0000] {logging_mixin.py:188} INFO - [2026-01-01T20:46:47.469+0000] {dagbag.py:538} INFO - Filling up the DagBag from /opt/airflow/dags/match_predictions.py
[2026-01-01T20:46:47.486+0000] {processor.py:842} WARNING - No viable dags retrieved from /opt/airflow/dags/match_predictions.py
[2026-01-01T20:46:47.503+0000] {processor.py:183} INFO - Processing /opt/airflow/dags/match_predictions.py took 0.039 seconds
[2026-01-01T20:47:17.998+0000] {processor.py:161} INFO - Started process (PID=20054) to work on /opt/airflow/dags/match_predictions.py
[2026-01-01T20:47:17.999+0000] {processor.py:830} INFO - Processing file /opt/airflow/dags/match_predictions.py for tasks to queue
[2026-01-01T20:47:18.000+0000] {logging_mixin.py:188} INFO - [2026-01-01T20:47:18.000+0000] {dagbag.py:538} INFO - Filling up the DagBag from /opt/airflow/dags/match_predictions.py
[2026-01-01T20:47:18.015+0000] {processor.py:842} WARNING - No viable dags retrieved from /opt/airflow/dags/match_predictions.py
[2026-01-01T20:47:18.033+0000] {processor.py:183} INFO - Processing /opt/airflow/dags/match_predictions.py took 0.038 seconds
[2026-01-01T20:47:48.510+0000] {processor.py:161} INFO - Started process (PID=20074) to work on /opt/airflow/dags/match_predictions.py
[2026-01-01T20:47:48.511+0000] {processor.py:830} INFO - Processing file /opt/airflow/dags/match_predictions.py for tasks to queue
[2026-01-01T20:47:48.512+0000] {logging_mixin.py:188} INFO - [2026-01-01T20:47:48.512+0000] {dagbag.py:538} INFO - Filling up the DagBag from /opt/airflow/dags/match_predictions.py
[2026-01-01T20:47:48.528+0000] {processor.py:842} WARNING - No viable dags retrieved from /opt/airflow/dags/match_predictions.py
[2026-01-01T20:47:48.547+0000] {processor.py:183} INFO - Processing /opt/airflow/dags/match_predictions.py took 0.040 seconds
[2026-01-01T20:48:19.140+0000] {processor.py:161} INFO - Started process (PID=20094) to work on /opt/airflow/dags/match_predictions.py
[2026-01-01T20:48:19.142+0000] {processor.py:830} INFO - Processing file /opt/airflow/dags/match_predictions.py for tasks to queue
[2026-01-01T20:48:19.143+0000] {logging_mixin.py:188} INFO - [2026-01-01T20:48:19.143+0000] {dagbag.py:538} INFO - Filling up the DagBag from /opt/airflow/dags/match_predictions.py
[2026-01-01T20:48:19.161+0000] {processor.py:842} WARNING - No viable dags retrieved from /opt/airflow/dags/match_predictions.py
[2026-01-01T20:48:19.181+0000] {processor.py:183} INFO - Processing /opt/airflow/dags/match_predictions.py took 0.048 seconds
[2026-01-01T20:48:49.681+0000] {processor.py:161} INFO - Started process (PID=20114) to work on /opt/airflow/dags/match_predictions.py
[2026-01-01T20:48:49.682+0000] {processor.py:830} INFO - Processing file /opt/airflow/dags/match_predictions.py for tasks to queue
[2026-01-01T20:48:49.684+0000] {logging_mixin.py:188} INFO - [2026-01-01T20:48:49.683+0000] {dagbag.py:538} INFO - Filling up the DagBag from /opt/airflow/dags/match_predictions.py
[2026-01-01T20:48:49.701+0000] {processor.py:842} WARNING - No viable dags retrieved from /opt/airflow/dags/match_predictions.py
[2026-01-01T20:48:49.719+0000] {processor.py:183} INFO - Processing /opt/airflow/dags/match_predictions.py took 0.041 seconds
[2026-01-01T20:49:20.092+0000] {processor.py:161} INFO - Started process (PID=20134) to work on /opt/airflow/dags/match_predictions.py
[2026-01-01T20:49:20.093+0000] {processor.py:830} INFO - Processing file /opt/airflow/dags/match_predictions.py for tasks to queue
[2026-01-01T20:49:20.094+0000] {logging_mixin.py:188} INFO - [2026-01-01T20:49:20.094+0000] {dagbag.py:538} INFO - Filling up the DagBag from /opt/airflow/dags/match_predictions.py
[2026-01-01T20:49:20.110+0000] {processor.py:842} WARNING - No viable dags retrieved from /opt/airflow/dags/match_predictions.py
[2026-01-01T20:49:20.126+0000] {processor.py:183} INFO - Processing /opt/airflow/dags/match_predictions.py took 0.037 seconds
[2026-01-01T20:49:50.596+0000] {processor.py:161} INFO - Started process (PID=20154) to work on /opt/airflow/dags/match_predictions.py
[2026-01-01T20:49:50.597+0000] {processor.py:830} INFO - Processing file /opt/airflow/dags/match_predictions.py for tasks to queue
[2026-01-01T20:49:50.598+0000] {logging_mixin.py:188} INFO - [2026-01-01T20:49:50.598+0000] {dagbag.py:538} INFO - Filling up the DagBag from /opt/airflow/dags/match_predictions.py
[2026-01-01T20:49:50.613+0000] {processor.py:842} WARNING - No viable dags retrieved from /opt/airflow/dags/match_predictions.py
[2026-01-01T20:49:50.632+0000] {processor.py:183} INFO - Processing /opt/airflow/dags/match_predictions.py took 0.039 seconds
[2026-01-01T20:50:21.002+0000] {processor.py:161} INFO - Started process (PID=20174) to work on /opt/airflow/dags/match_predictions.py
[2026-01-01T20:50:21.003+0000] {processor.py:830} INFO - Processing file /opt/airflow/dags/match_predictions.py for tasks to queue
[2026-01-01T20:50:21.005+0000] {logging_mixin.py:188} INFO - [2026-01-01T20:50:21.004+0000] {dagbag.py:538} INFO - Filling up the DagBag from /opt/airflow/dags/match_predictions.py
[2026-01-01T20:50:21.020+0000] {processor.py:842} WARNING - No viable dags retrieved from /opt/airflow/dags/match_predictions.py
[2026-01-01T20:50:21.036+0000] {processor.py:183} INFO - Processing /opt/airflow/dags/match_predictions.py took 0.037 seconds
[2026-01-01T20:50:51.409+0000] {processor.py:161} INFO - Started process (PID=20194) to work on /opt/airflow/dags/match_predictions.py
[2026-01-01T20:50:51.411+0000] {processor.py:830} INFO - Processing file /opt/airflow/dags/match_predictions.py for tasks to queue
[2026-01-01T20:50:51.411+0000] {logging_mixin.py:188} INFO - [2026-01-01T20:50:51.411+0000] {dagbag.py:538} INFO - Filling up the DagBag from /opt/airflow/dags/match_predictions.py
[2026-01-01T20:50:51.426+0000] {processor.py:842} WARNING - No viable dags retrieved from /opt/airflow/dags/match_predictions.py
[2026-01-01T20:50:51.444+0000] {processor.py:183} INFO - Processing /opt/airflow/dags/match_predictions.py took 0.040 seconds
[2026-01-01T20:51:21.814+0000] {processor.py:161} INFO - Started process (PID=20214) to work on /opt/airflow/dags/match_predictions.py
[2026-01-01T20:51:21.816+0000] {processor.py:830} INFO - Processing file /opt/airflow/dags/match_predictions.py for tasks to queue
[2026-01-01T20:51:21.816+0000] {logging_mixin.py:188} INFO - [2026-01-01T20:51:21.816+0000] {dagbag.py:538} INFO - Filling up the DagBag from /opt/airflow/dags/match_predictions.py
[2026-01-01T20:51:21.831+0000] {processor.py:842} WARNING - No viable dags retrieved from /opt/airflow/dags/match_predictions.py
[2026-01-01T20:51:21.846+0000] {processor.py:183} INFO - Processing /opt/airflow/dags/match_predictions.py took 0.035 seconds
[2026-01-01T20:51:52.215+0000] {processor.py:161} INFO - Started process (PID=20234) to work on /opt/airflow/dags/match_predictions.py
[2026-01-01T20:51:52.217+0000] {processor.py:830} INFO - Processing file /opt/airflow/dags/match_predictions.py for tasks to queue
[2026-01-01T20:51:52.218+0000] {logging_mixin.py:188} INFO - [2026-01-01T20:51:52.217+0000] {dagbag.py:538} INFO - Filling up the DagBag from /opt/airflow/dags/match_predictions.py
[2026-01-01T20:51:52.234+0000] {processor.py:842} WARNING - No viable dags retrieved from /opt/airflow/dags/match_predictions.py
[2026-01-01T20:51:52.254+0000] {processor.py:183} INFO - Processing /opt/airflow/dags/match_predictions.py took 0.042 seconds
[2026-01-01T20:52:22.637+0000] {processor.py:161} INFO - Started process (PID=20254) to work on /opt/airflow/dags/match_predictions.py
[2026-01-01T20:52:22.638+0000] {processor.py:830} INFO - Processing file /opt/airflow/dags/match_predictions.py for tasks to queue
[2026-01-01T20:52:22.639+0000] {logging_mixin.py:188} INFO - [2026-01-01T20:52:22.638+0000] {dagbag.py:538} INFO - Filling up the DagBag from /opt/airflow/dags/match_predictions.py
[2026-01-01T20:52:22.653+0000] {processor.py:842} WARNING - No viable dags retrieved from /opt/airflow/dags/match_predictions.py
[2026-01-01T20:52:22.668+0000] {processor.py:183} INFO - Processing /opt/airflow/dags/match_predictions.py took 0.034 seconds
[2026-01-01T20:52:53.143+0000] {processor.py:161} INFO - Started process (PID=20274) to work on /opt/airflow/dags/match_predictions.py
[2026-01-01T20:52:53.145+0000] {processor.py:830} INFO - Processing file /opt/airflow/dags/match_predictions.py for tasks to queue
[2026-01-01T20:52:53.146+0000] {logging_mixin.py:188} INFO - [2026-01-01T20:52:53.146+0000] {dagbag.py:538} INFO - Filling up the DagBag from /opt/airflow/dags/match_predictions.py
[2026-01-01T20:52:53.162+0000] {processor.py:842} WARNING - No viable dags retrieved from /opt/airflow/dags/match_predictions.py
[2026-01-01T20:52:53.179+0000] {processor.py:183} INFO - Processing /opt/airflow/dags/match_predictions.py took 0.039 seconds
[2026-01-01T20:53:23.626+0000] {processor.py:161} INFO - Started process (PID=20294) to work on /opt/airflow/dags/match_predictions.py
[2026-01-01T20:53:23.627+0000] {processor.py:830} INFO - Processing file /opt/airflow/dags/match_predictions.py for tasks to queue
[2026-01-01T20:53:23.628+0000] {logging_mixin.py:188} INFO - [2026-01-01T20:53:23.628+0000] {dagbag.py:538} INFO - Filling up the DagBag from /opt/airflow/dags/match_predictions.py
[2026-01-01T20:53:23.642+0000] {processor.py:842} WARNING - No viable dags retrieved from /opt/airflow/dags/match_predictions.py
[2026-01-01T20:53:23.657+0000] {processor.py:183} INFO - Processing /opt/airflow/dags/match_predictions.py took 0.035 seconds
[2026-01-01T20:53:54.038+0000] {processor.py:161} INFO - Started process (PID=20314) to work on /opt/airflow/dags/match_predictions.py
[2026-01-01T20:53:54.039+0000] {processor.py:830} INFO - Processing file /opt/airflow/dags/match_predictions.py for tasks to queue
[2026-01-01T20:53:54.040+0000] {logging_mixin.py:188} INFO - [2026-01-01T20:53:54.040+0000] {dagbag.py:538} INFO - Filling up the DagBag from /opt/airflow/dags/match_predictions.py
[2026-01-01T20:53:54.055+0000] {processor.py:842} WARNING - No viable dags retrieved from /opt/airflow/dags/match_predictions.py
[2026-01-01T20:53:54.070+0000] {processor.py:183} INFO - Processing /opt/airflow/dags/match_predictions.py took 0.035 seconds
[2026-01-01T20:54:24.434+0000] {processor.py:161} INFO - Started process (PID=20334) to work on /opt/airflow/dags/match_predictions.py
[2026-01-01T20:54:24.435+0000] {processor.py:830} INFO - Processing file /opt/airflow/dags/match_predictions.py for tasks to queue
[2026-01-01T20:54:24.436+0000] {logging_mixin.py:188} INFO - [2026-01-01T20:54:24.435+0000] {dagbag.py:538} INFO - Filling up the DagBag from /opt/airflow/dags/match_predictions.py
[2026-01-01T20:54:24.449+0000] {processor.py:842} WARNING - No viable dags retrieved from /opt/airflow/dags/match_predictions.py
[2026-01-01T20:54:24.467+0000] {processor.py:183} INFO - Processing /opt/airflow/dags/match_predictions.py took 0.037 seconds
[2026-01-01T20:54:54.839+0000] {processor.py:161} INFO - Started process (PID=20354) to work on /opt/airflow/dags/match_predictions.py
[2026-01-01T20:54:54.840+0000] {processor.py:830} INFO - Processing file /opt/airflow/dags/match_predictions.py for tasks to queue
[2026-01-01T20:54:54.841+0000] {logging_mixin.py:188} INFO - [2026-01-01T20:54:54.841+0000] {dagbag.py:538} INFO - Filling up the DagBag from /opt/airflow/dags/match_predictions.py
[2026-01-01T20:54:54.856+0000] {processor.py:842} WARNING - No viable dags retrieved from /opt/airflow/dags/match_predictions.py
[2026-01-01T20:54:54.875+0000] {processor.py:183} INFO - Processing /opt/airflow/dags/match_predictions.py took 0.040 seconds
[2026-01-01T20:55:25.372+0000] {processor.py:161} INFO - Started process (PID=20374) to work on /opt/airflow/dags/match_predictions.py
[2026-01-01T20:55:25.373+0000] {processor.py:830} INFO - Processing file /opt/airflow/dags/match_predictions.py for tasks to queue
[2026-01-01T20:55:25.374+0000] {logging_mixin.py:188} INFO - [2026-01-01T20:55:25.374+0000] {dagbag.py:538} INFO - Filling up the DagBag from /opt/airflow/dags/match_predictions.py
[2026-01-01T20:55:25.391+0000] {processor.py:842} WARNING - No viable dags retrieved from /opt/airflow/dags/match_predictions.py
[2026-01-01T20:55:25.411+0000] {processor.py:183} INFO - Processing /opt/airflow/dags/match_predictions.py took 0.043 seconds
[2026-01-01T20:55:55.773+0000] {processor.py:161} INFO - Started process (PID=20394) to work on /opt/airflow/dags/match_predictions.py
[2026-01-01T20:55:55.774+0000] {processor.py:830} INFO - Processing file /opt/airflow/dags/match_predictions.py for tasks to queue
[2026-01-01T20:55:55.775+0000] {logging_mixin.py:188} INFO - [2026-01-01T20:55:55.774+0000] {dagbag.py:538} INFO - Filling up the DagBag from /opt/airflow/dags/match_predictions.py
[2026-01-01T20:55:55.789+0000] {processor.py:842} WARNING - No viable dags retrieved from /opt/airflow/dags/match_predictions.py
[2026-01-01T20:55:55.808+0000] {processor.py:183} INFO - Processing /opt/airflow/dags/match_predictions.py took 0.039 seconds
[2026-01-01T20:56:26.176+0000] {processor.py:161} INFO - Started process (PID=20414) to work on /opt/airflow/dags/match_predictions.py
[2026-01-01T20:56:26.178+0000] {processor.py:830} INFO - Processing file /opt/airflow/dags/match_predictions.py for tasks to queue
[2026-01-01T20:56:26.179+0000] {logging_mixin.py:188} INFO - [2026-01-01T20:56:26.179+0000] {dagbag.py:538} INFO - Filling up the DagBag from /opt/airflow/dags/match_predictions.py
[2026-01-01T20:56:26.194+0000] {processor.py:842} WARNING - No viable dags retrieved from /opt/airflow/dags/match_predictions.py
[2026-01-01T20:56:26.212+0000] {processor.py:183} INFO - Processing /opt/airflow/dags/match_predictions.py took 0.039 seconds
[2026-01-01T20:56:56.586+0000] {processor.py:161} INFO - Started process (PID=20434) to work on /opt/airflow/dags/match_predictions.py
[2026-01-01T20:56:56.587+0000] {processor.py:830} INFO - Processing file /opt/airflow/dags/match_predictions.py for tasks to queue
[2026-01-01T20:56:56.588+0000] {logging_mixin.py:188} INFO - [2026-01-01T20:56:56.588+0000] {dagbag.py:538} INFO - Filling up the DagBag from /opt/airflow/dags/match_predictions.py
[2026-01-01T20:56:56.602+0000] {processor.py:842} WARNING - No viable dags retrieved from /opt/airflow/dags/match_predictions.py
[2026-01-01T20:56:56.617+0000] {processor.py:183} INFO - Processing /opt/airflow/dags/match_predictions.py took 0.035 seconds
[2026-01-01T20:57:26.986+0000] {processor.py:161} INFO - Started process (PID=20454) to work on /opt/airflow/dags/match_predictions.py
[2026-01-01T20:57:26.987+0000] {processor.py:830} INFO - Processing file /opt/airflow/dags/match_predictions.py for tasks to queue
[2026-01-01T20:57:26.988+0000] {logging_mixin.py:188} INFO - [2026-01-01T20:57:26.988+0000] {dagbag.py:538} INFO - Filling up the DagBag from /opt/airflow/dags/match_predictions.py
[2026-01-01T20:57:27.003+0000] {processor.py:842} WARNING - No viable dags retrieved from /opt/airflow/dags/match_predictions.py
[2026-01-01T20:57:27.018+0000] {processor.py:183} INFO - Processing /opt/airflow/dags/match_predictions.py took 0.035 seconds
[2026-01-01T20:57:57.491+0000] {processor.py:161} INFO - Started process (PID=20474) to work on /opt/airflow/dags/match_predictions.py
[2026-01-01T20:57:57.492+0000] {processor.py:830} INFO - Processing file /opt/airflow/dags/match_predictions.py for tasks to queue
[2026-01-01T20:57:57.493+0000] {logging_mixin.py:188} INFO - [2026-01-01T20:57:57.493+0000] {dagbag.py:538} INFO - Filling up the DagBag from /opt/airflow/dags/match_predictions.py
[2026-01-01T20:57:57.507+0000] {processor.py:842} WARNING - No viable dags retrieved from /opt/airflow/dags/match_predictions.py
[2026-01-01T20:57:57.524+0000] {processor.py:183} INFO - Processing /opt/airflow/dags/match_predictions.py took 0.036 seconds
[2026-01-01T20:58:27.955+0000] {processor.py:161} INFO - Started process (PID=20494) to work on /opt/airflow/dags/match_predictions.py
[2026-01-01T20:58:27.957+0000] {processor.py:830} INFO - Processing file /opt/airflow/dags/match_predictions.py for tasks to queue
[2026-01-01T20:58:27.958+0000] {logging_mixin.py:188} INFO - [2026-01-01T20:58:27.957+0000] {dagbag.py:538} INFO - Filling up the DagBag from /opt/airflow/dags/match_predictions.py
[2026-01-01T20:58:27.972+0000] {processor.py:842} WARNING - No viable dags retrieved from /opt/airflow/dags/match_predictions.py
[2026-01-01T20:58:27.988+0000] {processor.py:183} INFO - Processing /opt/airflow/dags/match_predictions.py took 0.036 seconds
[2026-01-01T20:58:58.483+0000] {processor.py:161} INFO - Started process (PID=20514) to work on /opt/airflow/dags/match_predictions.py
[2026-01-01T20:58:58.484+0000] {processor.py:830} INFO - Processing file /opt/airflow/dags/match_predictions.py for tasks to queue
[2026-01-01T20:58:58.486+0000] {logging_mixin.py:188} INFO - [2026-01-01T20:58:58.486+0000] {dagbag.py:538} INFO - Filling up the DagBag from /opt/airflow/dags/match_predictions.py
[2026-01-01T20:58:58.502+0000] {processor.py:842} WARNING - No viable dags retrieved from /opt/airflow/dags/match_predictions.py
[2026-01-01T20:58:58.519+0000] {processor.py:183} INFO - Processing /opt/airflow/dags/match_predictions.py took 0.040 seconds
[2026-01-01T20:59:28.881+0000] {processor.py:161} INFO - Started process (PID=20534) to work on /opt/airflow/dags/match_predictions.py
[2026-01-01T20:59:28.883+0000] {processor.py:830} INFO - Processing file /opt/airflow/dags/match_predictions.py for tasks to queue
[2026-01-01T20:59:28.884+0000] {logging_mixin.py:188} INFO - [2026-01-01T20:59:28.883+0000] {dagbag.py:538} INFO - Filling up the DagBag from /opt/airflow/dags/match_predictions.py
[2026-01-01T20:59:28.899+0000] {processor.py:842} WARNING - No viable dags retrieved from /opt/airflow/dags/match_predictions.py
[2026-01-01T20:59:28.914+0000] {processor.py:183} INFO - Processing /opt/airflow/dags/match_predictions.py took 0.037 seconds
[2026-01-01T20:59:59.289+0000] {processor.py:161} INFO - Started process (PID=20554) to work on /opt/airflow/dags/match_predictions.py
[2026-01-01T20:59:59.290+0000] {processor.py:830} INFO - Processing file /opt/airflow/dags/match_predictions.py for tasks to queue
[2026-01-01T20:59:59.292+0000] {logging_mixin.py:188} INFO - [2026-01-01T20:59:59.292+0000] {dagbag.py:538} INFO - Filling up the DagBag from /opt/airflow/dags/match_predictions.py
[2026-01-01T20:59:59.310+0000] {processor.py:842} WARNING - No viable dags retrieved from /opt/airflow/dags/match_predictions.py
[2026-01-01T20:59:59.325+0000] {processor.py:183} INFO - Processing /opt/airflow/dags/match_predictions.py took 0.042 seconds
[2026-01-01T21:00:29.800+0000] {processor.py:161} INFO - Started process (PID=20574) to work on /opt/airflow/dags/match_predictions.py
[2026-01-01T21:00:29.801+0000] {processor.py:830} INFO - Processing file /opt/airflow/dags/match_predictions.py for tasks to queue
[2026-01-01T21:00:29.802+0000] {logging_mixin.py:188} INFO - [2026-01-01T21:00:29.802+0000] {dagbag.py:538} INFO - Filling up the DagBag from /opt/airflow/dags/match_predictions.py
[2026-01-01T21:00:29.816+0000] {processor.py:842} WARNING - No viable dags retrieved from /opt/airflow/dags/match_predictions.py
[2026-01-01T21:00:29.832+0000] {processor.py:183} INFO - Processing /opt/airflow/dags/match_predictions.py took 0.035 seconds
[2026-01-01T21:01:00.207+0000] {processor.py:161} INFO - Started process (PID=20594) to work on /opt/airflow/dags/match_predictions.py
[2026-01-01T21:01:00.208+0000] {processor.py:830} INFO - Processing file /opt/airflow/dags/match_predictions.py for tasks to queue
[2026-01-01T21:01:00.209+0000] {logging_mixin.py:188} INFO - [2026-01-01T21:01:00.209+0000] {dagbag.py:538} INFO - Filling up the DagBag from /opt/airflow/dags/match_predictions.py
[2026-01-01T21:01:00.224+0000] {processor.py:842} WARNING - No viable dags retrieved from /opt/airflow/dags/match_predictions.py
[2026-01-01T21:01:00.240+0000] {processor.py:183} INFO - Processing /opt/airflow/dags/match_predictions.py took 0.036 seconds
[2026-01-01T21:01:30.609+0000] {processor.py:161} INFO - Started process (PID=20614) to work on /opt/airflow/dags/match_predictions.py
[2026-01-01T21:01:30.610+0000] {processor.py:830} INFO - Processing file /opt/airflow/dags/match_predictions.py for tasks to queue
[2026-01-01T21:01:30.611+0000] {logging_mixin.py:188} INFO - [2026-01-01T21:01:30.611+0000] {dagbag.py:538} INFO - Filling up the DagBag from /opt/airflow/dags/match_predictions.py
[2026-01-01T21:01:30.626+0000] {processor.py:842} WARNING - No viable dags retrieved from /opt/airflow/dags/match_predictions.py
[2026-01-01T21:01:30.642+0000] {processor.py:183} INFO - Processing /opt/airflow/dags/match_predictions.py took 0.037 seconds
[2026-01-01T21:02:01.015+0000] {processor.py:161} INFO - Started process (PID=20634) to work on /opt/airflow/dags/match_predictions.py
[2026-01-01T21:02:01.016+0000] {processor.py:830} INFO - Processing file /opt/airflow/dags/match_predictions.py for tasks to queue
[2026-01-01T21:02:01.017+0000] {logging_mixin.py:188} INFO - [2026-01-01T21:02:01.017+0000] {dagbag.py:538} INFO - Filling up the DagBag from /opt/airflow/dags/match_predictions.py
[2026-01-01T21:02:01.031+0000] {processor.py:842} WARNING - No viable dags retrieved from /opt/airflow/dags/match_predictions.py
[2026-01-01T21:02:01.046+0000] {processor.py:183} INFO - Processing /opt/airflow/dags/match_predictions.py took 0.035 seconds
[2026-01-01T21:02:31.603+0000] {processor.py:161} INFO - Started process (PID=20654) to work on /opt/airflow/dags/match_predictions.py
[2026-01-01T21:02:31.605+0000] {processor.py:830} INFO - Processing file /opt/airflow/dags/match_predictions.py for tasks to queue
[2026-01-01T21:02:31.606+0000] {logging_mixin.py:188} INFO - [2026-01-01T21:02:31.606+0000] {dagbag.py:538} INFO - Filling up the DagBag from /opt/airflow/dags/match_predictions.py
[2026-01-01T21:02:31.629+0000] {processor.py:842} WARNING - No viable dags retrieved from /opt/airflow/dags/match_predictions.py
[2026-01-01T21:02:31.647+0000] {processor.py:183} INFO - Processing /opt/airflow/dags/match_predictions.py took 0.050 seconds
[2026-01-01T21:03:02.257+0000] {processor.py:161} INFO - Started process (PID=20674) to work on /opt/airflow/dags/match_predictions.py
[2026-01-01T21:03:02.259+0000] {processor.py:830} INFO - Processing file /opt/airflow/dags/match_predictions.py for tasks to queue
[2026-01-01T21:03:02.260+0000] {logging_mixin.py:188} INFO - [2026-01-01T21:03:02.259+0000] {dagbag.py:538} INFO - Filling up the DagBag from /opt/airflow/dags/match_predictions.py
[2026-01-01T21:03:02.279+0000] {processor.py:842} WARNING - No viable dags retrieved from /opt/airflow/dags/match_predictions.py
[2026-01-01T21:03:02.299+0000] {processor.py:183} INFO - Processing /opt/airflow/dags/match_predictions.py took 0.048 seconds
[2026-01-01T21:03:32.833+0000] {processor.py:161} INFO - Started process (PID=20694) to work on /opt/airflow/dags/match_predictions.py
[2026-01-01T21:03:32.835+0000] {processor.py:830} INFO - Processing file /opt/airflow/dags/match_predictions.py for tasks to queue
[2026-01-01T21:03:32.837+0000] {logging_mixin.py:188} INFO - [2026-01-01T21:03:32.836+0000] {dagbag.py:538} INFO - Filling up the DagBag from /opt/airflow/dags/match_predictions.py
[2026-01-01T21:03:32.856+0000] {processor.py:842} WARNING - No viable dags retrieved from /opt/airflow/dags/match_predictions.py
[2026-01-01T21:03:32.879+0000] {processor.py:183} INFO - Processing /opt/airflow/dags/match_predictions.py took 0.048 seconds
[2026-01-01T21:04:03.267+0000] {processor.py:161} INFO - Started process (PID=20714) to work on /opt/airflow/dags/match_predictions.py
[2026-01-01T21:04:03.268+0000] {processor.py:830} INFO - Processing file /opt/airflow/dags/match_predictions.py for tasks to queue
[2026-01-01T21:04:03.269+0000] {logging_mixin.py:188} INFO - [2026-01-01T21:04:03.269+0000] {dagbag.py:538} INFO - Filling up the DagBag from /opt/airflow/dags/match_predictions.py
[2026-01-01T21:04:03.285+0000] {processor.py:842} WARNING - No viable dags retrieved from /opt/airflow/dags/match_predictions.py
[2026-01-01T21:04:03.308+0000] {processor.py:183} INFO - Processing /opt/airflow/dags/match_predictions.py took 0.046 seconds
[2026-01-01T21:04:33.720+0000] {processor.py:161} INFO - Started process (PID=20734) to work on /opt/airflow/dags/match_predictions.py
[2026-01-01T21:04:33.721+0000] {processor.py:830} INFO - Processing file /opt/airflow/dags/match_predictions.py for tasks to queue
[2026-01-01T21:04:33.723+0000] {logging_mixin.py:188} INFO - [2026-01-01T21:04:33.722+0000] {dagbag.py:538} INFO - Filling up the DagBag from /opt/airflow/dags/match_predictions.py
[2026-01-01T21:04:33.742+0000] {processor.py:842} WARNING - No viable dags retrieved from /opt/airflow/dags/match_predictions.py
[2026-01-01T21:04:33.760+0000] {processor.py:183} INFO - Processing /opt/airflow/dags/match_predictions.py took 0.044 seconds
[2026-01-01T21:05:04.142+0000] {processor.py:161} INFO - Started process (PID=20754) to work on /opt/airflow/dags/match_predictions.py
[2026-01-01T21:05:04.143+0000] {processor.py:830} INFO - Processing file /opt/airflow/dags/match_predictions.py for tasks to queue
[2026-01-01T21:05:04.144+0000] {logging_mixin.py:188} INFO - [2026-01-01T21:05:04.143+0000] {dagbag.py:538} INFO - Filling up the DagBag from /opt/airflow/dags/match_predictions.py
[2026-01-01T21:05:04.160+0000] {processor.py:842} WARNING - No viable dags retrieved from /opt/airflow/dags/match_predictions.py
[2026-01-01T21:05:04.178+0000] {processor.py:183} INFO - Processing /opt/airflow/dags/match_predictions.py took 0.040 seconds
[2026-01-01T21:05:34.669+0000] {processor.py:161} INFO - Started process (PID=20774) to work on /opt/airflow/dags/match_predictions.py
[2026-01-01T21:05:34.671+0000] {processor.py:830} INFO - Processing file /opt/airflow/dags/match_predictions.py for tasks to queue
[2026-01-01T21:05:34.672+0000] {logging_mixin.py:188} INFO - [2026-01-01T21:05:34.672+0000] {dagbag.py:538} INFO - Filling up the DagBag from /opt/airflow/dags/match_predictions.py
[2026-01-01T21:05:34.689+0000] {processor.py:842} WARNING - No viable dags retrieved from /opt/airflow/dags/match_predictions.py
[2026-01-01T21:05:34.707+0000] {processor.py:183} INFO - Processing /opt/airflow/dags/match_predictions.py took 0.040 seconds
[2026-01-01T21:06:05.205+0000] {processor.py:161} INFO - Started process (PID=20794) to work on /opt/airflow/dags/match_predictions.py
[2026-01-01T21:06:05.206+0000] {processor.py:830} INFO - Processing file /opt/airflow/dags/match_predictions.py for tasks to queue
[2026-01-01T21:06:05.208+0000] {logging_mixin.py:188} INFO - [2026-01-01T21:06:05.208+0000] {dagbag.py:538} INFO - Filling up the DagBag from /opt/airflow/dags/match_predictions.py
[2026-01-01T21:06:05.224+0000] {processor.py:842} WARNING - No viable dags retrieved from /opt/airflow/dags/match_predictions.py
[2026-01-01T21:06:05.245+0000] {processor.py:183} INFO - Processing /opt/airflow/dags/match_predictions.py took 0.043 seconds
[2026-01-01T21:06:35.723+0000] {processor.py:161} INFO - Started process (PID=20814) to work on /opt/airflow/dags/match_predictions.py
[2026-01-01T21:06:35.724+0000] {processor.py:830} INFO - Processing file /opt/airflow/dags/match_predictions.py for tasks to queue
[2026-01-01T21:06:35.725+0000] {logging_mixin.py:188} INFO - [2026-01-01T21:06:35.725+0000] {dagbag.py:538} INFO - Filling up the DagBag from /opt/airflow/dags/match_predictions.py
[2026-01-01T21:06:35.741+0000] {processor.py:842} WARNING - No viable dags retrieved from /opt/airflow/dags/match_predictions.py
[2026-01-01T21:06:35.759+0000] {processor.py:183} INFO - Processing /opt/airflow/dags/match_predictions.py took 0.039 seconds
[2026-01-01T21:07:06.248+0000] {processor.py:161} INFO - Started process (PID=20834) to work on /opt/airflow/dags/match_predictions.py
[2026-01-01T21:07:06.249+0000] {processor.py:830} INFO - Processing file /opt/airflow/dags/match_predictions.py for tasks to queue
[2026-01-01T21:07:06.251+0000] {logging_mixin.py:188} INFO - [2026-01-01T21:07:06.250+0000] {dagbag.py:538} INFO - Filling up the DagBag from /opt/airflow/dags/match_predictions.py
[2026-01-01T21:07:06.266+0000] {processor.py:842} WARNING - No viable dags retrieved from /opt/airflow/dags/match_predictions.py
[2026-01-01T21:07:06.285+0000] {processor.py:183} INFO - Processing /opt/airflow/dags/match_predictions.py took 0.041 seconds
[2026-01-01T21:07:36.777+0000] {processor.py:161} INFO - Started process (PID=20854) to work on /opt/airflow/dags/match_predictions.py
[2026-01-01T21:07:36.778+0000] {processor.py:830} INFO - Processing file /opt/airflow/dags/match_predictions.py for tasks to queue
[2026-01-01T21:07:36.779+0000] {logging_mixin.py:188} INFO - [2026-01-01T21:07:36.779+0000] {dagbag.py:538} INFO - Filling up the DagBag from /opt/airflow/dags/match_predictions.py
[2026-01-01T21:07:36.794+0000] {processor.py:842} WARNING - No viable dags retrieved from /opt/airflow/dags/match_predictions.py
[2026-01-01T21:07:36.810+0000] {processor.py:183} INFO - Processing /opt/airflow/dags/match_predictions.py took 0.036 seconds
[2026-01-01T21:08:07.245+0000] {processor.py:161} INFO - Started process (PID=20874) to work on /opt/airflow/dags/match_predictions.py
[2026-01-01T21:08:07.246+0000] {processor.py:830} INFO - Processing file /opt/airflow/dags/match_predictions.py for tasks to queue
[2026-01-01T21:08:07.247+0000] {logging_mixin.py:188} INFO - [2026-01-01T21:08:07.247+0000] {dagbag.py:538} INFO - Filling up the DagBag from /opt/airflow/dags/match_predictions.py
[2026-01-01T21:08:07.262+0000] {processor.py:842} WARNING - No viable dags retrieved from /opt/airflow/dags/match_predictions.py
[2026-01-01T21:08:07.280+0000] {processor.py:183} INFO - Processing /opt/airflow/dags/match_predictions.py took 0.039 seconds
[2026-01-01T21:08:37.659+0000] {processor.py:161} INFO - Started process (PID=20894) to work on /opt/airflow/dags/match_predictions.py
[2026-01-01T21:08:37.661+0000] {processor.py:830} INFO - Processing file /opt/airflow/dags/match_predictions.py for tasks to queue
[2026-01-01T21:08:37.662+0000] {logging_mixin.py:188} INFO - [2026-01-01T21:08:37.661+0000] {dagbag.py:538} INFO - Filling up the DagBag from /opt/airflow/dags/match_predictions.py
[2026-01-01T21:08:37.677+0000] {processor.py:842} WARNING - No viable dags retrieved from /opt/airflow/dags/match_predictions.py
[2026-01-01T21:08:37.696+0000] {processor.py:183} INFO - Processing /opt/airflow/dags/match_predictions.py took 0.040 seconds
[2026-01-01T21:09:08.193+0000] {processor.py:161} INFO - Started process (PID=20914) to work on /opt/airflow/dags/match_predictions.py
[2026-01-01T21:09:08.194+0000] {processor.py:830} INFO - Processing file /opt/airflow/dags/match_predictions.py for tasks to queue
[2026-01-01T21:09:08.195+0000] {logging_mixin.py:188} INFO - [2026-01-01T21:09:08.195+0000] {dagbag.py:538} INFO - Filling up the DagBag from /opt/airflow/dags/match_predictions.py
[2026-01-01T21:09:08.209+0000] {processor.py:842} WARNING - No viable dags retrieved from /opt/airflow/dags/match_predictions.py
[2026-01-01T21:09:08.228+0000] {processor.py:183} INFO - Processing /opt/airflow/dags/match_predictions.py took 0.038 seconds
[2026-01-01T21:09:38.732+0000] {processor.py:161} INFO - Started process (PID=20934) to work on /opt/airflow/dags/match_predictions.py
[2026-01-01T21:09:38.733+0000] {processor.py:830} INFO - Processing file /opt/airflow/dags/match_predictions.py for tasks to queue
[2026-01-01T21:09:38.734+0000] {logging_mixin.py:188} INFO - [2026-01-01T21:09:38.734+0000] {dagbag.py:538} INFO - Filling up the DagBag from /opt/airflow/dags/match_predictions.py
[2026-01-01T21:09:38.748+0000] {processor.py:842} WARNING - No viable dags retrieved from /opt/airflow/dags/match_predictions.py
[2026-01-01T21:09:38.765+0000] {processor.py:183} INFO - Processing /opt/airflow/dags/match_predictions.py took 0.036 seconds
[2026-01-01T21:10:09.164+0000] {processor.py:161} INFO - Started process (PID=20954) to work on /opt/airflow/dags/match_predictions.py
[2026-01-01T21:10:09.165+0000] {processor.py:830} INFO - Processing file /opt/airflow/dags/match_predictions.py for tasks to queue
[2026-01-01T21:10:09.166+0000] {logging_mixin.py:188} INFO - [2026-01-01T21:10:09.165+0000] {dagbag.py:538} INFO - Filling up the DagBag from /opt/airflow/dags/match_predictions.py
[2026-01-01T21:10:09.181+0000] {processor.py:842} WARNING - No viable dags retrieved from /opt/airflow/dags/match_predictions.py
[2026-01-01T21:10:09.196+0000] {processor.py:183} INFO - Processing /opt/airflow/dags/match_predictions.py took 0.035 seconds
[2026-01-01T21:10:39.597+0000] {processor.py:161} INFO - Started process (PID=20974) to work on /opt/airflow/dags/match_predictions.py
[2026-01-01T21:10:39.598+0000] {processor.py:830} INFO - Processing file /opt/airflow/dags/match_predictions.py for tasks to queue
[2026-01-01T21:10:39.599+0000] {logging_mixin.py:188} INFO - [2026-01-01T21:10:39.598+0000] {dagbag.py:538} INFO - Filling up the DagBag from /opt/airflow/dags/match_predictions.py
[2026-01-01T21:10:39.613+0000] {processor.py:842} WARNING - No viable dags retrieved from /opt/airflow/dags/match_predictions.py
[2026-01-01T21:10:39.630+0000] {processor.py:183} INFO - Processing /opt/airflow/dags/match_predictions.py took 0.038 seconds
[2026-01-01T21:11:10.023+0000] {processor.py:161} INFO - Started process (PID=20994) to work on /opt/airflow/dags/match_predictions.py
[2026-01-01T21:11:10.024+0000] {processor.py:830} INFO - Processing file /opt/airflow/dags/match_predictions.py for tasks to queue
[2026-01-01T21:11:10.025+0000] {logging_mixin.py:188} INFO - [2026-01-01T21:11:10.025+0000] {dagbag.py:538} INFO - Filling up the DagBag from /opt/airflow/dags/match_predictions.py
[2026-01-01T21:11:10.040+0000] {processor.py:842} WARNING - No viable dags retrieved from /opt/airflow/dags/match_predictions.py
[2026-01-01T21:11:10.054+0000] {processor.py:183} INFO - Processing /opt/airflow/dags/match_predictions.py took 0.035 seconds
[2026-01-01T21:11:40.549+0000] {processor.py:161} INFO - Started process (PID=21014) to work on /opt/airflow/dags/match_predictions.py
[2026-01-01T21:11:40.550+0000] {processor.py:830} INFO - Processing file /opt/airflow/dags/match_predictions.py for tasks to queue
[2026-01-01T21:11:40.551+0000] {logging_mixin.py:188} INFO - [2026-01-01T21:11:40.551+0000] {dagbag.py:538} INFO - Filling up the DagBag from /opt/airflow/dags/match_predictions.py
[2026-01-01T21:11:40.566+0000] {processor.py:842} WARNING - No viable dags retrieved from /opt/airflow/dags/match_predictions.py
[2026-01-01T21:11:40.582+0000] {processor.py:183} INFO - Processing /opt/airflow/dags/match_predictions.py took 0.035 seconds
[2026-01-01T21:12:10.973+0000] {processor.py:161} INFO - Started process (PID=21034) to work on /opt/airflow/dags/match_predictions.py
[2026-01-01T21:12:10.974+0000] {processor.py:830} INFO - Processing file /opt/airflow/dags/match_predictions.py for tasks to queue
[2026-01-01T21:12:10.975+0000] {logging_mixin.py:188} INFO - [2026-01-01T21:12:10.975+0000] {dagbag.py:538} INFO - Filling up the DagBag from /opt/airflow/dags/match_predictions.py
[2026-01-01T21:12:10.989+0000] {processor.py:842} WARNING - No viable dags retrieved from /opt/airflow/dags/match_predictions.py
[2026-01-01T21:12:11.004+0000] {processor.py:183} INFO - Processing /opt/airflow/dags/match_predictions.py took 0.034 seconds
[2026-01-01T21:12:41.390+0000] {processor.py:161} INFO - Started process (PID=21054) to work on /opt/airflow/dags/match_predictions.py
[2026-01-01T21:12:41.391+0000] {processor.py:830} INFO - Processing file /opt/airflow/dags/match_predictions.py for tasks to queue
[2026-01-01T21:12:41.392+0000] {logging_mixin.py:188} INFO - [2026-01-01T21:12:41.392+0000] {dagbag.py:538} INFO - Filling up the DagBag from /opt/airflow/dags/match_predictions.py
[2026-01-01T21:12:41.406+0000] {processor.py:842} WARNING - No viable dags retrieved from /opt/airflow/dags/match_predictions.py
[2026-01-01T21:12:41.422+0000] {processor.py:183} INFO - Processing /opt/airflow/dags/match_predictions.py took 0.035 seconds
[2026-01-01T21:13:11.866+0000] {processor.py:161} INFO - Started process (PID=21074) to work on /opt/airflow/dags/match_predictions.py
[2026-01-01T21:13:11.867+0000] {processor.py:830} INFO - Processing file /opt/airflow/dags/match_predictions.py for tasks to queue
[2026-01-01T21:13:11.868+0000] {logging_mixin.py:188} INFO - [2026-01-01T21:13:11.868+0000] {dagbag.py:538} INFO - Filling up the DagBag from /opt/airflow/dags/match_predictions.py
[2026-01-01T21:13:11.884+0000] {processor.py:842} WARNING - No viable dags retrieved from /opt/airflow/dags/match_predictions.py
[2026-01-01T21:13:11.898+0000] {processor.py:183} INFO - Processing /opt/airflow/dags/match_predictions.py took 0.036 seconds
[2026-01-01T21:13:42.408+0000] {processor.py:161} INFO - Started process (PID=21094) to work on /opt/airflow/dags/match_predictions.py
[2026-01-01T21:13:42.409+0000] {processor.py:830} INFO - Processing file /opt/airflow/dags/match_predictions.py for tasks to queue
[2026-01-01T21:13:42.410+0000] {logging_mixin.py:188} INFO - [2026-01-01T21:13:42.410+0000] {dagbag.py:538} INFO - Filling up the DagBag from /opt/airflow/dags/match_predictions.py
[2026-01-01T21:13:42.424+0000] {processor.py:842} WARNING - No viable dags retrieved from /opt/airflow/dags/match_predictions.py
[2026-01-01T21:13:42.443+0000] {processor.py:183} INFO - Processing /opt/airflow/dags/match_predictions.py took 0.038 seconds
[2026-01-01T21:14:12.840+0000] {processor.py:161} INFO - Started process (PID=21114) to work on /opt/airflow/dags/match_predictions.py
[2026-01-01T21:14:12.841+0000] {processor.py:830} INFO - Processing file /opt/airflow/dags/match_predictions.py for tasks to queue
[2026-01-01T21:14:12.842+0000] {logging_mixin.py:188} INFO - [2026-01-01T21:14:12.842+0000] {dagbag.py:538} INFO - Filling up the DagBag from /opt/airflow/dags/match_predictions.py
[2026-01-01T21:14:12.856+0000] {processor.py:842} WARNING - No viable dags retrieved from /opt/airflow/dags/match_predictions.py
[2026-01-01T21:14:12.872+0000] {processor.py:183} INFO - Processing /opt/airflow/dags/match_predictions.py took 0.035 seconds
[2026-01-01T21:14:43.286+0000] {processor.py:161} INFO - Started process (PID=21134) to work on /opt/airflow/dags/match_predictions.py
[2026-01-01T21:14:43.287+0000] {processor.py:830} INFO - Processing file /opt/airflow/dags/match_predictions.py for tasks to queue
[2026-01-01T21:14:43.288+0000] {logging_mixin.py:188} INFO - [2026-01-01T21:14:43.288+0000] {dagbag.py:538} INFO - Filling up the DagBag from /opt/airflow/dags/match_predictions.py
[2026-01-01T21:14:43.303+0000] {processor.py:842} WARNING - No viable dags retrieved from /opt/airflow/dags/match_predictions.py
[2026-01-01T21:14:43.323+0000] {processor.py:183} INFO - Processing /opt/airflow/dags/match_predictions.py took 0.041 seconds
[2026-01-01T21:15:13.709+0000] {processor.py:161} INFO - Started process (PID=21154) to work on /opt/airflow/dags/match_predictions.py
[2026-01-01T21:15:13.710+0000] {processor.py:830} INFO - Processing file /opt/airflow/dags/match_predictions.py for tasks to queue
[2026-01-01T21:15:13.711+0000] {logging_mixin.py:188} INFO - [2026-01-01T21:15:13.711+0000] {dagbag.py:538} INFO - Filling up the DagBag from /opt/airflow/dags/match_predictions.py
[2026-01-01T21:15:13.726+0000] {processor.py:842} WARNING - No viable dags retrieved from /opt/airflow/dags/match_predictions.py
[2026-01-01T21:15:13.744+0000] {processor.py:183} INFO - Processing /opt/airflow/dags/match_predictions.py took 0.039 seconds
[2026-01-01T21:15:44.129+0000] {processor.py:161} INFO - Started process (PID=21174) to work on /opt/airflow/dags/match_predictions.py
[2026-01-01T21:15:44.130+0000] {processor.py:830} INFO - Processing file /opt/airflow/dags/match_predictions.py for tasks to queue
[2026-01-01T21:15:44.131+0000] {logging_mixin.py:188} INFO - [2026-01-01T21:15:44.131+0000] {dagbag.py:538} INFO - Filling up the DagBag from /opt/airflow/dags/match_predictions.py
[2026-01-01T21:15:44.146+0000] {processor.py:842} WARNING - No viable dags retrieved from /opt/airflow/dags/match_predictions.py
[2026-01-01T21:15:44.161+0000] {processor.py:183} INFO - Processing /opt/airflow/dags/match_predictions.py took 0.036 seconds
[2026-01-01T21:16:14.675+0000] {processor.py:161} INFO - Started process (PID=21194) to work on /opt/airflow/dags/match_predictions.py
[2026-01-01T21:16:14.676+0000] {processor.py:830} INFO - Processing file /opt/airflow/dags/match_predictions.py for tasks to queue
[2026-01-01T21:16:14.677+0000] {logging_mixin.py:188} INFO - [2026-01-01T21:16:14.676+0000] {dagbag.py:538} INFO - Filling up the DagBag from /opt/airflow/dags/match_predictions.py
[2026-01-01T21:16:14.691+0000] {processor.py:842} WARNING - No viable dags retrieved from /opt/airflow/dags/match_predictions.py
[2026-01-01T21:16:14.710+0000] {processor.py:183} INFO - Processing /opt/airflow/dags/match_predictions.py took 0.038 seconds
[2026-01-01T21:16:45.098+0000] {processor.py:161} INFO - Started process (PID=21214) to work on /opt/airflow/dags/match_predictions.py
[2026-01-01T21:16:45.099+0000] {processor.py:830} INFO - Processing file /opt/airflow/dags/match_predictions.py for tasks to queue
[2026-01-01T21:16:45.100+0000] {logging_mixin.py:188} INFO - [2026-01-01T21:16:45.100+0000] {dagbag.py:538} INFO - Filling up the DagBag from /opt/airflow/dags/match_predictions.py
[2026-01-01T21:16:45.115+0000] {processor.py:842} WARNING - No viable dags retrieved from /opt/airflow/dags/match_predictions.py
[2026-01-01T21:16:45.130+0000] {processor.py:183} INFO - Processing /opt/airflow/dags/match_predictions.py took 0.035 seconds
[2026-01-01T21:17:15.521+0000] {processor.py:161} INFO - Started process (PID=21234) to work on /opt/airflow/dags/match_predictions.py
[2026-01-01T21:17:15.522+0000] {processor.py:830} INFO - Processing file /opt/airflow/dags/match_predictions.py for tasks to queue
[2026-01-01T21:17:15.523+0000] {logging_mixin.py:188} INFO - [2026-01-01T21:17:15.522+0000] {dagbag.py:538} INFO - Filling up the DagBag from /opt/airflow/dags/match_predictions.py
[2026-01-01T21:17:15.538+0000] {processor.py:842} WARNING - No viable dags retrieved from /opt/airflow/dags/match_predictions.py
[2026-01-01T21:17:15.552+0000] {processor.py:183} INFO - Processing /opt/airflow/dags/match_predictions.py took 0.035 seconds
[2026-01-01T21:17:45.933+0000] {processor.py:161} INFO - Started process (PID=21254) to work on /opt/airflow/dags/match_predictions.py
[2026-01-01T21:17:45.935+0000] {processor.py:830} INFO - Processing file /opt/airflow/dags/match_predictions.py for tasks to queue
[2026-01-01T21:17:45.936+0000] {logging_mixin.py:188} INFO - [2026-01-01T21:17:45.935+0000] {dagbag.py:538} INFO - Filling up the DagBag from /opt/airflow/dags/match_predictions.py
[2026-01-01T21:17:45.951+0000] {processor.py:842} WARNING - No viable dags retrieved from /opt/airflow/dags/match_predictions.py
[2026-01-01T21:17:45.967+0000] {processor.py:183} INFO - Processing /opt/airflow/dags/match_predictions.py took 0.037 seconds
[2026-01-01T21:18:16.415+0000] {processor.py:161} INFO - Started process (PID=21274) to work on /opt/airflow/dags/match_predictions.py
[2026-01-01T21:18:16.416+0000] {processor.py:830} INFO - Processing file /opt/airflow/dags/match_predictions.py for tasks to queue
[2026-01-01T21:18:16.417+0000] {logging_mixin.py:188} INFO - [2026-01-01T21:18:16.417+0000] {dagbag.py:538} INFO - Filling up the DagBag from /opt/airflow/dags/match_predictions.py
[2026-01-01T21:18:16.432+0000] {processor.py:842} WARNING - No viable dags retrieved from /opt/airflow/dags/match_predictions.py
[2026-01-01T21:18:16.447+0000] {processor.py:183} INFO - Processing /opt/airflow/dags/match_predictions.py took 0.035 seconds
[2026-01-01T21:18:46.830+0000] {processor.py:161} INFO - Started process (PID=21294) to work on /opt/airflow/dags/match_predictions.py
[2026-01-01T21:18:46.832+0000] {processor.py:830} INFO - Processing file /opt/airflow/dags/match_predictions.py for tasks to queue
[2026-01-01T21:18:46.833+0000] {logging_mixin.py:188} INFO - [2026-01-01T21:18:46.832+0000] {dagbag.py:538} INFO - Filling up the DagBag from /opt/airflow/dags/match_predictions.py
[2026-01-01T21:18:46.846+0000] {processor.py:842} WARNING - No viable dags retrieved from /opt/airflow/dags/match_predictions.py
[2026-01-01T21:18:46.862+0000] {processor.py:183} INFO - Processing /opt/airflow/dags/match_predictions.py took 0.035 seconds
[2026-01-01T21:19:17.361+0000] {processor.py:161} INFO - Started process (PID=21314) to work on /opt/airflow/dags/match_predictions.py
[2026-01-01T21:19:17.362+0000] {processor.py:830} INFO - Processing file /opt/airflow/dags/match_predictions.py for tasks to queue
[2026-01-01T21:19:17.363+0000] {logging_mixin.py:188} INFO - [2026-01-01T21:19:17.363+0000] {dagbag.py:538} INFO - Filling up the DagBag from /opt/airflow/dags/match_predictions.py
[2026-01-01T21:19:17.378+0000] {processor.py:842} WARNING - No viable dags retrieved from /opt/airflow/dags/match_predictions.py
[2026-01-01T21:19:17.394+0000] {processor.py:183} INFO - Processing /opt/airflow/dags/match_predictions.py took 0.036 seconds
[2026-01-01T21:19:47.795+0000] {processor.py:161} INFO - Started process (PID=21334) to work on /opt/airflow/dags/match_predictions.py
[2026-01-01T21:19:47.796+0000] {processor.py:830} INFO - Processing file /opt/airflow/dags/match_predictions.py for tasks to queue
[2026-01-01T21:19:47.797+0000] {logging_mixin.py:188} INFO - [2026-01-01T21:19:47.796+0000] {dagbag.py:538} INFO - Filling up the DagBag from /opt/airflow/dags/match_predictions.py
[2026-01-01T21:19:47.810+0000] {processor.py:842} WARNING - No viable dags retrieved from /opt/airflow/dags/match_predictions.py
[2026-01-01T21:19:47.826+0000] {processor.py:183} INFO - Processing /opt/airflow/dags/match_predictions.py took 0.035 seconds
[2026-01-01T21:20:18.212+0000] {processor.py:161} INFO - Started process (PID=21354) to work on /opt/airflow/dags/match_predictions.py
[2026-01-01T21:20:18.213+0000] {processor.py:830} INFO - Processing file /opt/airflow/dags/match_predictions.py for tasks to queue
[2026-01-01T21:20:18.214+0000] {logging_mixin.py:188} INFO - [2026-01-01T21:20:18.214+0000] {dagbag.py:538} INFO - Filling up the DagBag from /opt/airflow/dags/match_predictions.py
[2026-01-01T21:20:18.231+0000] {processor.py:842} WARNING - No viable dags retrieved from /opt/airflow/dags/match_predictions.py
[2026-01-01T21:20:18.248+0000] {processor.py:183} INFO - Processing /opt/airflow/dags/match_predictions.py took 0.039 seconds
[2026-01-01T21:20:48.749+0000] {processor.py:161} INFO - Started process (PID=21374) to work on /opt/airflow/dags/match_predictions.py
[2026-01-01T21:20:48.750+0000] {processor.py:830} INFO - Processing file /opt/airflow/dags/match_predictions.py for tasks to queue
[2026-01-01T21:20:48.751+0000] {logging_mixin.py:188} INFO - [2026-01-01T21:20:48.750+0000] {dagbag.py:538} INFO - Filling up the DagBag from /opt/airflow/dags/match_predictions.py
[2026-01-01T21:20:48.765+0000] {processor.py:842} WARNING - No viable dags retrieved from /opt/airflow/dags/match_predictions.py
[2026-01-01T21:20:48.783+0000] {processor.py:183} INFO - Processing /opt/airflow/dags/match_predictions.py took 0.038 seconds
[2026-01-01T21:21:19.280+0000] {processor.py:161} INFO - Started process (PID=21394) to work on /opt/airflow/dags/match_predictions.py
[2026-01-01T21:21:19.281+0000] {processor.py:830} INFO - Processing file /opt/airflow/dags/match_predictions.py for tasks to queue
[2026-01-01T21:21:19.283+0000] {logging_mixin.py:188} INFO - [2026-01-01T21:21:19.282+0000] {dagbag.py:538} INFO - Filling up the DagBag from /opt/airflow/dags/match_predictions.py
[2026-01-01T21:21:19.298+0000] {processor.py:842} WARNING - No viable dags retrieved from /opt/airflow/dags/match_predictions.py
[2026-01-01T21:21:19.316+0000] {processor.py:183} INFO - Processing /opt/airflow/dags/match_predictions.py took 0.040 seconds
[2026-01-01T21:21:49.814+0000] {processor.py:161} INFO - Started process (PID=21414) to work on /opt/airflow/dags/match_predictions.py
[2026-01-01T21:21:49.815+0000] {processor.py:830} INFO - Processing file /opt/airflow/dags/match_predictions.py for tasks to queue
[2026-01-01T21:21:49.816+0000] {logging_mixin.py:188} INFO - [2026-01-01T21:21:49.816+0000] {dagbag.py:538} INFO - Filling up the DagBag from /opt/airflow/dags/match_predictions.py
[2026-01-01T21:21:49.831+0000] {processor.py:842} WARNING - No viable dags retrieved from /opt/airflow/dags/match_predictions.py
[2026-01-01T21:21:49.847+0000] {processor.py:183} INFO - Processing /opt/airflow/dags/match_predictions.py took 0.035 seconds
[2026-01-01T21:22:20.249+0000] {processor.py:161} INFO - Started process (PID=21434) to work on /opt/airflow/dags/match_predictions.py
[2026-01-01T21:22:20.250+0000] {processor.py:830} INFO - Processing file /opt/airflow/dags/match_predictions.py for tasks to queue
[2026-01-01T21:22:20.251+0000] {logging_mixin.py:188} INFO - [2026-01-01T21:22:20.251+0000] {dagbag.py:538} INFO - Filling up the DagBag from /opt/airflow/dags/match_predictions.py
[2026-01-01T21:22:20.266+0000] {processor.py:842} WARNING - No viable dags retrieved from /opt/airflow/dags/match_predictions.py
[2026-01-01T21:22:20.283+0000] {processor.py:183} INFO - Processing /opt/airflow/dags/match_predictions.py took 0.038 seconds
[2026-01-01T21:22:50.690+0000] {processor.py:161} INFO - Started process (PID=21454) to work on /opt/airflow/dags/match_predictions.py
[2026-01-01T21:22:50.692+0000] {processor.py:830} INFO - Processing file /opt/airflow/dags/match_predictions.py for tasks to queue
[2026-01-01T21:22:50.693+0000] {logging_mixin.py:188} INFO - [2026-01-01T21:22:50.693+0000] {dagbag.py:538} INFO - Filling up the DagBag from /opt/airflow/dags/match_predictions.py
[2026-01-01T21:22:50.708+0000] {processor.py:842} WARNING - No viable dags retrieved from /opt/airflow/dags/match_predictions.py
[2026-01-01T21:22:50.725+0000] {processor.py:183} INFO - Processing /opt/airflow/dags/match_predictions.py took 0.043 seconds
[2026-01-01T21:23:21.292+0000] {processor.py:161} INFO - Started process (PID=21474) to work on /opt/airflow/dags/match_predictions.py
[2026-01-01T21:23:21.293+0000] {processor.py:830} INFO - Processing file /opt/airflow/dags/match_predictions.py for tasks to queue
[2026-01-01T21:23:21.294+0000] {logging_mixin.py:188} INFO - [2026-01-01T21:23:21.293+0000] {dagbag.py:538} INFO - Filling up the DagBag from /opt/airflow/dags/match_predictions.py
[2026-01-01T21:23:21.308+0000] {processor.py:842} WARNING - No viable dags retrieved from /opt/airflow/dags/match_predictions.py
[2026-01-01T21:23:21.325+0000] {processor.py:183} INFO - Processing /opt/airflow/dags/match_predictions.py took 0.037 seconds
[2026-01-01T21:23:51.824+0000] {processor.py:161} INFO - Started process (PID=21494) to work on /opt/airflow/dags/match_predictions.py
[2026-01-01T21:23:51.825+0000] {processor.py:830} INFO - Processing file /opt/airflow/dags/match_predictions.py for tasks to queue
[2026-01-01T21:23:51.826+0000] {logging_mixin.py:188} INFO - [2026-01-01T21:23:51.826+0000] {dagbag.py:538} INFO - Filling up the DagBag from /opt/airflow/dags/match_predictions.py
[2026-01-01T21:23:51.842+0000] {processor.py:842} WARNING - No viable dags retrieved from /opt/airflow/dags/match_predictions.py
[2026-01-01T21:23:51.859+0000] {processor.py:183} INFO - Processing /opt/airflow/dags/match_predictions.py took 0.038 seconds
[2026-01-01T21:24:22.267+0000] {processor.py:161} INFO - Started process (PID=21514) to work on /opt/airflow/dags/match_predictions.py
[2026-01-01T21:24:22.268+0000] {processor.py:830} INFO - Processing file /opt/airflow/dags/match_predictions.py for tasks to queue
[2026-01-01T21:24:22.269+0000] {logging_mixin.py:188} INFO - [2026-01-01T21:24:22.269+0000] {dagbag.py:538} INFO - Filling up the DagBag from /opt/airflow/dags/match_predictions.py
[2026-01-01T21:24:22.285+0000] {processor.py:842} WARNING - No viable dags retrieved from /opt/airflow/dags/match_predictions.py
[2026-01-01T21:24:22.302+0000] {processor.py:183} INFO - Processing /opt/airflow/dags/match_predictions.py took 0.039 seconds
[2026-01-01T21:24:52.695+0000] {processor.py:161} INFO - Started process (PID=21534) to work on /opt/airflow/dags/match_predictions.py
[2026-01-01T21:24:52.696+0000] {processor.py:830} INFO - Processing file /opt/airflow/dags/match_predictions.py for tasks to queue
[2026-01-01T21:24:52.697+0000] {logging_mixin.py:188} INFO - [2026-01-01T21:24:52.697+0000] {dagbag.py:538} INFO - Filling up the DagBag from /opt/airflow/dags/match_predictions.py
[2026-01-01T21:24:52.712+0000] {processor.py:842} WARNING - No viable dags retrieved from /opt/airflow/dags/match_predictions.py
[2026-01-01T21:24:52.729+0000] {processor.py:183} INFO - Processing /opt/airflow/dags/match_predictions.py took 0.038 seconds
[2026-01-01T21:25:23.114+0000] {processor.py:161} INFO - Started process (PID=21554) to work on /opt/airflow/dags/match_predictions.py
[2026-01-01T21:25:23.115+0000] {processor.py:830} INFO - Processing file /opt/airflow/dags/match_predictions.py for tasks to queue
[2026-01-01T21:25:23.116+0000] {logging_mixin.py:188} INFO - [2026-01-01T21:25:23.115+0000] {dagbag.py:538} INFO - Filling up the DagBag from /opt/airflow/dags/match_predictions.py
[2026-01-01T21:25:23.130+0000] {processor.py:842} WARNING - No viable dags retrieved from /opt/airflow/dags/match_predictions.py
[2026-01-01T21:25:23.145+0000] {processor.py:183} INFO - Processing /opt/airflow/dags/match_predictions.py took 0.035 seconds
[2026-01-01T21:25:53.535+0000] {processor.py:161} INFO - Started process (PID=21574) to work on /opt/airflow/dags/match_predictions.py
[2026-01-01T21:25:53.536+0000] {processor.py:830} INFO - Processing file /opt/airflow/dags/match_predictions.py for tasks to queue
[2026-01-01T21:25:53.537+0000] {logging_mixin.py:188} INFO - [2026-01-01T21:25:53.537+0000] {dagbag.py:538} INFO - Filling up the DagBag from /opt/airflow/dags/match_predictions.py
[2026-01-01T21:25:53.551+0000] {processor.py:842} WARNING - No viable dags retrieved from /opt/airflow/dags/match_predictions.py
[2026-01-01T21:25:53.566+0000] {processor.py:183} INFO - Processing /opt/airflow/dags/match_predictions.py took 0.034 seconds
[2026-01-01T21:26:23.951+0000] {processor.py:161} INFO - Started process (PID=21594) to work on /opt/airflow/dags/match_predictions.py
[2026-01-01T21:26:23.952+0000] {processor.py:830} INFO - Processing file /opt/airflow/dags/match_predictions.py for tasks to queue
[2026-01-01T21:26:23.953+0000] {logging_mixin.py:188} INFO - [2026-01-01T21:26:23.953+0000] {dagbag.py:538} INFO - Filling up the DagBag from /opt/airflow/dags/match_predictions.py
[2026-01-01T21:26:23.969+0000] {processor.py:842} WARNING - No viable dags retrieved from /opt/airflow/dags/match_predictions.py
[2026-01-01T21:26:23.985+0000] {processor.py:183} INFO - Processing /opt/airflow/dags/match_predictions.py took 0.038 seconds
[2026-01-01T21:26:54.393+0000] {processor.py:161} INFO - Started process (PID=21614) to work on /opt/airflow/dags/match_predictions.py
[2026-01-01T21:26:54.394+0000] {processor.py:830} INFO - Processing file /opt/airflow/dags/match_predictions.py for tasks to queue
[2026-01-01T21:26:54.395+0000] {logging_mixin.py:188} INFO - [2026-01-01T21:26:54.395+0000] {dagbag.py:538} INFO - Filling up the DagBag from /opt/airflow/dags/match_predictions.py
[2026-01-01T21:26:54.411+0000] {processor.py:842} WARNING - No viable dags retrieved from /opt/airflow/dags/match_predictions.py
[2026-01-01T21:26:54.431+0000] {processor.py:183} INFO - Processing /opt/airflow/dags/match_predictions.py took 0.042 seconds
[2026-01-01T21:27:24.829+0000] {processor.py:161} INFO - Started process (PID=21634) to work on /opt/airflow/dags/match_predictions.py
[2026-01-01T21:27:24.830+0000] {processor.py:830} INFO - Processing file /opt/airflow/dags/match_predictions.py for tasks to queue
[2026-01-01T21:27:24.831+0000] {logging_mixin.py:188} INFO - [2026-01-01T21:27:24.831+0000] {dagbag.py:538} INFO - Filling up the DagBag from /opt/airflow/dags/match_predictions.py
[2026-01-01T21:27:24.845+0000] {processor.py:842} WARNING - No viable dags retrieved from /opt/airflow/dags/match_predictions.py
[2026-01-01T21:27:24.860+0000] {processor.py:183} INFO - Processing /opt/airflow/dags/match_predictions.py took 0.035 seconds
[2026-01-01T21:27:55.370+0000] {processor.py:161} INFO - Started process (PID=21654) to work on /opt/airflow/dags/match_predictions.py
[2026-01-01T21:27:55.371+0000] {processor.py:830} INFO - Processing file /opt/airflow/dags/match_predictions.py for tasks to queue
[2026-01-01T21:27:55.372+0000] {logging_mixin.py:188} INFO - [2026-01-01T21:27:55.372+0000] {dagbag.py:538} INFO - Filling up the DagBag from /opt/airflow/dags/match_predictions.py
[2026-01-01T21:27:55.387+0000] {processor.py:842} WARNING - No viable dags retrieved from /opt/airflow/dags/match_predictions.py
[2026-01-01T21:27:55.405+0000] {processor.py:183} INFO - Processing /opt/airflow/dags/match_predictions.py took 0.039 seconds
[2026-01-01T21:28:25.876+0000] {processor.py:161} INFO - Started process (PID=21674) to work on /opt/airflow/dags/match_predictions.py
[2026-01-01T21:28:25.877+0000] {processor.py:830} INFO - Processing file /opt/airflow/dags/match_predictions.py for tasks to queue
[2026-01-01T21:28:25.878+0000] {logging_mixin.py:188} INFO - [2026-01-01T21:28:25.878+0000] {dagbag.py:538} INFO - Filling up the DagBag from /opt/airflow/dags/match_predictions.py
[2026-01-01T21:28:25.892+0000] {processor.py:842} WARNING - No viable dags retrieved from /opt/airflow/dags/match_predictions.py
[2026-01-01T21:28:25.909+0000] {processor.py:183} INFO - Processing /opt/airflow/dags/match_predictions.py took 0.036 seconds
[2026-01-01T21:28:56.313+0000] {processor.py:161} INFO - Started process (PID=21694) to work on /opt/airflow/dags/match_predictions.py
[2026-01-01T21:28:56.314+0000] {processor.py:830} INFO - Processing file /opt/airflow/dags/match_predictions.py for tasks to queue
[2026-01-01T21:28:56.316+0000] {logging_mixin.py:188} INFO - [2026-01-01T21:28:56.315+0000] {dagbag.py:538} INFO - Filling up the DagBag from /opt/airflow/dags/match_predictions.py
[2026-01-01T21:28:56.331+0000] {processor.py:842} WARNING - No viable dags retrieved from /opt/airflow/dags/match_predictions.py
[2026-01-01T21:28:56.348+0000] {processor.py:183} INFO - Processing /opt/airflow/dags/match_predictions.py took 0.039 seconds
[2026-01-01T21:29:26.736+0000] {processor.py:161} INFO - Started process (PID=21714) to work on /opt/airflow/dags/match_predictions.py
[2026-01-01T21:29:26.737+0000] {processor.py:830} INFO - Processing file /opt/airflow/dags/match_predictions.py for tasks to queue
[2026-01-01T21:29:26.738+0000] {logging_mixin.py:188} INFO - [2026-01-01T21:29:26.738+0000] {dagbag.py:538} INFO - Filling up the DagBag from /opt/airflow/dags/match_predictions.py
[2026-01-01T21:29:26.752+0000] {processor.py:842} WARNING - No viable dags retrieved from /opt/airflow/dags/match_predictions.py
[2026-01-01T21:29:26.768+0000] {processor.py:183} INFO - Processing /opt/airflow/dags/match_predictions.py took 0.035 seconds
[2026-01-01T21:29:57.169+0000] {processor.py:161} INFO - Started process (PID=21734) to work on /opt/airflow/dags/match_predictions.py
[2026-01-01T21:29:57.170+0000] {processor.py:830} INFO - Processing file /opt/airflow/dags/match_predictions.py for tasks to queue
[2026-01-01T21:29:57.171+0000] {logging_mixin.py:188} INFO - [2026-01-01T21:29:57.171+0000] {dagbag.py:538} INFO - Filling up the DagBag from /opt/airflow/dags/match_predictions.py
[2026-01-01T21:29:57.186+0000] {processor.py:842} WARNING - No viable dags retrieved from /opt/airflow/dags/match_predictions.py
[2026-01-01T21:29:57.201+0000] {processor.py:183} INFO - Processing /opt/airflow/dags/match_predictions.py took 0.036 seconds
[2026-01-01T21:30:27.695+0000] {processor.py:161} INFO - Started process (PID=21754) to work on /opt/airflow/dags/match_predictions.py
[2026-01-01T21:30:27.696+0000] {processor.py:830} INFO - Processing file /opt/airflow/dags/match_predictions.py for tasks to queue
[2026-01-01T21:30:27.697+0000] {logging_mixin.py:188} INFO - [2026-01-01T21:30:27.696+0000] {dagbag.py:538} INFO - Filling up the DagBag from /opt/airflow/dags/match_predictions.py
[2026-01-01T21:30:27.711+0000] {processor.py:842} WARNING - No viable dags retrieved from /opt/airflow/dags/match_predictions.py
[2026-01-01T21:30:27.732+0000] {processor.py:183} INFO - Processing /opt/airflow/dags/match_predictions.py took 0.040 seconds
[2026-01-01T21:30:58.119+0000] {processor.py:161} INFO - Started process (PID=21774) to work on /opt/airflow/dags/match_predictions.py
[2026-01-01T21:30:58.120+0000] {processor.py:830} INFO - Processing file /opt/airflow/dags/match_predictions.py for tasks to queue
[2026-01-01T21:30:58.121+0000] {logging_mixin.py:188} INFO - [2026-01-01T21:30:58.120+0000] {dagbag.py:538} INFO - Filling up the DagBag from /opt/airflow/dags/match_predictions.py
[2026-01-01T21:30:58.136+0000] {processor.py:842} WARNING - No viable dags retrieved from /opt/airflow/dags/match_predictions.py
[2026-01-01T21:30:58.152+0000] {processor.py:183} INFO - Processing /opt/airflow/dags/match_predictions.py took 0.037 seconds
[2026-01-01T21:31:28.552+0000] {processor.py:161} INFO - Started process (PID=21794) to work on /opt/airflow/dags/match_predictions.py
[2026-01-01T21:31:28.553+0000] {processor.py:830} INFO - Processing file /opt/airflow/dags/match_predictions.py for tasks to queue
[2026-01-01T21:31:28.554+0000] {logging_mixin.py:188} INFO - [2026-01-01T21:31:28.554+0000] {dagbag.py:538} INFO - Filling up the DagBag from /opt/airflow/dags/match_predictions.py
[2026-01-01T21:31:28.569+0000] {processor.py:842} WARNING - No viable dags retrieved from /opt/airflow/dags/match_predictions.py
[2026-01-01T21:31:28.585+0000] {processor.py:183} INFO - Processing /opt/airflow/dags/match_predictions.py took 0.038 seconds
[2026-01-01T21:31:58.977+0000] {processor.py:161} INFO - Started process (PID=21814) to work on /opt/airflow/dags/match_predictions.py
[2026-01-01T21:31:58.979+0000] {processor.py:830} INFO - Processing file /opt/airflow/dags/match_predictions.py for tasks to queue
[2026-01-01T21:31:58.979+0000] {logging_mixin.py:188} INFO - [2026-01-01T21:31:58.979+0000] {dagbag.py:538} INFO - Filling up the DagBag from /opt/airflow/dags/match_predictions.py
[2026-01-01T21:31:58.995+0000] {processor.py:842} WARNING - No viable dags retrieved from /opt/airflow/dags/match_predictions.py
[2026-01-01T21:31:59.011+0000] {processor.py:183} INFO - Processing /opt/airflow/dags/match_predictions.py took 0.038 seconds
[2026-01-01T21:32:29.502+0000] {processor.py:161} INFO - Started process (PID=21834) to work on /opt/airflow/dags/match_predictions.py
[2026-01-01T21:32:29.503+0000] {processor.py:830} INFO - Processing file /opt/airflow/dags/match_predictions.py for tasks to queue
[2026-01-01T21:32:29.504+0000] {logging_mixin.py:188} INFO - [2026-01-01T21:32:29.503+0000] {dagbag.py:538} INFO - Filling up the DagBag from /opt/airflow/dags/match_predictions.py
[2026-01-01T21:32:29.518+0000] {processor.py:842} WARNING - No viable dags retrieved from /opt/airflow/dags/match_predictions.py
[2026-01-01T21:32:29.535+0000] {processor.py:183} INFO - Processing /opt/airflow/dags/match_predictions.py took 0.036 seconds
[2026-01-01T21:32:59.935+0000] {processor.py:161} INFO - Started process (PID=21854) to work on /opt/airflow/dags/match_predictions.py
[2026-01-01T21:32:59.936+0000] {processor.py:830} INFO - Processing file /opt/airflow/dags/match_predictions.py for tasks to queue
[2026-01-01T21:32:59.937+0000] {logging_mixin.py:188} INFO - [2026-01-01T21:32:59.937+0000] {dagbag.py:538} INFO - Filling up the DagBag from /opt/airflow/dags/match_predictions.py
[2026-01-01T21:32:59.952+0000] {processor.py:842} WARNING - No viable dags retrieved from /opt/airflow/dags/match_predictions.py
[2026-01-01T21:32:59.968+0000] {processor.py:183} INFO - Processing /opt/airflow/dags/match_predictions.py took 0.037 seconds
[2026-01-01T21:33:30.428+0000] {processor.py:161} INFO - Started process (PID=21874) to work on /opt/airflow/dags/match_predictions.py
[2026-01-01T21:33:30.430+0000] {processor.py:830} INFO - Processing file /opt/airflow/dags/match_predictions.py for tasks to queue
[2026-01-01T21:33:30.430+0000] {logging_mixin.py:188} INFO - [2026-01-01T21:33:30.430+0000] {dagbag.py:538} INFO - Filling up the DagBag from /opt/airflow/dags/match_predictions.py
[2026-01-01T21:33:30.445+0000] {processor.py:842} WARNING - No viable dags retrieved from /opt/airflow/dags/match_predictions.py
[2026-01-01T21:33:30.463+0000] {processor.py:183} INFO - Processing /opt/airflow/dags/match_predictions.py took 0.038 seconds
[2026-01-01T21:34:01.267+0000] {processor.py:161} INFO - Started process (PID=21894) to work on /opt/airflow/dags/match_predictions.py
[2026-01-01T21:34:01.270+0000] {processor.py:830} INFO - Processing file /opt/airflow/dags/match_predictions.py for tasks to queue
[2026-01-01T21:34:01.272+0000] {logging_mixin.py:188} INFO - [2026-01-01T21:34:01.271+0000] {dagbag.py:538} INFO - Filling up the DagBag from /opt/airflow/dags/match_predictions.py
[2026-01-01T21:34:01.306+0000] {processor.py:842} WARNING - No viable dags retrieved from /opt/airflow/dags/match_predictions.py
[2026-01-01T21:34:01.337+0000] {processor.py:183} INFO - Processing /opt/airflow/dags/match_predictions.py took 0.077 seconds
[2026-01-01T21:34:32.066+0000] {processor.py:161} INFO - Started process (PID=21914) to work on /opt/airflow/dags/match_predictions.py
[2026-01-01T21:34:32.068+0000] {processor.py:830} INFO - Processing file /opt/airflow/dags/match_predictions.py for tasks to queue
[2026-01-01T21:34:32.070+0000] {logging_mixin.py:188} INFO - [2026-01-01T21:34:32.070+0000] {dagbag.py:538} INFO - Filling up the DagBag from /opt/airflow/dags/match_predictions.py
[2026-01-01T21:34:32.104+0000] {processor.py:842} WARNING - No viable dags retrieved from /opt/airflow/dags/match_predictions.py
[2026-01-01T21:34:32.137+0000] {processor.py:183} INFO - Processing /opt/airflow/dags/match_predictions.py took 0.079 seconds
[2026-01-01T21:35:02.834+0000] {processor.py:161} INFO - Started process (PID=21934) to work on /opt/airflow/dags/match_predictions.py
[2026-01-01T21:35:02.836+0000] {processor.py:830} INFO - Processing file /opt/airflow/dags/match_predictions.py for tasks to queue
[2026-01-01T21:35:02.838+0000] {logging_mixin.py:188} INFO - [2026-01-01T21:35:02.837+0000] {dagbag.py:538} INFO - Filling up the DagBag from /opt/airflow/dags/match_predictions.py
[2026-01-01T21:35:02.866+0000] {processor.py:842} WARNING - No viable dags retrieved from /opt/airflow/dags/match_predictions.py
[2026-01-01T21:35:02.893+0000] {processor.py:183} INFO - Processing /opt/airflow/dags/match_predictions.py took 0.066 seconds
[2026-01-01T21:35:33.589+0000] {processor.py:161} INFO - Started process (PID=21954) to work on /opt/airflow/dags/match_predictions.py
[2026-01-01T21:35:33.592+0000] {processor.py:830} INFO - Processing file /opt/airflow/dags/match_predictions.py for tasks to queue
[2026-01-01T21:35:33.593+0000] {logging_mixin.py:188} INFO - [2026-01-01T21:35:33.593+0000] {dagbag.py:538} INFO - Filling up the DagBag from /opt/airflow/dags/match_predictions.py
[2026-01-01T21:35:33.621+0000] {processor.py:842} WARNING - No viable dags retrieved from /opt/airflow/dags/match_predictions.py
[2026-01-01T21:35:33.650+0000] {processor.py:183} INFO - Processing /opt/airflow/dags/match_predictions.py took 0.068 seconds
[2026-01-01T21:36:04.657+0000] {processor.py:161} INFO - Started process (PID=21974) to work on /opt/airflow/dags/match_predictions.py
[2026-01-01T21:36:04.659+0000] {processor.py:830} INFO - Processing file /opt/airflow/dags/match_predictions.py for tasks to queue
[2026-01-01T21:36:04.660+0000] {logging_mixin.py:188} INFO - [2026-01-01T21:36:04.660+0000] {dagbag.py:538} INFO - Filling up the DagBag from /opt/airflow/dags/match_predictions.py
[2026-01-01T21:36:04.686+0000] {processor.py:842} WARNING - No viable dags retrieved from /opt/airflow/dags/match_predictions.py
[2026-01-01T21:36:04.713+0000] {processor.py:183} INFO - Processing /opt/airflow/dags/match_predictions.py took 0.062 seconds
[2026-01-01T21:36:35.448+0000] {processor.py:161} INFO - Started process (PID=21994) to work on /opt/airflow/dags/match_predictions.py
[2026-01-01T21:36:35.451+0000] {processor.py:830} INFO - Processing file /opt/airflow/dags/match_predictions.py for tasks to queue
[2026-01-01T21:36:35.453+0000] {logging_mixin.py:188} INFO - [2026-01-01T21:36:35.452+0000] {dagbag.py:538} INFO - Filling up the DagBag from /opt/airflow/dags/match_predictions.py
[2026-01-01T21:36:35.481+0000] {processor.py:842} WARNING - No viable dags retrieved from /opt/airflow/dags/match_predictions.py
[2026-01-01T21:36:35.514+0000] {processor.py:183} INFO - Processing /opt/airflow/dags/match_predictions.py took 0.073 seconds
[2026-01-01T21:37:06.332+0000] {processor.py:161} INFO - Started process (PID=22014) to work on /opt/airflow/dags/match_predictions.py
[2026-01-01T21:37:06.334+0000] {processor.py:830} INFO - Processing file /opt/airflow/dags/match_predictions.py for tasks to queue
[2026-01-01T21:37:06.338+0000] {logging_mixin.py:188} INFO - [2026-01-01T21:37:06.337+0000] {dagbag.py:538} INFO - Filling up the DagBag from /opt/airflow/dags/match_predictions.py
[2026-01-01T21:37:06.368+0000] {processor.py:842} WARNING - No viable dags retrieved from /opt/airflow/dags/match_predictions.py
[2026-01-01T21:37:06.398+0000] {processor.py:183} INFO - Processing /opt/airflow/dags/match_predictions.py took 0.072 seconds
[2026-01-01T21:37:37.087+0000] {processor.py:161} INFO - Started process (PID=22034) to work on /opt/airflow/dags/match_predictions.py
[2026-01-01T21:37:37.089+0000] {processor.py:830} INFO - Processing file /opt/airflow/dags/match_predictions.py for tasks to queue
[2026-01-01T21:37:37.090+0000] {logging_mixin.py:188} INFO - [2026-01-01T21:37:37.090+0000] {dagbag.py:538} INFO - Filling up the DagBag from /opt/airflow/dags/match_predictions.py
[2026-01-01T21:37:37.116+0000] {processor.py:842} WARNING - No viable dags retrieved from /opt/airflow/dags/match_predictions.py
[2026-01-01T21:37:37.145+0000] {processor.py:183} INFO - Processing /opt/airflow/dags/match_predictions.py took 0.065 seconds
[2026-01-01T21:38:07.932+0000] {processor.py:161} INFO - Started process (PID=22054) to work on /opt/airflow/dags/match_predictions.py
[2026-01-01T21:38:07.935+0000] {processor.py:830} INFO - Processing file /opt/airflow/dags/match_predictions.py for tasks to queue
[2026-01-01T21:38:07.937+0000] {logging_mixin.py:188} INFO - [2026-01-01T21:38:07.936+0000] {dagbag.py:538} INFO - Filling up the DagBag from /opt/airflow/dags/match_predictions.py
[2026-01-01T21:38:07.963+0000] {processor.py:842} WARNING - No viable dags retrieved from /opt/airflow/dags/match_predictions.py
[2026-01-01T21:38:07.995+0000] {processor.py:183} INFO - Processing /opt/airflow/dags/match_predictions.py took 0.071 seconds
[2026-01-01T21:38:38.742+0000] {processor.py:161} INFO - Started process (PID=22074) to work on /opt/airflow/dags/match_predictions.py
[2026-01-01T21:38:38.744+0000] {processor.py:830} INFO - Processing file /opt/airflow/dags/match_predictions.py for tasks to queue
[2026-01-01T21:38:38.746+0000] {logging_mixin.py:188} INFO - [2026-01-01T21:38:38.746+0000] {dagbag.py:538} INFO - Filling up the DagBag from /opt/airflow/dags/match_predictions.py
[2026-01-01T21:38:38.774+0000] {processor.py:842} WARNING - No viable dags retrieved from /opt/airflow/dags/match_predictions.py
[2026-01-01T21:38:38.811+0000] {processor.py:183} INFO - Processing /opt/airflow/dags/match_predictions.py took 0.076 seconds
[2026-01-01T21:39:09.438+0000] {processor.py:161} INFO - Started process (PID=22094) to work on /opt/airflow/dags/match_predictions.py
[2026-01-01T21:39:09.440+0000] {processor.py:830} INFO - Processing file /opt/airflow/dags/match_predictions.py for tasks to queue
[2026-01-01T21:39:09.442+0000] {logging_mixin.py:188} INFO - [2026-01-01T21:39:09.442+0000] {dagbag.py:538} INFO - Filling up the DagBag from /opt/airflow/dags/match_predictions.py
[2026-01-01T21:39:09.469+0000] {processor.py:842} WARNING - No viable dags retrieved from /opt/airflow/dags/match_predictions.py
[2026-01-01T21:39:09.500+0000] {processor.py:183} INFO - Processing /opt/airflow/dags/match_predictions.py took 0.070 seconds
[2026-01-01T21:39:40.146+0000] {processor.py:161} INFO - Started process (PID=22114) to work on /opt/airflow/dags/match_predictions.py
[2026-01-01T21:39:40.149+0000] {processor.py:830} INFO - Processing file /opt/airflow/dags/match_predictions.py for tasks to queue
[2026-01-01T21:39:40.151+0000] {logging_mixin.py:188} INFO - [2026-01-01T21:39:40.150+0000] {dagbag.py:538} INFO - Filling up the DagBag from /opt/airflow/dags/match_predictions.py
[2026-01-01T21:39:40.176+0000] {processor.py:842} WARNING - No viable dags retrieved from /opt/airflow/dags/match_predictions.py
[2026-01-01T21:39:40.204+0000] {processor.py:183} INFO - Processing /opt/airflow/dags/match_predictions.py took 0.069 seconds
[2026-01-01T21:40:10.910+0000] {processor.py:161} INFO - Started process (PID=22134) to work on /opt/airflow/dags/match_predictions.py
[2026-01-01T21:40:10.912+0000] {processor.py:830} INFO - Processing file /opt/airflow/dags/match_predictions.py for tasks to queue
[2026-01-01T21:40:10.914+0000] {logging_mixin.py:188} INFO - [2026-01-01T21:40:10.914+0000] {dagbag.py:538} INFO - Filling up the DagBag from /opt/airflow/dags/match_predictions.py
[2026-01-01T21:40:10.946+0000] {processor.py:842} WARNING - No viable dags retrieved from /opt/airflow/dags/match_predictions.py
[2026-01-01T21:40:10.981+0000] {processor.py:183} INFO - Processing /opt/airflow/dags/match_predictions.py took 0.077 seconds
[2026-01-01T21:40:41.621+0000] {processor.py:161} INFO - Started process (PID=22154) to work on /opt/airflow/dags/match_predictions.py
[2026-01-01T21:40:41.624+0000] {processor.py:830} INFO - Processing file /opt/airflow/dags/match_predictions.py for tasks to queue
[2026-01-01T21:40:41.625+0000] {logging_mixin.py:188} INFO - [2026-01-01T21:40:41.625+0000] {dagbag.py:538} INFO - Filling up the DagBag from /opt/airflow/dags/match_predictions.py
[2026-01-01T21:40:41.651+0000] {processor.py:842} WARNING - No viable dags retrieved from /opt/airflow/dags/match_predictions.py
[2026-01-01T21:40:41.680+0000] {processor.py:183} INFO - Processing /opt/airflow/dags/match_predictions.py took 0.065 seconds
[2026-01-01T21:41:12.319+0000] {processor.py:161} INFO - Started process (PID=22174) to work on /opt/airflow/dags/match_predictions.py
[2026-01-01T21:41:12.322+0000] {processor.py:830} INFO - Processing file /opt/airflow/dags/match_predictions.py for tasks to queue
[2026-01-01T21:41:12.323+0000] {logging_mixin.py:188} INFO - [2026-01-01T21:41:12.323+0000] {dagbag.py:538} INFO - Filling up the DagBag from /opt/airflow/dags/match_predictions.py
[2026-01-01T21:41:12.349+0000] {processor.py:842} WARNING - No viable dags retrieved from /opt/airflow/dags/match_predictions.py
[2026-01-01T21:41:12.377+0000] {processor.py:183} INFO - Processing /opt/airflow/dags/match_predictions.py took 0.066 seconds
[2026-01-01T21:41:43.004+0000] {processor.py:161} INFO - Started process (PID=22194) to work on /opt/airflow/dags/match_predictions.py
[2026-01-01T21:41:43.007+0000] {processor.py:830} INFO - Processing file /opt/airflow/dags/match_predictions.py for tasks to queue
[2026-01-01T21:41:43.009+0000] {logging_mixin.py:188} INFO - [2026-01-01T21:41:43.008+0000] {dagbag.py:538} INFO - Filling up the DagBag from /opt/airflow/dags/match_predictions.py
[2026-01-01T21:41:43.034+0000] {processor.py:842} WARNING - No viable dags retrieved from /opt/airflow/dags/match_predictions.py
[2026-01-01T21:41:43.061+0000] {processor.py:183} INFO - Processing /opt/airflow/dags/match_predictions.py took 0.064 seconds
[2026-01-01T21:42:13.747+0000] {processor.py:161} INFO - Started process (PID=22214) to work on /opt/airflow/dags/match_predictions.py
[2026-01-01T21:42:13.750+0000] {processor.py:830} INFO - Processing file /opt/airflow/dags/match_predictions.py for tasks to queue
[2026-01-01T21:42:13.752+0000] {logging_mixin.py:188} INFO - [2026-01-01T21:42:13.751+0000] {dagbag.py:538} INFO - Filling up the DagBag from /opt/airflow/dags/match_predictions.py
[2026-01-01T21:42:13.777+0000] {processor.py:842} WARNING - No viable dags retrieved from /opt/airflow/dags/match_predictions.py
[2026-01-01T21:42:13.805+0000] {processor.py:183} INFO - Processing /opt/airflow/dags/match_predictions.py took 0.067 seconds
[2026-01-01T21:42:44.464+0000] {processor.py:161} INFO - Started process (PID=22234) to work on /opt/airflow/dags/match_predictions.py
[2026-01-01T21:42:44.467+0000] {processor.py:830} INFO - Processing file /opt/airflow/dags/match_predictions.py for tasks to queue
[2026-01-01T21:42:44.470+0000] {logging_mixin.py:188} INFO - [2026-01-01T21:42:44.469+0000] {dagbag.py:538} INFO - Filling up the DagBag from /opt/airflow/dags/match_predictions.py
[2026-01-01T21:42:44.499+0000] {processor.py:842} WARNING - No viable dags retrieved from /opt/airflow/dags/match_predictions.py
[2026-01-01T21:42:44.530+0000] {processor.py:183} INFO - Processing /opt/airflow/dags/match_predictions.py took 0.073 seconds
[2026-01-01T21:43:15.275+0000] {processor.py:161} INFO - Started process (PID=22254) to work on /opt/airflow/dags/match_predictions.py
[2026-01-01T21:43:15.277+0000] {processor.py:830} INFO - Processing file /opt/airflow/dags/match_predictions.py for tasks to queue
[2026-01-01T21:43:15.279+0000] {logging_mixin.py:188} INFO - [2026-01-01T21:43:15.278+0000] {dagbag.py:538} INFO - Filling up the DagBag from /opt/airflow/dags/match_predictions.py
[2026-01-01T21:43:15.312+0000] {processor.py:842} WARNING - No viable dags retrieved from /opt/airflow/dags/match_predictions.py
[2026-01-01T21:43:15.340+0000] {processor.py:183} INFO - Processing /opt/airflow/dags/match_predictions.py took 0.071 seconds
[2026-01-01T21:43:46.079+0000] {processor.py:161} INFO - Started process (PID=22274) to work on /opt/airflow/dags/match_predictions.py
[2026-01-01T21:43:46.081+0000] {processor.py:830} INFO - Processing file /opt/airflow/dags/match_predictions.py for tasks to queue
[2026-01-01T21:43:46.083+0000] {logging_mixin.py:188} INFO - [2026-01-01T21:43:46.082+0000] {dagbag.py:538} INFO - Filling up the DagBag from /opt/airflow/dags/match_predictions.py
[2026-01-01T21:43:46.110+0000] {processor.py:842} WARNING - No viable dags retrieved from /opt/airflow/dags/match_predictions.py
[2026-01-01T21:43:46.136+0000] {processor.py:183} INFO - Processing /opt/airflow/dags/match_predictions.py took 0.064 seconds
[2026-01-01T21:44:16.802+0000] {processor.py:161} INFO - Started process (PID=22294) to work on /opt/airflow/dags/match_predictions.py
[2026-01-01T21:44:16.805+0000] {processor.py:830} INFO - Processing file /opt/airflow/dags/match_predictions.py for tasks to queue
[2026-01-01T21:44:16.807+0000] {logging_mixin.py:188} INFO - [2026-01-01T21:44:16.806+0000] {dagbag.py:538} INFO - Filling up the DagBag from /opt/airflow/dags/match_predictions.py
[2026-01-01T21:44:16.837+0000] {processor.py:842} WARNING - No viable dags retrieved from /opt/airflow/dags/match_predictions.py
[2026-01-01T21:44:16.863+0000] {processor.py:183} INFO - Processing /opt/airflow/dags/match_predictions.py took 0.068 seconds
[2026-01-01T21:44:47.786+0000] {processor.py:161} INFO - Started process (PID=22314) to work on /opt/airflow/dags/match_predictions.py
[2026-01-01T21:44:47.788+0000] {processor.py:830} INFO - Processing file /opt/airflow/dags/match_predictions.py for tasks to queue
[2026-01-01T21:44:47.790+0000] {logging_mixin.py:188} INFO - [2026-01-01T21:44:47.790+0000] {dagbag.py:538} INFO - Filling up the DagBag from /opt/airflow/dags/match_predictions.py
[2026-01-01T21:44:47.819+0000] {processor.py:842} WARNING - No viable dags retrieved from /opt/airflow/dags/match_predictions.py
[2026-01-01T21:44:47.850+0000] {processor.py:183} INFO - Processing /opt/airflow/dags/match_predictions.py took 0.070 seconds
[2026-01-01T21:45:18.666+0000] {processor.py:161} INFO - Started process (PID=22334) to work on /opt/airflow/dags/match_predictions.py
[2026-01-01T21:45:18.668+0000] {processor.py:830} INFO - Processing file /opt/airflow/dags/match_predictions.py for tasks to queue
[2026-01-01T21:45:18.671+0000] {logging_mixin.py:188} INFO - [2026-01-01T21:45:18.670+0000] {dagbag.py:538} INFO - Filling up the DagBag from /opt/airflow/dags/match_predictions.py
[2026-01-01T21:45:18.698+0000] {processor.py:842} WARNING - No viable dags retrieved from /opt/airflow/dags/match_predictions.py
[2026-01-01T21:45:18.736+0000] {processor.py:183} INFO - Processing /opt/airflow/dags/match_predictions.py took 0.076 seconds
[2026-01-01T21:45:49.399+0000] {processor.py:161} INFO - Started process (PID=22354) to work on /opt/airflow/dags/match_predictions.py
[2026-01-01T21:45:49.401+0000] {processor.py:830} INFO - Processing file /opt/airflow/dags/match_predictions.py for tasks to queue
[2026-01-01T21:45:49.403+0000] {logging_mixin.py:188} INFO - [2026-01-01T21:45:49.402+0000] {dagbag.py:538} INFO - Filling up the DagBag from /opt/airflow/dags/match_predictions.py
[2026-01-01T21:45:49.431+0000] {processor.py:842} WARNING - No viable dags retrieved from /opt/airflow/dags/match_predictions.py
[2026-01-01T21:45:49.461+0000] {processor.py:183} INFO - Processing /opt/airflow/dags/match_predictions.py took 0.069 seconds
[2026-01-01T21:46:20.095+0000] {processor.py:161} INFO - Started process (PID=22374) to work on /opt/airflow/dags/match_predictions.py
[2026-01-01T21:46:20.098+0000] {processor.py:830} INFO - Processing file /opt/airflow/dags/match_predictions.py for tasks to queue
[2026-01-01T21:46:20.099+0000] {logging_mixin.py:188} INFO - [2026-01-01T21:46:20.099+0000] {dagbag.py:538} INFO - Filling up the DagBag from /opt/airflow/dags/match_predictions.py
[2026-01-01T21:46:20.129+0000] {processor.py:842} WARNING - No viable dags retrieved from /opt/airflow/dags/match_predictions.py
[2026-01-01T21:46:20.158+0000] {processor.py:183} INFO - Processing /opt/airflow/dags/match_predictions.py took 0.070 seconds
[2026-01-01T21:46:50.890+0000] {processor.py:161} INFO - Started process (PID=22394) to work on /opt/airflow/dags/match_predictions.py
[2026-01-01T21:46:50.893+0000] {processor.py:830} INFO - Processing file /opt/airflow/dags/match_predictions.py for tasks to queue
[2026-01-01T21:46:50.895+0000] {logging_mixin.py:188} INFO - [2026-01-01T21:46:50.894+0000] {dagbag.py:538} INFO - Filling up the DagBag from /opt/airflow/dags/match_predictions.py
[2026-01-01T21:46:50.925+0000] {processor.py:842} WARNING - No viable dags retrieved from /opt/airflow/dags/match_predictions.py
[2026-01-01T21:46:50.953+0000] {processor.py:183} INFO - Processing /opt/airflow/dags/match_predictions.py took 0.070 seconds
[2026-01-01T21:47:21.773+0000] {processor.py:161} INFO - Started process (PID=22414) to work on /opt/airflow/dags/match_predictions.py
[2026-01-01T21:47:21.778+0000] {processor.py:830} INFO - Processing file /opt/airflow/dags/match_predictions.py for tasks to queue
[2026-01-01T21:47:21.780+0000] {logging_mixin.py:188} INFO - [2026-01-01T21:47:21.779+0000] {dagbag.py:538} INFO - Filling up the DagBag from /opt/airflow/dags/match_predictions.py
[2026-01-01T21:47:21.812+0000] {processor.py:842} WARNING - No viable dags retrieved from /opt/airflow/dags/match_predictions.py
[2026-01-01T21:47:21.847+0000] {processor.py:183} INFO - Processing /opt/airflow/dags/match_predictions.py took 0.084 seconds
[2026-01-01T21:47:52.606+0000] {processor.py:161} INFO - Started process (PID=22434) to work on /opt/airflow/dags/match_predictions.py
[2026-01-01T21:47:52.608+0000] {processor.py:830} INFO - Processing file /opt/airflow/dags/match_predictions.py for tasks to queue
[2026-01-01T21:47:52.610+0000] {logging_mixin.py:188} INFO - [2026-01-01T21:47:52.609+0000] {dagbag.py:538} INFO - Filling up the DagBag from /opt/airflow/dags/match_predictions.py
[2026-01-01T21:47:52.639+0000] {processor.py:842} WARNING - No viable dags retrieved from /opt/airflow/dags/match_predictions.py
[2026-01-01T21:47:52.691+0000] {processor.py:183} INFO - Processing /opt/airflow/dags/match_predictions.py took 0.092 seconds
[2026-01-01T21:48:23.681+0000] {processor.py:161} INFO - Started process (PID=22454) to work on /opt/airflow/dags/match_predictions.py
[2026-01-01T21:48:23.683+0000] {processor.py:830} INFO - Processing file /opt/airflow/dags/match_predictions.py for tasks to queue
[2026-01-01T21:48:23.686+0000] {logging_mixin.py:188} INFO - [2026-01-01T21:48:23.685+0000] {dagbag.py:538} INFO - Filling up the DagBag from /opt/airflow/dags/match_predictions.py
[2026-01-01T21:48:23.715+0000] {processor.py:842} WARNING - No viable dags retrieved from /opt/airflow/dags/match_predictions.py
[2026-01-01T21:48:23.747+0000] {processor.py:183} INFO - Processing /opt/airflow/dags/match_predictions.py took 0.073 seconds
[2026-01-01T21:48:54.386+0000] {processor.py:161} INFO - Started process (PID=22474) to work on /opt/airflow/dags/match_predictions.py
[2026-01-01T21:48:54.389+0000] {processor.py:830} INFO - Processing file /opt/airflow/dags/match_predictions.py for tasks to queue
[2026-01-01T21:48:54.391+0000] {logging_mixin.py:188} INFO - [2026-01-01T21:48:54.390+0000] {dagbag.py:538} INFO - Filling up the DagBag from /opt/airflow/dags/match_predictions.py
[2026-01-01T21:48:54.430+0000] {processor.py:842} WARNING - No viable dags retrieved from /opt/airflow/dags/match_predictions.py
[2026-01-01T21:48:54.465+0000] {processor.py:183} INFO - Processing /opt/airflow/dags/match_predictions.py took 0.087 seconds
[2026-01-01T21:49:25.186+0000] {processor.py:161} INFO - Started process (PID=22494) to work on /opt/airflow/dags/match_predictions.py
[2026-01-01T21:49:25.188+0000] {processor.py:830} INFO - Processing file /opt/airflow/dags/match_predictions.py for tasks to queue
[2026-01-01T21:49:25.191+0000] {logging_mixin.py:188} INFO - [2026-01-01T21:49:25.191+0000] {dagbag.py:538} INFO - Filling up the DagBag from /opt/airflow/dags/match_predictions.py
[2026-01-01T21:49:25.222+0000] {processor.py:842} WARNING - No viable dags retrieved from /opt/airflow/dags/match_predictions.py
[2026-01-01T21:49:25.251+0000] {processor.py:183} INFO - Processing /opt/airflow/dags/match_predictions.py took 0.072 seconds
[2026-01-01T21:49:56.090+0000] {processor.py:161} INFO - Started process (PID=22514) to work on /opt/airflow/dags/match_predictions.py
[2026-01-01T21:49:56.092+0000] {processor.py:830} INFO - Processing file /opt/airflow/dags/match_predictions.py for tasks to queue
[2026-01-01T21:49:56.095+0000] {logging_mixin.py:188} INFO - [2026-01-01T21:49:56.094+0000] {dagbag.py:538} INFO - Filling up the DagBag from /opt/airflow/dags/match_predictions.py
[2026-01-01T21:49:56.120+0000] {processor.py:842} WARNING - No viable dags retrieved from /opt/airflow/dags/match_predictions.py
[2026-01-01T21:49:56.147+0000] {processor.py:183} INFO - Processing /opt/airflow/dags/match_predictions.py took 0.062 seconds
[2026-01-01T21:50:26.953+0000] {processor.py:161} INFO - Started process (PID=22534) to work on /opt/airflow/dags/match_predictions.py
[2026-01-01T21:50:26.955+0000] {processor.py:830} INFO - Processing file /opt/airflow/dags/match_predictions.py for tasks to queue
[2026-01-01T21:50:26.957+0000] {logging_mixin.py:188} INFO - [2026-01-01T21:50:26.957+0000] {dagbag.py:538} INFO - Filling up the DagBag from /opt/airflow/dags/match_predictions.py
[2026-01-01T21:50:26.983+0000] {processor.py:842} WARNING - No viable dags retrieved from /opt/airflow/dags/match_predictions.py
[2026-01-01T21:50:27.009+0000] {processor.py:183} INFO - Processing /opt/airflow/dags/match_predictions.py took 0.063 seconds
[2026-01-01T21:50:57.825+0000] {processor.py:161} INFO - Started process (PID=22554) to work on /opt/airflow/dags/match_predictions.py
[2026-01-01T21:50:57.827+0000] {processor.py:830} INFO - Processing file /opt/airflow/dags/match_predictions.py for tasks to queue
[2026-01-01T21:50:57.829+0000] {logging_mixin.py:188} INFO - [2026-01-01T21:50:57.829+0000] {dagbag.py:538} INFO - Filling up the DagBag from /opt/airflow/dags/match_predictions.py
[2026-01-01T21:50:57.856+0000] {processor.py:842} WARNING - No viable dags retrieved from /opt/airflow/dags/match_predictions.py
[2026-01-01T21:50:57.884+0000] {processor.py:183} INFO - Processing /opt/airflow/dags/match_predictions.py took 0.065 seconds
[2026-01-01T21:51:28.525+0000] {processor.py:161} INFO - Started process (PID=22574) to work on /opt/airflow/dags/match_predictions.py
[2026-01-01T21:51:28.528+0000] {processor.py:830} INFO - Processing file /opt/airflow/dags/match_predictions.py for tasks to queue
[2026-01-01T21:51:28.529+0000] {logging_mixin.py:188} INFO - [2026-01-01T21:51:28.529+0000] {dagbag.py:538} INFO - Filling up the DagBag from /opt/airflow/dags/match_predictions.py
[2026-01-01T21:51:28.555+0000] {processor.py:842} WARNING - No viable dags retrieved from /opt/airflow/dags/match_predictions.py
[2026-01-01T21:51:28.583+0000] {processor.py:183} INFO - Processing /opt/airflow/dags/match_predictions.py took 0.066 seconds
[2026-01-01T21:51:59.232+0000] {processor.py:161} INFO - Started process (PID=22594) to work on /opt/airflow/dags/match_predictions.py
[2026-01-01T21:51:59.234+0000] {processor.py:830} INFO - Processing file /opt/airflow/dags/match_predictions.py for tasks to queue
[2026-01-01T21:51:59.236+0000] {logging_mixin.py:188} INFO - [2026-01-01T21:51:59.235+0000] {dagbag.py:538} INFO - Filling up the DagBag from /opt/airflow/dags/match_predictions.py
[2026-01-01T21:51:59.265+0000] {processor.py:842} WARNING - No viable dags retrieved from /opt/airflow/dags/match_predictions.py
[2026-01-01T21:51:59.293+0000] {processor.py:183} INFO - Processing /opt/airflow/dags/match_predictions.py took 0.069 seconds
[2026-01-01T21:52:30.107+0000] {processor.py:161} INFO - Started process (PID=22614) to work on /opt/airflow/dags/match_predictions.py
[2026-01-01T21:52:30.110+0000] {processor.py:830} INFO - Processing file /opt/airflow/dags/match_predictions.py for tasks to queue
[2026-01-01T21:52:30.112+0000] {logging_mixin.py:188} INFO - [2026-01-01T21:52:30.111+0000] {dagbag.py:538} INFO - Filling up the DagBag from /opt/airflow/dags/match_predictions.py
[2026-01-01T21:52:30.142+0000] {processor.py:842} WARNING - No viable dags retrieved from /opt/airflow/dags/match_predictions.py
[2026-01-01T21:52:30.173+0000] {processor.py:183} INFO - Processing /opt/airflow/dags/match_predictions.py took 0.073 seconds
[2026-01-01T21:53:00.830+0000] {processor.py:161} INFO - Started process (PID=22634) to work on /opt/airflow/dags/match_predictions.py
[2026-01-01T21:53:00.833+0000] {processor.py:830} INFO - Processing file /opt/airflow/dags/match_predictions.py for tasks to queue
[2026-01-01T21:53:00.834+0000] {logging_mixin.py:188} INFO - [2026-01-01T21:53:00.834+0000] {dagbag.py:538} INFO - Filling up the DagBag from /opt/airflow/dags/match_predictions.py
[2026-01-01T21:53:00.862+0000] {processor.py:842} WARNING - No viable dags retrieved from /opt/airflow/dags/match_predictions.py
[2026-01-01T21:53:00.890+0000] {processor.py:183} INFO - Processing /opt/airflow/dags/match_predictions.py took 0.069 seconds
[2026-01-01T21:53:31.662+0000] {processor.py:161} INFO - Started process (PID=22654) to work on /opt/airflow/dags/match_predictions.py
[2026-01-01T21:53:31.668+0000] {processor.py:830} INFO - Processing file /opt/airflow/dags/match_predictions.py for tasks to queue
[2026-01-01T21:53:31.675+0000] {logging_mixin.py:188} INFO - [2026-01-01T21:53:31.674+0000] {dagbag.py:538} INFO - Filling up the DagBag from /opt/airflow/dags/match_predictions.py
[2026-01-01T21:53:31.712+0000] {processor.py:842} WARNING - No viable dags retrieved from /opt/airflow/dags/match_predictions.py
[2026-01-01T21:53:31.755+0000] {processor.py:183} INFO - Processing /opt/airflow/dags/match_predictions.py took 0.102 seconds
[2026-01-01T21:54:02.814+0000] {processor.py:161} INFO - Started process (PID=22674) to work on /opt/airflow/dags/match_predictions.py
[2026-01-01T21:54:02.817+0000] {processor.py:830} INFO - Processing file /opt/airflow/dags/match_predictions.py for tasks to queue
[2026-01-01T21:54:02.821+0000] {logging_mixin.py:188} INFO - [2026-01-01T21:54:02.820+0000] {dagbag.py:538} INFO - Filling up the DagBag from /opt/airflow/dags/match_predictions.py
[2026-01-01T21:54:02.860+0000] {processor.py:842} WARNING - No viable dags retrieved from /opt/airflow/dags/match_predictions.py
[2026-01-01T21:54:02.892+0000] {processor.py:183} INFO - Processing /opt/airflow/dags/match_predictions.py took 0.084 seconds
[2026-01-01T21:54:33.584+0000] {processor.py:161} INFO - Started process (PID=22694) to work on /opt/airflow/dags/match_predictions.py
[2026-01-01T21:54:33.587+0000] {processor.py:830} INFO - Processing file /opt/airflow/dags/match_predictions.py for tasks to queue
[2026-01-01T21:54:33.590+0000] {logging_mixin.py:188} INFO - [2026-01-01T21:54:33.589+0000] {dagbag.py:538} INFO - Filling up the DagBag from /opt/airflow/dags/match_predictions.py
[2026-01-01T21:54:33.615+0000] {processor.py:842} WARNING - No viable dags retrieved from /opt/airflow/dags/match_predictions.py
[2026-01-01T21:54:33.645+0000] {processor.py:183} INFO - Processing /opt/airflow/dags/match_predictions.py took 0.069 seconds
[2026-01-01T21:55:04.425+0000] {processor.py:161} INFO - Started process (PID=22714) to work on /opt/airflow/dags/match_predictions.py
[2026-01-01T21:55:04.427+0000] {processor.py:830} INFO - Processing file /opt/airflow/dags/match_predictions.py for tasks to queue
[2026-01-01T21:55:04.430+0000] {logging_mixin.py:188} INFO - [2026-01-01T21:55:04.429+0000] {dagbag.py:538} INFO - Filling up the DagBag from /opt/airflow/dags/match_predictions.py
[2026-01-01T21:55:04.480+0000] {processor.py:842} WARNING - No viable dags retrieved from /opt/airflow/dags/match_predictions.py
[2026-01-01T21:55:04.515+0000] {processor.py:183} INFO - Processing /opt/airflow/dags/match_predictions.py took 0.098 seconds
[2026-01-01T21:55:35.296+0000] {processor.py:161} INFO - Started process (PID=22734) to work on /opt/airflow/dags/match_predictions.py
[2026-01-01T21:55:35.299+0000] {processor.py:830} INFO - Processing file /opt/airflow/dags/match_predictions.py for tasks to queue
[2026-01-01T21:55:35.301+0000] {logging_mixin.py:188} INFO - [2026-01-01T21:55:35.301+0000] {dagbag.py:538} INFO - Filling up the DagBag from /opt/airflow/dags/match_predictions.py
[2026-01-01T21:55:35.337+0000] {processor.py:842} WARNING - No viable dags retrieved from /opt/airflow/dags/match_predictions.py
[2026-01-01T21:55:35.373+0000] {processor.py:183} INFO - Processing /opt/airflow/dags/match_predictions.py took 0.085 seconds
[2026-01-01T21:56:06.182+0000] {processor.py:161} INFO - Started process (PID=22754) to work on /opt/airflow/dags/match_predictions.py
[2026-01-01T21:56:06.188+0000] {processor.py:830} INFO - Processing file /opt/airflow/dags/match_predictions.py for tasks to queue
[2026-01-01T21:56:06.191+0000] {logging_mixin.py:188} INFO - [2026-01-01T21:56:06.190+0000] {dagbag.py:538} INFO - Filling up the DagBag from /opt/airflow/dags/match_predictions.py
[2026-01-01T21:56:06.228+0000] {processor.py:842} WARNING - No viable dags retrieved from /opt/airflow/dags/match_predictions.py
[2026-01-01T21:56:06.265+0000] {processor.py:183} INFO - Processing /opt/airflow/dags/match_predictions.py took 0.093 seconds
[2026-01-01T21:56:37.062+0000] {processor.py:161} INFO - Started process (PID=22774) to work on /opt/airflow/dags/match_predictions.py
[2026-01-01T21:56:37.064+0000] {processor.py:830} INFO - Processing file /opt/airflow/dags/match_predictions.py for tasks to queue
[2026-01-01T21:56:37.066+0000] {logging_mixin.py:188} INFO - [2026-01-01T21:56:37.065+0000] {dagbag.py:538} INFO - Filling up the DagBag from /opt/airflow/dags/match_predictions.py
[2026-01-01T21:56:37.097+0000] {processor.py:842} WARNING - No viable dags retrieved from /opt/airflow/dags/match_predictions.py
[2026-01-01T21:56:37.130+0000] {processor.py:183} INFO - Processing /opt/airflow/dags/match_predictions.py took 0.078 seconds
[2026-01-01T21:57:07.973+0000] {processor.py:161} INFO - Started process (PID=22794) to work on /opt/airflow/dags/match_predictions.py
[2026-01-01T21:57:07.976+0000] {processor.py:830} INFO - Processing file /opt/airflow/dags/match_predictions.py for tasks to queue
[2026-01-01T21:57:07.978+0000] {logging_mixin.py:188} INFO - [2026-01-01T21:57:07.977+0000] {dagbag.py:538} INFO - Filling up the DagBag from /opt/airflow/dags/match_predictions.py
[2026-01-01T21:57:08.021+0000] {processor.py:842} WARNING - No viable dags retrieved from /opt/airflow/dags/match_predictions.py
[2026-01-01T21:57:08.057+0000] {processor.py:183} INFO - Processing /opt/airflow/dags/match_predictions.py took 0.091 seconds
[2026-01-01T21:57:38.855+0000] {processor.py:161} INFO - Started process (PID=22814) to work on /opt/airflow/dags/match_predictions.py
[2026-01-01T21:57:38.858+0000] {processor.py:830} INFO - Processing file /opt/airflow/dags/match_predictions.py for tasks to queue
[2026-01-01T21:57:38.860+0000] {logging_mixin.py:188} INFO - [2026-01-01T21:57:38.860+0000] {dagbag.py:538} INFO - Filling up the DagBag from /opt/airflow/dags/match_predictions.py
[2026-01-01T21:57:38.895+0000] {processor.py:842} WARNING - No viable dags retrieved from /opt/airflow/dags/match_predictions.py
[2026-01-01T21:57:38.933+0000] {processor.py:183} INFO - Processing /opt/airflow/dags/match_predictions.py took 0.087 seconds
[2026-01-01T21:58:09.163+0000] {processor.py:161} INFO - Started process (PID=22831) to work on /opt/airflow/dags/match_predictions.py
[2026-01-01T21:58:09.165+0000] {processor.py:830} INFO - Processing file /opt/airflow/dags/match_predictions.py for tasks to queue
[2026-01-01T21:58:09.172+0000] {logging_mixin.py:188} INFO - [2026-01-01T21:58:09.171+0000] {dagbag.py:538} INFO - Filling up the DagBag from /opt/airflow/dags/match_predictions.py
[2026-01-01T21:58:09.206+0000] {processor.py:842} WARNING - No viable dags retrieved from /opt/airflow/dags/match_predictions.py
[2026-01-01T21:58:09.244+0000] {processor.py:183} INFO - Processing /opt/airflow/dags/match_predictions.py took 0.086 seconds
[2026-01-01T21:58:39.391+0000] {processor.py:161} INFO - Started process (PID=22851) to work on /opt/airflow/dags/match_predictions.py
[2026-01-01T21:58:39.393+0000] {processor.py:830} INFO - Processing file /opt/airflow/dags/match_predictions.py for tasks to queue
[2026-01-01T21:58:39.395+0000] {logging_mixin.py:188} INFO - [2026-01-01T21:58:39.395+0000] {dagbag.py:538} INFO - Filling up the DagBag from /opt/airflow/dags/match_predictions.py
[2026-01-01T21:58:39.438+0000] {processor.py:842} WARNING - No viable dags retrieved from /opt/airflow/dags/match_predictions.py
[2026-01-01T21:58:39.465+0000] {processor.py:183} INFO - Processing /opt/airflow/dags/match_predictions.py took 0.081 seconds
[2026-01-01T21:59:09.854+0000] {processor.py:161} INFO - Started process (PID=22871) to work on /opt/airflow/dags/match_predictions.py
[2026-01-01T21:59:09.857+0000] {processor.py:830} INFO - Processing file /opt/airflow/dags/match_predictions.py for tasks to queue
[2026-01-01T21:59:09.859+0000] {logging_mixin.py:188} INFO - [2026-01-01T21:59:09.858+0000] {dagbag.py:538} INFO - Filling up the DagBag from /opt/airflow/dags/match_predictions.py
[2026-01-01T21:59:09.896+0000] {processor.py:842} WARNING - No viable dags retrieved from /opt/airflow/dags/match_predictions.py
[2026-01-01T21:59:09.926+0000] {processor.py:183} INFO - Processing /opt/airflow/dags/match_predictions.py took 0.083 seconds
[2026-01-01T21:59:40.341+0000] {processor.py:161} INFO - Started process (PID=22891) to work on /opt/airflow/dags/match_predictions.py
[2026-01-01T21:59:40.343+0000] {processor.py:830} INFO - Processing file /opt/airflow/dags/match_predictions.py for tasks to queue
[2026-01-01T21:59:40.345+0000] {logging_mixin.py:188} INFO - [2026-01-01T21:59:40.345+0000] {dagbag.py:538} INFO - Filling up the DagBag from /opt/airflow/dags/match_predictions.py
[2026-01-01T21:59:40.388+0000] {processor.py:842} WARNING - No viable dags retrieved from /opt/airflow/dags/match_predictions.py
[2026-01-01T21:59:40.426+0000] {processor.py:183} INFO - Processing /opt/airflow/dags/match_predictions.py took 0.095 seconds
[2026-01-01T22:00:10.833+0000] {processor.py:161} INFO - Started process (PID=22911) to work on /opt/airflow/dags/match_predictions.py
[2026-01-01T22:00:10.842+0000] {processor.py:830} INFO - Processing file /opt/airflow/dags/match_predictions.py for tasks to queue
[2026-01-01T22:00:10.845+0000] {logging_mixin.py:188} INFO - [2026-01-01T22:00:10.844+0000] {dagbag.py:538} INFO - Filling up the DagBag from /opt/airflow/dags/match_predictions.py
[2026-01-01T22:00:10.881+0000] {processor.py:842} WARNING - No viable dags retrieved from /opt/airflow/dags/match_predictions.py
[2026-01-01T22:00:10.913+0000] {processor.py:183} INFO - Processing /opt/airflow/dags/match_predictions.py took 0.086 seconds
[2026-01-01T22:00:41.300+0000] {processor.py:161} INFO - Started process (PID=22931) to work on /opt/airflow/dags/match_predictions.py
[2026-01-01T22:00:41.304+0000] {processor.py:830} INFO - Processing file /opt/airflow/dags/match_predictions.py for tasks to queue
[2026-01-01T22:00:41.306+0000] {logging_mixin.py:188} INFO - [2026-01-01T22:00:41.306+0000] {dagbag.py:538} INFO - Filling up the DagBag from /opt/airflow/dags/match_predictions.py
[2026-01-01T22:00:41.345+0000] {processor.py:842} WARNING - No viable dags retrieved from /opt/airflow/dags/match_predictions.py
[2026-01-01T22:00:41.375+0000] {processor.py:183} INFO - Processing /opt/airflow/dags/match_predictions.py took 0.080 seconds
[2026-01-01T22:01:11.767+0000] {processor.py:161} INFO - Started process (PID=22949) to work on /opt/airflow/dags/match_predictions.py
[2026-01-01T22:01:11.770+0000] {processor.py:830} INFO - Processing file /opt/airflow/dags/match_predictions.py for tasks to queue
[2026-01-01T22:01:11.773+0000] {logging_mixin.py:188} INFO - [2026-01-01T22:01:11.772+0000] {dagbag.py:538} INFO - Filling up the DagBag from /opt/airflow/dags/match_predictions.py
[2026-01-01T22:01:11.815+0000] {processor.py:842} WARNING - No viable dags retrieved from /opt/airflow/dags/match_predictions.py
[2026-01-01T22:01:11.853+0000] {processor.py:183} INFO - Processing /opt/airflow/dags/match_predictions.py took 0.092 seconds
[2026-01-01T22:01:42.220+0000] {processor.py:161} INFO - Started process (PID=22969) to work on /opt/airflow/dags/match_predictions.py
[2026-01-01T22:01:42.225+0000] {processor.py:830} INFO - Processing file /opt/airflow/dags/match_predictions.py for tasks to queue
[2026-01-01T22:01:42.229+0000] {logging_mixin.py:188} INFO - [2026-01-01T22:01:42.228+0000] {dagbag.py:538} INFO - Filling up the DagBag from /opt/airflow/dags/match_predictions.py
[2026-01-01T22:01:42.265+0000] {processor.py:842} WARNING - No viable dags retrieved from /opt/airflow/dags/match_predictions.py
[2026-01-01T22:01:42.306+0000] {processor.py:183} INFO - Processing /opt/airflow/dags/match_predictions.py took 0.093 seconds
[2026-01-01T22:02:13.658+0000] {processor.py:161} INFO - Started process (PID=22996) to work on /opt/airflow/dags/match_predictions.py
[2026-01-01T22:02:13.660+0000] {processor.py:830} INFO - Processing file /opt/airflow/dags/match_predictions.py for tasks to queue
[2026-01-01T22:02:13.662+0000] {logging_mixin.py:188} INFO - [2026-01-01T22:02:13.662+0000] {dagbag.py:538} INFO - Filling up the DagBag from /opt/airflow/dags/match_predictions.py
[2026-01-01T22:02:13.700+0000] {processor.py:842} WARNING - No viable dags retrieved from /opt/airflow/dags/match_predictions.py
[2026-01-01T22:02:13.734+0000] {processor.py:183} INFO - Processing /opt/airflow/dags/match_predictions.py took 0.084 seconds
[2026-01-01T22:02:44.668+0000] {processor.py:161} INFO - Started process (PID=23014) to work on /opt/airflow/dags/match_predictions.py
[2026-01-01T22:02:44.676+0000] {processor.py:830} INFO - Processing file /opt/airflow/dags/match_predictions.py for tasks to queue
[2026-01-01T22:02:44.680+0000] {logging_mixin.py:188} INFO - [2026-01-01T22:02:44.679+0000] {dagbag.py:538} INFO - Filling up the DagBag from /opt/airflow/dags/match_predictions.py
[2026-01-01T22:02:44.717+0000] {processor.py:842} WARNING - No viable dags retrieved from /opt/airflow/dags/match_predictions.py
[2026-01-01T22:02:44.756+0000] {processor.py:183} INFO - Processing /opt/airflow/dags/match_predictions.py took 0.097 seconds
[2026-01-01T22:03:16.364+0000] {processor.py:161} INFO - Started process (PID=23036) to work on /opt/airflow/dags/match_predictions.py
[2026-01-01T22:03:16.367+0000] {processor.py:830} INFO - Processing file /opt/airflow/dags/match_predictions.py for tasks to queue
[2026-01-01T22:03:16.370+0000] {logging_mixin.py:188} INFO - [2026-01-01T22:03:16.369+0000] {dagbag.py:538} INFO - Filling up the DagBag from /opt/airflow/dags/match_predictions.py
[2026-01-01T22:03:16.410+0000] {processor.py:842} WARNING - No viable dags retrieved from /opt/airflow/dags/match_predictions.py
[2026-01-01T22:03:16.438+0000] {processor.py:183} INFO - Processing /opt/airflow/dags/match_predictions.py took 0.079 seconds
[2026-01-01T22:03:46.883+0000] {processor.py:161} INFO - Started process (PID=23056) to work on /opt/airflow/dags/match_predictions.py
[2026-01-01T22:03:46.885+0000] {processor.py:830} INFO - Processing file /opt/airflow/dags/match_predictions.py for tasks to queue
[2026-01-01T22:03:46.887+0000] {logging_mixin.py:188} INFO - [2026-01-01T22:03:46.886+0000] {dagbag.py:538} INFO - Filling up the DagBag from /opt/airflow/dags/match_predictions.py
[2026-01-01T22:03:46.918+0000] {processor.py:842} WARNING - No viable dags retrieved from /opt/airflow/dags/match_predictions.py
[2026-01-01T22:03:46.947+0000] {processor.py:183} INFO - Processing /opt/airflow/dags/match_predictions.py took 0.070 seconds
[2026-01-01T22:04:17.277+0000] {processor.py:161} INFO - Started process (PID=23076) to work on /opt/airflow/dags/match_predictions.py
[2026-01-01T22:04:17.280+0000] {processor.py:830} INFO - Processing file /opt/airflow/dags/match_predictions.py for tasks to queue
[2026-01-01T22:04:17.281+0000] {logging_mixin.py:188} INFO - [2026-01-01T22:04:17.281+0000] {dagbag.py:538} INFO - Filling up the DagBag from /opt/airflow/dags/match_predictions.py
[2026-01-01T22:04:17.323+0000] {processor.py:842} WARNING - No viable dags retrieved from /opt/airflow/dags/match_predictions.py
[2026-01-01T22:04:17.358+0000] {processor.py:183} INFO - Processing /opt/airflow/dags/match_predictions.py took 0.087 seconds
[2026-01-01T22:04:47.776+0000] {processor.py:161} INFO - Started process (PID=23096) to work on /opt/airflow/dags/match_predictions.py
[2026-01-01T22:04:47.778+0000] {processor.py:830} INFO - Processing file /opt/airflow/dags/match_predictions.py for tasks to queue
[2026-01-01T22:04:47.780+0000] {logging_mixin.py:188} INFO - [2026-01-01T22:04:47.780+0000] {dagbag.py:538} INFO - Filling up the DagBag from /opt/airflow/dags/match_predictions.py
[2026-01-01T22:04:47.817+0000] {processor.py:842} WARNING - No viable dags retrieved from /opt/airflow/dags/match_predictions.py
[2026-01-01T22:04:47.847+0000] {processor.py:183} INFO - Processing /opt/airflow/dags/match_predictions.py took 0.078 seconds
[2026-01-01T22:05:18.903+0000] {processor.py:161} INFO - Started process (PID=23116) to work on /opt/airflow/dags/match_predictions.py
[2026-01-01T22:05:18.906+0000] {processor.py:830} INFO - Processing file /opt/airflow/dags/match_predictions.py for tasks to queue
[2026-01-01T22:05:18.912+0000] {logging_mixin.py:188} INFO - [2026-01-01T22:05:18.911+0000] {dagbag.py:538} INFO - Filling up the DagBag from /opt/airflow/dags/match_predictions.py
[2026-01-01T22:05:18.952+0000] {processor.py:842} WARNING - No viable dags retrieved from /opt/airflow/dags/match_predictions.py
[2026-01-01T22:05:18.990+0000] {processor.py:183} INFO - Processing /opt/airflow/dags/match_predictions.py took 0.093 seconds
[2026-01-01T22:05:49.299+0000] {processor.py:161} INFO - Started process (PID=23136) to work on /opt/airflow/dags/match_predictions.py
[2026-01-01T22:05:49.301+0000] {processor.py:830} INFO - Processing file /opt/airflow/dags/match_predictions.py for tasks to queue
[2026-01-01T22:05:49.302+0000] {logging_mixin.py:188} INFO - [2026-01-01T22:05:49.302+0000] {dagbag.py:538} INFO - Filling up the DagBag from /opt/airflow/dags/match_predictions.py
[2026-01-01T22:05:49.338+0000] {processor.py:842} WARNING - No viable dags retrieved from /opt/airflow/dags/match_predictions.py
[2026-01-01T22:05:49.367+0000] {processor.py:183} INFO - Processing /opt/airflow/dags/match_predictions.py took 0.074 seconds
[2026-01-01T22:06:20.362+0000] {processor.py:161} INFO - Started process (PID=23156) to work on /opt/airflow/dags/match_predictions.py
[2026-01-01T22:06:20.364+0000] {processor.py:830} INFO - Processing file /opt/airflow/dags/match_predictions.py for tasks to queue
[2026-01-01T22:06:20.367+0000] {logging_mixin.py:188} INFO - [2026-01-01T22:06:20.366+0000] {dagbag.py:538} INFO - Filling up the DagBag from /opt/airflow/dags/match_predictions.py
[2026-01-01T22:06:20.404+0000] {processor.py:842} WARNING - No viable dags retrieved from /opt/airflow/dags/match_predictions.py
[2026-01-01T22:06:20.432+0000] {processor.py:183} INFO - Processing /opt/airflow/dags/match_predictions.py took 0.077 seconds
[2026-01-01T22:06:50.782+0000] {processor.py:161} INFO - Started process (PID=23176) to work on /opt/airflow/dags/match_predictions.py
[2026-01-01T22:06:50.784+0000] {processor.py:830} INFO - Processing file /opt/airflow/dags/match_predictions.py for tasks to queue
[2026-01-01T22:06:50.786+0000] {logging_mixin.py:188} INFO - [2026-01-01T22:06:50.786+0000] {dagbag.py:538} INFO - Filling up the DagBag from /opt/airflow/dags/match_predictions.py
[2026-01-01T22:06:50.824+0000] {processor.py:842} WARNING - No viable dags retrieved from /opt/airflow/dags/match_predictions.py
[2026-01-01T22:06:50.855+0000] {processor.py:183} INFO - Processing /opt/airflow/dags/match_predictions.py took 0.079 seconds
[2026-01-01T22:07:21.307+0000] {processor.py:161} INFO - Started process (PID=23196) to work on /opt/airflow/dags/match_predictions.py
[2026-01-01T22:07:21.310+0000] {processor.py:830} INFO - Processing file /opt/airflow/dags/match_predictions.py for tasks to queue
[2026-01-01T22:07:21.314+0000] {logging_mixin.py:188} INFO - [2026-01-01T22:07:21.313+0000] {dagbag.py:538} INFO - Filling up the DagBag from /opt/airflow/dags/match_predictions.py
[2026-01-01T22:07:21.355+0000] {processor.py:842} WARNING - No viable dags retrieved from /opt/airflow/dags/match_predictions.py
[2026-01-01T22:07:21.385+0000] {processor.py:183} INFO - Processing /opt/airflow/dags/match_predictions.py took 0.084 seconds
[2026-01-01T22:07:51.694+0000] {processor.py:161} INFO - Started process (PID=23216) to work on /opt/airflow/dags/match_predictions.py
[2026-01-01T22:07:51.701+0000] {processor.py:830} INFO - Processing file /opt/airflow/dags/match_predictions.py for tasks to queue
[2026-01-01T22:07:51.703+0000] {logging_mixin.py:188} INFO - [2026-01-01T22:07:51.702+0000] {dagbag.py:538} INFO - Filling up the DagBag from /opt/airflow/dags/match_predictions.py
[2026-01-01T22:07:51.736+0000] {processor.py:842} WARNING - No viable dags retrieved from /opt/airflow/dags/match_predictions.py
[2026-01-01T22:07:51.774+0000] {processor.py:183} INFO - Processing /opt/airflow/dags/match_predictions.py took 0.086 seconds
[2026-01-01T22:08:22.021+0000] {processor.py:161} INFO - Started process (PID=23234) to work on /opt/airflow/dags/match_predictions.py
[2026-01-01T22:08:22.023+0000] {processor.py:830} INFO - Processing file /opt/airflow/dags/match_predictions.py for tasks to queue
[2026-01-01T22:08:22.025+0000] {logging_mixin.py:188} INFO - [2026-01-01T22:08:22.024+0000] {dagbag.py:538} INFO - Filling up the DagBag from /opt/airflow/dags/match_predictions.py
[2026-01-01T22:08:22.053+0000] {processor.py:842} WARNING - No viable dags retrieved from /opt/airflow/dags/match_predictions.py
[2026-01-01T22:08:22.084+0000] {processor.py:183} INFO - Processing /opt/airflow/dags/match_predictions.py took 0.069 seconds
[2026-01-01T22:08:52.525+0000] {processor.py:161} INFO - Started process (PID=23254) to work on /opt/airflow/dags/match_predictions.py
[2026-01-01T22:08:52.527+0000] {processor.py:830} INFO - Processing file /opt/airflow/dags/match_predictions.py for tasks to queue
[2026-01-01T22:08:52.532+0000] {logging_mixin.py:188} INFO - [2026-01-01T22:08:52.531+0000] {dagbag.py:538} INFO - Filling up the DagBag from /opt/airflow/dags/match_predictions.py
[2026-01-01T22:08:52.570+0000] {processor.py:842} WARNING - No viable dags retrieved from /opt/airflow/dags/match_predictions.py
[2026-01-01T22:08:52.605+0000] {processor.py:183} INFO - Processing /opt/airflow/dags/match_predictions.py took 0.087 seconds
[2026-01-01T22:09:22.841+0000] {processor.py:161} INFO - Started process (PID=23274) to work on /opt/airflow/dags/match_predictions.py
[2026-01-01T22:09:22.843+0000] {processor.py:830} INFO - Processing file /opt/airflow/dags/match_predictions.py for tasks to queue
[2026-01-01T22:09:22.845+0000] {logging_mixin.py:188} INFO - [2026-01-01T22:09:22.844+0000] {dagbag.py:538} INFO - Filling up the DagBag from /opt/airflow/dags/match_predictions.py
[2026-01-01T22:09:22.878+0000] {processor.py:842} WARNING - No viable dags retrieved from /opt/airflow/dags/match_predictions.py
[2026-01-01T22:09:22.917+0000] {processor.py:183} INFO - Processing /opt/airflow/dags/match_predictions.py took 0.084 seconds
[2026-01-01T22:09:53.336+0000] {processor.py:161} INFO - Started process (PID=23294) to work on /opt/airflow/dags/match_predictions.py
[2026-01-01T22:09:53.339+0000] {processor.py:830} INFO - Processing file /opt/airflow/dags/match_predictions.py for tasks to queue
[2026-01-01T22:09:53.341+0000] {logging_mixin.py:188} INFO - [2026-01-01T22:09:53.341+0000] {dagbag.py:538} INFO - Filling up the DagBag from /opt/airflow/dags/match_predictions.py
[2026-01-01T22:09:53.371+0000] {processor.py:842} WARNING - No viable dags retrieved from /opt/airflow/dags/match_predictions.py
[2026-01-01T22:09:53.404+0000] {processor.py:183} INFO - Processing /opt/airflow/dags/match_predictions.py took 0.075 seconds
[2026-01-01T22:10:23.735+0000] {processor.py:161} INFO - Started process (PID=23314) to work on /opt/airflow/dags/match_predictions.py
[2026-01-01T22:10:23.737+0000] {processor.py:830} INFO - Processing file /opt/airflow/dags/match_predictions.py for tasks to queue
[2026-01-01T22:10:23.739+0000] {logging_mixin.py:188} INFO - [2026-01-01T22:10:23.738+0000] {dagbag.py:538} INFO - Filling up the DagBag from /opt/airflow/dags/match_predictions.py
[2026-01-01T22:10:23.775+0000] {processor.py:842} WARNING - No viable dags retrieved from /opt/airflow/dags/match_predictions.py
[2026-01-01T22:10:23.806+0000] {processor.py:183} INFO - Processing /opt/airflow/dags/match_predictions.py took 0.078 seconds
[2026-01-01T22:10:54.191+0000] {processor.py:161} INFO - Started process (PID=23334) to work on /opt/airflow/dags/match_predictions.py
[2026-01-01T22:10:54.193+0000] {processor.py:830} INFO - Processing file /opt/airflow/dags/match_predictions.py for tasks to queue
[2026-01-01T22:10:54.195+0000] {logging_mixin.py:188} INFO - [2026-01-01T22:10:54.195+0000] {dagbag.py:538} INFO - Filling up the DagBag from /opt/airflow/dags/match_predictions.py
[2026-01-01T22:10:54.240+0000] {processor.py:842} WARNING - No viable dags retrieved from /opt/airflow/dags/match_predictions.py
[2026-01-01T22:10:54.277+0000] {processor.py:183} INFO - Processing /opt/airflow/dags/match_predictions.py took 0.091 seconds
[2026-01-01T22:11:24.594+0000] {processor.py:161} INFO - Started process (PID=23354) to work on /opt/airflow/dags/match_predictions.py
[2026-01-01T22:11:24.596+0000] {processor.py:830} INFO - Processing file /opt/airflow/dags/match_predictions.py for tasks to queue
[2026-01-01T22:11:24.599+0000] {logging_mixin.py:188} INFO - [2026-01-01T22:11:24.598+0000] {dagbag.py:538} INFO - Filling up the DagBag from /opt/airflow/dags/match_predictions.py
[2026-01-01T22:11:24.634+0000] {processor.py:842} WARNING - No viable dags retrieved from /opt/airflow/dags/match_predictions.py
[2026-01-01T22:11:24.672+0000] {processor.py:183} INFO - Processing /opt/airflow/dags/match_predictions.py took 0.084 seconds
[2026-01-01T22:11:55.081+0000] {processor.py:161} INFO - Started process (PID=23374) to work on /opt/airflow/dags/match_predictions.py
[2026-01-01T22:11:55.084+0000] {processor.py:830} INFO - Processing file /opt/airflow/dags/match_predictions.py for tasks to queue
[2026-01-01T22:11:55.086+0000] {logging_mixin.py:188} INFO - [2026-01-01T22:11:55.085+0000] {dagbag.py:538} INFO - Filling up the DagBag from /opt/airflow/dags/match_predictions.py
[2026-01-01T22:11:55.127+0000] {processor.py:842} WARNING - No viable dags retrieved from /opt/airflow/dags/match_predictions.py
[2026-01-01T22:11:55.160+0000] {processor.py:183} INFO - Processing /opt/airflow/dags/match_predictions.py took 0.084 seconds
[2026-01-01T22:12:25.463+0000] {processor.py:161} INFO - Started process (PID=23394) to work on /opt/airflow/dags/match_predictions.py
[2026-01-01T22:12:25.465+0000] {processor.py:830} INFO - Processing file /opt/airflow/dags/match_predictions.py for tasks to queue
[2026-01-01T22:12:25.468+0000] {logging_mixin.py:188} INFO - [2026-01-01T22:12:25.467+0000] {dagbag.py:538} INFO - Filling up the DagBag from /opt/airflow/dags/match_predictions.py
[2026-01-01T22:12:25.500+0000] {processor.py:842} WARNING - No viable dags retrieved from /opt/airflow/dags/match_predictions.py
[2026-01-01T22:12:25.544+0000] {processor.py:183} INFO - Processing /opt/airflow/dags/match_predictions.py took 0.087 seconds
[2026-01-01T22:12:56.026+0000] {processor.py:161} INFO - Started process (PID=23414) to work on /opt/airflow/dags/match_predictions.py
[2026-01-01T22:12:56.028+0000] {processor.py:830} INFO - Processing file /opt/airflow/dags/match_predictions.py for tasks to queue
[2026-01-01T22:12:56.030+0000] {logging_mixin.py:188} INFO - [2026-01-01T22:12:56.029+0000] {dagbag.py:538} INFO - Filling up the DagBag from /opt/airflow/dags/match_predictions.py
[2026-01-01T22:12:56.063+0000] {processor.py:842} WARNING - No viable dags retrieved from /opt/airflow/dags/match_predictions.py
[2026-01-01T22:12:56.099+0000] {processor.py:183} INFO - Processing /opt/airflow/dags/match_predictions.py took 0.081 seconds
[2026-01-01T22:13:26.785+0000] {processor.py:161} INFO - Started process (PID=23436) to work on /opt/airflow/dags/match_predictions.py
[2026-01-01T22:13:26.787+0000] {processor.py:830} INFO - Processing file /opt/airflow/dags/match_predictions.py for tasks to queue
[2026-01-01T22:13:26.789+0000] {logging_mixin.py:188} INFO - [2026-01-01T22:13:26.789+0000] {dagbag.py:538} INFO - Filling up the DagBag from /opt/airflow/dags/match_predictions.py
[2026-01-01T22:13:26.822+0000] {processor.py:842} WARNING - No viable dags retrieved from /opt/airflow/dags/match_predictions.py
[2026-01-01T22:13:26.849+0000] {processor.py:183} INFO - Processing /opt/airflow/dags/match_predictions.py took 0.071 seconds
[2026-01-01T22:13:57.202+0000] {processor.py:161} INFO - Started process (PID=23456) to work on /opt/airflow/dags/match_predictions.py
[2026-01-01T22:13:57.204+0000] {processor.py:830} INFO - Processing file /opt/airflow/dags/match_predictions.py for tasks to queue
[2026-01-01T22:13:57.207+0000] {logging_mixin.py:188} INFO - [2026-01-01T22:13:57.206+0000] {dagbag.py:538} INFO - Filling up the DagBag from /opt/airflow/dags/match_predictions.py
[2026-01-01T22:13:57.247+0000] {processor.py:842} WARNING - No viable dags retrieved from /opt/airflow/dags/match_predictions.py
[2026-01-01T22:13:57.281+0000] {processor.py:183} INFO - Processing /opt/airflow/dags/match_predictions.py took 0.087 seconds
[2026-01-01T22:14:27.686+0000] {processor.py:161} INFO - Started process (PID=23476) to work on /opt/airflow/dags/match_predictions.py
[2026-01-01T22:14:27.689+0000] {processor.py:830} INFO - Processing file /opt/airflow/dags/match_predictions.py for tasks to queue
[2026-01-01T22:14:27.690+0000] {logging_mixin.py:188} INFO - [2026-01-01T22:14:27.690+0000] {dagbag.py:538} INFO - Filling up the DagBag from /opt/airflow/dags/match_predictions.py
[2026-01-01T22:14:27.730+0000] {processor.py:842} WARNING - No viable dags retrieved from /opt/airflow/dags/match_predictions.py
[2026-01-01T22:14:27.764+0000] {processor.py:183} INFO - Processing /opt/airflow/dags/match_predictions.py took 0.086 seconds
[2026-01-01T22:14:58.138+0000] {processor.py:161} INFO - Started process (PID=23496) to work on /opt/airflow/dags/match_predictions.py
[2026-01-01T22:14:58.140+0000] {processor.py:830} INFO - Processing file /opt/airflow/dags/match_predictions.py for tasks to queue
[2026-01-01T22:14:58.142+0000] {logging_mixin.py:188} INFO - [2026-01-01T22:14:58.141+0000] {dagbag.py:538} INFO - Filling up the DagBag from /opt/airflow/dags/match_predictions.py
[2026-01-01T22:14:58.181+0000] {processor.py:842} WARNING - No viable dags retrieved from /opt/airflow/dags/match_predictions.py
[2026-01-01T22:14:58.209+0000] {processor.py:183} INFO - Processing /opt/airflow/dags/match_predictions.py took 0.078 seconds
[2026-01-01T22:15:28.570+0000] {processor.py:161} INFO - Started process (PID=23516) to work on /opt/airflow/dags/match_predictions.py
[2026-01-01T22:15:28.572+0000] {processor.py:830} INFO - Processing file /opt/airflow/dags/match_predictions.py for tasks to queue
[2026-01-01T22:15:28.574+0000] {logging_mixin.py:188} INFO - [2026-01-01T22:15:28.574+0000] {dagbag.py:538} INFO - Filling up the DagBag from /opt/airflow/dags/match_predictions.py
[2026-01-01T22:15:28.611+0000] {processor.py:842} WARNING - No viable dags retrieved from /opt/airflow/dags/match_predictions.py
[2026-01-01T22:15:28.640+0000] {processor.py:183} INFO - Processing /opt/airflow/dags/match_predictions.py took 0.077 seconds
[2026-01-01T22:15:58.887+0000] {processor.py:161} INFO - Started process (PID=23536) to work on /opt/airflow/dags/match_predictions.py
[2026-01-01T22:15:58.889+0000] {processor.py:830} INFO - Processing file /opt/airflow/dags/match_predictions.py for tasks to queue
[2026-01-01T22:15:58.891+0000] {logging_mixin.py:188} INFO - [2026-01-01T22:15:58.890+0000] {dagbag.py:538} INFO - Filling up the DagBag from /opt/airflow/dags/match_predictions.py
[2026-01-01T22:15:58.928+0000] {processor.py:842} WARNING - No viable dags retrieved from /opt/airflow/dags/match_predictions.py
[2026-01-01T22:15:58.957+0000] {processor.py:183} INFO - Processing /opt/airflow/dags/match_predictions.py took 0.077 seconds
[2026-01-01T22:16:29.383+0000] {processor.py:161} INFO - Started process (PID=23556) to work on /opt/airflow/dags/match_predictions.py
[2026-01-01T22:16:29.385+0000] {processor.py:830} INFO - Processing file /opt/airflow/dags/match_predictions.py for tasks to queue
[2026-01-01T22:16:29.388+0000] {logging_mixin.py:188} INFO - [2026-01-01T22:16:29.388+0000] {dagbag.py:538} INFO - Filling up the DagBag from /opt/airflow/dags/match_predictions.py
[2026-01-01T22:16:29.429+0000] {processor.py:842} WARNING - No viable dags retrieved from /opt/airflow/dags/match_predictions.py
[2026-01-01T22:16:29.462+0000] {processor.py:183} INFO - Processing /opt/airflow/dags/match_predictions.py took 0.088 seconds
[2026-01-01T22:17:00.474+0000] {processor.py:161} INFO - Started process (PID=23576) to work on /opt/airflow/dags/match_predictions.py
[2026-01-01T22:17:00.477+0000] {processor.py:830} INFO - Processing file /opt/airflow/dags/match_predictions.py for tasks to queue
[2026-01-01T22:17:00.479+0000] {logging_mixin.py:188} INFO - [2026-01-01T22:17:00.478+0000] {dagbag.py:538} INFO - Filling up the DagBag from /opt/airflow/dags/match_predictions.py
[2026-01-01T22:17:00.519+0000] {processor.py:842} WARNING - No viable dags retrieved from /opt/airflow/dags/match_predictions.py
[2026-01-01T22:17:00.552+0000] {processor.py:183} INFO - Processing /opt/airflow/dags/match_predictions.py took 0.086 seconds
[2026-01-01T22:17:31.529+0000] {processor.py:161} INFO - Started process (PID=23596) to work on /opt/airflow/dags/match_predictions.py
[2026-01-01T22:17:31.531+0000] {processor.py:830} INFO - Processing file /opt/airflow/dags/match_predictions.py for tasks to queue
[2026-01-01T22:17:31.534+0000] {logging_mixin.py:188} INFO - [2026-01-01T22:17:31.533+0000] {dagbag.py:538} INFO - Filling up the DagBag from /opt/airflow/dags/match_predictions.py
[2026-01-01T22:17:31.569+0000] {processor.py:842} WARNING - No viable dags retrieved from /opt/airflow/dags/match_predictions.py
[2026-01-01T22:17:31.599+0000] {processor.py:183} INFO - Processing /opt/airflow/dags/match_predictions.py took 0.078 seconds
[2026-01-01T22:18:02.450+0000] {processor.py:161} INFO - Started process (PID=23616) to work on /opt/airflow/dags/match_predictions.py
[2026-01-01T22:18:02.453+0000] {processor.py:830} INFO - Processing file /opt/airflow/dags/match_predictions.py for tasks to queue
[2026-01-01T22:18:02.454+0000] {logging_mixin.py:188} INFO - [2026-01-01T22:18:02.454+0000] {dagbag.py:538} INFO - Filling up the DagBag from /opt/airflow/dags/match_predictions.py
[2026-01-01T22:18:02.487+0000] {processor.py:842} WARNING - No viable dags retrieved from /opt/airflow/dags/match_predictions.py
[2026-01-01T22:18:02.514+0000] {processor.py:183} INFO - Processing /opt/airflow/dags/match_predictions.py took 0.070 seconds
[2026-01-01T22:18:33.409+0000] {processor.py:161} INFO - Started process (PID=23636) to work on /opt/airflow/dags/match_predictions.py
[2026-01-01T22:18:33.412+0000] {processor.py:830} INFO - Processing file /opt/airflow/dags/match_predictions.py for tasks to queue
[2026-01-01T22:18:33.414+0000] {logging_mixin.py:188} INFO - [2026-01-01T22:18:33.413+0000] {dagbag.py:538} INFO - Filling up the DagBag from /opt/airflow/dags/match_predictions.py
[2026-01-01T22:18:33.443+0000] {processor.py:842} WARNING - No viable dags retrieved from /opt/airflow/dags/match_predictions.py
[2026-01-01T22:18:33.470+0000] {processor.py:183} INFO - Processing /opt/airflow/dags/match_predictions.py took 0.067 seconds
[2026-01-01T22:19:04.260+0000] {processor.py:161} INFO - Started process (PID=23656) to work on /opt/airflow/dags/match_predictions.py
[2026-01-01T22:19:04.262+0000] {processor.py:830} INFO - Processing file /opt/airflow/dags/match_predictions.py for tasks to queue
[2026-01-01T22:19:04.265+0000] {logging_mixin.py:188} INFO - [2026-01-01T22:19:04.265+0000] {dagbag.py:538} INFO - Filling up the DagBag from /opt/airflow/dags/match_predictions.py
[2026-01-01T22:19:04.295+0000] {processor.py:842} WARNING - No viable dags retrieved from /opt/airflow/dags/match_predictions.py
[2026-01-01T22:19:04.322+0000] {processor.py:183} INFO - Processing /opt/airflow/dags/match_predictions.py took 0.068 seconds
[2026-01-01T22:19:35.119+0000] {processor.py:161} INFO - Started process (PID=23676) to work on /opt/airflow/dags/match_predictions.py
[2026-01-01T22:19:35.122+0000] {processor.py:830} INFO - Processing file /opt/airflow/dags/match_predictions.py for tasks to queue
[2026-01-01T22:19:35.124+0000] {logging_mixin.py:188} INFO - [2026-01-01T22:19:35.123+0000] {dagbag.py:538} INFO - Filling up the DagBag from /opt/airflow/dags/match_predictions.py
[2026-01-01T22:19:35.154+0000] {processor.py:842} WARNING - No viable dags retrieved from /opt/airflow/dags/match_predictions.py
[2026-01-01T22:19:35.183+0000] {processor.py:183} INFO - Processing /opt/airflow/dags/match_predictions.py took 0.071 seconds
[2026-01-01T22:20:06.019+0000] {processor.py:161} INFO - Started process (PID=23696) to work on /opt/airflow/dags/match_predictions.py
[2026-01-01T22:20:06.021+0000] {processor.py:830} INFO - Processing file /opt/airflow/dags/match_predictions.py for tasks to queue
[2026-01-01T22:20:06.023+0000] {logging_mixin.py:188} INFO - [2026-01-01T22:20:06.022+0000] {dagbag.py:538} INFO - Filling up the DagBag from /opt/airflow/dags/match_predictions.py
[2026-01-01T22:20:06.053+0000] {processor.py:842} WARNING - No viable dags retrieved from /opt/airflow/dags/match_predictions.py
[2026-01-01T22:20:06.081+0000] {processor.py:183} INFO - Processing /opt/airflow/dags/match_predictions.py took 0.068 seconds
[2026-01-01T22:20:36.909+0000] {processor.py:161} INFO - Started process (PID=23716) to work on /opt/airflow/dags/match_predictions.py
[2026-01-01T22:20:36.912+0000] {processor.py:830} INFO - Processing file /opt/airflow/dags/match_predictions.py for tasks to queue
[2026-01-01T22:20:36.913+0000] {logging_mixin.py:188} INFO - [2026-01-01T22:20:36.913+0000] {dagbag.py:538} INFO - Filling up the DagBag from /opt/airflow/dags/match_predictions.py
[2026-01-01T22:20:36.945+0000] {processor.py:842} WARNING - No viable dags retrieved from /opt/airflow/dags/match_predictions.py
[2026-01-01T22:20:36.972+0000] {processor.py:183} INFO - Processing /opt/airflow/dags/match_predictions.py took 0.069 seconds
[2026-01-01T22:21:07.778+0000] {processor.py:161} INFO - Started process (PID=23736) to work on /opt/airflow/dags/match_predictions.py
[2026-01-01T22:21:07.780+0000] {processor.py:830} INFO - Processing file /opt/airflow/dags/match_predictions.py for tasks to queue
[2026-01-01T22:21:07.782+0000] {logging_mixin.py:188} INFO - [2026-01-01T22:21:07.782+0000] {dagbag.py:538} INFO - Filling up the DagBag from /opt/airflow/dags/match_predictions.py
[2026-01-01T22:21:07.813+0000] {processor.py:842} WARNING - No viable dags retrieved from /opt/airflow/dags/match_predictions.py
[2026-01-01T22:21:07.843+0000] {processor.py:183} INFO - Processing /opt/airflow/dags/match_predictions.py took 0.072 seconds
[2026-01-01T22:21:38.648+0000] {processor.py:161} INFO - Started process (PID=23756) to work on /opt/airflow/dags/match_predictions.py
[2026-01-01T22:21:38.650+0000] {processor.py:830} INFO - Processing file /opt/airflow/dags/match_predictions.py for tasks to queue
[2026-01-01T22:21:38.651+0000] {logging_mixin.py:188} INFO - [2026-01-01T22:21:38.651+0000] {dagbag.py:538} INFO - Filling up the DagBag from /opt/airflow/dags/match_predictions.py
[2026-01-01T22:21:38.679+0000] {processor.py:842} WARNING - No viable dags retrieved from /opt/airflow/dags/match_predictions.py
[2026-01-01T22:21:38.705+0000] {processor.py:183} INFO - Processing /opt/airflow/dags/match_predictions.py took 0.064 seconds
[2026-01-01T22:22:09.480+0000] {processor.py:161} INFO - Started process (PID=23776) to work on /opt/airflow/dags/match_predictions.py
[2026-01-01T22:22:09.483+0000] {processor.py:830} INFO - Processing file /opt/airflow/dags/match_predictions.py for tasks to queue
[2026-01-01T22:22:09.484+0000] {logging_mixin.py:188} INFO - [2026-01-01T22:22:09.484+0000] {dagbag.py:538} INFO - Filling up the DagBag from /opt/airflow/dags/match_predictions.py
[2026-01-01T22:22:09.515+0000] {processor.py:842} WARNING - No viable dags retrieved from /opt/airflow/dags/match_predictions.py
[2026-01-01T22:22:09.542+0000] {processor.py:183} INFO - Processing /opt/airflow/dags/match_predictions.py took 0.069 seconds
[2026-01-01T22:22:40.351+0000] {processor.py:161} INFO - Started process (PID=23796) to work on /opt/airflow/dags/match_predictions.py
[2026-01-01T22:22:40.353+0000] {processor.py:830} INFO - Processing file /opt/airflow/dags/match_predictions.py for tasks to queue
[2026-01-01T22:22:40.355+0000] {logging_mixin.py:188} INFO - [2026-01-01T22:22:40.355+0000] {dagbag.py:538} INFO - Filling up the DagBag from /opt/airflow/dags/match_predictions.py
[2026-01-01T22:22:40.385+0000] {processor.py:842} WARNING - No viable dags retrieved from /opt/airflow/dags/match_predictions.py
[2026-01-01T22:22:40.414+0000] {processor.py:183} INFO - Processing /opt/airflow/dags/match_predictions.py took 0.069 seconds
[2026-01-01T22:23:11.271+0000] {processor.py:161} INFO - Started process (PID=23816) to work on /opt/airflow/dags/match_predictions.py
[2026-01-01T22:23:11.273+0000] {processor.py:830} INFO - Processing file /opt/airflow/dags/match_predictions.py for tasks to queue
[2026-01-01T22:23:11.276+0000] {logging_mixin.py:188} INFO - [2026-01-01T22:23:11.274+0000] {dagbag.py:538} INFO - Filling up the DagBag from /opt/airflow/dags/match_predictions.py
[2026-01-01T22:23:11.308+0000] {processor.py:842} WARNING - No viable dags retrieved from /opt/airflow/dags/match_predictions.py
[2026-01-01T22:23:11.334+0000] {processor.py:183} INFO - Processing /opt/airflow/dags/match_predictions.py took 0.069 seconds
[2026-01-01T22:23:42.116+0000] {processor.py:161} INFO - Started process (PID=23836) to work on /opt/airflow/dags/match_predictions.py
[2026-01-01T22:23:42.118+0000] {processor.py:830} INFO - Processing file /opt/airflow/dags/match_predictions.py for tasks to queue
[2026-01-01T22:23:42.120+0000] {logging_mixin.py:188} INFO - [2026-01-01T22:23:42.119+0000] {dagbag.py:538} INFO - Filling up the DagBag from /opt/airflow/dags/match_predictions.py
[2026-01-01T22:23:42.151+0000] {processor.py:842} WARNING - No viable dags retrieved from /opt/airflow/dags/match_predictions.py
[2026-01-01T22:23:42.178+0000] {processor.py:183} INFO - Processing /opt/airflow/dags/match_predictions.py took 0.069 seconds
[2026-01-01T22:24:12.998+0000] {processor.py:161} INFO - Started process (PID=23856) to work on /opt/airflow/dags/match_predictions.py
[2026-01-01T22:24:13.002+0000] {processor.py:830} INFO - Processing file /opt/airflow/dags/match_predictions.py for tasks to queue
[2026-01-01T22:24:13.005+0000] {logging_mixin.py:188} INFO - [2026-01-01T22:24:13.004+0000] {dagbag.py:538} INFO - Filling up the DagBag from /opt/airflow/dags/match_predictions.py
[2026-01-01T22:24:13.039+0000] {processor.py:842} WARNING - No viable dags retrieved from /opt/airflow/dags/match_predictions.py
[2026-01-01T22:24:13.075+0000] {processor.py:183} INFO - Processing /opt/airflow/dags/match_predictions.py took 0.087 seconds
[2026-01-01T22:24:43.908+0000] {processor.py:161} INFO - Started process (PID=23876) to work on /opt/airflow/dags/match_predictions.py
[2026-01-01T22:24:43.910+0000] {processor.py:830} INFO - Processing file /opt/airflow/dags/match_predictions.py for tasks to queue
[2026-01-01T22:24:43.912+0000] {logging_mixin.py:188} INFO - [2026-01-01T22:24:43.911+0000] {dagbag.py:538} INFO - Filling up the DagBag from /opt/airflow/dags/match_predictions.py
[2026-01-01T22:24:43.944+0000] {processor.py:842} WARNING - No viable dags retrieved from /opt/airflow/dags/match_predictions.py
[2026-01-01T22:24:43.973+0000] {processor.py:183} INFO - Processing /opt/airflow/dags/match_predictions.py took 0.071 seconds
[2026-01-01T22:25:14.759+0000] {processor.py:161} INFO - Started process (PID=23896) to work on /opt/airflow/dags/match_predictions.py
[2026-01-01T22:25:14.762+0000] {processor.py:830} INFO - Processing file /opt/airflow/dags/match_predictions.py for tasks to queue
[2026-01-01T22:25:14.764+0000] {logging_mixin.py:188} INFO - [2026-01-01T22:25:14.764+0000] {dagbag.py:538} INFO - Filling up the DagBag from /opt/airflow/dags/match_predictions.py
[2026-01-01T22:25:14.796+0000] {processor.py:842} WARNING - No viable dags retrieved from /opt/airflow/dags/match_predictions.py
[2026-01-01T22:25:14.826+0000] {processor.py:183} INFO - Processing /opt/airflow/dags/match_predictions.py took 0.073 seconds
[2026-01-01T22:25:45.599+0000] {processor.py:161} INFO - Started process (PID=23916) to work on /opt/airflow/dags/match_predictions.py
[2026-01-01T22:25:45.601+0000] {processor.py:830} INFO - Processing file /opt/airflow/dags/match_predictions.py for tasks to queue
[2026-01-01T22:25:45.603+0000] {logging_mixin.py:188} INFO - [2026-01-01T22:25:45.602+0000] {dagbag.py:538} INFO - Filling up the DagBag from /opt/airflow/dags/match_predictions.py
[2026-01-01T22:25:45.632+0000] {processor.py:842} WARNING - No viable dags retrieved from /opt/airflow/dags/match_predictions.py
[2026-01-01T22:25:45.662+0000] {processor.py:183} INFO - Processing /opt/airflow/dags/match_predictions.py took 0.070 seconds
[2026-01-01T22:26:16.452+0000] {processor.py:161} INFO - Started process (PID=23936) to work on /opt/airflow/dags/match_predictions.py
[2026-01-01T22:26:16.454+0000] {processor.py:830} INFO - Processing file /opt/airflow/dags/match_predictions.py for tasks to queue
[2026-01-01T22:26:16.456+0000] {logging_mixin.py:188} INFO - [2026-01-01T22:26:16.455+0000] {dagbag.py:538} INFO - Filling up the DagBag from /opt/airflow/dags/match_predictions.py
[2026-01-01T22:26:16.488+0000] {processor.py:842} WARNING - No viable dags retrieved from /opt/airflow/dags/match_predictions.py
[2026-01-01T22:26:16.515+0000] {processor.py:183} INFO - Processing /opt/airflow/dags/match_predictions.py took 0.069 seconds
[2026-01-01T22:26:47.306+0000] {processor.py:161} INFO - Started process (PID=23956) to work on /opt/airflow/dags/match_predictions.py
[2026-01-01T22:26:47.309+0000] {processor.py:830} INFO - Processing file /opt/airflow/dags/match_predictions.py for tasks to queue
[2026-01-01T22:26:47.311+0000] {logging_mixin.py:188} INFO - [2026-01-01T22:26:47.310+0000] {dagbag.py:538} INFO - Filling up the DagBag from /opt/airflow/dags/match_predictions.py
[2026-01-01T22:26:47.345+0000] {processor.py:842} WARNING - No viable dags retrieved from /opt/airflow/dags/match_predictions.py
[2026-01-01T22:26:47.387+0000] {processor.py:183} INFO - Processing /opt/airflow/dags/match_predictions.py took 0.088 seconds
[2026-01-01T22:27:18.192+0000] {processor.py:161} INFO - Started process (PID=23976) to work on /opt/airflow/dags/match_predictions.py
[2026-01-01T22:27:18.195+0000] {processor.py:830} INFO - Processing file /opt/airflow/dags/match_predictions.py for tasks to queue
[2026-01-01T22:27:18.196+0000] {logging_mixin.py:188} INFO - [2026-01-01T22:27:18.196+0000] {dagbag.py:538} INFO - Filling up the DagBag from /opt/airflow/dags/match_predictions.py
[2026-01-01T22:27:18.226+0000] {processor.py:842} WARNING - No viable dags retrieved from /opt/airflow/dags/match_predictions.py
[2026-01-01T22:27:18.253+0000] {processor.py:183} INFO - Processing /opt/airflow/dags/match_predictions.py took 0.068 seconds
[2026-01-01T22:27:49.097+0000] {processor.py:161} INFO - Started process (PID=23996) to work on /opt/airflow/dags/match_predictions.py
[2026-01-01T22:27:49.099+0000] {processor.py:830} INFO - Processing file /opt/airflow/dags/match_predictions.py for tasks to queue
[2026-01-01T22:27:49.101+0000] {logging_mixin.py:188} INFO - [2026-01-01T22:27:49.100+0000] {dagbag.py:538} INFO - Filling up the DagBag from /opt/airflow/dags/match_predictions.py
[2026-01-01T22:27:49.130+0000] {processor.py:842} WARNING - No viable dags retrieved from /opt/airflow/dags/match_predictions.py
[2026-01-01T22:27:49.158+0000] {processor.py:183} INFO - Processing /opt/airflow/dags/match_predictions.py took 0.068 seconds
[2026-01-01T22:28:20.029+0000] {processor.py:161} INFO - Started process (PID=24016) to work on /opt/airflow/dags/match_predictions.py
[2026-01-01T22:28:20.031+0000] {processor.py:830} INFO - Processing file /opt/airflow/dags/match_predictions.py for tasks to queue
[2026-01-01T22:28:20.033+0000] {logging_mixin.py:188} INFO - [2026-01-01T22:28:20.033+0000] {dagbag.py:538} INFO - Filling up the DagBag from /opt/airflow/dags/match_predictions.py
[2026-01-01T22:28:20.063+0000] {processor.py:842} WARNING - No viable dags retrieved from /opt/airflow/dags/match_predictions.py
[2026-01-01T22:28:20.091+0000] {processor.py:183} INFO - Processing /opt/airflow/dags/match_predictions.py took 0.068 seconds
[2026-01-01T22:28:50.902+0000] {processor.py:161} INFO - Started process (PID=24036) to work on /opt/airflow/dags/match_predictions.py
[2026-01-01T22:28:50.904+0000] {processor.py:830} INFO - Processing file /opt/airflow/dags/match_predictions.py for tasks to queue
[2026-01-01T22:28:50.907+0000] {logging_mixin.py:188} INFO - [2026-01-01T22:28:50.906+0000] {dagbag.py:538} INFO - Filling up the DagBag from /opt/airflow/dags/match_predictions.py
[2026-01-01T22:28:50.938+0000] {processor.py:842} WARNING - No viable dags retrieved from /opt/airflow/dags/match_predictions.py
[2026-01-01T22:28:50.972+0000] {processor.py:183} INFO - Processing /opt/airflow/dags/match_predictions.py took 0.076 seconds
[2026-01-01T22:29:21.768+0000] {processor.py:161} INFO - Started process (PID=24056) to work on /opt/airflow/dags/match_predictions.py
[2026-01-01T22:29:21.770+0000] {processor.py:830} INFO - Processing file /opt/airflow/dags/match_predictions.py for tasks to queue
[2026-01-01T22:29:21.772+0000] {logging_mixin.py:188} INFO - [2026-01-01T22:29:21.771+0000] {dagbag.py:538} INFO - Filling up the DagBag from /opt/airflow/dags/match_predictions.py
[2026-01-01T22:29:21.799+0000] {processor.py:842} WARNING - No viable dags retrieved from /opt/airflow/dags/match_predictions.py
[2026-01-01T22:29:21.828+0000] {processor.py:183} INFO - Processing /opt/airflow/dags/match_predictions.py took 0.067 seconds
[2026-01-01T22:29:52.626+0000] {processor.py:161} INFO - Started process (PID=24076) to work on /opt/airflow/dags/match_predictions.py
[2026-01-01T22:29:52.628+0000] {processor.py:830} INFO - Processing file /opt/airflow/dags/match_predictions.py for tasks to queue
[2026-01-01T22:29:52.630+0000] {logging_mixin.py:188} INFO - [2026-01-01T22:29:52.630+0000] {dagbag.py:538} INFO - Filling up the DagBag from /opt/airflow/dags/match_predictions.py
[2026-01-01T22:29:52.669+0000] {processor.py:842} WARNING - No viable dags retrieved from /opt/airflow/dags/match_predictions.py
[2026-01-01T22:29:52.697+0000] {processor.py:183} INFO - Processing /opt/airflow/dags/match_predictions.py took 0.077 seconds
[2026-01-01T22:30:23.549+0000] {processor.py:161} INFO - Started process (PID=24096) to work on /opt/airflow/dags/match_predictions.py
[2026-01-01T22:30:23.552+0000] {processor.py:830} INFO - Processing file /opt/airflow/dags/match_predictions.py for tasks to queue
[2026-01-01T22:30:23.554+0000] {logging_mixin.py:188} INFO - [2026-01-01T22:30:23.553+0000] {dagbag.py:538} INFO - Filling up the DagBag from /opt/airflow/dags/match_predictions.py
[2026-01-01T22:30:23.584+0000] {processor.py:842} WARNING - No viable dags retrieved from /opt/airflow/dags/match_predictions.py
[2026-01-01T22:30:23.613+0000] {processor.py:183} INFO - Processing /opt/airflow/dags/match_predictions.py took 0.071 seconds
[2026-01-01T22:30:54.429+0000] {processor.py:161} INFO - Started process (PID=24116) to work on /opt/airflow/dags/match_predictions.py
[2026-01-01T22:30:54.431+0000] {processor.py:830} INFO - Processing file /opt/airflow/dags/match_predictions.py for tasks to queue
[2026-01-01T22:30:54.434+0000] {logging_mixin.py:188} INFO - [2026-01-01T22:30:54.433+0000] {dagbag.py:538} INFO - Filling up the DagBag from /opt/airflow/dags/match_predictions.py
[2026-01-01T22:30:54.464+0000] {processor.py:842} WARNING - No viable dags retrieved from /opt/airflow/dags/match_predictions.py
[2026-01-01T22:30:54.498+0000] {processor.py:183} INFO - Processing /opt/airflow/dags/match_predictions.py took 0.076 seconds
[2026-01-01T22:31:25.328+0000] {processor.py:161} INFO - Started process (PID=24136) to work on /opt/airflow/dags/match_predictions.py
[2026-01-01T22:31:25.331+0000] {processor.py:830} INFO - Processing file /opt/airflow/dags/match_predictions.py for tasks to queue
[2026-01-01T22:31:25.333+0000] {logging_mixin.py:188} INFO - [2026-01-01T22:31:25.332+0000] {dagbag.py:538} INFO - Filling up the DagBag from /opt/airflow/dags/match_predictions.py
[2026-01-01T22:31:25.370+0000] {processor.py:842} WARNING - No viable dags retrieved from /opt/airflow/dags/match_predictions.py
[2026-01-01T22:31:25.401+0000] {processor.py:183} INFO - Processing /opt/airflow/dags/match_predictions.py took 0.080 seconds
[2026-01-01T22:31:56.296+0000] {processor.py:161} INFO - Started process (PID=24156) to work on /opt/airflow/dags/match_predictions.py
[2026-01-01T22:31:56.299+0000] {processor.py:830} INFO - Processing file /opt/airflow/dags/match_predictions.py for tasks to queue
[2026-01-01T22:31:56.301+0000] {logging_mixin.py:188} INFO - [2026-01-01T22:31:56.300+0000] {dagbag.py:538} INFO - Filling up the DagBag from /opt/airflow/dags/match_predictions.py
[2026-01-01T22:31:56.335+0000] {processor.py:842} WARNING - No viable dags retrieved from /opt/airflow/dags/match_predictions.py
[2026-01-01T22:31:56.370+0000] {processor.py:183} INFO - Processing /opt/airflow/dags/match_predictions.py took 0.084 seconds
[2026-01-01T22:32:27.191+0000] {processor.py:161} INFO - Started process (PID=24176) to work on /opt/airflow/dags/match_predictions.py
[2026-01-01T22:32:27.196+0000] {processor.py:830} INFO - Processing file /opt/airflow/dags/match_predictions.py for tasks to queue
[2026-01-01T22:32:27.198+0000] {logging_mixin.py:188} INFO - [2026-01-01T22:32:27.198+0000] {dagbag.py:538} INFO - Filling up the DagBag from /opt/airflow/dags/match_predictions.py
[2026-01-01T22:32:27.231+0000] {processor.py:842} WARNING - No viable dags retrieved from /opt/airflow/dags/match_predictions.py
[2026-01-01T22:32:27.261+0000] {processor.py:183} INFO - Processing /opt/airflow/dags/match_predictions.py took 0.077 seconds
[2026-01-01T22:32:58.099+0000] {processor.py:161} INFO - Started process (PID=24196) to work on /opt/airflow/dags/match_predictions.py
[2026-01-01T22:32:58.101+0000] {processor.py:830} INFO - Processing file /opt/airflow/dags/match_predictions.py for tasks to queue
[2026-01-01T22:32:58.103+0000] {logging_mixin.py:188} INFO - [2026-01-01T22:32:58.103+0000] {dagbag.py:538} INFO - Filling up the DagBag from /opt/airflow/dags/match_predictions.py
[2026-01-01T22:32:58.136+0000] {processor.py:842} WARNING - No viable dags retrieved from /opt/airflow/dags/match_predictions.py
[2026-01-01T22:32:58.165+0000] {processor.py:183} INFO - Processing /opt/airflow/dags/match_predictions.py took 0.076 seconds
[2026-01-01T22:33:28.918+0000] {processor.py:161} INFO - Started process (PID=24216) to work on /opt/airflow/dags/match_predictions.py
[2026-01-01T22:33:28.920+0000] {processor.py:830} INFO - Processing file /opt/airflow/dags/match_predictions.py for tasks to queue
[2026-01-01T22:33:28.922+0000] {logging_mixin.py:188} INFO - [2026-01-01T22:33:28.922+0000] {dagbag.py:538} INFO - Filling up the DagBag from /opt/airflow/dags/match_predictions.py
[2026-01-01T22:33:28.949+0000] {processor.py:842} WARNING - No viable dags retrieved from /opt/airflow/dags/match_predictions.py
[2026-01-01T22:33:28.981+0000] {processor.py:183} INFO - Processing /opt/airflow/dags/match_predictions.py took 0.070 seconds
[2026-01-01T22:33:59.784+0000] {processor.py:161} INFO - Started process (PID=24236) to work on /opt/airflow/dags/match_predictions.py
[2026-01-01T22:33:59.787+0000] {processor.py:830} INFO - Processing file /opt/airflow/dags/match_predictions.py for tasks to queue
[2026-01-01T22:33:59.789+0000] {logging_mixin.py:188} INFO - [2026-01-01T22:33:59.788+0000] {dagbag.py:538} INFO - Filling up the DagBag from /opt/airflow/dags/match_predictions.py
[2026-01-01T22:33:59.820+0000] {processor.py:842} WARNING - No viable dags retrieved from /opt/airflow/dags/match_predictions.py
[2026-01-01T22:33:59.852+0000] {processor.py:183} INFO - Processing /opt/airflow/dags/match_predictions.py took 0.074 seconds
[2026-01-01T22:34:30.655+0000] {processor.py:161} INFO - Started process (PID=24256) to work on /opt/airflow/dags/match_predictions.py
[2026-01-01T22:34:30.657+0000] {processor.py:830} INFO - Processing file /opt/airflow/dags/match_predictions.py for tasks to queue
[2026-01-01T22:34:30.659+0000] {logging_mixin.py:188} INFO - [2026-01-01T22:34:30.658+0000] {dagbag.py:538} INFO - Filling up the DagBag from /opt/airflow/dags/match_predictions.py
[2026-01-01T22:34:30.689+0000] {processor.py:842} WARNING - No viable dags retrieved from /opt/airflow/dags/match_predictions.py
[2026-01-01T22:34:30.720+0000] {processor.py:183} INFO - Processing /opt/airflow/dags/match_predictions.py took 0.072 seconds
[2026-01-01T22:35:01.544+0000] {processor.py:161} INFO - Started process (PID=24276) to work on /opt/airflow/dags/match_predictions.py
[2026-01-01T22:35:01.546+0000] {processor.py:830} INFO - Processing file /opt/airflow/dags/match_predictions.py for tasks to queue
[2026-01-01T22:35:01.548+0000] {logging_mixin.py:188} INFO - [2026-01-01T22:35:01.548+0000] {dagbag.py:538} INFO - Filling up the DagBag from /opt/airflow/dags/match_predictions.py
[2026-01-01T22:35:01.580+0000] {processor.py:842} WARNING - No viable dags retrieved from /opt/airflow/dags/match_predictions.py
[2026-01-01T22:35:01.612+0000] {processor.py:183} INFO - Processing /opt/airflow/dags/match_predictions.py took 0.074 seconds
[2026-01-01T22:35:32.416+0000] {processor.py:161} INFO - Started process (PID=24296) to work on /opt/airflow/dags/match_predictions.py
[2026-01-01T22:35:32.418+0000] {processor.py:830} INFO - Processing file /opt/airflow/dags/match_predictions.py for tasks to queue
[2026-01-01T22:35:32.420+0000] {logging_mixin.py:188} INFO - [2026-01-01T22:35:32.419+0000] {dagbag.py:538} INFO - Filling up the DagBag from /opt/airflow/dags/match_predictions.py
[2026-01-01T22:35:32.453+0000] {processor.py:842} WARNING - No viable dags retrieved from /opt/airflow/dags/match_predictions.py
[2026-01-01T22:35:32.482+0000] {processor.py:183} INFO - Processing /opt/airflow/dags/match_predictions.py took 0.074 seconds
[2026-01-01T22:36:03.272+0000] {processor.py:161} INFO - Started process (PID=24316) to work on /opt/airflow/dags/match_predictions.py
[2026-01-01T22:36:03.274+0000] {processor.py:830} INFO - Processing file /opt/airflow/dags/match_predictions.py for tasks to queue
[2026-01-01T22:36:03.276+0000] {logging_mixin.py:188} INFO - [2026-01-01T22:36:03.276+0000] {dagbag.py:538} INFO - Filling up the DagBag from /opt/airflow/dags/match_predictions.py
[2026-01-01T22:36:03.307+0000] {processor.py:842} WARNING - No viable dags retrieved from /opt/airflow/dags/match_predictions.py
[2026-01-01T22:36:03.337+0000] {processor.py:183} INFO - Processing /opt/airflow/dags/match_predictions.py took 0.071 seconds
[2026-01-01T22:36:34.140+0000] {processor.py:161} INFO - Started process (PID=24336) to work on /opt/airflow/dags/match_predictions.py
[2026-01-01T22:36:34.142+0000] {processor.py:830} INFO - Processing file /opt/airflow/dags/match_predictions.py for tasks to queue
[2026-01-01T22:36:34.144+0000] {logging_mixin.py:188} INFO - [2026-01-01T22:36:34.144+0000] {dagbag.py:538} INFO - Filling up the DagBag from /opt/airflow/dags/match_predictions.py
[2026-01-01T22:36:34.173+0000] {processor.py:842} WARNING - No viable dags retrieved from /opt/airflow/dags/match_predictions.py
[2026-01-01T22:36:34.201+0000] {processor.py:183} INFO - Processing /opt/airflow/dags/match_predictions.py took 0.067 seconds
[2026-01-01T22:37:05.020+0000] {processor.py:161} INFO - Started process (PID=24356) to work on /opt/airflow/dags/match_predictions.py
[2026-01-01T22:37:05.022+0000] {processor.py:830} INFO - Processing file /opt/airflow/dags/match_predictions.py for tasks to queue
[2026-01-01T22:37:05.024+0000] {logging_mixin.py:188} INFO - [2026-01-01T22:37:05.023+0000] {dagbag.py:538} INFO - Filling up the DagBag from /opt/airflow/dags/match_predictions.py
[2026-01-01T22:37:05.052+0000] {processor.py:842} WARNING - No viable dags retrieved from /opt/airflow/dags/match_predictions.py
[2026-01-01T22:37:05.079+0000] {processor.py:183} INFO - Processing /opt/airflow/dags/match_predictions.py took 0.065 seconds
[2026-01-01T22:37:35.999+0000] {processor.py:161} INFO - Started process (PID=24376) to work on /opt/airflow/dags/match_predictions.py
[2026-01-01T22:37:36.002+0000] {processor.py:830} INFO - Processing file /opt/airflow/dags/match_predictions.py for tasks to queue
[2026-01-01T22:37:36.004+0000] {logging_mixin.py:188} INFO - [2026-01-01T22:37:36.004+0000] {dagbag.py:538} INFO - Filling up the DagBag from /opt/airflow/dags/match_predictions.py
[2026-01-01T22:37:36.037+0000] {processor.py:842} WARNING - No viable dags retrieved from /opt/airflow/dags/match_predictions.py
[2026-01-01T22:37:36.071+0000] {processor.py:183} INFO - Processing /opt/airflow/dags/match_predictions.py took 0.078 seconds
[2026-01-01T22:38:06.990+0000] {processor.py:161} INFO - Started process (PID=24396) to work on /opt/airflow/dags/match_predictions.py
[2026-01-01T22:38:06.994+0000] {processor.py:830} INFO - Processing file /opt/airflow/dags/match_predictions.py for tasks to queue
[2026-01-01T22:38:06.996+0000] {logging_mixin.py:188} INFO - [2026-01-01T22:38:06.995+0000] {dagbag.py:538} INFO - Filling up the DagBag from /opt/airflow/dags/match_predictions.py
[2026-01-01T22:38:07.031+0000] {processor.py:842} WARNING - No viable dags retrieved from /opt/airflow/dags/match_predictions.py
[2026-01-01T22:38:07.061+0000] {processor.py:183} INFO - Processing /opt/airflow/dags/match_predictions.py took 0.077 seconds
[2026-01-01T22:38:38.037+0000] {processor.py:161} INFO - Started process (PID=24416) to work on /opt/airflow/dags/match_predictions.py
[2026-01-01T22:38:38.040+0000] {processor.py:830} INFO - Processing file /opt/airflow/dags/match_predictions.py for tasks to queue
[2026-01-01T22:38:38.042+0000] {logging_mixin.py:188} INFO - [2026-01-01T22:38:38.042+0000] {dagbag.py:538} INFO - Filling up the DagBag from /opt/airflow/dags/match_predictions.py
[2026-01-01T22:38:38.074+0000] {processor.py:842} WARNING - No viable dags retrieved from /opt/airflow/dags/match_predictions.py
[2026-01-01T22:38:38.105+0000] {processor.py:183} INFO - Processing /opt/airflow/dags/match_predictions.py took 0.076 seconds
[2026-01-01T22:39:09.010+0000] {processor.py:161} INFO - Started process (PID=24436) to work on /opt/airflow/dags/match_predictions.py
[2026-01-01T22:39:09.013+0000] {processor.py:830} INFO - Processing file /opt/airflow/dags/match_predictions.py for tasks to queue
[2026-01-01T22:39:09.015+0000] {logging_mixin.py:188} INFO - [2026-01-01T22:39:09.014+0000] {dagbag.py:538} INFO - Filling up the DagBag from /opt/airflow/dags/match_predictions.py
[2026-01-01T22:39:09.053+0000] {processor.py:842} WARNING - No viable dags retrieved from /opt/airflow/dags/match_predictions.py
[2026-01-01T22:39:09.085+0000] {processor.py:183} INFO - Processing /opt/airflow/dags/match_predictions.py took 0.082 seconds
[2026-01-01T22:39:40.072+0000] {processor.py:161} INFO - Started process (PID=24456) to work on /opt/airflow/dags/match_predictions.py
[2026-01-01T22:39:40.075+0000] {processor.py:830} INFO - Processing file /opt/airflow/dags/match_predictions.py for tasks to queue
[2026-01-01T22:39:40.077+0000] {logging_mixin.py:188} INFO - [2026-01-01T22:39:40.076+0000] {dagbag.py:538} INFO - Filling up the DagBag from /opt/airflow/dags/match_predictions.py
[2026-01-01T22:39:40.112+0000] {processor.py:842} WARNING - No viable dags retrieved from /opt/airflow/dags/match_predictions.py
[2026-01-01T22:39:40.145+0000] {processor.py:183} INFO - Processing /opt/airflow/dags/match_predictions.py took 0.079 seconds
[2026-01-01T22:40:10.980+0000] {processor.py:161} INFO - Started process (PID=24476) to work on /opt/airflow/dags/match_predictions.py
[2026-01-01T22:40:10.982+0000] {processor.py:830} INFO - Processing file /opt/airflow/dags/match_predictions.py for tasks to queue
[2026-01-01T22:40:10.984+0000] {logging_mixin.py:188} INFO - [2026-01-01T22:40:10.984+0000] {dagbag.py:538} INFO - Filling up the DagBag from /opt/airflow/dags/match_predictions.py
[2026-01-01T22:40:11.021+0000] {processor.py:842} WARNING - No viable dags retrieved from /opt/airflow/dags/match_predictions.py
[2026-01-01T22:40:11.055+0000] {processor.py:183} INFO - Processing /opt/airflow/dags/match_predictions.py took 0.082 seconds
[2026-01-01T22:40:42.031+0000] {processor.py:161} INFO - Started process (PID=24496) to work on /opt/airflow/dags/match_predictions.py
[2026-01-01T22:40:42.034+0000] {processor.py:830} INFO - Processing file /opt/airflow/dags/match_predictions.py for tasks to queue
[2026-01-01T22:40:42.036+0000] {logging_mixin.py:188} INFO - [2026-01-01T22:40:42.035+0000] {dagbag.py:538} INFO - Filling up the DagBag from /opt/airflow/dags/match_predictions.py
[2026-01-01T22:40:42.067+0000] {processor.py:842} WARNING - No viable dags retrieved from /opt/airflow/dags/match_predictions.py
[2026-01-01T22:40:42.096+0000] {processor.py:183} INFO - Processing /opt/airflow/dags/match_predictions.py took 0.074 seconds
[2026-01-01T22:41:13.010+0000] {processor.py:161} INFO - Started process (PID=24516) to work on /opt/airflow/dags/match_predictions.py
[2026-01-01T22:41:13.014+0000] {processor.py:830} INFO - Processing file /opt/airflow/dags/match_predictions.py for tasks to queue
[2026-01-01T22:41:13.016+0000] {logging_mixin.py:188} INFO - [2026-01-01T22:41:13.015+0000] {dagbag.py:538} INFO - Filling up the DagBag from /opt/airflow/dags/match_predictions.py
[2026-01-01T22:41:13.049+0000] {processor.py:842} WARNING - No viable dags retrieved from /opt/airflow/dags/match_predictions.py
[2026-01-01T22:41:13.079+0000] {processor.py:183} INFO - Processing /opt/airflow/dags/match_predictions.py took 0.075 seconds
[2026-01-01T22:41:43.937+0000] {processor.py:161} INFO - Started process (PID=24536) to work on /opt/airflow/dags/match_predictions.py
[2026-01-01T22:41:43.939+0000] {processor.py:830} INFO - Processing file /opt/airflow/dags/match_predictions.py for tasks to queue
[2026-01-01T22:41:43.941+0000] {logging_mixin.py:188} INFO - [2026-01-01T22:41:43.940+0000] {dagbag.py:538} INFO - Filling up the DagBag from /opt/airflow/dags/match_predictions.py
[2026-01-01T22:41:43.975+0000] {processor.py:842} WARNING - No viable dags retrieved from /opt/airflow/dags/match_predictions.py
[2026-01-01T22:41:44.005+0000] {processor.py:183} INFO - Processing /opt/airflow/dags/match_predictions.py took 0.076 seconds
[2026-01-01T22:42:14.835+0000] {processor.py:161} INFO - Started process (PID=24556) to work on /opt/airflow/dags/match_predictions.py
[2026-01-01T22:42:14.838+0000] {processor.py:830} INFO - Processing file /opt/airflow/dags/match_predictions.py for tasks to queue
[2026-01-01T22:42:14.839+0000] {logging_mixin.py:188} INFO - [2026-01-01T22:42:14.839+0000] {dagbag.py:538} INFO - Filling up the DagBag from /opt/airflow/dags/match_predictions.py
[2026-01-01T22:42:14.871+0000] {processor.py:842} WARNING - No viable dags retrieved from /opt/airflow/dags/match_predictions.py
[2026-01-01T22:42:14.899+0000] {processor.py:183} INFO - Processing /opt/airflow/dags/match_predictions.py took 0.071 seconds
[2026-01-01T22:42:45.691+0000] {processor.py:161} INFO - Started process (PID=24576) to work on /opt/airflow/dags/match_predictions.py
[2026-01-01T22:42:45.693+0000] {processor.py:830} INFO - Processing file /opt/airflow/dags/match_predictions.py for tasks to queue
[2026-01-01T22:42:45.695+0000] {logging_mixin.py:188} INFO - [2026-01-01T22:42:45.695+0000] {dagbag.py:538} INFO - Filling up the DagBag from /opt/airflow/dags/match_predictions.py
[2026-01-01T22:42:45.727+0000] {processor.py:842} WARNING - No viable dags retrieved from /opt/airflow/dags/match_predictions.py
[2026-01-01T22:42:45.756+0000] {processor.py:183} INFO - Processing /opt/airflow/dags/match_predictions.py took 0.071 seconds
[2026-01-01T22:43:16.605+0000] {processor.py:161} INFO - Started process (PID=24596) to work on /opt/airflow/dags/match_predictions.py
[2026-01-01T22:43:16.607+0000] {processor.py:830} INFO - Processing file /opt/airflow/dags/match_predictions.py for tasks to queue
[2026-01-01T22:43:16.609+0000] {logging_mixin.py:188} INFO - [2026-01-01T22:43:16.608+0000] {dagbag.py:538} INFO - Filling up the DagBag from /opt/airflow/dags/match_predictions.py
[2026-01-01T22:43:16.636+0000] {processor.py:842} WARNING - No viable dags retrieved from /opt/airflow/dags/match_predictions.py
[2026-01-01T22:43:16.663+0000] {processor.py:183} INFO - Processing /opt/airflow/dags/match_predictions.py took 0.064 seconds
[2026-01-01T22:43:47.455+0000] {processor.py:161} INFO - Started process (PID=24616) to work on /opt/airflow/dags/match_predictions.py
[2026-01-01T22:43:47.457+0000] {processor.py:830} INFO - Processing file /opt/airflow/dags/match_predictions.py for tasks to queue
[2026-01-01T22:43:47.458+0000] {logging_mixin.py:188} INFO - [2026-01-01T22:43:47.458+0000] {dagbag.py:538} INFO - Filling up the DagBag from /opt/airflow/dags/match_predictions.py
[2026-01-01T22:43:47.486+0000] {processor.py:842} WARNING - No viable dags retrieved from /opt/airflow/dags/match_predictions.py
[2026-01-01T22:43:47.515+0000] {processor.py:183} INFO - Processing /opt/airflow/dags/match_predictions.py took 0.066 seconds
[2026-01-01T22:44:18.316+0000] {processor.py:161} INFO - Started process (PID=24636) to work on /opt/airflow/dags/match_predictions.py
[2026-01-01T22:44:18.319+0000] {processor.py:830} INFO - Processing file /opt/airflow/dags/match_predictions.py for tasks to queue
[2026-01-01T22:44:18.321+0000] {logging_mixin.py:188} INFO - [2026-01-01T22:44:18.320+0000] {dagbag.py:538} INFO - Filling up the DagBag from /opt/airflow/dags/match_predictions.py
[2026-01-01T22:44:18.348+0000] {processor.py:842} WARNING - No viable dags retrieved from /opt/airflow/dags/match_predictions.py
[2026-01-01T22:44:18.374+0000] {processor.py:183} INFO - Processing /opt/airflow/dags/match_predictions.py took 0.064 seconds
[2026-01-01T22:44:49.185+0000] {processor.py:161} INFO - Started process (PID=24656) to work on /opt/airflow/dags/match_predictions.py
[2026-01-01T22:44:49.188+0000] {processor.py:830} INFO - Processing file /opt/airflow/dags/match_predictions.py for tasks to queue
[2026-01-01T22:44:49.190+0000] {logging_mixin.py:188} INFO - [2026-01-01T22:44:49.189+0000] {dagbag.py:538} INFO - Filling up the DagBag from /opt/airflow/dags/match_predictions.py
[2026-01-01T22:44:49.220+0000] {processor.py:842} WARNING - No viable dags retrieved from /opt/airflow/dags/match_predictions.py
[2026-01-01T22:44:49.248+0000] {processor.py:183} INFO - Processing /opt/airflow/dags/match_predictions.py took 0.069 seconds
[2026-01-01T22:45:20.025+0000] {processor.py:161} INFO - Started process (PID=24676) to work on /opt/airflow/dags/match_predictions.py
[2026-01-01T22:45:20.027+0000] {processor.py:830} INFO - Processing file /opt/airflow/dags/match_predictions.py for tasks to queue
[2026-01-01T22:45:20.029+0000] {logging_mixin.py:188} INFO - [2026-01-01T22:45:20.028+0000] {dagbag.py:538} INFO - Filling up the DagBag from /opt/airflow/dags/match_predictions.py
[2026-01-01T22:45:20.059+0000] {processor.py:842} WARNING - No viable dags retrieved from /opt/airflow/dags/match_predictions.py
[2026-01-01T22:45:20.086+0000] {processor.py:183} INFO - Processing /opt/airflow/dags/match_predictions.py took 0.066 seconds
[2026-01-01T22:45:50.852+0000] {processor.py:161} INFO - Started process (PID=24696) to work on /opt/airflow/dags/match_predictions.py
[2026-01-01T22:45:50.854+0000] {processor.py:830} INFO - Processing file /opt/airflow/dags/match_predictions.py for tasks to queue
[2026-01-01T22:45:50.856+0000] {logging_mixin.py:188} INFO - [2026-01-01T22:45:50.855+0000] {dagbag.py:538} INFO - Filling up the DagBag from /opt/airflow/dags/match_predictions.py
[2026-01-01T22:45:50.888+0000] {processor.py:842} WARNING - No viable dags retrieved from /opt/airflow/dags/match_predictions.py
[2026-01-01T22:45:50.923+0000] {processor.py:183} INFO - Processing /opt/airflow/dags/match_predictions.py took 0.076 seconds
[2026-01-01T22:46:21.719+0000] {processor.py:161} INFO - Started process (PID=24716) to work on /opt/airflow/dags/match_predictions.py
[2026-01-01T22:46:21.721+0000] {processor.py:830} INFO - Processing file /opt/airflow/dags/match_predictions.py for tasks to queue
[2026-01-01T22:46:21.724+0000] {logging_mixin.py:188} INFO - [2026-01-01T22:46:21.723+0000] {dagbag.py:538} INFO - Filling up the DagBag from /opt/airflow/dags/match_predictions.py
[2026-01-01T22:46:21.751+0000] {processor.py:842} WARNING - No viable dags retrieved from /opt/airflow/dags/match_predictions.py
[2026-01-01T22:46:21.778+0000] {processor.py:183} INFO - Processing /opt/airflow/dags/match_predictions.py took 0.065 seconds
[2026-01-01T22:46:52.575+0000] {processor.py:161} INFO - Started process (PID=24736) to work on /opt/airflow/dags/match_predictions.py
[2026-01-01T22:46:52.577+0000] {processor.py:830} INFO - Processing file /opt/airflow/dags/match_predictions.py for tasks to queue
[2026-01-01T22:46:52.580+0000] {logging_mixin.py:188} INFO - [2026-01-01T22:46:52.579+0000] {dagbag.py:538} INFO - Filling up the DagBag from /opt/airflow/dags/match_predictions.py
[2026-01-01T22:46:52.609+0000] {processor.py:842} WARNING - No viable dags retrieved from /opt/airflow/dags/match_predictions.py
[2026-01-01T22:46:52.640+0000] {processor.py:183} INFO - Processing /opt/airflow/dags/match_predictions.py took 0.076 seconds
[2026-01-01T22:47:23.432+0000] {processor.py:161} INFO - Started process (PID=24755) to work on /opt/airflow/dags/match_predictions.py
[2026-01-01T22:47:23.434+0000] {processor.py:830} INFO - Processing file /opt/airflow/dags/match_predictions.py for tasks to queue
[2026-01-01T22:47:23.436+0000] {logging_mixin.py:188} INFO - [2026-01-01T22:47:23.435+0000] {dagbag.py:538} INFO - Filling up the DagBag from /opt/airflow/dags/match_predictions.py
[2026-01-01T22:47:23.463+0000] {processor.py:842} WARNING - No viable dags retrieved from /opt/airflow/dags/match_predictions.py
[2026-01-01T22:47:23.489+0000] {processor.py:183} INFO - Processing /opt/airflow/dags/match_predictions.py took 0.063 seconds
[2026-01-01T22:47:54.284+0000] {processor.py:161} INFO - Started process (PID=24776) to work on /opt/airflow/dags/match_predictions.py
[2026-01-01T22:47:54.286+0000] {processor.py:830} INFO - Processing file /opt/airflow/dags/match_predictions.py for tasks to queue
[2026-01-01T22:47:54.288+0000] {logging_mixin.py:188} INFO - [2026-01-01T22:47:54.287+0000] {dagbag.py:538} INFO - Filling up the DagBag from /opt/airflow/dags/match_predictions.py
[2026-01-01T22:47:54.321+0000] {processor.py:842} WARNING - No viable dags retrieved from /opt/airflow/dags/match_predictions.py
[2026-01-01T22:47:54.350+0000] {processor.py:183} INFO - Processing /opt/airflow/dags/match_predictions.py took 0.073 seconds
[2026-01-01T22:48:24.566+0000] {processor.py:161} INFO - Started process (PID=24794) to work on /opt/airflow/dags/match_predictions.py
[2026-01-01T22:48:24.568+0000] {processor.py:830} INFO - Processing file /opt/airflow/dags/match_predictions.py for tasks to queue
[2026-01-01T22:48:24.570+0000] {logging_mixin.py:188} INFO - [2026-01-01T22:48:24.569+0000] {dagbag.py:538} INFO - Filling up the DagBag from /opt/airflow/dags/match_predictions.py
[2026-01-01T22:48:24.599+0000] {processor.py:842} WARNING - No viable dags retrieved from /opt/airflow/dags/match_predictions.py
[2026-01-01T22:48:24.633+0000] {processor.py:183} INFO - Processing /opt/airflow/dags/match_predictions.py took 0.074 seconds
[2026-01-01T22:48:55.482+0000] {processor.py:161} INFO - Started process (PID=24814) to work on /opt/airflow/dags/match_predictions.py
[2026-01-01T22:48:55.484+0000] {processor.py:830} INFO - Processing file /opt/airflow/dags/match_predictions.py for tasks to queue
[2026-01-01T22:48:55.486+0000] {logging_mixin.py:188} INFO - [2026-01-01T22:48:55.485+0000] {dagbag.py:538} INFO - Filling up the DagBag from /opt/airflow/dags/match_predictions.py
[2026-01-01T22:48:55.514+0000] {processor.py:842} WARNING - No viable dags retrieved from /opt/airflow/dags/match_predictions.py
[2026-01-01T22:48:55.542+0000] {processor.py:183} INFO - Processing /opt/airflow/dags/match_predictions.py took 0.067 seconds
[2026-01-01T22:49:26.413+0000] {processor.py:161} INFO - Started process (PID=24834) to work on /opt/airflow/dags/match_predictions.py
[2026-01-01T22:49:26.415+0000] {processor.py:830} INFO - Processing file /opt/airflow/dags/match_predictions.py for tasks to queue
[2026-01-01T22:49:26.417+0000] {logging_mixin.py:188} INFO - [2026-01-01T22:49:26.417+0000] {dagbag.py:538} INFO - Filling up the DagBag from /opt/airflow/dags/match_predictions.py
[2026-01-01T22:49:26.446+0000] {processor.py:842} WARNING - No viable dags retrieved from /opt/airflow/dags/match_predictions.py
[2026-01-01T22:49:26.472+0000] {processor.py:183} INFO - Processing /opt/airflow/dags/match_predictions.py took 0.066 seconds
[2026-01-01T22:49:57.339+0000] {processor.py:161} INFO - Started process (PID=24854) to work on /opt/airflow/dags/match_predictions.py
[2026-01-01T22:49:57.341+0000] {processor.py:830} INFO - Processing file /opt/airflow/dags/match_predictions.py for tasks to queue
[2026-01-01T22:49:57.343+0000] {logging_mixin.py:188} INFO - [2026-01-01T22:49:57.342+0000] {dagbag.py:538} INFO - Filling up the DagBag from /opt/airflow/dags/match_predictions.py
[2026-01-01T22:49:57.374+0000] {processor.py:842} WARNING - No viable dags retrieved from /opt/airflow/dags/match_predictions.py
[2026-01-01T22:49:57.403+0000] {processor.py:183} INFO - Processing /opt/airflow/dags/match_predictions.py took 0.071 seconds
[2026-01-01T22:50:28.237+0000] {processor.py:161} INFO - Started process (PID=24874) to work on /opt/airflow/dags/match_predictions.py
[2026-01-01T22:50:28.239+0000] {processor.py:830} INFO - Processing file /opt/airflow/dags/match_predictions.py for tasks to queue
[2026-01-01T22:50:28.241+0000] {logging_mixin.py:188} INFO - [2026-01-01T22:50:28.240+0000] {dagbag.py:538} INFO - Filling up the DagBag from /opt/airflow/dags/match_predictions.py
[2026-01-01T22:50:28.268+0000] {processor.py:842} WARNING - No viable dags retrieved from /opt/airflow/dags/match_predictions.py
[2026-01-01T22:50:28.299+0000] {processor.py:183} INFO - Processing /opt/airflow/dags/match_predictions.py took 0.069 seconds
[2026-01-01T22:50:59.268+0000] {processor.py:161} INFO - Started process (PID=24894) to work on /opt/airflow/dags/match_predictions.py
[2026-01-01T22:50:59.270+0000] {processor.py:830} INFO - Processing file /opt/airflow/dags/match_predictions.py for tasks to queue
[2026-01-01T22:50:59.272+0000] {logging_mixin.py:188} INFO - [2026-01-01T22:50:59.272+0000] {dagbag.py:538} INFO - Filling up the DagBag from /opt/airflow/dags/match_predictions.py
[2026-01-01T22:50:59.302+0000] {processor.py:842} WARNING - No viable dags retrieved from /opt/airflow/dags/match_predictions.py
[2026-01-01T22:50:59.330+0000] {processor.py:183} INFO - Processing /opt/airflow/dags/match_predictions.py took 0.068 seconds
[2026-01-01T22:51:30.388+0000] {processor.py:161} INFO - Started process (PID=24916) to work on /opt/airflow/dags/match_predictions.py
[2026-01-01T22:51:30.390+0000] {processor.py:830} INFO - Processing file /opt/airflow/dags/match_predictions.py for tasks to queue
[2026-01-01T22:51:30.392+0000] {logging_mixin.py:188} INFO - [2026-01-01T22:51:30.391+0000] {dagbag.py:538} INFO - Filling up the DagBag from /opt/airflow/dags/match_predictions.py
[2026-01-01T22:51:30.420+0000] {processor.py:842} WARNING - No viable dags retrieved from /opt/airflow/dags/match_predictions.py
[2026-01-01T22:51:30.448+0000] {processor.py:183} INFO - Processing /opt/airflow/dags/match_predictions.py took 0.065 seconds
[2026-01-01T22:52:01.148+0000] {processor.py:161} INFO - Started process (PID=24934) to work on /opt/airflow/dags/match_predictions.py
[2026-01-01T22:52:01.150+0000] {processor.py:830} INFO - Processing file /opt/airflow/dags/match_predictions.py for tasks to queue
[2026-01-01T22:52:01.152+0000] {logging_mixin.py:188} INFO - [2026-01-01T22:52:01.152+0000] {dagbag.py:538} INFO - Filling up the DagBag from /opt/airflow/dags/match_predictions.py
[2026-01-01T22:52:01.179+0000] {processor.py:842} WARNING - No viable dags retrieved from /opt/airflow/dags/match_predictions.py
[2026-01-01T22:52:01.206+0000] {processor.py:183} INFO - Processing /opt/airflow/dags/match_predictions.py took 0.065 seconds
[2026-01-01T22:52:32.038+0000] {processor.py:161} INFO - Started process (PID=24954) to work on /opt/airflow/dags/match_predictions.py
[2026-01-01T22:52:32.040+0000] {processor.py:830} INFO - Processing file /opt/airflow/dags/match_predictions.py for tasks to queue
[2026-01-01T22:52:32.042+0000] {logging_mixin.py:188} INFO - [2026-01-01T22:52:32.041+0000] {dagbag.py:538} INFO - Filling up the DagBag from /opt/airflow/dags/match_predictions.py
[2026-01-01T22:52:32.070+0000] {processor.py:842} WARNING - No viable dags retrieved from /opt/airflow/dags/match_predictions.py
[2026-01-01T22:52:32.097+0000] {processor.py:183} INFO - Processing /opt/airflow/dags/match_predictions.py took 0.066 seconds
[2026-01-01T22:53:03.188+0000] {processor.py:161} INFO - Started process (PID=24976) to work on /opt/airflow/dags/match_predictions.py
[2026-01-01T22:53:03.190+0000] {processor.py:830} INFO - Processing file /opt/airflow/dags/match_predictions.py for tasks to queue
[2026-01-01T22:53:03.194+0000] {logging_mixin.py:188} INFO - [2026-01-01T22:53:03.193+0000] {dagbag.py:538} INFO - Filling up the DagBag from /opt/airflow/dags/match_predictions.py
[2026-01-01T22:53:03.222+0000] {processor.py:842} WARNING - No viable dags retrieved from /opt/airflow/dags/match_predictions.py
[2026-01-01T22:53:03.248+0000] {processor.py:183} INFO - Processing /opt/airflow/dags/match_predictions.py took 0.066 seconds
[2026-01-01T22:53:34.390+0000] {processor.py:161} INFO - Started process (PID=24996) to work on /opt/airflow/dags/match_predictions.py
[2026-01-01T22:53:34.392+0000] {processor.py:830} INFO - Processing file /opt/airflow/dags/match_predictions.py for tasks to queue
[2026-01-01T22:53:34.394+0000] {logging_mixin.py:188} INFO - [2026-01-01T22:53:34.393+0000] {dagbag.py:538} INFO - Filling up the DagBag from /opt/airflow/dags/match_predictions.py
[2026-01-01T22:53:34.426+0000] {processor.py:842} WARNING - No viable dags retrieved from /opt/airflow/dags/match_predictions.py
[2026-01-01T22:53:34.456+0000] {processor.py:183} INFO - Processing /opt/airflow/dags/match_predictions.py took 0.073 seconds
[2026-01-01T22:54:05.161+0000] {processor.py:161} INFO - Started process (PID=25014) to work on /opt/airflow/dags/match_predictions.py
[2026-01-01T22:54:05.163+0000] {processor.py:830} INFO - Processing file /opt/airflow/dags/match_predictions.py for tasks to queue
[2026-01-01T22:54:05.165+0000] {logging_mixin.py:188} INFO - [2026-01-01T22:54:05.164+0000] {dagbag.py:538} INFO - Filling up the DagBag from /opt/airflow/dags/match_predictions.py
[2026-01-01T22:54:05.194+0000] {processor.py:842} WARNING - No viable dags retrieved from /opt/airflow/dags/match_predictions.py
[2026-01-01T22:54:05.221+0000] {processor.py:183} INFO - Processing /opt/airflow/dags/match_predictions.py took 0.066 seconds
[2026-01-01T22:54:36.225+0000] {processor.py:161} INFO - Started process (PID=25036) to work on /opt/airflow/dags/match_predictions.py
[2026-01-01T22:54:36.227+0000] {processor.py:830} INFO - Processing file /opt/airflow/dags/match_predictions.py for tasks to queue
[2026-01-01T22:54:36.228+0000] {logging_mixin.py:188} INFO - [2026-01-01T22:54:36.228+0000] {dagbag.py:538} INFO - Filling up the DagBag from /opt/airflow/dags/match_predictions.py
[2026-01-01T22:54:36.253+0000] {processor.py:842} WARNING - No viable dags retrieved from /opt/airflow/dags/match_predictions.py
[2026-01-01T22:54:36.278+0000] {processor.py:183} INFO - Processing /opt/airflow/dags/match_predictions.py took 0.059 seconds
[2026-01-01T22:55:06.969+0000] {processor.py:161} INFO - Started process (PID=25054) to work on /opt/airflow/dags/match_predictions.py
[2026-01-01T22:55:06.971+0000] {processor.py:830} INFO - Processing file /opt/airflow/dags/match_predictions.py for tasks to queue
[2026-01-01T22:55:06.973+0000] {logging_mixin.py:188} INFO - [2026-01-01T22:55:06.972+0000] {dagbag.py:538} INFO - Filling up the DagBag from /opt/airflow/dags/match_predictions.py
[2026-01-01T22:55:07.001+0000] {processor.py:842} WARNING - No viable dags retrieved from /opt/airflow/dags/match_predictions.py
[2026-01-01T22:55:07.029+0000] {processor.py:183} INFO - Processing /opt/airflow/dags/match_predictions.py took 0.067 seconds
[2026-01-01T22:55:37.869+0000] {processor.py:161} INFO - Started process (PID=25074) to work on /opt/airflow/dags/match_predictions.py
[2026-01-01T22:55:37.871+0000] {processor.py:830} INFO - Processing file /opt/airflow/dags/match_predictions.py for tasks to queue
[2026-01-01T22:55:37.872+0000] {logging_mixin.py:188} INFO - [2026-01-01T22:55:37.872+0000] {dagbag.py:538} INFO - Filling up the DagBag from /opt/airflow/dags/match_predictions.py
[2026-01-01T22:55:37.903+0000] {processor.py:842} WARNING - No viable dags retrieved from /opt/airflow/dags/match_predictions.py
[2026-01-01T22:55:37.928+0000] {processor.py:183} INFO - Processing /opt/airflow/dags/match_predictions.py took 0.065 seconds
