[2026-01-01T20:33:00.728+0000] {processor.py:161} INFO - Started process (PID=19481) to work on /opt/airflow/dags/ml_models.py
[2026-01-01T20:33:00.734+0000] {processor.py:830} INFO - Processing file /opt/airflow/dags/ml_models.py for tasks to queue
[2026-01-01T20:33:00.747+0000] {logging_mixin.py:188} INFO - [2026-01-01T20:33:00.746+0000] {dagbag.py:538} INFO - Filling up the DagBag from /opt/airflow/dags/ml_models.py
[2026-01-01T20:33:00.854+0000] {processor.py:840} INFO - DAG(s) 'ml_models' retrieved from /opt/airflow/dags/ml_models.py
[2026-01-01T20:33:00.945+0000] {logging_mixin.py:188} INFO - [2026-01-01T20:33:00.945+0000] {dag.py:3036} INFO - Sync 1 DAGs
[2026-01-01T20:33:01.074+0000] {logging_mixin.py:188} INFO - [2026-01-01T20:33:01.073+0000] {dag.py:3823} INFO - Setting next_dagrun for ml_models to 2025-12-31 00:00:00+00:00, run_after=2026-01-01 00:00:00+00:00
[2026-01-01T20:33:01.243+0000] {processor.py:183} INFO - Processing /opt/airflow/dags/ml_models.py took 0.537 seconds
[2026-01-01T20:33:31.399+0000] {processor.py:161} INFO - Started process (PID=19501) to work on /opt/airflow/dags/ml_models.py
[2026-01-01T20:33:31.401+0000] {processor.py:830} INFO - Processing file /opt/airflow/dags/ml_models.py for tasks to queue
[2026-01-01T20:33:31.403+0000] {logging_mixin.py:188} INFO - [2026-01-01T20:33:31.403+0000] {dagbag.py:538} INFO - Filling up the DagBag from /opt/airflow/dags/ml_models.py
[2026-01-01T20:33:31.438+0000] {processor.py:840} INFO - DAG(s) 'ml_models' retrieved from /opt/airflow/dags/ml_models.py
[2026-01-01T20:33:31.469+0000] {logging_mixin.py:188} INFO - [2026-01-01T20:33:31.469+0000] {dag.py:3036} INFO - Sync 1 DAGs
[2026-01-01T20:33:31.505+0000] {logging_mixin.py:188} INFO - [2026-01-01T20:33:31.505+0000] {dag.py:3823} INFO - Setting next_dagrun for ml_models to 2025-12-31 00:00:00+00:00, run_after=2026-01-01 00:00:00+00:00
[2026-01-01T20:33:31.537+0000] {processor.py:183} INFO - Processing /opt/airflow/dags/ml_models.py took 0.142 seconds
[2026-01-01T20:34:02.112+0000] {processor.py:161} INFO - Started process (PID=19521) to work on /opt/airflow/dags/ml_models.py
[2026-01-01T20:34:02.114+0000] {processor.py:830} INFO - Processing file /opt/airflow/dags/ml_models.py for tasks to queue
[2026-01-01T20:34:02.117+0000] {logging_mixin.py:188} INFO - [2026-01-01T20:34:02.116+0000] {dagbag.py:538} INFO - Filling up the DagBag from /opt/airflow/dags/ml_models.py
[2026-01-01T20:34:02.147+0000] {processor.py:840} INFO - DAG(s) 'ml_models' retrieved from /opt/airflow/dags/ml_models.py
[2026-01-01T20:34:02.189+0000] {logging_mixin.py:188} INFO - [2026-01-01T20:34:02.188+0000] {dag.py:3036} INFO - Sync 1 DAGs
[2026-01-01T20:34:02.225+0000] {logging_mixin.py:188} INFO - [2026-01-01T20:34:02.224+0000] {dag.py:3823} INFO - Setting next_dagrun for ml_models to 2025-12-31 00:00:00+00:00, run_after=2026-01-01 00:00:00+00:00
[2026-01-01T20:34:02.251+0000] {processor.py:183} INFO - Processing /opt/airflow/dags/ml_models.py took 0.149 seconds
[2026-01-01T20:34:32.664+0000] {processor.py:161} INFO - Started process (PID=19541) to work on /opt/airflow/dags/ml_models.py
[2026-01-01T20:34:32.666+0000] {processor.py:830} INFO - Processing file /opt/airflow/dags/ml_models.py for tasks to queue
[2026-01-01T20:34:32.667+0000] {logging_mixin.py:188} INFO - [2026-01-01T20:34:32.666+0000] {dagbag.py:538} INFO - Filling up the DagBag from /opt/airflow/dags/ml_models.py
[2026-01-01T20:34:32.686+0000] {processor.py:840} INFO - DAG(s) 'ml_models' retrieved from /opt/airflow/dags/ml_models.py
[2026-01-01T20:34:32.710+0000] {logging_mixin.py:188} INFO - [2026-01-01T20:34:32.710+0000] {dag.py:3036} INFO - Sync 1 DAGs
[2026-01-01T20:34:32.905+0000] {logging_mixin.py:188} INFO - [2026-01-01T20:34:32.905+0000] {dag.py:3823} INFO - Setting next_dagrun for ml_models to 2025-12-31 00:00:00+00:00, run_after=2026-01-01 00:00:00+00:00
[2026-01-01T20:34:32.934+0000] {processor.py:183} INFO - Processing /opt/airflow/dags/ml_models.py took 0.274 seconds
[2026-01-01T20:35:03.347+0000] {processor.py:161} INFO - Started process (PID=19561) to work on /opt/airflow/dags/ml_models.py
[2026-01-01T20:35:03.348+0000] {processor.py:830} INFO - Processing file /opt/airflow/dags/ml_models.py for tasks to queue
[2026-01-01T20:35:03.349+0000] {logging_mixin.py:188} INFO - [2026-01-01T20:35:03.349+0000] {dagbag.py:538} INFO - Filling up the DagBag from /opt/airflow/dags/ml_models.py
[2026-01-01T20:35:03.369+0000] {processor.py:840} INFO - DAG(s) 'ml_models' retrieved from /opt/airflow/dags/ml_models.py
[2026-01-01T20:35:03.398+0000] {logging_mixin.py:188} INFO - [2026-01-01T20:35:03.397+0000] {dag.py:3036} INFO - Sync 1 DAGs
[2026-01-01T20:35:03.616+0000] {logging_mixin.py:188} INFO - [2026-01-01T20:35:03.616+0000] {dag.py:3823} INFO - Setting next_dagrun for ml_models to 2025-12-31 00:00:00+00:00, run_after=2026-01-01 00:00:00+00:00
[2026-01-01T20:35:03.645+0000] {processor.py:183} INFO - Processing /opt/airflow/dags/ml_models.py took 0.302 seconds
[2026-01-01T20:35:33.931+0000] {processor.py:161} INFO - Started process (PID=19581) to work on /opt/airflow/dags/ml_models.py
[2026-01-01T20:35:33.932+0000] {processor.py:830} INFO - Processing file /opt/airflow/dags/ml_models.py for tasks to queue
[2026-01-01T20:35:33.933+0000] {logging_mixin.py:188} INFO - [2026-01-01T20:35:33.933+0000] {dagbag.py:538} INFO - Filling up the DagBag from /opt/airflow/dags/ml_models.py
[2026-01-01T20:35:33.956+0000] {processor.py:840} INFO - DAG(s) 'ml_models' retrieved from /opt/airflow/dags/ml_models.py
[2026-01-01T20:35:34.171+0000] {logging_mixin.py:188} INFO - [2026-01-01T20:35:34.171+0000] {dag.py:3036} INFO - Sync 1 DAGs
[2026-01-01T20:35:34.193+0000] {logging_mixin.py:188} INFO - [2026-01-01T20:35:34.192+0000] {dag.py:3823} INFO - Setting next_dagrun for ml_models to 2025-12-31 00:00:00+00:00, run_after=2026-01-01 00:00:00+00:00
[2026-01-01T20:35:34.212+0000] {processor.py:183} INFO - Processing /opt/airflow/dags/ml_models.py took 0.284 seconds
[2026-01-01T20:36:04.494+0000] {processor.py:161} INFO - Started process (PID=19601) to work on /opt/airflow/dags/ml_models.py
[2026-01-01T20:36:04.495+0000] {processor.py:830} INFO - Processing file /opt/airflow/dags/ml_models.py for tasks to queue
[2026-01-01T20:36:04.497+0000] {logging_mixin.py:188} INFO - [2026-01-01T20:36:04.496+0000] {dagbag.py:538} INFO - Filling up the DagBag from /opt/airflow/dags/ml_models.py
[2026-01-01T20:36:04.518+0000] {processor.py:840} INFO - DAG(s) 'ml_models' retrieved from /opt/airflow/dags/ml_models.py
[2026-01-01T20:36:04.546+0000] {logging_mixin.py:188} INFO - [2026-01-01T20:36:04.546+0000] {dag.py:3036} INFO - Sync 1 DAGs
[2026-01-01T20:36:04.572+0000] {logging_mixin.py:188} INFO - [2026-01-01T20:36:04.572+0000] {dag.py:3823} INFO - Setting next_dagrun for ml_models to 2025-12-31 00:00:00+00:00, run_after=2026-01-01 00:00:00+00:00
[2026-01-01T20:36:04.597+0000] {processor.py:183} INFO - Processing /opt/airflow/dags/ml_models.py took 0.107 seconds
[2026-01-01T20:36:35.016+0000] {processor.py:161} INFO - Started process (PID=19621) to work on /opt/airflow/dags/ml_models.py
[2026-01-01T20:36:35.018+0000] {processor.py:830} INFO - Processing file /opt/airflow/dags/ml_models.py for tasks to queue
[2026-01-01T20:36:35.019+0000] {logging_mixin.py:188} INFO - [2026-01-01T20:36:35.019+0000] {dagbag.py:538} INFO - Filling up the DagBag from /opt/airflow/dags/ml_models.py
[2026-01-01T20:36:35.041+0000] {processor.py:840} INFO - DAG(s) 'ml_models' retrieved from /opt/airflow/dags/ml_models.py
[2026-01-01T20:36:35.070+0000] {logging_mixin.py:188} INFO - [2026-01-01T20:36:35.070+0000] {dag.py:3036} INFO - Sync 1 DAGs
[2026-01-01T20:36:35.095+0000] {logging_mixin.py:188} INFO - [2026-01-01T20:36:35.095+0000] {dag.py:3823} INFO - Setting next_dagrun for ml_models to 2025-12-31 00:00:00+00:00, run_after=2026-01-01 00:00:00+00:00
[2026-01-01T20:36:35.117+0000] {processor.py:183} INFO - Processing /opt/airflow/dags/ml_models.py took 0.105 seconds
[2026-01-01T20:37:05.412+0000] {processor.py:161} INFO - Started process (PID=19641) to work on /opt/airflow/dags/ml_models.py
[2026-01-01T20:37:05.414+0000] {processor.py:830} INFO - Processing file /opt/airflow/dags/ml_models.py for tasks to queue
[2026-01-01T20:37:05.415+0000] {logging_mixin.py:188} INFO - [2026-01-01T20:37:05.414+0000] {dagbag.py:538} INFO - Filling up the DagBag from /opt/airflow/dags/ml_models.py
[2026-01-01T20:37:05.436+0000] {processor.py:840} INFO - DAG(s) 'ml_models' retrieved from /opt/airflow/dags/ml_models.py
[2026-01-01T20:37:05.463+0000] {logging_mixin.py:188} INFO - [2026-01-01T20:37:05.463+0000] {dag.py:3036} INFO - Sync 1 DAGs
[2026-01-01T20:37:05.489+0000] {logging_mixin.py:188} INFO - [2026-01-01T20:37:05.489+0000] {dag.py:3823} INFO - Setting next_dagrun for ml_models to 2025-12-31 00:00:00+00:00, run_after=2026-01-01 00:00:00+00:00
[2026-01-01T20:37:05.684+0000] {processor.py:183} INFO - Processing /opt/airflow/dags/ml_models.py took 0.276 seconds
[2026-01-01T20:37:36.103+0000] {processor.py:161} INFO - Started process (PID=19661) to work on /opt/airflow/dags/ml_models.py
[2026-01-01T20:37:36.104+0000] {processor.py:830} INFO - Processing file /opt/airflow/dags/ml_models.py for tasks to queue
[2026-01-01T20:37:36.105+0000] {logging_mixin.py:188} INFO - [2026-01-01T20:37:36.105+0000] {dagbag.py:538} INFO - Filling up the DagBag from /opt/airflow/dags/ml_models.py
[2026-01-01T20:37:36.125+0000] {processor.py:840} INFO - DAG(s) 'ml_models' retrieved from /opt/airflow/dags/ml_models.py
[2026-01-01T20:37:36.153+0000] {logging_mixin.py:188} INFO - [2026-01-01T20:37:36.153+0000] {dag.py:3036} INFO - Sync 1 DAGs
[2026-01-01T20:37:36.358+0000] {logging_mixin.py:188} INFO - [2026-01-01T20:37:36.357+0000] {dag.py:3823} INFO - Setting next_dagrun for ml_models to 2025-12-31 00:00:00+00:00, run_after=2026-01-01 00:00:00+00:00
[2026-01-01T20:37:36.388+0000] {processor.py:183} INFO - Processing /opt/airflow/dags/ml_models.py took 0.289 seconds
[2026-01-01T20:38:06.772+0000] {processor.py:161} INFO - Started process (PID=19681) to work on /opt/airflow/dags/ml_models.py
[2026-01-01T20:38:06.773+0000] {processor.py:830} INFO - Processing file /opt/airflow/dags/ml_models.py for tasks to queue
[2026-01-01T20:38:06.774+0000] {logging_mixin.py:188} INFO - [2026-01-01T20:38:06.774+0000] {dagbag.py:538} INFO - Filling up the DagBag from /opt/airflow/dags/ml_models.py
[2026-01-01T20:38:06.794+0000] {processor.py:840} INFO - DAG(s) 'ml_models' retrieved from /opt/airflow/dags/ml_models.py
[2026-01-01T20:38:06.824+0000] {logging_mixin.py:188} INFO - [2026-01-01T20:38:06.824+0000] {dag.py:3036} INFO - Sync 1 DAGs
[2026-01-01T20:38:07.024+0000] {logging_mixin.py:188} INFO - [2026-01-01T20:38:07.024+0000] {dag.py:3823} INFO - Setting next_dagrun for ml_models to 2025-12-31 00:00:00+00:00, run_after=2026-01-01 00:00:00+00:00
[2026-01-01T20:38:07.054+0000] {processor.py:183} INFO - Processing /opt/airflow/dags/ml_models.py took 0.286 seconds
[2026-01-01T20:38:37.486+0000] {processor.py:161} INFO - Started process (PID=19701) to work on /opt/airflow/dags/ml_models.py
[2026-01-01T20:38:37.487+0000] {processor.py:830} INFO - Processing file /opt/airflow/dags/ml_models.py for tasks to queue
[2026-01-01T20:38:37.488+0000] {logging_mixin.py:188} INFO - [2026-01-01T20:38:37.488+0000] {dagbag.py:538} INFO - Filling up the DagBag from /opt/airflow/dags/ml_models.py
[2026-01-01T20:38:37.738+0000] {processor.py:840} INFO - DAG(s) 'ml_models' retrieved from /opt/airflow/dags/ml_models.py
[2026-01-01T20:38:37.762+0000] {logging_mixin.py:188} INFO - [2026-01-01T20:38:37.762+0000] {dag.py:3036} INFO - Sync 1 DAGs
[2026-01-01T20:38:37.788+0000] {logging_mixin.py:188} INFO - [2026-01-01T20:38:37.788+0000] {dag.py:3823} INFO - Setting next_dagrun for ml_models to 2025-12-31 00:00:00+00:00, run_after=2026-01-01 00:00:00+00:00
[2026-01-01T20:38:37.812+0000] {processor.py:183} INFO - Processing /opt/airflow/dags/ml_models.py took 0.332 seconds
[2026-01-01T20:39:08.620+0000] {processor.py:161} INFO - Started process (PID=19721) to work on /opt/airflow/dags/ml_models.py
[2026-01-01T20:39:08.622+0000] {processor.py:830} INFO - Processing file /opt/airflow/dags/ml_models.py for tasks to queue
[2026-01-01T20:39:08.623+0000] {logging_mixin.py:188} INFO - [2026-01-01T20:39:08.623+0000] {dagbag.py:538} INFO - Filling up the DagBag from /opt/airflow/dags/ml_models.py
[2026-01-01T20:39:08.646+0000] {processor.py:840} INFO - DAG(s) 'ml_models' retrieved from /opt/airflow/dags/ml_models.py
[2026-01-01T20:39:08.674+0000] {logging_mixin.py:188} INFO - [2026-01-01T20:39:08.673+0000] {dag.py:3036} INFO - Sync 1 DAGs
[2026-01-01T20:39:08.700+0000] {logging_mixin.py:188} INFO - [2026-01-01T20:39:08.699+0000] {dag.py:3823} INFO - Setting next_dagrun for ml_models to 2025-12-31 00:00:00+00:00, run_after=2026-01-01 00:00:00+00:00
[2026-01-01T20:39:08.731+0000] {processor.py:183} INFO - Processing /opt/airflow/dags/ml_models.py took 0.117 seconds
[2026-01-01T20:39:39.030+0000] {processor.py:161} INFO - Started process (PID=19741) to work on /opt/airflow/dags/ml_models.py
[2026-01-01T20:39:39.032+0000] {processor.py:830} INFO - Processing file /opt/airflow/dags/ml_models.py for tasks to queue
[2026-01-01T20:39:39.033+0000] {logging_mixin.py:188} INFO - [2026-01-01T20:39:39.033+0000] {dagbag.py:538} INFO - Filling up the DagBag from /opt/airflow/dags/ml_models.py
[2026-01-01T20:39:39.055+0000] {processor.py:840} INFO - DAG(s) 'ml_models' retrieved from /opt/airflow/dags/ml_models.py
[2026-01-01T20:39:39.088+0000] {logging_mixin.py:188} INFO - [2026-01-01T20:39:39.087+0000] {dag.py:3036} INFO - Sync 1 DAGs
[2026-01-01T20:39:39.115+0000] {logging_mixin.py:188} INFO - [2026-01-01T20:39:39.115+0000] {dag.py:3823} INFO - Setting next_dagrun for ml_models to 2025-12-31 00:00:00+00:00, run_after=2026-01-01 00:00:00+00:00
[2026-01-01T20:39:39.151+0000] {processor.py:183} INFO - Processing /opt/airflow/dags/ml_models.py took 0.124 seconds
[2026-01-01T20:40:09.449+0000] {processor.py:161} INFO - Started process (PID=19761) to work on /opt/airflow/dags/ml_models.py
[2026-01-01T20:40:09.451+0000] {processor.py:830} INFO - Processing file /opt/airflow/dags/ml_models.py for tasks to queue
[2026-01-01T20:40:09.452+0000] {logging_mixin.py:188} INFO - [2026-01-01T20:40:09.451+0000] {dagbag.py:538} INFO - Filling up the DagBag from /opt/airflow/dags/ml_models.py
[2026-01-01T20:40:09.473+0000] {processor.py:840} INFO - DAG(s) 'ml_models' retrieved from /opt/airflow/dags/ml_models.py
[2026-01-01T20:40:09.501+0000] {logging_mixin.py:188} INFO - [2026-01-01T20:40:09.501+0000] {dag.py:3036} INFO - Sync 1 DAGs
[2026-01-01T20:40:09.527+0000] {logging_mixin.py:188} INFO - [2026-01-01T20:40:09.527+0000] {dag.py:3823} INFO - Setting next_dagrun for ml_models to 2025-12-31 00:00:00+00:00, run_after=2026-01-01 00:00:00+00:00
[2026-01-01T20:40:09.549+0000] {processor.py:183} INFO - Processing /opt/airflow/dags/ml_models.py took 0.103 seconds
[2026-01-01T20:40:39.962+0000] {processor.py:161} INFO - Started process (PID=19781) to work on /opt/airflow/dags/ml_models.py
[2026-01-01T20:40:39.964+0000] {processor.py:830} INFO - Processing file /opt/airflow/dags/ml_models.py for tasks to queue
[2026-01-01T20:40:39.965+0000] {logging_mixin.py:188} INFO - [2026-01-01T20:40:39.965+0000] {dagbag.py:538} INFO - Filling up the DagBag from /opt/airflow/dags/ml_models.py
[2026-01-01T20:40:39.985+0000] {processor.py:840} INFO - DAG(s) 'ml_models' retrieved from /opt/airflow/dags/ml_models.py
[2026-01-01T20:40:40.013+0000] {logging_mixin.py:188} INFO - [2026-01-01T20:40:40.013+0000] {dag.py:3036} INFO - Sync 1 DAGs
[2026-01-01T20:40:40.040+0000] {logging_mixin.py:188} INFO - [2026-01-01T20:40:40.039+0000] {dag.py:3823} INFO - Setting next_dagrun for ml_models to 2025-12-31 00:00:00+00:00, run_after=2026-01-01 00:00:00+00:00
[2026-01-01T20:40:40.071+0000] {processor.py:183} INFO - Processing /opt/airflow/dags/ml_models.py took 0.113 seconds
[2026-01-01T20:41:10.375+0000] {processor.py:161} INFO - Started process (PID=19801) to work on /opt/airflow/dags/ml_models.py
[2026-01-01T20:41:10.376+0000] {processor.py:830} INFO - Processing file /opt/airflow/dags/ml_models.py for tasks to queue
[2026-01-01T20:41:10.377+0000] {logging_mixin.py:188} INFO - [2026-01-01T20:41:10.377+0000] {dagbag.py:538} INFO - Filling up the DagBag from /opt/airflow/dags/ml_models.py
[2026-01-01T20:41:10.399+0000] {processor.py:840} INFO - DAG(s) 'ml_models' retrieved from /opt/airflow/dags/ml_models.py
[2026-01-01T20:41:10.427+0000] {logging_mixin.py:188} INFO - [2026-01-01T20:41:10.427+0000] {dag.py:3036} INFO - Sync 1 DAGs
[2026-01-01T20:41:10.452+0000] {logging_mixin.py:188} INFO - [2026-01-01T20:41:10.451+0000] {dag.py:3823} INFO - Setting next_dagrun for ml_models to 2025-12-31 00:00:00+00:00, run_after=2026-01-01 00:00:00+00:00
[2026-01-01T20:41:10.485+0000] {processor.py:183} INFO - Processing /opt/airflow/dags/ml_models.py took 0.113 seconds
[2026-01-01T20:41:40.788+0000] {processor.py:161} INFO - Started process (PID=19821) to work on /opt/airflow/dags/ml_models.py
[2026-01-01T20:41:40.789+0000] {processor.py:830} INFO - Processing file /opt/airflow/dags/ml_models.py for tasks to queue
[2026-01-01T20:41:40.790+0000] {logging_mixin.py:188} INFO - [2026-01-01T20:41:40.790+0000] {dagbag.py:538} INFO - Filling up the DagBag from /opt/airflow/dags/ml_models.py
[2026-01-01T20:41:40.811+0000] {processor.py:840} INFO - DAG(s) 'ml_models' retrieved from /opt/airflow/dags/ml_models.py
[2026-01-01T20:41:40.840+0000] {logging_mixin.py:188} INFO - [2026-01-01T20:41:40.839+0000] {dag.py:3036} INFO - Sync 1 DAGs
[2026-01-01T20:41:40.866+0000] {logging_mixin.py:188} INFO - [2026-01-01T20:41:40.866+0000] {dag.py:3823} INFO - Setting next_dagrun for ml_models to 2025-12-31 00:00:00+00:00, run_after=2026-01-01 00:00:00+00:00
[2026-01-01T20:41:40.889+0000] {processor.py:183} INFO - Processing /opt/airflow/dags/ml_models.py took 0.108 seconds
[2026-01-01T20:42:11.204+0000] {processor.py:161} INFO - Started process (PID=19841) to work on /opt/airflow/dags/ml_models.py
[2026-01-01T20:42:11.205+0000] {processor.py:830} INFO - Processing file /opt/airflow/dags/ml_models.py for tasks to queue
[2026-01-01T20:42:11.207+0000] {logging_mixin.py:188} INFO - [2026-01-01T20:42:11.206+0000] {dagbag.py:538} INFO - Filling up the DagBag from /opt/airflow/dags/ml_models.py
[2026-01-01T20:42:11.233+0000] {processor.py:840} INFO - DAG(s) 'ml_models' retrieved from /opt/airflow/dags/ml_models.py
[2026-01-01T20:42:11.262+0000] {logging_mixin.py:188} INFO - [2026-01-01T20:42:11.262+0000] {dag.py:3036} INFO - Sync 1 DAGs
[2026-01-01T20:42:11.288+0000] {logging_mixin.py:188} INFO - [2026-01-01T20:42:11.288+0000] {dag.py:3823} INFO - Setting next_dagrun for ml_models to 2025-12-31 00:00:00+00:00, run_after=2026-01-01 00:00:00+00:00
[2026-01-01T20:42:11.309+0000] {processor.py:183} INFO - Processing /opt/airflow/dags/ml_models.py took 0.111 seconds
[2026-01-01T20:42:41.606+0000] {processor.py:161} INFO - Started process (PID=19861) to work on /opt/airflow/dags/ml_models.py
[2026-01-01T20:42:41.608+0000] {processor.py:830} INFO - Processing file /opt/airflow/dags/ml_models.py for tasks to queue
[2026-01-01T20:42:41.608+0000] {logging_mixin.py:188} INFO - [2026-01-01T20:42:41.608+0000] {dagbag.py:538} INFO - Filling up the DagBag from /opt/airflow/dags/ml_models.py
[2026-01-01T20:42:41.631+0000] {processor.py:840} INFO - DAG(s) 'ml_models' retrieved from /opt/airflow/dags/ml_models.py
[2026-01-01T20:42:41.658+0000] {logging_mixin.py:188} INFO - [2026-01-01T20:42:41.658+0000] {dag.py:3036} INFO - Sync 1 DAGs
[2026-01-01T20:42:41.684+0000] {logging_mixin.py:188} INFO - [2026-01-01T20:42:41.684+0000] {dag.py:3823} INFO - Setting next_dagrun for ml_models to 2025-12-31 00:00:00+00:00, run_after=2026-01-01 00:00:00+00:00
[2026-01-01T20:42:41.706+0000] {processor.py:183} INFO - Processing /opt/airflow/dags/ml_models.py took 0.103 seconds
[2026-01-01T20:43:12.199+0000] {processor.py:161} INFO - Started process (PID=19881) to work on /opt/airflow/dags/ml_models.py
[2026-01-01T20:43:12.201+0000] {processor.py:830} INFO - Processing file /opt/airflow/dags/ml_models.py for tasks to queue
[2026-01-01T20:43:12.202+0000] {logging_mixin.py:188} INFO - [2026-01-01T20:43:12.202+0000] {dagbag.py:538} INFO - Filling up the DagBag from /opt/airflow/dags/ml_models.py
[2026-01-01T20:43:12.223+0000] {processor.py:840} INFO - DAG(s) 'ml_models' retrieved from /opt/airflow/dags/ml_models.py
[2026-01-01T20:43:12.250+0000] {logging_mixin.py:188} INFO - [2026-01-01T20:43:12.250+0000] {dag.py:3036} INFO - Sync 1 DAGs
[2026-01-01T20:43:12.276+0000] {logging_mixin.py:188} INFO - [2026-01-01T20:43:12.276+0000] {dag.py:3823} INFO - Setting next_dagrun for ml_models to 2025-12-31 00:00:00+00:00, run_after=2026-01-01 00:00:00+00:00
[2026-01-01T20:43:12.296+0000] {processor.py:183} INFO - Processing /opt/airflow/dags/ml_models.py took 0.102 seconds
[2026-01-01T20:43:42.719+0000] {processor.py:161} INFO - Started process (PID=19901) to work on /opt/airflow/dags/ml_models.py
[2026-01-01T20:43:42.720+0000] {processor.py:830} INFO - Processing file /opt/airflow/dags/ml_models.py for tasks to queue
[2026-01-01T20:43:42.721+0000] {logging_mixin.py:188} INFO - [2026-01-01T20:43:42.721+0000] {dagbag.py:538} INFO - Filling up the DagBag from /opt/airflow/dags/ml_models.py
[2026-01-01T20:43:42.742+0000] {processor.py:840} INFO - DAG(s) 'ml_models' retrieved from /opt/airflow/dags/ml_models.py
[2026-01-01T20:43:42.771+0000] {logging_mixin.py:188} INFO - [2026-01-01T20:43:42.771+0000] {dag.py:3036} INFO - Sync 1 DAGs
[2026-01-01T20:43:42.796+0000] {logging_mixin.py:188} INFO - [2026-01-01T20:43:42.796+0000] {dag.py:3823} INFO - Setting next_dagrun for ml_models to 2025-12-31 00:00:00+00:00, run_after=2026-01-01 00:00:00+00:00
[2026-01-01T20:43:42.819+0000] {processor.py:183} INFO - Processing /opt/airflow/dags/ml_models.py took 0.104 seconds
[2026-01-01T20:44:13.250+0000] {processor.py:161} INFO - Started process (PID=19921) to work on /opt/airflow/dags/ml_models.py
[2026-01-01T20:44:13.252+0000] {processor.py:830} INFO - Processing file /opt/airflow/dags/ml_models.py for tasks to queue
[2026-01-01T20:44:13.254+0000] {logging_mixin.py:188} INFO - [2026-01-01T20:44:13.253+0000] {dagbag.py:538} INFO - Filling up the DagBag from /opt/airflow/dags/ml_models.py
[2026-01-01T20:44:13.275+0000] {processor.py:840} INFO - DAG(s) 'ml_models' retrieved from /opt/airflow/dags/ml_models.py
[2026-01-01T20:44:13.302+0000] {logging_mixin.py:188} INFO - [2026-01-01T20:44:13.302+0000] {dag.py:3036} INFO - Sync 1 DAGs
[2026-01-01T20:44:13.331+0000] {logging_mixin.py:188} INFO - [2026-01-01T20:44:13.331+0000] {dag.py:3823} INFO - Setting next_dagrun for ml_models to 2025-12-31 00:00:00+00:00, run_after=2026-01-01 00:00:00+00:00
[2026-01-01T20:44:13.365+0000] {processor.py:183} INFO - Processing /opt/airflow/dags/ml_models.py took 0.119 seconds
[2026-01-01T20:44:43.665+0000] {processor.py:161} INFO - Started process (PID=19941) to work on /opt/airflow/dags/ml_models.py
[2026-01-01T20:44:43.666+0000] {processor.py:830} INFO - Processing file /opt/airflow/dags/ml_models.py for tasks to queue
[2026-01-01T20:44:43.667+0000] {logging_mixin.py:188} INFO - [2026-01-01T20:44:43.667+0000] {dagbag.py:538} INFO - Filling up the DagBag from /opt/airflow/dags/ml_models.py
[2026-01-01T20:44:43.689+0000] {processor.py:840} INFO - DAG(s) 'ml_models' retrieved from /opt/airflow/dags/ml_models.py
[2026-01-01T20:44:43.716+0000] {logging_mixin.py:188} INFO - [2026-01-01T20:44:43.716+0000] {dag.py:3036} INFO - Sync 1 DAGs
[2026-01-01T20:44:43.743+0000] {logging_mixin.py:188} INFO - [2026-01-01T20:44:43.743+0000] {dag.py:3823} INFO - Setting next_dagrun for ml_models to 2025-12-31 00:00:00+00:00, run_after=2026-01-01 00:00:00+00:00
[2026-01-01T20:44:43.764+0000] {processor.py:183} INFO - Processing /opt/airflow/dags/ml_models.py took 0.102 seconds
[2026-01-01T20:45:14.070+0000] {processor.py:161} INFO - Started process (PID=19961) to work on /opt/airflow/dags/ml_models.py
[2026-01-01T20:45:14.072+0000] {processor.py:830} INFO - Processing file /opt/airflow/dags/ml_models.py for tasks to queue
[2026-01-01T20:45:14.073+0000] {logging_mixin.py:188} INFO - [2026-01-01T20:45:14.072+0000] {dagbag.py:538} INFO - Filling up the DagBag from /opt/airflow/dags/ml_models.py
[2026-01-01T20:45:14.094+0000] {processor.py:840} INFO - DAG(s) 'ml_models' retrieved from /opt/airflow/dags/ml_models.py
[2026-01-01T20:45:14.122+0000] {logging_mixin.py:188} INFO - [2026-01-01T20:45:14.122+0000] {dag.py:3036} INFO - Sync 1 DAGs
[2026-01-01T20:45:14.147+0000] {logging_mixin.py:188} INFO - [2026-01-01T20:45:14.147+0000] {dag.py:3823} INFO - Setting next_dagrun for ml_models to 2025-12-31 00:00:00+00:00, run_after=2026-01-01 00:00:00+00:00
[2026-01-01T20:45:14.180+0000] {processor.py:183} INFO - Processing /opt/airflow/dags/ml_models.py took 0.114 seconds
[2026-01-01T20:45:44.476+0000] {processor.py:161} INFO - Started process (PID=19981) to work on /opt/airflow/dags/ml_models.py
[2026-01-01T20:45:44.477+0000] {processor.py:830} INFO - Processing file /opt/airflow/dags/ml_models.py for tasks to queue
[2026-01-01T20:45:44.478+0000] {logging_mixin.py:188} INFO - [2026-01-01T20:45:44.478+0000] {dagbag.py:538} INFO - Filling up the DagBag from /opt/airflow/dags/ml_models.py
[2026-01-01T20:45:44.499+0000] {processor.py:840} INFO - DAG(s) 'ml_models' retrieved from /opt/airflow/dags/ml_models.py
[2026-01-01T20:45:44.527+0000] {logging_mixin.py:188} INFO - [2026-01-01T20:45:44.527+0000] {dag.py:3036} INFO - Sync 1 DAGs
[2026-01-01T20:45:44.554+0000] {logging_mixin.py:188} INFO - [2026-01-01T20:45:44.554+0000] {dag.py:3823} INFO - Setting next_dagrun for ml_models to 2025-12-31 00:00:00+00:00, run_after=2026-01-01 00:00:00+00:00
[2026-01-01T20:45:44.587+0000] {processor.py:183} INFO - Processing /opt/airflow/dags/ml_models.py took 0.114 seconds
[2026-01-01T20:46:14.889+0000] {processor.py:161} INFO - Started process (PID=20001) to work on /opt/airflow/dags/ml_models.py
[2026-01-01T20:46:14.890+0000] {processor.py:830} INFO - Processing file /opt/airflow/dags/ml_models.py for tasks to queue
[2026-01-01T20:46:14.891+0000] {logging_mixin.py:188} INFO - [2026-01-01T20:46:14.891+0000] {dagbag.py:538} INFO - Filling up the DagBag from /opt/airflow/dags/ml_models.py
[2026-01-01T20:46:14.912+0000] {processor.py:840} INFO - DAG(s) 'ml_models' retrieved from /opt/airflow/dags/ml_models.py
[2026-01-01T20:46:14.941+0000] {logging_mixin.py:188} INFO - [2026-01-01T20:46:14.940+0000] {dag.py:3036} INFO - Sync 1 DAGs
[2026-01-01T20:46:14.966+0000] {logging_mixin.py:188} INFO - [2026-01-01T20:46:14.966+0000] {dag.py:3823} INFO - Setting next_dagrun for ml_models to 2025-12-31 00:00:00+00:00, run_after=2026-01-01 00:00:00+00:00
[2026-01-01T20:46:14.987+0000] {processor.py:183} INFO - Processing /opt/airflow/dags/ml_models.py took 0.102 seconds
[2026-01-01T20:46:45.399+0000] {processor.py:161} INFO - Started process (PID=20021) to work on /opt/airflow/dags/ml_models.py
[2026-01-01T20:46:45.400+0000] {processor.py:830} INFO - Processing file /opt/airflow/dags/ml_models.py for tasks to queue
[2026-01-01T20:46:45.401+0000] {logging_mixin.py:188} INFO - [2026-01-01T20:46:45.401+0000] {dagbag.py:538} INFO - Filling up the DagBag from /opt/airflow/dags/ml_models.py
[2026-01-01T20:46:45.423+0000] {processor.py:840} INFO - DAG(s) 'ml_models' retrieved from /opt/airflow/dags/ml_models.py
[2026-01-01T20:46:45.455+0000] {logging_mixin.py:188} INFO - [2026-01-01T20:46:45.454+0000] {dag.py:3036} INFO - Sync 1 DAGs
[2026-01-01T20:46:45.485+0000] {logging_mixin.py:188} INFO - [2026-01-01T20:46:45.485+0000] {dag.py:3823} INFO - Setting next_dagrun for ml_models to 2025-12-31 00:00:00+00:00, run_after=2026-01-01 00:00:00+00:00
[2026-01-01T20:46:45.516+0000] {processor.py:183} INFO - Processing /opt/airflow/dags/ml_models.py took 0.120 seconds
[2026-01-01T20:47:15.820+0000] {processor.py:161} INFO - Started process (PID=20041) to work on /opt/airflow/dags/ml_models.py
[2026-01-01T20:47:15.821+0000] {processor.py:830} INFO - Processing file /opt/airflow/dags/ml_models.py for tasks to queue
[2026-01-01T20:47:15.823+0000] {logging_mixin.py:188} INFO - [2026-01-01T20:47:15.822+0000] {dagbag.py:538} INFO - Filling up the DagBag from /opt/airflow/dags/ml_models.py
[2026-01-01T20:47:15.844+0000] {processor.py:840} INFO - DAG(s) 'ml_models' retrieved from /opt/airflow/dags/ml_models.py
[2026-01-01T20:47:15.873+0000] {logging_mixin.py:188} INFO - [2026-01-01T20:47:15.873+0000] {dag.py:3036} INFO - Sync 1 DAGs
[2026-01-01T20:47:15.898+0000] {logging_mixin.py:188} INFO - [2026-01-01T20:47:15.897+0000] {dag.py:3823} INFO - Setting next_dagrun for ml_models to 2025-12-31 00:00:00+00:00, run_after=2026-01-01 00:00:00+00:00
[2026-01-01T20:47:15.919+0000] {processor.py:183} INFO - Processing /opt/airflow/dags/ml_models.py took 0.102 seconds
[2026-01-01T20:47:46.333+0000] {processor.py:161} INFO - Started process (PID=20061) to work on /opt/airflow/dags/ml_models.py
[2026-01-01T20:47:46.334+0000] {processor.py:830} INFO - Processing file /opt/airflow/dags/ml_models.py for tasks to queue
[2026-01-01T20:47:46.335+0000] {logging_mixin.py:188} INFO - [2026-01-01T20:47:46.335+0000] {dagbag.py:538} INFO - Filling up the DagBag from /opt/airflow/dags/ml_models.py
[2026-01-01T20:47:46.357+0000] {processor.py:840} INFO - DAG(s) 'ml_models' retrieved from /opt/airflow/dags/ml_models.py
[2026-01-01T20:47:46.383+0000] {logging_mixin.py:188} INFO - [2026-01-01T20:47:46.383+0000] {dag.py:3036} INFO - Sync 1 DAGs
[2026-01-01T20:47:46.409+0000] {logging_mixin.py:188} INFO - [2026-01-01T20:47:46.409+0000] {dag.py:3823} INFO - Setting next_dagrun for ml_models to 2025-12-31 00:00:00+00:00, run_after=2026-01-01 00:00:00+00:00
[2026-01-01T20:47:46.430+0000] {processor.py:183} INFO - Processing /opt/airflow/dags/ml_models.py took 0.101 seconds
[2026-01-01T20:48:16.939+0000] {processor.py:161} INFO - Started process (PID=20081) to work on /opt/airflow/dags/ml_models.py
[2026-01-01T20:48:16.941+0000] {processor.py:830} INFO - Processing file /opt/airflow/dags/ml_models.py for tasks to queue
[2026-01-01T20:48:16.942+0000] {logging_mixin.py:188} INFO - [2026-01-01T20:48:16.942+0000] {dagbag.py:538} INFO - Filling up the DagBag from /opt/airflow/dags/ml_models.py
[2026-01-01T20:48:16.965+0000] {processor.py:840} INFO - DAG(s) 'ml_models' retrieved from /opt/airflow/dags/ml_models.py
[2026-01-01T20:48:16.995+0000] {logging_mixin.py:188} INFO - [2026-01-01T20:48:16.995+0000] {dag.py:3036} INFO - Sync 1 DAGs
[2026-01-01T20:48:17.023+0000] {logging_mixin.py:188} INFO - [2026-01-01T20:48:17.023+0000] {dag.py:3823} INFO - Setting next_dagrun for ml_models to 2025-12-31 00:00:00+00:00, run_after=2026-01-01 00:00:00+00:00
[2026-01-01T20:48:17.046+0000] {processor.py:183} INFO - Processing /opt/airflow/dags/ml_models.py took 0.113 seconds
[2026-01-01T20:48:47.490+0000] {processor.py:161} INFO - Started process (PID=20101) to work on /opt/airflow/dags/ml_models.py
[2026-01-01T20:48:47.491+0000] {processor.py:830} INFO - Processing file /opt/airflow/dags/ml_models.py for tasks to queue
[2026-01-01T20:48:47.493+0000] {logging_mixin.py:188} INFO - [2026-01-01T20:48:47.492+0000] {dagbag.py:538} INFO - Filling up the DagBag from /opt/airflow/dags/ml_models.py
[2026-01-01T20:48:47.515+0000] {processor.py:840} INFO - DAG(s) 'ml_models' retrieved from /opt/airflow/dags/ml_models.py
[2026-01-01T20:48:47.545+0000] {logging_mixin.py:188} INFO - [2026-01-01T20:48:47.545+0000] {dag.py:3036} INFO - Sync 1 DAGs
[2026-01-01T20:48:47.572+0000] {logging_mixin.py:188} INFO - [2026-01-01T20:48:47.572+0000] {dag.py:3823} INFO - Setting next_dagrun for ml_models to 2025-12-31 00:00:00+00:00, run_after=2026-01-01 00:00:00+00:00
[2026-01-01T20:48:47.596+0000] {processor.py:183} INFO - Processing /opt/airflow/dags/ml_models.py took 0.112 seconds
[2026-01-01T20:49:18.024+0000] {processor.py:161} INFO - Started process (PID=20121) to work on /opt/airflow/dags/ml_models.py
[2026-01-01T20:49:18.025+0000] {processor.py:830} INFO - Processing file /opt/airflow/dags/ml_models.py for tasks to queue
[2026-01-01T20:49:18.027+0000] {logging_mixin.py:188} INFO - [2026-01-01T20:49:18.026+0000] {dagbag.py:538} INFO - Filling up the DagBag from /opt/airflow/dags/ml_models.py
[2026-01-01T20:49:18.049+0000] {processor.py:840} INFO - DAG(s) 'ml_models' retrieved from /opt/airflow/dags/ml_models.py
[2026-01-01T20:49:18.078+0000] {logging_mixin.py:188} INFO - [2026-01-01T20:49:18.078+0000] {dag.py:3036} INFO - Sync 1 DAGs
[2026-01-01T20:49:18.105+0000] {logging_mixin.py:188} INFO - [2026-01-01T20:49:18.104+0000] {dag.py:3823} INFO - Setting next_dagrun for ml_models to 2025-12-31 00:00:00+00:00, run_after=2026-01-01 00:00:00+00:00
[2026-01-01T20:49:18.126+0000] {processor.py:183} INFO - Processing /opt/airflow/dags/ml_models.py took 0.106 seconds
[2026-01-01T20:49:48.419+0000] {processor.py:161} INFO - Started process (PID=20141) to work on /opt/airflow/dags/ml_models.py
[2026-01-01T20:49:48.420+0000] {processor.py:830} INFO - Processing file /opt/airflow/dags/ml_models.py for tasks to queue
[2026-01-01T20:49:48.422+0000] {logging_mixin.py:188} INFO - [2026-01-01T20:49:48.421+0000] {dagbag.py:538} INFO - Filling up the DagBag from /opt/airflow/dags/ml_models.py
[2026-01-01T20:49:48.445+0000] {processor.py:840} INFO - DAG(s) 'ml_models' retrieved from /opt/airflow/dags/ml_models.py
[2026-01-01T20:49:48.471+0000] {logging_mixin.py:188} INFO - [2026-01-01T20:49:48.471+0000] {dag.py:3036} INFO - Sync 1 DAGs
[2026-01-01T20:49:48.497+0000] {logging_mixin.py:188} INFO - [2026-01-01T20:49:48.497+0000] {dag.py:3823} INFO - Setting next_dagrun for ml_models to 2025-12-31 00:00:00+00:00, run_after=2026-01-01 00:00:00+00:00
[2026-01-01T20:49:48.517+0000] {processor.py:183} INFO - Processing /opt/airflow/dags/ml_models.py took 0.101 seconds
[2026-01-01T20:50:18.937+0000] {processor.py:161} INFO - Started process (PID=20161) to work on /opt/airflow/dags/ml_models.py
[2026-01-01T20:50:18.939+0000] {processor.py:830} INFO - Processing file /opt/airflow/dags/ml_models.py for tasks to queue
[2026-01-01T20:50:18.940+0000] {logging_mixin.py:188} INFO - [2026-01-01T20:50:18.940+0000] {dagbag.py:538} INFO - Filling up the DagBag from /opt/airflow/dags/ml_models.py
[2026-01-01T20:50:18.963+0000] {processor.py:840} INFO - DAG(s) 'ml_models' retrieved from /opt/airflow/dags/ml_models.py
[2026-01-01T20:50:18.990+0000] {logging_mixin.py:188} INFO - [2026-01-01T20:50:18.990+0000] {dag.py:3036} INFO - Sync 1 DAGs
[2026-01-01T20:50:19.016+0000] {logging_mixin.py:188} INFO - [2026-01-01T20:50:19.016+0000] {dag.py:3823} INFO - Setting next_dagrun for ml_models to 2025-12-31 00:00:00+00:00, run_after=2026-01-01 00:00:00+00:00
[2026-01-01T20:50:19.049+0000] {processor.py:183} INFO - Processing /opt/airflow/dags/ml_models.py took 0.115 seconds
[2026-01-01T20:50:49.343+0000] {processor.py:161} INFO - Started process (PID=20181) to work on /opt/airflow/dags/ml_models.py
[2026-01-01T20:50:49.344+0000] {processor.py:830} INFO - Processing file /opt/airflow/dags/ml_models.py for tasks to queue
[2026-01-01T20:50:49.345+0000] {logging_mixin.py:188} INFO - [2026-01-01T20:50:49.345+0000] {dagbag.py:538} INFO - Filling up the DagBag from /opt/airflow/dags/ml_models.py
[2026-01-01T20:50:49.366+0000] {processor.py:840} INFO - DAG(s) 'ml_models' retrieved from /opt/airflow/dags/ml_models.py
[2026-01-01T20:50:49.394+0000] {logging_mixin.py:188} INFO - [2026-01-01T20:50:49.394+0000] {dag.py:3036} INFO - Sync 1 DAGs
[2026-01-01T20:50:49.419+0000] {logging_mixin.py:188} INFO - [2026-01-01T20:50:49.419+0000] {dag.py:3823} INFO - Setting next_dagrun for ml_models to 2025-12-31 00:00:00+00:00, run_after=2026-01-01 00:00:00+00:00
[2026-01-01T20:50:49.451+0000] {processor.py:183} INFO - Processing /opt/airflow/dags/ml_models.py took 0.113 seconds
[2026-01-01T20:51:19.749+0000] {processor.py:161} INFO - Started process (PID=20201) to work on /opt/airflow/dags/ml_models.py
[2026-01-01T20:51:19.751+0000] {processor.py:830} INFO - Processing file /opt/airflow/dags/ml_models.py for tasks to queue
[2026-01-01T20:51:19.752+0000] {logging_mixin.py:188} INFO - [2026-01-01T20:51:19.751+0000] {dagbag.py:538} INFO - Filling up the DagBag from /opt/airflow/dags/ml_models.py
[2026-01-01T20:51:19.773+0000] {processor.py:840} INFO - DAG(s) 'ml_models' retrieved from /opt/airflow/dags/ml_models.py
[2026-01-01T20:51:19.799+0000] {logging_mixin.py:188} INFO - [2026-01-01T20:51:19.799+0000] {dag.py:3036} INFO - Sync 1 DAGs
[2026-01-01T20:51:19.824+0000] {logging_mixin.py:188} INFO - [2026-01-01T20:51:19.824+0000] {dag.py:3823} INFO - Setting next_dagrun for ml_models to 2025-12-31 00:00:00+00:00, run_after=2026-01-01 00:00:00+00:00
[2026-01-01T20:51:19.856+0000] {processor.py:183} INFO - Processing /opt/airflow/dags/ml_models.py took 0.110 seconds
[2026-01-01T20:51:50.149+0000] {processor.py:161} INFO - Started process (PID=20221) to work on /opt/airflow/dags/ml_models.py
[2026-01-01T20:51:50.150+0000] {processor.py:830} INFO - Processing file /opt/airflow/dags/ml_models.py for tasks to queue
[2026-01-01T20:51:50.151+0000] {logging_mixin.py:188} INFO - [2026-01-01T20:51:50.151+0000] {dagbag.py:538} INFO - Filling up the DagBag from /opt/airflow/dags/ml_models.py
[2026-01-01T20:51:50.173+0000] {processor.py:840} INFO - DAG(s) 'ml_models' retrieved from /opt/airflow/dags/ml_models.py
[2026-01-01T20:51:50.200+0000] {logging_mixin.py:188} INFO - [2026-01-01T20:51:50.200+0000] {dag.py:3036} INFO - Sync 1 DAGs
[2026-01-01T20:51:50.229+0000] {logging_mixin.py:188} INFO - [2026-01-01T20:51:50.229+0000] {dag.py:3823} INFO - Setting next_dagrun for ml_models to 2025-12-31 00:00:00+00:00, run_after=2026-01-01 00:00:00+00:00
[2026-01-01T20:51:50.249+0000] {processor.py:183} INFO - Processing /opt/airflow/dags/ml_models.py took 0.104 seconds
[2026-01-01T20:52:20.571+0000] {processor.py:161} INFO - Started process (PID=20241) to work on /opt/airflow/dags/ml_models.py
[2026-01-01T20:52:20.573+0000] {processor.py:830} INFO - Processing file /opt/airflow/dags/ml_models.py for tasks to queue
[2026-01-01T20:52:20.574+0000] {logging_mixin.py:188} INFO - [2026-01-01T20:52:20.573+0000] {dagbag.py:538} INFO - Filling up the DagBag from /opt/airflow/dags/ml_models.py
[2026-01-01T20:52:20.592+0000] {processor.py:840} INFO - DAG(s) 'ml_models' retrieved from /opt/airflow/dags/ml_models.py
[2026-01-01T20:52:20.618+0000] {logging_mixin.py:188} INFO - [2026-01-01T20:52:20.618+0000] {dag.py:3036} INFO - Sync 1 DAGs
[2026-01-01T20:52:20.643+0000] {logging_mixin.py:188} INFO - [2026-01-01T20:52:20.643+0000] {dag.py:3823} INFO - Setting next_dagrun for ml_models to 2025-12-31 00:00:00+00:00, run_after=2026-01-01 00:00:00+00:00
[2026-01-01T20:52:20.675+0000] {processor.py:183} INFO - Processing /opt/airflow/dags/ml_models.py took 0.107 seconds
[2026-01-01T20:52:50.971+0000] {processor.py:161} INFO - Started process (PID=20261) to work on /opt/airflow/dags/ml_models.py
[2026-01-01T20:52:50.972+0000] {processor.py:830} INFO - Processing file /opt/airflow/dags/ml_models.py for tasks to queue
[2026-01-01T20:52:50.973+0000] {logging_mixin.py:188} INFO - [2026-01-01T20:52:50.973+0000] {dagbag.py:538} INFO - Filling up the DagBag from /opt/airflow/dags/ml_models.py
[2026-01-01T20:52:50.994+0000] {processor.py:840} INFO - DAG(s) 'ml_models' retrieved from /opt/airflow/dags/ml_models.py
[2026-01-01T20:52:51.021+0000] {logging_mixin.py:188} INFO - [2026-01-01T20:52:51.021+0000] {dag.py:3036} INFO - Sync 1 DAGs
[2026-01-01T20:52:51.046+0000] {logging_mixin.py:188} INFO - [2026-01-01T20:52:51.045+0000] {dag.py:3823} INFO - Setting next_dagrun for ml_models to 2025-12-31 00:00:00+00:00, run_after=2026-01-01 00:00:00+00:00
[2026-01-01T20:52:51.065+0000] {processor.py:183} INFO - Processing /opt/airflow/dags/ml_models.py took 0.098 seconds
[2026-01-01T20:53:21.559+0000] {processor.py:161} INFO - Started process (PID=20281) to work on /opt/airflow/dags/ml_models.py
[2026-01-01T20:53:21.560+0000] {processor.py:830} INFO - Processing file /opt/airflow/dags/ml_models.py for tasks to queue
[2026-01-01T20:53:21.561+0000] {logging_mixin.py:188} INFO - [2026-01-01T20:53:21.561+0000] {dagbag.py:538} INFO - Filling up the DagBag from /opt/airflow/dags/ml_models.py
[2026-01-01T20:53:21.580+0000] {processor.py:840} INFO - DAG(s) 'ml_models' retrieved from /opt/airflow/dags/ml_models.py
[2026-01-01T20:53:21.604+0000] {logging_mixin.py:188} INFO - [2026-01-01T20:53:21.604+0000] {dag.py:3036} INFO - Sync 1 DAGs
[2026-01-01T20:53:21.628+0000] {logging_mixin.py:188} INFO - [2026-01-01T20:53:21.628+0000] {dag.py:3823} INFO - Setting next_dagrun for ml_models to 2025-12-31 00:00:00+00:00, run_after=2026-01-01 00:00:00+00:00
[2026-01-01T20:53:21.658+0000] {processor.py:183} INFO - Processing /opt/airflow/dags/ml_models.py took 0.103 seconds
[2026-01-01T20:53:51.976+0000] {processor.py:161} INFO - Started process (PID=20301) to work on /opt/airflow/dags/ml_models.py
[2026-01-01T20:53:51.977+0000] {processor.py:830} INFO - Processing file /opt/airflow/dags/ml_models.py for tasks to queue
[2026-01-01T20:53:51.978+0000] {logging_mixin.py:188} INFO - [2026-01-01T20:53:51.977+0000] {dagbag.py:538} INFO - Filling up the DagBag from /opt/airflow/dags/ml_models.py
[2026-01-01T20:53:51.996+0000] {processor.py:840} INFO - DAG(s) 'ml_models' retrieved from /opt/airflow/dags/ml_models.py
[2026-01-01T20:53:52.022+0000] {logging_mixin.py:188} INFO - [2026-01-01T20:53:52.021+0000] {dag.py:3036} INFO - Sync 1 DAGs
[2026-01-01T20:53:52.046+0000] {logging_mixin.py:188} INFO - [2026-01-01T20:53:52.046+0000] {dag.py:3823} INFO - Setting next_dagrun for ml_models to 2025-12-31 00:00:00+00:00, run_after=2026-01-01 00:00:00+00:00
[2026-01-01T20:53:52.078+0000] {processor.py:183} INFO - Processing /opt/airflow/dags/ml_models.py took 0.106 seconds
[2026-01-01T20:54:22.371+0000] {processor.py:161} INFO - Started process (PID=20321) to work on /opt/airflow/dags/ml_models.py
[2026-01-01T20:54:22.372+0000] {processor.py:830} INFO - Processing file /opt/airflow/dags/ml_models.py for tasks to queue
[2026-01-01T20:54:22.373+0000] {logging_mixin.py:188} INFO - [2026-01-01T20:54:22.373+0000] {dagbag.py:538} INFO - Filling up the DagBag from /opt/airflow/dags/ml_models.py
[2026-01-01T20:54:22.391+0000] {processor.py:840} INFO - DAG(s) 'ml_models' retrieved from /opt/airflow/dags/ml_models.py
[2026-01-01T20:54:22.417+0000] {logging_mixin.py:188} INFO - [2026-01-01T20:54:22.417+0000] {dag.py:3036} INFO - Sync 1 DAGs
[2026-01-01T20:54:22.446+0000] {logging_mixin.py:188} INFO - [2026-01-01T20:54:22.446+0000] {dag.py:3823} INFO - Setting next_dagrun for ml_models to 2025-12-31 00:00:00+00:00, run_after=2026-01-01 00:00:00+00:00
[2026-01-01T20:54:22.475+0000] {processor.py:183} INFO - Processing /opt/airflow/dags/ml_models.py took 0.108 seconds
[2026-01-01T20:54:52.773+0000] {processor.py:161} INFO - Started process (PID=20341) to work on /opt/airflow/dags/ml_models.py
[2026-01-01T20:54:52.775+0000] {processor.py:830} INFO - Processing file /opt/airflow/dags/ml_models.py for tasks to queue
[2026-01-01T20:54:52.776+0000] {logging_mixin.py:188} INFO - [2026-01-01T20:54:52.775+0000] {dagbag.py:538} INFO - Filling up the DagBag from /opt/airflow/dags/ml_models.py
[2026-01-01T20:54:52.796+0000] {processor.py:840} INFO - DAG(s) 'ml_models' retrieved from /opt/airflow/dags/ml_models.py
[2026-01-01T20:54:52.823+0000] {logging_mixin.py:188} INFO - [2026-01-01T20:54:52.823+0000] {dag.py:3036} INFO - Sync 1 DAGs
[2026-01-01T20:54:52.847+0000] {logging_mixin.py:188} INFO - [2026-01-01T20:54:52.847+0000] {dag.py:3823} INFO - Setting next_dagrun for ml_models to 2025-12-31 00:00:00+00:00, run_after=2026-01-01 00:00:00+00:00
[2026-01-01T20:54:52.868+0000] {processor.py:183} INFO - Processing /opt/airflow/dags/ml_models.py took 0.098 seconds
[2026-01-01T20:55:23.176+0000] {processor.py:161} INFO - Started process (PID=20361) to work on /opt/airflow/dags/ml_models.py
[2026-01-01T20:55:23.178+0000] {processor.py:830} INFO - Processing file /opt/airflow/dags/ml_models.py for tasks to queue
[2026-01-01T20:55:23.180+0000] {logging_mixin.py:188} INFO - [2026-01-01T20:55:23.179+0000] {dagbag.py:538} INFO - Filling up the DagBag from /opt/airflow/dags/ml_models.py
[2026-01-01T20:55:23.202+0000] {processor.py:840} INFO - DAG(s) 'ml_models' retrieved from /opt/airflow/dags/ml_models.py
[2026-01-01T20:55:23.232+0000] {logging_mixin.py:188} INFO - [2026-01-01T20:55:23.232+0000] {dag.py:3036} INFO - Sync 1 DAGs
[2026-01-01T20:55:23.263+0000] {logging_mixin.py:188} INFO - [2026-01-01T20:55:23.262+0000] {dag.py:3823} INFO - Setting next_dagrun for ml_models to 2025-12-31 00:00:00+00:00, run_after=2026-01-01 00:00:00+00:00
[2026-01-01T20:55:23.292+0000] {processor.py:183} INFO - Processing /opt/airflow/dags/ml_models.py took 0.119 seconds
[2026-01-01T20:55:53.708+0000] {processor.py:161} INFO - Started process (PID=20381) to work on /opt/airflow/dags/ml_models.py
[2026-01-01T20:55:53.709+0000] {processor.py:830} INFO - Processing file /opt/airflow/dags/ml_models.py for tasks to queue
[2026-01-01T20:55:53.710+0000] {logging_mixin.py:188} INFO - [2026-01-01T20:55:53.710+0000] {dagbag.py:538} INFO - Filling up the DagBag from /opt/airflow/dags/ml_models.py
[2026-01-01T20:55:53.728+0000] {processor.py:840} INFO - DAG(s) 'ml_models' retrieved from /opt/airflow/dags/ml_models.py
[2026-01-01T20:55:53.754+0000] {logging_mixin.py:188} INFO - [2026-01-01T20:55:53.754+0000] {dag.py:3036} INFO - Sync 1 DAGs
[2026-01-01T20:55:53.779+0000] {logging_mixin.py:188} INFO - [2026-01-01T20:55:53.778+0000] {dag.py:3823} INFO - Setting next_dagrun for ml_models to 2025-12-31 00:00:00+00:00, run_after=2026-01-01 00:00:00+00:00
[2026-01-01T20:55:53.811+0000] {processor.py:183} INFO - Processing /opt/airflow/dags/ml_models.py took 0.106 seconds
[2026-01-01T20:56:24.113+0000] {processor.py:161} INFO - Started process (PID=20401) to work on /opt/airflow/dags/ml_models.py
[2026-01-01T20:56:24.114+0000] {processor.py:830} INFO - Processing file /opt/airflow/dags/ml_models.py for tasks to queue
[2026-01-01T20:56:24.115+0000] {logging_mixin.py:188} INFO - [2026-01-01T20:56:24.115+0000] {dagbag.py:538} INFO - Filling up the DagBag from /opt/airflow/dags/ml_models.py
[2026-01-01T20:56:24.136+0000] {processor.py:840} INFO - DAG(s) 'ml_models' retrieved from /opt/airflow/dags/ml_models.py
[2026-01-01T20:56:24.162+0000] {logging_mixin.py:188} INFO - [2026-01-01T20:56:24.162+0000] {dag.py:3036} INFO - Sync 1 DAGs
[2026-01-01T20:56:24.186+0000] {logging_mixin.py:188} INFO - [2026-01-01T20:56:24.185+0000] {dag.py:3823} INFO - Setting next_dagrun for ml_models to 2025-12-31 00:00:00+00:00, run_after=2026-01-01 00:00:00+00:00
[2026-01-01T20:56:24.207+0000] {processor.py:183} INFO - Processing /opt/airflow/dags/ml_models.py took 0.097 seconds
[2026-01-01T20:56:54.519+0000] {processor.py:161} INFO - Started process (PID=20421) to work on /opt/airflow/dags/ml_models.py
[2026-01-01T20:56:54.520+0000] {processor.py:830} INFO - Processing file /opt/airflow/dags/ml_models.py for tasks to queue
[2026-01-01T20:56:54.521+0000] {logging_mixin.py:188} INFO - [2026-01-01T20:56:54.521+0000] {dagbag.py:538} INFO - Filling up the DagBag from /opt/airflow/dags/ml_models.py
[2026-01-01T20:56:54.544+0000] {processor.py:840} INFO - DAG(s) 'ml_models' retrieved from /opt/airflow/dags/ml_models.py
[2026-01-01T20:56:54.570+0000] {logging_mixin.py:188} INFO - [2026-01-01T20:56:54.570+0000] {dag.py:3036} INFO - Sync 1 DAGs
[2026-01-01T20:56:54.595+0000] {logging_mixin.py:188} INFO - [2026-01-01T20:56:54.595+0000] {dag.py:3823} INFO - Setting next_dagrun for ml_models to 2025-12-31 00:00:00+00:00, run_after=2026-01-01 00:00:00+00:00
[2026-01-01T20:56:54.625+0000] {processor.py:183} INFO - Processing /opt/airflow/dags/ml_models.py took 0.110 seconds
[2026-01-01T20:57:24.920+0000] {processor.py:161} INFO - Started process (PID=20441) to work on /opt/airflow/dags/ml_models.py
[2026-01-01T20:57:24.922+0000] {processor.py:830} INFO - Processing file /opt/airflow/dags/ml_models.py for tasks to queue
[2026-01-01T20:57:24.923+0000] {logging_mixin.py:188} INFO - [2026-01-01T20:57:24.922+0000] {dagbag.py:538} INFO - Filling up the DagBag from /opt/airflow/dags/ml_models.py
[2026-01-01T20:57:24.943+0000] {processor.py:840} INFO - DAG(s) 'ml_models' retrieved from /opt/airflow/dags/ml_models.py
[2026-01-01T20:57:24.970+0000] {logging_mixin.py:188} INFO - [2026-01-01T20:57:24.969+0000] {dag.py:3036} INFO - Sync 1 DAGs
[2026-01-01T20:57:24.994+0000] {logging_mixin.py:188} INFO - [2026-01-01T20:57:24.994+0000] {dag.py:3823} INFO - Setting next_dagrun for ml_models to 2025-12-31 00:00:00+00:00, run_after=2026-01-01 00:00:00+00:00
[2026-01-01T20:57:25.025+0000] {processor.py:183} INFO - Processing /opt/airflow/dags/ml_models.py took 0.109 seconds
[2026-01-01T20:57:55.319+0000] {processor.py:161} INFO - Started process (PID=20461) to work on /opt/airflow/dags/ml_models.py
[2026-01-01T20:57:55.320+0000] {processor.py:830} INFO - Processing file /opt/airflow/dags/ml_models.py for tasks to queue
[2026-01-01T20:57:55.321+0000] {logging_mixin.py:188} INFO - [2026-01-01T20:57:55.321+0000] {dagbag.py:538} INFO - Filling up the DagBag from /opt/airflow/dags/ml_models.py
[2026-01-01T20:57:55.342+0000] {processor.py:840} INFO - DAG(s) 'ml_models' retrieved from /opt/airflow/dags/ml_models.py
[2026-01-01T20:57:55.369+0000] {logging_mixin.py:188} INFO - [2026-01-01T20:57:55.369+0000] {dag.py:3036} INFO - Sync 1 DAGs
[2026-01-01T20:57:55.393+0000] {logging_mixin.py:188} INFO - [2026-01-01T20:57:55.393+0000] {dag.py:3823} INFO - Setting next_dagrun for ml_models to 2025-12-31 00:00:00+00:00, run_after=2026-01-01 00:00:00+00:00
[2026-01-01T20:57:55.413+0000] {processor.py:183} INFO - Processing /opt/airflow/dags/ml_models.py took 0.097 seconds
[2026-01-01T20:58:25.891+0000] {processor.py:161} INFO - Started process (PID=20481) to work on /opt/airflow/dags/ml_models.py
[2026-01-01T20:58:25.892+0000] {processor.py:830} INFO - Processing file /opt/airflow/dags/ml_models.py for tasks to queue
[2026-01-01T20:58:25.893+0000] {logging_mixin.py:188} INFO - [2026-01-01T20:58:25.892+0000] {dagbag.py:538} INFO - Filling up the DagBag from /opt/airflow/dags/ml_models.py
[2026-01-01T20:58:25.912+0000] {processor.py:840} INFO - DAG(s) 'ml_models' retrieved from /opt/airflow/dags/ml_models.py
[2026-01-01T20:58:25.939+0000] {logging_mixin.py:188} INFO - [2026-01-01T20:58:25.938+0000] {dag.py:3036} INFO - Sync 1 DAGs
[2026-01-01T20:58:25.963+0000] {logging_mixin.py:188} INFO - [2026-01-01T20:58:25.963+0000] {dag.py:3823} INFO - Setting next_dagrun for ml_models to 2025-12-31 00:00:00+00:00, run_after=2026-01-01 00:00:00+00:00
[2026-01-01T20:58:25.983+0000] {processor.py:183} INFO - Processing /opt/airflow/dags/ml_models.py took 0.095 seconds
[2026-01-01T20:58:56.302+0000] {processor.py:161} INFO - Started process (PID=20501) to work on /opt/airflow/dags/ml_models.py
[2026-01-01T20:58:56.304+0000] {processor.py:830} INFO - Processing file /opt/airflow/dags/ml_models.py for tasks to queue
[2026-01-01T20:58:56.305+0000] {logging_mixin.py:188} INFO - [2026-01-01T20:58:56.304+0000] {dagbag.py:538} INFO - Filling up the DagBag from /opt/airflow/dags/ml_models.py
[2026-01-01T20:58:56.326+0000] {processor.py:840} INFO - DAG(s) 'ml_models' retrieved from /opt/airflow/dags/ml_models.py
[2026-01-01T20:58:56.354+0000] {logging_mixin.py:188} INFO - [2026-01-01T20:58:56.354+0000] {dag.py:3036} INFO - Sync 1 DAGs
[2026-01-01T20:58:56.382+0000] {logging_mixin.py:188} INFO - [2026-01-01T20:58:56.381+0000] {dag.py:3823} INFO - Setting next_dagrun for ml_models to 2025-12-31 00:00:00+00:00, run_after=2026-01-01 00:00:00+00:00
[2026-01-01T20:58:56.403+0000] {processor.py:183} INFO - Processing /opt/airflow/dags/ml_models.py took 0.106 seconds
[2026-01-01T20:59:26.818+0000] {processor.py:161} INFO - Started process (PID=20521) to work on /opt/airflow/dags/ml_models.py
[2026-01-01T20:59:26.819+0000] {processor.py:830} INFO - Processing file /opt/airflow/dags/ml_models.py for tasks to queue
[2026-01-01T20:59:26.820+0000] {logging_mixin.py:188} INFO - [2026-01-01T20:59:26.820+0000] {dagbag.py:538} INFO - Filling up the DagBag from /opt/airflow/dags/ml_models.py
[2026-01-01T20:59:26.842+0000] {processor.py:840} INFO - DAG(s) 'ml_models' retrieved from /opt/airflow/dags/ml_models.py
[2026-01-01T20:59:26.870+0000] {logging_mixin.py:188} INFO - [2026-01-01T20:59:26.869+0000] {dag.py:3036} INFO - Sync 1 DAGs
[2026-01-01T20:59:26.896+0000] {logging_mixin.py:188} INFO - [2026-01-01T20:59:26.896+0000] {dag.py:3823} INFO - Setting next_dagrun for ml_models to 2025-12-31 00:00:00+00:00, run_after=2026-01-01 00:00:00+00:00
[2026-01-01T20:59:26.919+0000] {processor.py:183} INFO - Processing /opt/airflow/dags/ml_models.py took 0.105 seconds
[2026-01-01T20:59:57.214+0000] {processor.py:161} INFO - Started process (PID=20541) to work on /opt/airflow/dags/ml_models.py
[2026-01-01T20:59:57.216+0000] {processor.py:830} INFO - Processing file /opt/airflow/dags/ml_models.py for tasks to queue
[2026-01-01T20:59:57.217+0000] {logging_mixin.py:188} INFO - [2026-01-01T20:59:57.217+0000] {dagbag.py:538} INFO - Filling up the DagBag from /opt/airflow/dags/ml_models.py
[2026-01-01T20:59:57.237+0000] {processor.py:840} INFO - DAG(s) 'ml_models' retrieved from /opt/airflow/dags/ml_models.py
[2026-01-01T20:59:57.263+0000] {logging_mixin.py:188} INFO - [2026-01-01T20:59:57.263+0000] {dag.py:3036} INFO - Sync 1 DAGs
[2026-01-01T20:59:57.290+0000] {logging_mixin.py:188} INFO - [2026-01-01T20:59:57.290+0000] {dag.py:3823} INFO - Setting next_dagrun for ml_models to 2025-12-31 00:00:00+00:00, run_after=2026-01-01 00:00:00+00:00
[2026-01-01T20:59:57.322+0000] {processor.py:183} INFO - Processing /opt/airflow/dags/ml_models.py took 0.111 seconds
[2026-01-01T21:00:27.630+0000] {processor.py:161} INFO - Started process (PID=20561) to work on /opt/airflow/dags/ml_models.py
[2026-01-01T21:00:27.631+0000] {processor.py:830} INFO - Processing file /opt/airflow/dags/ml_models.py for tasks to queue
[2026-01-01T21:00:27.632+0000] {logging_mixin.py:188} INFO - [2026-01-01T21:00:27.632+0000] {dagbag.py:538} INFO - Filling up the DagBag from /opt/airflow/dags/ml_models.py
[2026-01-01T21:00:27.652+0000] {processor.py:840} INFO - DAG(s) 'ml_models' retrieved from /opt/airflow/dags/ml_models.py
[2026-01-01T21:00:27.678+0000] {logging_mixin.py:188} INFO - [2026-01-01T21:00:27.678+0000] {dag.py:3036} INFO - Sync 1 DAGs
[2026-01-01T21:00:27.702+0000] {logging_mixin.py:188} INFO - [2026-01-01T21:00:27.702+0000] {dag.py:3823} INFO - Setting next_dagrun for ml_models to 2025-12-31 00:00:00+00:00, run_after=2026-01-01 00:00:00+00:00
[2026-01-01T21:00:27.722+0000] {processor.py:183} INFO - Processing /opt/airflow/dags/ml_models.py took 0.095 seconds
[2026-01-01T21:00:58.142+0000] {processor.py:161} INFO - Started process (PID=20581) to work on /opt/airflow/dags/ml_models.py
[2026-01-01T21:00:58.143+0000] {processor.py:830} INFO - Processing file /opt/airflow/dags/ml_models.py for tasks to queue
[2026-01-01T21:00:58.145+0000] {logging_mixin.py:188} INFO - [2026-01-01T21:00:58.144+0000] {dagbag.py:538} INFO - Filling up the DagBag from /opt/airflow/dags/ml_models.py
[2026-01-01T21:00:58.167+0000] {processor.py:840} INFO - DAG(s) 'ml_models' retrieved from /opt/airflow/dags/ml_models.py
[2026-01-01T21:00:58.196+0000] {logging_mixin.py:188} INFO - [2026-01-01T21:00:58.196+0000] {dag.py:3036} INFO - Sync 1 DAGs
[2026-01-01T21:00:58.224+0000] {logging_mixin.py:188} INFO - [2026-01-01T21:00:58.224+0000] {dag.py:3823} INFO - Setting next_dagrun for ml_models to 2025-12-31 00:00:00+00:00, run_after=2026-01-01 00:00:00+00:00
[2026-01-01T21:00:58.255+0000] {processor.py:183} INFO - Processing /opt/airflow/dags/ml_models.py took 0.117 seconds
[2026-01-01T21:01:28.545+0000] {processor.py:161} INFO - Started process (PID=20601) to work on /opt/airflow/dags/ml_models.py
[2026-01-01T21:01:28.546+0000] {processor.py:830} INFO - Processing file /opt/airflow/dags/ml_models.py for tasks to queue
[2026-01-01T21:01:28.547+0000] {logging_mixin.py:188} INFO - [2026-01-01T21:01:28.547+0000] {dagbag.py:538} INFO - Filling up the DagBag from /opt/airflow/dags/ml_models.py
[2026-01-01T21:01:28.567+0000] {processor.py:840} INFO - DAG(s) 'ml_models' retrieved from /opt/airflow/dags/ml_models.py
[2026-01-01T21:01:28.595+0000] {logging_mixin.py:188} INFO - [2026-01-01T21:01:28.595+0000] {dag.py:3036} INFO - Sync 1 DAGs
[2026-01-01T21:01:28.621+0000] {logging_mixin.py:188} INFO - [2026-01-01T21:01:28.621+0000] {dag.py:3823} INFO - Setting next_dagrun for ml_models to 2025-12-31 00:00:00+00:00, run_after=2026-01-01 00:00:00+00:00
[2026-01-01T21:01:28.654+0000] {processor.py:183} INFO - Processing /opt/airflow/dags/ml_models.py took 0.113 seconds
[2026-01-01T21:01:58.952+0000] {processor.py:161} INFO - Started process (PID=20621) to work on /opt/airflow/dags/ml_models.py
[2026-01-01T21:01:58.953+0000] {processor.py:830} INFO - Processing file /opt/airflow/dags/ml_models.py for tasks to queue
[2026-01-01T21:01:58.954+0000] {logging_mixin.py:188} INFO - [2026-01-01T21:01:58.954+0000] {dagbag.py:538} INFO - Filling up the DagBag from /opt/airflow/dags/ml_models.py
[2026-01-01T21:01:58.975+0000] {processor.py:840} INFO - DAG(s) 'ml_models' retrieved from /opt/airflow/dags/ml_models.py
[2026-01-01T21:01:59.001+0000] {logging_mixin.py:188} INFO - [2026-01-01T21:01:59.001+0000] {dag.py:3036} INFO - Sync 1 DAGs
[2026-01-01T21:01:59.025+0000] {logging_mixin.py:188} INFO - [2026-01-01T21:01:59.025+0000] {dag.py:3823} INFO - Setting next_dagrun for ml_models to 2025-12-31 00:00:00+00:00, run_after=2026-01-01 00:00:00+00:00
[2026-01-01T21:01:59.056+0000] {processor.py:183} INFO - Processing /opt/airflow/dags/ml_models.py took 0.108 seconds
[2026-01-01T21:02:29.379+0000] {processor.py:161} INFO - Started process (PID=20641) to work on /opt/airflow/dags/ml_models.py
[2026-01-01T21:02:29.381+0000] {processor.py:830} INFO - Processing file /opt/airflow/dags/ml_models.py for tasks to queue
[2026-01-01T21:02:29.382+0000] {logging_mixin.py:188} INFO - [2026-01-01T21:02:29.382+0000] {dagbag.py:538} INFO - Filling up the DagBag from /opt/airflow/dags/ml_models.py
[2026-01-01T21:02:29.412+0000] {processor.py:840} INFO - DAG(s) 'ml_models' retrieved from /opt/airflow/dags/ml_models.py
[2026-01-01T21:02:29.448+0000] {logging_mixin.py:188} INFO - [2026-01-01T21:02:29.448+0000] {dag.py:3036} INFO - Sync 1 DAGs
[2026-01-01T21:02:29.482+0000] {logging_mixin.py:188} INFO - [2026-01-01T21:02:29.481+0000] {dag.py:3823} INFO - Setting next_dagrun for ml_models to 2025-12-31 00:00:00+00:00, run_after=2026-01-01 00:00:00+00:00
[2026-01-01T21:02:29.509+0000] {processor.py:183} INFO - Processing /opt/airflow/dags/ml_models.py took 0.147 seconds
[2026-01-01T21:02:59.976+0000] {processor.py:161} INFO - Started process (PID=20661) to work on /opt/airflow/dags/ml_models.py
[2026-01-01T21:02:59.977+0000] {processor.py:830} INFO - Processing file /opt/airflow/dags/ml_models.py for tasks to queue
[2026-01-01T21:02:59.978+0000] {logging_mixin.py:188} INFO - [2026-01-01T21:02:59.978+0000] {dagbag.py:538} INFO - Filling up the DagBag from /opt/airflow/dags/ml_models.py
[2026-01-01T21:03:00.004+0000] {processor.py:840} INFO - DAG(s) 'ml_models' retrieved from /opt/airflow/dags/ml_models.py
[2026-01-01T21:03:00.034+0000] {logging_mixin.py:188} INFO - [2026-01-01T21:03:00.033+0000] {dag.py:3036} INFO - Sync 1 DAGs
[2026-01-01T21:03:00.063+0000] {logging_mixin.py:188} INFO - [2026-01-01T21:03:00.063+0000] {dag.py:3823} INFO - Setting next_dagrun for ml_models to 2025-12-31 00:00:00+00:00, run_after=2026-01-01 00:00:00+00:00
[2026-01-01T21:03:00.086+0000] {processor.py:183} INFO - Processing /opt/airflow/dags/ml_models.py took 0.114 seconds
[2026-01-01T21:03:30.627+0000] {processor.py:161} INFO - Started process (PID=20681) to work on /opt/airflow/dags/ml_models.py
[2026-01-01T21:03:30.628+0000] {processor.py:830} INFO - Processing file /opt/airflow/dags/ml_models.py for tasks to queue
[2026-01-01T21:03:30.629+0000] {logging_mixin.py:188} INFO - [2026-01-01T21:03:30.629+0000] {dagbag.py:538} INFO - Filling up the DagBag from /opt/airflow/dags/ml_models.py
[2026-01-01T21:03:30.656+0000] {processor.py:840} INFO - DAG(s) 'ml_models' retrieved from /opt/airflow/dags/ml_models.py
[2026-01-01T21:03:30.689+0000] {logging_mixin.py:188} INFO - [2026-01-01T21:03:30.689+0000] {dag.py:3036} INFO - Sync 1 DAGs
[2026-01-01T21:03:30.716+0000] {logging_mixin.py:188} INFO - [2026-01-01T21:03:30.716+0000] {dag.py:3823} INFO - Setting next_dagrun for ml_models to 2025-12-31 00:00:00+00:00, run_after=2026-01-01 00:00:00+00:00
[2026-01-01T21:03:30.743+0000] {processor.py:183} INFO - Processing /opt/airflow/dags/ml_models.py took 0.120 seconds
[2026-01-01T21:04:01.193+0000] {processor.py:161} INFO - Started process (PID=20701) to work on /opt/airflow/dags/ml_models.py
[2026-01-01T21:04:01.194+0000] {processor.py:830} INFO - Processing file /opt/airflow/dags/ml_models.py for tasks to queue
[2026-01-01T21:04:01.195+0000] {logging_mixin.py:188} INFO - [2026-01-01T21:04:01.195+0000] {dagbag.py:538} INFO - Filling up the DagBag from /opt/airflow/dags/ml_models.py
[2026-01-01T21:04:01.217+0000] {processor.py:840} INFO - DAG(s) 'ml_models' retrieved from /opt/airflow/dags/ml_models.py
[2026-01-01T21:04:01.248+0000] {logging_mixin.py:188} INFO - [2026-01-01T21:04:01.248+0000] {dag.py:3036} INFO - Sync 1 DAGs
[2026-01-01T21:04:01.276+0000] {logging_mixin.py:188} INFO - [2026-01-01T21:04:01.276+0000] {dag.py:3823} INFO - Setting next_dagrun for ml_models to 2025-12-31 00:00:00+00:00, run_after=2026-01-01 00:00:00+00:00
[2026-01-01T21:04:01.311+0000] {processor.py:183} INFO - Processing /opt/airflow/dags/ml_models.py took 0.121 seconds
[2026-01-01T21:04:31.644+0000] {processor.py:161} INFO - Started process (PID=20721) to work on /opt/airflow/dags/ml_models.py
[2026-01-01T21:04:31.646+0000] {processor.py:830} INFO - Processing file /opt/airflow/dags/ml_models.py for tasks to queue
[2026-01-01T21:04:31.647+0000] {logging_mixin.py:188} INFO - [2026-01-01T21:04:31.647+0000] {dagbag.py:538} INFO - Filling up the DagBag from /opt/airflow/dags/ml_models.py
[2026-01-01T21:04:31.669+0000] {processor.py:840} INFO - DAG(s) 'ml_models' retrieved from /opt/airflow/dags/ml_models.py
[2026-01-01T21:04:31.701+0000] {logging_mixin.py:188} INFO - [2026-01-01T21:04:31.700+0000] {dag.py:3036} INFO - Sync 1 DAGs
[2026-01-01T21:04:31.731+0000] {logging_mixin.py:188} INFO - [2026-01-01T21:04:31.731+0000] {dag.py:3823} INFO - Setting next_dagrun for ml_models to 2025-12-31 00:00:00+00:00, run_after=2026-01-01 00:00:00+00:00
[2026-01-01T21:04:31.764+0000] {processor.py:183} INFO - Processing /opt/airflow/dags/ml_models.py took 0.127 seconds
[2026-01-01T21:05:02.077+0000] {processor.py:161} INFO - Started process (PID=20741) to work on /opt/airflow/dags/ml_models.py
[2026-01-01T21:05:02.078+0000] {processor.py:830} INFO - Processing file /opt/airflow/dags/ml_models.py for tasks to queue
[2026-01-01T21:05:02.079+0000] {logging_mixin.py:188} INFO - [2026-01-01T21:05:02.079+0000] {dagbag.py:538} INFO - Filling up the DagBag from /opt/airflow/dags/ml_models.py
[2026-01-01T21:05:02.102+0000] {processor.py:840} INFO - DAG(s) 'ml_models' retrieved from /opt/airflow/dags/ml_models.py
[2026-01-01T21:05:02.128+0000] {logging_mixin.py:188} INFO - [2026-01-01T21:05:02.128+0000] {dag.py:3036} INFO - Sync 1 DAGs
[2026-01-01T21:05:02.152+0000] {logging_mixin.py:188} INFO - [2026-01-01T21:05:02.152+0000] {dag.py:3823} INFO - Setting next_dagrun for ml_models to 2025-12-31 00:00:00+00:00, run_after=2026-01-01 00:00:00+00:00
[2026-01-01T21:05:02.174+0000] {processor.py:183} INFO - Processing /opt/airflow/dags/ml_models.py took 0.101 seconds
[2026-01-01T21:05:32.488+0000] {processor.py:161} INFO - Started process (PID=20761) to work on /opt/airflow/dags/ml_models.py
[2026-01-01T21:05:32.490+0000] {processor.py:830} INFO - Processing file /opt/airflow/dags/ml_models.py for tasks to queue
[2026-01-01T21:05:32.491+0000] {logging_mixin.py:188} INFO - [2026-01-01T21:05:32.490+0000] {dagbag.py:538} INFO - Filling up the DagBag from /opt/airflow/dags/ml_models.py
[2026-01-01T21:05:32.512+0000] {processor.py:840} INFO - DAG(s) 'ml_models' retrieved from /opt/airflow/dags/ml_models.py
[2026-01-01T21:05:32.539+0000] {logging_mixin.py:188} INFO - [2026-01-01T21:05:32.539+0000] {dag.py:3036} INFO - Sync 1 DAGs
[2026-01-01T21:05:32.565+0000] {logging_mixin.py:188} INFO - [2026-01-01T21:05:32.565+0000] {dag.py:3823} INFO - Setting next_dagrun for ml_models to 2025-12-31 00:00:00+00:00, run_after=2026-01-01 00:00:00+00:00
[2026-01-01T21:05:32.586+0000] {processor.py:183} INFO - Processing /opt/airflow/dags/ml_models.py took 0.102 seconds
[2026-01-01T21:06:03.014+0000] {processor.py:161} INFO - Started process (PID=20781) to work on /opt/airflow/dags/ml_models.py
[2026-01-01T21:06:03.016+0000] {processor.py:830} INFO - Processing file /opt/airflow/dags/ml_models.py for tasks to queue
[2026-01-01T21:06:03.017+0000] {logging_mixin.py:188} INFO - [2026-01-01T21:06:03.017+0000] {dagbag.py:538} INFO - Filling up the DagBag from /opt/airflow/dags/ml_models.py
[2026-01-01T21:06:03.036+0000] {processor.py:840} INFO - DAG(s) 'ml_models' retrieved from /opt/airflow/dags/ml_models.py
[2026-01-01T21:06:03.067+0000] {logging_mixin.py:188} INFO - [2026-01-01T21:06:03.066+0000] {dag.py:3036} INFO - Sync 1 DAGs
[2026-01-01T21:06:03.094+0000] {logging_mixin.py:188} INFO - [2026-01-01T21:06:03.093+0000] {dag.py:3823} INFO - Setting next_dagrun for ml_models to 2025-12-31 00:00:00+00:00, run_after=2026-01-01 00:00:00+00:00
[2026-01-01T21:06:03.116+0000] {processor.py:183} INFO - Processing /opt/airflow/dags/ml_models.py took 0.105 seconds
[2026-01-01T21:06:33.546+0000] {processor.py:161} INFO - Started process (PID=20801) to work on /opt/airflow/dags/ml_models.py
[2026-01-01T21:06:33.548+0000] {processor.py:830} INFO - Processing file /opt/airflow/dags/ml_models.py for tasks to queue
[2026-01-01T21:06:33.548+0000] {logging_mixin.py:188} INFO - [2026-01-01T21:06:33.548+0000] {dagbag.py:538} INFO - Filling up the DagBag from /opt/airflow/dags/ml_models.py
[2026-01-01T21:06:33.570+0000] {processor.py:840} INFO - DAG(s) 'ml_models' retrieved from /opt/airflow/dags/ml_models.py
[2026-01-01T21:06:33.598+0000] {logging_mixin.py:188} INFO - [2026-01-01T21:06:33.598+0000] {dag.py:3036} INFO - Sync 1 DAGs
[2026-01-01T21:06:33.624+0000] {logging_mixin.py:188} INFO - [2026-01-01T21:06:33.623+0000] {dag.py:3823} INFO - Setting next_dagrun for ml_models to 2025-12-31 00:00:00+00:00, run_after=2026-01-01 00:00:00+00:00
[2026-01-01T21:06:33.643+0000] {processor.py:183} INFO - Processing /opt/airflow/dags/ml_models.py took 0.101 seconds
[2026-01-01T21:07:04.071+0000] {processor.py:161} INFO - Started process (PID=20821) to work on /opt/airflow/dags/ml_models.py
[2026-01-01T21:07:04.073+0000] {processor.py:830} INFO - Processing file /opt/airflow/dags/ml_models.py for tasks to queue
[2026-01-01T21:07:04.074+0000] {logging_mixin.py:188} INFO - [2026-01-01T21:07:04.074+0000] {dagbag.py:538} INFO - Filling up the DagBag from /opt/airflow/dags/ml_models.py
[2026-01-01T21:07:04.096+0000] {processor.py:840} INFO - DAG(s) 'ml_models' retrieved from /opt/airflow/dags/ml_models.py
[2026-01-01T21:07:04.122+0000] {logging_mixin.py:188} INFO - [2026-01-01T21:07:04.122+0000] {dag.py:3036} INFO - Sync 1 DAGs
[2026-01-01T21:07:04.148+0000] {logging_mixin.py:188} INFO - [2026-01-01T21:07:04.147+0000] {dag.py:3823} INFO - Setting next_dagrun for ml_models to 2025-12-31 00:00:00+00:00, run_after=2026-01-01 00:00:00+00:00
[2026-01-01T21:07:04.168+0000] {processor.py:183} INFO - Processing /opt/airflow/dags/ml_models.py took 0.101 seconds
[2026-01-01T21:07:34.600+0000] {processor.py:161} INFO - Started process (PID=20841) to work on /opt/airflow/dags/ml_models.py
[2026-01-01T21:07:34.601+0000] {processor.py:830} INFO - Processing file /opt/airflow/dags/ml_models.py for tasks to queue
[2026-01-01T21:07:34.602+0000] {logging_mixin.py:188} INFO - [2026-01-01T21:07:34.602+0000] {dagbag.py:538} INFO - Filling up the DagBag from /opt/airflow/dags/ml_models.py
[2026-01-01T21:07:34.624+0000] {processor.py:840} INFO - DAG(s) 'ml_models' retrieved from /opt/airflow/dags/ml_models.py
[2026-01-01T21:07:34.651+0000] {logging_mixin.py:188} INFO - [2026-01-01T21:07:34.651+0000] {dag.py:3036} INFO - Sync 1 DAGs
[2026-01-01T21:07:34.676+0000] {logging_mixin.py:188} INFO - [2026-01-01T21:07:34.676+0000] {dag.py:3823} INFO - Setting next_dagrun for ml_models to 2025-12-31 00:00:00+00:00, run_after=2026-01-01 00:00:00+00:00
[2026-01-01T21:07:34.698+0000] {processor.py:183} INFO - Processing /opt/airflow/dags/ml_models.py took 0.101 seconds
[2026-01-01T21:08:05.184+0000] {processor.py:161} INFO - Started process (PID=20861) to work on /opt/airflow/dags/ml_models.py
[2026-01-01T21:08:05.185+0000] {processor.py:830} INFO - Processing file /opt/airflow/dags/ml_models.py for tasks to queue
[2026-01-01T21:08:05.186+0000] {logging_mixin.py:188} INFO - [2026-01-01T21:08:05.186+0000] {dagbag.py:538} INFO - Filling up the DagBag from /opt/airflow/dags/ml_models.py
[2026-01-01T21:08:05.208+0000] {processor.py:840} INFO - DAG(s) 'ml_models' retrieved from /opt/airflow/dags/ml_models.py
[2026-01-01T21:08:05.236+0000] {logging_mixin.py:188} INFO - [2026-01-01T21:08:05.236+0000] {dag.py:3036} INFO - Sync 1 DAGs
[2026-01-01T21:08:05.264+0000] {logging_mixin.py:188} INFO - [2026-01-01T21:08:05.264+0000] {dag.py:3823} INFO - Setting next_dagrun for ml_models to 2025-12-31 00:00:00+00:00, run_after=2026-01-01 00:00:00+00:00
[2026-01-01T21:08:05.285+0000] {processor.py:183} INFO - Processing /opt/airflow/dags/ml_models.py took 0.105 seconds
[2026-01-01T21:08:35.595+0000] {processor.py:161} INFO - Started process (PID=20881) to work on /opt/airflow/dags/ml_models.py
[2026-01-01T21:08:35.596+0000] {processor.py:830} INFO - Processing file /opt/airflow/dags/ml_models.py for tasks to queue
[2026-01-01T21:08:35.597+0000] {logging_mixin.py:188} INFO - [2026-01-01T21:08:35.597+0000] {dagbag.py:538} INFO - Filling up the DagBag from /opt/airflow/dags/ml_models.py
[2026-01-01T21:08:35.623+0000] {processor.py:840} INFO - DAG(s) 'ml_models' retrieved from /opt/airflow/dags/ml_models.py
[2026-01-01T21:08:35.654+0000] {logging_mixin.py:188} INFO - [2026-01-01T21:08:35.653+0000] {dag.py:3036} INFO - Sync 1 DAGs
[2026-01-01T21:08:35.683+0000] {logging_mixin.py:188} INFO - [2026-01-01T21:08:35.683+0000] {dag.py:3823} INFO - Setting next_dagrun for ml_models to 2025-12-31 00:00:00+00:00, run_after=2026-01-01 00:00:00+00:00
[2026-01-01T21:08:35.718+0000] {processor.py:183} INFO - Processing /opt/airflow/dags/ml_models.py took 0.127 seconds
[2026-01-01T21:09:06.017+0000] {processor.py:161} INFO - Started process (PID=20901) to work on /opt/airflow/dags/ml_models.py
[2026-01-01T21:09:06.018+0000] {processor.py:830} INFO - Processing file /opt/airflow/dags/ml_models.py for tasks to queue
[2026-01-01T21:09:06.019+0000] {logging_mixin.py:188} INFO - [2026-01-01T21:09:06.019+0000] {dagbag.py:538} INFO - Filling up the DagBag from /opt/airflow/dags/ml_models.py
[2026-01-01T21:09:06.041+0000] {processor.py:840} INFO - DAG(s) 'ml_models' retrieved from /opt/airflow/dags/ml_models.py
[2026-01-01T21:09:06.068+0000] {logging_mixin.py:188} INFO - [2026-01-01T21:09:06.068+0000] {dag.py:3036} INFO - Sync 1 DAGs
[2026-01-01T21:09:06.093+0000] {logging_mixin.py:188} INFO - [2026-01-01T21:09:06.093+0000] {dag.py:3823} INFO - Setting next_dagrun for ml_models to 2025-12-31 00:00:00+00:00, run_after=2026-01-01 00:00:00+00:00
[2026-01-01T21:09:06.116+0000] {processor.py:183} INFO - Processing /opt/airflow/dags/ml_models.py took 0.104 seconds
[2026-01-01T21:09:36.563+0000] {processor.py:161} INFO - Started process (PID=20921) to work on /opt/airflow/dags/ml_models.py
[2026-01-01T21:09:36.564+0000] {processor.py:830} INFO - Processing file /opt/airflow/dags/ml_models.py for tasks to queue
[2026-01-01T21:09:36.565+0000] {logging_mixin.py:188} INFO - [2026-01-01T21:09:36.565+0000] {dagbag.py:538} INFO - Filling up the DagBag from /opt/airflow/dags/ml_models.py
[2026-01-01T21:09:36.586+0000] {processor.py:840} INFO - DAG(s) 'ml_models' retrieved from /opt/airflow/dags/ml_models.py
[2026-01-01T21:09:36.612+0000] {logging_mixin.py:188} INFO - [2026-01-01T21:09:36.612+0000] {dag.py:3036} INFO - Sync 1 DAGs
[2026-01-01T21:09:36.636+0000] {logging_mixin.py:188} INFO - [2026-01-01T21:09:36.636+0000] {dag.py:3823} INFO - Setting next_dagrun for ml_models to 2025-12-31 00:00:00+00:00, run_after=2026-01-01 00:00:00+00:00
[2026-01-01T21:09:36.656+0000] {processor.py:183} INFO - Processing /opt/airflow/dags/ml_models.py took 0.097 seconds
[2026-01-01T21:10:07.101+0000] {processor.py:161} INFO - Started process (PID=20941) to work on /opt/airflow/dags/ml_models.py
[2026-01-01T21:10:07.103+0000] {processor.py:830} INFO - Processing file /opt/airflow/dags/ml_models.py for tasks to queue
[2026-01-01T21:10:07.104+0000] {logging_mixin.py:188} INFO - [2026-01-01T21:10:07.104+0000] {dagbag.py:538} INFO - Filling up the DagBag from /opt/airflow/dags/ml_models.py
[2026-01-01T21:10:07.125+0000] {processor.py:840} INFO - DAG(s) 'ml_models' retrieved from /opt/airflow/dags/ml_models.py
[2026-01-01T21:10:07.153+0000] {logging_mixin.py:188} INFO - [2026-01-01T21:10:07.152+0000] {dag.py:3036} INFO - Sync 1 DAGs
[2026-01-01T21:10:07.178+0000] {logging_mixin.py:188} INFO - [2026-01-01T21:10:07.178+0000] {dag.py:3823} INFO - Setting next_dagrun for ml_models to 2025-12-31 00:00:00+00:00, run_after=2026-01-01 00:00:00+00:00
[2026-01-01T21:10:07.198+0000] {processor.py:183} INFO - Processing /opt/airflow/dags/ml_models.py took 0.101 seconds
[2026-01-01T21:10:37.529+0000] {processor.py:161} INFO - Started process (PID=20961) to work on /opt/airflow/dags/ml_models.py
[2026-01-01T21:10:37.531+0000] {processor.py:830} INFO - Processing file /opt/airflow/dags/ml_models.py for tasks to queue
[2026-01-01T21:10:37.532+0000] {logging_mixin.py:188} INFO - [2026-01-01T21:10:37.532+0000] {dagbag.py:538} INFO - Filling up the DagBag from /opt/airflow/dags/ml_models.py
[2026-01-01T21:10:37.553+0000] {processor.py:840} INFO - DAG(s) 'ml_models' retrieved from /opt/airflow/dags/ml_models.py
[2026-01-01T21:10:37.580+0000] {logging_mixin.py:188} INFO - [2026-01-01T21:10:37.580+0000] {dag.py:3036} INFO - Sync 1 DAGs
[2026-01-01T21:10:37.606+0000] {logging_mixin.py:188} INFO - [2026-01-01T21:10:37.606+0000] {dag.py:3823} INFO - Setting next_dagrun for ml_models to 2025-12-31 00:00:00+00:00, run_after=2026-01-01 00:00:00+00:00
[2026-01-01T21:10:37.625+0000] {processor.py:183} INFO - Processing /opt/airflow/dags/ml_models.py took 0.100 seconds
[2026-01-01T21:11:07.961+0000] {processor.py:161} INFO - Started process (PID=20981) to work on /opt/airflow/dags/ml_models.py
[2026-01-01T21:11:07.962+0000] {processor.py:830} INFO - Processing file /opt/airflow/dags/ml_models.py for tasks to queue
[2026-01-01T21:11:07.964+0000] {logging_mixin.py:188} INFO - [2026-01-01T21:11:07.963+0000] {dagbag.py:538} INFO - Filling up the DagBag from /opt/airflow/dags/ml_models.py
[2026-01-01T21:11:07.985+0000] {processor.py:840} INFO - DAG(s) 'ml_models' retrieved from /opt/airflow/dags/ml_models.py
[2026-01-01T21:11:08.014+0000] {logging_mixin.py:188} INFO - [2026-01-01T21:11:08.013+0000] {dag.py:3036} INFO - Sync 1 DAGs
[2026-01-01T21:11:08.041+0000] {logging_mixin.py:188} INFO - [2026-01-01T21:11:08.041+0000] {dag.py:3823} INFO - Setting next_dagrun for ml_models to 2025-12-31 00:00:00+00:00, run_after=2026-01-01 00:00:00+00:00
[2026-01-01T21:11:08.061+0000] {processor.py:183} INFO - Processing /opt/airflow/dags/ml_models.py took 0.105 seconds
[2026-01-01T21:11:38.372+0000] {processor.py:161} INFO - Started process (PID=21001) to work on /opt/airflow/dags/ml_models.py
[2026-01-01T21:11:38.374+0000] {processor.py:830} INFO - Processing file /opt/airflow/dags/ml_models.py for tasks to queue
[2026-01-01T21:11:38.375+0000] {logging_mixin.py:188} INFO - [2026-01-01T21:11:38.374+0000] {dagbag.py:538} INFO - Filling up the DagBag from /opt/airflow/dags/ml_models.py
[2026-01-01T21:11:38.393+0000] {processor.py:840} INFO - DAG(s) 'ml_models' retrieved from /opt/airflow/dags/ml_models.py
[2026-01-01T21:11:38.421+0000] {logging_mixin.py:188} INFO - [2026-01-01T21:11:38.420+0000] {dag.py:3036} INFO - Sync 1 DAGs
[2026-01-01T21:11:38.445+0000] {logging_mixin.py:188} INFO - [2026-01-01T21:11:38.444+0000] {dag.py:3823} INFO - Setting next_dagrun for ml_models to 2025-12-31 00:00:00+00:00, run_after=2026-01-01 00:00:00+00:00
[2026-01-01T21:11:38.466+0000] {processor.py:183} INFO - Processing /opt/airflow/dags/ml_models.py took 0.097 seconds
[2026-01-01T21:12:08.905+0000] {processor.py:161} INFO - Started process (PID=21021) to work on /opt/airflow/dags/ml_models.py
[2026-01-01T21:12:08.906+0000] {processor.py:830} INFO - Processing file /opt/airflow/dags/ml_models.py for tasks to queue
[2026-01-01T21:12:08.907+0000] {logging_mixin.py:188} INFO - [2026-01-01T21:12:08.906+0000] {dagbag.py:538} INFO - Filling up the DagBag from /opt/airflow/dags/ml_models.py
[2026-01-01T21:12:08.924+0000] {processor.py:840} INFO - DAG(s) 'ml_models' retrieved from /opt/airflow/dags/ml_models.py
[2026-01-01T21:12:08.953+0000] {logging_mixin.py:188} INFO - [2026-01-01T21:12:08.953+0000] {dag.py:3036} INFO - Sync 1 DAGs
[2026-01-01T21:12:08.976+0000] {logging_mixin.py:188} INFO - [2026-01-01T21:12:08.976+0000] {dag.py:3823} INFO - Setting next_dagrun for ml_models to 2025-12-31 00:00:00+00:00, run_after=2026-01-01 00:00:00+00:00
[2026-01-01T21:12:09.008+0000] {processor.py:183} INFO - Processing /opt/airflow/dags/ml_models.py took 0.106 seconds
[2026-01-01T21:12:39.325+0000] {processor.py:161} INFO - Started process (PID=21041) to work on /opt/airflow/dags/ml_models.py
[2026-01-01T21:12:39.327+0000] {processor.py:830} INFO - Processing file /opt/airflow/dags/ml_models.py for tasks to queue
[2026-01-01T21:12:39.328+0000] {logging_mixin.py:188} INFO - [2026-01-01T21:12:39.327+0000] {dagbag.py:538} INFO - Filling up the DagBag from /opt/airflow/dags/ml_models.py
[2026-01-01T21:12:39.347+0000] {processor.py:840} INFO - DAG(s) 'ml_models' retrieved from /opt/airflow/dags/ml_models.py
[2026-01-01T21:12:39.373+0000] {logging_mixin.py:188} INFO - [2026-01-01T21:12:39.373+0000] {dag.py:3036} INFO - Sync 1 DAGs
[2026-01-01T21:12:39.398+0000] {logging_mixin.py:188} INFO - [2026-01-01T21:12:39.398+0000] {dag.py:3823} INFO - Setting next_dagrun for ml_models to 2025-12-31 00:00:00+00:00, run_after=2026-01-01 00:00:00+00:00
[2026-01-01T21:12:39.430+0000] {processor.py:183} INFO - Processing /opt/airflow/dags/ml_models.py took 0.108 seconds
[2026-01-01T21:13:09.800+0000] {processor.py:161} INFO - Started process (PID=21061) to work on /opt/airflow/dags/ml_models.py
[2026-01-01T21:13:09.801+0000] {processor.py:830} INFO - Processing file /opt/airflow/dags/ml_models.py for tasks to queue
[2026-01-01T21:13:09.802+0000] {logging_mixin.py:188} INFO - [2026-01-01T21:13:09.802+0000] {dagbag.py:538} INFO - Filling up the DagBag from /opt/airflow/dags/ml_models.py
[2026-01-01T21:13:09.822+0000] {processor.py:840} INFO - DAG(s) 'ml_models' retrieved from /opt/airflow/dags/ml_models.py
[2026-01-01T21:13:09.849+0000] {logging_mixin.py:188} INFO - [2026-01-01T21:13:09.848+0000] {dag.py:3036} INFO - Sync 1 DAGs
[2026-01-01T21:13:09.875+0000] {logging_mixin.py:188} INFO - [2026-01-01T21:13:09.875+0000] {dag.py:3823} INFO - Setting next_dagrun for ml_models to 2025-12-31 00:00:00+00:00, run_after=2026-01-01 00:00:00+00:00
[2026-01-01T21:13:09.907+0000] {processor.py:183} INFO - Processing /opt/airflow/dags/ml_models.py took 0.111 seconds
[2026-01-01T21:13:40.228+0000] {processor.py:161} INFO - Started process (PID=21081) to work on /opt/airflow/dags/ml_models.py
[2026-01-01T21:13:40.229+0000] {processor.py:830} INFO - Processing file /opt/airflow/dags/ml_models.py for tasks to queue
[2026-01-01T21:13:40.230+0000] {logging_mixin.py:188} INFO - [2026-01-01T21:13:40.230+0000] {dagbag.py:538} INFO - Filling up the DagBag from /opt/airflow/dags/ml_models.py
[2026-01-01T21:13:40.250+0000] {processor.py:840} INFO - DAG(s) 'ml_models' retrieved from /opt/airflow/dags/ml_models.py
[2026-01-01T21:13:40.281+0000] {logging_mixin.py:188} INFO - [2026-01-01T21:13:40.280+0000] {dag.py:3036} INFO - Sync 1 DAGs
[2026-01-01T21:13:40.305+0000] {logging_mixin.py:188} INFO - [2026-01-01T21:13:40.305+0000] {dag.py:3823} INFO - Setting next_dagrun for ml_models to 2025-12-31 00:00:00+00:00, run_after=2026-01-01 00:00:00+00:00
[2026-01-01T21:13:40.325+0000] {processor.py:183} INFO - Processing /opt/airflow/dags/ml_models.py took 0.101 seconds
[2026-01-01T21:14:10.773+0000] {processor.py:161} INFO - Started process (PID=21101) to work on /opt/airflow/dags/ml_models.py
[2026-01-01T21:14:10.774+0000] {processor.py:830} INFO - Processing file /opt/airflow/dags/ml_models.py for tasks to queue
[2026-01-01T21:14:10.776+0000] {logging_mixin.py:188} INFO - [2026-01-01T21:14:10.775+0000] {dagbag.py:538} INFO - Filling up the DagBag from /opt/airflow/dags/ml_models.py
[2026-01-01T21:14:10.795+0000] {processor.py:840} INFO - DAG(s) 'ml_models' retrieved from /opt/airflow/dags/ml_models.py
[2026-01-01T21:14:10.825+0000] {logging_mixin.py:188} INFO - [2026-01-01T21:14:10.825+0000] {dag.py:3036} INFO - Sync 1 DAGs
[2026-01-01T21:14:10.850+0000] {logging_mixin.py:188} INFO - [2026-01-01T21:14:10.850+0000] {dag.py:3823} INFO - Setting next_dagrun for ml_models to 2025-12-31 00:00:00+00:00, run_after=2026-01-01 00:00:00+00:00
[2026-01-01T21:14:10.881+0000] {processor.py:183} INFO - Processing /opt/airflow/dags/ml_models.py took 0.111 seconds
[2026-01-01T21:14:41.217+0000] {processor.py:161} INFO - Started process (PID=21121) to work on /opt/airflow/dags/ml_models.py
[2026-01-01T21:14:41.218+0000] {processor.py:830} INFO - Processing file /opt/airflow/dags/ml_models.py for tasks to queue
[2026-01-01T21:14:41.219+0000] {logging_mixin.py:188} INFO - [2026-01-01T21:14:41.219+0000] {dagbag.py:538} INFO - Filling up the DagBag from /opt/airflow/dags/ml_models.py
[2026-01-01T21:14:41.241+0000] {processor.py:840} INFO - DAG(s) 'ml_models' retrieved from /opt/airflow/dags/ml_models.py
[2026-01-01T21:14:41.269+0000] {logging_mixin.py:188} INFO - [2026-01-01T21:14:41.268+0000] {dag.py:3036} INFO - Sync 1 DAGs
[2026-01-01T21:14:41.293+0000] {logging_mixin.py:188} INFO - [2026-01-01T21:14:41.293+0000] {dag.py:3823} INFO - Setting next_dagrun for ml_models to 2025-12-31 00:00:00+00:00, run_after=2026-01-01 00:00:00+00:00
[2026-01-01T21:14:41.325+0000] {processor.py:183} INFO - Processing /opt/airflow/dags/ml_models.py took 0.111 seconds
[2026-01-01T21:15:11.640+0000] {processor.py:161} INFO - Started process (PID=21141) to work on /opt/airflow/dags/ml_models.py
[2026-01-01T21:15:11.641+0000] {processor.py:830} INFO - Processing file /opt/airflow/dags/ml_models.py for tasks to queue
[2026-01-01T21:15:11.642+0000] {logging_mixin.py:188} INFO - [2026-01-01T21:15:11.642+0000] {dagbag.py:538} INFO - Filling up the DagBag from /opt/airflow/dags/ml_models.py
[2026-01-01T21:15:11.662+0000] {processor.py:840} INFO - DAG(s) 'ml_models' retrieved from /opt/airflow/dags/ml_models.py
[2026-01-01T21:15:11.689+0000] {logging_mixin.py:188} INFO - [2026-01-01T21:15:11.688+0000] {dag.py:3036} INFO - Sync 1 DAGs
[2026-01-01T21:15:11.713+0000] {logging_mixin.py:188} INFO - [2026-01-01T21:15:11.712+0000] {dag.py:3823} INFO - Setting next_dagrun for ml_models to 2025-12-31 00:00:00+00:00, run_after=2026-01-01 00:00:00+00:00
[2026-01-01T21:15:11.745+0000] {processor.py:183} INFO - Processing /opt/airflow/dags/ml_models.py took 0.108 seconds
[2026-01-01T21:15:42.062+0000] {processor.py:161} INFO - Started process (PID=21161) to work on /opt/airflow/dags/ml_models.py
[2026-01-01T21:15:42.064+0000] {processor.py:830} INFO - Processing file /opt/airflow/dags/ml_models.py for tasks to queue
[2026-01-01T21:15:42.065+0000] {logging_mixin.py:188} INFO - [2026-01-01T21:15:42.065+0000] {dagbag.py:538} INFO - Filling up the DagBag from /opt/airflow/dags/ml_models.py
[2026-01-01T21:15:42.086+0000] {processor.py:840} INFO - DAG(s) 'ml_models' retrieved from /opt/airflow/dags/ml_models.py
[2026-01-01T21:15:42.113+0000] {logging_mixin.py:188} INFO - [2026-01-01T21:15:42.113+0000] {dag.py:3036} INFO - Sync 1 DAGs
[2026-01-01T21:15:42.137+0000] {logging_mixin.py:188} INFO - [2026-01-01T21:15:42.137+0000] {dag.py:3823} INFO - Setting next_dagrun for ml_models to 2025-12-31 00:00:00+00:00, run_after=2026-01-01 00:00:00+00:00
[2026-01-01T21:15:42.169+0000] {processor.py:183} INFO - Processing /opt/airflow/dags/ml_models.py took 0.111 seconds
[2026-01-01T21:16:12.490+0000] {processor.py:161} INFO - Started process (PID=21181) to work on /opt/airflow/dags/ml_models.py
[2026-01-01T21:16:12.491+0000] {processor.py:830} INFO - Processing file /opt/airflow/dags/ml_models.py for tasks to queue
[2026-01-01T21:16:12.492+0000] {logging_mixin.py:188} INFO - [2026-01-01T21:16:12.491+0000] {dagbag.py:538} INFO - Filling up the DagBag from /opt/airflow/dags/ml_models.py
[2026-01-01T21:16:12.513+0000] {processor.py:840} INFO - DAG(s) 'ml_models' retrieved from /opt/airflow/dags/ml_models.py
[2026-01-01T21:16:12.541+0000] {logging_mixin.py:188} INFO - [2026-01-01T21:16:12.540+0000] {dag.py:3036} INFO - Sync 1 DAGs
[2026-01-01T21:16:12.568+0000] {logging_mixin.py:188} INFO - [2026-01-01T21:16:12.567+0000] {dag.py:3823} INFO - Setting next_dagrun for ml_models to 2025-12-31 00:00:00+00:00, run_after=2026-01-01 00:00:00+00:00
[2026-01-01T21:16:12.590+0000] {processor.py:183} INFO - Processing /opt/airflow/dags/ml_models.py took 0.104 seconds
[2026-01-01T21:16:43.033+0000] {processor.py:161} INFO - Started process (PID=21201) to work on /opt/airflow/dags/ml_models.py
[2026-01-01T21:16:43.034+0000] {processor.py:830} INFO - Processing file /opt/airflow/dags/ml_models.py for tasks to queue
[2026-01-01T21:16:43.035+0000] {logging_mixin.py:188} INFO - [2026-01-01T21:16:43.035+0000] {dagbag.py:538} INFO - Filling up the DagBag from /opt/airflow/dags/ml_models.py
[2026-01-01T21:16:43.060+0000] {processor.py:840} INFO - DAG(s) 'ml_models' retrieved from /opt/airflow/dags/ml_models.py
[2026-01-01T21:16:43.088+0000] {logging_mixin.py:188} INFO - [2026-01-01T21:16:43.088+0000] {dag.py:3036} INFO - Sync 1 DAGs
[2026-01-01T21:16:43.115+0000] {logging_mixin.py:188} INFO - [2026-01-01T21:16:43.114+0000] {dag.py:3823} INFO - Setting next_dagrun for ml_models to 2025-12-31 00:00:00+00:00, run_after=2026-01-01 00:00:00+00:00
[2026-01-01T21:16:43.135+0000] {processor.py:183} INFO - Processing /opt/airflow/dags/ml_models.py took 0.106 seconds
[2026-01-01T21:17:13.455+0000] {processor.py:161} INFO - Started process (PID=21221) to work on /opt/airflow/dags/ml_models.py
[2026-01-01T21:17:13.457+0000] {processor.py:830} INFO - Processing file /opt/airflow/dags/ml_models.py for tasks to queue
[2026-01-01T21:17:13.458+0000] {logging_mixin.py:188} INFO - [2026-01-01T21:17:13.458+0000] {dagbag.py:538} INFO - Filling up the DagBag from /opt/airflow/dags/ml_models.py
[2026-01-01T21:17:13.479+0000] {processor.py:840} INFO - DAG(s) 'ml_models' retrieved from /opt/airflow/dags/ml_models.py
[2026-01-01T21:17:13.506+0000] {logging_mixin.py:188} INFO - [2026-01-01T21:17:13.506+0000] {dag.py:3036} INFO - Sync 1 DAGs
[2026-01-01T21:17:13.532+0000] {logging_mixin.py:188} INFO - [2026-01-01T21:17:13.531+0000] {dag.py:3823} INFO - Setting next_dagrun for ml_models to 2025-12-31 00:00:00+00:00, run_after=2026-01-01 00:00:00+00:00
[2026-01-01T21:17:13.566+0000] {processor.py:183} INFO - Processing /opt/airflow/dags/ml_models.py took 0.116 seconds
[2026-01-01T21:17:43.868+0000] {processor.py:161} INFO - Started process (PID=21241) to work on /opt/airflow/dags/ml_models.py
[2026-01-01T21:17:43.869+0000] {processor.py:830} INFO - Processing file /opt/airflow/dags/ml_models.py for tasks to queue
[2026-01-01T21:17:43.870+0000] {logging_mixin.py:188} INFO - [2026-01-01T21:17:43.870+0000] {dagbag.py:538} INFO - Filling up the DagBag from /opt/airflow/dags/ml_models.py
[2026-01-01T21:17:43.890+0000] {processor.py:840} INFO - DAG(s) 'ml_models' retrieved from /opt/airflow/dags/ml_models.py
[2026-01-01T21:17:43.917+0000] {logging_mixin.py:188} INFO - [2026-01-01T21:17:43.917+0000] {dag.py:3036} INFO - Sync 1 DAGs
[2026-01-01T21:17:43.941+0000] {logging_mixin.py:188} INFO - [2026-01-01T21:17:43.941+0000] {dag.py:3823} INFO - Setting next_dagrun for ml_models to 2025-12-31 00:00:00+00:00, run_after=2026-01-01 00:00:00+00:00
[2026-01-01T21:17:43.973+0000] {processor.py:183} INFO - Processing /opt/airflow/dags/ml_models.py took 0.108 seconds
[2026-01-01T21:18:14.348+0000] {processor.py:161} INFO - Started process (PID=21261) to work on /opt/airflow/dags/ml_models.py
[2026-01-01T21:18:14.350+0000] {processor.py:830} INFO - Processing file /opt/airflow/dags/ml_models.py for tasks to queue
[2026-01-01T21:18:14.351+0000] {logging_mixin.py:188} INFO - [2026-01-01T21:18:14.350+0000] {dagbag.py:538} INFO - Filling up the DagBag from /opt/airflow/dags/ml_models.py
[2026-01-01T21:18:14.373+0000] {processor.py:840} INFO - DAG(s) 'ml_models' retrieved from /opt/airflow/dags/ml_models.py
[2026-01-01T21:18:14.401+0000] {logging_mixin.py:188} INFO - [2026-01-01T21:18:14.401+0000] {dag.py:3036} INFO - Sync 1 DAGs
[2026-01-01T21:18:14.428+0000] {logging_mixin.py:188} INFO - [2026-01-01T21:18:14.428+0000] {dag.py:3823} INFO - Setting next_dagrun for ml_models to 2025-12-31 00:00:00+00:00, run_after=2026-01-01 00:00:00+00:00
[2026-01-01T21:18:14.462+0000] {processor.py:183} INFO - Processing /opt/airflow/dags/ml_models.py took 0.117 seconds
[2026-01-01T21:18:44.762+0000] {processor.py:161} INFO - Started process (PID=21281) to work on /opt/airflow/dags/ml_models.py
[2026-01-01T21:18:44.763+0000] {processor.py:830} INFO - Processing file /opt/airflow/dags/ml_models.py for tasks to queue
[2026-01-01T21:18:44.764+0000] {logging_mixin.py:188} INFO - [2026-01-01T21:18:44.764+0000] {dagbag.py:538} INFO - Filling up the DagBag from /opt/airflow/dags/ml_models.py
[2026-01-01T21:18:44.784+0000] {processor.py:840} INFO - DAG(s) 'ml_models' retrieved from /opt/airflow/dags/ml_models.py
[2026-01-01T21:18:44.810+0000] {logging_mixin.py:188} INFO - [2026-01-01T21:18:44.810+0000] {dag.py:3036} INFO - Sync 1 DAGs
[2026-01-01T21:18:44.833+0000] {logging_mixin.py:188} INFO - [2026-01-01T21:18:44.833+0000] {dag.py:3823} INFO - Setting next_dagrun for ml_models to 2025-12-31 00:00:00+00:00, run_after=2026-01-01 00:00:00+00:00
[2026-01-01T21:18:44.855+0000] {processor.py:183} INFO - Processing /opt/airflow/dags/ml_models.py took 0.096 seconds
[2026-01-01T21:19:15.184+0000] {processor.py:161} INFO - Started process (PID=21301) to work on /opt/airflow/dags/ml_models.py
[2026-01-01T21:19:15.186+0000] {processor.py:830} INFO - Processing file /opt/airflow/dags/ml_models.py for tasks to queue
[2026-01-01T21:19:15.187+0000] {logging_mixin.py:188} INFO - [2026-01-01T21:19:15.187+0000] {dagbag.py:538} INFO - Filling up the DagBag from /opt/airflow/dags/ml_models.py
[2026-01-01T21:19:15.207+0000] {processor.py:840} INFO - DAG(s) 'ml_models' retrieved from /opt/airflow/dags/ml_models.py
[2026-01-01T21:19:15.234+0000] {logging_mixin.py:188} INFO - [2026-01-01T21:19:15.234+0000] {dag.py:3036} INFO - Sync 1 DAGs
[2026-01-01T21:19:15.261+0000] {logging_mixin.py:188} INFO - [2026-01-01T21:19:15.261+0000] {dag.py:3823} INFO - Setting next_dagrun for ml_models to 2025-12-31 00:00:00+00:00, run_after=2026-01-01 00:00:00+00:00
[2026-01-01T21:19:15.282+0000] {processor.py:183} INFO - Processing /opt/airflow/dags/ml_models.py took 0.101 seconds
[2026-01-01T21:19:45.725+0000] {processor.py:161} INFO - Started process (PID=21321) to work on /opt/airflow/dags/ml_models.py
[2026-01-01T21:19:45.727+0000] {processor.py:830} INFO - Processing file /opt/airflow/dags/ml_models.py for tasks to queue
[2026-01-01T21:19:45.727+0000] {logging_mixin.py:188} INFO - [2026-01-01T21:19:45.727+0000] {dagbag.py:538} INFO - Filling up the DagBag from /opt/airflow/dags/ml_models.py
[2026-01-01T21:19:45.748+0000] {processor.py:840} INFO - DAG(s) 'ml_models' retrieved from /opt/airflow/dags/ml_models.py
[2026-01-01T21:19:45.773+0000] {logging_mixin.py:188} INFO - [2026-01-01T21:19:45.773+0000] {dag.py:3036} INFO - Sync 1 DAGs
[2026-01-01T21:19:45.798+0000] {logging_mixin.py:188} INFO - [2026-01-01T21:19:45.798+0000] {dag.py:3823} INFO - Setting next_dagrun for ml_models to 2025-12-31 00:00:00+00:00, run_after=2026-01-01 00:00:00+00:00
[2026-01-01T21:19:45.830+0000] {processor.py:183} INFO - Processing /opt/airflow/dags/ml_models.py took 0.108 seconds
[2026-01-01T21:20:16.146+0000] {processor.py:161} INFO - Started process (PID=21341) to work on /opt/airflow/dags/ml_models.py
[2026-01-01T21:20:16.147+0000] {processor.py:830} INFO - Processing file /opt/airflow/dags/ml_models.py for tasks to queue
[2026-01-01T21:20:16.148+0000] {logging_mixin.py:188} INFO - [2026-01-01T21:20:16.148+0000] {dagbag.py:538} INFO - Filling up the DagBag from /opt/airflow/dags/ml_models.py
[2026-01-01T21:20:16.167+0000] {processor.py:840} INFO - DAG(s) 'ml_models' retrieved from /opt/airflow/dags/ml_models.py
[2026-01-01T21:20:16.193+0000] {logging_mixin.py:188} INFO - [2026-01-01T21:20:16.193+0000] {dag.py:3036} INFO - Sync 1 DAGs
[2026-01-01T21:20:16.220+0000] {logging_mixin.py:188} INFO - [2026-01-01T21:20:16.219+0000] {dag.py:3823} INFO - Setting next_dagrun for ml_models to 2025-12-31 00:00:00+00:00, run_after=2026-01-01 00:00:00+00:00
[2026-01-01T21:20:16.252+0000] {processor.py:183} INFO - Processing /opt/airflow/dags/ml_models.py took 0.110 seconds
[2026-01-01T21:20:46.570+0000] {processor.py:161} INFO - Started process (PID=21361) to work on /opt/airflow/dags/ml_models.py
[2026-01-01T21:20:46.571+0000] {processor.py:830} INFO - Processing file /opt/airflow/dags/ml_models.py for tasks to queue
[2026-01-01T21:20:46.572+0000] {logging_mixin.py:188} INFO - [2026-01-01T21:20:46.571+0000] {dagbag.py:538} INFO - Filling up the DagBag from /opt/airflow/dags/ml_models.py
[2026-01-01T21:20:46.592+0000] {processor.py:840} INFO - DAG(s) 'ml_models' retrieved from /opt/airflow/dags/ml_models.py
[2026-01-01T21:20:46.619+0000] {logging_mixin.py:188} INFO - [2026-01-01T21:20:46.619+0000] {dag.py:3036} INFO - Sync 1 DAGs
[2026-01-01T21:20:46.646+0000] {logging_mixin.py:188} INFO - [2026-01-01T21:20:46.646+0000] {dag.py:3823} INFO - Setting next_dagrun for ml_models to 2025-12-31 00:00:00+00:00, run_after=2026-01-01 00:00:00+00:00
[2026-01-01T21:20:46.666+0000] {processor.py:183} INFO - Processing /opt/airflow/dags/ml_models.py took 0.100 seconds
[2026-01-01T21:21:17.098+0000] {processor.py:161} INFO - Started process (PID=21381) to work on /opt/airflow/dags/ml_models.py
[2026-01-01T21:21:17.100+0000] {processor.py:830} INFO - Processing file /opt/airflow/dags/ml_models.py for tasks to queue
[2026-01-01T21:21:17.101+0000] {logging_mixin.py:188} INFO - [2026-01-01T21:21:17.100+0000] {dagbag.py:538} INFO - Filling up the DagBag from /opt/airflow/dags/ml_models.py
[2026-01-01T21:21:17.120+0000] {processor.py:840} INFO - DAG(s) 'ml_models' retrieved from /opt/airflow/dags/ml_models.py
[2026-01-01T21:21:17.148+0000] {logging_mixin.py:188} INFO - [2026-01-01T21:21:17.148+0000] {dag.py:3036} INFO - Sync 1 DAGs
[2026-01-01T21:21:17.173+0000] {logging_mixin.py:188} INFO - [2026-01-01T21:21:17.173+0000] {dag.py:3823} INFO - Setting next_dagrun for ml_models to 2025-12-31 00:00:00+00:00, run_after=2026-01-01 00:00:00+00:00
[2026-01-01T21:21:17.193+0000] {processor.py:183} INFO - Processing /opt/airflow/dags/ml_models.py took 0.100 seconds
[2026-01-01T21:21:47.639+0000] {processor.py:161} INFO - Started process (PID=21401) to work on /opt/airflow/dags/ml_models.py
[2026-01-01T21:21:47.640+0000] {processor.py:830} INFO - Processing file /opt/airflow/dags/ml_models.py for tasks to queue
[2026-01-01T21:21:47.641+0000] {logging_mixin.py:188} INFO - [2026-01-01T21:21:47.641+0000] {dagbag.py:538} INFO - Filling up the DagBag from /opt/airflow/dags/ml_models.py
[2026-01-01T21:21:47.661+0000] {processor.py:840} INFO - DAG(s) 'ml_models' retrieved from /opt/airflow/dags/ml_models.py
[2026-01-01T21:21:47.687+0000] {logging_mixin.py:188} INFO - [2026-01-01T21:21:47.687+0000] {dag.py:3036} INFO - Sync 1 DAGs
[2026-01-01T21:21:47.712+0000] {logging_mixin.py:188} INFO - [2026-01-01T21:21:47.711+0000] {dag.py:3823} INFO - Setting next_dagrun for ml_models to 2025-12-31 00:00:00+00:00, run_after=2026-01-01 00:00:00+00:00
[2026-01-01T21:21:47.733+0000] {processor.py:183} INFO - Processing /opt/airflow/dags/ml_models.py took 0.098 seconds
[2026-01-01T21:22:18.185+0000] {processor.py:161} INFO - Started process (PID=21421) to work on /opt/airflow/dags/ml_models.py
[2026-01-01T21:22:18.186+0000] {processor.py:830} INFO - Processing file /opt/airflow/dags/ml_models.py for tasks to queue
[2026-01-01T21:22:18.187+0000] {logging_mixin.py:188} INFO - [2026-01-01T21:22:18.187+0000] {dagbag.py:538} INFO - Filling up the DagBag from /opt/airflow/dags/ml_models.py
[2026-01-01T21:22:18.208+0000] {processor.py:840} INFO - DAG(s) 'ml_models' retrieved from /opt/airflow/dags/ml_models.py
[2026-01-01T21:22:18.234+0000] {logging_mixin.py:188} INFO - [2026-01-01T21:22:18.234+0000] {dag.py:3036} INFO - Sync 1 DAGs
[2026-01-01T21:22:18.259+0000] {logging_mixin.py:188} INFO - [2026-01-01T21:22:18.259+0000] {dag.py:3823} INFO - Setting next_dagrun for ml_models to 2025-12-31 00:00:00+00:00, run_after=2026-01-01 00:00:00+00:00
[2026-01-01T21:22:18.279+0000] {processor.py:183} INFO - Processing /opt/airflow/dags/ml_models.py took 0.097 seconds
[2026-01-01T21:22:48.600+0000] {processor.py:161} INFO - Started process (PID=21441) to work on /opt/airflow/dags/ml_models.py
[2026-01-01T21:22:48.601+0000] {processor.py:830} INFO - Processing file /opt/airflow/dags/ml_models.py for tasks to queue
[2026-01-01T21:22:48.603+0000] {logging_mixin.py:188} INFO - [2026-01-01T21:22:48.602+0000] {dagbag.py:538} INFO - Filling up the DagBag from /opt/airflow/dags/ml_models.py
[2026-01-01T21:22:48.622+0000] {processor.py:840} INFO - DAG(s) 'ml_models' retrieved from /opt/airflow/dags/ml_models.py
[2026-01-01T21:22:48.649+0000] {logging_mixin.py:188} INFO - [2026-01-01T21:22:48.649+0000] {dag.py:3036} INFO - Sync 1 DAGs
[2026-01-01T21:22:48.675+0000] {logging_mixin.py:188} INFO - [2026-01-01T21:22:48.675+0000] {dag.py:3823} INFO - Setting next_dagrun for ml_models to 2025-12-31 00:00:00+00:00, run_after=2026-01-01 00:00:00+00:00
[2026-01-01T21:22:48.707+0000] {processor.py:183} INFO - Processing /opt/airflow/dags/ml_models.py took 0.111 seconds
[2026-01-01T21:23:19.116+0000] {processor.py:161} INFO - Started process (PID=21461) to work on /opt/airflow/dags/ml_models.py
[2026-01-01T21:23:19.117+0000] {processor.py:830} INFO - Processing file /opt/airflow/dags/ml_models.py for tasks to queue
[2026-01-01T21:23:19.118+0000] {logging_mixin.py:188} INFO - [2026-01-01T21:23:19.118+0000] {dagbag.py:538} INFO - Filling up the DagBag from /opt/airflow/dags/ml_models.py
[2026-01-01T21:23:19.139+0000] {processor.py:840} INFO - DAG(s) 'ml_models' retrieved from /opt/airflow/dags/ml_models.py
[2026-01-01T21:23:19.167+0000] {logging_mixin.py:188} INFO - [2026-01-01T21:23:19.166+0000] {dag.py:3036} INFO - Sync 1 DAGs
[2026-01-01T21:23:19.194+0000] {logging_mixin.py:188} INFO - [2026-01-01T21:23:19.194+0000] {dag.py:3823} INFO - Setting next_dagrun for ml_models to 2025-12-31 00:00:00+00:00, run_after=2026-01-01 00:00:00+00:00
[2026-01-01T21:23:19.215+0000] {processor.py:183} INFO - Processing /opt/airflow/dags/ml_models.py took 0.102 seconds
[2026-01-01T21:23:49.649+0000] {processor.py:161} INFO - Started process (PID=21481) to work on /opt/airflow/dags/ml_models.py
[2026-01-01T21:23:49.650+0000] {processor.py:830} INFO - Processing file /opt/airflow/dags/ml_models.py for tasks to queue
[2026-01-01T21:23:49.651+0000] {logging_mixin.py:188} INFO - [2026-01-01T21:23:49.651+0000] {dagbag.py:538} INFO - Filling up the DagBag from /opt/airflow/dags/ml_models.py
[2026-01-01T21:23:49.672+0000] {processor.py:840} INFO - DAG(s) 'ml_models' retrieved from /opt/airflow/dags/ml_models.py
[2026-01-01T21:23:49.699+0000] {logging_mixin.py:188} INFO - [2026-01-01T21:23:49.698+0000] {dag.py:3036} INFO - Sync 1 DAGs
[2026-01-01T21:23:49.724+0000] {logging_mixin.py:188} INFO - [2026-01-01T21:23:49.723+0000] {dag.py:3823} INFO - Setting next_dagrun for ml_models to 2025-12-31 00:00:00+00:00, run_after=2026-01-01 00:00:00+00:00
[2026-01-01T21:23:49.743+0000] {processor.py:183} INFO - Processing /opt/airflow/dags/ml_models.py took 0.097 seconds
[2026-01-01T21:24:20.193+0000] {processor.py:161} INFO - Started process (PID=21501) to work on /opt/airflow/dags/ml_models.py
[2026-01-01T21:24:20.195+0000] {processor.py:830} INFO - Processing file /opt/airflow/dags/ml_models.py for tasks to queue
[2026-01-01T21:24:20.196+0000] {logging_mixin.py:188} INFO - [2026-01-01T21:24:20.195+0000] {dagbag.py:538} INFO - Filling up the DagBag from /opt/airflow/dags/ml_models.py
[2026-01-01T21:24:20.220+0000] {processor.py:840} INFO - DAG(s) 'ml_models' retrieved from /opt/airflow/dags/ml_models.py
[2026-01-01T21:24:20.248+0000] {logging_mixin.py:188} INFO - [2026-01-01T21:24:20.247+0000] {dag.py:3036} INFO - Sync 1 DAGs
[2026-01-01T21:24:20.276+0000] {logging_mixin.py:188} INFO - [2026-01-01T21:24:20.276+0000] {dag.py:3823} INFO - Setting next_dagrun for ml_models to 2025-12-31 00:00:00+00:00, run_after=2026-01-01 00:00:00+00:00
[2026-01-01T21:24:20.312+0000] {processor.py:183} INFO - Processing /opt/airflow/dags/ml_models.py took 0.123 seconds
[2026-01-01T21:24:50.629+0000] {processor.py:161} INFO - Started process (PID=21521) to work on /opt/airflow/dags/ml_models.py
[2026-01-01T21:24:50.630+0000] {processor.py:830} INFO - Processing file /opt/airflow/dags/ml_models.py for tasks to queue
[2026-01-01T21:24:50.631+0000] {logging_mixin.py:188} INFO - [2026-01-01T21:24:50.631+0000] {dagbag.py:538} INFO - Filling up the DagBag from /opt/airflow/dags/ml_models.py
[2026-01-01T21:24:50.651+0000] {processor.py:840} INFO - DAG(s) 'ml_models' retrieved from /opt/airflow/dags/ml_models.py
[2026-01-01T21:24:50.679+0000] {logging_mixin.py:188} INFO - [2026-01-01T21:24:50.679+0000] {dag.py:3036} INFO - Sync 1 DAGs
[2026-01-01T21:24:50.705+0000] {logging_mixin.py:188} INFO - [2026-01-01T21:24:50.705+0000] {dag.py:3823} INFO - Setting next_dagrun for ml_models to 2025-12-31 00:00:00+00:00, run_after=2026-01-01 00:00:00+00:00
[2026-01-01T21:24:50.725+0000] {processor.py:183} INFO - Processing /opt/airflow/dags/ml_models.py took 0.099 seconds
[2026-01-01T21:25:21.051+0000] {processor.py:161} INFO - Started process (PID=21541) to work on /opt/airflow/dags/ml_models.py
[2026-01-01T21:25:21.052+0000] {processor.py:830} INFO - Processing file /opt/airflow/dags/ml_models.py for tasks to queue
[2026-01-01T21:25:21.054+0000] {logging_mixin.py:188} INFO - [2026-01-01T21:25:21.053+0000] {dagbag.py:538} INFO - Filling up the DagBag from /opt/airflow/dags/ml_models.py
[2026-01-01T21:25:21.074+0000] {processor.py:840} INFO - DAG(s) 'ml_models' retrieved from /opt/airflow/dags/ml_models.py
[2026-01-01T21:25:21.101+0000] {logging_mixin.py:188} INFO - [2026-01-01T21:25:21.101+0000] {dag.py:3036} INFO - Sync 1 DAGs
[2026-01-01T21:25:21.125+0000] {logging_mixin.py:188} INFO - [2026-01-01T21:25:21.125+0000] {dag.py:3823} INFO - Setting next_dagrun for ml_models to 2025-12-31 00:00:00+00:00, run_after=2026-01-01 00:00:00+00:00
[2026-01-01T21:25:21.158+0000] {processor.py:183} INFO - Processing /opt/airflow/dags/ml_models.py took 0.110 seconds
[2026-01-01T21:25:51.466+0000] {processor.py:161} INFO - Started process (PID=21561) to work on /opt/airflow/dags/ml_models.py
[2026-01-01T21:25:51.468+0000] {processor.py:830} INFO - Processing file /opt/airflow/dags/ml_models.py for tasks to queue
[2026-01-01T21:25:51.469+0000] {logging_mixin.py:188} INFO - [2026-01-01T21:25:51.468+0000] {dagbag.py:538} INFO - Filling up the DagBag from /opt/airflow/dags/ml_models.py
[2026-01-01T21:25:51.489+0000] {processor.py:840} INFO - DAG(s) 'ml_models' retrieved from /opt/airflow/dags/ml_models.py
[2026-01-01T21:25:51.516+0000] {logging_mixin.py:188} INFO - [2026-01-01T21:25:51.516+0000] {dag.py:3036} INFO - Sync 1 DAGs
[2026-01-01T21:25:51.541+0000] {logging_mixin.py:188} INFO - [2026-01-01T21:25:51.540+0000] {dag.py:3823} INFO - Setting next_dagrun for ml_models to 2025-12-31 00:00:00+00:00, run_after=2026-01-01 00:00:00+00:00
[2026-01-01T21:25:51.572+0000] {processor.py:183} INFO - Processing /opt/airflow/dags/ml_models.py took 0.109 seconds
[2026-01-01T21:26:21.884+0000] {processor.py:161} INFO - Started process (PID=21581) to work on /opt/airflow/dags/ml_models.py
[2026-01-01T21:26:21.885+0000] {processor.py:830} INFO - Processing file /opt/airflow/dags/ml_models.py for tasks to queue
[2026-01-01T21:26:21.886+0000] {logging_mixin.py:188} INFO - [2026-01-01T21:26:21.886+0000] {dagbag.py:538} INFO - Filling up the DagBag from /opt/airflow/dags/ml_models.py
[2026-01-01T21:26:21.904+0000] {processor.py:840} INFO - DAG(s) 'ml_models' retrieved from /opt/airflow/dags/ml_models.py
[2026-01-01T21:26:21.931+0000] {logging_mixin.py:188} INFO - [2026-01-01T21:26:21.931+0000] {dag.py:3036} INFO - Sync 1 DAGs
[2026-01-01T21:26:21.958+0000] {logging_mixin.py:188} INFO - [2026-01-01T21:26:21.958+0000] {dag.py:3823} INFO - Setting next_dagrun for ml_models to 2025-12-31 00:00:00+00:00, run_after=2026-01-01 00:00:00+00:00
[2026-01-01T21:26:21.988+0000] {processor.py:183} INFO - Processing /opt/airflow/dags/ml_models.py took 0.108 seconds
[2026-01-01T21:26:52.327+0000] {processor.py:161} INFO - Started process (PID=21601) to work on /opt/airflow/dags/ml_models.py
[2026-01-01T21:26:52.328+0000] {processor.py:830} INFO - Processing file /opt/airflow/dags/ml_models.py for tasks to queue
[2026-01-01T21:26:52.329+0000] {logging_mixin.py:188} INFO - [2026-01-01T21:26:52.329+0000] {dagbag.py:538} INFO - Filling up the DagBag from /opt/airflow/dags/ml_models.py
[2026-01-01T21:26:52.349+0000] {processor.py:840} INFO - DAG(s) 'ml_models' retrieved from /opt/airflow/dags/ml_models.py
[2026-01-01T21:26:52.373+0000] {logging_mixin.py:188} INFO - [2026-01-01T21:26:52.372+0000] {dag.py:3036} INFO - Sync 1 DAGs
[2026-01-01T21:26:52.397+0000] {logging_mixin.py:188} INFO - [2026-01-01T21:26:52.396+0000] {dag.py:3823} INFO - Setting next_dagrun for ml_models to 2025-12-31 00:00:00+00:00, run_after=2026-01-01 00:00:00+00:00
[2026-01-01T21:26:52.427+0000] {processor.py:183} INFO - Processing /opt/airflow/dags/ml_models.py took 0.103 seconds
[2026-01-01T21:27:22.760+0000] {processor.py:161} INFO - Started process (PID=21621) to work on /opt/airflow/dags/ml_models.py
[2026-01-01T21:27:22.762+0000] {processor.py:830} INFO - Processing file /opt/airflow/dags/ml_models.py for tasks to queue
[2026-01-01T21:27:22.763+0000] {logging_mixin.py:188} INFO - [2026-01-01T21:27:22.762+0000] {dagbag.py:538} INFO - Filling up the DagBag from /opt/airflow/dags/ml_models.py
[2026-01-01T21:27:22.782+0000] {processor.py:840} INFO - DAG(s) 'ml_models' retrieved from /opt/airflow/dags/ml_models.py
[2026-01-01T21:27:22.810+0000] {logging_mixin.py:188} INFO - [2026-01-01T21:27:22.809+0000] {dag.py:3036} INFO - Sync 1 DAGs
[2026-01-01T21:27:22.836+0000] {logging_mixin.py:188} INFO - [2026-01-01T21:27:22.836+0000] {dag.py:3823} INFO - Setting next_dagrun for ml_models to 2025-12-31 00:00:00+00:00, run_after=2026-01-01 00:00:00+00:00
[2026-01-01T21:27:22.868+0000] {processor.py:183} INFO - Processing /opt/airflow/dags/ml_models.py took 0.111 seconds
[2026-01-01T21:27:53.182+0000] {processor.py:161} INFO - Started process (PID=21641) to work on /opt/airflow/dags/ml_models.py
[2026-01-01T21:27:53.184+0000] {processor.py:830} INFO - Processing file /opt/airflow/dags/ml_models.py for tasks to queue
[2026-01-01T21:27:53.185+0000] {logging_mixin.py:188} INFO - [2026-01-01T21:27:53.184+0000] {dagbag.py:538} INFO - Filling up the DagBag from /opt/airflow/dags/ml_models.py
[2026-01-01T21:27:53.207+0000] {processor.py:840} INFO - DAG(s) 'ml_models' retrieved from /opt/airflow/dags/ml_models.py
[2026-01-01T21:27:53.233+0000] {logging_mixin.py:188} INFO - [2026-01-01T21:27:53.233+0000] {dag.py:3036} INFO - Sync 1 DAGs
[2026-01-01T21:27:53.258+0000] {logging_mixin.py:188} INFO - [2026-01-01T21:27:53.258+0000] {dag.py:3823} INFO - Setting next_dagrun for ml_models to 2025-12-31 00:00:00+00:00, run_after=2026-01-01 00:00:00+00:00
[2026-01-01T21:27:53.279+0000] {processor.py:183} INFO - Processing /opt/airflow/dags/ml_models.py took 0.100 seconds
[2026-01-01T21:28:23.804+0000] {processor.py:161} INFO - Started process (PID=21661) to work on /opt/airflow/dags/ml_models.py
[2026-01-01T21:28:23.806+0000] {processor.py:830} INFO - Processing file /opt/airflow/dags/ml_models.py for tasks to queue
[2026-01-01T21:28:23.807+0000] {logging_mixin.py:188} INFO - [2026-01-01T21:28:23.806+0000] {dagbag.py:538} INFO - Filling up the DagBag from /opt/airflow/dags/ml_models.py
[2026-01-01T21:28:23.826+0000] {processor.py:840} INFO - DAG(s) 'ml_models' retrieved from /opt/airflow/dags/ml_models.py
[2026-01-01T21:28:23.855+0000] {logging_mixin.py:188} INFO - [2026-01-01T21:28:23.855+0000] {dag.py:3036} INFO - Sync 1 DAGs
[2026-01-01T21:28:23.879+0000] {logging_mixin.py:188} INFO - [2026-01-01T21:28:23.879+0000] {dag.py:3823} INFO - Setting next_dagrun for ml_models to 2025-12-31 00:00:00+00:00, run_after=2026-01-01 00:00:00+00:00
[2026-01-01T21:28:23.914+0000] {processor.py:183} INFO - Processing /opt/airflow/dags/ml_models.py took 0.114 seconds
[2026-01-01T21:28:54.246+0000] {processor.py:161} INFO - Started process (PID=21681) to work on /opt/airflow/dags/ml_models.py
[2026-01-01T21:28:54.247+0000] {processor.py:830} INFO - Processing file /opt/airflow/dags/ml_models.py for tasks to queue
[2026-01-01T21:28:54.248+0000] {logging_mixin.py:188} INFO - [2026-01-01T21:28:54.248+0000] {dagbag.py:538} INFO - Filling up the DagBag from /opt/airflow/dags/ml_models.py
[2026-01-01T21:28:54.271+0000] {processor.py:840} INFO - DAG(s) 'ml_models' retrieved from /opt/airflow/dags/ml_models.py
[2026-01-01T21:28:54.299+0000] {logging_mixin.py:188} INFO - [2026-01-01T21:28:54.299+0000] {dag.py:3036} INFO - Sync 1 DAGs
[2026-01-01T21:28:54.324+0000] {logging_mixin.py:188} INFO - [2026-01-01T21:28:54.324+0000] {dag.py:3823} INFO - Setting next_dagrun for ml_models to 2025-12-31 00:00:00+00:00, run_after=2026-01-01 00:00:00+00:00
[2026-01-01T21:28:54.356+0000] {processor.py:183} INFO - Processing /opt/airflow/dags/ml_models.py took 0.113 seconds
[2026-01-01T21:29:24.670+0000] {processor.py:161} INFO - Started process (PID=21701) to work on /opt/airflow/dags/ml_models.py
[2026-01-01T21:29:24.671+0000] {processor.py:830} INFO - Processing file /opt/airflow/dags/ml_models.py for tasks to queue
[2026-01-01T21:29:24.672+0000] {logging_mixin.py:188} INFO - [2026-01-01T21:29:24.671+0000] {dagbag.py:538} INFO - Filling up the DagBag from /opt/airflow/dags/ml_models.py
[2026-01-01T21:29:24.691+0000] {processor.py:840} INFO - DAG(s) 'ml_models' retrieved from /opt/airflow/dags/ml_models.py
[2026-01-01T21:29:24.720+0000] {logging_mixin.py:188} INFO - [2026-01-01T21:29:24.720+0000] {dag.py:3036} INFO - Sync 1 DAGs
[2026-01-01T21:29:24.745+0000] {logging_mixin.py:188} INFO - [2026-01-01T21:29:24.744+0000] {dag.py:3823} INFO - Setting next_dagrun for ml_models to 2025-12-31 00:00:00+00:00, run_after=2026-01-01 00:00:00+00:00
[2026-01-01T21:29:24.765+0000] {processor.py:183} INFO - Processing /opt/airflow/dags/ml_models.py took 0.099 seconds
[2026-01-01T21:29:55.101+0000] {processor.py:161} INFO - Started process (PID=21721) to work on /opt/airflow/dags/ml_models.py
[2026-01-01T21:29:55.102+0000] {processor.py:830} INFO - Processing file /opt/airflow/dags/ml_models.py for tasks to queue
[2026-01-01T21:29:55.103+0000] {logging_mixin.py:188} INFO - [2026-01-01T21:29:55.103+0000] {dagbag.py:538} INFO - Filling up the DagBag from /opt/airflow/dags/ml_models.py
[2026-01-01T21:29:55.123+0000] {processor.py:840} INFO - DAG(s) 'ml_models' retrieved from /opt/airflow/dags/ml_models.py
[2026-01-01T21:29:55.151+0000] {logging_mixin.py:188} INFO - [2026-01-01T21:29:55.151+0000] {dag.py:3036} INFO - Sync 1 DAGs
[2026-01-01T21:29:55.176+0000] {logging_mixin.py:188} INFO - [2026-01-01T21:29:55.176+0000] {dag.py:3823} INFO - Setting next_dagrun for ml_models to 2025-12-31 00:00:00+00:00, run_after=2026-01-01 00:00:00+00:00
[2026-01-01T21:29:55.209+0000] {processor.py:183} INFO - Processing /opt/airflow/dags/ml_models.py took 0.111 seconds
[2026-01-01T21:30:25.520+0000] {processor.py:161} INFO - Started process (PID=21741) to work on /opt/airflow/dags/ml_models.py
[2026-01-01T21:30:25.522+0000] {processor.py:830} INFO - Processing file /opt/airflow/dags/ml_models.py for tasks to queue
[2026-01-01T21:30:25.523+0000] {logging_mixin.py:188} INFO - [2026-01-01T21:30:25.522+0000] {dagbag.py:538} INFO - Filling up the DagBag from /opt/airflow/dags/ml_models.py
[2026-01-01T21:30:25.544+0000] {processor.py:840} INFO - DAG(s) 'ml_models' retrieved from /opt/airflow/dags/ml_models.py
[2026-01-01T21:30:25.570+0000] {logging_mixin.py:188} INFO - [2026-01-01T21:30:25.570+0000] {dag.py:3036} INFO - Sync 1 DAGs
[2026-01-01T21:30:25.595+0000] {logging_mixin.py:188} INFO - [2026-01-01T21:30:25.595+0000] {dag.py:3823} INFO - Setting next_dagrun for ml_models to 2025-12-31 00:00:00+00:00, run_after=2026-01-01 00:00:00+00:00
[2026-01-01T21:30:25.616+0000] {processor.py:183} INFO - Processing /opt/airflow/dags/ml_models.py took 0.099 seconds
[2026-01-01T21:30:56.050+0000] {processor.py:161} INFO - Started process (PID=21761) to work on /opt/airflow/dags/ml_models.py
[2026-01-01T21:30:56.051+0000] {processor.py:830} INFO - Processing file /opt/airflow/dags/ml_models.py for tasks to queue
[2026-01-01T21:30:56.052+0000] {logging_mixin.py:188} INFO - [2026-01-01T21:30:56.052+0000] {dagbag.py:538} INFO - Filling up the DagBag from /opt/airflow/dags/ml_models.py
[2026-01-01T21:30:56.077+0000] {processor.py:840} INFO - DAG(s) 'ml_models' retrieved from /opt/airflow/dags/ml_models.py
[2026-01-01T21:30:56.104+0000] {logging_mixin.py:188} INFO - [2026-01-01T21:30:56.104+0000] {dag.py:3036} INFO - Sync 1 DAGs
[2026-01-01T21:30:56.129+0000] {logging_mixin.py:188} INFO - [2026-01-01T21:30:56.129+0000] {dag.py:3823} INFO - Setting next_dagrun for ml_models to 2025-12-31 00:00:00+00:00, run_after=2026-01-01 00:00:00+00:00
[2026-01-01T21:30:56.149+0000] {processor.py:183} INFO - Processing /opt/airflow/dags/ml_models.py took 0.102 seconds
[2026-01-01T21:31:26.484+0000] {processor.py:161} INFO - Started process (PID=21781) to work on /opt/airflow/dags/ml_models.py
[2026-01-01T21:31:26.485+0000] {processor.py:830} INFO - Processing file /opt/airflow/dags/ml_models.py for tasks to queue
[2026-01-01T21:31:26.486+0000] {logging_mixin.py:188} INFO - [2026-01-01T21:31:26.486+0000] {dagbag.py:538} INFO - Filling up the DagBag from /opt/airflow/dags/ml_models.py
[2026-01-01T21:31:26.506+0000] {processor.py:840} INFO - DAG(s) 'ml_models' retrieved from /opt/airflow/dags/ml_models.py
[2026-01-01T21:31:26.533+0000] {logging_mixin.py:188} INFO - [2026-01-01T21:31:26.533+0000] {dag.py:3036} INFO - Sync 1 DAGs
[2026-01-01T21:31:26.558+0000] {logging_mixin.py:188} INFO - [2026-01-01T21:31:26.557+0000] {dag.py:3823} INFO - Setting next_dagrun for ml_models to 2025-12-31 00:00:00+00:00, run_after=2026-01-01 00:00:00+00:00
[2026-01-01T21:31:26.590+0000] {processor.py:183} INFO - Processing /opt/airflow/dags/ml_models.py took 0.109 seconds
[2026-01-01T21:31:56.906+0000] {processor.py:161} INFO - Started process (PID=21801) to work on /opt/airflow/dags/ml_models.py
[2026-01-01T21:31:56.907+0000] {processor.py:830} INFO - Processing file /opt/airflow/dags/ml_models.py for tasks to queue
[2026-01-01T21:31:56.909+0000] {logging_mixin.py:188} INFO - [2026-01-01T21:31:56.909+0000] {dagbag.py:538} INFO - Filling up the DagBag from /opt/airflow/dags/ml_models.py
[2026-01-01T21:31:56.927+0000] {processor.py:840} INFO - DAG(s) 'ml_models' retrieved from /opt/airflow/dags/ml_models.py
[2026-01-01T21:31:56.953+0000] {logging_mixin.py:188} INFO - [2026-01-01T21:31:56.953+0000] {dag.py:3036} INFO - Sync 1 DAGs
[2026-01-01T21:31:56.978+0000] {logging_mixin.py:188} INFO - [2026-01-01T21:31:56.978+0000] {dag.py:3823} INFO - Setting next_dagrun for ml_models to 2025-12-31 00:00:00+00:00, run_after=2026-01-01 00:00:00+00:00
[2026-01-01T21:31:57.008+0000] {processor.py:183} INFO - Processing /opt/airflow/dags/ml_models.py took 0.108 seconds
[2026-01-01T21:32:27.331+0000] {processor.py:161} INFO - Started process (PID=21821) to work on /opt/airflow/dags/ml_models.py
[2026-01-01T21:32:27.332+0000] {processor.py:830} INFO - Processing file /opt/airflow/dags/ml_models.py for tasks to queue
[2026-01-01T21:32:27.333+0000] {logging_mixin.py:188} INFO - [2026-01-01T21:32:27.333+0000] {dagbag.py:538} INFO - Filling up the DagBag from /opt/airflow/dags/ml_models.py
[2026-01-01T21:32:27.352+0000] {processor.py:840} INFO - DAG(s) 'ml_models' retrieved from /opt/airflow/dags/ml_models.py
[2026-01-01T21:32:27.381+0000] {logging_mixin.py:188} INFO - [2026-01-01T21:32:27.381+0000] {dag.py:3036} INFO - Sync 1 DAGs
[2026-01-01T21:32:27.406+0000] {logging_mixin.py:188} INFO - [2026-01-01T21:32:27.406+0000] {dag.py:3823} INFO - Setting next_dagrun for ml_models to 2025-12-31 00:00:00+00:00, run_after=2026-01-01 00:00:00+00:00
[2026-01-01T21:32:27.425+0000] {processor.py:183} INFO - Processing /opt/airflow/dags/ml_models.py took 0.098 seconds
[2026-01-01T21:32:57.863+0000] {processor.py:161} INFO - Started process (PID=21841) to work on /opt/airflow/dags/ml_models.py
[2026-01-01T21:32:57.865+0000] {processor.py:830} INFO - Processing file /opt/airflow/dags/ml_models.py for tasks to queue
[2026-01-01T21:32:57.866+0000] {logging_mixin.py:188} INFO - [2026-01-01T21:32:57.866+0000] {dagbag.py:538} INFO - Filling up the DagBag from /opt/airflow/dags/ml_models.py
[2026-01-01T21:32:57.887+0000] {processor.py:840} INFO - DAG(s) 'ml_models' retrieved from /opt/airflow/dags/ml_models.py
[2026-01-01T21:32:57.915+0000] {logging_mixin.py:188} INFO - [2026-01-01T21:32:57.915+0000] {dag.py:3036} INFO - Sync 1 DAGs
[2026-01-01T21:32:57.942+0000] {logging_mixin.py:188} INFO - [2026-01-01T21:32:57.942+0000] {dag.py:3823} INFO - Setting next_dagrun for ml_models to 2025-12-31 00:00:00+00:00, run_after=2026-01-01 00:00:00+00:00
[2026-01-01T21:32:57.965+0000] {processor.py:183} INFO - Processing /opt/airflow/dags/ml_models.py took 0.109 seconds
[2026-01-01T21:33:28.360+0000] {processor.py:161} INFO - Started process (PID=21861) to work on /opt/airflow/dags/ml_models.py
[2026-01-01T21:33:28.362+0000] {processor.py:830} INFO - Processing file /opt/airflow/dags/ml_models.py for tasks to queue
[2026-01-01T21:33:28.363+0000] {logging_mixin.py:188} INFO - [2026-01-01T21:33:28.363+0000] {dagbag.py:538} INFO - Filling up the DagBag from /opt/airflow/dags/ml_models.py
[2026-01-01T21:33:28.387+0000] {processor.py:840} INFO - DAG(s) 'ml_models' retrieved from /opt/airflow/dags/ml_models.py
[2026-01-01T21:33:28.416+0000] {logging_mixin.py:188} INFO - [2026-01-01T21:33:28.416+0000] {dag.py:3036} INFO - Sync 1 DAGs
[2026-01-01T21:33:28.443+0000] {logging_mixin.py:188} INFO - [2026-01-01T21:33:28.442+0000] {dag.py:3823} INFO - Setting next_dagrun for ml_models to 2025-12-31 00:00:00+00:00, run_after=2026-01-01 00:00:00+00:00
[2026-01-01T21:33:28.474+0000] {processor.py:183} INFO - Processing /opt/airflow/dags/ml_models.py took 0.117 seconds
[2026-01-01T21:33:59.119+0000] {processor.py:161} INFO - Started process (PID=21881) to work on /opt/airflow/dags/ml_models.py
[2026-01-01T21:33:59.123+0000] {processor.py:830} INFO - Processing file /opt/airflow/dags/ml_models.py for tasks to queue
[2026-01-01T21:33:59.125+0000] {logging_mixin.py:188} INFO - [2026-01-01T21:33:59.124+0000] {dagbag.py:538} INFO - Filling up the DagBag from /opt/airflow/dags/ml_models.py
[2026-01-01T21:33:59.172+0000] {processor.py:840} INFO - DAG(s) 'ml_models' retrieved from /opt/airflow/dags/ml_models.py
[2026-01-01T21:33:59.228+0000] {logging_mixin.py:188} INFO - [2026-01-01T21:33:59.228+0000] {dag.py:3036} INFO - Sync 1 DAGs
[2026-01-01T21:33:59.275+0000] {logging_mixin.py:188} INFO - [2026-01-01T21:33:59.275+0000] {dag.py:3823} INFO - Setting next_dagrun for ml_models to 2025-12-31 00:00:00+00:00, run_after=2026-01-01 00:00:00+00:00
[2026-01-01T21:33:59.360+0000] {processor.py:183} INFO - Processing /opt/airflow/dags/ml_models.py took 0.254 seconds
[2026-01-01T21:34:29.916+0000] {processor.py:161} INFO - Started process (PID=21901) to work on /opt/airflow/dags/ml_models.py
[2026-01-01T21:34:29.919+0000] {processor.py:830} INFO - Processing file /opt/airflow/dags/ml_models.py for tasks to queue
[2026-01-01T21:34:29.921+0000] {logging_mixin.py:188} INFO - [2026-01-01T21:34:29.921+0000] {dagbag.py:538} INFO - Filling up the DagBag from /opt/airflow/dags/ml_models.py
[2026-01-01T21:34:29.968+0000] {processor.py:840} INFO - DAG(s) 'ml_models' retrieved from /opt/airflow/dags/ml_models.py
[2026-01-01T21:34:30.025+0000] {logging_mixin.py:188} INFO - [2026-01-01T21:34:30.025+0000] {dag.py:3036} INFO - Sync 1 DAGs
[2026-01-01T21:34:30.095+0000] {logging_mixin.py:188} INFO - [2026-01-01T21:34:30.094+0000] {dag.py:3823} INFO - Setting next_dagrun for ml_models to 2025-12-31 00:00:00+00:00, run_after=2026-01-01 00:00:00+00:00
[2026-01-01T21:34:30.137+0000] {processor.py:183} INFO - Processing /opt/airflow/dags/ml_models.py took 0.230 seconds
[2026-01-01T21:35:00.675+0000] {processor.py:161} INFO - Started process (PID=21921) to work on /opt/airflow/dags/ml_models.py
[2026-01-01T21:35:00.678+0000] {processor.py:830} INFO - Processing file /opt/airflow/dags/ml_models.py for tasks to queue
[2026-01-01T21:35:00.681+0000] {logging_mixin.py:188} INFO - [2026-01-01T21:35:00.680+0000] {dagbag.py:538} INFO - Filling up the DagBag from /opt/airflow/dags/ml_models.py
[2026-01-01T21:35:00.758+0000] {processor.py:840} INFO - DAG(s) 'ml_models' retrieved from /opt/airflow/dags/ml_models.py
[2026-01-01T21:35:00.822+0000] {logging_mixin.py:188} INFO - [2026-01-01T21:35:00.822+0000] {dag.py:3036} INFO - Sync 1 DAGs
[2026-01-01T21:35:00.888+0000] {logging_mixin.py:188} INFO - [2026-01-01T21:35:00.887+0000] {dag.py:3823} INFO - Setting next_dagrun for ml_models to 2025-12-31 00:00:00+00:00, run_after=2026-01-01 00:00:00+00:00
[2026-01-01T21:35:00.982+0000] {processor.py:183} INFO - Processing /opt/airflow/dags/ml_models.py took 0.316 seconds
[2026-01-01T21:35:31.463+0000] {processor.py:161} INFO - Started process (PID=21941) to work on /opt/airflow/dags/ml_models.py
[2026-01-01T21:35:31.469+0000] {processor.py:830} INFO - Processing file /opt/airflow/dags/ml_models.py for tasks to queue
[2026-01-01T21:35:31.473+0000] {logging_mixin.py:188} INFO - [2026-01-01T21:35:31.472+0000] {dagbag.py:538} INFO - Filling up the DagBag from /opt/airflow/dags/ml_models.py
[2026-01-01T21:35:31.512+0000] {processor.py:840} INFO - DAG(s) 'ml_models' retrieved from /opt/airflow/dags/ml_models.py
[2026-01-01T21:35:31.554+0000] {logging_mixin.py:188} INFO - [2026-01-01T21:35:31.554+0000] {dag.py:3036} INFO - Sync 1 DAGs
[2026-01-01T21:35:31.596+0000] {logging_mixin.py:188} INFO - [2026-01-01T21:35:31.596+0000] {dag.py:3823} INFO - Setting next_dagrun for ml_models to 2025-12-31 00:00:00+00:00, run_after=2026-01-01 00:00:00+00:00
[2026-01-01T21:35:31.669+0000] {processor.py:183} INFO - Processing /opt/airflow/dags/ml_models.py took 0.218 seconds
[2026-01-01T21:36:02.339+0000] {processor.py:161} INFO - Started process (PID=21961) to work on /opt/airflow/dags/ml_models.py
[2026-01-01T21:36:02.341+0000] {processor.py:830} INFO - Processing file /opt/airflow/dags/ml_models.py for tasks to queue
[2026-01-01T21:36:02.343+0000] {logging_mixin.py:188} INFO - [2026-01-01T21:36:02.342+0000] {dagbag.py:538} INFO - Filling up the DagBag from /opt/airflow/dags/ml_models.py
[2026-01-01T21:36:02.382+0000] {processor.py:840} INFO - DAG(s) 'ml_models' retrieved from /opt/airflow/dags/ml_models.py
[2026-01-01T21:36:02.436+0000] {logging_mixin.py:188} INFO - [2026-01-01T21:36:02.435+0000] {dag.py:3036} INFO - Sync 1 DAGs
[2026-01-01T21:36:02.480+0000] {logging_mixin.py:188} INFO - [2026-01-01T21:36:02.479+0000] {dag.py:3823} INFO - Setting next_dagrun for ml_models to 2025-12-31 00:00:00+00:00, run_after=2026-01-01 00:00:00+00:00
[2026-01-01T21:36:02.515+0000] {processor.py:183} INFO - Processing /opt/airflow/dags/ml_models.py took 0.186 seconds
[2026-01-01T21:36:33.204+0000] {processor.py:161} INFO - Started process (PID=21981) to work on /opt/airflow/dags/ml_models.py
[2026-01-01T21:36:33.207+0000] {processor.py:830} INFO - Processing file /opt/airflow/dags/ml_models.py for tasks to queue
[2026-01-01T21:36:33.208+0000] {logging_mixin.py:188} INFO - [2026-01-01T21:36:33.208+0000] {dagbag.py:538} INFO - Filling up the DagBag from /opt/airflow/dags/ml_models.py
[2026-01-01T21:36:33.250+0000] {processor.py:840} INFO - DAG(s) 'ml_models' retrieved from /opt/airflow/dags/ml_models.py
[2026-01-01T21:36:33.301+0000] {logging_mixin.py:188} INFO - [2026-01-01T21:36:33.301+0000] {dag.py:3036} INFO - Sync 1 DAGs
[2026-01-01T21:36:33.352+0000] {logging_mixin.py:188} INFO - [2026-01-01T21:36:33.352+0000] {dag.py:3823} INFO - Setting next_dagrun for ml_models to 2025-12-31 00:00:00+00:00, run_after=2026-01-01 00:00:00+00:00
[2026-01-01T21:36:33.425+0000] {processor.py:183} INFO - Processing /opt/airflow/dags/ml_models.py took 0.227 seconds
[2026-01-01T21:37:04.015+0000] {processor.py:161} INFO - Started process (PID=22001) to work on /opt/airflow/dags/ml_models.py
[2026-01-01T21:37:04.018+0000] {processor.py:830} INFO - Processing file /opt/airflow/dags/ml_models.py for tasks to queue
[2026-01-01T21:37:04.020+0000] {logging_mixin.py:188} INFO - [2026-01-01T21:37:04.020+0000] {dagbag.py:538} INFO - Filling up the DagBag from /opt/airflow/dags/ml_models.py
[2026-01-01T21:37:04.063+0000] {processor.py:840} INFO - DAG(s) 'ml_models' retrieved from /opt/airflow/dags/ml_models.py
[2026-01-01T21:37:04.111+0000] {logging_mixin.py:188} INFO - [2026-01-01T21:37:04.111+0000] {dag.py:3036} INFO - Sync 1 DAGs
[2026-01-01T21:37:04.152+0000] {logging_mixin.py:188} INFO - [2026-01-01T21:37:04.151+0000] {dag.py:3823} INFO - Setting next_dagrun for ml_models to 2025-12-31 00:00:00+00:00, run_after=2026-01-01 00:00:00+00:00
[2026-01-01T21:37:04.187+0000] {processor.py:183} INFO - Processing /opt/airflow/dags/ml_models.py took 0.180 seconds
[2026-01-01T21:37:34.919+0000] {processor.py:161} INFO - Started process (PID=22021) to work on /opt/airflow/dags/ml_models.py
[2026-01-01T21:37:34.923+0000] {processor.py:830} INFO - Processing file /opt/airflow/dags/ml_models.py for tasks to queue
[2026-01-01T21:37:34.925+0000] {logging_mixin.py:188} INFO - [2026-01-01T21:37:34.925+0000] {dagbag.py:538} INFO - Filling up the DagBag from /opt/airflow/dags/ml_models.py
[2026-01-01T21:37:34.974+0000] {processor.py:840} INFO - DAG(s) 'ml_models' retrieved from /opt/airflow/dags/ml_models.py
[2026-01-01T21:37:35.034+0000] {logging_mixin.py:188} INFO - [2026-01-01T21:37:35.033+0000] {dag.py:3036} INFO - Sync 1 DAGs
[2026-01-01T21:37:35.089+0000] {logging_mixin.py:188} INFO - [2026-01-01T21:37:35.089+0000] {dag.py:3823} INFO - Setting next_dagrun for ml_models to 2025-12-31 00:00:00+00:00, run_after=2026-01-01 00:00:00+00:00
[2026-01-01T21:37:35.131+0000] {processor.py:183} INFO - Processing /opt/airflow/dags/ml_models.py took 0.220 seconds
[2026-01-01T21:38:05.639+0000] {processor.py:161} INFO - Started process (PID=22041) to work on /opt/airflow/dags/ml_models.py
[2026-01-01T21:38:05.642+0000] {processor.py:830} INFO - Processing file /opt/airflow/dags/ml_models.py for tasks to queue
[2026-01-01T21:38:05.644+0000] {logging_mixin.py:188} INFO - [2026-01-01T21:38:05.643+0000] {dagbag.py:538} INFO - Filling up the DagBag from /opt/airflow/dags/ml_models.py
[2026-01-01T21:38:05.683+0000] {processor.py:840} INFO - DAG(s) 'ml_models' retrieved from /opt/airflow/dags/ml_models.py
[2026-01-01T21:38:05.733+0000] {logging_mixin.py:188} INFO - [2026-01-01T21:38:05.732+0000] {dag.py:3036} INFO - Sync 1 DAGs
[2026-01-01T21:38:05.775+0000] {logging_mixin.py:188} INFO - [2026-01-01T21:38:05.775+0000] {dag.py:3823} INFO - Setting next_dagrun for ml_models to 2025-12-31 00:00:00+00:00, run_after=2026-01-01 00:00:00+00:00
[2026-01-01T21:38:05.846+0000] {processor.py:183} INFO - Processing /opt/airflow/dags/ml_models.py took 0.215 seconds
[2026-01-01T21:38:36.501+0000] {processor.py:161} INFO - Started process (PID=22061) to work on /opt/airflow/dags/ml_models.py
[2026-01-01T21:38:36.504+0000] {processor.py:830} INFO - Processing file /opt/airflow/dags/ml_models.py for tasks to queue
[2026-01-01T21:38:36.506+0000] {logging_mixin.py:188} INFO - [2026-01-01T21:38:36.505+0000] {dagbag.py:538} INFO - Filling up the DagBag from /opt/airflow/dags/ml_models.py
[2026-01-01T21:38:36.546+0000] {processor.py:840} INFO - DAG(s) 'ml_models' retrieved from /opt/airflow/dags/ml_models.py
[2026-01-01T21:38:36.595+0000] {logging_mixin.py:188} INFO - [2026-01-01T21:38:36.594+0000] {dag.py:3036} INFO - Sync 1 DAGs
[2026-01-01T21:38:36.639+0000] {logging_mixin.py:188} INFO - [2026-01-01T21:38:36.638+0000] {dag.py:3823} INFO - Setting next_dagrun for ml_models to 2025-12-31 00:00:00+00:00, run_after=2026-01-01 00:00:00+00:00
[2026-01-01T21:38:36.714+0000] {processor.py:183} INFO - Processing /opt/airflow/dags/ml_models.py took 0.220 seconds
[2026-01-01T21:39:07.319+0000] {processor.py:161} INFO - Started process (PID=22081) to work on /opt/airflow/dags/ml_models.py
[2026-01-01T21:39:07.321+0000] {processor.py:830} INFO - Processing file /opt/airflow/dags/ml_models.py for tasks to queue
[2026-01-01T21:39:07.323+0000] {logging_mixin.py:188} INFO - [2026-01-01T21:39:07.323+0000] {dagbag.py:538} INFO - Filling up the DagBag from /opt/airflow/dags/ml_models.py
[2026-01-01T21:39:07.362+0000] {processor.py:840} INFO - DAG(s) 'ml_models' retrieved from /opt/airflow/dags/ml_models.py
[2026-01-01T21:39:07.411+0000] {logging_mixin.py:188} INFO - [2026-01-01T21:39:07.411+0000] {dag.py:3036} INFO - Sync 1 DAGs
[2026-01-01T21:39:07.462+0000] {logging_mixin.py:188} INFO - [2026-01-01T21:39:07.462+0000] {dag.py:3823} INFO - Setting next_dagrun for ml_models to 2025-12-31 00:00:00+00:00, run_after=2026-01-01 00:00:00+00:00
[2026-01-01T21:39:07.536+0000] {processor.py:183} INFO - Processing /opt/airflow/dags/ml_models.py took 0.226 seconds
[2026-01-01T21:39:38.022+0000] {processor.py:161} INFO - Started process (PID=22101) to work on /opt/airflow/dags/ml_models.py
[2026-01-01T21:39:38.025+0000] {processor.py:830} INFO - Processing file /opt/airflow/dags/ml_models.py for tasks to queue
[2026-01-01T21:39:38.027+0000] {logging_mixin.py:188} INFO - [2026-01-01T21:39:38.026+0000] {dagbag.py:538} INFO - Filling up the DagBag from /opt/airflow/dags/ml_models.py
[2026-01-01T21:39:38.066+0000] {processor.py:840} INFO - DAG(s) 'ml_models' retrieved from /opt/airflow/dags/ml_models.py
[2026-01-01T21:39:38.117+0000] {logging_mixin.py:188} INFO - [2026-01-01T21:39:38.116+0000] {dag.py:3036} INFO - Sync 1 DAGs
[2026-01-01T21:39:38.189+0000] {logging_mixin.py:188} INFO - [2026-01-01T21:39:38.188+0000] {dag.py:3823} INFO - Setting next_dagrun for ml_models to 2025-12-31 00:00:00+00:00, run_after=2026-01-01 00:00:00+00:00
[2026-01-01T21:39:38.226+0000] {processor.py:183} INFO - Processing /opt/airflow/dags/ml_models.py took 0.211 seconds
[2026-01-01T21:40:08.782+0000] {processor.py:161} INFO - Started process (PID=22121) to work on /opt/airflow/dags/ml_models.py
[2026-01-01T21:40:08.786+0000] {processor.py:830} INFO - Processing file /opt/airflow/dags/ml_models.py for tasks to queue
[2026-01-01T21:40:08.791+0000] {logging_mixin.py:188} INFO - [2026-01-01T21:40:08.788+0000] {dagbag.py:538} INFO - Filling up the DagBag from /opt/airflow/dags/ml_models.py
[2026-01-01T21:40:08.862+0000] {processor.py:840} INFO - DAG(s) 'ml_models' retrieved from /opt/airflow/dags/ml_models.py
[2026-01-01T21:40:08.913+0000] {logging_mixin.py:188} INFO - [2026-01-01T21:40:08.913+0000] {dag.py:3036} INFO - Sync 1 DAGs
[2026-01-01T21:40:08.959+0000] {logging_mixin.py:188} INFO - [2026-01-01T21:40:08.959+0000] {dag.py:3823} INFO - Setting next_dagrun for ml_models to 2025-12-31 00:00:00+00:00, run_after=2026-01-01 00:00:00+00:00
[2026-01-01T21:40:08.996+0000] {processor.py:183} INFO - Processing /opt/airflow/dags/ml_models.py took 0.225 seconds
[2026-01-01T21:40:39.481+0000] {processor.py:161} INFO - Started process (PID=22141) to work on /opt/airflow/dags/ml_models.py
[2026-01-01T21:40:39.483+0000] {processor.py:830} INFO - Processing file /opt/airflow/dags/ml_models.py for tasks to queue
[2026-01-01T21:40:39.485+0000] {logging_mixin.py:188} INFO - [2026-01-01T21:40:39.485+0000] {dagbag.py:538} INFO - Filling up the DagBag from /opt/airflow/dags/ml_models.py
[2026-01-01T21:40:39.522+0000] {processor.py:840} INFO - DAG(s) 'ml_models' retrieved from /opt/airflow/dags/ml_models.py
[2026-01-01T21:40:39.573+0000] {logging_mixin.py:188} INFO - [2026-01-01T21:40:39.572+0000] {dag.py:3036} INFO - Sync 1 DAGs
[2026-01-01T21:40:39.621+0000] {logging_mixin.py:188} INFO - [2026-01-01T21:40:39.620+0000] {dag.py:3823} INFO - Setting next_dagrun for ml_models to 2025-12-31 00:00:00+00:00, run_after=2026-01-01 00:00:00+00:00
[2026-01-01T21:40:39.694+0000] {processor.py:183} INFO - Processing /opt/airflow/dags/ml_models.py took 0.221 seconds
[2026-01-01T21:41:10.175+0000] {processor.py:161} INFO - Started process (PID=22161) to work on /opt/airflow/dags/ml_models.py
[2026-01-01T21:41:10.178+0000] {processor.py:830} INFO - Processing file /opt/airflow/dags/ml_models.py for tasks to queue
[2026-01-01T21:41:10.181+0000] {logging_mixin.py:188} INFO - [2026-01-01T21:41:10.180+0000] {dagbag.py:538} INFO - Filling up the DagBag from /opt/airflow/dags/ml_models.py
[2026-01-01T21:41:10.221+0000] {processor.py:840} INFO - DAG(s) 'ml_models' retrieved from /opt/airflow/dags/ml_models.py
[2026-01-01T21:41:10.270+0000] {logging_mixin.py:188} INFO - [2026-01-01T21:41:10.270+0000] {dag.py:3036} INFO - Sync 1 DAGs
[2026-01-01T21:41:10.309+0000] {logging_mixin.py:188} INFO - [2026-01-01T21:41:10.308+0000] {dag.py:3823} INFO - Setting next_dagrun for ml_models to 2025-12-31 00:00:00+00:00, run_after=2026-01-01 00:00:00+00:00
[2026-01-01T21:41:10.374+0000] {processor.py:183} INFO - Processing /opt/airflow/dags/ml_models.py took 0.207 seconds
[2026-01-01T21:41:40.874+0000] {processor.py:161} INFO - Started process (PID=22181) to work on /opt/airflow/dags/ml_models.py
[2026-01-01T21:41:40.876+0000] {processor.py:830} INFO - Processing file /opt/airflow/dags/ml_models.py for tasks to queue
[2026-01-01T21:41:40.879+0000] {logging_mixin.py:188} INFO - [2026-01-01T21:41:40.878+0000] {dagbag.py:538} INFO - Filling up the DagBag from /opt/airflow/dags/ml_models.py
[2026-01-01T21:41:40.918+0000] {processor.py:840} INFO - DAG(s) 'ml_models' retrieved from /opt/airflow/dags/ml_models.py
[2026-01-01T21:41:40.967+0000] {logging_mixin.py:188} INFO - [2026-01-01T21:41:40.966+0000] {dag.py:3036} INFO - Sync 1 DAGs
[2026-01-01T21:41:41.013+0000] {logging_mixin.py:188} INFO - [2026-01-01T21:41:41.012+0000] {dag.py:3823} INFO - Setting next_dagrun for ml_models to 2025-12-31 00:00:00+00:00, run_after=2026-01-01 00:00:00+00:00
[2026-01-01T21:41:41.095+0000] {processor.py:183} INFO - Processing /opt/airflow/dags/ml_models.py took 0.228 seconds
[2026-01-01T21:42:11.632+0000] {processor.py:161} INFO - Started process (PID=22201) to work on /opt/airflow/dags/ml_models.py
[2026-01-01T21:42:11.635+0000] {processor.py:830} INFO - Processing file /opt/airflow/dags/ml_models.py for tasks to queue
[2026-01-01T21:42:11.637+0000] {logging_mixin.py:188} INFO - [2026-01-01T21:42:11.637+0000] {dagbag.py:538} INFO - Filling up the DagBag from /opt/airflow/dags/ml_models.py
[2026-01-01T21:42:11.713+0000] {processor.py:840} INFO - DAG(s) 'ml_models' retrieved from /opt/airflow/dags/ml_models.py
[2026-01-01T21:42:11.763+0000] {logging_mixin.py:188} INFO - [2026-01-01T21:42:11.763+0000] {dag.py:3036} INFO - Sync 1 DAGs
[2026-01-01T21:42:11.809+0000] {logging_mixin.py:188} INFO - [2026-01-01T21:42:11.808+0000] {dag.py:3823} INFO - Setting next_dagrun for ml_models to 2025-12-31 00:00:00+00:00, run_after=2026-01-01 00:00:00+00:00
[2026-01-01T21:42:11.842+0000] {processor.py:183} INFO - Processing /opt/airflow/dags/ml_models.py took 0.220 seconds
[2026-01-01T21:42:42.338+0000] {processor.py:161} INFO - Started process (PID=22221) to work on /opt/airflow/dags/ml_models.py
[2026-01-01T21:42:42.341+0000] {processor.py:830} INFO - Processing file /opt/airflow/dags/ml_models.py for tasks to queue
[2026-01-01T21:42:42.343+0000] {logging_mixin.py:188} INFO - [2026-01-01T21:42:42.342+0000] {dagbag.py:538} INFO - Filling up the DagBag from /opt/airflow/dags/ml_models.py
[2026-01-01T21:42:42.387+0000] {processor.py:840} INFO - DAG(s) 'ml_models' retrieved from /opt/airflow/dags/ml_models.py
[2026-01-01T21:42:42.440+0000] {logging_mixin.py:188} INFO - [2026-01-01T21:42:42.440+0000] {dag.py:3036} INFO - Sync 1 DAGs
[2026-01-01T21:42:42.491+0000] {logging_mixin.py:188} INFO - [2026-01-01T21:42:42.491+0000] {dag.py:3823} INFO - Setting next_dagrun for ml_models to 2025-12-31 00:00:00+00:00, run_after=2026-01-01 00:00:00+00:00
[2026-01-01T21:42:42.568+0000] {processor.py:183} INFO - Processing /opt/airflow/dags/ml_models.py took 0.238 seconds
[2026-01-01T21:43:13.150+0000] {processor.py:161} INFO - Started process (PID=22241) to work on /opt/airflow/dags/ml_models.py
[2026-01-01T21:43:13.153+0000] {processor.py:830} INFO - Processing file /opt/airflow/dags/ml_models.py for tasks to queue
[2026-01-01T21:43:13.155+0000] {logging_mixin.py:188} INFO - [2026-01-01T21:43:13.154+0000] {dagbag.py:538} INFO - Filling up the DagBag from /opt/airflow/dags/ml_models.py
[2026-01-01T21:43:13.197+0000] {processor.py:840} INFO - DAG(s) 'ml_models' retrieved from /opt/airflow/dags/ml_models.py
[2026-01-01T21:43:13.253+0000] {logging_mixin.py:188} INFO - [2026-01-01T21:43:13.252+0000] {dag.py:3036} INFO - Sync 1 DAGs
[2026-01-01T21:43:13.295+0000] {logging_mixin.py:188} INFO - [2026-01-01T21:43:13.294+0000] {dag.py:3823} INFO - Setting next_dagrun for ml_models to 2025-12-31 00:00:00+00:00, run_after=2026-01-01 00:00:00+00:00
[2026-01-01T21:43:13.369+0000] {processor.py:183} INFO - Processing /opt/airflow/dags/ml_models.py took 0.228 seconds
[2026-01-01T21:43:43.956+0000] {processor.py:161} INFO - Started process (PID=22261) to work on /opt/airflow/dags/ml_models.py
[2026-01-01T21:43:43.958+0000] {processor.py:830} INFO - Processing file /opt/airflow/dags/ml_models.py for tasks to queue
[2026-01-01T21:43:43.960+0000] {logging_mixin.py:188} INFO - [2026-01-01T21:43:43.960+0000] {dagbag.py:538} INFO - Filling up the DagBag from /opt/airflow/dags/ml_models.py
[2026-01-01T21:43:43.998+0000] {processor.py:840} INFO - DAG(s) 'ml_models' retrieved from /opt/airflow/dags/ml_models.py
[2026-01-01T21:43:44.049+0000] {logging_mixin.py:188} INFO - [2026-01-01T21:43:44.048+0000] {dag.py:3036} INFO - Sync 1 DAGs
[2026-01-01T21:43:44.091+0000] {logging_mixin.py:188} INFO - [2026-01-01T21:43:44.090+0000] {dag.py:3823} INFO - Setting next_dagrun for ml_models to 2025-12-31 00:00:00+00:00, run_after=2026-01-01 00:00:00+00:00
[2026-01-01T21:43:44.163+0000] {processor.py:183} INFO - Processing /opt/airflow/dags/ml_models.py took 0.215 seconds
[2026-01-01T21:44:14.676+0000] {processor.py:161} INFO - Started process (PID=22281) to work on /opt/airflow/dags/ml_models.py
[2026-01-01T21:44:14.679+0000] {processor.py:830} INFO - Processing file /opt/airflow/dags/ml_models.py for tasks to queue
[2026-01-01T21:44:14.682+0000] {logging_mixin.py:188} INFO - [2026-01-01T21:44:14.681+0000] {dagbag.py:538} INFO - Filling up the DagBag from /opt/airflow/dags/ml_models.py
[2026-01-01T21:44:14.722+0000] {processor.py:840} INFO - DAG(s) 'ml_models' retrieved from /opt/airflow/dags/ml_models.py
[2026-01-01T21:44:14.776+0000] {logging_mixin.py:188} INFO - [2026-01-01T21:44:14.776+0000] {dag.py:3036} INFO - Sync 1 DAGs
[2026-01-01T21:44:14.819+0000] {logging_mixin.py:188} INFO - [2026-01-01T21:44:14.819+0000] {dag.py:3823} INFO - Setting next_dagrun for ml_models to 2025-12-31 00:00:00+00:00, run_after=2026-01-01 00:00:00+00:00
[2026-01-01T21:44:14.893+0000] {processor.py:183} INFO - Processing /opt/airflow/dags/ml_models.py took 0.225 seconds
[2026-01-01T21:44:45.358+0000] {processor.py:161} INFO - Started process (PID=22301) to work on /opt/airflow/dags/ml_models.py
[2026-01-01T21:44:45.360+0000] {processor.py:830} INFO - Processing file /opt/airflow/dags/ml_models.py for tasks to queue
[2026-01-01T21:44:45.363+0000] {logging_mixin.py:188} INFO - [2026-01-01T21:44:45.362+0000] {dagbag.py:538} INFO - Filling up the DagBag from /opt/airflow/dags/ml_models.py
[2026-01-01T21:44:45.400+0000] {processor.py:840} INFO - DAG(s) 'ml_models' retrieved from /opt/airflow/dags/ml_models.py
[2026-01-01T21:44:45.452+0000] {logging_mixin.py:188} INFO - [2026-01-01T21:44:45.452+0000] {dag.py:3036} INFO - Sync 1 DAGs
[2026-01-01T21:44:45.499+0000] {logging_mixin.py:188} INFO - [2026-01-01T21:44:45.499+0000] {dag.py:3823} INFO - Setting next_dagrun for ml_models to 2025-12-31 00:00:00+00:00, run_after=2026-01-01 00:00:00+00:00
[2026-01-01T21:44:45.610+0000] {processor.py:183} INFO - Processing /opt/airflow/dags/ml_models.py took 0.259 seconds
[2026-01-01T21:45:16.339+0000] {processor.py:161} INFO - Started process (PID=22321) to work on /opt/airflow/dags/ml_models.py
[2026-01-01T21:45:16.341+0000] {processor.py:830} INFO - Processing file /opt/airflow/dags/ml_models.py for tasks to queue
[2026-01-01T21:45:16.343+0000] {logging_mixin.py:188} INFO - [2026-01-01T21:45:16.342+0000] {dagbag.py:538} INFO - Filling up the DagBag from /opt/airflow/dags/ml_models.py
[2026-01-01T21:45:16.386+0000] {processor.py:840} INFO - DAG(s) 'ml_models' retrieved from /opt/airflow/dags/ml_models.py
[2026-01-01T21:45:16.438+0000] {logging_mixin.py:188} INFO - [2026-01-01T21:45:16.437+0000] {dag.py:3036} INFO - Sync 1 DAGs
[2026-01-01T21:45:16.486+0000] {logging_mixin.py:188} INFO - [2026-01-01T21:45:16.485+0000] {dag.py:3823} INFO - Setting next_dagrun for ml_models to 2025-12-31 00:00:00+00:00, run_after=2026-01-01 00:00:00+00:00
[2026-01-01T21:45:16.522+0000] {processor.py:183} INFO - Processing /opt/airflow/dags/ml_models.py took 0.191 seconds
[2026-01-01T21:45:47.233+0000] {processor.py:161} INFO - Started process (PID=22341) to work on /opt/airflow/dags/ml_models.py
[2026-01-01T21:45:47.236+0000] {processor.py:830} INFO - Processing file /opt/airflow/dags/ml_models.py for tasks to queue
[2026-01-01T21:45:47.238+0000] {logging_mixin.py:188} INFO - [2026-01-01T21:45:47.237+0000] {dagbag.py:538} INFO - Filling up the DagBag from /opt/airflow/dags/ml_models.py
[2026-01-01T21:45:47.283+0000] {processor.py:840} INFO - DAG(s) 'ml_models' retrieved from /opt/airflow/dags/ml_models.py
[2026-01-01T21:45:47.329+0000] {logging_mixin.py:188} INFO - [2026-01-01T21:45:47.329+0000] {dag.py:3036} INFO - Sync 1 DAGs
[2026-01-01T21:45:47.378+0000] {logging_mixin.py:188} INFO - [2026-01-01T21:45:47.378+0000] {dag.py:3823} INFO - Setting next_dagrun for ml_models to 2025-12-31 00:00:00+00:00, run_after=2026-01-01 00:00:00+00:00
[2026-01-01T21:45:47.451+0000] {processor.py:183} INFO - Processing /opt/airflow/dags/ml_models.py took 0.225 seconds
[2026-01-01T21:46:17.993+0000] {processor.py:161} INFO - Started process (PID=22361) to work on /opt/airflow/dags/ml_models.py
[2026-01-01T21:46:17.996+0000] {processor.py:830} INFO - Processing file /opt/airflow/dags/ml_models.py for tasks to queue
[2026-01-01T21:46:17.999+0000] {logging_mixin.py:188} INFO - [2026-01-01T21:46:17.998+0000] {dagbag.py:538} INFO - Filling up the DagBag from /opt/airflow/dags/ml_models.py
[2026-01-01T21:46:18.038+0000] {processor.py:840} INFO - DAG(s) 'ml_models' retrieved from /opt/airflow/dags/ml_models.py
[2026-01-01T21:46:18.087+0000] {logging_mixin.py:188} INFO - [2026-01-01T21:46:18.087+0000] {dag.py:3036} INFO - Sync 1 DAGs
[2026-01-01T21:46:18.135+0000] {logging_mixin.py:188} INFO - [2026-01-01T21:46:18.134+0000] {dag.py:3823} INFO - Setting next_dagrun for ml_models to 2025-12-31 00:00:00+00:00, run_after=2026-01-01 00:00:00+00:00
[2026-01-01T21:46:18.171+0000] {processor.py:183} INFO - Processing /opt/airflow/dags/ml_models.py took 0.187 seconds
[2026-01-01T21:46:48.769+0000] {processor.py:161} INFO - Started process (PID=22381) to work on /opt/airflow/dags/ml_models.py
[2026-01-01T21:46:48.773+0000] {processor.py:830} INFO - Processing file /opt/airflow/dags/ml_models.py for tasks to queue
[2026-01-01T21:46:48.776+0000] {logging_mixin.py:188} INFO - [2026-01-01T21:46:48.775+0000] {dagbag.py:538} INFO - Filling up the DagBag from /opt/airflow/dags/ml_models.py
[2026-01-01T21:46:48.820+0000] {processor.py:840} INFO - DAG(s) 'ml_models' retrieved from /opt/airflow/dags/ml_models.py
[2026-01-01T21:46:48.869+0000] {logging_mixin.py:188} INFO - [2026-01-01T21:46:48.869+0000] {dag.py:3036} INFO - Sync 1 DAGs
[2026-01-01T21:46:48.921+0000] {logging_mixin.py:188} INFO - [2026-01-01T21:46:48.921+0000] {dag.py:3823} INFO - Setting next_dagrun for ml_models to 2025-12-31 00:00:00+00:00, run_after=2026-01-01 00:00:00+00:00
[2026-01-01T21:46:48.988+0000] {processor.py:183} INFO - Processing /opt/airflow/dags/ml_models.py took 0.225 seconds
[2026-01-01T21:47:19.432+0000] {processor.py:161} INFO - Started process (PID=22401) to work on /opt/airflow/dags/ml_models.py
[2026-01-01T21:47:19.434+0000] {processor.py:830} INFO - Processing file /opt/airflow/dags/ml_models.py for tasks to queue
[2026-01-01T21:47:19.436+0000] {logging_mixin.py:188} INFO - [2026-01-01T21:47:19.435+0000] {dagbag.py:538} INFO - Filling up the DagBag from /opt/airflow/dags/ml_models.py
[2026-01-01T21:47:19.478+0000] {processor.py:840} INFO - DAG(s) 'ml_models' retrieved from /opt/airflow/dags/ml_models.py
[2026-01-01T21:47:19.526+0000] {logging_mixin.py:188} INFO - [2026-01-01T21:47:19.525+0000] {dag.py:3036} INFO - Sync 1 DAGs
[2026-01-01T21:47:19.572+0000] {logging_mixin.py:188} INFO - [2026-01-01T21:47:19.571+0000] {dag.py:3823} INFO - Setting next_dagrun for ml_models to 2025-12-31 00:00:00+00:00, run_after=2026-01-01 00:00:00+00:00
[2026-01-01T21:47:19.603+0000] {processor.py:183} INFO - Processing /opt/airflow/dags/ml_models.py took 0.179 seconds
[2026-01-01T21:47:50.471+0000] {processor.py:161} INFO - Started process (PID=22421) to work on /opt/airflow/dags/ml_models.py
[2026-01-01T21:47:50.474+0000] {processor.py:830} INFO - Processing file /opt/airflow/dags/ml_models.py for tasks to queue
[2026-01-01T21:47:50.477+0000] {logging_mixin.py:188} INFO - [2026-01-01T21:47:50.476+0000] {dagbag.py:538} INFO - Filling up the DagBag from /opt/airflow/dags/ml_models.py
[2026-01-01T21:47:50.519+0000] {processor.py:840} INFO - DAG(s) 'ml_models' retrieved from /opt/airflow/dags/ml_models.py
[2026-01-01T21:47:50.569+0000] {logging_mixin.py:188} INFO - [2026-01-01T21:47:50.568+0000] {dag.py:3036} INFO - Sync 1 DAGs
[2026-01-01T21:47:50.617+0000] {logging_mixin.py:188} INFO - [2026-01-01T21:47:50.617+0000] {dag.py:3823} INFO - Setting next_dagrun for ml_models to 2025-12-31 00:00:00+00:00, run_after=2026-01-01 00:00:00+00:00
[2026-01-01T21:47:50.689+0000] {processor.py:183} INFO - Processing /opt/airflow/dags/ml_models.py took 0.229 seconds
[2026-01-01T21:48:21.304+0000] {processor.py:161} INFO - Started process (PID=22441) to work on /opt/airflow/dags/ml_models.py
[2026-01-01T21:48:21.307+0000] {processor.py:830} INFO - Processing file /opt/airflow/dags/ml_models.py for tasks to queue
[2026-01-01T21:48:21.310+0000] {logging_mixin.py:188} INFO - [2026-01-01T21:48:21.309+0000] {dagbag.py:538} INFO - Filling up the DagBag from /opt/airflow/dags/ml_models.py
[2026-01-01T21:48:21.354+0000] {processor.py:840} INFO - DAG(s) 'ml_models' retrieved from /opt/airflow/dags/ml_models.py
[2026-01-01T21:48:21.407+0000] {logging_mixin.py:188} INFO - [2026-01-01T21:48:21.407+0000] {dag.py:3036} INFO - Sync 1 DAGs
[2026-01-01T21:48:21.462+0000] {logging_mixin.py:188} INFO - [2026-01-01T21:48:21.461+0000] {dag.py:3823} INFO - Setting next_dagrun for ml_models to 2025-12-31 00:00:00+00:00, run_after=2026-01-01 00:00:00+00:00
[2026-01-01T21:48:21.513+0000] {processor.py:183} INFO - Processing /opt/airflow/dags/ml_models.py took 0.228 seconds
[2026-01-01T21:48:52.243+0000] {processor.py:161} INFO - Started process (PID=22461) to work on /opt/airflow/dags/ml_models.py
[2026-01-01T21:48:52.245+0000] {processor.py:830} INFO - Processing file /opt/airflow/dags/ml_models.py for tasks to queue
[2026-01-01T21:48:52.248+0000] {logging_mixin.py:188} INFO - [2026-01-01T21:48:52.247+0000] {dagbag.py:538} INFO - Filling up the DagBag from /opt/airflow/dags/ml_models.py
[2026-01-01T21:48:52.287+0000] {processor.py:840} INFO - DAG(s) 'ml_models' retrieved from /opt/airflow/dags/ml_models.py
[2026-01-01T21:48:52.335+0000] {logging_mixin.py:188} INFO - [2026-01-01T21:48:52.334+0000] {dag.py:3036} INFO - Sync 1 DAGs
[2026-01-01T21:48:52.382+0000] {logging_mixin.py:188} INFO - [2026-01-01T21:48:52.381+0000] {dag.py:3823} INFO - Setting next_dagrun for ml_models to 2025-12-31 00:00:00+00:00, run_after=2026-01-01 00:00:00+00:00
[2026-01-01T21:48:52.456+0000] {processor.py:183} INFO - Processing /opt/airflow/dags/ml_models.py took 0.220 seconds
[2026-01-01T21:49:23.063+0000] {processor.py:161} INFO - Started process (PID=22481) to work on /opt/airflow/dags/ml_models.py
[2026-01-01T21:49:23.065+0000] {processor.py:830} INFO - Processing file /opt/airflow/dags/ml_models.py for tasks to queue
[2026-01-01T21:49:23.067+0000] {logging_mixin.py:188} INFO - [2026-01-01T21:49:23.067+0000] {dagbag.py:538} INFO - Filling up the DagBag from /opt/airflow/dags/ml_models.py
[2026-01-01T21:49:23.111+0000] {processor.py:840} INFO - DAG(s) 'ml_models' retrieved from /opt/airflow/dags/ml_models.py
[2026-01-01T21:49:23.164+0000] {logging_mixin.py:188} INFO - [2026-01-01T21:49:23.164+0000] {dag.py:3036} INFO - Sync 1 DAGs
[2026-01-01T21:49:23.207+0000] {logging_mixin.py:188} INFO - [2026-01-01T21:49:23.207+0000] {dag.py:3823} INFO - Setting next_dagrun for ml_models to 2025-12-31 00:00:00+00:00, run_after=2026-01-01 00:00:00+00:00
[2026-01-01T21:49:23.283+0000] {processor.py:183} INFO - Processing /opt/airflow/dags/ml_models.py took 0.228 seconds
[2026-01-01T21:49:53.765+0000] {processor.py:161} INFO - Started process (PID=22501) to work on /opt/airflow/dags/ml_models.py
[2026-01-01T21:49:53.768+0000] {processor.py:830} INFO - Processing file /opt/airflow/dags/ml_models.py for tasks to queue
[2026-01-01T21:49:53.770+0000] {logging_mixin.py:188} INFO - [2026-01-01T21:49:53.770+0000] {dagbag.py:538} INFO - Filling up the DagBag from /opt/airflow/dags/ml_models.py
[2026-01-01T21:49:53.811+0000] {processor.py:840} INFO - DAG(s) 'ml_models' retrieved from /opt/airflow/dags/ml_models.py
[2026-01-01T21:49:53.862+0000] {logging_mixin.py:188} INFO - [2026-01-01T21:49:53.862+0000] {dag.py:3036} INFO - Sync 1 DAGs
[2026-01-01T21:49:53.907+0000] {logging_mixin.py:188} INFO - [2026-01-01T21:49:53.907+0000] {dag.py:3823} INFO - Setting next_dagrun for ml_models to 2025-12-31 00:00:00+00:00, run_after=2026-01-01 00:00:00+00:00
[2026-01-01T21:49:53.947+0000] {processor.py:183} INFO - Processing /opt/airflow/dags/ml_models.py took 0.192 seconds
[2026-01-01T21:50:24.636+0000] {processor.py:161} INFO - Started process (PID=22521) to work on /opt/airflow/dags/ml_models.py
[2026-01-01T21:50:24.638+0000] {processor.py:830} INFO - Processing file /opt/airflow/dags/ml_models.py for tasks to queue
[2026-01-01T21:50:24.639+0000] {logging_mixin.py:188} INFO - [2026-01-01T21:50:24.639+0000] {dagbag.py:538} INFO - Filling up the DagBag from /opt/airflow/dags/ml_models.py
[2026-01-01T21:50:24.674+0000] {processor.py:840} INFO - DAG(s) 'ml_models' retrieved from /opt/airflow/dags/ml_models.py
[2026-01-01T21:50:24.720+0000] {logging_mixin.py:188} INFO - [2026-01-01T21:50:24.719+0000] {dag.py:3036} INFO - Sync 1 DAGs
[2026-01-01T21:50:24.770+0000] {logging_mixin.py:188} INFO - [2026-01-01T21:50:24.770+0000] {dag.py:3823} INFO - Setting next_dagrun for ml_models to 2025-12-31 00:00:00+00:00, run_after=2026-01-01 00:00:00+00:00
[2026-01-01T21:50:24.806+0000] {processor.py:183} INFO - Processing /opt/airflow/dags/ml_models.py took 0.177 seconds
[2026-01-01T21:50:55.502+0000] {processor.py:161} INFO - Started process (PID=22541) to work on /opt/airflow/dags/ml_models.py
[2026-01-01T21:50:55.504+0000] {processor.py:830} INFO - Processing file /opt/airflow/dags/ml_models.py for tasks to queue
[2026-01-01T21:50:55.506+0000] {logging_mixin.py:188} INFO - [2026-01-01T21:50:55.506+0000] {dagbag.py:538} INFO - Filling up the DagBag from /opt/airflow/dags/ml_models.py
[2026-01-01T21:50:55.544+0000] {processor.py:840} INFO - DAG(s) 'ml_models' retrieved from /opt/airflow/dags/ml_models.py
[2026-01-01T21:50:55.592+0000] {logging_mixin.py:188} INFO - [2026-01-01T21:50:55.591+0000] {dag.py:3036} INFO - Sync 1 DAGs
[2026-01-01T21:50:55.635+0000] {logging_mixin.py:188} INFO - [2026-01-01T21:50:55.635+0000] {dag.py:3823} INFO - Setting next_dagrun for ml_models to 2025-12-31 00:00:00+00:00, run_after=2026-01-01 00:00:00+00:00
[2026-01-01T21:50:55.672+0000] {processor.py:183} INFO - Processing /opt/airflow/dags/ml_models.py took 0.179 seconds
[2026-01-01T21:51:26.370+0000] {processor.py:161} INFO - Started process (PID=22561) to work on /opt/airflow/dags/ml_models.py
[2026-01-01T21:51:26.372+0000] {processor.py:830} INFO - Processing file /opt/airflow/dags/ml_models.py for tasks to queue
[2026-01-01T21:51:26.374+0000] {logging_mixin.py:188} INFO - [2026-01-01T21:51:26.373+0000] {dagbag.py:538} INFO - Filling up the DagBag from /opt/airflow/dags/ml_models.py
[2026-01-01T21:51:26.413+0000] {processor.py:840} INFO - DAG(s) 'ml_models' retrieved from /opt/airflow/dags/ml_models.py
[2026-01-01T21:51:26.458+0000] {logging_mixin.py:188} INFO - [2026-01-01T21:51:26.457+0000] {dag.py:3036} INFO - Sync 1 DAGs
[2026-01-01T21:51:26.510+0000] {logging_mixin.py:188} INFO - [2026-01-01T21:51:26.509+0000] {dag.py:3823} INFO - Setting next_dagrun for ml_models to 2025-12-31 00:00:00+00:00, run_after=2026-01-01 00:00:00+00:00
[2026-01-01T21:51:26.583+0000] {processor.py:183} INFO - Processing /opt/airflow/dags/ml_models.py took 0.221 seconds
[2026-01-01T21:51:57.097+0000] {processor.py:161} INFO - Started process (PID=22581) to work on /opt/airflow/dags/ml_models.py
[2026-01-01T21:51:57.100+0000] {processor.py:830} INFO - Processing file /opt/airflow/dags/ml_models.py for tasks to queue
[2026-01-01T21:51:57.102+0000] {logging_mixin.py:188} INFO - [2026-01-01T21:51:57.101+0000] {dagbag.py:538} INFO - Filling up the DagBag from /opt/airflow/dags/ml_models.py
[2026-01-01T21:51:57.137+0000] {processor.py:840} INFO - DAG(s) 'ml_models' retrieved from /opt/airflow/dags/ml_models.py
[2026-01-01T21:51:57.185+0000] {logging_mixin.py:188} INFO - [2026-01-01T21:51:57.185+0000] {dag.py:3036} INFO - Sync 1 DAGs
[2026-01-01T21:51:57.228+0000] {logging_mixin.py:188} INFO - [2026-01-01T21:51:57.227+0000] {dag.py:3823} INFO - Setting next_dagrun for ml_models to 2025-12-31 00:00:00+00:00, run_after=2026-01-01 00:00:00+00:00
[2026-01-01T21:51:57.299+0000] {processor.py:183} INFO - Processing /opt/airflow/dags/ml_models.py took 0.209 seconds
[2026-01-01T21:52:27.784+0000] {processor.py:161} INFO - Started process (PID=22601) to work on /opt/airflow/dags/ml_models.py
[2026-01-01T21:52:27.787+0000] {processor.py:830} INFO - Processing file /opt/airflow/dags/ml_models.py for tasks to queue
[2026-01-01T21:52:27.788+0000] {logging_mixin.py:188} INFO - [2026-01-01T21:52:27.788+0000] {dagbag.py:538} INFO - Filling up the DagBag from /opt/airflow/dags/ml_models.py
[2026-01-01T21:52:27.826+0000] {processor.py:840} INFO - DAG(s) 'ml_models' retrieved from /opt/airflow/dags/ml_models.py
[2026-01-01T21:52:27.873+0000] {logging_mixin.py:188} INFO - [2026-01-01T21:52:27.872+0000] {dag.py:3036} INFO - Sync 1 DAGs
[2026-01-01T21:52:27.921+0000] {logging_mixin.py:188} INFO - [2026-01-01T21:52:27.920+0000] {dag.py:3823} INFO - Setting next_dagrun for ml_models to 2025-12-31 00:00:00+00:00, run_after=2026-01-01 00:00:00+00:00
[2026-01-01T21:52:27.958+0000] {processor.py:183} INFO - Processing /opt/airflow/dags/ml_models.py took 0.180 seconds
[2026-01-01T21:52:58.669+0000] {processor.py:161} INFO - Started process (PID=22621) to work on /opt/airflow/dags/ml_models.py
[2026-01-01T21:52:58.672+0000] {processor.py:830} INFO - Processing file /opt/airflow/dags/ml_models.py for tasks to queue
[2026-01-01T21:52:58.674+0000] {logging_mixin.py:188} INFO - [2026-01-01T21:52:58.673+0000] {dagbag.py:538} INFO - Filling up the DagBag from /opt/airflow/dags/ml_models.py
[2026-01-01T21:52:58.719+0000] {processor.py:840} INFO - DAG(s) 'ml_models' retrieved from /opt/airflow/dags/ml_models.py
[2026-01-01T21:52:58.768+0000] {logging_mixin.py:188} INFO - [2026-01-01T21:52:58.767+0000] {dag.py:3036} INFO - Sync 1 DAGs
[2026-01-01T21:52:58.818+0000] {logging_mixin.py:188} INFO - [2026-01-01T21:52:58.817+0000] {dag.py:3823} INFO - Setting next_dagrun for ml_models to 2025-12-31 00:00:00+00:00, run_after=2026-01-01 00:00:00+00:00
[2026-01-01T21:52:58.893+0000] {processor.py:183} INFO - Processing /opt/airflow/dags/ml_models.py took 0.230 seconds
[2026-01-01T21:53:29.540+0000] {processor.py:161} INFO - Started process (PID=22641) to work on /opt/airflow/dags/ml_models.py
[2026-01-01T21:53:29.542+0000] {processor.py:830} INFO - Processing file /opt/airflow/dags/ml_models.py for tasks to queue
[2026-01-01T21:53:29.545+0000] {logging_mixin.py:188} INFO - [2026-01-01T21:53:29.544+0000] {dagbag.py:538} INFO - Filling up the DagBag from /opt/airflow/dags/ml_models.py
[2026-01-01T21:53:29.583+0000] {processor.py:840} INFO - DAG(s) 'ml_models' retrieved from /opt/airflow/dags/ml_models.py
[2026-01-01T21:53:29.633+0000] {logging_mixin.py:188} INFO - [2026-01-01T21:53:29.633+0000] {dag.py:3036} INFO - Sync 1 DAGs
[2026-01-01T21:53:29.677+0000] {logging_mixin.py:188} INFO - [2026-01-01T21:53:29.676+0000] {dag.py:3823} INFO - Setting next_dagrun for ml_models to 2025-12-31 00:00:00+00:00, run_after=2026-01-01 00:00:00+00:00
[2026-01-01T21:53:29.709+0000] {processor.py:183} INFO - Processing /opt/airflow/dags/ml_models.py took 0.178 seconds
[2026-01-01T21:54:00.439+0000] {processor.py:161} INFO - Started process (PID=22661) to work on /opt/airflow/dags/ml_models.py
[2026-01-01T21:54:00.441+0000] {processor.py:830} INFO - Processing file /opt/airflow/dags/ml_models.py for tasks to queue
[2026-01-01T21:54:00.443+0000] {logging_mixin.py:188} INFO - [2026-01-01T21:54:00.443+0000] {dagbag.py:538} INFO - Filling up the DagBag from /opt/airflow/dags/ml_models.py
[2026-01-01T21:54:00.493+0000] {processor.py:840} INFO - DAG(s) 'ml_models' retrieved from /opt/airflow/dags/ml_models.py
[2026-01-01T21:54:00.557+0000] {logging_mixin.py:188} INFO - [2026-01-01T21:54:00.556+0000] {dag.py:3036} INFO - Sync 1 DAGs
[2026-01-01T21:54:00.605+0000] {logging_mixin.py:188} INFO - [2026-01-01T21:54:00.605+0000] {dag.py:3823} INFO - Setting next_dagrun for ml_models to 2025-12-31 00:00:00+00:00, run_after=2026-01-01 00:00:00+00:00
[2026-01-01T21:54:00.648+0000] {processor.py:183} INFO - Processing /opt/airflow/dags/ml_models.py took 0.217 seconds
[2026-01-01T21:54:31.448+0000] {processor.py:161} INFO - Started process (PID=22681) to work on /opt/airflow/dags/ml_models.py
[2026-01-01T21:54:31.450+0000] {processor.py:830} INFO - Processing file /opt/airflow/dags/ml_models.py for tasks to queue
[2026-01-01T21:54:31.452+0000] {logging_mixin.py:188} INFO - [2026-01-01T21:54:31.452+0000] {dagbag.py:538} INFO - Filling up the DagBag from /opt/airflow/dags/ml_models.py
[2026-01-01T21:54:31.488+0000] {processor.py:840} INFO - DAG(s) 'ml_models' retrieved from /opt/airflow/dags/ml_models.py
[2026-01-01T21:54:31.522+0000] {logging_mixin.py:188} INFO - [2026-01-01T21:54:31.521+0000] {dag.py:3036} INFO - Sync 1 DAGs
[2026-01-01T21:54:31.560+0000] {logging_mixin.py:188} INFO - [2026-01-01T21:54:31.559+0000] {dag.py:3823} INFO - Setting next_dagrun for ml_models to 2025-12-31 00:00:00+00:00, run_after=2026-01-01 00:00:00+00:00
[2026-01-01T21:54:31.629+0000] {processor.py:183} INFO - Processing /opt/airflow/dags/ml_models.py took 0.189 seconds
[2026-01-01T21:55:02.260+0000] {processor.py:161} INFO - Started process (PID=22701) to work on /opt/airflow/dags/ml_models.py
[2026-01-01T21:55:02.263+0000] {processor.py:830} INFO - Processing file /opt/airflow/dags/ml_models.py for tasks to queue
[2026-01-01T21:55:02.265+0000] {logging_mixin.py:188} INFO - [2026-01-01T21:55:02.264+0000] {dagbag.py:538} INFO - Filling up the DagBag from /opt/airflow/dags/ml_models.py
[2026-01-01T21:55:02.325+0000] {processor.py:840} INFO - DAG(s) 'ml_models' retrieved from /opt/airflow/dags/ml_models.py
[2026-01-01T21:55:02.394+0000] {logging_mixin.py:188} INFO - [2026-01-01T21:55:02.394+0000] {dag.py:3036} INFO - Sync 1 DAGs
[2026-01-01T21:55:02.454+0000] {logging_mixin.py:188} INFO - [2026-01-01T21:55:02.453+0000] {dag.py:3823} INFO - Setting next_dagrun for ml_models to 2025-12-31 00:00:00+00:00, run_after=2026-01-01 00:00:00+00:00
[2026-01-01T21:55:02.502+0000] {processor.py:183} INFO - Processing /opt/airflow/dags/ml_models.py took 0.251 seconds
[2026-01-01T21:55:33.164+0000] {processor.py:161} INFO - Started process (PID=22721) to work on /opt/airflow/dags/ml_models.py
[2026-01-01T21:55:33.167+0000] {processor.py:830} INFO - Processing file /opt/airflow/dags/ml_models.py for tasks to queue
[2026-01-01T21:55:33.169+0000] {logging_mixin.py:188} INFO - [2026-01-01T21:55:33.169+0000] {dagbag.py:538} INFO - Filling up the DagBag from /opt/airflow/dags/ml_models.py
[2026-01-01T21:55:33.217+0000] {processor.py:840} INFO - DAG(s) 'ml_models' retrieved from /opt/airflow/dags/ml_models.py
[2026-01-01T21:55:33.263+0000] {logging_mixin.py:188} INFO - [2026-01-01T21:55:33.262+0000] {dag.py:3036} INFO - Sync 1 DAGs
[2026-01-01T21:55:33.307+0000] {logging_mixin.py:188} INFO - [2026-01-01T21:55:33.307+0000] {dag.py:3823} INFO - Setting next_dagrun for ml_models to 2025-12-31 00:00:00+00:00, run_after=2026-01-01 00:00:00+00:00
[2026-01-01T21:55:33.393+0000] {processor.py:183} INFO - Processing /opt/airflow/dags/ml_models.py took 0.236 seconds
[2026-01-01T21:56:04.023+0000] {processor.py:161} INFO - Started process (PID=22741) to work on /opt/airflow/dags/ml_models.py
[2026-01-01T21:56:04.027+0000] {processor.py:830} INFO - Processing file /opt/airflow/dags/ml_models.py for tasks to queue
[2026-01-01T21:56:04.030+0000] {logging_mixin.py:188} INFO - [2026-01-01T21:56:04.029+0000] {dagbag.py:538} INFO - Filling up the DagBag from /opt/airflow/dags/ml_models.py
[2026-01-01T21:56:04.124+0000] {processor.py:840} INFO - DAG(s) 'ml_models' retrieved from /opt/airflow/dags/ml_models.py
[2026-01-01T21:56:04.190+0000] {logging_mixin.py:188} INFO - [2026-01-01T21:56:04.189+0000] {dag.py:3036} INFO - Sync 1 DAGs
[2026-01-01T21:56:04.248+0000] {logging_mixin.py:188} INFO - [2026-01-01T21:56:04.248+0000] {dag.py:3823} INFO - Setting next_dagrun for ml_models to 2025-12-31 00:00:00+00:00, run_after=2026-01-01 00:00:00+00:00
[2026-01-01T21:56:04.304+0000] {processor.py:183} INFO - Processing /opt/airflow/dags/ml_models.py took 0.289 seconds
[2026-01-01T21:56:34.929+0000] {processor.py:161} INFO - Started process (PID=22761) to work on /opt/airflow/dags/ml_models.py
[2026-01-01T21:56:34.931+0000] {processor.py:830} INFO - Processing file /opt/airflow/dags/ml_models.py for tasks to queue
[2026-01-01T21:56:34.934+0000] {logging_mixin.py:188} INFO - [2026-01-01T21:56:34.933+0000] {dagbag.py:538} INFO - Filling up the DagBag from /opt/airflow/dags/ml_models.py
[2026-01-01T21:56:34.987+0000] {processor.py:840} INFO - DAG(s) 'ml_models' retrieved from /opt/airflow/dags/ml_models.py
[2026-01-01T21:56:35.037+0000] {logging_mixin.py:188} INFO - [2026-01-01T21:56:35.037+0000] {dag.py:3036} INFO - Sync 1 DAGs
[2026-01-01T21:56:35.088+0000] {logging_mixin.py:188} INFO - [2026-01-01T21:56:35.087+0000] {dag.py:3823} INFO - Setting next_dagrun for ml_models to 2025-12-31 00:00:00+00:00, run_after=2026-01-01 00:00:00+00:00
[2026-01-01T21:56:35.161+0000] {processor.py:183} INFO - Processing /opt/airflow/dags/ml_models.py took 0.238 seconds
[2026-01-01T21:57:05.816+0000] {processor.py:161} INFO - Started process (PID=22781) to work on /opt/airflow/dags/ml_models.py
[2026-01-01T21:57:05.819+0000] {processor.py:830} INFO - Processing file /opt/airflow/dags/ml_models.py for tasks to queue
[2026-01-01T21:57:05.822+0000] {logging_mixin.py:188} INFO - [2026-01-01T21:57:05.821+0000] {dagbag.py:538} INFO - Filling up the DagBag from /opt/airflow/dags/ml_models.py
[2026-01-01T21:57:05.877+0000] {processor.py:840} INFO - DAG(s) 'ml_models' retrieved from /opt/airflow/dags/ml_models.py
[2026-01-01T21:57:05.943+0000] {logging_mixin.py:188} INFO - [2026-01-01T21:57:05.943+0000] {dag.py:3036} INFO - Sync 1 DAGs
[2026-01-01T21:57:05.999+0000] {logging_mixin.py:188} INFO - [2026-01-01T21:57:05.998+0000] {dag.py:3823} INFO - Setting next_dagrun for ml_models to 2025-12-31 00:00:00+00:00, run_after=2026-01-01 00:00:00+00:00
[2026-01-01T21:57:06.084+0000] {processor.py:183} INFO - Processing /opt/airflow/dags/ml_models.py took 0.275 seconds
[2026-01-01T21:57:36.676+0000] {processor.py:161} INFO - Started process (PID=22801) to work on /opt/airflow/dags/ml_models.py
[2026-01-01T21:57:36.678+0000] {processor.py:830} INFO - Processing file /opt/airflow/dags/ml_models.py for tasks to queue
[2026-01-01T21:57:36.679+0000] {logging_mixin.py:188} INFO - [2026-01-01T21:57:36.679+0000] {dagbag.py:538} INFO - Filling up the DagBag from /opt/airflow/dags/ml_models.py
[2026-01-01T21:57:36.725+0000] {processor.py:840} INFO - DAG(s) 'ml_models' retrieved from /opt/airflow/dags/ml_models.py
[2026-01-01T21:57:36.769+0000] {logging_mixin.py:188} INFO - [2026-01-01T21:57:36.769+0000] {dag.py:3036} INFO - Sync 1 DAGs
[2026-01-01T21:57:36.813+0000] {logging_mixin.py:188} INFO - [2026-01-01T21:57:36.813+0000] {dag.py:3823} INFO - Setting next_dagrun for ml_models to 2025-12-31 00:00:00+00:00, run_after=2026-01-01 00:00:00+00:00
[2026-01-01T21:57:36.895+0000] {processor.py:183} INFO - Processing /opt/airflow/dags/ml_models.py took 0.226 seconds
[2026-01-01T21:58:07.759+0000] {processor.py:161} INFO - Started process (PID=22821) to work on /opt/airflow/dags/ml_models.py
[2026-01-01T21:58:07.761+0000] {processor.py:830} INFO - Processing file /opt/airflow/dags/ml_models.py for tasks to queue
[2026-01-01T21:58:07.763+0000] {logging_mixin.py:188} INFO - [2026-01-01T21:58:07.763+0000] {dagbag.py:538} INFO - Filling up the DagBag from /opt/airflow/dags/ml_models.py
[2026-01-01T21:58:07.829+0000] {processor.py:840} INFO - DAG(s) 'ml_models' retrieved from /opt/airflow/dags/ml_models.py
[2026-01-01T21:58:07.895+0000] {logging_mixin.py:188} INFO - [2026-01-01T21:58:07.894+0000] {dag.py:3036} INFO - Sync 1 DAGs
[2026-01-01T21:58:07.954+0000] {logging_mixin.py:188} INFO - [2026-01-01T21:58:07.953+0000] {dag.py:3823} INFO - Setting next_dagrun for ml_models to 2025-12-31 00:00:00+00:00, run_after=2026-01-01 00:00:00+00:00
[2026-01-01T21:58:08.005+0000] {processor.py:183} INFO - Processing /opt/airflow/dags/ml_models.py took 0.254 seconds
[2026-01-01T21:58:38.950+0000] {processor.py:161} INFO - Started process (PID=22841) to work on /opt/airflow/dags/ml_models.py
[2026-01-01T21:58:38.956+0000] {processor.py:830} INFO - Processing file /opt/airflow/dags/ml_models.py for tasks to queue
[2026-01-01T21:58:38.959+0000] {logging_mixin.py:188} INFO - [2026-01-01T21:58:38.958+0000] {dagbag.py:538} INFO - Filling up the DagBag from /opt/airflow/dags/ml_models.py
[2026-01-01T21:58:39.015+0000] {processor.py:840} INFO - DAG(s) 'ml_models' retrieved from /opt/airflow/dags/ml_models.py
[2026-01-01T21:58:39.085+0000] {logging_mixin.py:188} INFO - [2026-01-01T21:58:39.083+0000] {dag.py:3036} INFO - Sync 1 DAGs
[2026-01-01T21:58:39.146+0000] {logging_mixin.py:188} INFO - [2026-01-01T21:58:39.145+0000] {dag.py:3823} INFO - Setting next_dagrun for ml_models to 2025-12-31 00:00:00+00:00, run_after=2026-01-01 00:00:00+00:00
[2026-01-01T21:58:39.237+0000] {processor.py:183} INFO - Processing /opt/airflow/dags/ml_models.py took 0.295 seconds
[2026-01-01T21:59:09.451+0000] {processor.py:161} INFO - Started process (PID=22861) to work on /opt/airflow/dags/ml_models.py
[2026-01-01T21:59:09.454+0000] {processor.py:830} INFO - Processing file /opt/airflow/dags/ml_models.py for tasks to queue
[2026-01-01T21:59:09.457+0000] {logging_mixin.py:188} INFO - [2026-01-01T21:59:09.456+0000] {dagbag.py:538} INFO - Filling up the DagBag from /opt/airflow/dags/ml_models.py
[2026-01-01T21:59:09.554+0000] {processor.py:840} INFO - DAG(s) 'ml_models' retrieved from /opt/airflow/dags/ml_models.py
[2026-01-01T21:59:09.622+0000] {logging_mixin.py:188} INFO - [2026-01-01T21:59:09.621+0000] {dag.py:3036} INFO - Sync 1 DAGs
[2026-01-01T21:59:09.682+0000] {logging_mixin.py:188} INFO - [2026-01-01T21:59:09.681+0000] {dag.py:3823} INFO - Setting next_dagrun for ml_models to 2025-12-31 00:00:00+00:00, run_after=2026-01-01 00:00:00+00:00
[2026-01-01T21:59:09.731+0000] {processor.py:183} INFO - Processing /opt/airflow/dags/ml_models.py took 0.288 seconds
[2026-01-01T21:59:39.909+0000] {processor.py:161} INFO - Started process (PID=22881) to work on /opt/airflow/dags/ml_models.py
[2026-01-01T21:59:39.912+0000] {processor.py:830} INFO - Processing file /opt/airflow/dags/ml_models.py for tasks to queue
[2026-01-01T21:59:39.919+0000] {logging_mixin.py:188} INFO - [2026-01-01T21:59:39.914+0000] {dagbag.py:538} INFO - Filling up the DagBag from /opt/airflow/dags/ml_models.py
[2026-01-01T21:59:39.978+0000] {processor.py:840} INFO - DAG(s) 'ml_models' retrieved from /opt/airflow/dags/ml_models.py
[2026-01-01T21:59:40.045+0000] {logging_mixin.py:188} INFO - [2026-01-01T21:59:40.044+0000] {dag.py:3036} INFO - Sync 1 DAGs
[2026-01-01T21:59:40.103+0000] {logging_mixin.py:188} INFO - [2026-01-01T21:59:40.102+0000] {dag.py:3823} INFO - Setting next_dagrun for ml_models to 2025-12-31 00:00:00+00:00, run_after=2026-01-01 00:00:00+00:00
[2026-01-01T21:59:40.191+0000] {processor.py:183} INFO - Processing /opt/airflow/dags/ml_models.py took 0.290 seconds
[2026-01-01T22:00:10.407+0000] {processor.py:161} INFO - Started process (PID=22901) to work on /opt/airflow/dags/ml_models.py
[2026-01-01T22:00:10.410+0000] {processor.py:830} INFO - Processing file /opt/airflow/dags/ml_models.py for tasks to queue
[2026-01-01T22:00:10.414+0000] {logging_mixin.py:188} INFO - [2026-01-01T22:00:10.413+0000] {dagbag.py:538} INFO - Filling up the DagBag from /opt/airflow/dags/ml_models.py
[2026-01-01T22:00:10.470+0000] {processor.py:840} INFO - DAG(s) 'ml_models' retrieved from /opt/airflow/dags/ml_models.py
[2026-01-01T22:00:10.538+0000] {logging_mixin.py:188} INFO - [2026-01-01T22:00:10.538+0000] {dag.py:3036} INFO - Sync 1 DAGs
[2026-01-01T22:00:10.606+0000] {logging_mixin.py:188} INFO - [2026-01-01T22:00:10.605+0000] {dag.py:3823} INFO - Setting next_dagrun for ml_models to 2025-12-31 00:00:00+00:00, run_after=2026-01-01 00:00:00+00:00
[2026-01-01T22:00:10.695+0000] {processor.py:183} INFO - Processing /opt/airflow/dags/ml_models.py took 0.298 seconds
[2026-01-01T22:00:40.954+0000] {processor.py:161} INFO - Started process (PID=22921) to work on /opt/airflow/dags/ml_models.py
[2026-01-01T22:00:40.956+0000] {processor.py:830} INFO - Processing file /opt/airflow/dags/ml_models.py for tasks to queue
[2026-01-01T22:00:40.959+0000] {logging_mixin.py:188} INFO - [2026-01-01T22:00:40.958+0000] {dagbag.py:538} INFO - Filling up the DagBag from /opt/airflow/dags/ml_models.py
[2026-01-01T22:00:41.010+0000] {processor.py:840} INFO - DAG(s) 'ml_models' retrieved from /opt/airflow/dags/ml_models.py
[2026-01-01T22:00:41.061+0000] {logging_mixin.py:188} INFO - [2026-01-01T22:00:41.061+0000] {dag.py:3036} INFO - Sync 1 DAGs
[2026-01-01T22:00:41.106+0000] {logging_mixin.py:188} INFO - [2026-01-01T22:00:41.105+0000] {dag.py:3823} INFO - Setting next_dagrun for ml_models to 2025-12-31 00:00:00+00:00, run_after=2026-01-01 00:00:00+00:00
[2026-01-01T22:00:41.181+0000] {processor.py:183} INFO - Processing /opt/airflow/dags/ml_models.py took 0.234 seconds
[2026-01-01T22:01:11.361+0000] {processor.py:161} INFO - Started process (PID=22941) to work on /opt/airflow/dags/ml_models.py
[2026-01-01T22:01:11.363+0000] {processor.py:830} INFO - Processing file /opt/airflow/dags/ml_models.py for tasks to queue
[2026-01-01T22:01:11.365+0000] {logging_mixin.py:188} INFO - [2026-01-01T22:01:11.365+0000] {dagbag.py:538} INFO - Filling up the DagBag from /opt/airflow/dags/ml_models.py
[2026-01-01T22:01:11.421+0000] {processor.py:840} INFO - DAG(s) 'ml_models' retrieved from /opt/airflow/dags/ml_models.py
[2026-01-01T22:01:11.489+0000] {logging_mixin.py:188} INFO - [2026-01-01T22:01:11.488+0000] {dag.py:3036} INFO - Sync 1 DAGs
[2026-01-01T22:01:11.548+0000] {logging_mixin.py:188} INFO - [2026-01-01T22:01:11.548+0000] {dag.py:3823} INFO - Setting next_dagrun for ml_models to 2025-12-31 00:00:00+00:00, run_after=2026-01-01 00:00:00+00:00
[2026-01-01T22:01:11.600+0000] {processor.py:183} INFO - Processing /opt/airflow/dags/ml_models.py took 0.249 seconds
[2026-01-01T22:01:41.836+0000] {processor.py:161} INFO - Started process (PID=22961) to work on /opt/airflow/dags/ml_models.py
[2026-01-01T22:01:41.840+0000] {processor.py:830} INFO - Processing file /opt/airflow/dags/ml_models.py for tasks to queue
[2026-01-01T22:01:41.842+0000] {logging_mixin.py:188} INFO - [2026-01-01T22:01:41.842+0000] {dagbag.py:538} INFO - Filling up the DagBag from /opt/airflow/dags/ml_models.py
[2026-01-01T22:01:41.892+0000] {processor.py:840} INFO - DAG(s) 'ml_models' retrieved from /opt/airflow/dags/ml_models.py
[2026-01-01T22:01:41.946+0000] {logging_mixin.py:188} INFO - [2026-01-01T22:01:41.945+0000] {dag.py:3036} INFO - Sync 1 DAGs
[2026-01-01T22:01:42.009+0000] {logging_mixin.py:188} INFO - [2026-01-01T22:01:42.009+0000] {dag.py:3823} INFO - Setting next_dagrun for ml_models to 2025-12-31 00:00:00+00:00, run_after=2026-01-01 00:00:00+00:00
[2026-01-01T22:01:42.063+0000] {processor.py:183} INFO - Processing /opt/airflow/dags/ml_models.py took 0.236 seconds
[2026-01-01T22:02:13.029+0000] {processor.py:161} INFO - Started process (PID=22981) to work on /opt/airflow/dags/ml_models.py
[2026-01-01T22:02:13.032+0000] {processor.py:830} INFO - Processing file /opt/airflow/dags/ml_models.py for tasks to queue
[2026-01-01T22:02:13.034+0000] {logging_mixin.py:188} INFO - [2026-01-01T22:02:13.033+0000] {dagbag.py:538} INFO - Filling up the DagBag from /opt/airflow/dags/ml_models.py
[2026-01-01T22:02:13.084+0000] {processor.py:840} INFO - DAG(s) 'ml_models' retrieved from /opt/airflow/dags/ml_models.py
[2026-01-01T22:02:13.139+0000] {logging_mixin.py:188} INFO - [2026-01-01T22:02:13.138+0000] {dag.py:3036} INFO - Sync 1 DAGs
[2026-01-01T22:02:13.193+0000] {logging_mixin.py:188} INFO - [2026-01-01T22:02:13.193+0000] {dag.py:3823} INFO - Setting next_dagrun for ml_models to 2025-12-31 00:00:00+00:00, run_after=2026-01-01 00:00:00+00:00
[2026-01-01T22:02:13.235+0000] {processor.py:183} INFO - Processing /opt/airflow/dags/ml_models.py took 0.214 seconds
[2026-01-01T22:02:44.236+0000] {processor.py:161} INFO - Started process (PID=23001) to work on /opt/airflow/dags/ml_models.py
[2026-01-01T22:02:44.242+0000] {processor.py:830} INFO - Processing file /opt/airflow/dags/ml_models.py for tasks to queue
[2026-01-01T22:02:44.245+0000] {logging_mixin.py:188} INFO - [2026-01-01T22:02:44.244+0000] {dagbag.py:538} INFO - Filling up the DagBag from /opt/airflow/dags/ml_models.py
[2026-01-01T22:02:44.304+0000] {processor.py:840} INFO - DAG(s) 'ml_models' retrieved from /opt/airflow/dags/ml_models.py
[2026-01-01T22:02:44.368+0000] {logging_mixin.py:188} INFO - [2026-01-01T22:02:44.368+0000] {dag.py:3036} INFO - Sync 1 DAGs
[2026-01-01T22:02:44.425+0000] {logging_mixin.py:188} INFO - [2026-01-01T22:02:44.425+0000] {dag.py:3823} INFO - Setting next_dagrun for ml_models to 2025-12-31 00:00:00+00:00, run_after=2026-01-01 00:00:00+00:00
[2026-01-01T22:02:44.504+0000] {processor.py:183} INFO - Processing /opt/airflow/dags/ml_models.py took 0.278 seconds
[2026-01-01T22:03:15.636+0000] {processor.py:161} INFO - Started process (PID=23021) to work on /opt/airflow/dags/ml_models.py
[2026-01-01T22:03:15.644+0000] {processor.py:830} INFO - Processing file /opt/airflow/dags/ml_models.py for tasks to queue
[2026-01-01T22:03:15.646+0000] {logging_mixin.py:188} INFO - [2026-01-01T22:03:15.646+0000] {dagbag.py:538} INFO - Filling up the DagBag from /opt/airflow/dags/ml_models.py
[2026-01-01T22:03:15.711+0000] {processor.py:840} INFO - DAG(s) 'ml_models' retrieved from /opt/airflow/dags/ml_models.py
[2026-01-01T22:03:15.773+0000] {logging_mixin.py:188} INFO - [2026-01-01T22:03:15.772+0000] {dag.py:3036} INFO - Sync 1 DAGs
[2026-01-01T22:03:15.828+0000] {logging_mixin.py:188} INFO - [2026-01-01T22:03:15.827+0000] {dag.py:3823} INFO - Setting next_dagrun for ml_models to 2025-12-31 00:00:00+00:00, run_after=2026-01-01 00:00:00+00:00
[2026-01-01T22:03:15.909+0000] {processor.py:183} INFO - Processing /opt/airflow/dags/ml_models.py took 0.284 seconds
[2026-01-01T22:03:46.101+0000] {processor.py:161} INFO - Started process (PID=23041) to work on /opt/airflow/dags/ml_models.py
[2026-01-01T22:03:46.104+0000] {processor.py:830} INFO - Processing file /opt/airflow/dags/ml_models.py for tasks to queue
[2026-01-01T22:03:46.109+0000] {logging_mixin.py:188} INFO - [2026-01-01T22:03:46.108+0000] {dagbag.py:538} INFO - Filling up the DagBag from /opt/airflow/dags/ml_models.py
[2026-01-01T22:03:46.159+0000] {processor.py:840} INFO - DAG(s) 'ml_models' retrieved from /opt/airflow/dags/ml_models.py
[2026-01-01T22:03:46.219+0000] {logging_mixin.py:188} INFO - [2026-01-01T22:03:46.218+0000] {dag.py:3036} INFO - Sync 1 DAGs
[2026-01-01T22:03:46.270+0000] {logging_mixin.py:188} INFO - [2026-01-01T22:03:46.269+0000] {dag.py:3823} INFO - Setting next_dagrun for ml_models to 2025-12-31 00:00:00+00:00, run_after=2026-01-01 00:00:00+00:00
[2026-01-01T22:03:46.363+0000] {processor.py:183} INFO - Processing /opt/airflow/dags/ml_models.py took 0.275 seconds
[2026-01-01T22:04:16.568+0000] {processor.py:161} INFO - Started process (PID=23061) to work on /opt/airflow/dags/ml_models.py
[2026-01-01T22:04:16.571+0000] {processor.py:830} INFO - Processing file /opt/airflow/dags/ml_models.py for tasks to queue
[2026-01-01T22:04:16.572+0000] {logging_mixin.py:188} INFO - [2026-01-01T22:04:16.572+0000] {dagbag.py:538} INFO - Filling up the DagBag from /opt/airflow/dags/ml_models.py
[2026-01-01T22:04:16.625+0000] {processor.py:840} INFO - DAG(s) 'ml_models' retrieved from /opt/airflow/dags/ml_models.py
[2026-01-01T22:04:16.685+0000] {logging_mixin.py:188} INFO - [2026-01-01T22:04:16.685+0000] {dag.py:3036} INFO - Sync 1 DAGs
[2026-01-01T22:04:16.742+0000] {logging_mixin.py:188} INFO - [2026-01-01T22:04:16.741+0000] {dag.py:3823} INFO - Setting next_dagrun for ml_models to 2025-12-31 00:00:00+00:00, run_after=2026-01-01 00:00:00+00:00
[2026-01-01T22:04:16.828+0000] {processor.py:183} INFO - Processing /opt/airflow/dags/ml_models.py took 0.267 seconds
[2026-01-01T22:04:47.005+0000] {processor.py:161} INFO - Started process (PID=23081) to work on /opt/airflow/dags/ml_models.py
[2026-01-01T22:04:47.011+0000] {processor.py:830} INFO - Processing file /opt/airflow/dags/ml_models.py for tasks to queue
[2026-01-01T22:04:47.014+0000] {logging_mixin.py:188} INFO - [2026-01-01T22:04:47.014+0000] {dagbag.py:538} INFO - Filling up the DagBag from /opt/airflow/dags/ml_models.py
[2026-01-01T22:04:47.064+0000] {processor.py:840} INFO - DAG(s) 'ml_models' retrieved from /opt/airflow/dags/ml_models.py
[2026-01-01T22:04:47.121+0000] {logging_mixin.py:188} INFO - [2026-01-01T22:04:47.121+0000] {dag.py:3036} INFO - Sync 1 DAGs
[2026-01-01T22:04:47.182+0000] {logging_mixin.py:188} INFO - [2026-01-01T22:04:47.181+0000] {dag.py:3823} INFO - Setting next_dagrun for ml_models to 2025-12-31 00:00:00+00:00, run_after=2026-01-01 00:00:00+00:00
[2026-01-01T22:04:47.232+0000] {processor.py:183} INFO - Processing /opt/airflow/dags/ml_models.py took 0.235 seconds
[2026-01-01T22:05:17.363+0000] {processor.py:161} INFO - Started process (PID=23101) to work on /opt/airflow/dags/ml_models.py
[2026-01-01T22:05:17.366+0000] {processor.py:830} INFO - Processing file /opt/airflow/dags/ml_models.py for tasks to queue
[2026-01-01T22:05:17.368+0000] {logging_mixin.py:188} INFO - [2026-01-01T22:05:17.368+0000] {dagbag.py:538} INFO - Filling up the DagBag from /opt/airflow/dags/ml_models.py
[2026-01-01T22:05:17.422+0000] {processor.py:840} INFO - DAG(s) 'ml_models' retrieved from /opt/airflow/dags/ml_models.py
[2026-01-01T22:05:17.483+0000] {logging_mixin.py:188} INFO - [2026-01-01T22:05:17.482+0000] {dag.py:3036} INFO - Sync 1 DAGs
[2026-01-01T22:05:17.537+0000] {logging_mixin.py:188} INFO - [2026-01-01T22:05:17.536+0000] {dag.py:3823} INFO - Setting next_dagrun for ml_models to 2025-12-31 00:00:00+00:00, run_after=2026-01-01 00:00:00+00:00
[2026-01-01T22:05:17.616+0000] {processor.py:183} INFO - Processing /opt/airflow/dags/ml_models.py took 0.263 seconds
[2026-01-01T22:05:48.522+0000] {processor.py:161} INFO - Started process (PID=23121) to work on /opt/airflow/dags/ml_models.py
[2026-01-01T22:05:48.529+0000] {processor.py:830} INFO - Processing file /opt/airflow/dags/ml_models.py for tasks to queue
[2026-01-01T22:05:48.533+0000] {logging_mixin.py:188} INFO - [2026-01-01T22:05:48.532+0000] {dagbag.py:538} INFO - Filling up the DagBag from /opt/airflow/dags/ml_models.py
[2026-01-01T22:05:48.579+0000] {processor.py:840} INFO - DAG(s) 'ml_models' retrieved from /opt/airflow/dags/ml_models.py
[2026-01-01T22:05:48.649+0000] {logging_mixin.py:188} INFO - [2026-01-01T22:05:48.648+0000] {dag.py:3036} INFO - Sync 1 DAGs
[2026-01-01T22:05:48.702+0000] {logging_mixin.py:188} INFO - [2026-01-01T22:05:48.702+0000] {dag.py:3823} INFO - Setting next_dagrun for ml_models to 2025-12-31 00:00:00+00:00, run_after=2026-01-01 00:00:00+00:00
[2026-01-01T22:05:48.797+0000] {processor.py:183} INFO - Processing /opt/airflow/dags/ml_models.py took 0.284 seconds
[2026-01-01T22:06:18.950+0000] {processor.py:161} INFO - Started process (PID=23141) to work on /opt/airflow/dags/ml_models.py
[2026-01-01T22:06:18.952+0000] {processor.py:830} INFO - Processing file /opt/airflow/dags/ml_models.py for tasks to queue
[2026-01-01T22:06:18.954+0000] {logging_mixin.py:188} INFO - [2026-01-01T22:06:18.954+0000] {dagbag.py:538} INFO - Filling up the DagBag from /opt/airflow/dags/ml_models.py
[2026-01-01T22:06:18.997+0000] {processor.py:840} INFO - DAG(s) 'ml_models' retrieved from /opt/airflow/dags/ml_models.py
[2026-01-01T22:06:19.052+0000] {logging_mixin.py:188} INFO - [2026-01-01T22:06:19.052+0000] {dag.py:3036} INFO - Sync 1 DAGs
[2026-01-01T22:06:19.101+0000] {logging_mixin.py:188} INFO - [2026-01-01T22:06:19.101+0000] {dag.py:3823} INFO - Setting next_dagrun for ml_models to 2025-12-31 00:00:00+00:00, run_after=2026-01-01 00:00:00+00:00
[2026-01-01T22:06:19.174+0000] {processor.py:183} INFO - Processing /opt/airflow/dags/ml_models.py took 0.238 seconds
[2026-01-01T22:06:50.000+0000] {processor.py:161} INFO - Started process (PID=23161) to work on /opt/airflow/dags/ml_models.py
[2026-01-01T22:06:50.003+0000] {processor.py:830} INFO - Processing file /opt/airflow/dags/ml_models.py for tasks to queue
[2026-01-01T22:06:50.005+0000] {logging_mixin.py:188} INFO - [2026-01-01T22:06:50.005+0000] {dagbag.py:538} INFO - Filling up the DagBag from /opt/airflow/dags/ml_models.py
[2026-01-01T22:06:50.064+0000] {processor.py:840} INFO - DAG(s) 'ml_models' retrieved from /opt/airflow/dags/ml_models.py
[2026-01-01T22:06:50.122+0000] {logging_mixin.py:188} INFO - [2026-01-01T22:06:50.122+0000] {dag.py:3036} INFO - Sync 1 DAGs
[2026-01-01T22:06:50.182+0000] {logging_mixin.py:188} INFO - [2026-01-01T22:06:50.181+0000] {dag.py:3823} INFO - Setting next_dagrun for ml_models to 2025-12-31 00:00:00+00:00, run_after=2026-01-01 00:00:00+00:00
[2026-01-01T22:06:50.265+0000] {processor.py:183} INFO - Processing /opt/airflow/dags/ml_models.py took 0.274 seconds
[2026-01-01T22:07:20.499+0000] {processor.py:161} INFO - Started process (PID=23181) to work on /opt/airflow/dags/ml_models.py
[2026-01-01T22:07:20.503+0000] {processor.py:830} INFO - Processing file /opt/airflow/dags/ml_models.py for tasks to queue
[2026-01-01T22:07:20.505+0000] {logging_mixin.py:188} INFO - [2026-01-01T22:07:20.504+0000] {dagbag.py:538} INFO - Filling up the DagBag from /opt/airflow/dags/ml_models.py
[2026-01-01T22:07:20.566+0000] {processor.py:840} INFO - DAG(s) 'ml_models' retrieved from /opt/airflow/dags/ml_models.py
[2026-01-01T22:07:20.626+0000] {logging_mixin.py:188} INFO - [2026-01-01T22:07:20.625+0000] {dag.py:3036} INFO - Sync 1 DAGs
[2026-01-01T22:07:20.680+0000] {logging_mixin.py:188} INFO - [2026-01-01T22:07:20.680+0000] {dag.py:3823} INFO - Setting next_dagrun for ml_models to 2025-12-31 00:00:00+00:00, run_after=2026-01-01 00:00:00+00:00
[2026-01-01T22:07:20.769+0000] {processor.py:183} INFO - Processing /opt/airflow/dags/ml_models.py took 0.281 seconds
[2026-01-01T22:07:51.008+0000] {processor.py:161} INFO - Started process (PID=23201) to work on /opt/airflow/dags/ml_models.py
[2026-01-01T22:07:51.011+0000] {processor.py:830} INFO - Processing file /opt/airflow/dags/ml_models.py for tasks to queue
[2026-01-01T22:07:51.014+0000] {logging_mixin.py:188} INFO - [2026-01-01T22:07:51.013+0000] {dagbag.py:538} INFO - Filling up the DagBag from /opt/airflow/dags/ml_models.py
[2026-01-01T22:07:51.066+0000] {processor.py:840} INFO - DAG(s) 'ml_models' retrieved from /opt/airflow/dags/ml_models.py
[2026-01-01T22:07:51.124+0000] {logging_mixin.py:188} INFO - [2026-01-01T22:07:51.123+0000] {dag.py:3036} INFO - Sync 1 DAGs
[2026-01-01T22:07:51.173+0000] {logging_mixin.py:188} INFO - [2026-01-01T22:07:51.173+0000] {dag.py:3823} INFO - Setting next_dagrun for ml_models to 2025-12-31 00:00:00+00:00, run_after=2026-01-01 00:00:00+00:00
[2026-01-01T22:07:51.250+0000] {processor.py:183} INFO - Processing /opt/airflow/dags/ml_models.py took 0.248 seconds
[2026-01-01T22:08:21.423+0000] {processor.py:161} INFO - Started process (PID=23221) to work on /opt/airflow/dags/ml_models.py
[2026-01-01T22:08:21.426+0000] {processor.py:830} INFO - Processing file /opt/airflow/dags/ml_models.py for tasks to queue
[2026-01-01T22:08:21.429+0000] {logging_mixin.py:188} INFO - [2026-01-01T22:08:21.428+0000] {dagbag.py:538} INFO - Filling up the DagBag from /opt/airflow/dags/ml_models.py
[2026-01-01T22:08:21.472+0000] {processor.py:840} INFO - DAG(s) 'ml_models' retrieved from /opt/airflow/dags/ml_models.py
[2026-01-01T22:08:21.529+0000] {logging_mixin.py:188} INFO - [2026-01-01T22:08:21.528+0000] {dag.py:3036} INFO - Sync 1 DAGs
[2026-01-01T22:08:21.578+0000] {logging_mixin.py:188} INFO - [2026-01-01T22:08:21.578+0000] {dag.py:3823} INFO - Setting next_dagrun for ml_models to 2025-12-31 00:00:00+00:00, run_after=2026-01-01 00:00:00+00:00
[2026-01-01T22:08:21.617+0000] {processor.py:183} INFO - Processing /opt/airflow/dags/ml_models.py took 0.203 seconds
[2026-01-01T22:08:51.750+0000] {processor.py:161} INFO - Started process (PID=23241) to work on /opt/airflow/dags/ml_models.py
[2026-01-01T22:08:51.753+0000] {processor.py:830} INFO - Processing file /opt/airflow/dags/ml_models.py for tasks to queue
[2026-01-01T22:08:51.755+0000] {logging_mixin.py:188} INFO - [2026-01-01T22:08:51.755+0000] {dagbag.py:538} INFO - Filling up the DagBag from /opt/airflow/dags/ml_models.py
[2026-01-01T22:08:51.804+0000] {processor.py:840} INFO - DAG(s) 'ml_models' retrieved from /opt/airflow/dags/ml_models.py
[2026-01-01T22:08:51.853+0000] {logging_mixin.py:188} INFO - [2026-01-01T22:08:51.852+0000] {dag.py:3036} INFO - Sync 1 DAGs
[2026-01-01T22:08:51.903+0000] {logging_mixin.py:188} INFO - [2026-01-01T22:08:51.902+0000] {dag.py:3823} INFO - Setting next_dagrun for ml_models to 2025-12-31 00:00:00+00:00, run_after=2026-01-01 00:00:00+00:00
[2026-01-01T22:08:51.960+0000] {processor.py:183} INFO - Processing /opt/airflow/dags/ml_models.py took 0.221 seconds
[2026-01-01T22:09:22.225+0000] {processor.py:161} INFO - Started process (PID=23261) to work on /opt/airflow/dags/ml_models.py
[2026-01-01T22:09:22.227+0000] {processor.py:830} INFO - Processing file /opt/airflow/dags/ml_models.py for tasks to queue
[2026-01-01T22:09:22.229+0000] {logging_mixin.py:188} INFO - [2026-01-01T22:09:22.229+0000] {dagbag.py:538} INFO - Filling up the DagBag from /opt/airflow/dags/ml_models.py
[2026-01-01T22:09:22.265+0000] {processor.py:840} INFO - DAG(s) 'ml_models' retrieved from /opt/airflow/dags/ml_models.py
[2026-01-01T22:09:22.308+0000] {logging_mixin.py:188} INFO - [2026-01-01T22:09:22.307+0000] {dag.py:3036} INFO - Sync 1 DAGs
[2026-01-01T22:09:22.370+0000] {logging_mixin.py:188} INFO - [2026-01-01T22:09:22.368+0000] {dag.py:3823} INFO - Setting next_dagrun for ml_models to 2025-12-31 00:00:00+00:00, run_after=2026-01-01 00:00:00+00:00
[2026-01-01T22:09:22.449+0000] {processor.py:183} INFO - Processing /opt/airflow/dags/ml_models.py took 0.231 seconds
[2026-01-01T22:09:52.637+0000] {processor.py:161} INFO - Started process (PID=23281) to work on /opt/airflow/dags/ml_models.py
[2026-01-01T22:09:52.641+0000] {processor.py:830} INFO - Processing file /opt/airflow/dags/ml_models.py for tasks to queue
[2026-01-01T22:09:52.643+0000] {logging_mixin.py:188} INFO - [2026-01-01T22:09:52.642+0000] {dagbag.py:538} INFO - Filling up the DagBag from /opt/airflow/dags/ml_models.py
[2026-01-01T22:09:52.689+0000] {processor.py:840} INFO - DAG(s) 'ml_models' retrieved from /opt/airflow/dags/ml_models.py
[2026-01-01T22:09:52.738+0000] {logging_mixin.py:188} INFO - [2026-01-01T22:09:52.737+0000] {dag.py:3036} INFO - Sync 1 DAGs
[2026-01-01T22:09:52.787+0000] {logging_mixin.py:188} INFO - [2026-01-01T22:09:52.786+0000] {dag.py:3823} INFO - Setting next_dagrun for ml_models to 2025-12-31 00:00:00+00:00, run_after=2026-01-01 00:00:00+00:00
[2026-01-01T22:09:52.861+0000] {processor.py:183} INFO - Processing /opt/airflow/dags/ml_models.py took 0.232 seconds
[2026-01-01T22:10:23.079+0000] {processor.py:161} INFO - Started process (PID=23301) to work on /opt/airflow/dags/ml_models.py
[2026-01-01T22:10:23.086+0000] {processor.py:830} INFO - Processing file /opt/airflow/dags/ml_models.py for tasks to queue
[2026-01-01T22:10:23.089+0000] {logging_mixin.py:188} INFO - [2026-01-01T22:10:23.088+0000] {dagbag.py:538} INFO - Filling up the DagBag from /opt/airflow/dags/ml_models.py
[2026-01-01T22:10:23.139+0000] {processor.py:840} INFO - DAG(s) 'ml_models' retrieved from /opt/airflow/dags/ml_models.py
[2026-01-01T22:10:23.194+0000] {logging_mixin.py:188} INFO - [2026-01-01T22:10:23.194+0000] {dag.py:3036} INFO - Sync 1 DAGs
[2026-01-01T22:10:23.241+0000] {logging_mixin.py:188} INFO - [2026-01-01T22:10:23.241+0000] {dag.py:3823} INFO - Setting next_dagrun for ml_models to 2025-12-31 00:00:00+00:00, run_after=2026-01-01 00:00:00+00:00
[2026-01-01T22:10:23.315+0000] {processor.py:183} INFO - Processing /opt/airflow/dags/ml_models.py took 0.244 seconds
[2026-01-01T22:10:53.507+0000] {processor.py:161} INFO - Started process (PID=23321) to work on /opt/airflow/dags/ml_models.py
[2026-01-01T22:10:53.510+0000] {processor.py:830} INFO - Processing file /opt/airflow/dags/ml_models.py for tasks to queue
[2026-01-01T22:10:53.512+0000] {logging_mixin.py:188} INFO - [2026-01-01T22:10:53.511+0000] {dagbag.py:538} INFO - Filling up the DagBag from /opt/airflow/dags/ml_models.py
[2026-01-01T22:10:53.569+0000] {processor.py:840} INFO - DAG(s) 'ml_models' retrieved from /opt/airflow/dags/ml_models.py
[2026-01-01T22:10:53.628+0000] {logging_mixin.py:188} INFO - [2026-01-01T22:10:53.627+0000] {dag.py:3036} INFO - Sync 1 DAGs
[2026-01-01T22:10:53.685+0000] {logging_mixin.py:188} INFO - [2026-01-01T22:10:53.684+0000] {dag.py:3823} INFO - Setting next_dagrun for ml_models to 2025-12-31 00:00:00+00:00, run_after=2026-01-01 00:00:00+00:00
[2026-01-01T22:10:53.732+0000] {processor.py:183} INFO - Processing /opt/airflow/dags/ml_models.py took 0.231 seconds
[2026-01-01T22:11:23.963+0000] {processor.py:161} INFO - Started process (PID=23341) to work on /opt/airflow/dags/ml_models.py
[2026-01-01T22:11:23.968+0000] {processor.py:830} INFO - Processing file /opt/airflow/dags/ml_models.py for tasks to queue
[2026-01-01T22:11:23.971+0000] {logging_mixin.py:188} INFO - [2026-01-01T22:11:23.970+0000] {dagbag.py:538} INFO - Filling up the DagBag from /opt/airflow/dags/ml_models.py
[2026-01-01T22:11:24.027+0000] {processor.py:840} INFO - DAG(s) 'ml_models' retrieved from /opt/airflow/dags/ml_models.py
[2026-01-01T22:11:24.082+0000] {logging_mixin.py:188} INFO - [2026-01-01T22:11:24.081+0000] {dag.py:3036} INFO - Sync 1 DAGs
[2026-01-01T22:11:24.128+0000] {logging_mixin.py:188} INFO - [2026-01-01T22:11:24.127+0000] {dag.py:3823} INFO - Setting next_dagrun for ml_models to 2025-12-31 00:00:00+00:00, run_after=2026-01-01 00:00:00+00:00
[2026-01-01T22:11:24.174+0000] {processor.py:183} INFO - Processing /opt/airflow/dags/ml_models.py took 0.218 seconds
[2026-01-01T22:11:54.354+0000] {processor.py:161} INFO - Started process (PID=23361) to work on /opt/airflow/dags/ml_models.py
[2026-01-01T22:11:54.358+0000] {processor.py:830} INFO - Processing file /opt/airflow/dags/ml_models.py for tasks to queue
[2026-01-01T22:11:54.360+0000] {logging_mixin.py:188} INFO - [2026-01-01T22:11:54.360+0000] {dagbag.py:538} INFO - Filling up the DagBag from /opt/airflow/dags/ml_models.py
[2026-01-01T22:11:54.414+0000] {processor.py:840} INFO - DAG(s) 'ml_models' retrieved from /opt/airflow/dags/ml_models.py
[2026-01-01T22:11:54.464+0000] {logging_mixin.py:188} INFO - [2026-01-01T22:11:54.464+0000] {dag.py:3036} INFO - Sync 1 DAGs
[2026-01-01T22:11:54.524+0000] {logging_mixin.py:188} INFO - [2026-01-01T22:11:54.524+0000] {dag.py:3823} INFO - Setting next_dagrun for ml_models to 2025-12-31 00:00:00+00:00, run_after=2026-01-01 00:00:00+00:00
[2026-01-01T22:11:54.611+0000] {processor.py:183} INFO - Processing /opt/airflow/dags/ml_models.py took 0.267 seconds
[2026-01-01T22:12:24.828+0000] {processor.py:161} INFO - Started process (PID=23381) to work on /opt/airflow/dags/ml_models.py
[2026-01-01T22:12:24.830+0000] {processor.py:830} INFO - Processing file /opt/airflow/dags/ml_models.py for tasks to queue
[2026-01-01T22:12:24.834+0000] {logging_mixin.py:188} INFO - [2026-01-01T22:12:24.832+0000] {dagbag.py:538} INFO - Filling up the DagBag from /opt/airflow/dags/ml_models.py
[2026-01-01T22:12:24.879+0000] {processor.py:840} INFO - DAG(s) 'ml_models' retrieved from /opt/airflow/dags/ml_models.py
[2026-01-01T22:12:24.932+0000] {logging_mixin.py:188} INFO - [2026-01-01T22:12:24.932+0000] {dag.py:3036} INFO - Sync 1 DAGs
[2026-01-01T22:12:24.991+0000] {logging_mixin.py:188} INFO - [2026-01-01T22:12:24.990+0000] {dag.py:3823} INFO - Setting next_dagrun for ml_models to 2025-12-31 00:00:00+00:00, run_after=2026-01-01 00:00:00+00:00
[2026-01-01T22:12:25.036+0000] {processor.py:183} INFO - Processing /opt/airflow/dags/ml_models.py took 0.215 seconds
[2026-01-01T22:12:55.228+0000] {processor.py:161} INFO - Started process (PID=23401) to work on /opt/airflow/dags/ml_models.py
[2026-01-01T22:12:55.231+0000] {processor.py:830} INFO - Processing file /opt/airflow/dags/ml_models.py for tasks to queue
[2026-01-01T22:12:55.235+0000] {logging_mixin.py:188} INFO - [2026-01-01T22:12:55.233+0000] {dagbag.py:538} INFO - Filling up the DagBag from /opt/airflow/dags/ml_models.py
[2026-01-01T22:12:55.287+0000] {processor.py:840} INFO - DAG(s) 'ml_models' retrieved from /opt/airflow/dags/ml_models.py
[2026-01-01T22:12:55.370+0000] {logging_mixin.py:188} INFO - [2026-01-01T22:12:55.367+0000] {dag.py:3036} INFO - Sync 1 DAGs
[2026-01-01T22:12:55.424+0000] {logging_mixin.py:188} INFO - [2026-01-01T22:12:55.424+0000] {dag.py:3823} INFO - Setting next_dagrun for ml_models to 2025-12-31 00:00:00+00:00, run_after=2026-01-01 00:00:00+00:00
[2026-01-01T22:12:55.519+0000] {processor.py:183} INFO - Processing /opt/airflow/dags/ml_models.py took 0.299 seconds
[2026-01-01T22:13:26.023+0000] {processor.py:161} INFO - Started process (PID=23421) to work on /opt/airflow/dags/ml_models.py
[2026-01-01T22:13:26.026+0000] {processor.py:830} INFO - Processing file /opt/airflow/dags/ml_models.py for tasks to queue
[2026-01-01T22:13:26.030+0000] {logging_mixin.py:188} INFO - [2026-01-01T22:13:26.028+0000] {dagbag.py:538} INFO - Filling up the DagBag from /opt/airflow/dags/ml_models.py
[2026-01-01T22:13:26.089+0000] {processor.py:840} INFO - DAG(s) 'ml_models' retrieved from /opt/airflow/dags/ml_models.py
[2026-01-01T22:13:26.161+0000] {logging_mixin.py:188} INFO - [2026-01-01T22:13:26.161+0000] {dag.py:3036} INFO - Sync 1 DAGs
[2026-01-01T22:13:26.224+0000] {logging_mixin.py:188} INFO - [2026-01-01T22:13:26.223+0000] {dag.py:3823} INFO - Setting next_dagrun for ml_models to 2025-12-31 00:00:00+00:00, run_after=2026-01-01 00:00:00+00:00
[2026-01-01T22:13:26.308+0000] {processor.py:183} INFO - Processing /opt/airflow/dags/ml_models.py took 0.293 seconds
[2026-01-01T22:13:56.502+0000] {processor.py:161} INFO - Started process (PID=23441) to work on /opt/airflow/dags/ml_models.py
[2026-01-01T22:13:56.505+0000] {processor.py:830} INFO - Processing file /opt/airflow/dags/ml_models.py for tasks to queue
[2026-01-01T22:13:56.508+0000] {logging_mixin.py:188} INFO - [2026-01-01T22:13:56.507+0000] {dagbag.py:538} INFO - Filling up the DagBag from /opt/airflow/dags/ml_models.py
[2026-01-01T22:13:56.574+0000] {processor.py:840} INFO - DAG(s) 'ml_models' retrieved from /opt/airflow/dags/ml_models.py
[2026-01-01T22:13:56.640+0000] {logging_mixin.py:188} INFO - [2026-01-01T22:13:56.639+0000] {dag.py:3036} INFO - Sync 1 DAGs
[2026-01-01T22:13:56.718+0000] {logging_mixin.py:188} INFO - [2026-01-01T22:13:56.717+0000] {dag.py:3823} INFO - Setting next_dagrun for ml_models to 2025-12-31 00:00:00+00:00, run_after=2026-01-01 00:00:00+00:00
[2026-01-01T22:13:56.776+0000] {processor.py:183} INFO - Processing /opt/airflow/dags/ml_models.py took 0.282 seconds
[2026-01-01T22:14:26.948+0000] {processor.py:161} INFO - Started process (PID=23461) to work on /opt/airflow/dags/ml_models.py
[2026-01-01T22:14:26.951+0000] {processor.py:830} INFO - Processing file /opt/airflow/dags/ml_models.py for tasks to queue
[2026-01-01T22:14:26.954+0000] {logging_mixin.py:188} INFO - [2026-01-01T22:14:26.953+0000] {dagbag.py:538} INFO - Filling up the DagBag from /opt/airflow/dags/ml_models.py
[2026-01-01T22:14:27.012+0000] {processor.py:840} INFO - DAG(s) 'ml_models' retrieved from /opt/airflow/dags/ml_models.py
[2026-01-01T22:14:27.076+0000] {logging_mixin.py:188} INFO - [2026-01-01T22:14:27.075+0000] {dag.py:3036} INFO - Sync 1 DAGs
[2026-01-01T22:14:27.132+0000] {logging_mixin.py:188} INFO - [2026-01-01T22:14:27.132+0000] {dag.py:3823} INFO - Setting next_dagrun for ml_models to 2025-12-31 00:00:00+00:00, run_after=2026-01-01 00:00:00+00:00
[2026-01-01T22:14:27.227+0000] {processor.py:183} INFO - Processing /opt/airflow/dags/ml_models.py took 0.287 seconds
[2026-01-01T22:14:57.383+0000] {processor.py:161} INFO - Started process (PID=23481) to work on /opt/airflow/dags/ml_models.py
[2026-01-01T22:14:57.391+0000] {processor.py:830} INFO - Processing file /opt/airflow/dags/ml_models.py for tasks to queue
[2026-01-01T22:14:57.394+0000] {logging_mixin.py:188} INFO - [2026-01-01T22:14:57.393+0000] {dagbag.py:538} INFO - Filling up the DagBag from /opt/airflow/dags/ml_models.py
[2026-01-01T22:14:57.448+0000] {processor.py:840} INFO - DAG(s) 'ml_models' retrieved from /opt/airflow/dags/ml_models.py
[2026-01-01T22:14:57.526+0000] {logging_mixin.py:188} INFO - [2026-01-01T22:14:57.525+0000] {dag.py:3036} INFO - Sync 1 DAGs
[2026-01-01T22:14:57.594+0000] {logging_mixin.py:188} INFO - [2026-01-01T22:14:57.593+0000] {dag.py:3823} INFO - Setting next_dagrun for ml_models to 2025-12-31 00:00:00+00:00, run_after=2026-01-01 00:00:00+00:00
[2026-01-01T22:14:57.679+0000] {processor.py:183} INFO - Processing /opt/airflow/dags/ml_models.py took 0.304 seconds
[2026-01-01T22:15:27.867+0000] {processor.py:161} INFO - Started process (PID=23501) to work on /opt/airflow/dags/ml_models.py
[2026-01-01T22:15:27.870+0000] {processor.py:830} INFO - Processing file /opt/airflow/dags/ml_models.py for tasks to queue
[2026-01-01T22:15:27.873+0000] {logging_mixin.py:188} INFO - [2026-01-01T22:15:27.872+0000] {dagbag.py:538} INFO - Filling up the DagBag from /opt/airflow/dags/ml_models.py
[2026-01-01T22:15:27.933+0000] {processor.py:840} INFO - DAG(s) 'ml_models' retrieved from /opt/airflow/dags/ml_models.py
[2026-01-01T22:15:28.001+0000] {logging_mixin.py:188} INFO - [2026-01-01T22:15:28.000+0000] {dag.py:3036} INFO - Sync 1 DAGs
[2026-01-01T22:15:28.057+0000] {logging_mixin.py:188} INFO - [2026-01-01T22:15:28.056+0000] {dag.py:3823} INFO - Setting next_dagrun for ml_models to 2025-12-31 00:00:00+00:00, run_after=2026-01-01 00:00:00+00:00
[2026-01-01T22:15:28.110+0000] {processor.py:183} INFO - Processing /opt/airflow/dags/ml_models.py took 0.251 seconds
[2026-01-01T22:15:58.242+0000] {processor.py:161} INFO - Started process (PID=23521) to work on /opt/airflow/dags/ml_models.py
[2026-01-01T22:15:58.245+0000] {processor.py:830} INFO - Processing file /opt/airflow/dags/ml_models.py for tasks to queue
[2026-01-01T22:15:58.247+0000] {logging_mixin.py:188} INFO - [2026-01-01T22:15:58.246+0000] {dagbag.py:538} INFO - Filling up the DagBag from /opt/airflow/dags/ml_models.py
[2026-01-01T22:15:58.292+0000] {processor.py:840} INFO - DAG(s) 'ml_models' retrieved from /opt/airflow/dags/ml_models.py
[2026-01-01T22:15:58.341+0000] {logging_mixin.py:188} INFO - [2026-01-01T22:15:58.340+0000] {dag.py:3036} INFO - Sync 1 DAGs
[2026-01-01T22:15:58.391+0000] {logging_mixin.py:188} INFO - [2026-01-01T22:15:58.390+0000] {dag.py:3823} INFO - Setting next_dagrun for ml_models to 2025-12-31 00:00:00+00:00, run_after=2026-01-01 00:00:00+00:00
[2026-01-01T22:15:58.456+0000] {processor.py:183} INFO - Processing /opt/airflow/dags/ml_models.py took 0.224 seconds
[2026-01-01T22:16:28.590+0000] {processor.py:161} INFO - Started process (PID=23541) to work on /opt/airflow/dags/ml_models.py
[2026-01-01T22:16:28.594+0000] {processor.py:830} INFO - Processing file /opt/airflow/dags/ml_models.py for tasks to queue
[2026-01-01T22:16:28.597+0000] {logging_mixin.py:188} INFO - [2026-01-01T22:16:28.597+0000] {dagbag.py:538} INFO - Filling up the DagBag from /opt/airflow/dags/ml_models.py
[2026-01-01T22:16:28.663+0000] {processor.py:840} INFO - DAG(s) 'ml_models' retrieved from /opt/airflow/dags/ml_models.py
[2026-01-01T22:16:28.724+0000] {logging_mixin.py:188} INFO - [2026-01-01T22:16:28.722+0000] {dag.py:3036} INFO - Sync 1 DAGs
[2026-01-01T22:16:28.778+0000] {logging_mixin.py:188} INFO - [2026-01-01T22:16:28.777+0000] {dag.py:3823} INFO - Setting next_dagrun for ml_models to 2025-12-31 00:00:00+00:00, run_after=2026-01-01 00:00:00+00:00
[2026-01-01T22:16:28.834+0000] {processor.py:183} INFO - Processing /opt/airflow/dags/ml_models.py took 0.255 seconds
[2026-01-01T22:16:58.981+0000] {processor.py:161} INFO - Started process (PID=23561) to work on /opt/airflow/dags/ml_models.py
[2026-01-01T22:16:58.983+0000] {processor.py:830} INFO - Processing file /opt/airflow/dags/ml_models.py for tasks to queue
[2026-01-01T22:16:58.985+0000] {logging_mixin.py:188} INFO - [2026-01-01T22:16:58.985+0000] {dagbag.py:538} INFO - Filling up the DagBag from /opt/airflow/dags/ml_models.py
[2026-01-01T22:16:59.038+0000] {processor.py:840} INFO - DAG(s) 'ml_models' retrieved from /opt/airflow/dags/ml_models.py
[2026-01-01T22:16:59.088+0000] {logging_mixin.py:188} INFO - [2026-01-01T22:16:59.087+0000] {dag.py:3036} INFO - Sync 1 DAGs
[2026-01-01T22:16:59.141+0000] {logging_mixin.py:188} INFO - [2026-01-01T22:16:59.140+0000] {dag.py:3823} INFO - Setting next_dagrun for ml_models to 2025-12-31 00:00:00+00:00, run_after=2026-01-01 00:00:00+00:00
[2026-01-01T22:16:59.184+0000] {processor.py:183} INFO - Processing /opt/airflow/dags/ml_models.py took 0.208 seconds
[2026-01-01T22:17:30.066+0000] {processor.py:161} INFO - Started process (PID=23581) to work on /opt/airflow/dags/ml_models.py
[2026-01-01T22:17:30.069+0000] {processor.py:830} INFO - Processing file /opt/airflow/dags/ml_models.py for tasks to queue
[2026-01-01T22:17:30.072+0000] {logging_mixin.py:188} INFO - [2026-01-01T22:17:30.071+0000] {dagbag.py:538} INFO - Filling up the DagBag from /opt/airflow/dags/ml_models.py
[2026-01-01T22:17:30.122+0000] {processor.py:840} INFO - DAG(s) 'ml_models' retrieved from /opt/airflow/dags/ml_models.py
[2026-01-01T22:17:30.175+0000] {logging_mixin.py:188} INFO - [2026-01-01T22:17:30.174+0000] {dag.py:3036} INFO - Sync 1 DAGs
[2026-01-01T22:17:30.234+0000] {logging_mixin.py:188} INFO - [2026-01-01T22:17:30.234+0000] {dag.py:3823} INFO - Setting next_dagrun for ml_models to 2025-12-31 00:00:00+00:00, run_after=2026-01-01 00:00:00+00:00
[2026-01-01T22:17:30.286+0000] {processor.py:183} INFO - Processing /opt/airflow/dags/ml_models.py took 0.230 seconds
[2026-01-01T22:18:00.998+0000] {processor.py:161} INFO - Started process (PID=23601) to work on /opt/airflow/dags/ml_models.py
[2026-01-01T22:18:01.001+0000] {processor.py:830} INFO - Processing file /opt/airflow/dags/ml_models.py for tasks to queue
[2026-01-01T22:18:01.002+0000] {logging_mixin.py:188} INFO - [2026-01-01T22:18:01.002+0000] {dagbag.py:538} INFO - Filling up the DagBag from /opt/airflow/dags/ml_models.py
[2026-01-01T22:18:01.041+0000] {processor.py:840} INFO - DAG(s) 'ml_models' retrieved from /opt/airflow/dags/ml_models.py
[2026-01-01T22:18:01.090+0000] {logging_mixin.py:188} INFO - [2026-01-01T22:18:01.089+0000] {dag.py:3036} INFO - Sync 1 DAGs
[2026-01-01T22:18:01.128+0000] {logging_mixin.py:188} INFO - [2026-01-01T22:18:01.128+0000] {dag.py:3823} INFO - Setting next_dagrun for ml_models to 2025-12-31 00:00:00+00:00, run_after=2026-01-01 00:00:00+00:00
[2026-01-01T22:18:01.160+0000] {processor.py:183} INFO - Processing /opt/airflow/dags/ml_models.py took 0.169 seconds
[2026-01-01T22:18:32.045+0000] {processor.py:161} INFO - Started process (PID=23621) to work on /opt/airflow/dags/ml_models.py
[2026-01-01T22:18:32.048+0000] {processor.py:830} INFO - Processing file /opt/airflow/dags/ml_models.py for tasks to queue
[2026-01-01T22:18:32.050+0000] {logging_mixin.py:188} INFO - [2026-01-01T22:18:32.049+0000] {dagbag.py:538} INFO - Filling up the DagBag from /opt/airflow/dags/ml_models.py
[2026-01-01T22:18:32.086+0000] {processor.py:840} INFO - DAG(s) 'ml_models' retrieved from /opt/airflow/dags/ml_models.py
[2026-01-01T22:18:32.135+0000] {logging_mixin.py:188} INFO - [2026-01-01T22:18:32.135+0000] {dag.py:3036} INFO - Sync 1 DAGs
[2026-01-01T22:18:32.184+0000] {logging_mixin.py:188} INFO - [2026-01-01T22:18:32.184+0000] {dag.py:3823} INFO - Setting next_dagrun for ml_models to 2025-12-31 00:00:00+00:00, run_after=2026-01-01 00:00:00+00:00
[2026-01-01T22:18:32.258+0000] {processor.py:183} INFO - Processing /opt/airflow/dags/ml_models.py took 0.221 seconds
[2026-01-01T22:19:02.861+0000] {processor.py:161} INFO - Started process (PID=23641) to work on /opt/airflow/dags/ml_models.py
[2026-01-01T22:19:02.864+0000] {processor.py:830} INFO - Processing file /opt/airflow/dags/ml_models.py for tasks to queue
[2026-01-01T22:19:02.866+0000] {logging_mixin.py:188} INFO - [2026-01-01T22:19:02.865+0000] {dagbag.py:538} INFO - Filling up the DagBag from /opt/airflow/dags/ml_models.py
[2026-01-01T22:19:02.901+0000] {processor.py:840} INFO - DAG(s) 'ml_models' retrieved from /opt/airflow/dags/ml_models.py
[2026-01-01T22:19:02.941+0000] {logging_mixin.py:188} INFO - [2026-01-01T22:19:02.940+0000] {dag.py:3036} INFO - Sync 1 DAGs
[2026-01-01T22:19:02.980+0000] {logging_mixin.py:188} INFO - [2026-01-01T22:19:02.980+0000] {dag.py:3823} INFO - Setting next_dagrun for ml_models to 2025-12-31 00:00:00+00:00, run_after=2026-01-01 00:00:00+00:00
[2026-01-01T22:19:03.015+0000] {processor.py:183} INFO - Processing /opt/airflow/dags/ml_models.py took 0.165 seconds
[2026-01-01T22:19:33.697+0000] {processor.py:161} INFO - Started process (PID=23661) to work on /opt/airflow/dags/ml_models.py
[2026-01-01T22:19:33.700+0000] {processor.py:830} INFO - Processing file /opt/airflow/dags/ml_models.py for tasks to queue
[2026-01-01T22:19:33.702+0000] {logging_mixin.py:188} INFO - [2026-01-01T22:19:33.701+0000] {dagbag.py:538} INFO - Filling up the DagBag from /opt/airflow/dags/ml_models.py
[2026-01-01T22:19:33.740+0000] {processor.py:840} INFO - DAG(s) 'ml_models' retrieved from /opt/airflow/dags/ml_models.py
[2026-01-01T22:19:33.776+0000] {logging_mixin.py:188} INFO - [2026-01-01T22:19:33.775+0000] {dag.py:3036} INFO - Sync 1 DAGs
[2026-01-01T22:19:33.814+0000] {logging_mixin.py:188} INFO - [2026-01-01T22:19:33.814+0000] {dag.py:3823} INFO - Setting next_dagrun for ml_models to 2025-12-31 00:00:00+00:00, run_after=2026-01-01 00:00:00+00:00
[2026-01-01T22:19:33.850+0000] {processor.py:183} INFO - Processing /opt/airflow/dags/ml_models.py took 0.160 seconds
[2026-01-01T22:20:04.542+0000] {processor.py:161} INFO - Started process (PID=23681) to work on /opt/airflow/dags/ml_models.py
[2026-01-01T22:20:04.544+0000] {processor.py:830} INFO - Processing file /opt/airflow/dags/ml_models.py for tasks to queue
[2026-01-01T22:20:04.546+0000] {logging_mixin.py:188} INFO - [2026-01-01T22:20:04.545+0000] {dagbag.py:538} INFO - Filling up the DagBag from /opt/airflow/dags/ml_models.py
[2026-01-01T22:20:04.582+0000] {processor.py:840} INFO - DAG(s) 'ml_models' retrieved from /opt/airflow/dags/ml_models.py
[2026-01-01T22:20:04.621+0000] {logging_mixin.py:188} INFO - [2026-01-01T22:20:04.621+0000] {dag.py:3036} INFO - Sync 1 DAGs
[2026-01-01T22:20:04.663+0000] {logging_mixin.py:188} INFO - [2026-01-01T22:20:04.662+0000] {dag.py:3823} INFO - Setting next_dagrun for ml_models to 2025-12-31 00:00:00+00:00, run_after=2026-01-01 00:00:00+00:00
[2026-01-01T22:20:04.712+0000] {processor.py:183} INFO - Processing /opt/airflow/dags/ml_models.py took 0.176 seconds
[2026-01-01T22:20:35.484+0000] {processor.py:161} INFO - Started process (PID=23701) to work on /opt/airflow/dags/ml_models.py
[2026-01-01T22:20:35.488+0000] {processor.py:830} INFO - Processing file /opt/airflow/dags/ml_models.py for tasks to queue
[2026-01-01T22:20:35.489+0000] {logging_mixin.py:188} INFO - [2026-01-01T22:20:35.489+0000] {dagbag.py:538} INFO - Filling up the DagBag from /opt/airflow/dags/ml_models.py
[2026-01-01T22:20:35.529+0000] {processor.py:840} INFO - DAG(s) 'ml_models' retrieved from /opt/airflow/dags/ml_models.py
[2026-01-01T22:20:35.571+0000] {logging_mixin.py:188} INFO - [2026-01-01T22:20:35.571+0000] {dag.py:3036} INFO - Sync 1 DAGs
[2026-01-01T22:20:35.611+0000] {logging_mixin.py:188} INFO - [2026-01-01T22:20:35.610+0000] {dag.py:3823} INFO - Setting next_dagrun for ml_models to 2025-12-31 00:00:00+00:00, run_after=2026-01-01 00:00:00+00:00
[2026-01-01T22:20:35.642+0000] {processor.py:183} INFO - Processing /opt/airflow/dags/ml_models.py took 0.165 seconds
[2026-01-01T22:21:06.345+0000] {processor.py:161} INFO - Started process (PID=23721) to work on /opt/airflow/dags/ml_models.py
[2026-01-01T22:21:06.346+0000] {processor.py:830} INFO - Processing file /opt/airflow/dags/ml_models.py for tasks to queue
[2026-01-01T22:21:06.349+0000] {logging_mixin.py:188} INFO - [2026-01-01T22:21:06.348+0000] {dagbag.py:538} INFO - Filling up the DagBag from /opt/airflow/dags/ml_models.py
[2026-01-01T22:21:06.391+0000] {processor.py:840} INFO - DAG(s) 'ml_models' retrieved from /opt/airflow/dags/ml_models.py
[2026-01-01T22:21:06.434+0000] {logging_mixin.py:188} INFO - [2026-01-01T22:21:06.434+0000] {dag.py:3036} INFO - Sync 1 DAGs
[2026-01-01T22:21:06.475+0000] {logging_mixin.py:188} INFO - [2026-01-01T22:21:06.474+0000] {dag.py:3823} INFO - Setting next_dagrun for ml_models to 2025-12-31 00:00:00+00:00, run_after=2026-01-01 00:00:00+00:00
[2026-01-01T22:21:06.542+0000] {processor.py:183} INFO - Processing /opt/airflow/dags/ml_models.py took 0.203 seconds
[2026-01-01T22:21:37.210+0000] {processor.py:161} INFO - Started process (PID=23741) to work on /opt/airflow/dags/ml_models.py
[2026-01-01T22:21:37.212+0000] {processor.py:830} INFO - Processing file /opt/airflow/dags/ml_models.py for tasks to queue
[2026-01-01T22:21:37.213+0000] {logging_mixin.py:188} INFO - [2026-01-01T22:21:37.213+0000] {dagbag.py:538} INFO - Filling up the DagBag from /opt/airflow/dags/ml_models.py
[2026-01-01T22:21:37.248+0000] {processor.py:840} INFO - DAG(s) 'ml_models' retrieved from /opt/airflow/dags/ml_models.py
[2026-01-01T22:21:37.297+0000] {logging_mixin.py:188} INFO - [2026-01-01T22:21:37.296+0000] {dag.py:3036} INFO - Sync 1 DAGs
[2026-01-01T22:21:37.338+0000] {logging_mixin.py:188} INFO - [2026-01-01T22:21:37.338+0000] {dag.py:3823} INFO - Setting next_dagrun for ml_models to 2025-12-31 00:00:00+00:00, run_after=2026-01-01 00:00:00+00:00
[2026-01-01T22:21:37.407+0000] {processor.py:183} INFO - Processing /opt/airflow/dags/ml_models.py took 0.204 seconds
[2026-01-01T22:22:08.068+0000] {processor.py:161} INFO - Started process (PID=23761) to work on /opt/airflow/dags/ml_models.py
[2026-01-01T22:22:08.071+0000] {processor.py:830} INFO - Processing file /opt/airflow/dags/ml_models.py for tasks to queue
[2026-01-01T22:22:08.073+0000] {logging_mixin.py:188} INFO - [2026-01-01T22:22:08.072+0000] {dagbag.py:538} INFO - Filling up the DagBag from /opt/airflow/dags/ml_models.py
[2026-01-01T22:22:08.113+0000] {processor.py:840} INFO - DAG(s) 'ml_models' retrieved from /opt/airflow/dags/ml_models.py
[2026-01-01T22:22:08.155+0000] {logging_mixin.py:188} INFO - [2026-01-01T22:22:08.155+0000] {dag.py:3036} INFO - Sync 1 DAGs
[2026-01-01T22:22:08.194+0000] {logging_mixin.py:188} INFO - [2026-01-01T22:22:08.194+0000] {dag.py:3823} INFO - Setting next_dagrun for ml_models to 2025-12-31 00:00:00+00:00, run_after=2026-01-01 00:00:00+00:00
[2026-01-01T22:22:08.266+0000] {processor.py:183} INFO - Processing /opt/airflow/dags/ml_models.py took 0.204 seconds
[2026-01-01T22:22:38.906+0000] {processor.py:161} INFO - Started process (PID=23781) to work on /opt/airflow/dags/ml_models.py
[2026-01-01T22:22:38.908+0000] {processor.py:830} INFO - Processing file /opt/airflow/dags/ml_models.py for tasks to queue
[2026-01-01T22:22:38.909+0000] {logging_mixin.py:188} INFO - [2026-01-01T22:22:38.909+0000] {dagbag.py:538} INFO - Filling up the DagBag from /opt/airflow/dags/ml_models.py
[2026-01-01T22:22:38.943+0000] {processor.py:840} INFO - DAG(s) 'ml_models' retrieved from /opt/airflow/dags/ml_models.py
[2026-01-01T22:22:38.986+0000] {logging_mixin.py:188} INFO - [2026-01-01T22:22:38.985+0000] {dag.py:3036} INFO - Sync 1 DAGs
[2026-01-01T22:22:39.024+0000] {logging_mixin.py:188} INFO - [2026-01-01T22:22:39.023+0000] {dag.py:3823} INFO - Setting next_dagrun for ml_models to 2025-12-31 00:00:00+00:00, run_after=2026-01-01 00:00:00+00:00
[2026-01-01T22:22:39.093+0000] {processor.py:183} INFO - Processing /opt/airflow/dags/ml_models.py took 0.193 seconds
[2026-01-01T22:23:09.949+0000] {processor.py:161} INFO - Started process (PID=23801) to work on /opt/airflow/dags/ml_models.py
[2026-01-01T22:23:09.952+0000] {processor.py:830} INFO - Processing file /opt/airflow/dags/ml_models.py for tasks to queue
[2026-01-01T22:23:09.954+0000] {logging_mixin.py:188} INFO - [2026-01-01T22:23:09.953+0000] {dagbag.py:538} INFO - Filling up the DagBag from /opt/airflow/dags/ml_models.py
[2026-01-01T22:23:10.015+0000] {processor.py:840} INFO - DAG(s) 'ml_models' retrieved from /opt/airflow/dags/ml_models.py
[2026-01-01T22:23:10.056+0000] {logging_mixin.py:188} INFO - [2026-01-01T22:23:10.056+0000] {dag.py:3036} INFO - Sync 1 DAGs
[2026-01-01T22:23:10.096+0000] {logging_mixin.py:188} INFO - [2026-01-01T22:23:10.096+0000] {dag.py:3823} INFO - Setting next_dagrun for ml_models to 2025-12-31 00:00:00+00:00, run_after=2026-01-01 00:00:00+00:00
[2026-01-01T22:23:10.127+0000] {processor.py:183} INFO - Processing /opt/airflow/dags/ml_models.py took 0.184 seconds
[2026-01-01T22:23:40.699+0000] {processor.py:161} INFO - Started process (PID=23821) to work on /opt/airflow/dags/ml_models.py
[2026-01-01T22:23:40.701+0000] {processor.py:830} INFO - Processing file /opt/airflow/dags/ml_models.py for tasks to queue
[2026-01-01T22:23:40.703+0000] {logging_mixin.py:188} INFO - [2026-01-01T22:23:40.703+0000] {dagbag.py:538} INFO - Filling up the DagBag from /opt/airflow/dags/ml_models.py
[2026-01-01T22:23:40.742+0000] {processor.py:840} INFO - DAG(s) 'ml_models' retrieved from /opt/airflow/dags/ml_models.py
[2026-01-01T22:23:40.792+0000] {logging_mixin.py:188} INFO - [2026-01-01T22:23:40.792+0000] {dag.py:3036} INFO - Sync 1 DAGs
[2026-01-01T22:23:40.834+0000] {logging_mixin.py:188} INFO - [2026-01-01T22:23:40.834+0000] {dag.py:3823} INFO - Setting next_dagrun for ml_models to 2025-12-31 00:00:00+00:00, run_after=2026-01-01 00:00:00+00:00
[2026-01-01T22:23:40.906+0000] {processor.py:183} INFO - Processing /opt/airflow/dags/ml_models.py took 0.213 seconds
[2026-01-01T22:24:11.553+0000] {processor.py:161} INFO - Started process (PID=23841) to work on /opt/airflow/dags/ml_models.py
[2026-01-01T22:24:11.555+0000] {processor.py:830} INFO - Processing file /opt/airflow/dags/ml_models.py for tasks to queue
[2026-01-01T22:24:11.557+0000] {logging_mixin.py:188} INFO - [2026-01-01T22:24:11.557+0000] {dagbag.py:538} INFO - Filling up the DagBag from /opt/airflow/dags/ml_models.py
[2026-01-01T22:24:11.625+0000] {processor.py:840} INFO - DAG(s) 'ml_models' retrieved from /opt/airflow/dags/ml_models.py
[2026-01-01T22:24:11.671+0000] {logging_mixin.py:188} INFO - [2026-01-01T22:24:11.671+0000] {dag.py:3036} INFO - Sync 1 DAGs
[2026-01-01T22:24:11.711+0000] {logging_mixin.py:188} INFO - [2026-01-01T22:24:11.710+0000] {dag.py:3823} INFO - Setting next_dagrun for ml_models to 2025-12-31 00:00:00+00:00, run_after=2026-01-01 00:00:00+00:00
[2026-01-01T22:24:11.744+0000] {processor.py:183} INFO - Processing /opt/airflow/dags/ml_models.py took 0.197 seconds
[2026-01-01T22:24:42.429+0000] {processor.py:161} INFO - Started process (PID=23861) to work on /opt/airflow/dags/ml_models.py
[2026-01-01T22:24:42.431+0000] {processor.py:830} INFO - Processing file /opt/airflow/dags/ml_models.py for tasks to queue
[2026-01-01T22:24:42.433+0000] {logging_mixin.py:188} INFO - [2026-01-01T22:24:42.433+0000] {dagbag.py:538} INFO - Filling up the DagBag from /opt/airflow/dags/ml_models.py
[2026-01-01T22:24:42.469+0000] {processor.py:840} INFO - DAG(s) 'ml_models' retrieved from /opt/airflow/dags/ml_models.py
[2026-01-01T22:24:42.519+0000] {logging_mixin.py:188} INFO - [2026-01-01T22:24:42.518+0000] {dag.py:3036} INFO - Sync 1 DAGs
[2026-01-01T22:24:42.567+0000] {logging_mixin.py:188} INFO - [2026-01-01T22:24:42.567+0000] {dag.py:3823} INFO - Setting next_dagrun for ml_models to 2025-12-31 00:00:00+00:00, run_after=2026-01-01 00:00:00+00:00
[2026-01-01T22:24:42.638+0000] {processor.py:183} INFO - Processing /opt/airflow/dags/ml_models.py took 0.215 seconds
[2026-01-01T22:25:13.342+0000] {processor.py:161} INFO - Started process (PID=23881) to work on /opt/airflow/dags/ml_models.py
[2026-01-01T22:25:13.344+0000] {processor.py:830} INFO - Processing file /opt/airflow/dags/ml_models.py for tasks to queue
[2026-01-01T22:25:13.345+0000] {logging_mixin.py:188} INFO - [2026-01-01T22:25:13.345+0000] {dagbag.py:538} INFO - Filling up the DagBag from /opt/airflow/dags/ml_models.py
[2026-01-01T22:25:13.383+0000] {processor.py:840} INFO - DAG(s) 'ml_models' retrieved from /opt/airflow/dags/ml_models.py
[2026-01-01T22:25:13.427+0000] {logging_mixin.py:188} INFO - [2026-01-01T22:25:13.427+0000] {dag.py:3036} INFO - Sync 1 DAGs
[2026-01-01T22:25:13.469+0000] {logging_mixin.py:188} INFO - [2026-01-01T22:25:13.468+0000] {dag.py:3823} INFO - Setting next_dagrun for ml_models to 2025-12-31 00:00:00+00:00, run_after=2026-01-01 00:00:00+00:00
[2026-01-01T22:25:13.538+0000] {processor.py:183} INFO - Processing /opt/airflow/dags/ml_models.py took 0.202 seconds
[2026-01-01T22:25:44.189+0000] {processor.py:161} INFO - Started process (PID=23901) to work on /opt/airflow/dags/ml_models.py
[2026-01-01T22:25:44.191+0000] {processor.py:830} INFO - Processing file /opt/airflow/dags/ml_models.py for tasks to queue
[2026-01-01T22:25:44.193+0000] {logging_mixin.py:188} INFO - [2026-01-01T22:25:44.192+0000] {dagbag.py:538} INFO - Filling up the DagBag from /opt/airflow/dags/ml_models.py
[2026-01-01T22:25:44.235+0000] {processor.py:840} INFO - DAG(s) 'ml_models' retrieved from /opt/airflow/dags/ml_models.py
[2026-01-01T22:25:44.274+0000] {logging_mixin.py:188} INFO - [2026-01-01T22:25:44.274+0000] {dag.py:3036} INFO - Sync 1 DAGs
[2026-01-01T22:25:44.315+0000] {logging_mixin.py:188} INFO - [2026-01-01T22:25:44.314+0000] {dag.py:3823} INFO - Setting next_dagrun for ml_models to 2025-12-31 00:00:00+00:00, run_after=2026-01-01 00:00:00+00:00
[2026-01-01T22:25:44.348+0000] {processor.py:183} INFO - Processing /opt/airflow/dags/ml_models.py took 0.164 seconds
[2026-01-01T22:26:15.034+0000] {processor.py:161} INFO - Started process (PID=23921) to work on /opt/airflow/dags/ml_models.py
[2026-01-01T22:26:15.036+0000] {processor.py:830} INFO - Processing file /opt/airflow/dags/ml_models.py for tasks to queue
[2026-01-01T22:26:15.039+0000] {logging_mixin.py:188} INFO - [2026-01-01T22:26:15.037+0000] {dagbag.py:538} INFO - Filling up the DagBag from /opt/airflow/dags/ml_models.py
[2026-01-01T22:26:15.082+0000] {processor.py:840} INFO - DAG(s) 'ml_models' retrieved from /opt/airflow/dags/ml_models.py
[2026-01-01T22:26:15.127+0000] {logging_mixin.py:188} INFO - [2026-01-01T22:26:15.127+0000] {dag.py:3036} INFO - Sync 1 DAGs
[2026-01-01T22:26:15.165+0000] {logging_mixin.py:188} INFO - [2026-01-01T22:26:15.164+0000] {dag.py:3823} INFO - Setting next_dagrun for ml_models to 2025-12-31 00:00:00+00:00, run_after=2026-01-01 00:00:00+00:00
[2026-01-01T22:26:15.196+0000] {processor.py:183} INFO - Processing /opt/airflow/dags/ml_models.py took 0.168 seconds
[2026-01-01T22:26:45.904+0000] {processor.py:161} INFO - Started process (PID=23941) to work on /opt/airflow/dags/ml_models.py
[2026-01-01T22:26:45.906+0000] {processor.py:830} INFO - Processing file /opt/airflow/dags/ml_models.py for tasks to queue
[2026-01-01T22:26:45.907+0000] {logging_mixin.py:188} INFO - [2026-01-01T22:26:45.907+0000] {dagbag.py:538} INFO - Filling up the DagBag from /opt/airflow/dags/ml_models.py
[2026-01-01T22:26:45.948+0000] {processor.py:840} INFO - DAG(s) 'ml_models' retrieved from /opt/airflow/dags/ml_models.py
[2026-01-01T22:26:45.992+0000] {logging_mixin.py:188} INFO - [2026-01-01T22:26:45.992+0000] {dag.py:3036} INFO - Sync 1 DAGs
[2026-01-01T22:26:46.037+0000] {logging_mixin.py:188} INFO - [2026-01-01T22:26:46.037+0000] {dag.py:3823} INFO - Setting next_dagrun for ml_models to 2025-12-31 00:00:00+00:00, run_after=2026-01-01 00:00:00+00:00
[2026-01-01T22:26:46.076+0000] {processor.py:183} INFO - Processing /opt/airflow/dags/ml_models.py took 0.178 seconds
[2026-01-01T22:27:16.802+0000] {processor.py:161} INFO - Started process (PID=23961) to work on /opt/airflow/dags/ml_models.py
[2026-01-01T22:27:16.804+0000] {processor.py:830} INFO - Processing file /opt/airflow/dags/ml_models.py for tasks to queue
[2026-01-01T22:27:16.806+0000] {logging_mixin.py:188} INFO - [2026-01-01T22:27:16.805+0000] {dagbag.py:538} INFO - Filling up the DagBag from /opt/airflow/dags/ml_models.py
[2026-01-01T22:27:16.841+0000] {processor.py:840} INFO - DAG(s) 'ml_models' retrieved from /opt/airflow/dags/ml_models.py
[2026-01-01T22:27:16.884+0000] {logging_mixin.py:188} INFO - [2026-01-01T22:27:16.883+0000] {dag.py:3036} INFO - Sync 1 DAGs
[2026-01-01T22:27:16.924+0000] {logging_mixin.py:188} INFO - [2026-01-01T22:27:16.924+0000] {dag.py:3823} INFO - Setting next_dagrun for ml_models to 2025-12-31 00:00:00+00:00, run_after=2026-01-01 00:00:00+00:00
[2026-01-01T22:27:16.994+0000] {processor.py:183} INFO - Processing /opt/airflow/dags/ml_models.py took 0.198 seconds
[2026-01-01T22:27:47.660+0000] {processor.py:161} INFO - Started process (PID=23981) to work on /opt/airflow/dags/ml_models.py
[2026-01-01T22:27:47.662+0000] {processor.py:830} INFO - Processing file /opt/airflow/dags/ml_models.py for tasks to queue
[2026-01-01T22:27:47.663+0000] {logging_mixin.py:188} INFO - [2026-01-01T22:27:47.663+0000] {dagbag.py:538} INFO - Filling up the DagBag from /opt/airflow/dags/ml_models.py
[2026-01-01T22:27:47.702+0000] {processor.py:840} INFO - DAG(s) 'ml_models' retrieved from /opt/airflow/dags/ml_models.py
[2026-01-01T22:27:47.738+0000] {logging_mixin.py:188} INFO - [2026-01-01T22:27:47.738+0000] {dag.py:3036} INFO - Sync 1 DAGs
[2026-01-01T22:27:47.779+0000] {logging_mixin.py:188} INFO - [2026-01-01T22:27:47.779+0000] {dag.py:3823} INFO - Setting next_dagrun for ml_models to 2025-12-31 00:00:00+00:00, run_after=2026-01-01 00:00:00+00:00
[2026-01-01T22:27:47.849+0000] {processor.py:183} INFO - Processing /opt/airflow/dags/ml_models.py took 0.197 seconds
[2026-01-01T22:28:18.711+0000] {processor.py:161} INFO - Started process (PID=24001) to work on /opt/airflow/dags/ml_models.py
[2026-01-01T22:28:18.713+0000] {processor.py:830} INFO - Processing file /opt/airflow/dags/ml_models.py for tasks to queue
[2026-01-01T22:28:18.716+0000] {logging_mixin.py:188} INFO - [2026-01-01T22:28:18.715+0000] {dagbag.py:538} INFO - Filling up the DagBag from /opt/airflow/dags/ml_models.py
[2026-01-01T22:28:18.790+0000] {processor.py:840} INFO - DAG(s) 'ml_models' retrieved from /opt/airflow/dags/ml_models.py
[2026-01-01T22:28:18.837+0000] {logging_mixin.py:188} INFO - [2026-01-01T22:28:18.837+0000] {dag.py:3036} INFO - Sync 1 DAGs
[2026-01-01T22:28:18.877+0000] {logging_mixin.py:188} INFO - [2026-01-01T22:28:18.877+0000] {dag.py:3823} INFO - Setting next_dagrun for ml_models to 2025-12-31 00:00:00+00:00, run_after=2026-01-01 00:00:00+00:00
[2026-01-01T22:28:18.908+0000] {processor.py:183} INFO - Processing /opt/airflow/dags/ml_models.py took 0.207 seconds
[2026-01-01T22:28:49.469+0000] {processor.py:161} INFO - Started process (PID=24021) to work on /opt/airflow/dags/ml_models.py
[2026-01-01T22:28:49.471+0000] {processor.py:830} INFO - Processing file /opt/airflow/dags/ml_models.py for tasks to queue
[2026-01-01T22:28:49.473+0000] {logging_mixin.py:188} INFO - [2026-01-01T22:28:49.472+0000] {dagbag.py:538} INFO - Filling up the DagBag from /opt/airflow/dags/ml_models.py
[2026-01-01T22:28:49.507+0000] {processor.py:840} INFO - DAG(s) 'ml_models' retrieved from /opt/airflow/dags/ml_models.py
[2026-01-01T22:28:49.561+0000] {logging_mixin.py:188} INFO - [2026-01-01T22:28:49.560+0000] {dag.py:3036} INFO - Sync 1 DAGs
[2026-01-01T22:28:49.600+0000] {logging_mixin.py:188} INFO - [2026-01-01T22:28:49.600+0000] {dag.py:3823} INFO - Setting next_dagrun for ml_models to 2025-12-31 00:00:00+00:00, run_after=2026-01-01 00:00:00+00:00
[2026-01-01T22:28:49.634+0000] {processor.py:183} INFO - Processing /opt/airflow/dags/ml_models.py took 0.171 seconds
[2026-01-01T22:29:20.336+0000] {processor.py:161} INFO - Started process (PID=24041) to work on /opt/airflow/dags/ml_models.py
[2026-01-01T22:29:20.338+0000] {processor.py:830} INFO - Processing file /opt/airflow/dags/ml_models.py for tasks to queue
[2026-01-01T22:29:20.340+0000] {logging_mixin.py:188} INFO - [2026-01-01T22:29:20.339+0000] {dagbag.py:538} INFO - Filling up the DagBag from /opt/airflow/dags/ml_models.py
[2026-01-01T22:29:20.377+0000] {processor.py:840} INFO - DAG(s) 'ml_models' retrieved from /opt/airflow/dags/ml_models.py
[2026-01-01T22:29:20.421+0000] {logging_mixin.py:188} INFO - [2026-01-01T22:29:20.421+0000] {dag.py:3036} INFO - Sync 1 DAGs
[2026-01-01T22:29:20.459+0000] {logging_mixin.py:188} INFO - [2026-01-01T22:29:20.459+0000] {dag.py:3823} INFO - Setting next_dagrun for ml_models to 2025-12-31 00:00:00+00:00, run_after=2026-01-01 00:00:00+00:00
[2026-01-01T22:29:20.489+0000] {processor.py:183} INFO - Processing /opt/airflow/dags/ml_models.py took 0.160 seconds
[2026-01-01T22:29:51.217+0000] {processor.py:161} INFO - Started process (PID=24061) to work on /opt/airflow/dags/ml_models.py
[2026-01-01T22:29:51.219+0000] {processor.py:830} INFO - Processing file /opt/airflow/dags/ml_models.py for tasks to queue
[2026-01-01T22:29:51.222+0000] {logging_mixin.py:188} INFO - [2026-01-01T22:29:51.220+0000] {dagbag.py:538} INFO - Filling up the DagBag from /opt/airflow/dags/ml_models.py
[2026-01-01T22:29:51.255+0000] {processor.py:840} INFO - DAG(s) 'ml_models' retrieved from /opt/airflow/dags/ml_models.py
[2026-01-01T22:29:51.290+0000] {logging_mixin.py:188} INFO - [2026-01-01T22:29:51.290+0000] {dag.py:3036} INFO - Sync 1 DAGs
[2026-01-01T22:29:51.343+0000] {logging_mixin.py:188} INFO - [2026-01-01T22:29:51.342+0000] {dag.py:3823} INFO - Setting next_dagrun for ml_models to 2025-12-31 00:00:00+00:00, run_after=2026-01-01 00:00:00+00:00
[2026-01-01T22:29:51.417+0000] {processor.py:183} INFO - Processing /opt/airflow/dags/ml_models.py took 0.207 seconds
[2026-01-01T22:30:22.081+0000] {processor.py:161} INFO - Started process (PID=24081) to work on /opt/airflow/dags/ml_models.py
[2026-01-01T22:30:22.083+0000] {processor.py:830} INFO - Processing file /opt/airflow/dags/ml_models.py for tasks to queue
[2026-01-01T22:30:22.085+0000] {logging_mixin.py:188} INFO - [2026-01-01T22:30:22.084+0000] {dagbag.py:538} INFO - Filling up the DagBag from /opt/airflow/dags/ml_models.py
[2026-01-01T22:30:22.125+0000] {processor.py:840} INFO - DAG(s) 'ml_models' retrieved from /opt/airflow/dags/ml_models.py
[2026-01-01T22:30:22.170+0000] {logging_mixin.py:188} INFO - [2026-01-01T22:30:22.170+0000] {dag.py:3036} INFO - Sync 1 DAGs
[2026-01-01T22:30:22.218+0000] {logging_mixin.py:188} INFO - [2026-01-01T22:30:22.217+0000] {dag.py:3823} INFO - Setting next_dagrun for ml_models to 2025-12-31 00:00:00+00:00, run_after=2026-01-01 00:00:00+00:00
[2026-01-01T22:30:22.267+0000] {processor.py:183} INFO - Processing /opt/airflow/dags/ml_models.py took 0.192 seconds
[2026-01-01T22:30:52.978+0000] {processor.py:161} INFO - Started process (PID=24101) to work on /opt/airflow/dags/ml_models.py
[2026-01-01T22:30:52.981+0000] {processor.py:830} INFO - Processing file /opt/airflow/dags/ml_models.py for tasks to queue
[2026-01-01T22:30:52.984+0000] {logging_mixin.py:188} INFO - [2026-01-01T22:30:52.982+0000] {dagbag.py:538} INFO - Filling up the DagBag from /opt/airflow/dags/ml_models.py
[2026-01-01T22:30:53.034+0000] {processor.py:840} INFO - DAG(s) 'ml_models' retrieved from /opt/airflow/dags/ml_models.py
[2026-01-01T22:30:53.079+0000] {logging_mixin.py:188} INFO - [2026-01-01T22:30:53.078+0000] {dag.py:3036} INFO - Sync 1 DAGs
[2026-01-01T22:30:53.120+0000] {logging_mixin.py:188} INFO - [2026-01-01T22:30:53.119+0000] {dag.py:3823} INFO - Setting next_dagrun for ml_models to 2025-12-31 00:00:00+00:00, run_after=2026-01-01 00:00:00+00:00
[2026-01-01T22:30:53.157+0000] {processor.py:183} INFO - Processing /opt/airflow/dags/ml_models.py took 0.186 seconds
[2026-01-01T22:31:23.877+0000] {processor.py:161} INFO - Started process (PID=24121) to work on /opt/airflow/dags/ml_models.py
[2026-01-01T22:31:23.879+0000] {processor.py:830} INFO - Processing file /opt/airflow/dags/ml_models.py for tasks to queue
[2026-01-01T22:31:23.881+0000] {logging_mixin.py:188} INFO - [2026-01-01T22:31:23.880+0000] {dagbag.py:538} INFO - Filling up the DagBag from /opt/airflow/dags/ml_models.py
[2026-01-01T22:31:23.921+0000] {processor.py:840} INFO - DAG(s) 'ml_models' retrieved from /opt/airflow/dags/ml_models.py
[2026-01-01T22:31:23.967+0000] {logging_mixin.py:188} INFO - [2026-01-01T22:31:23.967+0000] {dag.py:3036} INFO - Sync 1 DAGs
[2026-01-01T22:31:24.014+0000] {logging_mixin.py:188} INFO - [2026-01-01T22:31:24.013+0000] {dag.py:3823} INFO - Setting next_dagrun for ml_models to 2025-12-31 00:00:00+00:00, run_after=2026-01-01 00:00:00+00:00
[2026-01-01T22:31:24.088+0000] {processor.py:183} INFO - Processing /opt/airflow/dags/ml_models.py took 0.217 seconds
[2026-01-01T22:31:54.794+0000] {processor.py:161} INFO - Started process (PID=24141) to work on /opt/airflow/dags/ml_models.py
[2026-01-01T22:31:54.797+0000] {processor.py:830} INFO - Processing file /opt/airflow/dags/ml_models.py for tasks to queue
[2026-01-01T22:31:54.799+0000] {logging_mixin.py:188} INFO - [2026-01-01T22:31:54.798+0000] {dagbag.py:538} INFO - Filling up the DagBag from /opt/airflow/dags/ml_models.py
[2026-01-01T22:31:54.871+0000] {processor.py:840} INFO - DAG(s) 'ml_models' retrieved from /opt/airflow/dags/ml_models.py
[2026-01-01T22:31:54.953+0000] {logging_mixin.py:188} INFO - [2026-01-01T22:31:54.952+0000] {dag.py:3036} INFO - Sync 1 DAGs
[2026-01-01T22:31:54.998+0000] {logging_mixin.py:188} INFO - [2026-01-01T22:31:54.997+0000] {dag.py:3823} INFO - Setting next_dagrun for ml_models to 2025-12-31 00:00:00+00:00, run_after=2026-01-01 00:00:00+00:00
[2026-01-01T22:31:55.031+0000] {processor.py:183} INFO - Processing /opt/airflow/dags/ml_models.py took 0.242 seconds
[2026-01-01T22:32:25.729+0000] {processor.py:161} INFO - Started process (PID=24161) to work on /opt/airflow/dags/ml_models.py
[2026-01-01T22:32:25.732+0000] {processor.py:830} INFO - Processing file /opt/airflow/dags/ml_models.py for tasks to queue
[2026-01-01T22:32:25.734+0000] {logging_mixin.py:188} INFO - [2026-01-01T22:32:25.734+0000] {dagbag.py:538} INFO - Filling up the DagBag from /opt/airflow/dags/ml_models.py
[2026-01-01T22:32:25.772+0000] {processor.py:840} INFO - DAG(s) 'ml_models' retrieved from /opt/airflow/dags/ml_models.py
[2026-01-01T22:32:25.813+0000] {logging_mixin.py:188} INFO - [2026-01-01T22:32:25.812+0000] {dag.py:3036} INFO - Sync 1 DAGs
[2026-01-01T22:32:25.854+0000] {logging_mixin.py:188} INFO - [2026-01-01T22:32:25.854+0000] {dag.py:3823} INFO - Setting next_dagrun for ml_models to 2025-12-31 00:00:00+00:00, run_after=2026-01-01 00:00:00+00:00
[2026-01-01T22:32:25.927+0000] {processor.py:183} INFO - Processing /opt/airflow/dags/ml_models.py took 0.204 seconds
[2026-01-01T22:32:56.624+0000] {processor.py:161} INFO - Started process (PID=24181) to work on /opt/airflow/dags/ml_models.py
[2026-01-01T22:32:56.626+0000] {processor.py:830} INFO - Processing file /opt/airflow/dags/ml_models.py for tasks to queue
[2026-01-01T22:32:56.628+0000] {logging_mixin.py:188} INFO - [2026-01-01T22:32:56.627+0000] {dagbag.py:538} INFO - Filling up the DagBag from /opt/airflow/dags/ml_models.py
[2026-01-01T22:32:56.703+0000] {processor.py:840} INFO - DAG(s) 'ml_models' retrieved from /opt/airflow/dags/ml_models.py
[2026-01-01T22:32:56.748+0000] {logging_mixin.py:188} INFO - [2026-01-01T22:32:56.748+0000] {dag.py:3036} INFO - Sync 1 DAGs
[2026-01-01T22:32:56.791+0000] {logging_mixin.py:188} INFO - [2026-01-01T22:32:56.790+0000] {dag.py:3823} INFO - Setting next_dagrun for ml_models to 2025-12-31 00:00:00+00:00, run_after=2026-01-01 00:00:00+00:00
[2026-01-01T22:32:56.828+0000] {processor.py:183} INFO - Processing /opt/airflow/dags/ml_models.py took 0.213 seconds
[2026-01-01T22:33:27.568+0000] {processor.py:161} INFO - Started process (PID=24201) to work on /opt/airflow/dags/ml_models.py
[2026-01-01T22:33:27.573+0000] {processor.py:830} INFO - Processing file /opt/airflow/dags/ml_models.py for tasks to queue
[2026-01-01T22:33:27.576+0000] {logging_mixin.py:188} INFO - [2026-01-01T22:33:27.575+0000] {dagbag.py:538} INFO - Filling up the DagBag from /opt/airflow/dags/ml_models.py
[2026-01-01T22:33:27.616+0000] {processor.py:840} INFO - DAG(s) 'ml_models' retrieved from /opt/airflow/dags/ml_models.py
[2026-01-01T22:33:27.673+0000] {logging_mixin.py:188} INFO - [2026-01-01T22:33:27.673+0000] {dag.py:3036} INFO - Sync 1 DAGs
[2026-01-01T22:33:27.725+0000] {logging_mixin.py:188} INFO - [2026-01-01T22:33:27.724+0000] {dag.py:3823} INFO - Setting next_dagrun for ml_models to 2025-12-31 00:00:00+00:00, run_after=2026-01-01 00:00:00+00:00
[2026-01-01T22:33:27.765+0000] {processor.py:183} INFO - Processing /opt/airflow/dags/ml_models.py took 0.205 seconds
[2026-01-01T22:33:58.458+0000] {processor.py:161} INFO - Started process (PID=24221) to work on /opt/airflow/dags/ml_models.py
[2026-01-01T22:33:58.461+0000] {processor.py:830} INFO - Processing file /opt/airflow/dags/ml_models.py for tasks to queue
[2026-01-01T22:33:58.464+0000] {logging_mixin.py:188} INFO - [2026-01-01T22:33:58.464+0000] {dagbag.py:538} INFO - Filling up the DagBag from /opt/airflow/dags/ml_models.py
[2026-01-01T22:33:58.536+0000] {processor.py:840} INFO - DAG(s) 'ml_models' retrieved from /opt/airflow/dags/ml_models.py
[2026-01-01T22:33:58.585+0000] {logging_mixin.py:188} INFO - [2026-01-01T22:33:58.585+0000] {dag.py:3036} INFO - Sync 1 DAGs
[2026-01-01T22:33:58.632+0000] {logging_mixin.py:188} INFO - [2026-01-01T22:33:58.632+0000] {dag.py:3823} INFO - Setting next_dagrun for ml_models to 2025-12-31 00:00:00+00:00, run_after=2026-01-01 00:00:00+00:00
[2026-01-01T22:33:58.743+0000] {processor.py:183} INFO - Processing /opt/airflow/dags/ml_models.py took 0.297 seconds
[2026-01-01T22:34:29.217+0000] {processor.py:161} INFO - Started process (PID=24241) to work on /opt/airflow/dags/ml_models.py
[2026-01-01T22:34:29.220+0000] {processor.py:830} INFO - Processing file /opt/airflow/dags/ml_models.py for tasks to queue
[2026-01-01T22:34:29.223+0000] {logging_mixin.py:188} INFO - [2026-01-01T22:34:29.222+0000] {dagbag.py:538} INFO - Filling up the DagBag from /opt/airflow/dags/ml_models.py
[2026-01-01T22:34:29.262+0000] {processor.py:840} INFO - DAG(s) 'ml_models' retrieved from /opt/airflow/dags/ml_models.py
[2026-01-01T22:34:29.302+0000] {logging_mixin.py:188} INFO - [2026-01-01T22:34:29.302+0000] {dag.py:3036} INFO - Sync 1 DAGs
[2026-01-01T22:34:29.345+0000] {logging_mixin.py:188} INFO - [2026-01-01T22:34:29.344+0000] {dag.py:3823} INFO - Setting next_dagrun for ml_models to 2025-12-31 00:00:00+00:00, run_after=2026-01-01 00:00:00+00:00
[2026-01-01T22:34:29.380+0000] {processor.py:183} INFO - Processing /opt/airflow/dags/ml_models.py took 0.169 seconds
[2026-01-01T22:35:00.190+0000] {processor.py:161} INFO - Started process (PID=24261) to work on /opt/airflow/dags/ml_models.py
[2026-01-01T22:35:00.192+0000] {processor.py:830} INFO - Processing file /opt/airflow/dags/ml_models.py for tasks to queue
[2026-01-01T22:35:00.194+0000] {logging_mixin.py:188} INFO - [2026-01-01T22:35:00.194+0000] {dagbag.py:538} INFO - Filling up the DagBag from /opt/airflow/dags/ml_models.py
[2026-01-01T22:35:00.273+0000] {processor.py:840} INFO - DAG(s) 'ml_models' retrieved from /opt/airflow/dags/ml_models.py
[2026-01-01T22:35:00.332+0000] {logging_mixin.py:188} INFO - [2026-01-01T22:35:00.331+0000] {dag.py:3036} INFO - Sync 1 DAGs
[2026-01-01T22:35:00.380+0000] {logging_mixin.py:188} INFO - [2026-01-01T22:35:00.379+0000] {dag.py:3823} INFO - Setting next_dagrun for ml_models to 2025-12-31 00:00:00+00:00, run_after=2026-01-01 00:00:00+00:00
[2026-01-01T22:35:00.418+0000] {processor.py:183} INFO - Processing /opt/airflow/dags/ml_models.py took 0.235 seconds
[2026-01-01T22:35:31.010+0000] {processor.py:161} INFO - Started process (PID=24281) to work on /opt/airflow/dags/ml_models.py
[2026-01-01T22:35:31.012+0000] {processor.py:830} INFO - Processing file /opt/airflow/dags/ml_models.py for tasks to queue
[2026-01-01T22:35:31.014+0000] {logging_mixin.py:188} INFO - [2026-01-01T22:35:31.014+0000] {dagbag.py:538} INFO - Filling up the DagBag from /opt/airflow/dags/ml_models.py
[2026-01-01T22:35:31.051+0000] {processor.py:840} INFO - DAG(s) 'ml_models' retrieved from /opt/airflow/dags/ml_models.py
[2026-01-01T22:35:31.094+0000] {logging_mixin.py:188} INFO - [2026-01-01T22:35:31.093+0000] {dag.py:3036} INFO - Sync 1 DAGs
[2026-01-01T22:35:31.134+0000] {logging_mixin.py:188} INFO - [2026-01-01T22:35:31.133+0000] {dag.py:3823} INFO - Setting next_dagrun for ml_models to 2025-12-31 00:00:00+00:00, run_after=2026-01-01 00:00:00+00:00
[2026-01-01T22:35:31.209+0000] {processor.py:183} INFO - Processing /opt/airflow/dags/ml_models.py took 0.205 seconds
[2026-01-01T22:36:01.880+0000] {processor.py:161} INFO - Started process (PID=24301) to work on /opt/airflow/dags/ml_models.py
[2026-01-01T22:36:01.883+0000] {processor.py:830} INFO - Processing file /opt/airflow/dags/ml_models.py for tasks to queue
[2026-01-01T22:36:01.885+0000] {logging_mixin.py:188} INFO - [2026-01-01T22:36:01.884+0000] {dagbag.py:538} INFO - Filling up the DagBag from /opt/airflow/dags/ml_models.py
[2026-01-01T22:36:01.960+0000] {processor.py:840} INFO - DAG(s) 'ml_models' retrieved from /opt/airflow/dags/ml_models.py
[2026-01-01T22:36:02.012+0000] {logging_mixin.py:188} INFO - [2026-01-01T22:36:02.011+0000] {dag.py:3036} INFO - Sync 1 DAGs
[2026-01-01T22:36:02.058+0000] {logging_mixin.py:188} INFO - [2026-01-01T22:36:02.058+0000] {dag.py:3823} INFO - Setting next_dagrun for ml_models to 2025-12-31 00:00:00+00:00, run_after=2026-01-01 00:00:00+00:00
[2026-01-01T22:36:02.092+0000] {processor.py:183} INFO - Processing /opt/airflow/dags/ml_models.py took 0.218 seconds
[2026-01-01T22:36:32.723+0000] {processor.py:161} INFO - Started process (PID=24321) to work on /opt/airflow/dags/ml_models.py
[2026-01-01T22:36:32.726+0000] {processor.py:830} INFO - Processing file /opt/airflow/dags/ml_models.py for tasks to queue
[2026-01-01T22:36:32.727+0000] {logging_mixin.py:188} INFO - [2026-01-01T22:36:32.727+0000] {dagbag.py:538} INFO - Filling up the DagBag from /opt/airflow/dags/ml_models.py
[2026-01-01T22:36:32.763+0000] {processor.py:840} INFO - DAG(s) 'ml_models' retrieved from /opt/airflow/dags/ml_models.py
[2026-01-01T22:36:32.801+0000] {logging_mixin.py:188} INFO - [2026-01-01T22:36:32.800+0000] {dag.py:3036} INFO - Sync 1 DAGs
[2026-01-01T22:36:32.838+0000] {logging_mixin.py:188} INFO - [2026-01-01T22:36:32.838+0000] {dag.py:3823} INFO - Setting next_dagrun for ml_models to 2025-12-31 00:00:00+00:00, run_after=2026-01-01 00:00:00+00:00
[2026-01-01T22:36:32.909+0000] {processor.py:183} INFO - Processing /opt/airflow/dags/ml_models.py took 0.192 seconds
[2026-01-01T22:37:03.604+0000] {processor.py:161} INFO - Started process (PID=24341) to work on /opt/airflow/dags/ml_models.py
[2026-01-01T22:37:03.607+0000] {processor.py:830} INFO - Processing file /opt/airflow/dags/ml_models.py for tasks to queue
[2026-01-01T22:37:03.609+0000] {logging_mixin.py:188} INFO - [2026-01-01T22:37:03.608+0000] {dagbag.py:538} INFO - Filling up the DagBag from /opt/airflow/dags/ml_models.py
[2026-01-01T22:37:03.647+0000] {processor.py:840} INFO - DAG(s) 'ml_models' retrieved from /opt/airflow/dags/ml_models.py
[2026-01-01T22:37:03.697+0000] {logging_mixin.py:188} INFO - [2026-01-01T22:37:03.697+0000] {dag.py:3036} INFO - Sync 1 DAGs
[2026-01-01T22:37:03.739+0000] {logging_mixin.py:188} INFO - [2026-01-01T22:37:03.738+0000] {dag.py:3823} INFO - Setting next_dagrun for ml_models to 2025-12-31 00:00:00+00:00, run_after=2026-01-01 00:00:00+00:00
[2026-01-01T22:37:03.773+0000] {processor.py:183} INFO - Processing /opt/airflow/dags/ml_models.py took 0.177 seconds
[2026-01-01T22:37:34.563+0000] {processor.py:161} INFO - Started process (PID=24361) to work on /opt/airflow/dags/ml_models.py
[2026-01-01T22:37:34.566+0000] {processor.py:830} INFO - Processing file /opt/airflow/dags/ml_models.py for tasks to queue
[2026-01-01T22:37:34.568+0000] {logging_mixin.py:188} INFO - [2026-01-01T22:37:34.568+0000] {dagbag.py:538} INFO - Filling up the DagBag from /opt/airflow/dags/ml_models.py
[2026-01-01T22:37:34.613+0000] {processor.py:840} INFO - DAG(s) 'ml_models' retrieved from /opt/airflow/dags/ml_models.py
[2026-01-01T22:37:34.671+0000] {logging_mixin.py:188} INFO - [2026-01-01T22:37:34.671+0000] {dag.py:3036} INFO - Sync 1 DAGs
[2026-01-01T22:37:34.772+0000] {logging_mixin.py:188} INFO - [2026-01-01T22:37:34.772+0000] {dag.py:3823} INFO - Setting next_dagrun for ml_models to 2025-12-31 00:00:00+00:00, run_after=2026-01-01 00:00:00+00:00
[2026-01-01T22:37:34.856+0000] {processor.py:183} INFO - Processing /opt/airflow/dags/ml_models.py took 0.299 seconds
[2026-01-01T22:38:05.488+0000] {processor.py:161} INFO - Started process (PID=24381) to work on /opt/airflow/dags/ml_models.py
[2026-01-01T22:38:05.491+0000] {processor.py:830} INFO - Processing file /opt/airflow/dags/ml_models.py for tasks to queue
[2026-01-01T22:38:05.493+0000] {logging_mixin.py:188} INFO - [2026-01-01T22:38:05.492+0000] {dagbag.py:538} INFO - Filling up the DagBag from /opt/airflow/dags/ml_models.py
[2026-01-01T22:38:05.571+0000] {processor.py:840} INFO - DAG(s) 'ml_models' retrieved from /opt/airflow/dags/ml_models.py
[2026-01-01T22:38:05.616+0000] {logging_mixin.py:188} INFO - [2026-01-01T22:38:05.616+0000] {dag.py:3036} INFO - Sync 1 DAGs
[2026-01-01T22:38:05.665+0000] {logging_mixin.py:188} INFO - [2026-01-01T22:38:05.665+0000] {dag.py:3823} INFO - Setting next_dagrun for ml_models to 2025-12-31 00:00:00+00:00, run_after=2026-01-01 00:00:00+00:00
[2026-01-01T22:38:05.710+0000] {processor.py:183} INFO - Processing /opt/airflow/dags/ml_models.py took 0.228 seconds
[2026-01-01T22:38:36.663+0000] {processor.py:161} INFO - Started process (PID=24401) to work on /opt/airflow/dags/ml_models.py
[2026-01-01T22:38:36.665+0000] {processor.py:830} INFO - Processing file /opt/airflow/dags/ml_models.py for tasks to queue
[2026-01-01T22:38:36.666+0000] {logging_mixin.py:188} INFO - [2026-01-01T22:38:36.666+0000] {dagbag.py:538} INFO - Filling up the DagBag from /opt/airflow/dags/ml_models.py
[2026-01-01T22:38:36.705+0000] {processor.py:840} INFO - DAG(s) 'ml_models' retrieved from /opt/airflow/dags/ml_models.py
[2026-01-01T22:38:36.754+0000] {logging_mixin.py:188} INFO - [2026-01-01T22:38:36.753+0000] {dag.py:3036} INFO - Sync 1 DAGs
[2026-01-01T22:38:36.803+0000] {logging_mixin.py:188} INFO - [2026-01-01T22:38:36.802+0000] {dag.py:3823} INFO - Setting next_dagrun for ml_models to 2025-12-31 00:00:00+00:00, run_after=2026-01-01 00:00:00+00:00
[2026-01-01T22:38:36.875+0000] {processor.py:183} INFO - Processing /opt/airflow/dags/ml_models.py took 0.220 seconds
[2026-01-01T22:39:07.515+0000] {processor.py:161} INFO - Started process (PID=24421) to work on /opt/airflow/dags/ml_models.py
[2026-01-01T22:39:07.518+0000] {processor.py:830} INFO - Processing file /opt/airflow/dags/ml_models.py for tasks to queue
[2026-01-01T22:39:07.519+0000] {logging_mixin.py:188} INFO - [2026-01-01T22:39:07.519+0000] {dagbag.py:538} INFO - Filling up the DagBag from /opt/airflow/dags/ml_models.py
[2026-01-01T22:39:07.598+0000] {processor.py:840} INFO - DAG(s) 'ml_models' retrieved from /opt/airflow/dags/ml_models.py
[2026-01-01T22:39:07.642+0000] {logging_mixin.py:188} INFO - [2026-01-01T22:39:07.642+0000] {dag.py:3036} INFO - Sync 1 DAGs
[2026-01-01T22:39:07.690+0000] {logging_mixin.py:188} INFO - [2026-01-01T22:39:07.689+0000] {dag.py:3823} INFO - Setting next_dagrun for ml_models to 2025-12-31 00:00:00+00:00, run_after=2026-01-01 00:00:00+00:00
[2026-01-01T22:39:07.725+0000] {processor.py:183} INFO - Processing /opt/airflow/dags/ml_models.py took 0.219 seconds
[2026-01-01T22:39:38.584+0000] {processor.py:161} INFO - Started process (PID=24441) to work on /opt/airflow/dags/ml_models.py
[2026-01-01T22:39:38.586+0000] {processor.py:830} INFO - Processing file /opt/airflow/dags/ml_models.py for tasks to queue
[2026-01-01T22:39:38.588+0000] {logging_mixin.py:188} INFO - [2026-01-01T22:39:38.588+0000] {dagbag.py:538} INFO - Filling up the DagBag from /opt/airflow/dags/ml_models.py
[2026-01-01T22:39:38.627+0000] {processor.py:840} INFO - DAG(s) 'ml_models' retrieved from /opt/airflow/dags/ml_models.py
[2026-01-01T22:39:38.683+0000] {logging_mixin.py:188} INFO - [2026-01-01T22:39:38.682+0000] {dag.py:3036} INFO - Sync 1 DAGs
[2026-01-01T22:39:38.733+0000] {logging_mixin.py:188} INFO - [2026-01-01T22:39:38.732+0000] {dag.py:3823} INFO - Setting next_dagrun for ml_models to 2025-12-31 00:00:00+00:00, run_after=2026-01-01 00:00:00+00:00
[2026-01-01T22:39:38.797+0000] {processor.py:183} INFO - Processing /opt/airflow/dags/ml_models.py took 0.219 seconds
[2026-01-01T22:40:09.545+0000] {processor.py:161} INFO - Started process (PID=24461) to work on /opt/airflow/dags/ml_models.py
[2026-01-01T22:40:09.547+0000] {processor.py:830} INFO - Processing file /opt/airflow/dags/ml_models.py for tasks to queue
[2026-01-01T22:40:09.550+0000] {logging_mixin.py:188} INFO - [2026-01-01T22:40:09.549+0000] {dagbag.py:538} INFO - Filling up the DagBag from /opt/airflow/dags/ml_models.py
[2026-01-01T22:40:09.593+0000] {processor.py:840} INFO - DAG(s) 'ml_models' retrieved from /opt/airflow/dags/ml_models.py
[2026-01-01T22:40:09.642+0000] {logging_mixin.py:188} INFO - [2026-01-01T22:40:09.642+0000] {dag.py:3036} INFO - Sync 1 DAGs
[2026-01-01T22:40:09.685+0000] {logging_mixin.py:188} INFO - [2026-01-01T22:40:09.685+0000] {dag.py:3823} INFO - Setting next_dagrun for ml_models to 2025-12-31 00:00:00+00:00, run_after=2026-01-01 00:00:00+00:00
[2026-01-01T22:40:09.720+0000] {processor.py:183} INFO - Processing /opt/airflow/dags/ml_models.py took 0.182 seconds
[2026-01-01T22:40:40.646+0000] {processor.py:161} INFO - Started process (PID=24481) to work on /opt/airflow/dags/ml_models.py
[2026-01-01T22:40:40.649+0000] {processor.py:830} INFO - Processing file /opt/airflow/dags/ml_models.py for tasks to queue
[2026-01-01T22:40:40.650+0000] {logging_mixin.py:188} INFO - [2026-01-01T22:40:40.650+0000] {dagbag.py:538} INFO - Filling up the DagBag from /opt/airflow/dags/ml_models.py
[2026-01-01T22:40:40.692+0000] {processor.py:840} INFO - DAG(s) 'ml_models' retrieved from /opt/airflow/dags/ml_models.py
[2026-01-01T22:40:40.740+0000] {logging_mixin.py:188} INFO - [2026-01-01T22:40:40.739+0000] {dag.py:3036} INFO - Sync 1 DAGs
[2026-01-01T22:40:40.789+0000] {logging_mixin.py:188} INFO - [2026-01-01T22:40:40.788+0000] {dag.py:3823} INFO - Setting next_dagrun for ml_models to 2025-12-31 00:00:00+00:00, run_after=2026-01-01 00:00:00+00:00
[2026-01-01T22:40:40.868+0000] {processor.py:183} INFO - Processing /opt/airflow/dags/ml_models.py took 0.228 seconds
[2026-01-01T22:41:11.504+0000] {processor.py:161} INFO - Started process (PID=24501) to work on /opt/airflow/dags/ml_models.py
[2026-01-01T22:41:11.506+0000] {processor.py:830} INFO - Processing file /opt/airflow/dags/ml_models.py for tasks to queue
[2026-01-01T22:41:11.508+0000] {logging_mixin.py:188} INFO - [2026-01-01T22:41:11.507+0000] {dagbag.py:538} INFO - Filling up the DagBag from /opt/airflow/dags/ml_models.py
[2026-01-01T22:41:11.549+0000] {processor.py:840} INFO - DAG(s) 'ml_models' retrieved from /opt/airflow/dags/ml_models.py
[2026-01-01T22:41:11.594+0000] {logging_mixin.py:188} INFO - [2026-01-01T22:41:11.594+0000] {dag.py:3036} INFO - Sync 1 DAGs
[2026-01-01T22:41:11.639+0000] {logging_mixin.py:188} INFO - [2026-01-01T22:41:11.639+0000] {dag.py:3823} INFO - Setting next_dagrun for ml_models to 2025-12-31 00:00:00+00:00, run_after=2026-01-01 00:00:00+00:00
[2026-01-01T22:41:11.710+0000] {processor.py:183} INFO - Processing /opt/airflow/dags/ml_models.py took 0.211 seconds
[2026-01-01T22:41:42.507+0000] {processor.py:161} INFO - Started process (PID=24521) to work on /opt/airflow/dags/ml_models.py
[2026-01-01T22:41:42.510+0000] {processor.py:830} INFO - Processing file /opt/airflow/dags/ml_models.py for tasks to queue
[2026-01-01T22:41:42.512+0000] {logging_mixin.py:188} INFO - [2026-01-01T22:41:42.511+0000] {dagbag.py:538} INFO - Filling up the DagBag from /opt/airflow/dags/ml_models.py
[2026-01-01T22:41:42.548+0000] {processor.py:840} INFO - DAG(s) 'ml_models' retrieved from /opt/airflow/dags/ml_models.py
[2026-01-01T22:41:42.587+0000] {logging_mixin.py:188} INFO - [2026-01-01T22:41:42.587+0000] {dag.py:3036} INFO - Sync 1 DAGs
[2026-01-01T22:41:42.630+0000] {logging_mixin.py:188} INFO - [2026-01-01T22:41:42.629+0000] {dag.py:3823} INFO - Setting next_dagrun for ml_models to 2025-12-31 00:00:00+00:00, run_after=2026-01-01 00:00:00+00:00
[2026-01-01T22:41:42.701+0000] {processor.py:183} INFO - Processing /opt/airflow/dags/ml_models.py took 0.201 seconds
[2026-01-01T22:42:13.394+0000] {processor.py:161} INFO - Started process (PID=24541) to work on /opt/airflow/dags/ml_models.py
[2026-01-01T22:42:13.396+0000] {processor.py:830} INFO - Processing file /opt/airflow/dags/ml_models.py for tasks to queue
[2026-01-01T22:42:13.398+0000] {logging_mixin.py:188} INFO - [2026-01-01T22:42:13.397+0000] {dagbag.py:538} INFO - Filling up the DagBag from /opt/airflow/dags/ml_models.py
[2026-01-01T22:42:13.476+0000] {processor.py:840} INFO - DAG(s) 'ml_models' retrieved from /opt/airflow/dags/ml_models.py
[2026-01-01T22:42:13.531+0000] {logging_mixin.py:188} INFO - [2026-01-01T22:42:13.530+0000] {dag.py:3036} INFO - Sync 1 DAGs
[2026-01-01T22:42:13.582+0000] {logging_mixin.py:188} INFO - [2026-01-01T22:42:13.581+0000] {dag.py:3823} INFO - Setting next_dagrun for ml_models to 2025-12-31 00:00:00+00:00, run_after=2026-01-01 00:00:00+00:00
[2026-01-01T22:42:13.628+0000] {processor.py:183} INFO - Processing /opt/airflow/dags/ml_models.py took 0.243 seconds
[2026-01-01T22:42:44.283+0000] {processor.py:161} INFO - Started process (PID=24561) to work on /opt/airflow/dags/ml_models.py
[2026-01-01T22:42:44.285+0000] {processor.py:830} INFO - Processing file /opt/airflow/dags/ml_models.py for tasks to queue
[2026-01-01T22:42:44.287+0000] {logging_mixin.py:188} INFO - [2026-01-01T22:42:44.286+0000] {dagbag.py:538} INFO - Filling up the DagBag from /opt/airflow/dags/ml_models.py
[2026-01-01T22:42:44.322+0000] {processor.py:840} INFO - DAG(s) 'ml_models' retrieved from /opt/airflow/dags/ml_models.py
[2026-01-01T22:42:44.365+0000] {logging_mixin.py:188} INFO - [2026-01-01T22:42:44.364+0000] {dag.py:3036} INFO - Sync 1 DAGs
[2026-01-01T22:42:44.405+0000] {logging_mixin.py:188} INFO - [2026-01-01T22:42:44.405+0000] {dag.py:3823} INFO - Setting next_dagrun for ml_models to 2025-12-31 00:00:00+00:00, run_after=2026-01-01 00:00:00+00:00
[2026-01-01T22:42:44.477+0000] {processor.py:183} INFO - Processing /opt/airflow/dags/ml_models.py took 0.200 seconds
[2026-01-01T22:43:15.253+0000] {processor.py:161} INFO - Started process (PID=24581) to work on /opt/airflow/dags/ml_models.py
[2026-01-01T22:43:15.255+0000] {processor.py:830} INFO - Processing file /opt/airflow/dags/ml_models.py for tasks to queue
[2026-01-01T22:43:15.257+0000] {logging_mixin.py:188} INFO - [2026-01-01T22:43:15.257+0000] {dagbag.py:538} INFO - Filling up the DagBag from /opt/airflow/dags/ml_models.py
[2026-01-01T22:43:15.296+0000] {processor.py:840} INFO - DAG(s) 'ml_models' retrieved from /opt/airflow/dags/ml_models.py
[2026-01-01T22:43:15.338+0000] {logging_mixin.py:188} INFO - [2026-01-01T22:43:15.338+0000] {dag.py:3036} INFO - Sync 1 DAGs
[2026-01-01T22:43:15.377+0000] {logging_mixin.py:188} INFO - [2026-01-01T22:43:15.376+0000] {dag.py:3823} INFO - Setting next_dagrun for ml_models to 2025-12-31 00:00:00+00:00, run_after=2026-01-01 00:00:00+00:00
[2026-01-01T22:43:15.446+0000] {processor.py:183} INFO - Processing /opt/airflow/dags/ml_models.py took 0.198 seconds
[2026-01-01T22:43:46.040+0000] {processor.py:161} INFO - Started process (PID=24601) to work on /opt/airflow/dags/ml_models.py
[2026-01-01T22:43:46.042+0000] {processor.py:830} INFO - Processing file /opt/airflow/dags/ml_models.py for tasks to queue
[2026-01-01T22:43:46.044+0000] {logging_mixin.py:188} INFO - [2026-01-01T22:43:46.043+0000] {dagbag.py:538} INFO - Filling up the DagBag from /opt/airflow/dags/ml_models.py
[2026-01-01T22:43:46.080+0000] {processor.py:840} INFO - DAG(s) 'ml_models' retrieved from /opt/airflow/dags/ml_models.py
[2026-01-01T22:43:46.118+0000] {logging_mixin.py:188} INFO - [2026-01-01T22:43:46.118+0000] {dag.py:3036} INFO - Sync 1 DAGs
[2026-01-01T22:43:46.155+0000] {logging_mixin.py:188} INFO - [2026-01-01T22:43:46.155+0000] {dag.py:3823} INFO - Setting next_dagrun for ml_models to 2025-12-31 00:00:00+00:00, run_after=2026-01-01 00:00:00+00:00
[2026-01-01T22:43:46.221+0000] {processor.py:183} INFO - Processing /opt/airflow/dags/ml_models.py took 0.187 seconds
[2026-01-01T22:44:16.887+0000] {processor.py:161} INFO - Started process (PID=24621) to work on /opt/airflow/dags/ml_models.py
[2026-01-01T22:44:16.889+0000] {processor.py:830} INFO - Processing file /opt/airflow/dags/ml_models.py for tasks to queue
[2026-01-01T22:44:16.891+0000] {logging_mixin.py:188} INFO - [2026-01-01T22:44:16.891+0000] {dagbag.py:538} INFO - Filling up the DagBag from /opt/airflow/dags/ml_models.py
[2026-01-01T22:44:16.963+0000] {processor.py:840} INFO - DAG(s) 'ml_models' retrieved from /opt/airflow/dags/ml_models.py
[2026-01-01T22:44:17.000+0000] {logging_mixin.py:188} INFO - [2026-01-01T22:44:17.000+0000] {dag.py:3036} INFO - Sync 1 DAGs
[2026-01-01T22:44:17.041+0000] {logging_mixin.py:188} INFO - [2026-01-01T22:44:17.040+0000] {dag.py:3823} INFO - Setting next_dagrun for ml_models to 2025-12-31 00:00:00+00:00, run_after=2026-01-01 00:00:00+00:00
[2026-01-01T22:44:17.075+0000] {processor.py:183} INFO - Processing /opt/airflow/dags/ml_models.py took 0.194 seconds
[2026-01-01T22:44:47.754+0000] {processor.py:161} INFO - Started process (PID=24641) to work on /opt/airflow/dags/ml_models.py
[2026-01-01T22:44:47.756+0000] {processor.py:830} INFO - Processing file /opt/airflow/dags/ml_models.py for tasks to queue
[2026-01-01T22:44:47.757+0000] {logging_mixin.py:188} INFO - [2026-01-01T22:44:47.757+0000] {dagbag.py:538} INFO - Filling up the DagBag from /opt/airflow/dags/ml_models.py
[2026-01-01T22:44:47.789+0000] {processor.py:840} INFO - DAG(s) 'ml_models' retrieved from /opt/airflow/dags/ml_models.py
[2026-01-01T22:44:47.832+0000] {logging_mixin.py:188} INFO - [2026-01-01T22:44:47.832+0000] {dag.py:3036} INFO - Sync 1 DAGs
[2026-01-01T22:44:47.898+0000] {logging_mixin.py:188} INFO - [2026-01-01T22:44:47.898+0000] {dag.py:3823} INFO - Setting next_dagrun for ml_models to 2025-12-31 00:00:00+00:00, run_after=2026-01-01 00:00:00+00:00
[2026-01-01T22:44:47.933+0000] {processor.py:183} INFO - Processing /opt/airflow/dags/ml_models.py took 0.184 seconds
[2026-01-01T22:45:18.613+0000] {processor.py:161} INFO - Started process (PID=24661) to work on /opt/airflow/dags/ml_models.py
[2026-01-01T22:45:18.615+0000] {processor.py:830} INFO - Processing file /opt/airflow/dags/ml_models.py for tasks to queue
[2026-01-01T22:45:18.616+0000] {logging_mixin.py:188} INFO - [2026-01-01T22:45:18.616+0000] {dagbag.py:538} INFO - Filling up the DagBag from /opt/airflow/dags/ml_models.py
[2026-01-01T22:45:18.655+0000] {processor.py:840} INFO - DAG(s) 'ml_models' retrieved from /opt/airflow/dags/ml_models.py
[2026-01-01T22:45:18.697+0000] {logging_mixin.py:188} INFO - [2026-01-01T22:45:18.697+0000] {dag.py:3036} INFO - Sync 1 DAGs
[2026-01-01T22:45:18.738+0000] {logging_mixin.py:188} INFO - [2026-01-01T22:45:18.738+0000] {dag.py:3823} INFO - Setting next_dagrun for ml_models to 2025-12-31 00:00:00+00:00, run_after=2026-01-01 00:00:00+00:00
[2026-01-01T22:45:18.811+0000] {processor.py:183} INFO - Processing /opt/airflow/dags/ml_models.py took 0.204 seconds
[2026-01-01T22:45:49.458+0000] {processor.py:161} INFO - Started process (PID=24681) to work on /opt/airflow/dags/ml_models.py
[2026-01-01T22:45:49.461+0000] {processor.py:830} INFO - Processing file /opt/airflow/dags/ml_models.py for tasks to queue
[2026-01-01T22:45:49.463+0000] {logging_mixin.py:188} INFO - [2026-01-01T22:45:49.462+0000] {dagbag.py:538} INFO - Filling up the DagBag from /opt/airflow/dags/ml_models.py
[2026-01-01T22:45:49.503+0000] {processor.py:840} INFO - DAG(s) 'ml_models' retrieved from /opt/airflow/dags/ml_models.py
[2026-01-01T22:45:49.550+0000] {logging_mixin.py:188} INFO - [2026-01-01T22:45:49.549+0000] {dag.py:3036} INFO - Sync 1 DAGs
[2026-01-01T22:45:49.592+0000] {logging_mixin.py:188} INFO - [2026-01-01T22:45:49.591+0000] {dag.py:3823} INFO - Setting next_dagrun for ml_models to 2025-12-31 00:00:00+00:00, run_after=2026-01-01 00:00:00+00:00
[2026-01-01T22:45:49.626+0000] {processor.py:183} INFO - Processing /opt/airflow/dags/ml_models.py took 0.176 seconds
[2026-01-01T22:46:20.293+0000] {processor.py:161} INFO - Started process (PID=24701) to work on /opt/airflow/dags/ml_models.py
[2026-01-01T22:46:20.295+0000] {processor.py:830} INFO - Processing file /opt/airflow/dags/ml_models.py for tasks to queue
[2026-01-01T22:46:20.297+0000] {logging_mixin.py:188} INFO - [2026-01-01T22:46:20.296+0000] {dagbag.py:538} INFO - Filling up the DagBag from /opt/airflow/dags/ml_models.py
[2026-01-01T22:46:20.368+0000] {processor.py:840} INFO - DAG(s) 'ml_models' retrieved from /opt/airflow/dags/ml_models.py
[2026-01-01T22:46:20.403+0000] {logging_mixin.py:188} INFO - [2026-01-01T22:46:20.403+0000] {dag.py:3036} INFO - Sync 1 DAGs
[2026-01-01T22:46:20.443+0000] {logging_mixin.py:188} INFO - [2026-01-01T22:46:20.443+0000] {dag.py:3823} INFO - Setting next_dagrun for ml_models to 2025-12-31 00:00:00+00:00, run_after=2026-01-01 00:00:00+00:00
[2026-01-01T22:46:20.476+0000] {processor.py:183} INFO - Processing /opt/airflow/dags/ml_models.py took 0.190 seconds
[2026-01-01T22:46:51.158+0000] {processor.py:161} INFO - Started process (PID=24721) to work on /opt/airflow/dags/ml_models.py
[2026-01-01T22:46:51.160+0000] {processor.py:830} INFO - Processing file /opt/airflow/dags/ml_models.py for tasks to queue
[2026-01-01T22:46:51.162+0000] {logging_mixin.py:188} INFO - [2026-01-01T22:46:51.162+0000] {dagbag.py:538} INFO - Filling up the DagBag from /opt/airflow/dags/ml_models.py
[2026-01-01T22:46:51.197+0000] {processor.py:840} INFO - DAG(s) 'ml_models' retrieved from /opt/airflow/dags/ml_models.py
[2026-01-01T22:46:51.248+0000] {logging_mixin.py:188} INFO - [2026-01-01T22:46:51.248+0000] {dag.py:3036} INFO - Sync 1 DAGs
[2026-01-01T22:46:51.285+0000] {logging_mixin.py:188} INFO - [2026-01-01T22:46:51.285+0000] {dag.py:3823} INFO - Setting next_dagrun for ml_models to 2025-12-31 00:00:00+00:00, run_after=2026-01-01 00:00:00+00:00
[2026-01-01T22:46:51.358+0000] {processor.py:183} INFO - Processing /opt/airflow/dags/ml_models.py took 0.206 seconds
[2026-01-01T22:47:22.000+0000] {processor.py:161} INFO - Started process (PID=24741) to work on /opt/airflow/dags/ml_models.py
[2026-01-01T22:47:22.003+0000] {processor.py:830} INFO - Processing file /opt/airflow/dags/ml_models.py for tasks to queue
[2026-01-01T22:47:22.004+0000] {logging_mixin.py:188} INFO - [2026-01-01T22:47:22.004+0000] {dagbag.py:538} INFO - Filling up the DagBag from /opt/airflow/dags/ml_models.py
[2026-01-01T22:47:22.039+0000] {processor.py:840} INFO - DAG(s) 'ml_models' retrieved from /opt/airflow/dags/ml_models.py
[2026-01-01T22:47:22.079+0000] {logging_mixin.py:188} INFO - [2026-01-01T22:47:22.079+0000] {dag.py:3036} INFO - Sync 1 DAGs
[2026-01-01T22:47:22.118+0000] {logging_mixin.py:188} INFO - [2026-01-01T22:47:22.118+0000] {dag.py:3823} INFO - Setting next_dagrun for ml_models to 2025-12-31 00:00:00+00:00, run_after=2026-01-01 00:00:00+00:00
[2026-01-01T22:47:22.189+0000] {processor.py:183} INFO - Processing /opt/airflow/dags/ml_models.py took 0.194 seconds
[2026-01-01T22:47:52.915+0000] {processor.py:161} INFO - Started process (PID=24761) to work on /opt/airflow/dags/ml_models.py
[2026-01-01T22:47:52.917+0000] {processor.py:830} INFO - Processing file /opt/airflow/dags/ml_models.py for tasks to queue
[2026-01-01T22:47:52.919+0000] {logging_mixin.py:188} INFO - [2026-01-01T22:47:52.919+0000] {dagbag.py:538} INFO - Filling up the DagBag from /opt/airflow/dags/ml_models.py
[2026-01-01T22:47:52.992+0000] {processor.py:840} INFO - DAG(s) 'ml_models' retrieved from /opt/airflow/dags/ml_models.py
[2026-01-01T22:47:53.036+0000] {logging_mixin.py:188} INFO - [2026-01-01T22:47:53.036+0000] {dag.py:3036} INFO - Sync 1 DAGs
[2026-01-01T22:47:53.070+0000] {logging_mixin.py:188} INFO - [2026-01-01T22:47:53.070+0000] {dag.py:3823} INFO - Setting next_dagrun for ml_models to 2025-12-31 00:00:00+00:00, run_after=2026-01-01 00:00:00+00:00
[2026-01-01T22:47:53.105+0000] {processor.py:183} INFO - Processing /opt/airflow/dags/ml_models.py took 0.196 seconds
[2026-01-01T22:48:23.956+0000] {processor.py:161} INFO - Started process (PID=24781) to work on /opt/airflow/dags/ml_models.py
[2026-01-01T22:48:23.964+0000] {processor.py:830} INFO - Processing file /opt/airflow/dags/ml_models.py for tasks to queue
[2026-01-01T22:48:23.969+0000] {logging_mixin.py:188} INFO - [2026-01-01T22:48:23.967+0000] {dagbag.py:538} INFO - Filling up the DagBag from /opt/airflow/dags/ml_models.py
[2026-01-01T22:48:24.028+0000] {processor.py:840} INFO - DAG(s) 'ml_models' retrieved from /opt/airflow/dags/ml_models.py
[2026-01-01T22:48:24.083+0000] {logging_mixin.py:188} INFO - [2026-01-01T22:48:24.083+0000] {dag.py:3036} INFO - Sync 1 DAGs
[2026-01-01T22:48:24.125+0000] {logging_mixin.py:188} INFO - [2026-01-01T22:48:24.125+0000] {dag.py:3823} INFO - Setting next_dagrun for ml_models to 2025-12-31 00:00:00+00:00, run_after=2026-01-01 00:00:00+00:00
[2026-01-01T22:48:24.197+0000] {processor.py:183} INFO - Processing /opt/airflow/dags/ml_models.py took 0.256 seconds
[2026-01-01T22:48:55.169+0000] {processor.py:161} INFO - Started process (PID=24801) to work on /opt/airflow/dags/ml_models.py
[2026-01-01T22:48:55.171+0000] {processor.py:830} INFO - Processing file /opt/airflow/dags/ml_models.py for tasks to queue
[2026-01-01T22:48:55.173+0000] {logging_mixin.py:188} INFO - [2026-01-01T22:48:55.172+0000] {dagbag.py:538} INFO - Filling up the DagBag from /opt/airflow/dags/ml_models.py
[2026-01-01T22:48:55.247+0000] {processor.py:840} INFO - DAG(s) 'ml_models' retrieved from /opt/airflow/dags/ml_models.py
[2026-01-01T22:48:55.295+0000] {logging_mixin.py:188} INFO - [2026-01-01T22:48:55.295+0000] {dag.py:3036} INFO - Sync 1 DAGs
[2026-01-01T22:48:55.337+0000] {logging_mixin.py:188} INFO - [2026-01-01T22:48:55.337+0000] {dag.py:3823} INFO - Setting next_dagrun for ml_models to 2025-12-31 00:00:00+00:00, run_after=2026-01-01 00:00:00+00:00
[2026-01-01T22:48:55.370+0000] {processor.py:183} INFO - Processing /opt/airflow/dags/ml_models.py took 0.208 seconds
[2026-01-01T22:49:26.070+0000] {processor.py:161} INFO - Started process (PID=24821) to work on /opt/airflow/dags/ml_models.py
[2026-01-01T22:49:26.072+0000] {processor.py:830} INFO - Processing file /opt/airflow/dags/ml_models.py for tasks to queue
[2026-01-01T22:49:26.074+0000] {logging_mixin.py:188} INFO - [2026-01-01T22:49:26.073+0000] {dagbag.py:538} INFO - Filling up the DagBag from /opt/airflow/dags/ml_models.py
[2026-01-01T22:49:26.127+0000] {processor.py:840} INFO - DAG(s) 'ml_models' retrieved from /opt/airflow/dags/ml_models.py
[2026-01-01T22:49:26.186+0000] {logging_mixin.py:188} INFO - [2026-01-01T22:49:26.185+0000] {dag.py:3036} INFO - Sync 1 DAGs
[2026-01-01T22:49:26.230+0000] {logging_mixin.py:188} INFO - [2026-01-01T22:49:26.229+0000] {dag.py:3823} INFO - Setting next_dagrun for ml_models to 2025-12-31 00:00:00+00:00, run_after=2026-01-01 00:00:00+00:00
[2026-01-01T22:49:26.302+0000] {processor.py:183} INFO - Processing /opt/airflow/dags/ml_models.py took 0.240 seconds
[2026-01-01T22:49:56.998+0000] {processor.py:161} INFO - Started process (PID=24841) to work on /opt/airflow/dags/ml_models.py
[2026-01-01T22:49:57.000+0000] {processor.py:830} INFO - Processing file /opt/airflow/dags/ml_models.py for tasks to queue
[2026-01-01T22:49:57.002+0000] {logging_mixin.py:188} INFO - [2026-01-01T22:49:57.001+0000] {dagbag.py:538} INFO - Filling up the DagBag from /opt/airflow/dags/ml_models.py
[2026-01-01T22:49:57.042+0000] {processor.py:840} INFO - DAG(s) 'ml_models' retrieved from /opt/airflow/dags/ml_models.py
[2026-01-01T22:49:57.097+0000] {logging_mixin.py:188} INFO - [2026-01-01T22:49:57.096+0000] {dag.py:3036} INFO - Sync 1 DAGs
[2026-01-01T22:49:57.148+0000] {logging_mixin.py:188} INFO - [2026-01-01T22:49:57.148+0000] {dag.py:3823} INFO - Setting next_dagrun for ml_models to 2025-12-31 00:00:00+00:00, run_after=2026-01-01 00:00:00+00:00
[2026-01-01T22:49:57.222+0000] {processor.py:183} INFO - Processing /opt/airflow/dags/ml_models.py took 0.231 seconds
[2026-01-01T22:50:27.922+0000] {processor.py:161} INFO - Started process (PID=24861) to work on /opt/airflow/dags/ml_models.py
[2026-01-01T22:50:27.923+0000] {processor.py:830} INFO - Processing file /opt/airflow/dags/ml_models.py for tasks to queue
[2026-01-01T22:50:27.925+0000] {logging_mixin.py:188} INFO - [2026-01-01T22:50:27.924+0000] {dagbag.py:538} INFO - Filling up the DagBag from /opt/airflow/dags/ml_models.py
[2026-01-01T22:50:27.963+0000] {processor.py:840} INFO - DAG(s) 'ml_models' retrieved from /opt/airflow/dags/ml_models.py
[2026-01-01T22:50:28.015+0000] {logging_mixin.py:188} INFO - [2026-01-01T22:50:28.014+0000] {dag.py:3036} INFO - Sync 1 DAGs
[2026-01-01T22:50:28.057+0000] {logging_mixin.py:188} INFO - [2026-01-01T22:50:28.057+0000] {dag.py:3823} INFO - Setting next_dagrun for ml_models to 2025-12-31 00:00:00+00:00, run_after=2026-01-01 00:00:00+00:00
[2026-01-01T22:50:28.128+0000] {processor.py:183} INFO - Processing /opt/airflow/dags/ml_models.py took 0.214 seconds
[2026-01-01T22:50:58.928+0000] {processor.py:161} INFO - Started process (PID=24881) to work on /opt/airflow/dags/ml_models.py
[2026-01-01T22:50:58.932+0000] {processor.py:830} INFO - Processing file /opt/airflow/dags/ml_models.py for tasks to queue
[2026-01-01T22:50:58.935+0000] {logging_mixin.py:188} INFO - [2026-01-01T22:50:58.934+0000] {dagbag.py:538} INFO - Filling up the DagBag from /opt/airflow/dags/ml_models.py
[2026-01-01T22:50:58.995+0000] {processor.py:840} INFO - DAG(s) 'ml_models' retrieved from /opt/airflow/dags/ml_models.py
[2026-01-01T22:50:59.049+0000] {logging_mixin.py:188} INFO - [2026-01-01T22:50:59.048+0000] {dag.py:3036} INFO - Sync 1 DAGs
[2026-01-01T22:50:59.093+0000] {logging_mixin.py:188} INFO - [2026-01-01T22:50:59.093+0000] {dag.py:3823} INFO - Setting next_dagrun for ml_models to 2025-12-31 00:00:00+00:00, run_after=2026-01-01 00:00:00+00:00
[2026-01-01T22:50:59.153+0000] {processor.py:183} INFO - Processing /opt/airflow/dags/ml_models.py took 0.241 seconds
[2026-01-01T22:51:29.849+0000] {processor.py:161} INFO - Started process (PID=24901) to work on /opt/airflow/dags/ml_models.py
[2026-01-01T22:51:29.852+0000] {processor.py:830} INFO - Processing file /opt/airflow/dags/ml_models.py for tasks to queue
[2026-01-01T22:51:29.854+0000] {logging_mixin.py:188} INFO - [2026-01-01T22:51:29.853+0000] {dagbag.py:538} INFO - Filling up the DagBag from /opt/airflow/dags/ml_models.py
[2026-01-01T22:51:29.894+0000] {processor.py:840} INFO - DAG(s) 'ml_models' retrieved from /opt/airflow/dags/ml_models.py
[2026-01-01T22:51:29.942+0000] {logging_mixin.py:188} INFO - [2026-01-01T22:51:29.941+0000] {dag.py:3036} INFO - Sync 1 DAGs
[2026-01-01T22:51:29.992+0000] {logging_mixin.py:188} INFO - [2026-01-01T22:51:29.992+0000] {dag.py:3823} INFO - Setting next_dagrun for ml_models to 2025-12-31 00:00:00+00:00, run_after=2026-01-01 00:00:00+00:00
[2026-01-01T22:51:30.027+0000] {processor.py:183} INFO - Processing /opt/airflow/dags/ml_models.py took 0.184 seconds
[2026-01-01T22:52:00.826+0000] {processor.py:161} INFO - Started process (PID=24921) to work on /opt/airflow/dags/ml_models.py
[2026-01-01T22:52:00.828+0000] {processor.py:830} INFO - Processing file /opt/airflow/dags/ml_models.py for tasks to queue
[2026-01-01T22:52:00.830+0000] {logging_mixin.py:188} INFO - [2026-01-01T22:52:00.829+0000] {dagbag.py:538} INFO - Filling up the DagBag from /opt/airflow/dags/ml_models.py
[2026-01-01T22:52:00.869+0000] {processor.py:840} INFO - DAG(s) 'ml_models' retrieved from /opt/airflow/dags/ml_models.py
[2026-01-01T22:52:00.923+0000] {logging_mixin.py:188} INFO - [2026-01-01T22:52:00.922+0000] {dag.py:3036} INFO - Sync 1 DAGs
[2026-01-01T22:52:00.965+0000] {logging_mixin.py:188} INFO - [2026-01-01T22:52:00.965+0000] {dag.py:3823} INFO - Setting next_dagrun for ml_models to 2025-12-31 00:00:00+00:00, run_after=2026-01-01 00:00:00+00:00
[2026-01-01T22:52:01.038+0000] {processor.py:183} INFO - Processing /opt/airflow/dags/ml_models.py took 0.219 seconds
[2026-01-01T22:52:31.721+0000] {processor.py:161} INFO - Started process (PID=24941) to work on /opt/airflow/dags/ml_models.py
[2026-01-01T22:52:31.724+0000] {processor.py:830} INFO - Processing file /opt/airflow/dags/ml_models.py for tasks to queue
[2026-01-01T22:52:31.726+0000] {logging_mixin.py:188} INFO - [2026-01-01T22:52:31.725+0000] {dagbag.py:538} INFO - Filling up the DagBag from /opt/airflow/dags/ml_models.py
[2026-01-01T22:52:31.766+0000] {processor.py:840} INFO - DAG(s) 'ml_models' retrieved from /opt/airflow/dags/ml_models.py
[2026-01-01T22:52:31.813+0000] {logging_mixin.py:188} INFO - [2026-01-01T22:52:31.812+0000] {dag.py:3036} INFO - Sync 1 DAGs
[2026-01-01T22:52:31.853+0000] {logging_mixin.py:188} INFO - [2026-01-01T22:52:31.853+0000] {dag.py:3823} INFO - Setting next_dagrun for ml_models to 2025-12-31 00:00:00+00:00, run_after=2026-01-01 00:00:00+00:00
[2026-01-01T22:52:31.927+0000] {processor.py:183} INFO - Processing /opt/airflow/dags/ml_models.py took 0.214 seconds
[2026-01-01T22:53:02.617+0000] {processor.py:161} INFO - Started process (PID=24961) to work on /opt/airflow/dags/ml_models.py
[2026-01-01T22:53:02.620+0000] {processor.py:830} INFO - Processing file /opt/airflow/dags/ml_models.py for tasks to queue
[2026-01-01T22:53:02.623+0000] {logging_mixin.py:188} INFO - [2026-01-01T22:53:02.622+0000] {dagbag.py:538} INFO - Filling up the DagBag from /opt/airflow/dags/ml_models.py
[2026-01-01T22:53:02.667+0000] {processor.py:840} INFO - DAG(s) 'ml_models' retrieved from /opt/airflow/dags/ml_models.py
[2026-01-01T22:53:02.714+0000] {logging_mixin.py:188} INFO - [2026-01-01T22:53:02.713+0000] {dag.py:3036} INFO - Sync 1 DAGs
[2026-01-01T22:53:02.779+0000] {logging_mixin.py:188} INFO - [2026-01-01T22:53:02.779+0000] {dag.py:3823} INFO - Setting next_dagrun for ml_models to 2025-12-31 00:00:00+00:00, run_after=2026-01-01 00:00:00+00:00
[2026-01-01T22:53:02.816+0000] {processor.py:183} INFO - Processing /opt/airflow/dags/ml_models.py took 0.208 seconds
[2026-01-01T22:53:33.771+0000] {processor.py:161} INFO - Started process (PID=24981) to work on /opt/airflow/dags/ml_models.py
[2026-01-01T22:53:33.774+0000] {processor.py:830} INFO - Processing file /opt/airflow/dags/ml_models.py for tasks to queue
[2026-01-01T22:53:33.776+0000] {logging_mixin.py:188} INFO - [2026-01-01T22:53:33.775+0000] {dagbag.py:538} INFO - Filling up the DagBag from /opt/airflow/dags/ml_models.py
[2026-01-01T22:53:33.815+0000] {processor.py:840} INFO - DAG(s) 'ml_models' retrieved from /opt/airflow/dags/ml_models.py
[2026-01-01T22:53:33.862+0000] {logging_mixin.py:188} INFO - [2026-01-01T22:53:33.861+0000] {dag.py:3036} INFO - Sync 1 DAGs
[2026-01-01T22:53:33.903+0000] {logging_mixin.py:188} INFO - [2026-01-01T22:53:33.902+0000] {dag.py:3823} INFO - Setting next_dagrun for ml_models to 2025-12-31 00:00:00+00:00, run_after=2026-01-01 00:00:00+00:00
[2026-01-01T22:53:33.976+0000] {processor.py:183} INFO - Processing /opt/airflow/dags/ml_models.py took 0.213 seconds
[2026-01-01T22:54:04.835+0000] {processor.py:161} INFO - Started process (PID=25001) to work on /opt/airflow/dags/ml_models.py
[2026-01-01T22:54:04.837+0000] {processor.py:830} INFO - Processing file /opt/airflow/dags/ml_models.py for tasks to queue
[2026-01-01T22:54:04.839+0000] {logging_mixin.py:188} INFO - [2026-01-01T22:54:04.839+0000] {dagbag.py:538} INFO - Filling up the DagBag from /opt/airflow/dags/ml_models.py
[2026-01-01T22:54:04.877+0000] {processor.py:840} INFO - DAG(s) 'ml_models' retrieved from /opt/airflow/dags/ml_models.py
[2026-01-01T22:54:04.927+0000] {logging_mixin.py:188} INFO - [2026-01-01T22:54:04.927+0000] {dag.py:3036} INFO - Sync 1 DAGs
[2026-01-01T22:54:04.971+0000] {logging_mixin.py:188} INFO - [2026-01-01T22:54:04.971+0000] {dag.py:3823} INFO - Setting next_dagrun for ml_models to 2025-12-31 00:00:00+00:00, run_after=2026-01-01 00:00:00+00:00
[2026-01-01T22:54:05.051+0000] {processor.py:183} INFO - Processing /opt/airflow/dags/ml_models.py took 0.223 seconds
[2026-01-01T22:54:35.745+0000] {processor.py:161} INFO - Started process (PID=25021) to work on /opt/airflow/dags/ml_models.py
[2026-01-01T22:54:35.747+0000] {processor.py:830} INFO - Processing file /opt/airflow/dags/ml_models.py for tasks to queue
[2026-01-01T22:54:35.749+0000] {logging_mixin.py:188} INFO - [2026-01-01T22:54:35.748+0000] {dagbag.py:538} INFO - Filling up the DagBag from /opt/airflow/dags/ml_models.py
[2026-01-01T22:54:35.787+0000] {processor.py:840} INFO - DAG(s) 'ml_models' retrieved from /opt/airflow/dags/ml_models.py
[2026-01-01T22:54:35.838+0000] {logging_mixin.py:188} INFO - [2026-01-01T22:54:35.837+0000] {dag.py:3036} INFO - Sync 1 DAGs
[2026-01-01T22:54:35.885+0000] {logging_mixin.py:188} INFO - [2026-01-01T22:54:35.884+0000] {dag.py:3823} INFO - Setting next_dagrun for ml_models to 2025-12-31 00:00:00+00:00, run_after=2026-01-01 00:00:00+00:00
[2026-01-01T22:54:35.920+0000] {processor.py:183} INFO - Processing /opt/airflow/dags/ml_models.py took 0.183 seconds
[2026-01-01T22:55:06.686+0000] {processor.py:161} INFO - Started process (PID=25041) to work on /opt/airflow/dags/ml_models.py
[2026-01-01T22:55:06.689+0000] {processor.py:830} INFO - Processing file /opt/airflow/dags/ml_models.py for tasks to queue
[2026-01-01T22:55:06.691+0000] {logging_mixin.py:188} INFO - [2026-01-01T22:55:06.690+0000] {dagbag.py:538} INFO - Filling up the DagBag from /opt/airflow/dags/ml_models.py
[2026-01-01T22:55:06.733+0000] {processor.py:840} INFO - DAG(s) 'ml_models' retrieved from /opt/airflow/dags/ml_models.py
[2026-01-01T22:55:06.784+0000] {logging_mixin.py:188} INFO - [2026-01-01T22:55:06.783+0000] {dag.py:3036} INFO - Sync 1 DAGs
[2026-01-01T22:55:06.825+0000] {logging_mixin.py:188} INFO - [2026-01-01T22:55:06.825+0000] {dag.py:3823} INFO - Setting next_dagrun for ml_models to 2025-12-31 00:00:00+00:00, run_after=2026-01-01 00:00:00+00:00
[2026-01-01T22:55:06.861+0000] {processor.py:183} INFO - Processing /opt/airflow/dags/ml_models.py took 0.183 seconds
[2026-01-01T22:55:37.545+0000] {processor.py:161} INFO - Started process (PID=25061) to work on /opt/airflow/dags/ml_models.py
[2026-01-01T22:55:37.548+0000] {processor.py:830} INFO - Processing file /opt/airflow/dags/ml_models.py for tasks to queue
[2026-01-01T22:55:37.550+0000] {logging_mixin.py:188} INFO - [2026-01-01T22:55:37.549+0000] {dagbag.py:538} INFO - Filling up the DagBag from /opt/airflow/dags/ml_models.py
[2026-01-01T22:55:37.587+0000] {processor.py:840} INFO - DAG(s) 'ml_models' retrieved from /opt/airflow/dags/ml_models.py
[2026-01-01T22:55:37.635+0000] {logging_mixin.py:188} INFO - [2026-01-01T22:55:37.635+0000] {dag.py:3036} INFO - Sync 1 DAGs
[2026-01-01T22:55:37.680+0000] {logging_mixin.py:188} INFO - [2026-01-01T22:55:37.679+0000] {dag.py:3823} INFO - Setting next_dagrun for ml_models to 2025-12-31 00:00:00+00:00, run_after=2026-01-01 00:00:00+00:00
[2026-01-01T22:55:37.755+0000] {processor.py:183} INFO - Processing /opt/airflow/dags/ml_models.py took 0.218 seconds
