[2026-01-01T20:33:00.740+0000] {processor.py:161} INFO - Started process (PID=19484) to work on /opt/airflow/dags/prediction_features_pipeline.py
[2026-01-01T20:33:00.749+0000] {processor.py:830} INFO - Processing file /opt/airflow/dags/prediction_features_pipeline.py for tasks to queue
[2026-01-01T20:33:00.753+0000] {logging_mixin.py:188} INFO - [2026-01-01T20:33:00.752+0000] {dagbag.py:538} INFO - Filling up the DagBag from /opt/airflow/dags/prediction_features_pipeline.py
[2026-01-01T20:33:00.871+0000] {processor.py:840} INFO - DAG(s) 'match_features_pipeline' retrieved from /opt/airflow/dags/prediction_features_pipeline.py
[2026-01-01T20:33:00.969+0000] {logging_mixin.py:188} INFO - [2026-01-01T20:33:00.969+0000] {dag.py:3036} INFO - Sync 1 DAGs
[2026-01-01T20:33:01.092+0000] {logging_mixin.py:188} INFO - [2026-01-01T20:33:01.092+0000] {dag.py:3823} INFO - Setting next_dagrun for match_features_pipeline to 2025-12-31 00:00:00+00:00, run_after=2026-01-01 00:00:00+00:00
[2026-01-01T20:33:01.271+0000] {processor.py:183} INFO - Processing /opt/airflow/dags/prediction_features_pipeline.py took 0.545 seconds
[2026-01-01T20:33:31.629+0000] {processor.py:161} INFO - Started process (PID=19506) to work on /opt/airflow/dags/prediction_features_pipeline.py
[2026-01-01T20:33:31.632+0000] {processor.py:830} INFO - Processing file /opt/airflow/dags/prediction_features_pipeline.py for tasks to queue
[2026-01-01T20:33:31.634+0000] {logging_mixin.py:188} INFO - [2026-01-01T20:33:31.633+0000] {dagbag.py:538} INFO - Filling up the DagBag from /opt/airflow/dags/prediction_features_pipeline.py
[2026-01-01T20:33:31.675+0000] {processor.py:840} INFO - DAG(s) 'match_features_pipeline' retrieved from /opt/airflow/dags/prediction_features_pipeline.py
[2026-01-01T20:33:31.704+0000] {logging_mixin.py:188} INFO - [2026-01-01T20:33:31.704+0000] {dag.py:3036} INFO - Sync 1 DAGs
[2026-01-01T20:33:31.735+0000] {logging_mixin.py:188} INFO - [2026-01-01T20:33:31.734+0000] {dag.py:3823} INFO - Setting next_dagrun for match_features_pipeline to 2025-12-31 00:00:00+00:00, run_after=2026-01-01 00:00:00+00:00
[2026-01-01T20:33:31.763+0000] {processor.py:183} INFO - Processing /opt/airflow/dags/prediction_features_pipeline.py took 0.141 seconds
[2026-01-01T20:34:02.128+0000] {processor.py:161} INFO - Started process (PID=19524) to work on /opt/airflow/dags/prediction_features_pipeline.py
[2026-01-01T20:34:02.130+0000] {processor.py:830} INFO - Processing file /opt/airflow/dags/prediction_features_pipeline.py for tasks to queue
[2026-01-01T20:34:02.132+0000] {logging_mixin.py:188} INFO - [2026-01-01T20:34:02.131+0000] {dagbag.py:538} INFO - Filling up the DagBag from /opt/airflow/dags/prediction_features_pipeline.py
[2026-01-01T20:34:02.160+0000] {processor.py:840} INFO - DAG(s) 'match_features_pipeline' retrieved from /opt/airflow/dags/prediction_features_pipeline.py
[2026-01-01T20:34:02.193+0000] {logging_mixin.py:188} INFO - [2026-01-01T20:34:02.193+0000] {dag.py:3036} INFO - Sync 1 DAGs
[2026-01-01T20:34:02.225+0000] {logging_mixin.py:188} INFO - [2026-01-01T20:34:02.224+0000] {dag.py:3823} INFO - Setting next_dagrun for match_features_pipeline to 2025-12-31 00:00:00+00:00, run_after=2026-01-01 00:00:00+00:00
[2026-01-01T20:34:02.609+0000] {processor.py:183} INFO - Processing /opt/airflow/dags/prediction_features_pipeline.py took 0.488 seconds
[2026-01-01T20:34:32.868+0000] {processor.py:161} INFO - Started process (PID=19544) to work on /opt/airflow/dags/prediction_features_pipeline.py
[2026-01-01T20:34:32.870+0000] {processor.py:830} INFO - Processing file /opt/airflow/dags/prediction_features_pipeline.py for tasks to queue
[2026-01-01T20:34:32.871+0000] {logging_mixin.py:188} INFO - [2026-01-01T20:34:32.871+0000] {dagbag.py:538} INFO - Filling up the DagBag from /opt/airflow/dags/prediction_features_pipeline.py
[2026-01-01T20:34:32.894+0000] {processor.py:840} INFO - DAG(s) 'match_features_pipeline' retrieved from /opt/airflow/dags/prediction_features_pipeline.py
[2026-01-01T20:34:32.922+0000] {logging_mixin.py:188} INFO - [2026-01-01T20:34:32.921+0000] {dag.py:3036} INFO - Sync 1 DAGs
[2026-01-01T20:34:33.087+0000] {logging_mixin.py:188} INFO - [2026-01-01T20:34:33.086+0000] {dag.py:3823} INFO - Setting next_dagrun for match_features_pipeline to 2025-12-31 00:00:00+00:00, run_after=2026-01-01 00:00:00+00:00
[2026-01-01T20:34:33.104+0000] {processor.py:183} INFO - Processing /opt/airflow/dags/prediction_features_pipeline.py took 0.241 seconds
[2026-01-01T20:35:03.357+0000] {processor.py:161} INFO - Started process (PID=19564) to work on /opt/airflow/dags/prediction_features_pipeline.py
[2026-01-01T20:35:03.358+0000] {processor.py:830} INFO - Processing file /opt/airflow/dags/prediction_features_pipeline.py for tasks to queue
[2026-01-01T20:35:03.360+0000] {logging_mixin.py:188} INFO - [2026-01-01T20:35:03.359+0000] {dagbag.py:538} INFO - Filling up the DagBag from /opt/airflow/dags/prediction_features_pipeline.py
[2026-01-01T20:35:03.382+0000] {processor.py:840} INFO - DAG(s) 'match_features_pipeline' retrieved from /opt/airflow/dags/prediction_features_pipeline.py
[2026-01-01T20:35:03.411+0000] {logging_mixin.py:188} INFO - [2026-01-01T20:35:03.411+0000] {dag.py:3036} INFO - Sync 1 DAGs
[2026-01-01T20:35:03.624+0000] {logging_mixin.py:188} INFO - [2026-01-01T20:35:03.624+0000] {dag.py:3823} INFO - Setting next_dagrun for match_features_pipeline to 2025-12-31 00:00:00+00:00, run_after=2026-01-01 00:00:00+00:00
[2026-01-01T20:35:03.645+0000] {processor.py:183} INFO - Processing /opt/airflow/dags/prediction_features_pipeline.py took 0.292 seconds
[2026-01-01T20:35:33.942+0000] {processor.py:161} INFO - Started process (PID=19584) to work on /opt/airflow/dags/prediction_features_pipeline.py
[2026-01-01T20:35:33.943+0000] {processor.py:830} INFO - Processing file /opt/airflow/dags/prediction_features_pipeline.py for tasks to queue
[2026-01-01T20:35:33.944+0000] {logging_mixin.py:188} INFO - [2026-01-01T20:35:33.944+0000] {dagbag.py:538} INFO - Filling up the DagBag from /opt/airflow/dags/prediction_features_pipeline.py
[2026-01-01T20:35:33.968+0000] {processor.py:840} INFO - DAG(s) 'match_features_pipeline' retrieved from /opt/airflow/dags/prediction_features_pipeline.py
[2026-01-01T20:35:34.172+0000] {logging_mixin.py:188} INFO - [2026-01-01T20:35:34.172+0000] {dag.py:3036} INFO - Sync 1 DAGs
[2026-01-01T20:35:34.192+0000] {logging_mixin.py:188} INFO - [2026-01-01T20:35:34.192+0000] {dag.py:3823} INFO - Setting next_dagrun for match_features_pipeline to 2025-12-31 00:00:00+00:00, run_after=2026-01-01 00:00:00+00:00
[2026-01-01T20:35:34.212+0000] {processor.py:183} INFO - Processing /opt/airflow/dags/prediction_features_pipeline.py took 0.274 seconds
[2026-01-01T20:36:04.505+0000] {processor.py:161} INFO - Started process (PID=19604) to work on /opt/airflow/dags/prediction_features_pipeline.py
[2026-01-01T20:36:04.506+0000] {processor.py:830} INFO - Processing file /opt/airflow/dags/prediction_features_pipeline.py for tasks to queue
[2026-01-01T20:36:04.508+0000] {logging_mixin.py:188} INFO - [2026-01-01T20:36:04.507+0000] {dagbag.py:538} INFO - Filling up the DagBag from /opt/airflow/dags/prediction_features_pipeline.py
[2026-01-01T20:36:04.531+0000] {processor.py:840} INFO - DAG(s) 'match_features_pipeline' retrieved from /opt/airflow/dags/prediction_features_pipeline.py
[2026-01-01T20:36:04.559+0000] {logging_mixin.py:188} INFO - [2026-01-01T20:36:04.559+0000] {dag.py:3036} INFO - Sync 1 DAGs
[2026-01-01T20:36:04.585+0000] {logging_mixin.py:188} INFO - [2026-01-01T20:36:04.585+0000] {dag.py:3823} INFO - Setting next_dagrun for match_features_pipeline to 2025-12-31 00:00:00+00:00, run_after=2026-01-01 00:00:00+00:00
[2026-01-01T20:36:04.608+0000] {processor.py:183} INFO - Processing /opt/airflow/dags/prediction_features_pipeline.py took 0.108 seconds
[2026-01-01T20:36:35.025+0000] {processor.py:161} INFO - Started process (PID=19624) to work on /opt/airflow/dags/prediction_features_pipeline.py
[2026-01-01T20:36:35.027+0000] {processor.py:830} INFO - Processing file /opt/airflow/dags/prediction_features_pipeline.py for tasks to queue
[2026-01-01T20:36:35.028+0000] {logging_mixin.py:188} INFO - [2026-01-01T20:36:35.027+0000] {dagbag.py:538} INFO - Filling up the DagBag from /opt/airflow/dags/prediction_features_pipeline.py
[2026-01-01T20:36:35.051+0000] {processor.py:840} INFO - DAG(s) 'match_features_pipeline' retrieved from /opt/airflow/dags/prediction_features_pipeline.py
[2026-01-01T20:36:35.078+0000] {logging_mixin.py:188} INFO - [2026-01-01T20:36:35.077+0000] {dag.py:3036} INFO - Sync 1 DAGs
[2026-01-01T20:36:35.103+0000] {logging_mixin.py:188} INFO - [2026-01-01T20:36:35.102+0000] {dag.py:3823} INFO - Setting next_dagrun for match_features_pipeline to 2025-12-31 00:00:00+00:00, run_after=2026-01-01 00:00:00+00:00
[2026-01-01T20:36:35.123+0000] {processor.py:183} INFO - Processing /opt/airflow/dags/prediction_features_pipeline.py took 0.101 seconds
[2026-01-01T20:37:05.422+0000] {processor.py:161} INFO - Started process (PID=19644) to work on /opt/airflow/dags/prediction_features_pipeline.py
[2026-01-01T20:37:05.424+0000] {processor.py:830} INFO - Processing file /opt/airflow/dags/prediction_features_pipeline.py for tasks to queue
[2026-01-01T20:37:05.425+0000] {logging_mixin.py:188} INFO - [2026-01-01T20:37:05.425+0000] {dagbag.py:538} INFO - Filling up the DagBag from /opt/airflow/dags/prediction_features_pipeline.py
[2026-01-01T20:37:05.447+0000] {processor.py:840} INFO - DAG(s) 'match_features_pipeline' retrieved from /opt/airflow/dags/prediction_features_pipeline.py
[2026-01-01T20:37:05.472+0000] {logging_mixin.py:188} INFO - [2026-01-01T20:37:05.472+0000] {dag.py:3036} INFO - Sync 1 DAGs
[2026-01-01T20:37:05.497+0000] {logging_mixin.py:188} INFO - [2026-01-01T20:37:05.497+0000] {dag.py:3823} INFO - Setting next_dagrun for match_features_pipeline to 2025-12-31 00:00:00+00:00, run_after=2026-01-01 00:00:00+00:00
[2026-01-01T20:37:05.692+0000] {processor.py:183} INFO - Processing /opt/airflow/dags/prediction_features_pipeline.py took 0.274 seconds
[2026-01-01T20:37:36.112+0000] {processor.py:161} INFO - Started process (PID=19664) to work on /opt/airflow/dags/prediction_features_pipeline.py
[2026-01-01T20:37:36.113+0000] {processor.py:830} INFO - Processing file /opt/airflow/dags/prediction_features_pipeline.py for tasks to queue
[2026-01-01T20:37:36.114+0000] {logging_mixin.py:188} INFO - [2026-01-01T20:37:36.114+0000] {dagbag.py:538} INFO - Filling up the DagBag from /opt/airflow/dags/prediction_features_pipeline.py
[2026-01-01T20:37:36.135+0000] {processor.py:840} INFO - DAG(s) 'match_features_pipeline' retrieved from /opt/airflow/dags/prediction_features_pipeline.py
[2026-01-01T20:37:36.164+0000] {logging_mixin.py:188} INFO - [2026-01-01T20:37:36.164+0000] {dag.py:3036} INFO - Sync 1 DAGs
[2026-01-01T20:37:36.369+0000] {logging_mixin.py:188} INFO - [2026-01-01T20:37:36.369+0000] {dag.py:3823} INFO - Setting next_dagrun for match_features_pipeline to 2025-12-31 00:00:00+00:00, run_after=2026-01-01 00:00:00+00:00
[2026-01-01T20:37:36.389+0000] {processor.py:183} INFO - Processing /opt/airflow/dags/prediction_features_pipeline.py took 0.281 seconds
[2026-01-01T20:38:06.790+0000] {processor.py:161} INFO - Started process (PID=19684) to work on /opt/airflow/dags/prediction_features_pipeline.py
[2026-01-01T20:38:06.791+0000] {processor.py:830} INFO - Processing file /opt/airflow/dags/prediction_features_pipeline.py for tasks to queue
[2026-01-01T20:38:06.792+0000] {logging_mixin.py:188} INFO - [2026-01-01T20:38:06.792+0000] {dagbag.py:538} INFO - Filling up the DagBag from /opt/airflow/dags/prediction_features_pipeline.py
[2026-01-01T20:38:06.818+0000] {processor.py:840} INFO - DAG(s) 'match_features_pipeline' retrieved from /opt/airflow/dags/prediction_features_pipeline.py
[2026-01-01T20:38:06.849+0000] {logging_mixin.py:188} INFO - [2026-01-01T20:38:06.848+0000] {dag.py:3036} INFO - Sync 1 DAGs
[2026-01-01T20:38:07.047+0000] {logging_mixin.py:188} INFO - [2026-01-01T20:38:07.046+0000] {dag.py:3823} INFO - Setting next_dagrun for match_features_pipeline to 2025-12-31 00:00:00+00:00, run_after=2026-01-01 00:00:00+00:00
[2026-01-01T20:38:07.064+0000] {processor.py:183} INFO - Processing /opt/airflow/dags/prediction_features_pipeline.py took 0.280 seconds
[2026-01-01T20:38:37.498+0000] {processor.py:161} INFO - Started process (PID=19704) to work on /opt/airflow/dags/prediction_features_pipeline.py
[2026-01-01T20:38:37.500+0000] {processor.py:830} INFO - Processing file /opt/airflow/dags/prediction_features_pipeline.py for tasks to queue
[2026-01-01T20:38:37.501+0000] {logging_mixin.py:188} INFO - [2026-01-01T20:38:37.501+0000] {dagbag.py:538} INFO - Filling up the DagBag from /opt/airflow/dags/prediction_features_pipeline.py
[2026-01-01T20:38:37.752+0000] {processor.py:840} INFO - DAG(s) 'match_features_pipeline' retrieved from /opt/airflow/dags/prediction_features_pipeline.py
[2026-01-01T20:38:37.775+0000] {logging_mixin.py:188} INFO - [2026-01-01T20:38:37.774+0000] {dag.py:3036} INFO - Sync 1 DAGs
[2026-01-01T20:38:37.800+0000] {logging_mixin.py:188} INFO - [2026-01-01T20:38:37.800+0000] {dag.py:3823} INFO - Setting next_dagrun for match_features_pipeline to 2025-12-31 00:00:00+00:00, run_after=2026-01-01 00:00:00+00:00
[2026-01-01T20:38:37.824+0000] {processor.py:183} INFO - Processing /opt/airflow/dags/prediction_features_pipeline.py took 0.331 seconds
[2026-01-01T20:39:08.631+0000] {processor.py:161} INFO - Started process (PID=19724) to work on /opt/airflow/dags/prediction_features_pipeline.py
[2026-01-01T20:39:08.633+0000] {processor.py:830} INFO - Processing file /opt/airflow/dags/prediction_features_pipeline.py for tasks to queue
[2026-01-01T20:39:08.634+0000] {logging_mixin.py:188} INFO - [2026-01-01T20:39:08.633+0000] {dagbag.py:538} INFO - Filling up the DagBag from /opt/airflow/dags/prediction_features_pipeline.py
[2026-01-01T20:39:08.656+0000] {processor.py:840} INFO - DAG(s) 'match_features_pipeline' retrieved from /opt/airflow/dags/prediction_features_pipeline.py
[2026-01-01T20:39:08.683+0000] {logging_mixin.py:188} INFO - [2026-01-01T20:39:08.683+0000] {dag.py:3036} INFO - Sync 1 DAGs
[2026-01-01T20:39:08.707+0000] {logging_mixin.py:188} INFO - [2026-01-01T20:39:08.707+0000] {dag.py:3823} INFO - Setting next_dagrun for match_features_pipeline to 2025-12-31 00:00:00+00:00, run_after=2026-01-01 00:00:00+00:00
[2026-01-01T20:39:08.731+0000] {processor.py:183} INFO - Processing /opt/airflow/dags/prediction_features_pipeline.py took 0.105 seconds
[2026-01-01T20:39:39.041+0000] {processor.py:161} INFO - Started process (PID=19744) to work on /opt/airflow/dags/prediction_features_pipeline.py
[2026-01-01T20:39:39.043+0000] {processor.py:830} INFO - Processing file /opt/airflow/dags/prediction_features_pipeline.py for tasks to queue
[2026-01-01T20:39:39.044+0000] {logging_mixin.py:188} INFO - [2026-01-01T20:39:39.044+0000] {dagbag.py:538} INFO - Filling up the DagBag from /opt/airflow/dags/prediction_features_pipeline.py
[2026-01-01T20:39:39.069+0000] {processor.py:840} INFO - DAG(s) 'match_features_pipeline' retrieved from /opt/airflow/dags/prediction_features_pipeline.py
[2026-01-01T20:39:39.097+0000] {logging_mixin.py:188} INFO - [2026-01-01T20:39:39.096+0000] {dag.py:3036} INFO - Sync 1 DAGs
[2026-01-01T20:39:39.122+0000] {logging_mixin.py:188} INFO - [2026-01-01T20:39:39.122+0000] {dag.py:3823} INFO - Setting next_dagrun for match_features_pipeline to 2025-12-31 00:00:00+00:00, run_after=2026-01-01 00:00:00+00:00
[2026-01-01T20:39:39.151+0000] {processor.py:183} INFO - Processing /opt/airflow/dags/prediction_features_pipeline.py took 0.113 seconds
[2026-01-01T20:40:09.461+0000] {processor.py:161} INFO - Started process (PID=19764) to work on /opt/airflow/dags/prediction_features_pipeline.py
[2026-01-01T20:40:09.462+0000] {processor.py:830} INFO - Processing file /opt/airflow/dags/prediction_features_pipeline.py for tasks to queue
[2026-01-01T20:40:09.463+0000] {logging_mixin.py:188} INFO - [2026-01-01T20:40:09.463+0000] {dagbag.py:538} INFO - Filling up the DagBag from /opt/airflow/dags/prediction_features_pipeline.py
[2026-01-01T20:40:09.486+0000] {processor.py:840} INFO - DAG(s) 'match_features_pipeline' retrieved from /opt/airflow/dags/prediction_features_pipeline.py
[2026-01-01T20:40:09.513+0000] {logging_mixin.py:188} INFO - [2026-01-01T20:40:09.512+0000] {dag.py:3036} INFO - Sync 1 DAGs
[2026-01-01T20:40:09.538+0000] {logging_mixin.py:188} INFO - [2026-01-01T20:40:09.538+0000] {dag.py:3823} INFO - Setting next_dagrun for match_features_pipeline to 2025-12-31 00:00:00+00:00, run_after=2026-01-01 00:00:00+00:00
[2026-01-01T20:40:09.558+0000] {processor.py:183} INFO - Processing /opt/airflow/dags/prediction_features_pipeline.py took 0.101 seconds
[2026-01-01T20:40:39.971+0000] {processor.py:161} INFO - Started process (PID=19784) to work on /opt/airflow/dags/prediction_features_pipeline.py
[2026-01-01T20:40:39.972+0000] {processor.py:830} INFO - Processing file /opt/airflow/dags/prediction_features_pipeline.py for tasks to queue
[2026-01-01T20:40:39.973+0000] {logging_mixin.py:188} INFO - [2026-01-01T20:40:39.973+0000] {dagbag.py:538} INFO - Filling up the DagBag from /opt/airflow/dags/prediction_features_pipeline.py
[2026-01-01T20:40:39.996+0000] {processor.py:840} INFO - DAG(s) 'match_features_pipeline' retrieved from /opt/airflow/dags/prediction_features_pipeline.py
[2026-01-01T20:40:40.024+0000] {logging_mixin.py:188} INFO - [2026-01-01T20:40:40.023+0000] {dag.py:3036} INFO - Sync 1 DAGs
[2026-01-01T20:40:40.049+0000] {logging_mixin.py:188} INFO - [2026-01-01T20:40:40.049+0000] {dag.py:3823} INFO - Setting next_dagrun for match_features_pipeline to 2025-12-31 00:00:00+00:00, run_after=2026-01-01 00:00:00+00:00
[2026-01-01T20:40:40.071+0000] {processor.py:183} INFO - Processing /opt/airflow/dags/prediction_features_pipeline.py took 0.103 seconds
[2026-01-01T20:41:10.386+0000] {processor.py:161} INFO - Started process (PID=19804) to work on /opt/airflow/dags/prediction_features_pipeline.py
[2026-01-01T20:41:10.387+0000] {processor.py:830} INFO - Processing file /opt/airflow/dags/prediction_features_pipeline.py for tasks to queue
[2026-01-01T20:41:10.388+0000] {logging_mixin.py:188} INFO - [2026-01-01T20:41:10.388+0000] {dagbag.py:538} INFO - Filling up the DagBag from /opt/airflow/dags/prediction_features_pipeline.py
[2026-01-01T20:41:10.411+0000] {processor.py:840} INFO - DAG(s) 'match_features_pipeline' retrieved from /opt/airflow/dags/prediction_features_pipeline.py
[2026-01-01T20:41:10.438+0000] {logging_mixin.py:188} INFO - [2026-01-01T20:41:10.437+0000] {dag.py:3036} INFO - Sync 1 DAGs
[2026-01-01T20:41:10.461+0000] {logging_mixin.py:188} INFO - [2026-01-01T20:41:10.461+0000] {dag.py:3823} INFO - Setting next_dagrun for match_features_pipeline to 2025-12-31 00:00:00+00:00, run_after=2026-01-01 00:00:00+00:00
[2026-01-01T20:41:10.485+0000] {processor.py:183} INFO - Processing /opt/airflow/dags/prediction_features_pipeline.py took 0.103 seconds
[2026-01-01T20:41:40.797+0000] {processor.py:161} INFO - Started process (PID=19824) to work on /opt/airflow/dags/prediction_features_pipeline.py
[2026-01-01T20:41:40.798+0000] {processor.py:830} INFO - Processing file /opt/airflow/dags/prediction_features_pipeline.py for tasks to queue
[2026-01-01T20:41:40.799+0000] {logging_mixin.py:188} INFO - [2026-01-01T20:41:40.799+0000] {dagbag.py:538} INFO - Filling up the DagBag from /opt/airflow/dags/prediction_features_pipeline.py
[2026-01-01T20:41:40.822+0000] {processor.py:840} INFO - DAG(s) 'match_features_pipeline' retrieved from /opt/airflow/dags/prediction_features_pipeline.py
[2026-01-01T20:41:40.847+0000] {logging_mixin.py:188} INFO - [2026-01-01T20:41:40.847+0000] {dag.py:3036} INFO - Sync 1 DAGs
[2026-01-01T20:41:40.873+0000] {logging_mixin.py:188} INFO - [2026-01-01T20:41:40.873+0000] {dag.py:3823} INFO - Setting next_dagrun for match_features_pipeline to 2025-12-31 00:00:00+00:00, run_after=2026-01-01 00:00:00+00:00
[2026-01-01T20:41:40.893+0000] {processor.py:183} INFO - Processing /opt/airflow/dags/prediction_features_pipeline.py took 0.100 seconds
[2026-01-01T20:42:11.213+0000] {processor.py:161} INFO - Started process (PID=19844) to work on /opt/airflow/dags/prediction_features_pipeline.py
[2026-01-01T20:42:11.214+0000] {processor.py:830} INFO - Processing file /opt/airflow/dags/prediction_features_pipeline.py for tasks to queue
[2026-01-01T20:42:11.216+0000] {logging_mixin.py:188} INFO - [2026-01-01T20:42:11.215+0000] {dagbag.py:538} INFO - Filling up the DagBag from /opt/airflow/dags/prediction_features_pipeline.py
[2026-01-01T20:42:11.244+0000] {processor.py:840} INFO - DAG(s) 'match_features_pipeline' retrieved from /opt/airflow/dags/prediction_features_pipeline.py
[2026-01-01T20:42:11.269+0000] {logging_mixin.py:188} INFO - [2026-01-01T20:42:11.269+0000] {dag.py:3036} INFO - Sync 1 DAGs
[2026-01-01T20:42:11.294+0000] {logging_mixin.py:188} INFO - [2026-01-01T20:42:11.293+0000] {dag.py:3823} INFO - Setting next_dagrun for match_features_pipeline to 2025-12-31 00:00:00+00:00, run_after=2026-01-01 00:00:00+00:00
[2026-01-01T20:42:11.315+0000] {processor.py:183} INFO - Processing /opt/airflow/dags/prediction_features_pipeline.py took 0.106 seconds
[2026-01-01T20:42:41.616+0000] {processor.py:161} INFO - Started process (PID=19864) to work on /opt/airflow/dags/prediction_features_pipeline.py
[2026-01-01T20:42:41.617+0000] {processor.py:830} INFO - Processing file /opt/airflow/dags/prediction_features_pipeline.py for tasks to queue
[2026-01-01T20:42:41.619+0000] {logging_mixin.py:188} INFO - [2026-01-01T20:42:41.619+0000] {dagbag.py:538} INFO - Filling up the DagBag from /opt/airflow/dags/prediction_features_pipeline.py
[2026-01-01T20:42:41.641+0000] {processor.py:840} INFO - DAG(s) 'match_features_pipeline' retrieved from /opt/airflow/dags/prediction_features_pipeline.py
[2026-01-01T20:42:41.665+0000] {logging_mixin.py:188} INFO - [2026-01-01T20:42:41.665+0000] {dag.py:3036} INFO - Sync 1 DAGs
[2026-01-01T20:42:41.692+0000] {logging_mixin.py:188} INFO - [2026-01-01T20:42:41.691+0000] {dag.py:3823} INFO - Setting next_dagrun for match_features_pipeline to 2025-12-31 00:00:00+00:00, run_after=2026-01-01 00:00:00+00:00
[2026-01-01T20:42:41.712+0000] {processor.py:183} INFO - Processing /opt/airflow/dags/prediction_features_pipeline.py took 0.100 seconds
[2026-01-01T20:43:12.208+0000] {processor.py:161} INFO - Started process (PID=19884) to work on /opt/airflow/dags/prediction_features_pipeline.py
[2026-01-01T20:43:12.209+0000] {processor.py:830} INFO - Processing file /opt/airflow/dags/prediction_features_pipeline.py for tasks to queue
[2026-01-01T20:43:12.210+0000] {logging_mixin.py:188} INFO - [2026-01-01T20:43:12.210+0000] {dagbag.py:538} INFO - Filling up the DagBag from /opt/airflow/dags/prediction_features_pipeline.py
[2026-01-01T20:43:12.232+0000] {processor.py:840} INFO - DAG(s) 'match_features_pipeline' retrieved from /opt/airflow/dags/prediction_features_pipeline.py
[2026-01-01T20:43:12.257+0000] {logging_mixin.py:188} INFO - [2026-01-01T20:43:12.256+0000] {dag.py:3036} INFO - Sync 1 DAGs
[2026-01-01T20:43:12.282+0000] {logging_mixin.py:188} INFO - [2026-01-01T20:43:12.282+0000] {dag.py:3823} INFO - Setting next_dagrun for match_features_pipeline to 2025-12-31 00:00:00+00:00, run_after=2026-01-01 00:00:00+00:00
[2026-01-01T20:43:12.305+0000] {processor.py:183} INFO - Processing /opt/airflow/dags/prediction_features_pipeline.py took 0.100 seconds
[2026-01-01T20:43:42.730+0000] {processor.py:161} INFO - Started process (PID=19904) to work on /opt/airflow/dags/prediction_features_pipeline.py
[2026-01-01T20:43:42.731+0000] {processor.py:830} INFO - Processing file /opt/airflow/dags/prediction_features_pipeline.py for tasks to queue
[2026-01-01T20:43:42.732+0000] {logging_mixin.py:188} INFO - [2026-01-01T20:43:42.732+0000] {dagbag.py:538} INFO - Filling up the DagBag from /opt/airflow/dags/prediction_features_pipeline.py
[2026-01-01T20:43:42.756+0000] {processor.py:840} INFO - DAG(s) 'match_features_pipeline' retrieved from /opt/airflow/dags/prediction_features_pipeline.py
[2026-01-01T20:43:42.781+0000] {logging_mixin.py:188} INFO - [2026-01-01T20:43:42.781+0000] {dag.py:3036} INFO - Sync 1 DAGs
[2026-01-01T20:43:42.807+0000] {logging_mixin.py:188} INFO - [2026-01-01T20:43:42.807+0000] {dag.py:3823} INFO - Setting next_dagrun for match_features_pipeline to 2025-12-31 00:00:00+00:00, run_after=2026-01-01 00:00:00+00:00
[2026-01-01T20:43:42.828+0000] {processor.py:183} INFO - Processing /opt/airflow/dags/prediction_features_pipeline.py took 0.103 seconds
[2026-01-01T20:44:13.259+0000] {processor.py:161} INFO - Started process (PID=19924) to work on /opt/airflow/dags/prediction_features_pipeline.py
[2026-01-01T20:44:13.260+0000] {processor.py:830} INFO - Processing file /opt/airflow/dags/prediction_features_pipeline.py for tasks to queue
[2026-01-01T20:44:13.261+0000] {logging_mixin.py:188} INFO - [2026-01-01T20:44:13.261+0000] {dagbag.py:538} INFO - Filling up the DagBag from /opt/airflow/dags/prediction_features_pipeline.py
[2026-01-01T20:44:13.285+0000] {processor.py:840} INFO - DAG(s) 'match_features_pipeline' retrieved from /opt/airflow/dags/prediction_features_pipeline.py
[2026-01-01T20:44:13.312+0000] {logging_mixin.py:188} INFO - [2026-01-01T20:44:13.312+0000] {dag.py:3036} INFO - Sync 1 DAGs
[2026-01-01T20:44:13.340+0000] {logging_mixin.py:188} INFO - [2026-01-01T20:44:13.340+0000] {dag.py:3823} INFO - Setting next_dagrun for match_features_pipeline to 2025-12-31 00:00:00+00:00, run_after=2026-01-01 00:00:00+00:00
[2026-01-01T20:44:13.365+0000] {processor.py:183} INFO - Processing /opt/airflow/dags/prediction_features_pipeline.py took 0.109 seconds
[2026-01-01T20:44:43.673+0000] {processor.py:161} INFO - Started process (PID=19944) to work on /opt/airflow/dags/prediction_features_pipeline.py
[2026-01-01T20:44:43.674+0000] {processor.py:830} INFO - Processing file /opt/airflow/dags/prediction_features_pipeline.py for tasks to queue
[2026-01-01T20:44:43.675+0000] {logging_mixin.py:188} INFO - [2026-01-01T20:44:43.675+0000] {dagbag.py:538} INFO - Filling up the DagBag from /opt/airflow/dags/prediction_features_pipeline.py
[2026-01-01T20:44:43.697+0000] {processor.py:840} INFO - DAG(s) 'match_features_pipeline' retrieved from /opt/airflow/dags/prediction_features_pipeline.py
[2026-01-01T20:44:43.724+0000] {logging_mixin.py:188} INFO - [2026-01-01T20:44:43.724+0000] {dag.py:3036} INFO - Sync 1 DAGs
[2026-01-01T20:44:43.749+0000] {logging_mixin.py:188} INFO - [2026-01-01T20:44:43.748+0000] {dag.py:3823} INFO - Setting next_dagrun for match_features_pipeline to 2025-12-31 00:00:00+00:00, run_after=2026-01-01 00:00:00+00:00
[2026-01-01T20:44:43.770+0000] {processor.py:183} INFO - Processing /opt/airflow/dags/prediction_features_pipeline.py took 0.101 seconds
[2026-01-01T20:45:14.079+0000] {processor.py:161} INFO - Started process (PID=19964) to work on /opt/airflow/dags/prediction_features_pipeline.py
[2026-01-01T20:45:14.080+0000] {processor.py:830} INFO - Processing file /opt/airflow/dags/prediction_features_pipeline.py for tasks to queue
[2026-01-01T20:45:14.081+0000] {logging_mixin.py:188} INFO - [2026-01-01T20:45:14.081+0000] {dagbag.py:538} INFO - Filling up the DagBag from /opt/airflow/dags/prediction_features_pipeline.py
[2026-01-01T20:45:14.103+0000] {processor.py:840} INFO - DAG(s) 'match_features_pipeline' retrieved from /opt/airflow/dags/prediction_features_pipeline.py
[2026-01-01T20:45:14.130+0000] {logging_mixin.py:188} INFO - [2026-01-01T20:45:14.130+0000] {dag.py:3036} INFO - Sync 1 DAGs
[2026-01-01T20:45:14.156+0000] {logging_mixin.py:188} INFO - [2026-01-01T20:45:14.156+0000] {dag.py:3823} INFO - Setting next_dagrun for match_features_pipeline to 2025-12-31 00:00:00+00:00, run_after=2026-01-01 00:00:00+00:00
[2026-01-01T20:45:14.180+0000] {processor.py:183} INFO - Processing /opt/airflow/dags/prediction_features_pipeline.py took 0.105 seconds
[2026-01-01T20:45:44.486+0000] {processor.py:161} INFO - Started process (PID=19984) to work on /opt/airflow/dags/prediction_features_pipeline.py
[2026-01-01T20:45:44.487+0000] {processor.py:830} INFO - Processing file /opt/airflow/dags/prediction_features_pipeline.py for tasks to queue
[2026-01-01T20:45:44.488+0000] {logging_mixin.py:188} INFO - [2026-01-01T20:45:44.488+0000] {dagbag.py:538} INFO - Filling up the DagBag from /opt/airflow/dags/prediction_features_pipeline.py
[2026-01-01T20:45:44.510+0000] {processor.py:840} INFO - DAG(s) 'match_features_pipeline' retrieved from /opt/airflow/dags/prediction_features_pipeline.py
[2026-01-01T20:45:44.535+0000] {logging_mixin.py:188} INFO - [2026-01-01T20:45:44.535+0000] {dag.py:3036} INFO - Sync 1 DAGs
[2026-01-01T20:45:44.561+0000] {logging_mixin.py:188} INFO - [2026-01-01T20:45:44.561+0000] {dag.py:3823} INFO - Setting next_dagrun for match_features_pipeline to 2025-12-31 00:00:00+00:00, run_after=2026-01-01 00:00:00+00:00
[2026-01-01T20:45:44.586+0000] {processor.py:183} INFO - Processing /opt/airflow/dags/prediction_features_pipeline.py took 0.105 seconds
[2026-01-01T20:46:14.898+0000] {processor.py:161} INFO - Started process (PID=20004) to work on /opt/airflow/dags/prediction_features_pipeline.py
[2026-01-01T20:46:14.900+0000] {processor.py:830} INFO - Processing file /opt/airflow/dags/prediction_features_pipeline.py for tasks to queue
[2026-01-01T20:46:14.901+0000] {logging_mixin.py:188} INFO - [2026-01-01T20:46:14.901+0000] {dagbag.py:538} INFO - Filling up the DagBag from /opt/airflow/dags/prediction_features_pipeline.py
[2026-01-01T20:46:14.923+0000] {processor.py:840} INFO - DAG(s) 'match_features_pipeline' retrieved from /opt/airflow/dags/prediction_features_pipeline.py
[2026-01-01T20:46:14.949+0000] {logging_mixin.py:188} INFO - [2026-01-01T20:46:14.948+0000] {dag.py:3036} INFO - Sync 1 DAGs
[2026-01-01T20:46:14.976+0000] {logging_mixin.py:188} INFO - [2026-01-01T20:46:14.976+0000] {dag.py:3823} INFO - Setting next_dagrun for match_features_pipeline to 2025-12-31 00:00:00+00:00, run_after=2026-01-01 00:00:00+00:00
[2026-01-01T20:46:14.996+0000] {processor.py:183} INFO - Processing /opt/airflow/dags/prediction_features_pipeline.py took 0.101 seconds
[2026-01-01T20:46:45.409+0000] {processor.py:161} INFO - Started process (PID=20024) to work on /opt/airflow/dags/prediction_features_pipeline.py
[2026-01-01T20:46:45.411+0000] {processor.py:830} INFO - Processing file /opt/airflow/dags/prediction_features_pipeline.py for tasks to queue
[2026-01-01T20:46:45.412+0000] {logging_mixin.py:188} INFO - [2026-01-01T20:46:45.411+0000] {dagbag.py:538} INFO - Filling up the DagBag from /opt/airflow/dags/prediction_features_pipeline.py
[2026-01-01T20:46:45.435+0000] {processor.py:840} INFO - DAG(s) 'match_features_pipeline' retrieved from /opt/airflow/dags/prediction_features_pipeline.py
[2026-01-01T20:46:45.466+0000] {logging_mixin.py:188} INFO - [2026-01-01T20:46:45.466+0000] {dag.py:3036} INFO - Sync 1 DAGs
[2026-01-01T20:46:45.491+0000] {logging_mixin.py:188} INFO - [2026-01-01T20:46:45.491+0000] {dag.py:3823} INFO - Setting next_dagrun for match_features_pipeline to 2025-12-31 00:00:00+00:00, run_after=2026-01-01 00:00:00+00:00
[2026-01-01T20:46:45.516+0000] {processor.py:183} INFO - Processing /opt/airflow/dags/prediction_features_pipeline.py took 0.110 seconds
[2026-01-01T20:47:15.830+0000] {processor.py:161} INFO - Started process (PID=20044) to work on /opt/airflow/dags/prediction_features_pipeline.py
[2026-01-01T20:47:15.831+0000] {processor.py:830} INFO - Processing file /opt/airflow/dags/prediction_features_pipeline.py for tasks to queue
[2026-01-01T20:47:15.832+0000] {logging_mixin.py:188} INFO - [2026-01-01T20:47:15.832+0000] {dagbag.py:538} INFO - Filling up the DagBag from /opt/airflow/dags/prediction_features_pipeline.py
[2026-01-01T20:47:15.856+0000] {processor.py:840} INFO - DAG(s) 'match_features_pipeline' retrieved from /opt/airflow/dags/prediction_features_pipeline.py
[2026-01-01T20:47:15.881+0000] {logging_mixin.py:188} INFO - [2026-01-01T20:47:15.881+0000] {dag.py:3036} INFO - Sync 1 DAGs
[2026-01-01T20:47:15.907+0000] {logging_mixin.py:188} INFO - [2026-01-01T20:47:15.906+0000] {dag.py:3823} INFO - Setting next_dagrun for match_features_pipeline to 2025-12-31 00:00:00+00:00, run_after=2026-01-01 00:00:00+00:00
[2026-01-01T20:47:15.928+0000] {processor.py:183} INFO - Processing /opt/airflow/dags/prediction_features_pipeline.py took 0.101 seconds
[2026-01-01T20:47:46.343+0000] {processor.py:161} INFO - Started process (PID=20064) to work on /opt/airflow/dags/prediction_features_pipeline.py
[2026-01-01T20:47:46.344+0000] {processor.py:830} INFO - Processing file /opt/airflow/dags/prediction_features_pipeline.py for tasks to queue
[2026-01-01T20:47:46.345+0000] {logging_mixin.py:188} INFO - [2026-01-01T20:47:46.345+0000] {dagbag.py:538} INFO - Filling up the DagBag from /opt/airflow/dags/prediction_features_pipeline.py
[2026-01-01T20:47:46.368+0000] {processor.py:840} INFO - DAG(s) 'match_features_pipeline' retrieved from /opt/airflow/dags/prediction_features_pipeline.py
[2026-01-01T20:47:46.393+0000] {logging_mixin.py:188} INFO - [2026-01-01T20:47:46.393+0000] {dag.py:3036} INFO - Sync 1 DAGs
[2026-01-01T20:47:46.418+0000] {logging_mixin.py:188} INFO - [2026-01-01T20:47:46.418+0000] {dag.py:3823} INFO - Setting next_dagrun for match_features_pipeline to 2025-12-31 00:00:00+00:00, run_after=2026-01-01 00:00:00+00:00
[2026-01-01T20:47:46.440+0000] {processor.py:183} INFO - Processing /opt/airflow/dags/prediction_features_pipeline.py took 0.100 seconds
[2026-01-01T20:48:16.950+0000] {processor.py:161} INFO - Started process (PID=20084) to work on /opt/airflow/dags/prediction_features_pipeline.py
[2026-01-01T20:48:16.952+0000] {processor.py:830} INFO - Processing file /opt/airflow/dags/prediction_features_pipeline.py for tasks to queue
[2026-01-01T20:48:16.953+0000] {logging_mixin.py:188} INFO - [2026-01-01T20:48:16.953+0000] {dagbag.py:538} INFO - Filling up the DagBag from /opt/airflow/dags/prediction_features_pipeline.py
[2026-01-01T20:48:16.978+0000] {processor.py:840} INFO - DAG(s) 'match_features_pipeline' retrieved from /opt/airflow/dags/prediction_features_pipeline.py
[2026-01-01T20:48:17.006+0000] {logging_mixin.py:188} INFO - [2026-01-01T20:48:17.005+0000] {dag.py:3036} INFO - Sync 1 DAGs
[2026-01-01T20:48:17.033+0000] {logging_mixin.py:188} INFO - [2026-01-01T20:48:17.033+0000] {dag.py:3823} INFO - Setting next_dagrun for match_features_pipeline to 2025-12-31 00:00:00+00:00, run_after=2026-01-01 00:00:00+00:00
[2026-01-01T20:48:17.057+0000] {processor.py:183} INFO - Processing /opt/airflow/dags/prediction_features_pipeline.py took 0.111 seconds
[2026-01-01T20:48:47.501+0000] {processor.py:161} INFO - Started process (PID=20104) to work on /opt/airflow/dags/prediction_features_pipeline.py
[2026-01-01T20:48:47.502+0000] {processor.py:830} INFO - Processing file /opt/airflow/dags/prediction_features_pipeline.py for tasks to queue
[2026-01-01T20:48:47.504+0000] {logging_mixin.py:188} INFO - [2026-01-01T20:48:47.503+0000] {dagbag.py:538} INFO - Filling up the DagBag from /opt/airflow/dags/prediction_features_pipeline.py
[2026-01-01T20:48:47.530+0000] {processor.py:840} INFO - DAG(s) 'match_features_pipeline' retrieved from /opt/airflow/dags/prediction_features_pipeline.py
[2026-01-01T20:48:47.557+0000] {logging_mixin.py:188} INFO - [2026-01-01T20:48:47.557+0000] {dag.py:3036} INFO - Sync 1 DAGs
[2026-01-01T20:48:47.585+0000] {logging_mixin.py:188} INFO - [2026-01-01T20:48:47.585+0000] {dag.py:3823} INFO - Setting next_dagrun for match_features_pipeline to 2025-12-31 00:00:00+00:00, run_after=2026-01-01 00:00:00+00:00
[2026-01-01T20:48:47.607+0000] {processor.py:183} INFO - Processing /opt/airflow/dags/prediction_features_pipeline.py took 0.112 seconds
[2026-01-01T20:49:18.034+0000] {processor.py:161} INFO - Started process (PID=20124) to work on /opt/airflow/dags/prediction_features_pipeline.py
[2026-01-01T20:49:18.035+0000] {processor.py:830} INFO - Processing file /opt/airflow/dags/prediction_features_pipeline.py for tasks to queue
[2026-01-01T20:49:18.036+0000] {logging_mixin.py:188} INFO - [2026-01-01T20:49:18.036+0000] {dagbag.py:538} INFO - Filling up the DagBag from /opt/airflow/dags/prediction_features_pipeline.py
[2026-01-01T20:49:18.059+0000] {processor.py:840} INFO - DAG(s) 'match_features_pipeline' retrieved from /opt/airflow/dags/prediction_features_pipeline.py
[2026-01-01T20:49:18.084+0000] {logging_mixin.py:188} INFO - [2026-01-01T20:49:18.083+0000] {dag.py:3036} INFO - Sync 1 DAGs
[2026-01-01T20:49:18.108+0000] {logging_mixin.py:188} INFO - [2026-01-01T20:49:18.107+0000] {dag.py:3823} INFO - Setting next_dagrun for match_features_pipeline to 2025-12-31 00:00:00+00:00, run_after=2026-01-01 00:00:00+00:00
[2026-01-01T20:49:18.127+0000] {processor.py:183} INFO - Processing /opt/airflow/dags/prediction_features_pipeline.py took 0.097 seconds
[2026-01-01T20:49:48.429+0000] {processor.py:161} INFO - Started process (PID=20144) to work on /opt/airflow/dags/prediction_features_pipeline.py
[2026-01-01T20:49:48.430+0000] {processor.py:830} INFO - Processing file /opt/airflow/dags/prediction_features_pipeline.py for tasks to queue
[2026-01-01T20:49:48.431+0000] {logging_mixin.py:188} INFO - [2026-01-01T20:49:48.431+0000] {dagbag.py:538} INFO - Filling up the DagBag from /opt/airflow/dags/prediction_features_pipeline.py
[2026-01-01T20:49:48.456+0000] {processor.py:840} INFO - DAG(s) 'match_features_pipeline' retrieved from /opt/airflow/dags/prediction_features_pipeline.py
[2026-01-01T20:49:48.481+0000] {logging_mixin.py:188} INFO - [2026-01-01T20:49:48.481+0000] {dag.py:3036} INFO - Sync 1 DAGs
[2026-01-01T20:49:48.506+0000] {logging_mixin.py:188} INFO - [2026-01-01T20:49:48.505+0000] {dag.py:3823} INFO - Setting next_dagrun for match_features_pipeline to 2025-12-31 00:00:00+00:00, run_after=2026-01-01 00:00:00+00:00
[2026-01-01T20:49:48.525+0000] {processor.py:183} INFO - Processing /opt/airflow/dags/prediction_features_pipeline.py took 0.099 seconds
[2026-01-01T20:50:18.947+0000] {processor.py:161} INFO - Started process (PID=20164) to work on /opt/airflow/dags/prediction_features_pipeline.py
[2026-01-01T20:50:18.948+0000] {processor.py:830} INFO - Processing file /opt/airflow/dags/prediction_features_pipeline.py for tasks to queue
[2026-01-01T20:50:18.950+0000] {logging_mixin.py:188} INFO - [2026-01-01T20:50:18.949+0000] {dagbag.py:538} INFO - Filling up the DagBag from /opt/airflow/dags/prediction_features_pipeline.py
[2026-01-01T20:50:18.972+0000] {processor.py:840} INFO - DAG(s) 'match_features_pipeline' retrieved from /opt/airflow/dags/prediction_features_pipeline.py
[2026-01-01T20:50:18.998+0000] {logging_mixin.py:188} INFO - [2026-01-01T20:50:18.998+0000] {dag.py:3036} INFO - Sync 1 DAGs
[2026-01-01T20:50:19.024+0000] {logging_mixin.py:188} INFO - [2026-01-01T20:50:19.024+0000] {dag.py:3823} INFO - Setting next_dagrun for match_features_pipeline to 2025-12-31 00:00:00+00:00, run_after=2026-01-01 00:00:00+00:00
[2026-01-01T20:50:19.049+0000] {processor.py:183} INFO - Processing /opt/airflow/dags/prediction_features_pipeline.py took 0.106 seconds
[2026-01-01T20:50:49.352+0000] {processor.py:161} INFO - Started process (PID=20184) to work on /opt/airflow/dags/prediction_features_pipeline.py
[2026-01-01T20:50:49.353+0000] {processor.py:830} INFO - Processing file /opt/airflow/dags/prediction_features_pipeline.py for tasks to queue
[2026-01-01T20:50:49.355+0000] {logging_mixin.py:188} INFO - [2026-01-01T20:50:49.354+0000] {dagbag.py:538} INFO - Filling up the DagBag from /opt/airflow/dags/prediction_features_pipeline.py
[2026-01-01T20:50:49.379+0000] {processor.py:840} INFO - DAG(s) 'match_features_pipeline' retrieved from /opt/airflow/dags/prediction_features_pipeline.py
[2026-01-01T20:50:49.404+0000] {logging_mixin.py:188} INFO - [2026-01-01T20:50:49.403+0000] {dag.py:3036} INFO - Sync 1 DAGs
[2026-01-01T20:50:49.428+0000] {logging_mixin.py:188} INFO - [2026-01-01T20:50:49.428+0000] {dag.py:3823} INFO - Setting next_dagrun for match_features_pipeline to 2025-12-31 00:00:00+00:00, run_after=2026-01-01 00:00:00+00:00
[2026-01-01T20:50:49.452+0000] {processor.py:183} INFO - Processing /opt/airflow/dags/prediction_features_pipeline.py took 0.103 seconds
[2026-01-01T20:51:19.759+0000] {processor.py:161} INFO - Started process (PID=20204) to work on /opt/airflow/dags/prediction_features_pipeline.py
[2026-01-01T20:51:19.761+0000] {processor.py:830} INFO - Processing file /opt/airflow/dags/prediction_features_pipeline.py for tasks to queue
[2026-01-01T20:51:19.762+0000] {logging_mixin.py:188} INFO - [2026-01-01T20:51:19.761+0000] {dagbag.py:538} INFO - Filling up the DagBag from /opt/airflow/dags/prediction_features_pipeline.py
[2026-01-01T20:51:19.784+0000] {processor.py:840} INFO - DAG(s) 'match_features_pipeline' retrieved from /opt/airflow/dags/prediction_features_pipeline.py
[2026-01-01T20:51:19.809+0000] {logging_mixin.py:188} INFO - [2026-01-01T20:51:19.809+0000] {dag.py:3036} INFO - Sync 1 DAGs
[2026-01-01T20:51:19.834+0000] {logging_mixin.py:188} INFO - [2026-01-01T20:51:19.834+0000] {dag.py:3823} INFO - Setting next_dagrun for match_features_pipeline to 2025-12-31 00:00:00+00:00, run_after=2026-01-01 00:00:00+00:00
[2026-01-01T20:51:19.856+0000] {processor.py:183} INFO - Processing /opt/airflow/dags/prediction_features_pipeline.py took 0.101 seconds
[2026-01-01T20:51:50.158+0000] {processor.py:161} INFO - Started process (PID=20224) to work on /opt/airflow/dags/prediction_features_pipeline.py
[2026-01-01T20:51:50.160+0000] {processor.py:830} INFO - Processing file /opt/airflow/dags/prediction_features_pipeline.py for tasks to queue
[2026-01-01T20:51:50.161+0000] {logging_mixin.py:188} INFO - [2026-01-01T20:51:50.160+0000] {dagbag.py:538} INFO - Filling up the DagBag from /opt/airflow/dags/prediction_features_pipeline.py
[2026-01-01T20:51:50.183+0000] {processor.py:840} INFO - DAG(s) 'match_features_pipeline' retrieved from /opt/airflow/dags/prediction_features_pipeline.py
[2026-01-01T20:51:50.209+0000] {logging_mixin.py:188} INFO - [2026-01-01T20:51:50.209+0000] {dag.py:3036} INFO - Sync 1 DAGs
[2026-01-01T20:51:50.236+0000] {logging_mixin.py:188} INFO - [2026-01-01T20:51:50.236+0000] {dag.py:3823} INFO - Setting next_dagrun for match_features_pipeline to 2025-12-31 00:00:00+00:00, run_after=2026-01-01 00:00:00+00:00
[2026-01-01T20:51:50.256+0000] {processor.py:183} INFO - Processing /opt/airflow/dags/prediction_features_pipeline.py took 0.101 seconds
[2026-01-01T20:52:20.581+0000] {processor.py:161} INFO - Started process (PID=20244) to work on /opt/airflow/dags/prediction_features_pipeline.py
[2026-01-01T20:52:20.582+0000] {processor.py:830} INFO - Processing file /opt/airflow/dags/prediction_features_pipeline.py for tasks to queue
[2026-01-01T20:52:20.583+0000] {logging_mixin.py:188} INFO - [2026-01-01T20:52:20.583+0000] {dagbag.py:538} INFO - Filling up the DagBag from /opt/airflow/dags/prediction_features_pipeline.py
[2026-01-01T20:52:20.605+0000] {processor.py:840} INFO - DAG(s) 'match_features_pipeline' retrieved from /opt/airflow/dags/prediction_features_pipeline.py
[2026-01-01T20:52:20.631+0000] {logging_mixin.py:188} INFO - [2026-01-01T20:52:20.630+0000] {dag.py:3036} INFO - Sync 1 DAGs
[2026-01-01T20:52:20.656+0000] {logging_mixin.py:188} INFO - [2026-01-01T20:52:20.656+0000] {dag.py:3823} INFO - Setting next_dagrun for match_features_pipeline to 2025-12-31 00:00:00+00:00, run_after=2026-01-01 00:00:00+00:00
[2026-01-01T20:52:20.676+0000] {processor.py:183} INFO - Processing /opt/airflow/dags/prediction_features_pipeline.py took 0.098 seconds
[2026-01-01T20:52:50.981+0000] {processor.py:161} INFO - Started process (PID=20264) to work on /opt/airflow/dags/prediction_features_pipeline.py
[2026-01-01T20:52:50.983+0000] {processor.py:830} INFO - Processing file /opt/airflow/dags/prediction_features_pipeline.py for tasks to queue
[2026-01-01T20:52:50.984+0000] {logging_mixin.py:188} INFO - [2026-01-01T20:52:50.984+0000] {dagbag.py:538} INFO - Filling up the DagBag from /opt/airflow/dags/prediction_features_pipeline.py
[2026-01-01T20:52:51.006+0000] {processor.py:840} INFO - DAG(s) 'match_features_pipeline' retrieved from /opt/airflow/dags/prediction_features_pipeline.py
[2026-01-01T20:52:51.031+0000] {logging_mixin.py:188} INFO - [2026-01-01T20:52:51.031+0000] {dag.py:3036} INFO - Sync 1 DAGs
[2026-01-01T20:52:51.055+0000] {logging_mixin.py:188} INFO - [2026-01-01T20:52:51.054+0000] {dag.py:3823} INFO - Setting next_dagrun for match_features_pipeline to 2025-12-31 00:00:00+00:00, run_after=2026-01-01 00:00:00+00:00
[2026-01-01T20:52:51.073+0000] {processor.py:183} INFO - Processing /opt/airflow/dags/prediction_features_pipeline.py took 0.096 seconds
[2026-01-01T20:53:21.567+0000] {processor.py:161} INFO - Started process (PID=20284) to work on /opt/airflow/dags/prediction_features_pipeline.py
[2026-01-01T20:53:21.568+0000] {processor.py:830} INFO - Processing file /opt/airflow/dags/prediction_features_pipeline.py for tasks to queue
[2026-01-01T20:53:21.569+0000] {logging_mixin.py:188} INFO - [2026-01-01T20:53:21.569+0000] {dagbag.py:538} INFO - Filling up the DagBag from /opt/airflow/dags/prediction_features_pipeline.py
[2026-01-01T20:53:21.589+0000] {processor.py:840} INFO - DAG(s) 'match_features_pipeline' retrieved from /opt/airflow/dags/prediction_features_pipeline.py
[2026-01-01T20:53:21.614+0000] {logging_mixin.py:188} INFO - [2026-01-01T20:53:21.613+0000] {dag.py:3036} INFO - Sync 1 DAGs
[2026-01-01T20:53:21.637+0000] {logging_mixin.py:188} INFO - [2026-01-01T20:53:21.637+0000] {dag.py:3823} INFO - Setting next_dagrun for match_features_pipeline to 2025-12-31 00:00:00+00:00, run_after=2026-01-01 00:00:00+00:00
[2026-01-01T20:53:21.658+0000] {processor.py:183} INFO - Processing /opt/airflow/dags/prediction_features_pipeline.py took 0.094 seconds
[2026-01-01T20:53:51.984+0000] {processor.py:161} INFO - Started process (PID=20304) to work on /opt/airflow/dags/prediction_features_pipeline.py
[2026-01-01T20:53:51.985+0000] {processor.py:830} INFO - Processing file /opt/airflow/dags/prediction_features_pipeline.py for tasks to queue
[2026-01-01T20:53:51.986+0000] {logging_mixin.py:188} INFO - [2026-01-01T20:53:51.986+0000] {dagbag.py:538} INFO - Filling up the DagBag from /opt/airflow/dags/prediction_features_pipeline.py
[2026-01-01T20:53:52.007+0000] {processor.py:840} INFO - DAG(s) 'match_features_pipeline' retrieved from /opt/airflow/dags/prediction_features_pipeline.py
[2026-01-01T20:53:52.032+0000] {logging_mixin.py:188} INFO - [2026-01-01T20:53:52.032+0000] {dag.py:3036} INFO - Sync 1 DAGs
[2026-01-01T20:53:52.056+0000] {logging_mixin.py:188} INFO - [2026-01-01T20:53:52.056+0000] {dag.py:3823} INFO - Setting next_dagrun for match_features_pipeline to 2025-12-31 00:00:00+00:00, run_after=2026-01-01 00:00:00+00:00
[2026-01-01T20:53:52.078+0000] {processor.py:183} INFO - Processing /opt/airflow/dags/prediction_features_pipeline.py took 0.097 seconds
[2026-01-01T20:54:22.380+0000] {processor.py:161} INFO - Started process (PID=20324) to work on /opt/airflow/dags/prediction_features_pipeline.py
[2026-01-01T20:54:22.381+0000] {processor.py:830} INFO - Processing file /opt/airflow/dags/prediction_features_pipeline.py for tasks to queue
[2026-01-01T20:54:22.382+0000] {logging_mixin.py:188} INFO - [2026-01-01T20:54:22.382+0000] {dagbag.py:538} INFO - Filling up the DagBag from /opt/airflow/dags/prediction_features_pipeline.py
[2026-01-01T20:54:22.402+0000] {processor.py:840} INFO - DAG(s) 'match_features_pipeline' retrieved from /opt/airflow/dags/prediction_features_pipeline.py
[2026-01-01T20:54:22.426+0000] {logging_mixin.py:188} INFO - [2026-01-01T20:54:22.426+0000] {dag.py:3036} INFO - Sync 1 DAGs
[2026-01-01T20:54:22.454+0000] {logging_mixin.py:188} INFO - [2026-01-01T20:54:22.453+0000] {dag.py:3823} INFO - Setting next_dagrun for match_features_pipeline to 2025-12-31 00:00:00+00:00, run_after=2026-01-01 00:00:00+00:00
[2026-01-01T20:54:22.475+0000] {processor.py:183} INFO - Processing /opt/airflow/dags/prediction_features_pipeline.py took 0.099 seconds
[2026-01-01T20:54:52.782+0000] {processor.py:161} INFO - Started process (PID=20344) to work on /opt/airflow/dags/prediction_features_pipeline.py
[2026-01-01T20:54:52.783+0000] {processor.py:830} INFO - Processing file /opt/airflow/dags/prediction_features_pipeline.py for tasks to queue
[2026-01-01T20:54:52.784+0000] {logging_mixin.py:188} INFO - [2026-01-01T20:54:52.784+0000] {dagbag.py:538} INFO - Filling up the DagBag from /opt/airflow/dags/prediction_features_pipeline.py
[2026-01-01T20:54:52.806+0000] {processor.py:840} INFO - DAG(s) 'match_features_pipeline' retrieved from /opt/airflow/dags/prediction_features_pipeline.py
[2026-01-01T20:54:52.831+0000] {logging_mixin.py:188} INFO - [2026-01-01T20:54:52.831+0000] {dag.py:3036} INFO - Sync 1 DAGs
[2026-01-01T20:54:52.854+0000] {logging_mixin.py:188} INFO - [2026-01-01T20:54:52.854+0000] {dag.py:3823} INFO - Setting next_dagrun for match_features_pipeline to 2025-12-31 00:00:00+00:00, run_after=2026-01-01 00:00:00+00:00
[2026-01-01T20:54:52.874+0000] {processor.py:183} INFO - Processing /opt/airflow/dags/prediction_features_pipeline.py took 0.095 seconds
[2026-01-01T20:55:23.190+0000] {processor.py:161} INFO - Started process (PID=20364) to work on /opt/airflow/dags/prediction_features_pipeline.py
[2026-01-01T20:55:23.191+0000] {processor.py:830} INFO - Processing file /opt/airflow/dags/prediction_features_pipeline.py for tasks to queue
[2026-01-01T20:55:23.192+0000] {logging_mixin.py:188} INFO - [2026-01-01T20:55:23.192+0000] {dagbag.py:538} INFO - Filling up the DagBag from /opt/airflow/dags/prediction_features_pipeline.py
[2026-01-01T20:55:23.220+0000] {processor.py:840} INFO - DAG(s) 'match_features_pipeline' retrieved from /opt/airflow/dags/prediction_features_pipeline.py
[2026-01-01T20:55:23.250+0000] {logging_mixin.py:188} INFO - [2026-01-01T20:55:23.250+0000] {dag.py:3036} INFO - Sync 1 DAGs
[2026-01-01T20:55:23.284+0000] {logging_mixin.py:188} INFO - [2026-01-01T20:55:23.283+0000] {dag.py:3823} INFO - Setting next_dagrun for match_features_pipeline to 2025-12-31 00:00:00+00:00, run_after=2026-01-01 00:00:00+00:00
[2026-01-01T20:55:23.307+0000] {processor.py:183} INFO - Processing /opt/airflow/dags/prediction_features_pipeline.py took 0.120 seconds
[2026-01-01T20:55:53.717+0000] {processor.py:161} INFO - Started process (PID=20384) to work on /opt/airflow/dags/prediction_features_pipeline.py
[2026-01-01T20:55:53.718+0000] {processor.py:830} INFO - Processing file /opt/airflow/dags/prediction_features_pipeline.py for tasks to queue
[2026-01-01T20:55:53.719+0000] {logging_mixin.py:188} INFO - [2026-01-01T20:55:53.719+0000] {dagbag.py:538} INFO - Filling up the DagBag from /opt/airflow/dags/prediction_features_pipeline.py
[2026-01-01T20:55:53.740+0000] {processor.py:840} INFO - DAG(s) 'match_features_pipeline' retrieved from /opt/airflow/dags/prediction_features_pipeline.py
[2026-01-01T20:55:53.764+0000] {logging_mixin.py:188} INFO - [2026-01-01T20:55:53.764+0000] {dag.py:3036} INFO - Sync 1 DAGs
[2026-01-01T20:55:53.787+0000] {logging_mixin.py:188} INFO - [2026-01-01T20:55:53.787+0000] {dag.py:3823} INFO - Setting next_dagrun for match_features_pipeline to 2025-12-31 00:00:00+00:00, run_after=2026-01-01 00:00:00+00:00
[2026-01-01T20:55:53.811+0000] {processor.py:183} INFO - Processing /opt/airflow/dags/prediction_features_pipeline.py took 0.096 seconds
[2026-01-01T20:56:24.121+0000] {processor.py:161} INFO - Started process (PID=20404) to work on /opt/airflow/dags/prediction_features_pipeline.py
[2026-01-01T20:56:24.122+0000] {processor.py:830} INFO - Processing file /opt/airflow/dags/prediction_features_pipeline.py for tasks to queue
[2026-01-01T20:56:24.123+0000] {logging_mixin.py:188} INFO - [2026-01-01T20:56:24.123+0000] {dagbag.py:538} INFO - Filling up the DagBag from /opt/airflow/dags/prediction_features_pipeline.py
[2026-01-01T20:56:24.144+0000] {processor.py:840} INFO - DAG(s) 'match_features_pipeline' retrieved from /opt/airflow/dags/prediction_features_pipeline.py
[2026-01-01T20:56:24.167+0000] {logging_mixin.py:188} INFO - [2026-01-01T20:56:24.167+0000] {dag.py:3036} INFO - Sync 1 DAGs
[2026-01-01T20:56:24.191+0000] {logging_mixin.py:188} INFO - [2026-01-01T20:56:24.191+0000] {dag.py:3823} INFO - Setting next_dagrun for match_features_pipeline to 2025-12-31 00:00:00+00:00, run_after=2026-01-01 00:00:00+00:00
[2026-01-01T20:56:24.212+0000] {processor.py:183} INFO - Processing /opt/airflow/dags/prediction_features_pipeline.py took 0.094 seconds
[2026-01-01T20:56:54.529+0000] {processor.py:161} INFO - Started process (PID=20424) to work on /opt/airflow/dags/prediction_features_pipeline.py
[2026-01-01T20:56:54.530+0000] {processor.py:830} INFO - Processing file /opt/airflow/dags/prediction_features_pipeline.py for tasks to queue
[2026-01-01T20:56:54.532+0000] {logging_mixin.py:188} INFO - [2026-01-01T20:56:54.532+0000] {dagbag.py:538} INFO - Filling up the DagBag from /opt/airflow/dags/prediction_features_pipeline.py
[2026-01-01T20:56:54.554+0000] {processor.py:840} INFO - DAG(s) 'match_features_pipeline' retrieved from /opt/airflow/dags/prediction_features_pipeline.py
[2026-01-01T20:56:54.579+0000] {logging_mixin.py:188} INFO - [2026-01-01T20:56:54.579+0000] {dag.py:3036} INFO - Sync 1 DAGs
[2026-01-01T20:56:54.604+0000] {logging_mixin.py:188} INFO - [2026-01-01T20:56:54.604+0000] {dag.py:3823} INFO - Setting next_dagrun for match_features_pipeline to 2025-12-31 00:00:00+00:00, run_after=2026-01-01 00:00:00+00:00
[2026-01-01T20:56:54.625+0000] {processor.py:183} INFO - Processing /opt/airflow/dags/prediction_features_pipeline.py took 0.101 seconds
[2026-01-01T20:57:24.930+0000] {processor.py:161} INFO - Started process (PID=20444) to work on /opt/airflow/dags/prediction_features_pipeline.py
[2026-01-01T20:57:24.931+0000] {processor.py:830} INFO - Processing file /opt/airflow/dags/prediction_features_pipeline.py for tasks to queue
[2026-01-01T20:57:24.933+0000] {logging_mixin.py:188} INFO - [2026-01-01T20:57:24.932+0000] {dagbag.py:538} INFO - Filling up the DagBag from /opt/airflow/dags/prediction_features_pipeline.py
[2026-01-01T20:57:24.954+0000] {processor.py:840} INFO - DAG(s) 'match_features_pipeline' retrieved from /opt/airflow/dags/prediction_features_pipeline.py
[2026-01-01T20:57:24.978+0000] {logging_mixin.py:188} INFO - [2026-01-01T20:57:24.978+0000] {dag.py:3036} INFO - Sync 1 DAGs
[2026-01-01T20:57:25.003+0000] {logging_mixin.py:188} INFO - [2026-01-01T20:57:25.003+0000] {dag.py:3823} INFO - Setting next_dagrun for match_features_pipeline to 2025-12-31 00:00:00+00:00, run_after=2026-01-01 00:00:00+00:00
[2026-01-01T20:57:25.025+0000] {processor.py:183} INFO - Processing /opt/airflow/dags/prediction_features_pipeline.py took 0.099 seconds
[2026-01-01T20:57:55.329+0000] {processor.py:161} INFO - Started process (PID=20464) to work on /opt/airflow/dags/prediction_features_pipeline.py
[2026-01-01T20:57:55.330+0000] {processor.py:830} INFO - Processing file /opt/airflow/dags/prediction_features_pipeline.py for tasks to queue
[2026-01-01T20:57:55.331+0000] {logging_mixin.py:188} INFO - [2026-01-01T20:57:55.331+0000] {dagbag.py:538} INFO - Filling up the DagBag from /opt/airflow/dags/prediction_features_pipeline.py
[2026-01-01T20:57:55.353+0000] {processor.py:840} INFO - DAG(s) 'match_features_pipeline' retrieved from /opt/airflow/dags/prediction_features_pipeline.py
[2026-01-01T20:57:55.377+0000] {logging_mixin.py:188} INFO - [2026-01-01T20:57:55.377+0000] {dag.py:3036} INFO - Sync 1 DAGs
[2026-01-01T20:57:55.401+0000] {logging_mixin.py:188} INFO - [2026-01-01T20:57:55.401+0000] {dag.py:3823} INFO - Setting next_dagrun for match_features_pipeline to 2025-12-31 00:00:00+00:00, run_after=2026-01-01 00:00:00+00:00
[2026-01-01T20:57:55.421+0000] {processor.py:183} INFO - Processing /opt/airflow/dags/prediction_features_pipeline.py took 0.094 seconds
[2026-01-01T20:58:25.900+0000] {processor.py:161} INFO - Started process (PID=20484) to work on /opt/airflow/dags/prediction_features_pipeline.py
[2026-01-01T20:58:25.901+0000] {processor.py:830} INFO - Processing file /opt/airflow/dags/prediction_features_pipeline.py for tasks to queue
[2026-01-01T20:58:25.902+0000] {logging_mixin.py:188} INFO - [2026-01-01T20:58:25.901+0000] {dagbag.py:538} INFO - Filling up the DagBag from /opt/airflow/dags/prediction_features_pipeline.py
[2026-01-01T20:58:25.923+0000] {processor.py:840} INFO - DAG(s) 'match_features_pipeline' retrieved from /opt/airflow/dags/prediction_features_pipeline.py
[2026-01-01T20:58:25.947+0000] {logging_mixin.py:188} INFO - [2026-01-01T20:58:25.946+0000] {dag.py:3036} INFO - Sync 1 DAGs
[2026-01-01T20:58:25.970+0000] {logging_mixin.py:188} INFO - [2026-01-01T20:58:25.970+0000] {dag.py:3823} INFO - Setting next_dagrun for match_features_pipeline to 2025-12-31 00:00:00+00:00, run_after=2026-01-01 00:00:00+00:00
[2026-01-01T20:58:25.990+0000] {processor.py:183} INFO - Processing /opt/airflow/dags/prediction_features_pipeline.py took 0.093 seconds
[2026-01-01T20:58:56.311+0000] {processor.py:161} INFO - Started process (PID=20504) to work on /opt/airflow/dags/prediction_features_pipeline.py
[2026-01-01T20:58:56.313+0000] {processor.py:830} INFO - Processing file /opt/airflow/dags/prediction_features_pipeline.py for tasks to queue
[2026-01-01T20:58:56.314+0000] {logging_mixin.py:188} INFO - [2026-01-01T20:58:56.313+0000] {dagbag.py:538} INFO - Filling up the DagBag from /opt/airflow/dags/prediction_features_pipeline.py
[2026-01-01T20:58:56.336+0000] {processor.py:840} INFO - DAG(s) 'match_features_pipeline' retrieved from /opt/airflow/dags/prediction_features_pipeline.py
[2026-01-01T20:58:56.361+0000] {logging_mixin.py:188} INFO - [2026-01-01T20:58:56.361+0000] {dag.py:3036} INFO - Sync 1 DAGs
[2026-01-01T20:58:56.390+0000] {logging_mixin.py:188} INFO - [2026-01-01T20:58:56.389+0000] {dag.py:3823} INFO - Setting next_dagrun for match_features_pipeline to 2025-12-31 00:00:00+00:00, run_after=2026-01-01 00:00:00+00:00
[2026-01-01T20:58:56.410+0000] {processor.py:183} INFO - Processing /opt/airflow/dags/prediction_features_pipeline.py took 0.101 seconds
[2026-01-01T20:59:26.826+0000] {processor.py:161} INFO - Started process (PID=20524) to work on /opt/airflow/dags/prediction_features_pipeline.py
[2026-01-01T20:59:26.828+0000] {processor.py:830} INFO - Processing file /opt/airflow/dags/prediction_features_pipeline.py for tasks to queue
[2026-01-01T20:59:26.829+0000] {logging_mixin.py:188} INFO - [2026-01-01T20:59:26.829+0000] {dagbag.py:538} INFO - Filling up the DagBag from /opt/airflow/dags/prediction_features_pipeline.py
[2026-01-01T20:59:26.851+0000] {processor.py:840} INFO - DAG(s) 'match_features_pipeline' retrieved from /opt/airflow/dags/prediction_features_pipeline.py
[2026-01-01T20:59:26.876+0000] {logging_mixin.py:188} INFO - [2026-01-01T20:59:26.876+0000] {dag.py:3036} INFO - Sync 1 DAGs
[2026-01-01T20:59:26.903+0000] {logging_mixin.py:188} INFO - [2026-01-01T20:59:26.903+0000] {dag.py:3823} INFO - Setting next_dagrun for match_features_pipeline to 2025-12-31 00:00:00+00:00, run_after=2026-01-01 00:00:00+00:00
[2026-01-01T20:59:26.923+0000] {processor.py:183} INFO - Processing /opt/airflow/dags/prediction_features_pipeline.py took 0.100 seconds
[2026-01-01T20:59:57.224+0000] {processor.py:161} INFO - Started process (PID=20544) to work on /opt/airflow/dags/prediction_features_pipeline.py
[2026-01-01T20:59:57.225+0000] {processor.py:830} INFO - Processing file /opt/airflow/dags/prediction_features_pipeline.py for tasks to queue
[2026-01-01T20:59:57.226+0000] {logging_mixin.py:188} INFO - [2026-01-01T20:59:57.226+0000] {dagbag.py:538} INFO - Filling up the DagBag from /opt/airflow/dags/prediction_features_pipeline.py
[2026-01-01T20:59:57.247+0000] {processor.py:840} INFO - DAG(s) 'match_features_pipeline' retrieved from /opt/airflow/dags/prediction_features_pipeline.py
[2026-01-01T20:59:57.272+0000] {logging_mixin.py:188} INFO - [2026-01-01T20:59:57.272+0000] {dag.py:3036} INFO - Sync 1 DAGs
[2026-01-01T20:59:57.297+0000] {logging_mixin.py:188} INFO - [2026-01-01T20:59:57.297+0000] {dag.py:3823} INFO - Setting next_dagrun for match_features_pipeline to 2025-12-31 00:00:00+00:00, run_after=2026-01-01 00:00:00+00:00
[2026-01-01T20:59:57.322+0000] {processor.py:183} INFO - Processing /opt/airflow/dags/prediction_features_pipeline.py took 0.101 seconds
[2026-01-01T21:00:27.640+0000] {processor.py:161} INFO - Started process (PID=20564) to work on /opt/airflow/dags/prediction_features_pipeline.py
[2026-01-01T21:00:27.641+0000] {processor.py:830} INFO - Processing file /opt/airflow/dags/prediction_features_pipeline.py for tasks to queue
[2026-01-01T21:00:27.642+0000] {logging_mixin.py:188} INFO - [2026-01-01T21:00:27.641+0000] {dagbag.py:538} INFO - Filling up the DagBag from /opt/airflow/dags/prediction_features_pipeline.py
[2026-01-01T21:00:27.663+0000] {processor.py:840} INFO - DAG(s) 'match_features_pipeline' retrieved from /opt/airflow/dags/prediction_features_pipeline.py
[2026-01-01T21:00:27.689+0000] {logging_mixin.py:188} INFO - [2026-01-01T21:00:27.688+0000] {dag.py:3036} INFO - Sync 1 DAGs
[2026-01-01T21:00:27.714+0000] {logging_mixin.py:188} INFO - [2026-01-01T21:00:27.714+0000] {dag.py:3823} INFO - Setting next_dagrun for match_features_pipeline to 2025-12-31 00:00:00+00:00, run_after=2026-01-01 00:00:00+00:00
[2026-01-01T21:00:27.733+0000] {processor.py:183} INFO - Processing /opt/airflow/dags/prediction_features_pipeline.py took 0.097 seconds
[2026-01-01T21:00:58.153+0000] {processor.py:161} INFO - Started process (PID=20584) to work on /opt/airflow/dags/prediction_features_pipeline.py
[2026-01-01T21:00:58.154+0000] {processor.py:830} INFO - Processing file /opt/airflow/dags/prediction_features_pipeline.py for tasks to queue
[2026-01-01T21:00:58.155+0000] {logging_mixin.py:188} INFO - [2026-01-01T21:00:58.155+0000] {dagbag.py:538} INFO - Filling up the DagBag from /opt/airflow/dags/prediction_features_pipeline.py
[2026-01-01T21:00:58.179+0000] {processor.py:840} INFO - DAG(s) 'match_features_pipeline' retrieved from /opt/airflow/dags/prediction_features_pipeline.py
[2026-01-01T21:00:58.204+0000] {logging_mixin.py:188} INFO - [2026-01-01T21:00:58.203+0000] {dag.py:3036} INFO - Sync 1 DAGs
[2026-01-01T21:00:58.232+0000] {logging_mixin.py:188} INFO - [2026-01-01T21:00:58.232+0000] {dag.py:3823} INFO - Setting next_dagrun for match_features_pipeline to 2025-12-31 00:00:00+00:00, run_after=2026-01-01 00:00:00+00:00
[2026-01-01T21:00:58.261+0000] {processor.py:183} INFO - Processing /opt/airflow/dags/prediction_features_pipeline.py took 0.113 seconds
[2026-01-01T21:01:28.554+0000] {processor.py:161} INFO - Started process (PID=20604) to work on /opt/airflow/dags/prediction_features_pipeline.py
[2026-01-01T21:01:28.555+0000] {processor.py:830} INFO - Processing file /opt/airflow/dags/prediction_features_pipeline.py for tasks to queue
[2026-01-01T21:01:28.556+0000] {logging_mixin.py:188} INFO - [2026-01-01T21:01:28.555+0000] {dagbag.py:538} INFO - Filling up the DagBag from /opt/airflow/dags/prediction_features_pipeline.py
[2026-01-01T21:01:28.579+0000] {processor.py:840} INFO - DAG(s) 'match_features_pipeline' retrieved from /opt/airflow/dags/prediction_features_pipeline.py
[2026-01-01T21:01:28.606+0000] {logging_mixin.py:188} INFO - [2026-01-01T21:01:28.606+0000] {dag.py:3036} INFO - Sync 1 DAGs
[2026-01-01T21:01:28.631+0000] {logging_mixin.py:188} INFO - [2026-01-01T21:01:28.631+0000] {dag.py:3823} INFO - Setting next_dagrun for match_features_pipeline to 2025-12-31 00:00:00+00:00, run_after=2026-01-01 00:00:00+00:00
[2026-01-01T21:01:28.654+0000] {processor.py:183} INFO - Processing /opt/airflow/dags/prediction_features_pipeline.py took 0.104 seconds
[2026-01-01T21:01:58.961+0000] {processor.py:161} INFO - Started process (PID=20624) to work on /opt/airflow/dags/prediction_features_pipeline.py
[2026-01-01T21:01:58.963+0000] {processor.py:830} INFO - Processing file /opt/airflow/dags/prediction_features_pipeline.py for tasks to queue
[2026-01-01T21:01:58.964+0000] {logging_mixin.py:188} INFO - [2026-01-01T21:01:58.964+0000] {dagbag.py:538} INFO - Filling up the DagBag from /opt/airflow/dags/prediction_features_pipeline.py
[2026-01-01T21:01:58.985+0000] {processor.py:840} INFO - DAG(s) 'match_features_pipeline' retrieved from /opt/airflow/dags/prediction_features_pipeline.py
[2026-01-01T21:01:59.008+0000] {logging_mixin.py:188} INFO - [2026-01-01T21:01:59.008+0000] {dag.py:3036} INFO - Sync 1 DAGs
[2026-01-01T21:01:59.031+0000] {logging_mixin.py:188} INFO - [2026-01-01T21:01:59.031+0000] {dag.py:3823} INFO - Setting next_dagrun for match_features_pipeline to 2025-12-31 00:00:00+00:00, run_after=2026-01-01 00:00:00+00:00
[2026-01-01T21:01:59.056+0000] {processor.py:183} INFO - Processing /opt/airflow/dags/prediction_features_pipeline.py took 0.099 seconds
[2026-01-01T21:02:29.394+0000] {processor.py:161} INFO - Started process (PID=20644) to work on /opt/airflow/dags/prediction_features_pipeline.py
[2026-01-01T21:02:29.396+0000] {processor.py:830} INFO - Processing file /opt/airflow/dags/prediction_features_pipeline.py for tasks to queue
[2026-01-01T21:02:29.397+0000] {logging_mixin.py:188} INFO - [2026-01-01T21:02:29.397+0000] {dagbag.py:538} INFO - Filling up the DagBag from /opt/airflow/dags/prediction_features_pipeline.py
[2026-01-01T21:02:29.430+0000] {processor.py:840} INFO - DAG(s) 'match_features_pipeline' retrieved from /opt/airflow/dags/prediction_features_pipeline.py
[2026-01-01T21:02:29.459+0000] {logging_mixin.py:188} INFO - [2026-01-01T21:02:29.459+0000] {dag.py:3036} INFO - Sync 1 DAGs
[2026-01-01T21:02:29.493+0000] {logging_mixin.py:188} INFO - [2026-01-01T21:02:29.492+0000] {dag.py:3823} INFO - Setting next_dagrun for match_features_pipeline to 2025-12-31 00:00:00+00:00, run_after=2026-01-01 00:00:00+00:00
[2026-01-01T21:02:29.518+0000] {processor.py:183} INFO - Processing /opt/airflow/dags/prediction_features_pipeline.py took 0.129 seconds
[2026-01-01T21:02:59.989+0000] {processor.py:161} INFO - Started process (PID=20664) to work on /opt/airflow/dags/prediction_features_pipeline.py
[2026-01-01T21:02:59.991+0000] {processor.py:830} INFO - Processing file /opt/airflow/dags/prediction_features_pipeline.py for tasks to queue
[2026-01-01T21:02:59.993+0000] {logging_mixin.py:188} INFO - [2026-01-01T21:02:59.993+0000] {dagbag.py:538} INFO - Filling up the DagBag from /opt/airflow/dags/prediction_features_pipeline.py
[2026-01-01T21:03:00.018+0000] {processor.py:840} INFO - DAG(s) 'match_features_pipeline' retrieved from /opt/airflow/dags/prediction_features_pipeline.py
[2026-01-01T21:03:00.047+0000] {logging_mixin.py:188} INFO - [2026-01-01T21:03:00.047+0000] {dag.py:3036} INFO - Sync 1 DAGs
[2026-01-01T21:03:00.076+0000] {logging_mixin.py:188} INFO - [2026-01-01T21:03:00.076+0000] {dag.py:3823} INFO - Setting next_dagrun for match_features_pipeline to 2025-12-31 00:00:00+00:00, run_after=2026-01-01 00:00:00+00:00
[2026-01-01T21:03:00.096+0000] {processor.py:183} INFO - Processing /opt/airflow/dags/prediction_features_pipeline.py took 0.113 seconds
[2026-01-01T21:03:30.637+0000] {processor.py:161} INFO - Started process (PID=20684) to work on /opt/airflow/dags/prediction_features_pipeline.py
[2026-01-01T21:03:30.638+0000] {processor.py:830} INFO - Processing file /opt/airflow/dags/prediction_features_pipeline.py for tasks to queue
[2026-01-01T21:03:30.640+0000] {logging_mixin.py:188} INFO - [2026-01-01T21:03:30.639+0000] {dagbag.py:538} INFO - Filling up the DagBag from /opt/airflow/dags/prediction_features_pipeline.py
[2026-01-01T21:03:30.666+0000] {processor.py:840} INFO - DAG(s) 'match_features_pipeline' retrieved from /opt/airflow/dags/prediction_features_pipeline.py
[2026-01-01T21:03:30.697+0000] {logging_mixin.py:188} INFO - [2026-01-01T21:03:30.697+0000] {dag.py:3036} INFO - Sync 1 DAGs
[2026-01-01T21:03:30.728+0000] {logging_mixin.py:188} INFO - [2026-01-01T21:03:30.728+0000] {dag.py:3823} INFO - Setting next_dagrun for match_features_pipeline to 2025-12-31 00:00:00+00:00, run_after=2026-01-01 00:00:00+00:00
[2026-01-01T21:03:30.752+0000] {processor.py:183} INFO - Processing /opt/airflow/dags/prediction_features_pipeline.py took 0.120 seconds
[2026-01-01T21:04:01.205+0000] {processor.py:161} INFO - Started process (PID=20704) to work on /opt/airflow/dags/prediction_features_pipeline.py
[2026-01-01T21:04:01.207+0000] {processor.py:830} INFO - Processing file /opt/airflow/dags/prediction_features_pipeline.py for tasks to queue
[2026-01-01T21:04:01.208+0000] {logging_mixin.py:188} INFO - [2026-01-01T21:04:01.208+0000] {dagbag.py:538} INFO - Filling up the DagBag from /opt/airflow/dags/prediction_features_pipeline.py
[2026-01-01T21:04:01.234+0000] {processor.py:840} INFO - DAG(s) 'match_features_pipeline' retrieved from /opt/airflow/dags/prediction_features_pipeline.py
[2026-01-01T21:04:01.261+0000] {logging_mixin.py:188} INFO - [2026-01-01T21:04:01.261+0000] {dag.py:3036} INFO - Sync 1 DAGs
[2026-01-01T21:04:01.289+0000] {logging_mixin.py:188} INFO - [2026-01-01T21:04:01.289+0000] {dag.py:3823} INFO - Setting next_dagrun for match_features_pipeline to 2025-12-31 00:00:00+00:00, run_after=2026-01-01 00:00:00+00:00
[2026-01-01T21:04:01.311+0000] {processor.py:183} INFO - Processing /opt/airflow/dags/prediction_features_pipeline.py took 0.111 seconds
[2026-01-01T21:04:31.656+0000] {processor.py:161} INFO - Started process (PID=20724) to work on /opt/airflow/dags/prediction_features_pipeline.py
[2026-01-01T21:04:31.657+0000] {processor.py:830} INFO - Processing file /opt/airflow/dags/prediction_features_pipeline.py for tasks to queue
[2026-01-01T21:04:31.658+0000] {logging_mixin.py:188} INFO - [2026-01-01T21:04:31.658+0000] {dagbag.py:538} INFO - Filling up the DagBag from /opt/airflow/dags/prediction_features_pipeline.py
[2026-01-01T21:04:31.682+0000] {processor.py:840} INFO - DAG(s) 'match_features_pipeline' retrieved from /opt/airflow/dags/prediction_features_pipeline.py
[2026-01-01T21:04:31.712+0000] {logging_mixin.py:188} INFO - [2026-01-01T21:04:31.711+0000] {dag.py:3036} INFO - Sync 1 DAGs
[2026-01-01T21:04:31.738+0000] {logging_mixin.py:188} INFO - [2026-01-01T21:04:31.738+0000] {dag.py:3823} INFO - Setting next_dagrun for match_features_pipeline to 2025-12-31 00:00:00+00:00, run_after=2026-01-01 00:00:00+00:00
[2026-01-01T21:04:31.764+0000] {processor.py:183} INFO - Processing /opt/airflow/dags/prediction_features_pipeline.py took 0.112 seconds
[2026-01-01T21:05:02.086+0000] {processor.py:161} INFO - Started process (PID=20744) to work on /opt/airflow/dags/prediction_features_pipeline.py
[2026-01-01T21:05:02.088+0000] {processor.py:830} INFO - Processing file /opt/airflow/dags/prediction_features_pipeline.py for tasks to queue
[2026-01-01T21:05:02.089+0000] {logging_mixin.py:188} INFO - [2026-01-01T21:05:02.089+0000] {dagbag.py:538} INFO - Filling up the DagBag from /opt/airflow/dags/prediction_features_pipeline.py
[2026-01-01T21:05:02.111+0000] {processor.py:840} INFO - DAG(s) 'match_features_pipeline' retrieved from /opt/airflow/dags/prediction_features_pipeline.py
[2026-01-01T21:05:02.135+0000] {logging_mixin.py:188} INFO - [2026-01-01T21:05:02.135+0000] {dag.py:3036} INFO - Sync 1 DAGs
[2026-01-01T21:05:02.160+0000] {logging_mixin.py:188} INFO - [2026-01-01T21:05:02.160+0000] {dag.py:3823} INFO - Setting next_dagrun for match_features_pipeline to 2025-12-31 00:00:00+00:00, run_after=2026-01-01 00:00:00+00:00
[2026-01-01T21:05:02.180+0000] {processor.py:183} INFO - Processing /opt/airflow/dags/prediction_features_pipeline.py took 0.098 seconds
[2026-01-01T21:05:32.498+0000] {processor.py:161} INFO - Started process (PID=20764) to work on /opt/airflow/dags/prediction_features_pipeline.py
[2026-01-01T21:05:32.499+0000] {processor.py:830} INFO - Processing file /opt/airflow/dags/prediction_features_pipeline.py for tasks to queue
[2026-01-01T21:05:32.500+0000] {logging_mixin.py:188} INFO - [2026-01-01T21:05:32.500+0000] {dagbag.py:538} INFO - Filling up the DagBag from /opt/airflow/dags/prediction_features_pipeline.py
[2026-01-01T21:05:32.522+0000] {processor.py:840} INFO - DAG(s) 'match_features_pipeline' retrieved from /opt/airflow/dags/prediction_features_pipeline.py
[2026-01-01T21:05:32.548+0000] {logging_mixin.py:188} INFO - [2026-01-01T21:05:32.548+0000] {dag.py:3036} INFO - Sync 1 DAGs
[2026-01-01T21:05:32.574+0000] {logging_mixin.py:188} INFO - [2026-01-01T21:05:32.574+0000] {dag.py:3823} INFO - Setting next_dagrun for match_features_pipeline to 2025-12-31 00:00:00+00:00, run_after=2026-01-01 00:00:00+00:00
[2026-01-01T21:05:32.595+0000] {processor.py:183} INFO - Processing /opt/airflow/dags/prediction_features_pipeline.py took 0.101 seconds
[2026-01-01T21:06:03.025+0000] {processor.py:161} INFO - Started process (PID=20784) to work on /opt/airflow/dags/prediction_features_pipeline.py
[2026-01-01T21:06:03.026+0000] {processor.py:830} INFO - Processing file /opt/airflow/dags/prediction_features_pipeline.py for tasks to queue
[2026-01-01T21:06:03.027+0000] {logging_mixin.py:188} INFO - [2026-01-01T21:06:03.027+0000] {dagbag.py:538} INFO - Filling up the DagBag from /opt/airflow/dags/prediction_features_pipeline.py
[2026-01-01T21:06:03.049+0000] {processor.py:840} INFO - DAG(s) 'match_features_pipeline' retrieved from /opt/airflow/dags/prediction_features_pipeline.py
[2026-01-01T21:06:03.079+0000] {logging_mixin.py:188} INFO - [2026-01-01T21:06:03.079+0000] {dag.py:3036} INFO - Sync 1 DAGs
[2026-01-01T21:06:03.106+0000] {logging_mixin.py:188} INFO - [2026-01-01T21:06:03.106+0000] {dag.py:3823} INFO - Setting next_dagrun for match_features_pipeline to 2025-12-31 00:00:00+00:00, run_after=2026-01-01 00:00:00+00:00
[2026-01-01T21:06:03.129+0000] {processor.py:183} INFO - Processing /opt/airflow/dags/prediction_features_pipeline.py took 0.107 seconds
[2026-01-01T21:06:33.557+0000] {processor.py:161} INFO - Started process (PID=20804) to work on /opt/airflow/dags/prediction_features_pipeline.py
[2026-01-01T21:06:33.558+0000] {processor.py:830} INFO - Processing file /opt/airflow/dags/prediction_features_pipeline.py for tasks to queue
[2026-01-01T21:06:33.559+0000] {logging_mixin.py:188} INFO - [2026-01-01T21:06:33.559+0000] {dagbag.py:538} INFO - Filling up the DagBag from /opt/airflow/dags/prediction_features_pipeline.py
[2026-01-01T21:06:33.582+0000] {processor.py:840} INFO - DAG(s) 'match_features_pipeline' retrieved from /opt/airflow/dags/prediction_features_pipeline.py
[2026-01-01T21:06:33.608+0000] {logging_mixin.py:188} INFO - [2026-01-01T21:06:33.608+0000] {dag.py:3036} INFO - Sync 1 DAGs
[2026-01-01T21:06:33.634+0000] {logging_mixin.py:188} INFO - [2026-01-01T21:06:33.634+0000] {dag.py:3823} INFO - Setting next_dagrun for match_features_pipeline to 2025-12-31 00:00:00+00:00, run_after=2026-01-01 00:00:00+00:00
[2026-01-01T21:06:33.654+0000] {processor.py:183} INFO - Processing /opt/airflow/dags/prediction_features_pipeline.py took 0.102 seconds
[2026-01-01T21:07:04.081+0000] {processor.py:161} INFO - Started process (PID=20824) to work on /opt/airflow/dags/prediction_features_pipeline.py
[2026-01-01T21:07:04.083+0000] {processor.py:830} INFO - Processing file /opt/airflow/dags/prediction_features_pipeline.py for tasks to queue
[2026-01-01T21:07:04.084+0000] {logging_mixin.py:188} INFO - [2026-01-01T21:07:04.084+0000] {dagbag.py:538} INFO - Filling up the DagBag from /opt/airflow/dags/prediction_features_pipeline.py
[2026-01-01T21:07:04.107+0000] {processor.py:840} INFO - DAG(s) 'match_features_pipeline' retrieved from /opt/airflow/dags/prediction_features_pipeline.py
[2026-01-01T21:07:04.131+0000] {logging_mixin.py:188} INFO - [2026-01-01T21:07:04.131+0000] {dag.py:3036} INFO - Sync 1 DAGs
[2026-01-01T21:07:04.157+0000] {logging_mixin.py:188} INFO - [2026-01-01T21:07:04.157+0000] {dag.py:3823} INFO - Setting next_dagrun for match_features_pipeline to 2025-12-31 00:00:00+00:00, run_after=2026-01-01 00:00:00+00:00
[2026-01-01T21:07:04.177+0000] {processor.py:183} INFO - Processing /opt/airflow/dags/prediction_features_pipeline.py took 0.100 seconds
[2026-01-01T21:07:34.609+0000] {processor.py:161} INFO - Started process (PID=20844) to work on /opt/airflow/dags/prediction_features_pipeline.py
[2026-01-01T21:07:34.611+0000] {processor.py:830} INFO - Processing file /opt/airflow/dags/prediction_features_pipeline.py for tasks to queue
[2026-01-01T21:07:34.612+0000] {logging_mixin.py:188} INFO - [2026-01-01T21:07:34.611+0000] {dagbag.py:538} INFO - Filling up the DagBag from /opt/airflow/dags/prediction_features_pipeline.py
[2026-01-01T21:07:34.635+0000] {processor.py:840} INFO - DAG(s) 'match_features_pipeline' retrieved from /opt/airflow/dags/prediction_features_pipeline.py
[2026-01-01T21:07:34.660+0000] {logging_mixin.py:188} INFO - [2026-01-01T21:07:34.659+0000] {dag.py:3036} INFO - Sync 1 DAGs
[2026-01-01T21:07:34.685+0000] {logging_mixin.py:188} INFO - [2026-01-01T21:07:34.684+0000] {dag.py:3823} INFO - Setting next_dagrun for match_features_pipeline to 2025-12-31 00:00:00+00:00, run_after=2026-01-01 00:00:00+00:00
[2026-01-01T21:07:34.705+0000] {processor.py:183} INFO - Processing /opt/airflow/dags/prediction_features_pipeline.py took 0.100 seconds
[2026-01-01T21:08:05.193+0000] {processor.py:161} INFO - Started process (PID=20864) to work on /opt/airflow/dags/prediction_features_pipeline.py
[2026-01-01T21:08:05.194+0000] {processor.py:830} INFO - Processing file /opt/airflow/dags/prediction_features_pipeline.py for tasks to queue
[2026-01-01T21:08:05.195+0000] {logging_mixin.py:188} INFO - [2026-01-01T21:08:05.195+0000] {dagbag.py:538} INFO - Filling up the DagBag from /opt/airflow/dags/prediction_features_pipeline.py
[2026-01-01T21:08:05.219+0000] {processor.py:840} INFO - DAG(s) 'match_features_pipeline' retrieved from /opt/airflow/dags/prediction_features_pipeline.py
[2026-01-01T21:08:05.245+0000] {logging_mixin.py:188} INFO - [2026-01-01T21:08:05.244+0000] {dag.py:3036} INFO - Sync 1 DAGs
[2026-01-01T21:08:05.271+0000] {logging_mixin.py:188} INFO - [2026-01-01T21:08:05.270+0000] {dag.py:3823} INFO - Setting next_dagrun for match_features_pipeline to 2025-12-31 00:00:00+00:00, run_after=2026-01-01 00:00:00+00:00
[2026-01-01T21:08:05.292+0000] {processor.py:183} INFO - Processing /opt/airflow/dags/prediction_features_pipeline.py took 0.102 seconds
[2026-01-01T21:08:35.604+0000] {processor.py:161} INFO - Started process (PID=20884) to work on /opt/airflow/dags/prediction_features_pipeline.py
[2026-01-01T21:08:35.606+0000] {processor.py:830} INFO - Processing file /opt/airflow/dags/prediction_features_pipeline.py for tasks to queue
[2026-01-01T21:08:35.608+0000] {logging_mixin.py:188} INFO - [2026-01-01T21:08:35.607+0000] {dagbag.py:538} INFO - Filling up the DagBag from /opt/airflow/dags/prediction_features_pipeline.py
[2026-01-01T21:08:35.632+0000] {processor.py:840} INFO - DAG(s) 'match_features_pipeline' retrieved from /opt/airflow/dags/prediction_features_pipeline.py
[2026-01-01T21:08:35.661+0000] {logging_mixin.py:188} INFO - [2026-01-01T21:08:35.661+0000] {dag.py:3036} INFO - Sync 1 DAGs
[2026-01-01T21:08:35.689+0000] {logging_mixin.py:188} INFO - [2026-01-01T21:08:35.689+0000] {dag.py:3823} INFO - Setting next_dagrun for match_features_pipeline to 2025-12-31 00:00:00+00:00, run_after=2026-01-01 00:00:00+00:00
[2026-01-01T21:08:35.718+0000] {processor.py:183} INFO - Processing /opt/airflow/dags/prediction_features_pipeline.py took 0.118 seconds
[2026-01-01T21:09:06.026+0000] {processor.py:161} INFO - Started process (PID=20904) to work on /opt/airflow/dags/prediction_features_pipeline.py
[2026-01-01T21:09:06.028+0000] {processor.py:830} INFO - Processing file /opt/airflow/dags/prediction_features_pipeline.py for tasks to queue
[2026-01-01T21:09:06.029+0000] {logging_mixin.py:188} INFO - [2026-01-01T21:09:06.029+0000] {dagbag.py:538} INFO - Filling up the DagBag from /opt/airflow/dags/prediction_features_pipeline.py
[2026-01-01T21:09:06.051+0000] {processor.py:840} INFO - DAG(s) 'match_features_pipeline' retrieved from /opt/airflow/dags/prediction_features_pipeline.py
[2026-01-01T21:09:06.076+0000] {logging_mixin.py:188} INFO - [2026-01-01T21:09:06.075+0000] {dag.py:3036} INFO - Sync 1 DAGs
[2026-01-01T21:09:06.102+0000] {logging_mixin.py:188} INFO - [2026-01-01T21:09:06.101+0000] {dag.py:3823} INFO - Setting next_dagrun for match_features_pipeline to 2025-12-31 00:00:00+00:00, run_after=2026-01-01 00:00:00+00:00
[2026-01-01T21:09:06.126+0000] {processor.py:183} INFO - Processing /opt/airflow/dags/prediction_features_pipeline.py took 0.103 seconds
[2026-01-01T21:09:36.573+0000] {processor.py:161} INFO - Started process (PID=20924) to work on /opt/airflow/dags/prediction_features_pipeline.py
[2026-01-01T21:09:36.575+0000] {processor.py:830} INFO - Processing file /opt/airflow/dags/prediction_features_pipeline.py for tasks to queue
[2026-01-01T21:09:36.576+0000] {logging_mixin.py:188} INFO - [2026-01-01T21:09:36.575+0000] {dagbag.py:538} INFO - Filling up the DagBag from /opt/airflow/dags/prediction_features_pipeline.py
[2026-01-01T21:09:36.598+0000] {processor.py:840} INFO - DAG(s) 'match_features_pipeline' retrieved from /opt/airflow/dags/prediction_features_pipeline.py
[2026-01-01T21:09:36.622+0000] {logging_mixin.py:188} INFO - [2026-01-01T21:09:36.621+0000] {dag.py:3036} INFO - Sync 1 DAGs
[2026-01-01T21:09:36.645+0000] {logging_mixin.py:188} INFO - [2026-01-01T21:09:36.645+0000] {dag.py:3823} INFO - Setting next_dagrun for match_features_pipeline to 2025-12-31 00:00:00+00:00, run_after=2026-01-01 00:00:00+00:00
[2026-01-01T21:09:36.665+0000] {processor.py:183} INFO - Processing /opt/airflow/dags/prediction_features_pipeline.py took 0.096 seconds
[2026-01-01T21:10:07.111+0000] {processor.py:161} INFO - Started process (PID=20944) to work on /opt/airflow/dags/prediction_features_pipeline.py
[2026-01-01T21:10:07.113+0000] {processor.py:830} INFO - Processing file /opt/airflow/dags/prediction_features_pipeline.py for tasks to queue
[2026-01-01T21:10:07.114+0000] {logging_mixin.py:188} INFO - [2026-01-01T21:10:07.113+0000] {dagbag.py:538} INFO - Filling up the DagBag from /opt/airflow/dags/prediction_features_pipeline.py
[2026-01-01T21:10:07.135+0000] {processor.py:840} INFO - DAG(s) 'match_features_pipeline' retrieved from /opt/airflow/dags/prediction_features_pipeline.py
[2026-01-01T21:10:07.159+0000] {logging_mixin.py:188} INFO - [2026-01-01T21:10:07.159+0000] {dag.py:3036} INFO - Sync 1 DAGs
[2026-01-01T21:10:07.184+0000] {logging_mixin.py:188} INFO - [2026-01-01T21:10:07.184+0000] {dag.py:3823} INFO - Setting next_dagrun for match_features_pipeline to 2025-12-31 00:00:00+00:00, run_after=2026-01-01 00:00:00+00:00
[2026-01-01T21:10:07.202+0000] {processor.py:183} INFO - Processing /opt/airflow/dags/prediction_features_pipeline.py took 0.097 seconds
[2026-01-01T21:10:37.536+0000] {processor.py:161} INFO - Started process (PID=20964) to work on /opt/airflow/dags/prediction_features_pipeline.py
[2026-01-01T21:10:37.538+0000] {processor.py:830} INFO - Processing file /opt/airflow/dags/prediction_features_pipeline.py for tasks to queue
[2026-01-01T21:10:37.539+0000] {logging_mixin.py:188} INFO - [2026-01-01T21:10:37.538+0000] {dagbag.py:538} INFO - Filling up the DagBag from /opt/airflow/dags/prediction_features_pipeline.py
[2026-01-01T21:10:37.560+0000] {processor.py:840} INFO - DAG(s) 'match_features_pipeline' retrieved from /opt/airflow/dags/prediction_features_pipeline.py
[2026-01-01T21:10:37.584+0000] {logging_mixin.py:188} INFO - [2026-01-01T21:10:37.584+0000] {dag.py:3036} INFO - Sync 1 DAGs
[2026-01-01T21:10:37.608+0000] {logging_mixin.py:188} INFO - [2026-01-01T21:10:37.608+0000] {dag.py:3823} INFO - Setting next_dagrun for match_features_pipeline to 2025-12-31 00:00:00+00:00, run_after=2026-01-01 00:00:00+00:00
[2026-01-01T21:10:37.626+0000] {processor.py:183} INFO - Processing /opt/airflow/dags/prediction_features_pipeline.py took 0.093 seconds
[2026-01-01T21:11:07.967+0000] {processor.py:161} INFO - Started process (PID=20984) to work on /opt/airflow/dags/prediction_features_pipeline.py
[2026-01-01T21:11:07.968+0000] {processor.py:830} INFO - Processing file /opt/airflow/dags/prediction_features_pipeline.py for tasks to queue
[2026-01-01T21:11:07.969+0000] {logging_mixin.py:188} INFO - [2026-01-01T21:11:07.969+0000] {dagbag.py:538} INFO - Filling up the DagBag from /opt/airflow/dags/prediction_features_pipeline.py
[2026-01-01T21:11:07.990+0000] {processor.py:840} INFO - DAG(s) 'match_features_pipeline' retrieved from /opt/airflow/dags/prediction_features_pipeline.py
[2026-01-01T21:11:08.014+0000] {logging_mixin.py:188} INFO - [2026-01-01T21:11:08.013+0000] {dag.py:3036} INFO - Sync 1 DAGs
[2026-01-01T21:11:08.041+0000] {logging_mixin.py:188} INFO - [2026-01-01T21:11:08.041+0000] {dag.py:3823} INFO - Setting next_dagrun for match_features_pipeline to 2025-12-31 00:00:00+00:00, run_after=2026-01-01 00:00:00+00:00
[2026-01-01T21:11:08.062+0000] {processor.py:183} INFO - Processing /opt/airflow/dags/prediction_features_pipeline.py took 0.098 seconds
[2026-01-01T21:11:38.381+0000] {processor.py:161} INFO - Started process (PID=21004) to work on /opt/airflow/dags/prediction_features_pipeline.py
[2026-01-01T21:11:38.382+0000] {processor.py:830} INFO - Processing file /opt/airflow/dags/prediction_features_pipeline.py for tasks to queue
[2026-01-01T21:11:38.383+0000] {logging_mixin.py:188} INFO - [2026-01-01T21:11:38.383+0000] {dagbag.py:538} INFO - Filling up the DagBag from /opt/airflow/dags/prediction_features_pipeline.py
[2026-01-01T21:11:38.404+0000] {processor.py:840} INFO - DAG(s) 'match_features_pipeline' retrieved from /opt/airflow/dags/prediction_features_pipeline.py
[2026-01-01T21:11:38.429+0000] {logging_mixin.py:188} INFO - [2026-01-01T21:11:38.428+0000] {dag.py:3036} INFO - Sync 1 DAGs
[2026-01-01T21:11:38.453+0000] {logging_mixin.py:188} INFO - [2026-01-01T21:11:38.453+0000] {dag.py:3823} INFO - Setting next_dagrun for match_features_pipeline to 2025-12-31 00:00:00+00:00, run_after=2026-01-01 00:00:00+00:00
[2026-01-01T21:11:38.473+0000] {processor.py:183} INFO - Processing /opt/airflow/dags/prediction_features_pipeline.py took 0.094 seconds
[2026-01-01T21:12:08.913+0000] {processor.py:161} INFO - Started process (PID=21024) to work on /opt/airflow/dags/prediction_features_pipeline.py
[2026-01-01T21:12:08.914+0000] {processor.py:830} INFO - Processing file /opt/airflow/dags/prediction_features_pipeline.py for tasks to queue
[2026-01-01T21:12:08.915+0000] {logging_mixin.py:188} INFO - [2026-01-01T21:12:08.914+0000] {dagbag.py:538} INFO - Filling up the DagBag from /opt/airflow/dags/prediction_features_pipeline.py
[2026-01-01T21:12:08.935+0000] {processor.py:840} INFO - DAG(s) 'match_features_pipeline' retrieved from /opt/airflow/dags/prediction_features_pipeline.py
[2026-01-01T21:12:08.961+0000] {logging_mixin.py:188} INFO - [2026-01-01T21:12:08.960+0000] {dag.py:3036} INFO - Sync 1 DAGs
[2026-01-01T21:12:08.984+0000] {logging_mixin.py:188} INFO - [2026-01-01T21:12:08.984+0000] {dag.py:3823} INFO - Setting next_dagrun for match_features_pipeline to 2025-12-31 00:00:00+00:00, run_after=2026-01-01 00:00:00+00:00
[2026-01-01T21:12:09.008+0000] {processor.py:183} INFO - Processing /opt/airflow/dags/prediction_features_pipeline.py took 0.098 seconds
[2026-01-01T21:12:39.334+0000] {processor.py:161} INFO - Started process (PID=21044) to work on /opt/airflow/dags/prediction_features_pipeline.py
[2026-01-01T21:12:39.335+0000] {processor.py:830} INFO - Processing file /opt/airflow/dags/prediction_features_pipeline.py for tasks to queue
[2026-01-01T21:12:39.336+0000] {logging_mixin.py:188} INFO - [2026-01-01T21:12:39.336+0000] {dagbag.py:538} INFO - Filling up the DagBag from /opt/airflow/dags/prediction_features_pipeline.py
[2026-01-01T21:12:39.358+0000] {processor.py:840} INFO - DAG(s) 'match_features_pipeline' retrieved from /opt/airflow/dags/prediction_features_pipeline.py
[2026-01-01T21:12:39.381+0000] {logging_mixin.py:188} INFO - [2026-01-01T21:12:39.381+0000] {dag.py:3036} INFO - Sync 1 DAGs
[2026-01-01T21:12:39.406+0000] {logging_mixin.py:188} INFO - [2026-01-01T21:12:39.405+0000] {dag.py:3823} INFO - Setting next_dagrun for match_features_pipeline to 2025-12-31 00:00:00+00:00, run_after=2026-01-01 00:00:00+00:00
[2026-01-01T21:12:39.430+0000] {processor.py:183} INFO - Processing /opt/airflow/dags/prediction_features_pipeline.py took 0.099 seconds
[2026-01-01T21:13:09.809+0000] {processor.py:161} INFO - Started process (PID=21064) to work on /opt/airflow/dags/prediction_features_pipeline.py
[2026-01-01T21:13:09.810+0000] {processor.py:830} INFO - Processing file /opt/airflow/dags/prediction_features_pipeline.py for tasks to queue
[2026-01-01T21:13:09.811+0000] {logging_mixin.py:188} INFO - [2026-01-01T21:13:09.811+0000] {dagbag.py:538} INFO - Filling up the DagBag from /opt/airflow/dags/prediction_features_pipeline.py
[2026-01-01T21:13:09.833+0000] {processor.py:840} INFO - DAG(s) 'match_features_pipeline' retrieved from /opt/airflow/dags/prediction_features_pipeline.py
[2026-01-01T21:13:09.859+0000] {logging_mixin.py:188} INFO - [2026-01-01T21:13:09.859+0000] {dag.py:3036} INFO - Sync 1 DAGs
[2026-01-01T21:13:09.888+0000] {logging_mixin.py:188} INFO - [2026-01-01T21:13:09.888+0000] {dag.py:3823} INFO - Setting next_dagrun for match_features_pipeline to 2025-12-31 00:00:00+00:00, run_after=2026-01-01 00:00:00+00:00
[2026-01-01T21:13:09.911+0000] {processor.py:183} INFO - Processing /opt/airflow/dags/prediction_features_pipeline.py took 0.105 seconds
[2026-01-01T21:13:40.242+0000] {processor.py:161} INFO - Started process (PID=21084) to work on /opt/airflow/dags/prediction_features_pipeline.py
[2026-01-01T21:13:40.243+0000] {processor.py:830} INFO - Processing file /opt/airflow/dags/prediction_features_pipeline.py for tasks to queue
[2026-01-01T21:13:40.244+0000] {logging_mixin.py:188} INFO - [2026-01-01T21:13:40.244+0000] {dagbag.py:538} INFO - Filling up the DagBag from /opt/airflow/dags/prediction_features_pipeline.py
[2026-01-01T21:13:40.266+0000] {processor.py:840} INFO - DAG(s) 'match_features_pipeline' retrieved from /opt/airflow/dags/prediction_features_pipeline.py
[2026-01-01T21:13:40.294+0000] {logging_mixin.py:188} INFO - [2026-01-01T21:13:40.294+0000] {dag.py:3036} INFO - Sync 1 DAGs
[2026-01-01T21:13:40.321+0000] {logging_mixin.py:188} INFO - [2026-01-01T21:13:40.321+0000] {dag.py:3823} INFO - Setting next_dagrun for match_features_pipeline to 2025-12-31 00:00:00+00:00, run_after=2026-01-01 00:00:00+00:00
[2026-01-01T21:13:40.340+0000] {processor.py:183} INFO - Processing /opt/airflow/dags/prediction_features_pipeline.py took 0.101 seconds
[2026-01-01T21:14:10.783+0000] {processor.py:161} INFO - Started process (PID=21104) to work on /opt/airflow/dags/prediction_features_pipeline.py
[2026-01-01T21:14:10.784+0000] {processor.py:830} INFO - Processing file /opt/airflow/dags/prediction_features_pipeline.py for tasks to queue
[2026-01-01T21:14:10.785+0000] {logging_mixin.py:188} INFO - [2026-01-01T21:14:10.785+0000] {dagbag.py:538} INFO - Filling up the DagBag from /opt/airflow/dags/prediction_features_pipeline.py
[2026-01-01T21:14:10.809+0000] {processor.py:840} INFO - DAG(s) 'match_features_pipeline' retrieved from /opt/airflow/dags/prediction_features_pipeline.py
[2026-01-01T21:14:10.835+0000] {logging_mixin.py:188} INFO - [2026-01-01T21:14:10.835+0000] {dag.py:3036} INFO - Sync 1 DAGs
[2026-01-01T21:14:10.860+0000] {logging_mixin.py:188} INFO - [2026-01-01T21:14:10.860+0000] {dag.py:3823} INFO - Setting next_dagrun for match_features_pipeline to 2025-12-31 00:00:00+00:00, run_after=2026-01-01 00:00:00+00:00
[2026-01-01T21:14:10.882+0000] {processor.py:183} INFO - Processing /opt/airflow/dags/prediction_features_pipeline.py took 0.102 seconds
[2026-01-01T21:14:41.227+0000] {processor.py:161} INFO - Started process (PID=21124) to work on /opt/airflow/dags/prediction_features_pipeline.py
[2026-01-01T21:14:41.228+0000] {processor.py:830} INFO - Processing file /opt/airflow/dags/prediction_features_pipeline.py for tasks to queue
[2026-01-01T21:14:41.229+0000] {logging_mixin.py:188} INFO - [2026-01-01T21:14:41.229+0000] {dagbag.py:538} INFO - Filling up the DagBag from /opt/airflow/dags/prediction_features_pipeline.py
[2026-01-01T21:14:41.252+0000] {processor.py:840} INFO - DAG(s) 'match_features_pipeline' retrieved from /opt/airflow/dags/prediction_features_pipeline.py
[2026-01-01T21:14:41.276+0000] {logging_mixin.py:188} INFO - [2026-01-01T21:14:41.276+0000] {dag.py:3036} INFO - Sync 1 DAGs
[2026-01-01T21:14:41.300+0000] {logging_mixin.py:188} INFO - [2026-01-01T21:14:41.300+0000] {dag.py:3823} INFO - Setting next_dagrun for match_features_pipeline to 2025-12-31 00:00:00+00:00, run_after=2026-01-01 00:00:00+00:00
[2026-01-01T21:14:41.325+0000] {processor.py:183} INFO - Processing /opt/airflow/dags/prediction_features_pipeline.py took 0.101 seconds
[2026-01-01T21:15:11.649+0000] {processor.py:161} INFO - Started process (PID=21144) to work on /opt/airflow/dags/prediction_features_pipeline.py
[2026-01-01T21:15:11.650+0000] {processor.py:830} INFO - Processing file /opt/airflow/dags/prediction_features_pipeline.py for tasks to queue
[2026-01-01T21:15:11.651+0000] {logging_mixin.py:188} INFO - [2026-01-01T21:15:11.651+0000] {dagbag.py:538} INFO - Filling up the DagBag from /opt/airflow/dags/prediction_features_pipeline.py
[2026-01-01T21:15:11.673+0000] {processor.py:840} INFO - DAG(s) 'match_features_pipeline' retrieved from /opt/airflow/dags/prediction_features_pipeline.py
[2026-01-01T21:15:11.697+0000] {logging_mixin.py:188} INFO - [2026-01-01T21:15:11.697+0000] {dag.py:3036} INFO - Sync 1 DAGs
[2026-01-01T21:15:11.721+0000] {logging_mixin.py:188} INFO - [2026-01-01T21:15:11.721+0000] {dag.py:3823} INFO - Setting next_dagrun for match_features_pipeline to 2025-12-31 00:00:00+00:00, run_after=2026-01-01 00:00:00+00:00
[2026-01-01T21:15:11.745+0000] {processor.py:183} INFO - Processing /opt/airflow/dags/prediction_features_pipeline.py took 0.099 seconds
[2026-01-01T21:15:42.073+0000] {processor.py:161} INFO - Started process (PID=21164) to work on /opt/airflow/dags/prediction_features_pipeline.py
[2026-01-01T21:15:42.074+0000] {processor.py:830} INFO - Processing file /opt/airflow/dags/prediction_features_pipeline.py for tasks to queue
[2026-01-01T21:15:42.075+0000] {logging_mixin.py:188} INFO - [2026-01-01T21:15:42.075+0000] {dagbag.py:538} INFO - Filling up the DagBag from /opt/airflow/dags/prediction_features_pipeline.py
[2026-01-01T21:15:42.096+0000] {processor.py:840} INFO - DAG(s) 'match_features_pipeline' retrieved from /opt/airflow/dags/prediction_features_pipeline.py
[2026-01-01T21:15:42.120+0000] {logging_mixin.py:188} INFO - [2026-01-01T21:15:42.120+0000] {dag.py:3036} INFO - Sync 1 DAGs
[2026-01-01T21:15:42.144+0000] {logging_mixin.py:188} INFO - [2026-01-01T21:15:42.144+0000] {dag.py:3823} INFO - Setting next_dagrun for match_features_pipeline to 2025-12-31 00:00:00+00:00, run_after=2026-01-01 00:00:00+00:00
[2026-01-01T21:15:42.169+0000] {processor.py:183} INFO - Processing /opt/airflow/dags/prediction_features_pipeline.py took 0.101 seconds
[2026-01-01T21:16:12.500+0000] {processor.py:161} INFO - Started process (PID=21184) to work on /opt/airflow/dags/prediction_features_pipeline.py
[2026-01-01T21:16:12.502+0000] {processor.py:830} INFO - Processing file /opt/airflow/dags/prediction_features_pipeline.py for tasks to queue
[2026-01-01T21:16:12.503+0000] {logging_mixin.py:188} INFO - [2026-01-01T21:16:12.502+0000] {dagbag.py:538} INFO - Filling up the DagBag from /opt/airflow/dags/prediction_features_pipeline.py
[2026-01-01T21:16:12.525+0000] {processor.py:840} INFO - DAG(s) 'match_features_pipeline' retrieved from /opt/airflow/dags/prediction_features_pipeline.py
[2026-01-01T21:16:12.551+0000] {logging_mixin.py:188} INFO - [2026-01-01T21:16:12.551+0000] {dag.py:3036} INFO - Sync 1 DAGs
[2026-01-01T21:16:12.578+0000] {logging_mixin.py:188} INFO - [2026-01-01T21:16:12.577+0000] {dag.py:3823} INFO - Setting next_dagrun for match_features_pipeline to 2025-12-31 00:00:00+00:00, run_after=2026-01-01 00:00:00+00:00
[2026-01-01T21:16:12.601+0000] {processor.py:183} INFO - Processing /opt/airflow/dags/prediction_features_pipeline.py took 0.104 seconds
[2026-01-01T21:16:43.043+0000] {processor.py:161} INFO - Started process (PID=21204) to work on /opt/airflow/dags/prediction_features_pipeline.py
[2026-01-01T21:16:43.045+0000] {processor.py:830} INFO - Processing file /opt/airflow/dags/prediction_features_pipeline.py for tasks to queue
[2026-01-01T21:16:43.046+0000] {logging_mixin.py:188} INFO - [2026-01-01T21:16:43.046+0000] {dagbag.py:538} INFO - Filling up the DagBag from /opt/airflow/dags/prediction_features_pipeline.py
[2026-01-01T21:16:43.071+0000] {processor.py:840} INFO - DAG(s) 'match_features_pipeline' retrieved from /opt/airflow/dags/prediction_features_pipeline.py
[2026-01-01T21:16:43.096+0000] {logging_mixin.py:188} INFO - [2026-01-01T21:16:43.096+0000] {dag.py:3036} INFO - Sync 1 DAGs
[2026-01-01T21:16:43.122+0000] {logging_mixin.py:188} INFO - [2026-01-01T21:16:43.122+0000] {dag.py:3823} INFO - Setting next_dagrun for match_features_pipeline to 2025-12-31 00:00:00+00:00, run_after=2026-01-01 00:00:00+00:00
[2026-01-01T21:16:43.142+0000] {processor.py:183} INFO - Processing /opt/airflow/dags/prediction_features_pipeline.py took 0.103 seconds
[2026-01-01T21:17:13.464+0000] {processor.py:161} INFO - Started process (PID=21224) to work on /opt/airflow/dags/prediction_features_pipeline.py
[2026-01-01T21:17:13.466+0000] {processor.py:830} INFO - Processing file /opt/airflow/dags/prediction_features_pipeline.py for tasks to queue
[2026-01-01T21:17:13.467+0000] {logging_mixin.py:188} INFO - [2026-01-01T21:17:13.467+0000] {dagbag.py:538} INFO - Filling up the DagBag from /opt/airflow/dags/prediction_features_pipeline.py
[2026-01-01T21:17:13.488+0000] {processor.py:840} INFO - DAG(s) 'match_features_pipeline' retrieved from /opt/airflow/dags/prediction_features_pipeline.py
[2026-01-01T21:17:13.514+0000] {logging_mixin.py:188} INFO - [2026-01-01T21:17:13.514+0000] {dag.py:3036} INFO - Sync 1 DAGs
[2026-01-01T21:17:13.542+0000] {logging_mixin.py:188} INFO - [2026-01-01T21:17:13.541+0000] {dag.py:3823} INFO - Setting next_dagrun for match_features_pipeline to 2025-12-31 00:00:00+00:00, run_after=2026-01-01 00:00:00+00:00
[2026-01-01T21:17:13.567+0000] {processor.py:183} INFO - Processing /opt/airflow/dags/prediction_features_pipeline.py took 0.107 seconds
[2026-01-01T21:17:43.877+0000] {processor.py:161} INFO - Started process (PID=21244) to work on /opt/airflow/dags/prediction_features_pipeline.py
[2026-01-01T21:17:43.878+0000] {processor.py:830} INFO - Processing file /opt/airflow/dags/prediction_features_pipeline.py for tasks to queue
[2026-01-01T21:17:43.879+0000] {logging_mixin.py:188} INFO - [2026-01-01T21:17:43.879+0000] {dagbag.py:538} INFO - Filling up the DagBag from /opt/airflow/dags/prediction_features_pipeline.py
[2026-01-01T21:17:43.901+0000] {processor.py:840} INFO - DAG(s) 'match_features_pipeline' retrieved from /opt/airflow/dags/prediction_features_pipeline.py
[2026-01-01T21:17:43.924+0000] {logging_mixin.py:188} INFO - [2026-01-01T21:17:43.924+0000] {dag.py:3036} INFO - Sync 1 DAGs
[2026-01-01T21:17:43.948+0000] {logging_mixin.py:188} INFO - [2026-01-01T21:17:43.948+0000] {dag.py:3823} INFO - Setting next_dagrun for match_features_pipeline to 2025-12-31 00:00:00+00:00, run_after=2026-01-01 00:00:00+00:00
[2026-01-01T21:17:43.974+0000] {processor.py:183} INFO - Processing /opt/airflow/dags/prediction_features_pipeline.py took 0.099 seconds
[2026-01-01T21:18:14.358+0000] {processor.py:161} INFO - Started process (PID=21264) to work on /opt/airflow/dags/prediction_features_pipeline.py
[2026-01-01T21:18:14.359+0000] {processor.py:830} INFO - Processing file /opt/airflow/dags/prediction_features_pipeline.py for tasks to queue
[2026-01-01T21:18:14.360+0000] {logging_mixin.py:188} INFO - [2026-01-01T21:18:14.360+0000] {dagbag.py:538} INFO - Filling up the DagBag from /opt/airflow/dags/prediction_features_pipeline.py
[2026-01-01T21:18:14.383+0000] {processor.py:840} INFO - DAG(s) 'match_features_pipeline' retrieved from /opt/airflow/dags/prediction_features_pipeline.py
[2026-01-01T21:18:14.409+0000] {logging_mixin.py:188} INFO - [2026-01-01T21:18:14.408+0000] {dag.py:3036} INFO - Sync 1 DAGs
[2026-01-01T21:18:14.438+0000] {logging_mixin.py:188} INFO - [2026-01-01T21:18:14.438+0000] {dag.py:3823} INFO - Setting next_dagrun for match_features_pipeline to 2025-12-31 00:00:00+00:00, run_after=2026-01-01 00:00:00+00:00
[2026-01-01T21:18:14.463+0000] {processor.py:183} INFO - Processing /opt/airflow/dags/prediction_features_pipeline.py took 0.109 seconds
[2026-01-01T21:18:44.771+0000] {processor.py:161} INFO - Started process (PID=21284) to work on /opt/airflow/dags/prediction_features_pipeline.py
[2026-01-01T21:18:44.772+0000] {processor.py:830} INFO - Processing file /opt/airflow/dags/prediction_features_pipeline.py for tasks to queue
[2026-01-01T21:18:44.773+0000] {logging_mixin.py:188} INFO - [2026-01-01T21:18:44.772+0000] {dagbag.py:538} INFO - Filling up the DagBag from /opt/airflow/dags/prediction_features_pipeline.py
[2026-01-01T21:18:44.793+0000] {processor.py:840} INFO - DAG(s) 'match_features_pipeline' retrieved from /opt/airflow/dags/prediction_features_pipeline.py
[2026-01-01T21:18:44.817+0000] {logging_mixin.py:188} INFO - [2026-01-01T21:18:44.817+0000] {dag.py:3036} INFO - Sync 1 DAGs
[2026-01-01T21:18:44.841+0000] {logging_mixin.py:188} INFO - [2026-01-01T21:18:44.841+0000] {dag.py:3823} INFO - Setting next_dagrun for match_features_pipeline to 2025-12-31 00:00:00+00:00, run_after=2026-01-01 00:00:00+00:00
[2026-01-01T21:18:44.861+0000] {processor.py:183} INFO - Processing /opt/airflow/dags/prediction_features_pipeline.py took 0.093 seconds
[2026-01-01T21:19:15.196+0000] {processor.py:161} INFO - Started process (PID=21304) to work on /opt/airflow/dags/prediction_features_pipeline.py
[2026-01-01T21:19:15.197+0000] {processor.py:830} INFO - Processing file /opt/airflow/dags/prediction_features_pipeline.py for tasks to queue
[2026-01-01T21:19:15.198+0000] {logging_mixin.py:188} INFO - [2026-01-01T21:19:15.198+0000] {dagbag.py:538} INFO - Filling up the DagBag from /opt/airflow/dags/prediction_features_pipeline.py
[2026-01-01T21:19:15.221+0000] {processor.py:840} INFO - DAG(s) 'match_features_pipeline' retrieved from /opt/airflow/dags/prediction_features_pipeline.py
[2026-01-01T21:19:15.246+0000] {logging_mixin.py:188} INFO - [2026-01-01T21:19:15.246+0000] {dag.py:3036} INFO - Sync 1 DAGs
[2026-01-01T21:19:15.270+0000] {logging_mixin.py:188} INFO - [2026-01-01T21:19:15.270+0000] {dag.py:3823} INFO - Setting next_dagrun for match_features_pipeline to 2025-12-31 00:00:00+00:00, run_after=2026-01-01 00:00:00+00:00
[2026-01-01T21:19:15.290+0000] {processor.py:183} INFO - Processing /opt/airflow/dags/prediction_features_pipeline.py took 0.096 seconds
[2026-01-01T21:19:45.735+0000] {processor.py:161} INFO - Started process (PID=21324) to work on /opt/airflow/dags/prediction_features_pipeline.py
[2026-01-01T21:19:45.736+0000] {processor.py:830} INFO - Processing file /opt/airflow/dags/prediction_features_pipeline.py for tasks to queue
[2026-01-01T21:19:45.737+0000] {logging_mixin.py:188} INFO - [2026-01-01T21:19:45.737+0000] {dagbag.py:538} INFO - Filling up the DagBag from /opt/airflow/dags/prediction_features_pipeline.py
[2026-01-01T21:19:45.758+0000] {processor.py:840} INFO - DAG(s) 'match_features_pipeline' retrieved from /opt/airflow/dags/prediction_features_pipeline.py
[2026-01-01T21:19:45.782+0000] {logging_mixin.py:188} INFO - [2026-01-01T21:19:45.782+0000] {dag.py:3036} INFO - Sync 1 DAGs
[2026-01-01T21:19:45.807+0000] {logging_mixin.py:188} INFO - [2026-01-01T21:19:45.807+0000] {dag.py:3823} INFO - Setting next_dagrun for match_features_pipeline to 2025-12-31 00:00:00+00:00, run_after=2026-01-01 00:00:00+00:00
[2026-01-01T21:19:45.831+0000] {processor.py:183} INFO - Processing /opt/airflow/dags/prediction_features_pipeline.py took 0.100 seconds
[2026-01-01T21:20:16.154+0000] {processor.py:161} INFO - Started process (PID=21344) to work on /opt/airflow/dags/prediction_features_pipeline.py
[2026-01-01T21:20:16.155+0000] {processor.py:830} INFO - Processing file /opt/airflow/dags/prediction_features_pipeline.py for tasks to queue
[2026-01-01T21:20:16.156+0000] {logging_mixin.py:188} INFO - [2026-01-01T21:20:16.155+0000] {dagbag.py:538} INFO - Filling up the DagBag from /opt/airflow/dags/prediction_features_pipeline.py
[2026-01-01T21:20:16.176+0000] {processor.py:840} INFO - DAG(s) 'match_features_pipeline' retrieved from /opt/airflow/dags/prediction_features_pipeline.py
[2026-01-01T21:20:16.201+0000] {logging_mixin.py:188} INFO - [2026-01-01T21:20:16.201+0000] {dag.py:3036} INFO - Sync 1 DAGs
[2026-01-01T21:20:16.228+0000] {logging_mixin.py:188} INFO - [2026-01-01T21:20:16.228+0000] {dag.py:3823} INFO - Setting next_dagrun for match_features_pipeline to 2025-12-31 00:00:00+00:00, run_after=2026-01-01 00:00:00+00:00
[2026-01-01T21:20:16.253+0000] {processor.py:183} INFO - Processing /opt/airflow/dags/prediction_features_pipeline.py took 0.102 seconds
[2026-01-01T21:20:46.578+0000] {processor.py:161} INFO - Started process (PID=21364) to work on /opt/airflow/dags/prediction_features_pipeline.py
[2026-01-01T21:20:46.580+0000] {processor.py:830} INFO - Processing file /opt/airflow/dags/prediction_features_pipeline.py for tasks to queue
[2026-01-01T21:20:46.581+0000] {logging_mixin.py:188} INFO - [2026-01-01T21:20:46.580+0000] {dagbag.py:538} INFO - Filling up the DagBag from /opt/airflow/dags/prediction_features_pipeline.py
[2026-01-01T21:20:46.603+0000] {processor.py:840} INFO - DAG(s) 'match_features_pipeline' retrieved from /opt/airflow/dags/prediction_features_pipeline.py
[2026-01-01T21:20:46.628+0000] {logging_mixin.py:188} INFO - [2026-01-01T21:20:46.628+0000] {dag.py:3036} INFO - Sync 1 DAGs
[2026-01-01T21:20:46.654+0000] {logging_mixin.py:188} INFO - [2026-01-01T21:20:46.654+0000] {dag.py:3823} INFO - Setting next_dagrun for match_features_pipeline to 2025-12-31 00:00:00+00:00, run_after=2026-01-01 00:00:00+00:00
[2026-01-01T21:20:46.674+0000] {processor.py:183} INFO - Processing /opt/airflow/dags/prediction_features_pipeline.py took 0.099 seconds
[2026-01-01T21:21:17.108+0000] {processor.py:161} INFO - Started process (PID=21384) to work on /opt/airflow/dags/prediction_features_pipeline.py
[2026-01-01T21:21:17.109+0000] {processor.py:830} INFO - Processing file /opt/airflow/dags/prediction_features_pipeline.py for tasks to queue
[2026-01-01T21:21:17.111+0000] {logging_mixin.py:188} INFO - [2026-01-01T21:21:17.110+0000] {dagbag.py:538} INFO - Filling up the DagBag from /opt/airflow/dags/prediction_features_pipeline.py
[2026-01-01T21:21:17.133+0000] {processor.py:840} INFO - DAG(s) 'match_features_pipeline' retrieved from /opt/airflow/dags/prediction_features_pipeline.py
[2026-01-01T21:21:17.157+0000] {logging_mixin.py:188} INFO - [2026-01-01T21:21:17.157+0000] {dag.py:3036} INFO - Sync 1 DAGs
[2026-01-01T21:21:17.181+0000] {logging_mixin.py:188} INFO - [2026-01-01T21:21:17.181+0000] {dag.py:3823} INFO - Setting next_dagrun for match_features_pipeline to 2025-12-31 00:00:00+00:00, run_after=2026-01-01 00:00:00+00:00
[2026-01-01T21:21:17.201+0000] {processor.py:183} INFO - Processing /opt/airflow/dags/prediction_features_pipeline.py took 0.097 seconds
[2026-01-01T21:21:47.648+0000] {processor.py:161} INFO - Started process (PID=21404) to work on /opt/airflow/dags/prediction_features_pipeline.py
[2026-01-01T21:21:47.649+0000] {processor.py:830} INFO - Processing file /opt/airflow/dags/prediction_features_pipeline.py for tasks to queue
[2026-01-01T21:21:47.650+0000] {logging_mixin.py:188} INFO - [2026-01-01T21:21:47.650+0000] {dagbag.py:538} INFO - Filling up the DagBag from /opt/airflow/dags/prediction_features_pipeline.py
[2026-01-01T21:21:47.672+0000] {processor.py:840} INFO - DAG(s) 'match_features_pipeline' retrieved from /opt/airflow/dags/prediction_features_pipeline.py
[2026-01-01T21:21:47.696+0000] {logging_mixin.py:188} INFO - [2026-01-01T21:21:47.696+0000] {dag.py:3036} INFO - Sync 1 DAGs
[2026-01-01T21:21:47.721+0000] {logging_mixin.py:188} INFO - [2026-01-01T21:21:47.721+0000] {dag.py:3823} INFO - Setting next_dagrun for match_features_pipeline to 2025-12-31 00:00:00+00:00, run_after=2026-01-01 00:00:00+00:00
[2026-01-01T21:21:47.740+0000] {processor.py:183} INFO - Processing /opt/airflow/dags/prediction_features_pipeline.py took 0.094 seconds
[2026-01-01T21:22:18.194+0000] {processor.py:161} INFO - Started process (PID=21424) to work on /opt/airflow/dags/prediction_features_pipeline.py
[2026-01-01T21:22:18.196+0000] {processor.py:830} INFO - Processing file /opt/airflow/dags/prediction_features_pipeline.py for tasks to queue
[2026-01-01T21:22:18.197+0000] {logging_mixin.py:188} INFO - [2026-01-01T21:22:18.196+0000] {dagbag.py:538} INFO - Filling up the DagBag from /opt/airflow/dags/prediction_features_pipeline.py
[2026-01-01T21:22:18.219+0000] {processor.py:840} INFO - DAG(s) 'match_features_pipeline' retrieved from /opt/airflow/dags/prediction_features_pipeline.py
[2026-01-01T21:22:18.243+0000] {logging_mixin.py:188} INFO - [2026-01-01T21:22:18.242+0000] {dag.py:3036} INFO - Sync 1 DAGs
[2026-01-01T21:22:18.267+0000] {logging_mixin.py:188} INFO - [2026-01-01T21:22:18.267+0000] {dag.py:3823} INFO - Setting next_dagrun for match_features_pipeline to 2025-12-31 00:00:00+00:00, run_after=2026-01-01 00:00:00+00:00
[2026-01-01T21:22:18.286+0000] {processor.py:183} INFO - Processing /opt/airflow/dags/prediction_features_pipeline.py took 0.095 seconds
[2026-01-01T21:22:48.609+0000] {processor.py:161} INFO - Started process (PID=21444) to work on /opt/airflow/dags/prediction_features_pipeline.py
[2026-01-01T21:22:48.610+0000] {processor.py:830} INFO - Processing file /opt/airflow/dags/prediction_features_pipeline.py for tasks to queue
[2026-01-01T21:22:48.612+0000] {logging_mixin.py:188} INFO - [2026-01-01T21:22:48.611+0000] {dagbag.py:538} INFO - Filling up the DagBag from /opt/airflow/dags/prediction_features_pipeline.py
[2026-01-01T21:22:48.633+0000] {processor.py:840} INFO - DAG(s) 'match_features_pipeline' retrieved from /opt/airflow/dags/prediction_features_pipeline.py
[2026-01-01T21:22:48.658+0000] {logging_mixin.py:188} INFO - [2026-01-01T21:22:48.658+0000] {dag.py:3036} INFO - Sync 1 DAGs
[2026-01-01T21:22:48.684+0000] {logging_mixin.py:188} INFO - [2026-01-01T21:22:48.684+0000] {dag.py:3823} INFO - Setting next_dagrun for match_features_pipeline to 2025-12-31 00:00:00+00:00, run_after=2026-01-01 00:00:00+00:00
[2026-01-01T21:22:48.707+0000] {processor.py:183} INFO - Processing /opt/airflow/dags/prediction_features_pipeline.py took 0.102 seconds
[2026-01-01T21:23:19.128+0000] {processor.py:161} INFO - Started process (PID=21464) to work on /opt/airflow/dags/prediction_features_pipeline.py
[2026-01-01T21:23:19.129+0000] {processor.py:830} INFO - Processing file /opt/airflow/dags/prediction_features_pipeline.py for tasks to queue
[2026-01-01T21:23:19.130+0000] {logging_mixin.py:188} INFO - [2026-01-01T21:23:19.130+0000] {dagbag.py:538} INFO - Filling up the DagBag from /opt/airflow/dags/prediction_features_pipeline.py
[2026-01-01T21:23:19.151+0000] {processor.py:840} INFO - DAG(s) 'match_features_pipeline' retrieved from /opt/airflow/dags/prediction_features_pipeline.py
[2026-01-01T21:23:19.180+0000] {logging_mixin.py:188} INFO - [2026-01-01T21:23:19.180+0000] {dag.py:3036} INFO - Sync 1 DAGs
[2026-01-01T21:23:19.205+0000] {logging_mixin.py:188} INFO - [2026-01-01T21:23:19.205+0000] {dag.py:3823} INFO - Setting next_dagrun for match_features_pipeline to 2025-12-31 00:00:00+00:00, run_after=2026-01-01 00:00:00+00:00
[2026-01-01T21:23:19.225+0000] {processor.py:183} INFO - Processing /opt/airflow/dags/prediction_features_pipeline.py took 0.101 seconds
[2026-01-01T21:23:49.659+0000] {processor.py:161} INFO - Started process (PID=21484) to work on /opt/airflow/dags/prediction_features_pipeline.py
[2026-01-01T21:23:49.661+0000] {processor.py:830} INFO - Processing file /opt/airflow/dags/prediction_features_pipeline.py for tasks to queue
[2026-01-01T21:23:49.662+0000] {logging_mixin.py:188} INFO - [2026-01-01T21:23:49.662+0000] {dagbag.py:538} INFO - Filling up the DagBag from /opt/airflow/dags/prediction_features_pipeline.py
[2026-01-01T21:23:49.683+0000] {processor.py:840} INFO - DAG(s) 'match_features_pipeline' retrieved from /opt/airflow/dags/prediction_features_pipeline.py
[2026-01-01T21:23:49.708+0000] {logging_mixin.py:188} INFO - [2026-01-01T21:23:49.707+0000] {dag.py:3036} INFO - Sync 1 DAGs
[2026-01-01T21:23:49.732+0000] {logging_mixin.py:188} INFO - [2026-01-01T21:23:49.731+0000] {dag.py:3823} INFO - Setting next_dagrun for match_features_pipeline to 2025-12-31 00:00:00+00:00, run_after=2026-01-01 00:00:00+00:00
[2026-01-01T21:23:49.752+0000] {processor.py:183} INFO - Processing /opt/airflow/dags/prediction_features_pipeline.py took 0.097 seconds
[2026-01-01T21:24:20.204+0000] {processor.py:161} INFO - Started process (PID=21504) to work on /opt/airflow/dags/prediction_features_pipeline.py
[2026-01-01T21:24:20.206+0000] {processor.py:830} INFO - Processing file /opt/airflow/dags/prediction_features_pipeline.py for tasks to queue
[2026-01-01T21:24:20.208+0000] {logging_mixin.py:188} INFO - [2026-01-01T21:24:20.208+0000] {dagbag.py:538} INFO - Filling up the DagBag from /opt/airflow/dags/prediction_features_pipeline.py
[2026-01-01T21:24:20.234+0000] {processor.py:840} INFO - DAG(s) 'match_features_pipeline' retrieved from /opt/airflow/dags/prediction_features_pipeline.py
[2026-01-01T21:24:20.263+0000] {logging_mixin.py:188} INFO - [2026-01-01T21:24:20.263+0000] {dag.py:3036} INFO - Sync 1 DAGs
[2026-01-01T21:24:20.292+0000] {logging_mixin.py:188} INFO - [2026-01-01T21:24:20.292+0000] {dag.py:3823} INFO - Setting next_dagrun for match_features_pipeline to 2025-12-31 00:00:00+00:00, run_after=2026-01-01 00:00:00+00:00
[2026-01-01T21:24:20.316+0000] {processor.py:183} INFO - Processing /opt/airflow/dags/prediction_features_pipeline.py took 0.117 seconds
[2026-01-01T21:24:50.638+0000] {processor.py:161} INFO - Started process (PID=21524) to work on /opt/airflow/dags/prediction_features_pipeline.py
[2026-01-01T21:24:50.639+0000] {processor.py:830} INFO - Processing file /opt/airflow/dags/prediction_features_pipeline.py for tasks to queue
[2026-01-01T21:24:50.640+0000] {logging_mixin.py:188} INFO - [2026-01-01T21:24:50.640+0000] {dagbag.py:538} INFO - Filling up the DagBag from /opt/airflow/dags/prediction_features_pipeline.py
[2026-01-01T21:24:50.661+0000] {processor.py:840} INFO - DAG(s) 'match_features_pipeline' retrieved from /opt/airflow/dags/prediction_features_pipeline.py
[2026-01-01T21:24:50.687+0000] {logging_mixin.py:188} INFO - [2026-01-01T21:24:50.687+0000] {dag.py:3036} INFO - Sync 1 DAGs
[2026-01-01T21:24:50.711+0000] {logging_mixin.py:188} INFO - [2026-01-01T21:24:50.711+0000] {dag.py:3823} INFO - Setting next_dagrun for match_features_pipeline to 2025-12-31 00:00:00+00:00, run_after=2026-01-01 00:00:00+00:00
[2026-01-01T21:24:50.730+0000] {processor.py:183} INFO - Processing /opt/airflow/dags/prediction_features_pipeline.py took 0.095 seconds
[2026-01-01T21:25:21.060+0000] {processor.py:161} INFO - Started process (PID=21544) to work on /opt/airflow/dags/prediction_features_pipeline.py
[2026-01-01T21:25:21.062+0000] {processor.py:830} INFO - Processing file /opt/airflow/dags/prediction_features_pipeline.py for tasks to queue
[2026-01-01T21:25:21.063+0000] {logging_mixin.py:188} INFO - [2026-01-01T21:25:21.062+0000] {dagbag.py:538} INFO - Filling up the DagBag from /opt/airflow/dags/prediction_features_pipeline.py
[2026-01-01T21:25:21.084+0000] {processor.py:840} INFO - DAG(s) 'match_features_pipeline' retrieved from /opt/airflow/dags/prediction_features_pipeline.py
[2026-01-01T21:25:21.110+0000] {logging_mixin.py:188} INFO - [2026-01-01T21:25:21.110+0000] {dag.py:3036} INFO - Sync 1 DAGs
[2026-01-01T21:25:21.135+0000] {logging_mixin.py:188} INFO - [2026-01-01T21:25:21.135+0000] {dag.py:3823} INFO - Setting next_dagrun for match_features_pipeline to 2025-12-31 00:00:00+00:00, run_after=2026-01-01 00:00:00+00:00
[2026-01-01T21:25:21.158+0000] {processor.py:183} INFO - Processing /opt/airflow/dags/prediction_features_pipeline.py took 0.102 seconds
[2026-01-01T21:25:51.475+0000] {processor.py:161} INFO - Started process (PID=21564) to work on /opt/airflow/dags/prediction_features_pipeline.py
[2026-01-01T21:25:51.476+0000] {processor.py:830} INFO - Processing file /opt/airflow/dags/prediction_features_pipeline.py for tasks to queue
[2026-01-01T21:25:51.477+0000] {logging_mixin.py:188} INFO - [2026-01-01T21:25:51.477+0000] {dagbag.py:538} INFO - Filling up the DagBag from /opt/airflow/dags/prediction_features_pipeline.py
[2026-01-01T21:25:51.499+0000] {processor.py:840} INFO - DAG(s) 'match_features_pipeline' retrieved from /opt/airflow/dags/prediction_features_pipeline.py
[2026-01-01T21:25:51.523+0000] {logging_mixin.py:188} INFO - [2026-01-01T21:25:51.523+0000] {dag.py:3036} INFO - Sync 1 DAGs
[2026-01-01T21:25:51.546+0000] {logging_mixin.py:188} INFO - [2026-01-01T21:25:51.546+0000] {dag.py:3823} INFO - Setting next_dagrun for match_features_pipeline to 2025-12-31 00:00:00+00:00, run_after=2026-01-01 00:00:00+00:00
[2026-01-01T21:25:51.572+0000] {processor.py:183} INFO - Processing /opt/airflow/dags/prediction_features_pipeline.py took 0.100 seconds
[2026-01-01T21:26:21.893+0000] {processor.py:161} INFO - Started process (PID=21584) to work on /opt/airflow/dags/prediction_features_pipeline.py
[2026-01-01T21:26:21.894+0000] {processor.py:830} INFO - Processing file /opt/airflow/dags/prediction_features_pipeline.py for tasks to queue
[2026-01-01T21:26:21.895+0000] {logging_mixin.py:188} INFO - [2026-01-01T21:26:21.895+0000] {dagbag.py:538} INFO - Filling up the DagBag from /opt/airflow/dags/prediction_features_pipeline.py
[2026-01-01T21:26:21.915+0000] {processor.py:840} INFO - DAG(s) 'match_features_pipeline' retrieved from /opt/airflow/dags/prediction_features_pipeline.py
[2026-01-01T21:26:21.943+0000] {logging_mixin.py:188} INFO - [2026-01-01T21:26:21.942+0000] {dag.py:3036} INFO - Sync 1 DAGs
[2026-01-01T21:26:21.967+0000] {logging_mixin.py:188} INFO - [2026-01-01T21:26:21.967+0000] {dag.py:3823} INFO - Setting next_dagrun for match_features_pipeline to 2025-12-31 00:00:00+00:00, run_after=2026-01-01 00:00:00+00:00
[2026-01-01T21:26:21.988+0000] {processor.py:183} INFO - Processing /opt/airflow/dags/prediction_features_pipeline.py took 0.098 seconds
[2026-01-01T21:26:52.336+0000] {processor.py:161} INFO - Started process (PID=21604) to work on /opt/airflow/dags/prediction_features_pipeline.py
[2026-01-01T21:26:52.337+0000] {processor.py:830} INFO - Processing file /opt/airflow/dags/prediction_features_pipeline.py for tasks to queue
[2026-01-01T21:26:52.338+0000] {logging_mixin.py:188} INFO - [2026-01-01T21:26:52.337+0000] {dagbag.py:538} INFO - Filling up the DagBag from /opt/airflow/dags/prediction_features_pipeline.py
[2026-01-01T21:26:52.358+0000] {processor.py:840} INFO - DAG(s) 'match_features_pipeline' retrieved from /opt/airflow/dags/prediction_features_pipeline.py
[2026-01-01T21:26:52.382+0000] {logging_mixin.py:188} INFO - [2026-01-01T21:26:52.381+0000] {dag.py:3036} INFO - Sync 1 DAGs
[2026-01-01T21:26:52.404+0000] {logging_mixin.py:188} INFO - [2026-01-01T21:26:52.404+0000] {dag.py:3823} INFO - Setting next_dagrun for match_features_pipeline to 2025-12-31 00:00:00+00:00, run_after=2026-01-01 00:00:00+00:00
[2026-01-01T21:26:52.428+0000] {processor.py:183} INFO - Processing /opt/airflow/dags/prediction_features_pipeline.py took 0.095 seconds
[2026-01-01T21:27:22.770+0000] {processor.py:161} INFO - Started process (PID=21624) to work on /opt/airflow/dags/prediction_features_pipeline.py
[2026-01-01T21:27:22.771+0000] {processor.py:830} INFO - Processing file /opt/airflow/dags/prediction_features_pipeline.py for tasks to queue
[2026-01-01T21:27:22.772+0000] {logging_mixin.py:188} INFO - [2026-01-01T21:27:22.772+0000] {dagbag.py:538} INFO - Filling up the DagBag from /opt/airflow/dags/prediction_features_pipeline.py
[2026-01-01T21:27:22.794+0000] {processor.py:840} INFO - DAG(s) 'match_features_pipeline' retrieved from /opt/airflow/dags/prediction_features_pipeline.py
[2026-01-01T21:27:22.821+0000] {logging_mixin.py:188} INFO - [2026-01-01T21:27:22.821+0000] {dag.py:3036} INFO - Sync 1 DAGs
[2026-01-01T21:27:22.846+0000] {logging_mixin.py:188} INFO - [2026-01-01T21:27:22.846+0000] {dag.py:3823} INFO - Setting next_dagrun for match_features_pipeline to 2025-12-31 00:00:00+00:00, run_after=2026-01-01 00:00:00+00:00
[2026-01-01T21:27:22.868+0000] {processor.py:183} INFO - Processing /opt/airflow/dags/prediction_features_pipeline.py took 0.102 seconds
[2026-01-01T21:27:53.192+0000] {processor.py:161} INFO - Started process (PID=21644) to work on /opt/airflow/dags/prediction_features_pipeline.py
[2026-01-01T21:27:53.194+0000] {processor.py:830} INFO - Processing file /opt/airflow/dags/prediction_features_pipeline.py for tasks to queue
[2026-01-01T21:27:53.195+0000] {logging_mixin.py:188} INFO - [2026-01-01T21:27:53.195+0000] {dagbag.py:538} INFO - Filling up the DagBag from /opt/airflow/dags/prediction_features_pipeline.py
[2026-01-01T21:27:53.218+0000] {processor.py:840} INFO - DAG(s) 'match_features_pipeline' retrieved from /opt/airflow/dags/prediction_features_pipeline.py
[2026-01-01T21:27:53.243+0000] {logging_mixin.py:188} INFO - [2026-01-01T21:27:53.243+0000] {dag.py:3036} INFO - Sync 1 DAGs
[2026-01-01T21:27:53.268+0000] {logging_mixin.py:188} INFO - [2026-01-01T21:27:53.267+0000] {dag.py:3823} INFO - Setting next_dagrun for match_features_pipeline to 2025-12-31 00:00:00+00:00, run_after=2026-01-01 00:00:00+00:00
[2026-01-01T21:27:53.286+0000] {processor.py:183} INFO - Processing /opt/airflow/dags/prediction_features_pipeline.py took 0.099 seconds
[2026-01-01T21:28:23.816+0000] {processor.py:161} INFO - Started process (PID=21664) to work on /opt/airflow/dags/prediction_features_pipeline.py
[2026-01-01T21:28:23.818+0000] {processor.py:830} INFO - Processing file /opt/airflow/dags/prediction_features_pipeline.py for tasks to queue
[2026-01-01T21:28:23.819+0000] {logging_mixin.py:188} INFO - [2026-01-01T21:28:23.819+0000] {dagbag.py:538} INFO - Filling up the DagBag from /opt/airflow/dags/prediction_features_pipeline.py
[2026-01-01T21:28:23.840+0000] {processor.py:840} INFO - DAG(s) 'match_features_pipeline' retrieved from /opt/airflow/dags/prediction_features_pipeline.py
[2026-01-01T21:28:23.869+0000] {logging_mixin.py:188} INFO - [2026-01-01T21:28:23.868+0000] {dag.py:3036} INFO - Sync 1 DAGs
[2026-01-01T21:28:23.895+0000] {logging_mixin.py:188} INFO - [2026-01-01T21:28:23.895+0000] {dag.py:3823} INFO - Setting next_dagrun for match_features_pipeline to 2025-12-31 00:00:00+00:00, run_after=2026-01-01 00:00:00+00:00
[2026-01-01T21:28:23.914+0000] {processor.py:183} INFO - Processing /opt/airflow/dags/prediction_features_pipeline.py took 0.103 seconds
[2026-01-01T21:28:54.255+0000] {processor.py:161} INFO - Started process (PID=21684) to work on /opt/airflow/dags/prediction_features_pipeline.py
[2026-01-01T21:28:54.257+0000] {processor.py:830} INFO - Processing file /opt/airflow/dags/prediction_features_pipeline.py for tasks to queue
[2026-01-01T21:28:54.258+0000] {logging_mixin.py:188} INFO - [2026-01-01T21:28:54.258+0000] {dagbag.py:538} INFO - Filling up the DagBag from /opt/airflow/dags/prediction_features_pipeline.py
[2026-01-01T21:28:54.282+0000] {processor.py:840} INFO - DAG(s) 'match_features_pipeline' retrieved from /opt/airflow/dags/prediction_features_pipeline.py
[2026-01-01T21:28:54.307+0000] {logging_mixin.py:188} INFO - [2026-01-01T21:28:54.307+0000] {dag.py:3036} INFO - Sync 1 DAGs
[2026-01-01T21:28:54.331+0000] {logging_mixin.py:188} INFO - [2026-01-01T21:28:54.331+0000] {dag.py:3823} INFO - Setting next_dagrun for match_features_pipeline to 2025-12-31 00:00:00+00:00, run_after=2026-01-01 00:00:00+00:00
[2026-01-01T21:28:54.356+0000] {processor.py:183} INFO - Processing /opt/airflow/dags/prediction_features_pipeline.py took 0.105 seconds
[2026-01-01T21:29:24.679+0000] {processor.py:161} INFO - Started process (PID=21704) to work on /opt/airflow/dags/prediction_features_pipeline.py
[2026-01-01T21:29:24.680+0000] {processor.py:830} INFO - Processing file /opt/airflow/dags/prediction_features_pipeline.py for tasks to queue
[2026-01-01T21:29:24.681+0000] {logging_mixin.py:188} INFO - [2026-01-01T21:29:24.680+0000] {dagbag.py:538} INFO - Filling up the DagBag from /opt/airflow/dags/prediction_features_pipeline.py
[2026-01-01T21:29:24.702+0000] {processor.py:840} INFO - DAG(s) 'match_features_pipeline' retrieved from /opt/airflow/dags/prediction_features_pipeline.py
[2026-01-01T21:29:24.729+0000] {logging_mixin.py:188} INFO - [2026-01-01T21:29:24.728+0000] {dag.py:3036} INFO - Sync 1 DAGs
[2026-01-01T21:29:24.752+0000] {logging_mixin.py:188} INFO - [2026-01-01T21:29:24.752+0000] {dag.py:3823} INFO - Setting next_dagrun for match_features_pipeline to 2025-12-31 00:00:00+00:00, run_after=2026-01-01 00:00:00+00:00
[2026-01-01T21:29:24.772+0000] {processor.py:183} INFO - Processing /opt/airflow/dags/prediction_features_pipeline.py took 0.096 seconds
[2026-01-01T21:29:55.111+0000] {processor.py:161} INFO - Started process (PID=21724) to work on /opt/airflow/dags/prediction_features_pipeline.py
[2026-01-01T21:29:55.112+0000] {processor.py:830} INFO - Processing file /opt/airflow/dags/prediction_features_pipeline.py for tasks to queue
[2026-01-01T21:29:55.113+0000] {logging_mixin.py:188} INFO - [2026-01-01T21:29:55.113+0000] {dagbag.py:538} INFO - Filling up the DagBag from /opt/airflow/dags/prediction_features_pipeline.py
[2026-01-01T21:29:55.136+0000] {processor.py:840} INFO - DAG(s) 'match_features_pipeline' retrieved from /opt/airflow/dags/prediction_features_pipeline.py
[2026-01-01T21:29:55.162+0000] {logging_mixin.py:188} INFO - [2026-01-01T21:29:55.161+0000] {dag.py:3036} INFO - Sync 1 DAGs
[2026-01-01T21:29:55.188+0000] {logging_mixin.py:188} INFO - [2026-01-01T21:29:55.187+0000] {dag.py:3823} INFO - Setting next_dagrun for match_features_pipeline to 2025-12-31 00:00:00+00:00, run_after=2026-01-01 00:00:00+00:00
[2026-01-01T21:29:55.209+0000] {processor.py:183} INFO - Processing /opt/airflow/dags/prediction_features_pipeline.py took 0.101 seconds
[2026-01-01T21:30:25.530+0000] {processor.py:161} INFO - Started process (PID=21744) to work on /opt/airflow/dags/prediction_features_pipeline.py
[2026-01-01T21:30:25.531+0000] {processor.py:830} INFO - Processing file /opt/airflow/dags/prediction_features_pipeline.py for tasks to queue
[2026-01-01T21:30:25.533+0000] {logging_mixin.py:188} INFO - [2026-01-01T21:30:25.532+0000] {dagbag.py:538} INFO - Filling up the DagBag from /opt/airflow/dags/prediction_features_pipeline.py
[2026-01-01T21:30:25.554+0000] {processor.py:840} INFO - DAG(s) 'match_features_pipeline' retrieved from /opt/airflow/dags/prediction_features_pipeline.py
[2026-01-01T21:30:25.578+0000] {logging_mixin.py:188} INFO - [2026-01-01T21:30:25.578+0000] {dag.py:3036} INFO - Sync 1 DAGs
[2026-01-01T21:30:25.604+0000] {logging_mixin.py:188} INFO - [2026-01-01T21:30:25.603+0000] {dag.py:3823} INFO - Setting next_dagrun for match_features_pipeline to 2025-12-31 00:00:00+00:00, run_after=2026-01-01 00:00:00+00:00
[2026-01-01T21:30:25.623+0000] {processor.py:183} INFO - Processing /opt/airflow/dags/prediction_features_pipeline.py took 0.096 seconds
[2026-01-01T21:30:56.058+0000] {processor.py:161} INFO - Started process (PID=21764) to work on /opt/airflow/dags/prediction_features_pipeline.py
[2026-01-01T21:30:56.059+0000] {processor.py:830} INFO - Processing file /opt/airflow/dags/prediction_features_pipeline.py for tasks to queue
[2026-01-01T21:30:56.061+0000] {logging_mixin.py:188} INFO - [2026-01-01T21:30:56.060+0000] {dagbag.py:538} INFO - Filling up the DagBag from /opt/airflow/dags/prediction_features_pipeline.py
[2026-01-01T21:30:56.080+0000] {processor.py:840} INFO - DAG(s) 'match_features_pipeline' retrieved from /opt/airflow/dags/prediction_features_pipeline.py
[2026-01-01T21:30:56.104+0000] {logging_mixin.py:188} INFO - [2026-01-01T21:30:56.104+0000] {dag.py:3036} INFO - Sync 1 DAGs
[2026-01-01T21:30:56.129+0000] {logging_mixin.py:188} INFO - [2026-01-01T21:30:56.129+0000] {dag.py:3823} INFO - Setting next_dagrun for match_features_pipeline to 2025-12-31 00:00:00+00:00, run_after=2026-01-01 00:00:00+00:00
[2026-01-01T21:30:56.149+0000] {processor.py:183} INFO - Processing /opt/airflow/dags/prediction_features_pipeline.py took 0.094 seconds
[2026-01-01T21:31:26.494+0000] {processor.py:161} INFO - Started process (PID=21784) to work on /opt/airflow/dags/prediction_features_pipeline.py
[2026-01-01T21:31:26.495+0000] {processor.py:830} INFO - Processing file /opt/airflow/dags/prediction_features_pipeline.py for tasks to queue
[2026-01-01T21:31:26.496+0000] {logging_mixin.py:188} INFO - [2026-01-01T21:31:26.495+0000] {dagbag.py:538} INFO - Filling up the DagBag from /opt/airflow/dags/prediction_features_pipeline.py
[2026-01-01T21:31:26.517+0000] {processor.py:840} INFO - DAG(s) 'match_features_pipeline' retrieved from /opt/airflow/dags/prediction_features_pipeline.py
[2026-01-01T21:31:26.542+0000] {logging_mixin.py:188} INFO - [2026-01-01T21:31:26.541+0000] {dag.py:3036} INFO - Sync 1 DAGs
[2026-01-01T21:31:26.567+0000] {logging_mixin.py:188} INFO - [2026-01-01T21:31:26.567+0000] {dag.py:3823} INFO - Setting next_dagrun for match_features_pipeline to 2025-12-31 00:00:00+00:00, run_after=2026-01-01 00:00:00+00:00
[2026-01-01T21:31:26.590+0000] {processor.py:183} INFO - Processing /opt/airflow/dags/prediction_features_pipeline.py took 0.100 seconds
[2026-01-01T21:31:56.916+0000] {processor.py:161} INFO - Started process (PID=21804) to work on /opt/airflow/dags/prediction_features_pipeline.py
[2026-01-01T21:31:56.917+0000] {processor.py:830} INFO - Processing file /opt/airflow/dags/prediction_features_pipeline.py for tasks to queue
[2026-01-01T21:31:56.918+0000] {logging_mixin.py:188} INFO - [2026-01-01T21:31:56.918+0000] {dagbag.py:538} INFO - Filling up the DagBag from /opt/airflow/dags/prediction_features_pipeline.py
[2026-01-01T21:31:56.940+0000] {processor.py:840} INFO - DAG(s) 'match_features_pipeline' retrieved from /opt/airflow/dags/prediction_features_pipeline.py
[2026-01-01T21:31:56.965+0000] {logging_mixin.py:188} INFO - [2026-01-01T21:31:56.965+0000] {dag.py:3036} INFO - Sync 1 DAGs
[2026-01-01T21:31:56.989+0000] {logging_mixin.py:188} INFO - [2026-01-01T21:31:56.989+0000] {dag.py:3823} INFO - Setting next_dagrun for match_features_pipeline to 2025-12-31 00:00:00+00:00, run_after=2026-01-01 00:00:00+00:00
[2026-01-01T21:31:57.009+0000] {processor.py:183} INFO - Processing /opt/airflow/dags/prediction_features_pipeline.py took 0.097 seconds
[2026-01-01T21:32:27.341+0000] {processor.py:161} INFO - Started process (PID=21824) to work on /opt/airflow/dags/prediction_features_pipeline.py
[2026-01-01T21:32:27.342+0000] {processor.py:830} INFO - Processing file /opt/airflow/dags/prediction_features_pipeline.py for tasks to queue
[2026-01-01T21:32:27.343+0000] {logging_mixin.py:188} INFO - [2026-01-01T21:32:27.342+0000] {dagbag.py:538} INFO - Filling up the DagBag from /opt/airflow/dags/prediction_features_pipeline.py
[2026-01-01T21:32:27.365+0000] {processor.py:840} INFO - DAG(s) 'match_features_pipeline' retrieved from /opt/airflow/dags/prediction_features_pipeline.py
[2026-01-01T21:32:27.391+0000] {logging_mixin.py:188} INFO - [2026-01-01T21:32:27.391+0000] {dag.py:3036} INFO - Sync 1 DAGs
[2026-01-01T21:32:27.416+0000] {logging_mixin.py:188} INFO - [2026-01-01T21:32:27.415+0000] {dag.py:3823} INFO - Setting next_dagrun for match_features_pipeline to 2025-12-31 00:00:00+00:00, run_after=2026-01-01 00:00:00+00:00
[2026-01-01T21:32:27.435+0000] {processor.py:183} INFO - Processing /opt/airflow/dags/prediction_features_pipeline.py took 0.098 seconds
[2026-01-01T21:32:57.873+0000] {processor.py:161} INFO - Started process (PID=21844) to work on /opt/airflow/dags/prediction_features_pipeline.py
[2026-01-01T21:32:57.875+0000] {processor.py:830} INFO - Processing file /opt/airflow/dags/prediction_features_pipeline.py for tasks to queue
[2026-01-01T21:32:57.876+0000] {logging_mixin.py:188} INFO - [2026-01-01T21:32:57.875+0000] {dagbag.py:538} INFO - Filling up the DagBag from /opt/airflow/dags/prediction_features_pipeline.py
[2026-01-01T21:32:57.898+0000] {processor.py:840} INFO - DAG(s) 'match_features_pipeline' retrieved from /opt/airflow/dags/prediction_features_pipeline.py
[2026-01-01T21:32:57.922+0000] {logging_mixin.py:188} INFO - [2026-01-01T21:32:57.922+0000] {dag.py:3036} INFO - Sync 1 DAGs
[2026-01-01T21:32:57.951+0000] {logging_mixin.py:188} INFO - [2026-01-01T21:32:57.950+0000] {dag.py:3823} INFO - Setting next_dagrun for match_features_pipeline to 2025-12-31 00:00:00+00:00, run_after=2026-01-01 00:00:00+00:00
[2026-01-01T21:32:57.972+0000] {processor.py:183} INFO - Processing /opt/airflow/dags/prediction_features_pipeline.py took 0.103 seconds
[2026-01-01T21:33:28.373+0000] {processor.py:161} INFO - Started process (PID=21864) to work on /opt/airflow/dags/prediction_features_pipeline.py
[2026-01-01T21:33:28.375+0000] {processor.py:830} INFO - Processing file /opt/airflow/dags/prediction_features_pipeline.py for tasks to queue
[2026-01-01T21:33:28.377+0000] {logging_mixin.py:188} INFO - [2026-01-01T21:33:28.376+0000] {dagbag.py:538} INFO - Filling up the DagBag from /opt/airflow/dags/prediction_features_pipeline.py
[2026-01-01T21:33:28.401+0000] {processor.py:840} INFO - DAG(s) 'match_features_pipeline' retrieved from /opt/airflow/dags/prediction_features_pipeline.py
[2026-01-01T21:33:28.428+0000] {logging_mixin.py:188} INFO - [2026-01-01T21:33:28.427+0000] {dag.py:3036} INFO - Sync 1 DAGs
[2026-01-01T21:33:28.454+0000] {logging_mixin.py:188} INFO - [2026-01-01T21:33:28.453+0000] {dag.py:3823} INFO - Setting next_dagrun for match_features_pipeline to 2025-12-31 00:00:00+00:00, run_after=2026-01-01 00:00:00+00:00
[2026-01-01T21:33:28.473+0000] {processor.py:183} INFO - Processing /opt/airflow/dags/prediction_features_pipeline.py took 0.105 seconds
[2026-01-01T21:33:59.145+0000] {processor.py:161} INFO - Started process (PID=21884) to work on /opt/airflow/dags/prediction_features_pipeline.py
[2026-01-01T21:33:59.148+0000] {processor.py:830} INFO - Processing file /opt/airflow/dags/prediction_features_pipeline.py for tasks to queue
[2026-01-01T21:33:59.150+0000] {logging_mixin.py:188} INFO - [2026-01-01T21:33:59.149+0000] {dagbag.py:538} INFO - Filling up the DagBag from /opt/airflow/dags/prediction_features_pipeline.py
[2026-01-01T21:33:59.202+0000] {processor.py:840} INFO - DAG(s) 'match_features_pipeline' retrieved from /opt/airflow/dags/prediction_features_pipeline.py
[2026-01-01T21:33:59.254+0000] {logging_mixin.py:188} INFO - [2026-01-01T21:33:59.253+0000] {dag.py:3036} INFO - Sync 1 DAGs
[2026-01-01T21:33:59.306+0000] {logging_mixin.py:188} INFO - [2026-01-01T21:33:59.305+0000] {dag.py:3823} INFO - Setting next_dagrun for match_features_pipeline to 2025-12-31 00:00:00+00:00, run_after=2026-01-01 00:00:00+00:00
[2026-01-01T21:33:59.360+0000] {processor.py:183} INFO - Processing /opt/airflow/dags/prediction_features_pipeline.py took 0.223 seconds
[2026-01-01T21:34:29.937+0000] {processor.py:161} INFO - Started process (PID=21904) to work on /opt/airflow/dags/prediction_features_pipeline.py
[2026-01-01T21:34:29.939+0000] {processor.py:830} INFO - Processing file /opt/airflow/dags/prediction_features_pipeline.py for tasks to queue
[2026-01-01T21:34:29.941+0000] {logging_mixin.py:188} INFO - [2026-01-01T21:34:29.941+0000] {dagbag.py:538} INFO - Filling up the DagBag from /opt/airflow/dags/prediction_features_pipeline.py
[2026-01-01T21:34:29.997+0000] {processor.py:840} INFO - DAG(s) 'match_features_pipeline' retrieved from /opt/airflow/dags/prediction_features_pipeline.py
[2026-01-01T21:34:30.048+0000] {logging_mixin.py:188} INFO - [2026-01-01T21:34:30.047+0000] {dag.py:3036} INFO - Sync 1 DAGs
[2026-01-01T21:34:30.097+0000] {logging_mixin.py:188} INFO - [2026-01-01T21:34:30.097+0000] {dag.py:3823} INFO - Setting next_dagrun for match_features_pipeline to 2025-12-31 00:00:00+00:00, run_after=2026-01-01 00:00:00+00:00
[2026-01-01T21:34:30.137+0000] {processor.py:183} INFO - Processing /opt/airflow/dags/prediction_features_pipeline.py took 0.211 seconds
[2026-01-01T21:35:00.710+0000] {processor.py:161} INFO - Started process (PID=21924) to work on /opt/airflow/dags/prediction_features_pipeline.py
[2026-01-01T21:35:00.713+0000] {processor.py:830} INFO - Processing file /opt/airflow/dags/prediction_features_pipeline.py for tasks to queue
[2026-01-01T21:35:00.716+0000] {logging_mixin.py:188} INFO - [2026-01-01T21:35:00.715+0000] {dagbag.py:538} INFO - Filling up the DagBag from /opt/airflow/dags/prediction_features_pipeline.py
[2026-01-01T21:35:00.762+0000] {processor.py:840} INFO - DAG(s) 'match_features_pipeline' retrieved from /opt/airflow/dags/prediction_features_pipeline.py
[2026-01-01T21:35:00.822+0000] {logging_mixin.py:188} INFO - [2026-01-01T21:35:00.822+0000] {dag.py:3036} INFO - Sync 1 DAGs
[2026-01-01T21:35:00.887+0000] {logging_mixin.py:188} INFO - [2026-01-01T21:35:00.887+0000] {dag.py:3823} INFO - Setting next_dagrun for match_features_pipeline to 2025-12-31 00:00:00+00:00, run_after=2026-01-01 00:00:00+00:00
[2026-01-01T21:35:00.982+0000] {processor.py:183} INFO - Processing /opt/airflow/dags/prediction_features_pipeline.py took 0.288 seconds
[2026-01-01T21:35:31.489+0000] {processor.py:161} INFO - Started process (PID=21944) to work on /opt/airflow/dags/prediction_features_pipeline.py
[2026-01-01T21:35:31.492+0000] {processor.py:830} INFO - Processing file /opt/airflow/dags/prediction_features_pipeline.py for tasks to queue
[2026-01-01T21:35:31.494+0000] {logging_mixin.py:188} INFO - [2026-01-01T21:35:31.494+0000] {dagbag.py:538} INFO - Filling up the DagBag from /opt/airflow/dags/prediction_features_pipeline.py
[2026-01-01T21:35:31.533+0000] {processor.py:840} INFO - DAG(s) 'match_features_pipeline' retrieved from /opt/airflow/dags/prediction_features_pipeline.py
[2026-01-01T21:35:31.575+0000] {logging_mixin.py:188} INFO - [2026-01-01T21:35:31.575+0000] {dag.py:3036} INFO - Sync 1 DAGs
[2026-01-01T21:35:31.620+0000] {logging_mixin.py:188} INFO - [2026-01-01T21:35:31.619+0000] {dag.py:3823} INFO - Setting next_dagrun for match_features_pipeline to 2025-12-31 00:00:00+00:00, run_after=2026-01-01 00:00:00+00:00
[2026-01-01T21:35:31.669+0000] {processor.py:183} INFO - Processing /opt/airflow/dags/prediction_features_pipeline.py took 0.186 seconds
[2026-01-01T21:36:02.362+0000] {processor.py:161} INFO - Started process (PID=21964) to work on /opt/airflow/dags/prediction_features_pipeline.py
[2026-01-01T21:36:02.364+0000] {processor.py:830} INFO - Processing file /opt/airflow/dags/prediction_features_pipeline.py for tasks to queue
[2026-01-01T21:36:02.366+0000] {logging_mixin.py:188} INFO - [2026-01-01T21:36:02.366+0000] {dagbag.py:538} INFO - Filling up the DagBag from /opt/airflow/dags/prediction_features_pipeline.py
[2026-01-01T21:36:02.413+0000] {processor.py:840} INFO - DAG(s) 'match_features_pipeline' retrieved from /opt/airflow/dags/prediction_features_pipeline.py
[2026-01-01T21:36:02.458+0000] {logging_mixin.py:188} INFO - [2026-01-01T21:36:02.457+0000] {dag.py:3036} INFO - Sync 1 DAGs
[2026-01-01T21:36:02.499+0000] {logging_mixin.py:188} INFO - [2026-01-01T21:36:02.498+0000] {dag.py:3823} INFO - Setting next_dagrun for match_features_pipeline to 2025-12-31 00:00:00+00:00, run_after=2026-01-01 00:00:00+00:00
[2026-01-01T21:36:02.533+0000] {processor.py:183} INFO - Processing /opt/airflow/dags/prediction_features_pipeline.py took 0.179 seconds
[2026-01-01T21:36:33.222+0000] {processor.py:161} INFO - Started process (PID=21984) to work on /opt/airflow/dags/prediction_features_pipeline.py
[2026-01-01T21:36:33.225+0000] {processor.py:830} INFO - Processing file /opt/airflow/dags/prediction_features_pipeline.py for tasks to queue
[2026-01-01T21:36:33.227+0000] {logging_mixin.py:188} INFO - [2026-01-01T21:36:33.227+0000] {dagbag.py:538} INFO - Filling up the DagBag from /opt/airflow/dags/prediction_features_pipeline.py
[2026-01-01T21:36:33.271+0000] {processor.py:840} INFO - DAG(s) 'match_features_pipeline' retrieved from /opt/airflow/dags/prediction_features_pipeline.py
[2026-01-01T21:36:33.326+0000] {logging_mixin.py:188} INFO - [2026-01-01T21:36:33.325+0000] {dag.py:3036} INFO - Sync 1 DAGs
[2026-01-01T21:36:33.376+0000] {logging_mixin.py:188} INFO - [2026-01-01T21:36:33.375+0000] {dag.py:3823} INFO - Setting next_dagrun for match_features_pipeline to 2025-12-31 00:00:00+00:00, run_after=2026-01-01 00:00:00+00:00
[2026-01-01T21:36:33.425+0000] {processor.py:183} INFO - Processing /opt/airflow/dags/prediction_features_pipeline.py took 0.209 seconds
[2026-01-01T21:37:04.033+0000] {processor.py:161} INFO - Started process (PID=22004) to work on /opt/airflow/dags/prediction_features_pipeline.py
[2026-01-01T21:37:04.035+0000] {processor.py:830} INFO - Processing file /opt/airflow/dags/prediction_features_pipeline.py for tasks to queue
[2026-01-01T21:37:04.037+0000] {logging_mixin.py:188} INFO - [2026-01-01T21:37:04.037+0000] {dagbag.py:538} INFO - Filling up the DagBag from /opt/airflow/dags/prediction_features_pipeline.py
[2026-01-01T21:37:04.081+0000] {processor.py:840} INFO - DAG(s) 'match_features_pipeline' retrieved from /opt/airflow/dags/prediction_features_pipeline.py
[2026-01-01T21:37:04.125+0000] {logging_mixin.py:188} INFO - [2026-01-01T21:37:04.124+0000] {dag.py:3036} INFO - Sync 1 DAGs
[2026-01-01T21:37:04.167+0000] {logging_mixin.py:188} INFO - [2026-01-01T21:37:04.167+0000] {dag.py:3823} INFO - Setting next_dagrun for match_features_pipeline to 2025-12-31 00:00:00+00:00, run_after=2026-01-01 00:00:00+00:00
[2026-01-01T21:37:04.201+0000] {processor.py:183} INFO - Processing /opt/airflow/dags/prediction_features_pipeline.py took 0.175 seconds
[2026-01-01T21:37:34.945+0000] {processor.py:161} INFO - Started process (PID=22024) to work on /opt/airflow/dags/prediction_features_pipeline.py
[2026-01-01T21:37:34.948+0000] {processor.py:830} INFO - Processing file /opt/airflow/dags/prediction_features_pipeline.py for tasks to queue
[2026-01-01T21:37:34.950+0000] {logging_mixin.py:188} INFO - [2026-01-01T21:37:34.949+0000] {dagbag.py:538} INFO - Filling up the DagBag from /opt/airflow/dags/prediction_features_pipeline.py
[2026-01-01T21:37:34.995+0000] {processor.py:840} INFO - DAG(s) 'match_features_pipeline' retrieved from /opt/airflow/dags/prediction_features_pipeline.py
[2026-01-01T21:37:35.048+0000] {logging_mixin.py:188} INFO - [2026-01-01T21:37:35.047+0000] {dag.py:3036} INFO - Sync 1 DAGs
[2026-01-01T21:37:35.102+0000] {logging_mixin.py:188} INFO - [2026-01-01T21:37:35.101+0000] {dag.py:3823} INFO - Setting next_dagrun for match_features_pipeline to 2025-12-31 00:00:00+00:00, run_after=2026-01-01 00:00:00+00:00
[2026-01-01T21:37:35.144+0000] {processor.py:183} INFO - Processing /opt/airflow/dags/prediction_features_pipeline.py took 0.212 seconds
[2026-01-01T21:38:05.665+0000] {processor.py:161} INFO - Started process (PID=22044) to work on /opt/airflow/dags/prediction_features_pipeline.py
[2026-01-01T21:38:05.667+0000] {processor.py:830} INFO - Processing file /opt/airflow/dags/prediction_features_pipeline.py for tasks to queue
[2026-01-01T21:38:05.669+0000] {logging_mixin.py:188} INFO - [2026-01-01T21:38:05.669+0000] {dagbag.py:538} INFO - Filling up the DagBag from /opt/airflow/dags/prediction_features_pipeline.py
[2026-01-01T21:38:05.713+0000] {processor.py:840} INFO - DAG(s) 'match_features_pipeline' retrieved from /opt/airflow/dags/prediction_features_pipeline.py
[2026-01-01T21:38:05.756+0000] {logging_mixin.py:188} INFO - [2026-01-01T21:38:05.755+0000] {dag.py:3036} INFO - Sync 1 DAGs
[2026-01-01T21:38:05.797+0000] {logging_mixin.py:188} INFO - [2026-01-01T21:38:05.796+0000] {dag.py:3823} INFO - Setting next_dagrun for match_features_pipeline to 2025-12-31 00:00:00+00:00, run_after=2026-01-01 00:00:00+00:00
[2026-01-01T21:38:05.847+0000] {processor.py:183} INFO - Processing /opt/airflow/dags/prediction_features_pipeline.py took 0.192 seconds
[2026-01-01T21:38:36.522+0000] {processor.py:161} INFO - Started process (PID=22064) to work on /opt/airflow/dags/prediction_features_pipeline.py
[2026-01-01T21:38:36.524+0000] {processor.py:830} INFO - Processing file /opt/airflow/dags/prediction_features_pipeline.py for tasks to queue
[2026-01-01T21:38:36.527+0000] {logging_mixin.py:188} INFO - [2026-01-01T21:38:36.526+0000] {dagbag.py:538} INFO - Filling up the DagBag from /opt/airflow/dags/prediction_features_pipeline.py
[2026-01-01T21:38:36.567+0000] {processor.py:840} INFO - DAG(s) 'match_features_pipeline' retrieved from /opt/airflow/dags/prediction_features_pipeline.py
[2026-01-01T21:38:36.614+0000] {logging_mixin.py:188} INFO - [2026-01-01T21:38:36.613+0000] {dag.py:3036} INFO - Sync 1 DAGs
[2026-01-01T21:38:36.665+0000] {logging_mixin.py:188} INFO - [2026-01-01T21:38:36.665+0000] {dag.py:3823} INFO - Setting next_dagrun for match_features_pipeline to 2025-12-31 00:00:00+00:00, run_after=2026-01-01 00:00:00+00:00
[2026-01-01T21:38:36.714+0000] {processor.py:183} INFO - Processing /opt/airflow/dags/prediction_features_pipeline.py took 0.200 seconds
[2026-01-01T21:39:07.339+0000] {processor.py:161} INFO - Started process (PID=22084) to work on /opt/airflow/dags/prediction_features_pipeline.py
[2026-01-01T21:39:07.341+0000] {processor.py:830} INFO - Processing file /opt/airflow/dags/prediction_features_pipeline.py for tasks to queue
[2026-01-01T21:39:07.343+0000] {logging_mixin.py:188} INFO - [2026-01-01T21:39:07.342+0000] {dagbag.py:538} INFO - Filling up the DagBag from /opt/airflow/dags/prediction_features_pipeline.py
[2026-01-01T21:39:07.384+0000] {processor.py:840} INFO - DAG(s) 'match_features_pipeline' retrieved from /opt/airflow/dags/prediction_features_pipeline.py
[2026-01-01T21:39:07.429+0000] {logging_mixin.py:188} INFO - [2026-01-01T21:39:07.429+0000] {dag.py:3036} INFO - Sync 1 DAGs
[2026-01-01T21:39:07.473+0000] {logging_mixin.py:188} INFO - [2026-01-01T21:39:07.473+0000] {dag.py:3823} INFO - Setting next_dagrun for match_features_pipeline to 2025-12-31 00:00:00+00:00, run_after=2026-01-01 00:00:00+00:00
[2026-01-01T21:39:07.536+0000] {processor.py:183} INFO - Processing /opt/airflow/dags/prediction_features_pipeline.py took 0.205 seconds
[2026-01-01T21:39:38.042+0000] {processor.py:161} INFO - Started process (PID=22104) to work on /opt/airflow/dags/prediction_features_pipeline.py
[2026-01-01T21:39:38.044+0000] {processor.py:830} INFO - Processing file /opt/airflow/dags/prediction_features_pipeline.py for tasks to queue
[2026-01-01T21:39:38.046+0000] {logging_mixin.py:188} INFO - [2026-01-01T21:39:38.045+0000] {dagbag.py:538} INFO - Filling up the DagBag from /opt/airflow/dags/prediction_features_pipeline.py
[2026-01-01T21:39:38.086+0000] {processor.py:840} INFO - DAG(s) 'match_features_pipeline' retrieved from /opt/airflow/dags/prediction_features_pipeline.py
[2026-01-01T21:39:38.129+0000] {logging_mixin.py:188} INFO - [2026-01-01T21:39:38.129+0000] {dag.py:3036} INFO - Sync 1 DAGs
[2026-01-01T21:39:38.189+0000] {logging_mixin.py:188} INFO - [2026-01-01T21:39:38.188+0000] {dag.py:3823} INFO - Setting next_dagrun for match_features_pipeline to 2025-12-31 00:00:00+00:00, run_after=2026-01-01 00:00:00+00:00
[2026-01-01T21:39:38.226+0000] {processor.py:183} INFO - Processing /opt/airflow/dags/prediction_features_pipeline.py took 0.190 seconds
[2026-01-01T21:40:08.806+0000] {processor.py:161} INFO - Started process (PID=22124) to work on /opt/airflow/dags/prediction_features_pipeline.py
[2026-01-01T21:40:08.809+0000] {processor.py:830} INFO - Processing file /opt/airflow/dags/prediction_features_pipeline.py for tasks to queue
[2026-01-01T21:40:08.811+0000] {logging_mixin.py:188} INFO - [2026-01-01T21:40:08.810+0000] {dagbag.py:538} INFO - Filling up the DagBag from /opt/airflow/dags/prediction_features_pipeline.py
[2026-01-01T21:40:08.863+0000] {processor.py:840} INFO - DAG(s) 'match_features_pipeline' retrieved from /opt/airflow/dags/prediction_features_pipeline.py
[2026-01-01T21:40:08.913+0000] {logging_mixin.py:188} INFO - [2026-01-01T21:40:08.913+0000] {dag.py:3036} INFO - Sync 1 DAGs
[2026-01-01T21:40:08.962+0000] {logging_mixin.py:188} INFO - [2026-01-01T21:40:08.962+0000] {dag.py:3823} INFO - Setting next_dagrun for match_features_pipeline to 2025-12-31 00:00:00+00:00, run_after=2026-01-01 00:00:00+00:00
[2026-01-01T21:40:08.997+0000] {processor.py:183} INFO - Processing /opt/airflow/dags/prediction_features_pipeline.py took 0.201 seconds
[2026-01-01T21:40:39.501+0000] {processor.py:161} INFO - Started process (PID=22144) to work on /opt/airflow/dags/prediction_features_pipeline.py
[2026-01-01T21:40:39.504+0000] {processor.py:830} INFO - Processing file /opt/airflow/dags/prediction_features_pipeline.py for tasks to queue
[2026-01-01T21:40:39.506+0000] {logging_mixin.py:188} INFO - [2026-01-01T21:40:39.505+0000] {dagbag.py:538} INFO - Filling up the DagBag from /opt/airflow/dags/prediction_features_pipeline.py
[2026-01-01T21:40:39.544+0000] {processor.py:840} INFO - DAG(s) 'match_features_pipeline' retrieved from /opt/airflow/dags/prediction_features_pipeline.py
[2026-01-01T21:40:39.593+0000] {logging_mixin.py:188} INFO - [2026-01-01T21:40:39.593+0000] {dag.py:3036} INFO - Sync 1 DAGs
[2026-01-01T21:40:39.643+0000] {logging_mixin.py:188} INFO - [2026-01-01T21:40:39.642+0000] {dag.py:3823} INFO - Setting next_dagrun for match_features_pipeline to 2025-12-31 00:00:00+00:00, run_after=2026-01-01 00:00:00+00:00
[2026-01-01T21:40:39.694+0000] {processor.py:183} INFO - Processing /opt/airflow/dags/prediction_features_pipeline.py took 0.201 seconds
[2026-01-01T21:41:10.196+0000] {processor.py:161} INFO - Started process (PID=22164) to work on /opt/airflow/dags/prediction_features_pipeline.py
[2026-01-01T21:41:10.200+0000] {processor.py:830} INFO - Processing file /opt/airflow/dags/prediction_features_pipeline.py for tasks to queue
[2026-01-01T21:41:10.202+0000] {logging_mixin.py:188} INFO - [2026-01-01T21:41:10.201+0000] {dagbag.py:538} INFO - Filling up the DagBag from /opt/airflow/dags/prediction_features_pipeline.py
[2026-01-01T21:41:10.245+0000] {processor.py:840} INFO - DAG(s) 'match_features_pipeline' retrieved from /opt/airflow/dags/prediction_features_pipeline.py
[2026-01-01T21:41:10.286+0000] {logging_mixin.py:188} INFO - [2026-01-01T21:41:10.286+0000] {dag.py:3036} INFO - Sync 1 DAGs
[2026-01-01T21:41:10.325+0000] {logging_mixin.py:188} INFO - [2026-01-01T21:41:10.325+0000] {dag.py:3823} INFO - Setting next_dagrun for match_features_pipeline to 2025-12-31 00:00:00+00:00, run_after=2026-01-01 00:00:00+00:00
[2026-01-01T21:41:10.374+0000] {processor.py:183} INFO - Processing /opt/airflow/dags/prediction_features_pipeline.py took 0.186 seconds
[2026-01-01T21:41:40.894+0000] {processor.py:161} INFO - Started process (PID=22184) to work on /opt/airflow/dags/prediction_features_pipeline.py
[2026-01-01T21:41:40.897+0000] {processor.py:830} INFO - Processing file /opt/airflow/dags/prediction_features_pipeline.py for tasks to queue
[2026-01-01T21:41:40.899+0000] {logging_mixin.py:188} INFO - [2026-01-01T21:41:40.898+0000] {dagbag.py:538} INFO - Filling up the DagBag from /opt/airflow/dags/prediction_features_pipeline.py
[2026-01-01T21:41:40.939+0000] {processor.py:840} INFO - DAG(s) 'match_features_pipeline' retrieved from /opt/airflow/dags/prediction_features_pipeline.py
[2026-01-01T21:41:40.981+0000] {logging_mixin.py:188} INFO - [2026-01-01T21:41:40.980+0000] {dag.py:3036} INFO - Sync 1 DAGs
[2026-01-01T21:41:41.031+0000] {logging_mixin.py:188} INFO - [2026-01-01T21:41:41.031+0000] {dag.py:3823} INFO - Setting next_dagrun for match_features_pipeline to 2025-12-31 00:00:00+00:00, run_after=2026-01-01 00:00:00+00:00
[2026-01-01T21:41:41.095+0000] {processor.py:183} INFO - Processing /opt/airflow/dags/prediction_features_pipeline.py took 0.211 seconds
[2026-01-01T21:42:11.650+0000] {processor.py:161} INFO - Started process (PID=22204) to work on /opt/airflow/dags/prediction_features_pipeline.py
[2026-01-01T21:42:11.652+0000] {processor.py:830} INFO - Processing file /opt/airflow/dags/prediction_features_pipeline.py for tasks to queue
[2026-01-01T21:42:11.654+0000] {logging_mixin.py:188} INFO - [2026-01-01T21:42:11.654+0000] {dagbag.py:538} INFO - Filling up the DagBag from /opt/airflow/dags/prediction_features_pipeline.py
[2026-01-01T21:42:11.715+0000] {processor.py:840} INFO - DAG(s) 'match_features_pipeline' retrieved from /opt/airflow/dags/prediction_features_pipeline.py
[2026-01-01T21:42:11.763+0000] {logging_mixin.py:188} INFO - [2026-01-01T21:42:11.763+0000] {dag.py:3036} INFO - Sync 1 DAGs
[2026-01-01T21:42:11.807+0000] {logging_mixin.py:188} INFO - [2026-01-01T21:42:11.807+0000] {dag.py:3823} INFO - Setting next_dagrun for match_features_pipeline to 2025-12-31 00:00:00+00:00, run_after=2026-01-01 00:00:00+00:00
[2026-01-01T21:42:11.841+0000] {processor.py:183} INFO - Processing /opt/airflow/dags/prediction_features_pipeline.py took 0.199 seconds
[2026-01-01T21:42:42.358+0000] {processor.py:161} INFO - Started process (PID=22224) to work on /opt/airflow/dags/prediction_features_pipeline.py
[2026-01-01T21:42:42.361+0000] {processor.py:830} INFO - Processing file /opt/airflow/dags/prediction_features_pipeline.py for tasks to queue
[2026-01-01T21:42:42.363+0000] {logging_mixin.py:188} INFO - [2026-01-01T21:42:42.362+0000] {dagbag.py:538} INFO - Filling up the DagBag from /opt/airflow/dags/prediction_features_pipeline.py
[2026-01-01T21:42:42.410+0000] {processor.py:840} INFO - DAG(s) 'match_features_pipeline' retrieved from /opt/airflow/dags/prediction_features_pipeline.py
[2026-01-01T21:42:42.461+0000] {logging_mixin.py:188} INFO - [2026-01-01T21:42:42.461+0000] {dag.py:3036} INFO - Sync 1 DAGs
[2026-01-01T21:42:42.509+0000] {logging_mixin.py:188} INFO - [2026-01-01T21:42:42.509+0000] {dag.py:3823} INFO - Setting next_dagrun for match_features_pipeline to 2025-12-31 00:00:00+00:00, run_after=2026-01-01 00:00:00+00:00
[2026-01-01T21:42:42.567+0000] {processor.py:183} INFO - Processing /opt/airflow/dags/prediction_features_pipeline.py took 0.216 seconds
[2026-01-01T21:43:13.173+0000] {processor.py:161} INFO - Started process (PID=22244) to work on /opt/airflow/dags/prediction_features_pipeline.py
[2026-01-01T21:43:13.176+0000] {processor.py:830} INFO - Processing file /opt/airflow/dags/prediction_features_pipeline.py for tasks to queue
[2026-01-01T21:43:13.178+0000] {logging_mixin.py:188} INFO - [2026-01-01T21:43:13.177+0000] {dagbag.py:538} INFO - Filling up the DagBag from /opt/airflow/dags/prediction_features_pipeline.py
[2026-01-01T21:43:13.226+0000] {processor.py:840} INFO - DAG(s) 'match_features_pipeline' retrieved from /opt/airflow/dags/prediction_features_pipeline.py
[2026-01-01T21:43:13.271+0000] {logging_mixin.py:188} INFO - [2026-01-01T21:43:13.271+0000] {dag.py:3036} INFO - Sync 1 DAGs
[2026-01-01T21:43:13.312+0000] {logging_mixin.py:188} INFO - [2026-01-01T21:43:13.312+0000] {dag.py:3823} INFO - Setting next_dagrun for match_features_pipeline to 2025-12-31 00:00:00+00:00, run_after=2026-01-01 00:00:00+00:00
[2026-01-01T21:43:13.369+0000] {processor.py:183} INFO - Processing /opt/airflow/dags/prediction_features_pipeline.py took 0.204 seconds
[2026-01-01T21:43:43.975+0000] {processor.py:161} INFO - Started process (PID=22264) to work on /opt/airflow/dags/prediction_features_pipeline.py
[2026-01-01T21:43:43.977+0000] {processor.py:830} INFO - Processing file /opt/airflow/dags/prediction_features_pipeline.py for tasks to queue
[2026-01-01T21:43:43.979+0000] {logging_mixin.py:188} INFO - [2026-01-01T21:43:43.979+0000] {dagbag.py:538} INFO - Filling up the DagBag from /opt/airflow/dags/prediction_features_pipeline.py
[2026-01-01T21:43:44.017+0000] {processor.py:840} INFO - DAG(s) 'match_features_pipeline' retrieved from /opt/airflow/dags/prediction_features_pipeline.py
[2026-01-01T21:43:44.063+0000] {logging_mixin.py:188} INFO - [2026-01-01T21:43:44.063+0000] {dag.py:3036} INFO - Sync 1 DAGs
[2026-01-01T21:43:44.105+0000] {logging_mixin.py:188} INFO - [2026-01-01T21:43:44.104+0000] {dag.py:3823} INFO - Setting next_dagrun for match_features_pipeline to 2025-12-31 00:00:00+00:00, run_after=2026-01-01 00:00:00+00:00
[2026-01-01T21:43:44.163+0000] {processor.py:183} INFO - Processing /opt/airflow/dags/prediction_features_pipeline.py took 0.194 seconds
[2026-01-01T21:44:14.701+0000] {processor.py:161} INFO - Started process (PID=22284) to work on /opt/airflow/dags/prediction_features_pipeline.py
[2026-01-01T21:44:14.705+0000] {processor.py:830} INFO - Processing file /opt/airflow/dags/prediction_features_pipeline.py for tasks to queue
[2026-01-01T21:44:14.707+0000] {logging_mixin.py:188} INFO - [2026-01-01T21:44:14.706+0000] {dagbag.py:538} INFO - Filling up the DagBag from /opt/airflow/dags/prediction_features_pipeline.py
[2026-01-01T21:44:14.749+0000] {processor.py:840} INFO - DAG(s) 'match_features_pipeline' retrieved from /opt/airflow/dags/prediction_features_pipeline.py
[2026-01-01T21:44:14.796+0000] {logging_mixin.py:188} INFO - [2026-01-01T21:44:14.795+0000] {dag.py:3036} INFO - Sync 1 DAGs
[2026-01-01T21:44:14.838+0000] {logging_mixin.py:188} INFO - [2026-01-01T21:44:14.837+0000] {dag.py:3823} INFO - Setting next_dagrun for match_features_pipeline to 2025-12-31 00:00:00+00:00, run_after=2026-01-01 00:00:00+00:00
[2026-01-01T21:44:14.893+0000] {processor.py:183} INFO - Processing /opt/airflow/dags/prediction_features_pipeline.py took 0.200 seconds
[2026-01-01T21:44:45.379+0000] {processor.py:161} INFO - Started process (PID=22304) to work on /opt/airflow/dags/prediction_features_pipeline.py
[2026-01-01T21:44:45.382+0000] {processor.py:830} INFO - Processing file /opt/airflow/dags/prediction_features_pipeline.py for tasks to queue
[2026-01-01T21:44:45.384+0000] {logging_mixin.py:188} INFO - [2026-01-01T21:44:45.384+0000] {dagbag.py:538} INFO - Filling up the DagBag from /opt/airflow/dags/prediction_features_pipeline.py
[2026-01-01T21:44:45.429+0000] {processor.py:840} INFO - DAG(s) 'match_features_pipeline' retrieved from /opt/airflow/dags/prediction_features_pipeline.py
[2026-01-01T21:44:45.473+0000] {logging_mixin.py:188} INFO - [2026-01-01T21:44:45.472+0000] {dag.py:3036} INFO - Sync 1 DAGs
[2026-01-01T21:44:45.513+0000] {logging_mixin.py:188} INFO - [2026-01-01T21:44:45.513+0000] {dag.py:3823} INFO - Setting next_dagrun for match_features_pipeline to 2025-12-31 00:00:00+00:00, run_after=2026-01-01 00:00:00+00:00
[2026-01-01T21:44:45.645+0000] {processor.py:183} INFO - Processing /opt/airflow/dags/prediction_features_pipeline.py took 0.274 seconds
[2026-01-01T21:45:16.366+0000] {processor.py:161} INFO - Started process (PID=22324) to work on /opt/airflow/dags/prediction_features_pipeline.py
[2026-01-01T21:45:16.368+0000] {processor.py:830} INFO - Processing file /opt/airflow/dags/prediction_features_pipeline.py for tasks to queue
[2026-01-01T21:45:16.371+0000] {logging_mixin.py:188} INFO - [2026-01-01T21:45:16.370+0000] {dagbag.py:538} INFO - Filling up the DagBag from /opt/airflow/dags/prediction_features_pipeline.py
[2026-01-01T21:45:16.415+0000] {processor.py:840} INFO - DAG(s) 'match_features_pipeline' retrieved from /opt/airflow/dags/prediction_features_pipeline.py
[2026-01-01T21:45:16.459+0000] {logging_mixin.py:188} INFO - [2026-01-01T21:45:16.458+0000] {dag.py:3036} INFO - Sync 1 DAGs
[2026-01-01T21:45:16.504+0000] {logging_mixin.py:188} INFO - [2026-01-01T21:45:16.503+0000] {dag.py:3823} INFO - Setting next_dagrun for match_features_pipeline to 2025-12-31 00:00:00+00:00, run_after=2026-01-01 00:00:00+00:00
[2026-01-01T21:45:16.537+0000] {processor.py:183} INFO - Processing /opt/airflow/dags/prediction_features_pipeline.py took 0.181 seconds
[2026-01-01T21:45:47.253+0000] {processor.py:161} INFO - Started process (PID=22344) to work on /opt/airflow/dags/prediction_features_pipeline.py
[2026-01-01T21:45:47.256+0000] {processor.py:830} INFO - Processing file /opt/airflow/dags/prediction_features_pipeline.py for tasks to queue
[2026-01-01T21:45:47.258+0000] {logging_mixin.py:188} INFO - [2026-01-01T21:45:47.258+0000] {dagbag.py:538} INFO - Filling up the DagBag from /opt/airflow/dags/prediction_features_pipeline.py
[2026-01-01T21:45:47.302+0000] {processor.py:840} INFO - DAG(s) 'match_features_pipeline' retrieved from /opt/airflow/dags/prediction_features_pipeline.py
[2026-01-01T21:45:47.346+0000] {logging_mixin.py:188} INFO - [2026-01-01T21:45:47.346+0000] {dag.py:3036} INFO - Sync 1 DAGs
[2026-01-01T21:45:47.392+0000] {logging_mixin.py:188} INFO - [2026-01-01T21:45:47.392+0000] {dag.py:3823} INFO - Setting next_dagrun for match_features_pipeline to 2025-12-31 00:00:00+00:00, run_after=2026-01-01 00:00:00+00:00
[2026-01-01T21:45:47.451+0000] {processor.py:183} INFO - Processing /opt/airflow/dags/prediction_features_pipeline.py took 0.205 seconds
[2026-01-01T21:46:17.993+0000] {processor.py:161} INFO - Started process (PID=22364) to work on /opt/airflow/dags/prediction_features_pipeline.py
[2026-01-01T21:46:17.996+0000] {processor.py:830} INFO - Processing file /opt/airflow/dags/prediction_features_pipeline.py for tasks to queue
[2026-01-01T21:46:17.999+0000] {logging_mixin.py:188} INFO - [2026-01-01T21:46:17.998+0000] {dagbag.py:538} INFO - Filling up the DagBag from /opt/airflow/dags/prediction_features_pipeline.py
[2026-01-01T21:46:18.042+0000] {processor.py:840} INFO - DAG(s) 'match_features_pipeline' retrieved from /opt/airflow/dags/prediction_features_pipeline.py
[2026-01-01T21:46:18.087+0000] {logging_mixin.py:188} INFO - [2026-01-01T21:46:18.087+0000] {dag.py:3036} INFO - Sync 1 DAGs
[2026-01-01T21:46:18.136+0000] {logging_mixin.py:188} INFO - [2026-01-01T21:46:18.135+0000] {dag.py:3823} INFO - Setting next_dagrun for match_features_pipeline to 2025-12-31 00:00:00+00:00, run_after=2026-01-01 00:00:00+00:00
[2026-01-01T21:46:18.170+0000] {processor.py:183} INFO - Processing /opt/airflow/dags/prediction_features_pipeline.py took 0.186 seconds
[2026-01-01T21:46:48.787+0000] {processor.py:161} INFO - Started process (PID=22384) to work on /opt/airflow/dags/prediction_features_pipeline.py
[2026-01-01T21:46:48.790+0000] {processor.py:830} INFO - Processing file /opt/airflow/dags/prediction_features_pipeline.py for tasks to queue
[2026-01-01T21:46:48.793+0000] {logging_mixin.py:188} INFO - [2026-01-01T21:46:48.792+0000] {dagbag.py:538} INFO - Filling up the DagBag from /opt/airflow/dags/prediction_features_pipeline.py
[2026-01-01T21:46:48.838+0000] {processor.py:840} INFO - DAG(s) 'match_features_pipeline' retrieved from /opt/airflow/dags/prediction_features_pipeline.py
[2026-01-01T21:46:48.884+0000] {logging_mixin.py:188} INFO - [2026-01-01T21:46:48.883+0000] {dag.py:3036} INFO - Sync 1 DAGs
[2026-01-01T21:46:48.933+0000] {logging_mixin.py:188} INFO - [2026-01-01T21:46:48.932+0000] {dag.py:3823} INFO - Setting next_dagrun for match_features_pipeline to 2025-12-31 00:00:00+00:00, run_after=2026-01-01 00:00:00+00:00
[2026-01-01T21:46:48.988+0000] {processor.py:183} INFO - Processing /opt/airflow/dags/prediction_features_pipeline.py took 0.207 seconds
[2026-01-01T21:47:19.453+0000] {processor.py:161} INFO - Started process (PID=22404) to work on /opt/airflow/dags/prediction_features_pipeline.py
[2026-01-01T21:47:19.457+0000] {processor.py:830} INFO - Processing file /opt/airflow/dags/prediction_features_pipeline.py for tasks to queue
[2026-01-01T21:47:19.459+0000] {logging_mixin.py:188} INFO - [2026-01-01T21:47:19.459+0000] {dagbag.py:538} INFO - Filling up the DagBag from /opt/airflow/dags/prediction_features_pipeline.py
[2026-01-01T21:47:19.499+0000] {processor.py:840} INFO - DAG(s) 'match_features_pipeline' retrieved from /opt/airflow/dags/prediction_features_pipeline.py
[2026-01-01T21:47:19.549+0000] {logging_mixin.py:188} INFO - [2026-01-01T21:47:19.549+0000] {dag.py:3036} INFO - Sync 1 DAGs
[2026-01-01T21:47:19.594+0000] {logging_mixin.py:188} INFO - [2026-01-01T21:47:19.594+0000] {dag.py:3823} INFO - Setting next_dagrun for match_features_pipeline to 2025-12-31 00:00:00+00:00, run_after=2026-01-01 00:00:00+00:00
[2026-01-01T21:47:19.626+0000] {processor.py:183} INFO - Processing /opt/airflow/dags/prediction_features_pipeline.py took 0.183 seconds
[2026-01-01T21:47:50.487+0000] {processor.py:161} INFO - Started process (PID=22424) to work on /opt/airflow/dags/prediction_features_pipeline.py
[2026-01-01T21:47:50.489+0000] {processor.py:830} INFO - Processing file /opt/airflow/dags/prediction_features_pipeline.py for tasks to queue
[2026-01-01T21:47:50.491+0000] {logging_mixin.py:188} INFO - [2026-01-01T21:47:50.491+0000] {dagbag.py:538} INFO - Filling up the DagBag from /opt/airflow/dags/prediction_features_pipeline.py
[2026-01-01T21:47:50.533+0000] {processor.py:840} INFO - DAG(s) 'match_features_pipeline' retrieved from /opt/airflow/dags/prediction_features_pipeline.py
[2026-01-01T21:47:50.582+0000] {logging_mixin.py:188} INFO - [2026-01-01T21:47:50.581+0000] {dag.py:3036} INFO - Sync 1 DAGs
[2026-01-01T21:47:50.629+0000] {logging_mixin.py:188} INFO - [2026-01-01T21:47:50.629+0000] {dag.py:3823} INFO - Setting next_dagrun for match_features_pipeline to 2025-12-31 00:00:00+00:00, run_after=2026-01-01 00:00:00+00:00
[2026-01-01T21:47:50.690+0000] {processor.py:183} INFO - Processing /opt/airflow/dags/prediction_features_pipeline.py took 0.209 seconds
[2026-01-01T21:48:21.332+0000] {processor.py:161} INFO - Started process (PID=22444) to work on /opt/airflow/dags/prediction_features_pipeline.py
[2026-01-01T21:48:21.336+0000] {processor.py:830} INFO - Processing file /opt/airflow/dags/prediction_features_pipeline.py for tasks to queue
[2026-01-01T21:48:21.338+0000] {logging_mixin.py:188} INFO - [2026-01-01T21:48:21.337+0000] {dagbag.py:538} INFO - Filling up the DagBag from /opt/airflow/dags/prediction_features_pipeline.py
[2026-01-01T21:48:21.380+0000] {processor.py:840} INFO - DAG(s) 'match_features_pipeline' retrieved from /opt/airflow/dags/prediction_features_pipeline.py
[2026-01-01T21:48:21.429+0000] {logging_mixin.py:188} INFO - [2026-01-01T21:48:21.428+0000] {dag.py:3036} INFO - Sync 1 DAGs
[2026-01-01T21:48:21.495+0000] {logging_mixin.py:188} INFO - [2026-01-01T21:48:21.494+0000] {dag.py:3823} INFO - Setting next_dagrun for match_features_pipeline to 2025-12-31 00:00:00+00:00, run_after=2026-01-01 00:00:00+00:00
[2026-01-01T21:48:21.537+0000] {processor.py:183} INFO - Processing /opt/airflow/dags/prediction_features_pipeline.py took 0.214 seconds
[2026-01-01T21:48:52.264+0000] {processor.py:161} INFO - Started process (PID=22464) to work on /opt/airflow/dags/prediction_features_pipeline.py
[2026-01-01T21:48:52.266+0000] {processor.py:830} INFO - Processing file /opt/airflow/dags/prediction_features_pipeline.py for tasks to queue
[2026-01-01T21:48:52.268+0000] {logging_mixin.py:188} INFO - [2026-01-01T21:48:52.268+0000] {dagbag.py:538} INFO - Filling up the DagBag from /opt/airflow/dags/prediction_features_pipeline.py
[2026-01-01T21:48:52.310+0000] {processor.py:840} INFO - DAG(s) 'match_features_pipeline' retrieved from /opt/airflow/dags/prediction_features_pipeline.py
[2026-01-01T21:48:52.353+0000] {logging_mixin.py:188} INFO - [2026-01-01T21:48:52.352+0000] {dag.py:3036} INFO - Sync 1 DAGs
[2026-01-01T21:48:52.397+0000] {logging_mixin.py:188} INFO - [2026-01-01T21:48:52.397+0000] {dag.py:3823} INFO - Setting next_dagrun for match_features_pipeline to 2025-12-31 00:00:00+00:00, run_after=2026-01-01 00:00:00+00:00
[2026-01-01T21:48:52.456+0000] {processor.py:183} INFO - Processing /opt/airflow/dags/prediction_features_pipeline.py took 0.199 seconds
[2026-01-01T21:49:23.082+0000] {processor.py:161} INFO - Started process (PID=22484) to work on /opt/airflow/dags/prediction_features_pipeline.py
[2026-01-01T21:49:23.085+0000] {processor.py:830} INFO - Processing file /opt/airflow/dags/prediction_features_pipeline.py for tasks to queue
[2026-01-01T21:49:23.087+0000] {logging_mixin.py:188} INFO - [2026-01-01T21:49:23.087+0000] {dagbag.py:538} INFO - Filling up the DagBag from /opt/airflow/dags/prediction_features_pipeline.py
[2026-01-01T21:49:23.128+0000] {processor.py:840} INFO - DAG(s) 'match_features_pipeline' retrieved from /opt/airflow/dags/prediction_features_pipeline.py
[2026-01-01T21:49:23.174+0000] {logging_mixin.py:188} INFO - [2026-01-01T21:49:23.174+0000] {dag.py:3036} INFO - Sync 1 DAGs
[2026-01-01T21:49:23.215+0000] {logging_mixin.py:188} INFO - [2026-01-01T21:49:23.214+0000] {dag.py:3823} INFO - Setting next_dagrun for match_features_pipeline to 2025-12-31 00:00:00+00:00, run_after=2026-01-01 00:00:00+00:00
[2026-01-01T21:49:23.282+0000] {processor.py:183} INFO - Processing /opt/airflow/dags/prediction_features_pipeline.py took 0.208 seconds
[2026-01-01T21:49:53.790+0000] {processor.py:161} INFO - Started process (PID=22504) to work on /opt/airflow/dags/prediction_features_pipeline.py
[2026-01-01T21:49:53.792+0000] {processor.py:830} INFO - Processing file /opt/airflow/dags/prediction_features_pipeline.py for tasks to queue
[2026-01-01T21:49:53.795+0000] {logging_mixin.py:188} INFO - [2026-01-01T21:49:53.794+0000] {dagbag.py:538} INFO - Filling up the DagBag from /opt/airflow/dags/prediction_features_pipeline.py
[2026-01-01T21:49:53.832+0000] {processor.py:840} INFO - DAG(s) 'match_features_pipeline' retrieved from /opt/airflow/dags/prediction_features_pipeline.py
[2026-01-01T21:49:53.874+0000] {logging_mixin.py:188} INFO - [2026-01-01T21:49:53.873+0000] {dag.py:3036} INFO - Sync 1 DAGs
[2026-01-01T21:49:53.922+0000] {logging_mixin.py:188} INFO - [2026-01-01T21:49:53.922+0000] {dag.py:3823} INFO - Setting next_dagrun for match_features_pipeline to 2025-12-31 00:00:00+00:00, run_after=2026-01-01 00:00:00+00:00
[2026-01-01T21:49:53.962+0000] {processor.py:183} INFO - Processing /opt/airflow/dags/prediction_features_pipeline.py took 0.180 seconds
[2026-01-01T21:50:24.655+0000] {processor.py:161} INFO - Started process (PID=22524) to work on /opt/airflow/dags/prediction_features_pipeline.py
[2026-01-01T21:50:24.657+0000] {processor.py:830} INFO - Processing file /opt/airflow/dags/prediction_features_pipeline.py for tasks to queue
[2026-01-01T21:50:24.659+0000] {logging_mixin.py:188} INFO - [2026-01-01T21:50:24.659+0000] {dagbag.py:538} INFO - Filling up the DagBag from /opt/airflow/dags/prediction_features_pipeline.py
[2026-01-01T21:50:24.699+0000] {processor.py:840} INFO - DAG(s) 'match_features_pipeline' retrieved from /opt/airflow/dags/prediction_features_pipeline.py
[2026-01-01T21:50:24.747+0000] {logging_mixin.py:188} INFO - [2026-01-01T21:50:24.746+0000] {dag.py:3036} INFO - Sync 1 DAGs
[2026-01-01T21:50:24.792+0000] {logging_mixin.py:188} INFO - [2026-01-01T21:50:24.792+0000] {dag.py:3823} INFO - Setting next_dagrun for match_features_pipeline to 2025-12-31 00:00:00+00:00, run_after=2026-01-01 00:00:00+00:00
[2026-01-01T21:50:24.826+0000] {processor.py:183} INFO - Processing /opt/airflow/dags/prediction_features_pipeline.py took 0.179 seconds
[2026-01-01T21:50:55.526+0000] {processor.py:161} INFO - Started process (PID=22544) to work on /opt/airflow/dags/prediction_features_pipeline.py
[2026-01-01T21:50:55.528+0000] {processor.py:830} INFO - Processing file /opt/airflow/dags/prediction_features_pipeline.py for tasks to queue
[2026-01-01T21:50:55.530+0000] {logging_mixin.py:188} INFO - [2026-01-01T21:50:55.529+0000] {dagbag.py:538} INFO - Filling up the DagBag from /opt/airflow/dags/prediction_features_pipeline.py
[2026-01-01T21:50:55.568+0000] {processor.py:840} INFO - DAG(s) 'match_features_pipeline' retrieved from /opt/airflow/dags/prediction_features_pipeline.py
[2026-01-01T21:50:55.609+0000] {logging_mixin.py:188} INFO - [2026-01-01T21:50:55.609+0000] {dag.py:3036} INFO - Sync 1 DAGs
[2026-01-01T21:50:55.651+0000] {logging_mixin.py:188} INFO - [2026-01-01T21:50:55.651+0000] {dag.py:3823} INFO - Setting next_dagrun for match_features_pipeline to 2025-12-31 00:00:00+00:00, run_after=2026-01-01 00:00:00+00:00
[2026-01-01T21:50:55.687+0000] {processor.py:183} INFO - Processing /opt/airflow/dags/prediction_features_pipeline.py took 0.170 seconds
[2026-01-01T21:51:26.388+0000] {processor.py:161} INFO - Started process (PID=22564) to work on /opt/airflow/dags/prediction_features_pipeline.py
[2026-01-01T21:51:26.391+0000] {processor.py:830} INFO - Processing file /opt/airflow/dags/prediction_features_pipeline.py for tasks to queue
[2026-01-01T21:51:26.392+0000] {logging_mixin.py:188} INFO - [2026-01-01T21:51:26.392+0000] {dagbag.py:538} INFO - Filling up the DagBag from /opt/airflow/dags/prediction_features_pipeline.py
[2026-01-01T21:51:26.431+0000] {processor.py:840} INFO - DAG(s) 'match_features_pipeline' retrieved from /opt/airflow/dags/prediction_features_pipeline.py
[2026-01-01T21:51:26.476+0000] {logging_mixin.py:188} INFO - [2026-01-01T21:51:26.476+0000] {dag.py:3036} INFO - Sync 1 DAGs
[2026-01-01T21:51:26.523+0000] {logging_mixin.py:188} INFO - [2026-01-01T21:51:26.522+0000] {dag.py:3823} INFO - Setting next_dagrun for match_features_pipeline to 2025-12-31 00:00:00+00:00, run_after=2026-01-01 00:00:00+00:00
[2026-01-01T21:51:26.583+0000] {processor.py:183} INFO - Processing /opt/airflow/dags/prediction_features_pipeline.py took 0.201 seconds
[2026-01-01T21:51:57.120+0000] {processor.py:161} INFO - Started process (PID=22584) to work on /opt/airflow/dags/prediction_features_pipeline.py
[2026-01-01T21:51:57.122+0000] {processor.py:830} INFO - Processing file /opt/airflow/dags/prediction_features_pipeline.py for tasks to queue
[2026-01-01T21:51:57.124+0000] {logging_mixin.py:188} INFO - [2026-01-01T21:51:57.123+0000] {dagbag.py:538} INFO - Filling up the DagBag from /opt/airflow/dags/prediction_features_pipeline.py
[2026-01-01T21:51:57.165+0000] {processor.py:840} INFO - DAG(s) 'match_features_pipeline' retrieved from /opt/airflow/dags/prediction_features_pipeline.py
[2026-01-01T21:51:57.209+0000] {logging_mixin.py:188} INFO - [2026-01-01T21:51:57.209+0000] {dag.py:3036} INFO - Sync 1 DAGs
[2026-01-01T21:51:57.250+0000] {logging_mixin.py:188} INFO - [2026-01-01T21:51:57.250+0000] {dag.py:3823} INFO - Setting next_dagrun for match_features_pipeline to 2025-12-31 00:00:00+00:00, run_after=2026-01-01 00:00:00+00:00
[2026-01-01T21:51:57.299+0000] {processor.py:183} INFO - Processing /opt/airflow/dags/prediction_features_pipeline.py took 0.185 seconds
[2026-01-01T21:52:27.805+0000] {processor.py:161} INFO - Started process (PID=22604) to work on /opt/airflow/dags/prediction_features_pipeline.py
[2026-01-01T21:52:27.807+0000] {processor.py:830} INFO - Processing file /opt/airflow/dags/prediction_features_pipeline.py for tasks to queue
[2026-01-01T21:52:27.809+0000] {logging_mixin.py:188} INFO - [2026-01-01T21:52:27.809+0000] {dagbag.py:538} INFO - Filling up the DagBag from /opt/airflow/dags/prediction_features_pipeline.py
[2026-01-01T21:52:27.851+0000] {processor.py:840} INFO - DAG(s) 'match_features_pipeline' retrieved from /opt/airflow/dags/prediction_features_pipeline.py
[2026-01-01T21:52:27.904+0000] {logging_mixin.py:188} INFO - [2026-01-01T21:52:27.904+0000] {dag.py:3036} INFO - Sync 1 DAGs
[2026-01-01T21:52:27.955+0000] {logging_mixin.py:188} INFO - [2026-01-01T21:52:27.955+0000] {dag.py:3823} INFO - Setting next_dagrun for match_features_pipeline to 2025-12-31 00:00:00+00:00, run_after=2026-01-01 00:00:00+00:00
[2026-01-01T21:52:27.989+0000] {processor.py:183} INFO - Processing /opt/airflow/dags/prediction_features_pipeline.py took 0.190 seconds
[2026-01-01T21:52:58.692+0000] {processor.py:161} INFO - Started process (PID=22624) to work on /opt/airflow/dags/prediction_features_pipeline.py
[2026-01-01T21:52:58.694+0000] {processor.py:830} INFO - Processing file /opt/airflow/dags/prediction_features_pipeline.py for tasks to queue
[2026-01-01T21:52:58.697+0000] {logging_mixin.py:188} INFO - [2026-01-01T21:52:58.696+0000] {dagbag.py:538} INFO - Filling up the DagBag from /opt/airflow/dags/prediction_features_pipeline.py
[2026-01-01T21:52:58.741+0000] {processor.py:840} INFO - DAG(s) 'match_features_pipeline' retrieved from /opt/airflow/dags/prediction_features_pipeline.py
[2026-01-01T21:52:58.788+0000] {logging_mixin.py:188} INFO - [2026-01-01T21:52:58.787+0000] {dag.py:3036} INFO - Sync 1 DAGs
[2026-01-01T21:52:58.835+0000] {logging_mixin.py:188} INFO - [2026-01-01T21:52:58.835+0000] {dag.py:3823} INFO - Setting next_dagrun for match_features_pipeline to 2025-12-31 00:00:00+00:00, run_after=2026-01-01 00:00:00+00:00
[2026-01-01T21:52:58.894+0000] {processor.py:183} INFO - Processing /opt/airflow/dags/prediction_features_pipeline.py took 0.208 seconds
[2026-01-01T21:53:29.558+0000] {processor.py:161} INFO - Started process (PID=22644) to work on /opt/airflow/dags/prediction_features_pipeline.py
[2026-01-01T21:53:29.560+0000] {processor.py:830} INFO - Processing file /opt/airflow/dags/prediction_features_pipeline.py for tasks to queue
[2026-01-01T21:53:29.563+0000] {logging_mixin.py:188} INFO - [2026-01-01T21:53:29.562+0000] {dagbag.py:538} INFO - Filling up the DagBag from /opt/airflow/dags/prediction_features_pipeline.py
[2026-01-01T21:53:29.605+0000] {processor.py:840} INFO - DAG(s) 'match_features_pipeline' retrieved from /opt/airflow/dags/prediction_features_pipeline.py
[2026-01-01T21:53:29.647+0000] {logging_mixin.py:188} INFO - [2026-01-01T21:53:29.647+0000] {dag.py:3036} INFO - Sync 1 DAGs
[2026-01-01T21:53:29.686+0000] {logging_mixin.py:188} INFO - [2026-01-01T21:53:29.685+0000] {dag.py:3823} INFO - Setting next_dagrun for match_features_pipeline to 2025-12-31 00:00:00+00:00, run_after=2026-01-01 00:00:00+00:00
[2026-01-01T21:53:29.718+0000] {processor.py:183} INFO - Processing /opt/airflow/dags/prediction_features_pipeline.py took 0.167 seconds
[2026-01-01T21:54:00.463+0000] {processor.py:161} INFO - Started process (PID=22664) to work on /opt/airflow/dags/prediction_features_pipeline.py
[2026-01-01T21:54:00.466+0000] {processor.py:830} INFO - Processing file /opt/airflow/dags/prediction_features_pipeline.py for tasks to queue
[2026-01-01T21:54:00.468+0000] {logging_mixin.py:188} INFO - [2026-01-01T21:54:00.467+0000] {dagbag.py:538} INFO - Filling up the DagBag from /opt/airflow/dags/prediction_features_pipeline.py
[2026-01-01T21:54:00.519+0000] {processor.py:840} INFO - DAG(s) 'match_features_pipeline' retrieved from /opt/airflow/dags/prediction_features_pipeline.py
[2026-01-01T21:54:00.571+0000] {logging_mixin.py:188} INFO - [2026-01-01T21:54:00.570+0000] {dag.py:3036} INFO - Sync 1 DAGs
[2026-01-01T21:54:00.624+0000] {logging_mixin.py:188} INFO - [2026-01-01T21:54:00.624+0000] {dag.py:3823} INFO - Setting next_dagrun for match_features_pipeline to 2025-12-31 00:00:00+00:00, run_after=2026-01-01 00:00:00+00:00
[2026-01-01T21:54:00.671+0000] {processor.py:183} INFO - Processing /opt/airflow/dags/prediction_features_pipeline.py took 0.213 seconds
[2026-01-01T21:54:31.470+0000] {processor.py:161} INFO - Started process (PID=22684) to work on /opt/airflow/dags/prediction_features_pipeline.py
[2026-01-01T21:54:31.473+0000] {processor.py:830} INFO - Processing file /opt/airflow/dags/prediction_features_pipeline.py for tasks to queue
[2026-01-01T21:54:31.475+0000] {logging_mixin.py:188} INFO - [2026-01-01T21:54:31.475+0000] {dagbag.py:538} INFO - Filling up the DagBag from /opt/airflow/dags/prediction_features_pipeline.py
[2026-01-01T21:54:31.512+0000] {processor.py:840} INFO - DAG(s) 'match_features_pipeline' retrieved from /opt/airflow/dags/prediction_features_pipeline.py
[2026-01-01T21:54:31.548+0000] {logging_mixin.py:188} INFO - [2026-01-01T21:54:31.547+0000] {dag.py:3036} INFO - Sync 1 DAGs
[2026-01-01T21:54:31.588+0000] {logging_mixin.py:188} INFO - [2026-01-01T21:54:31.587+0000] {dag.py:3823} INFO - Setting next_dagrun for match_features_pipeline to 2025-12-31 00:00:00+00:00, run_after=2026-01-01 00:00:00+00:00
[2026-01-01T21:54:31.629+0000] {processor.py:183} INFO - Processing /opt/airflow/dags/prediction_features_pipeline.py took 0.167 seconds
[2026-01-01T21:55:02.282+0000] {processor.py:161} INFO - Started process (PID=22704) to work on /opt/airflow/dags/prediction_features_pipeline.py
[2026-01-01T21:55:02.289+0000] {processor.py:830} INFO - Processing file /opt/airflow/dags/prediction_features_pipeline.py for tasks to queue
[2026-01-01T21:55:02.292+0000] {logging_mixin.py:188} INFO - [2026-01-01T21:55:02.291+0000] {dagbag.py:538} INFO - Filling up the DagBag from /opt/airflow/dags/prediction_features_pipeline.py
[2026-01-01T21:55:02.345+0000] {processor.py:840} INFO - DAG(s) 'match_features_pipeline' retrieved from /opt/airflow/dags/prediction_features_pipeline.py
[2026-01-01T21:55:02.405+0000] {logging_mixin.py:188} INFO - [2026-01-01T21:55:02.404+0000] {dag.py:3036} INFO - Sync 1 DAGs
[2026-01-01T21:55:02.456+0000] {logging_mixin.py:188} INFO - [2026-01-01T21:55:02.455+0000] {dag.py:3823} INFO - Setting next_dagrun for match_features_pipeline to 2025-12-31 00:00:00+00:00, run_after=2026-01-01 00:00:00+00:00
[2026-01-01T21:55:02.502+0000] {processor.py:183} INFO - Processing /opt/airflow/dags/prediction_features_pipeline.py took 0.228 seconds
[2026-01-01T21:55:33.180+0000] {processor.py:161} INFO - Started process (PID=22724) to work on /opt/airflow/dags/prediction_features_pipeline.py
[2026-01-01T21:55:33.186+0000] {processor.py:830} INFO - Processing file /opt/airflow/dags/prediction_features_pipeline.py for tasks to queue
[2026-01-01T21:55:33.188+0000] {logging_mixin.py:188} INFO - [2026-01-01T21:55:33.187+0000] {dagbag.py:538} INFO - Filling up the DagBag from /opt/airflow/dags/prediction_features_pipeline.py
[2026-01-01T21:55:33.233+0000] {processor.py:840} INFO - DAG(s) 'match_features_pipeline' retrieved from /opt/airflow/dags/prediction_features_pipeline.py
[2026-01-01T21:55:33.278+0000] {logging_mixin.py:188} INFO - [2026-01-01T21:55:33.278+0000] {dag.py:3036} INFO - Sync 1 DAGs
[2026-01-01T21:55:33.324+0000] {logging_mixin.py:188} INFO - [2026-01-01T21:55:33.324+0000] {dag.py:3823} INFO - Setting next_dagrun for match_features_pipeline to 2025-12-31 00:00:00+00:00, run_after=2026-01-01 00:00:00+00:00
[2026-01-01T21:55:33.395+0000] {processor.py:183} INFO - Processing /opt/airflow/dags/prediction_features_pipeline.py took 0.221 seconds
[2026-01-01T21:56:04.045+0000] {processor.py:161} INFO - Started process (PID=22744) to work on /opt/airflow/dags/prediction_features_pipeline.py
[2026-01-01T21:56:04.048+0000] {processor.py:830} INFO - Processing file /opt/airflow/dags/prediction_features_pipeline.py for tasks to queue
[2026-01-01T21:56:04.055+0000] {logging_mixin.py:188} INFO - [2026-01-01T21:56:04.050+0000] {dagbag.py:538} INFO - Filling up the DagBag from /opt/airflow/dags/prediction_features_pipeline.py
[2026-01-01T21:56:04.127+0000] {processor.py:840} INFO - DAG(s) 'match_features_pipeline' retrieved from /opt/airflow/dags/prediction_features_pipeline.py
[2026-01-01T21:56:04.190+0000] {logging_mixin.py:188} INFO - [2026-01-01T21:56:04.189+0000] {dag.py:3036} INFO - Sync 1 DAGs
[2026-01-01T21:56:04.249+0000] {logging_mixin.py:188} INFO - [2026-01-01T21:56:04.248+0000] {dag.py:3823} INFO - Setting next_dagrun for match_features_pipeline to 2025-12-31 00:00:00+00:00, run_after=2026-01-01 00:00:00+00:00
[2026-01-01T21:56:04.304+0000] {processor.py:183} INFO - Processing /opt/airflow/dags/prediction_features_pipeline.py took 0.267 seconds
[2026-01-01T21:56:34.946+0000] {processor.py:161} INFO - Started process (PID=22764) to work on /opt/airflow/dags/prediction_features_pipeline.py
[2026-01-01T21:56:34.948+0000] {processor.py:830} INFO - Processing file /opt/airflow/dags/prediction_features_pipeline.py for tasks to queue
[2026-01-01T21:56:34.950+0000] {logging_mixin.py:188} INFO - [2026-01-01T21:56:34.949+0000] {dagbag.py:538} INFO - Filling up the DagBag from /opt/airflow/dags/prediction_features_pipeline.py
[2026-01-01T21:56:34.999+0000] {processor.py:840} INFO - DAG(s) 'match_features_pipeline' retrieved from /opt/airflow/dags/prediction_features_pipeline.py
[2026-01-01T21:56:35.046+0000] {logging_mixin.py:188} INFO - [2026-01-01T21:56:35.046+0000] {dag.py:3036} INFO - Sync 1 DAGs
[2026-01-01T21:56:35.095+0000] {logging_mixin.py:188} INFO - [2026-01-01T21:56:35.095+0000] {dag.py:3823} INFO - Setting next_dagrun for match_features_pipeline to 2025-12-31 00:00:00+00:00, run_after=2026-01-01 00:00:00+00:00
[2026-01-01T21:56:35.161+0000] {processor.py:183} INFO - Processing /opt/airflow/dags/prediction_features_pipeline.py took 0.220 seconds
[2026-01-01T21:57:05.834+0000] {processor.py:161} INFO - Started process (PID=22784) to work on /opt/airflow/dags/prediction_features_pipeline.py
[2026-01-01T21:57:05.840+0000] {processor.py:830} INFO - Processing file /opt/airflow/dags/prediction_features_pipeline.py for tasks to queue
[2026-01-01T21:57:05.843+0000] {logging_mixin.py:188} INFO - [2026-01-01T21:57:05.843+0000] {dagbag.py:538} INFO - Filling up the DagBag from /opt/airflow/dags/prediction_features_pipeline.py
[2026-01-01T21:57:05.900+0000] {processor.py:840} INFO - DAG(s) 'match_features_pipeline' retrieved from /opt/airflow/dags/prediction_features_pipeline.py
[2026-01-01T21:57:05.961+0000] {logging_mixin.py:188} INFO - [2026-01-01T21:57:05.960+0000] {dag.py:3036} INFO - Sync 1 DAGs
[2026-01-01T21:57:06.021+0000] {logging_mixin.py:188} INFO - [2026-01-01T21:57:06.019+0000] {dag.py:3823} INFO - Setting next_dagrun for match_features_pipeline to 2025-12-31 00:00:00+00:00, run_after=2026-01-01 00:00:00+00:00
[2026-01-01T21:57:06.084+0000] {processor.py:183} INFO - Processing /opt/airflow/dags/prediction_features_pipeline.py took 0.257 seconds
[2026-01-01T21:57:36.695+0000] {processor.py:161} INFO - Started process (PID=22804) to work on /opt/airflow/dags/prediction_features_pipeline.py
[2026-01-01T21:57:36.697+0000] {processor.py:830} INFO - Processing file /opt/airflow/dags/prediction_features_pipeline.py for tasks to queue
[2026-01-01T21:57:36.698+0000] {logging_mixin.py:188} INFO - [2026-01-01T21:57:36.698+0000] {dagbag.py:538} INFO - Filling up the DagBag from /opt/airflow/dags/prediction_features_pipeline.py
[2026-01-01T21:57:36.748+0000] {processor.py:840} INFO - DAG(s) 'match_features_pipeline' retrieved from /opt/airflow/dags/prediction_features_pipeline.py
[2026-01-01T21:57:36.793+0000] {logging_mixin.py:188} INFO - [2026-01-01T21:57:36.792+0000] {dag.py:3036} INFO - Sync 1 DAGs
[2026-01-01T21:57:36.836+0000] {logging_mixin.py:188} INFO - [2026-01-01T21:57:36.835+0000] {dag.py:3823} INFO - Setting next_dagrun for match_features_pipeline to 2025-12-31 00:00:00+00:00, run_after=2026-01-01 00:00:00+00:00
[2026-01-01T21:57:36.895+0000] {processor.py:183} INFO - Processing /opt/airflow/dags/prediction_features_pipeline.py took 0.206 seconds
[2026-01-01T21:58:07.793+0000] {processor.py:161} INFO - Started process (PID=22824) to work on /opt/airflow/dags/prediction_features_pipeline.py
[2026-01-01T21:58:07.796+0000] {processor.py:830} INFO - Processing file /opt/airflow/dags/prediction_features_pipeline.py for tasks to queue
[2026-01-01T21:58:07.800+0000] {logging_mixin.py:188} INFO - [2026-01-01T21:58:07.798+0000] {dagbag.py:538} INFO - Filling up the DagBag from /opt/airflow/dags/prediction_features_pipeline.py
[2026-01-01T21:58:07.858+0000] {processor.py:840} INFO - DAG(s) 'match_features_pipeline' retrieved from /opt/airflow/dags/prediction_features_pipeline.py
[2026-01-01T21:58:07.912+0000] {logging_mixin.py:188} INFO - [2026-01-01T21:58:07.912+0000] {dag.py:3036} INFO - Sync 1 DAGs
[2026-01-01T21:58:07.974+0000] {logging_mixin.py:188} INFO - [2026-01-01T21:58:07.973+0000] {dag.py:3823} INFO - Setting next_dagrun for match_features_pipeline to 2025-12-31 00:00:00+00:00, run_after=2026-01-01 00:00:00+00:00
[2026-01-01T21:58:08.025+0000] {processor.py:183} INFO - Processing /opt/airflow/dags/prediction_features_pipeline.py took 0.244 seconds
[2026-01-01T21:58:38.982+0000] {processor.py:161} INFO - Started process (PID=22844) to work on /opt/airflow/dags/prediction_features_pipeline.py
[2026-01-01T21:58:38.986+0000] {processor.py:830} INFO - Processing file /opt/airflow/dags/prediction_features_pipeline.py for tasks to queue
[2026-01-01T21:58:38.989+0000] {logging_mixin.py:188} INFO - [2026-01-01T21:58:38.988+0000] {dagbag.py:538} INFO - Filling up the DagBag from /opt/airflow/dags/prediction_features_pipeline.py
[2026-01-01T21:58:39.055+0000] {processor.py:840} INFO - DAG(s) 'match_features_pipeline' retrieved from /opt/airflow/dags/prediction_features_pipeline.py
[2026-01-01T21:58:39.117+0000] {logging_mixin.py:188} INFO - [2026-01-01T21:58:39.116+0000] {dag.py:3036} INFO - Sync 1 DAGs
[2026-01-01T21:58:39.184+0000] {logging_mixin.py:188} INFO - [2026-01-01T21:58:39.183+0000] {dag.py:3823} INFO - Setting next_dagrun for match_features_pipeline to 2025-12-31 00:00:00+00:00, run_after=2026-01-01 00:00:00+00:00
[2026-01-01T21:58:39.260+0000] {processor.py:183} INFO - Processing /opt/airflow/dags/prediction_features_pipeline.py took 0.287 seconds
[2026-01-01T21:59:09.472+0000] {processor.py:161} INFO - Started process (PID=22864) to work on /opt/airflow/dags/prediction_features_pipeline.py
[2026-01-01T21:59:09.475+0000] {processor.py:830} INFO - Processing file /opt/airflow/dags/prediction_features_pipeline.py for tasks to queue
[2026-01-01T21:59:09.477+0000] {logging_mixin.py:188} INFO - [2026-01-01T21:59:09.477+0000] {dagbag.py:538} INFO - Filling up the DagBag from /opt/airflow/dags/prediction_features_pipeline.py
[2026-01-01T21:59:09.555+0000] {processor.py:840} INFO - DAG(s) 'match_features_pipeline' retrieved from /opt/airflow/dags/prediction_features_pipeline.py
[2026-01-01T21:59:09.622+0000] {logging_mixin.py:188} INFO - [2026-01-01T21:59:09.621+0000] {dag.py:3036} INFO - Sync 1 DAGs
[2026-01-01T21:59:09.682+0000] {logging_mixin.py:188} INFO - [2026-01-01T21:59:09.681+0000] {dag.py:3823} INFO - Setting next_dagrun for match_features_pipeline to 2025-12-31 00:00:00+00:00, run_after=2026-01-01 00:00:00+00:00
[2026-01-01T21:59:09.731+0000] {processor.py:183} INFO - Processing /opt/airflow/dags/prediction_features_pipeline.py took 0.267 seconds
[2026-01-01T21:59:39.949+0000] {processor.py:161} INFO - Started process (PID=22884) to work on /opt/airflow/dags/prediction_features_pipeline.py
[2026-01-01T21:59:39.952+0000] {processor.py:830} INFO - Processing file /opt/airflow/dags/prediction_features_pipeline.py for tasks to queue
[2026-01-01T21:59:39.954+0000] {logging_mixin.py:188} INFO - [2026-01-01T21:59:39.954+0000] {dagbag.py:538} INFO - Filling up the DagBag from /opt/airflow/dags/prediction_features_pipeline.py
[2026-01-01T21:59:40.011+0000] {processor.py:840} INFO - DAG(s) 'match_features_pipeline' retrieved from /opt/airflow/dags/prediction_features_pipeline.py
[2026-01-01T21:59:40.077+0000] {logging_mixin.py:188} INFO - [2026-01-01T21:59:40.076+0000] {dag.py:3036} INFO - Sync 1 DAGs
[2026-01-01T21:59:40.131+0000] {logging_mixin.py:188} INFO - [2026-01-01T21:59:40.130+0000] {dag.py:3823} INFO - Setting next_dagrun for match_features_pipeline to 2025-12-31 00:00:00+00:00, run_after=2026-01-01 00:00:00+00:00
[2026-01-01T21:59:40.191+0000] {processor.py:183} INFO - Processing /opt/airflow/dags/prediction_features_pipeline.py took 0.261 seconds
[2026-01-01T22:00:10.446+0000] {processor.py:161} INFO - Started process (PID=22904) to work on /opt/airflow/dags/prediction_features_pipeline.py
[2026-01-01T22:00:10.449+0000] {processor.py:830} INFO - Processing file /opt/airflow/dags/prediction_features_pipeline.py for tasks to queue
[2026-01-01T22:00:10.452+0000] {logging_mixin.py:188} INFO - [2026-01-01T22:00:10.451+0000] {dagbag.py:538} INFO - Filling up the DagBag from /opt/airflow/dags/prediction_features_pipeline.py
[2026-01-01T22:00:10.512+0000] {processor.py:840} INFO - DAG(s) 'match_features_pipeline' retrieved from /opt/airflow/dags/prediction_features_pipeline.py
[2026-01-01T22:00:10.585+0000] {logging_mixin.py:188} INFO - [2026-01-01T22:00:10.584+0000] {dag.py:3036} INFO - Sync 1 DAGs
[2026-01-01T22:00:10.640+0000] {logging_mixin.py:188} INFO - [2026-01-01T22:00:10.639+0000] {dag.py:3823} INFO - Setting next_dagrun for match_features_pipeline to 2025-12-31 00:00:00+00:00, run_after=2026-01-01 00:00:00+00:00
[2026-01-01T22:00:10.694+0000] {processor.py:183} INFO - Processing /opt/airflow/dags/prediction_features_pipeline.py took 0.263 seconds
[2026-01-01T22:00:40.973+0000] {processor.py:161} INFO - Started process (PID=22924) to work on /opt/airflow/dags/prediction_features_pipeline.py
[2026-01-01T22:00:40.976+0000] {processor.py:830} INFO - Processing file /opt/airflow/dags/prediction_features_pipeline.py for tasks to queue
[2026-01-01T22:00:40.979+0000] {logging_mixin.py:188} INFO - [2026-01-01T22:00:40.978+0000] {dagbag.py:538} INFO - Filling up the DagBag from /opt/airflow/dags/prediction_features_pipeline.py
[2026-01-01T22:00:41.031+0000] {processor.py:840} INFO - DAG(s) 'match_features_pipeline' retrieved from /opt/airflow/dags/prediction_features_pipeline.py
[2026-01-01T22:00:41.082+0000] {logging_mixin.py:188} INFO - [2026-01-01T22:00:41.082+0000] {dag.py:3036} INFO - Sync 1 DAGs
[2026-01-01T22:00:41.126+0000] {logging_mixin.py:188} INFO - [2026-01-01T22:00:41.126+0000] {dag.py:3823} INFO - Setting next_dagrun for match_features_pipeline to 2025-12-31 00:00:00+00:00, run_after=2026-01-01 00:00:00+00:00
[2026-01-01T22:00:41.182+0000] {processor.py:183} INFO - Processing /opt/airflow/dags/prediction_features_pipeline.py took 0.216 seconds
[2026-01-01T22:01:11.753+0000] {processor.py:161} INFO - Started process (PID=22946) to work on /opt/airflow/dags/prediction_features_pipeline.py
[2026-01-01T22:01:11.756+0000] {processor.py:830} INFO - Processing file /opt/airflow/dags/prediction_features_pipeline.py for tasks to queue
[2026-01-01T22:01:11.758+0000] {logging_mixin.py:188} INFO - [2026-01-01T22:01:11.758+0000] {dagbag.py:538} INFO - Filling up the DagBag from /opt/airflow/dags/prediction_features_pipeline.py
[2026-01-01T22:01:11.812+0000] {processor.py:840} INFO - DAG(s) 'match_features_pipeline' retrieved from /opt/airflow/dags/prediction_features_pipeline.py
[2026-01-01T22:01:11.876+0000] {logging_mixin.py:188} INFO - [2026-01-01T22:01:11.875+0000] {dag.py:3036} INFO - Sync 1 DAGs
[2026-01-01T22:01:11.925+0000] {logging_mixin.py:188} INFO - [2026-01-01T22:01:11.924+0000] {dag.py:3823} INFO - Setting next_dagrun for match_features_pipeline to 2025-12-31 00:00:00+00:00, run_after=2026-01-01 00:00:00+00:00
[2026-01-01T22:01:11.967+0000] {processor.py:183} INFO - Processing /opt/airflow/dags/prediction_features_pipeline.py took 0.223 seconds
[2026-01-01T22:01:42.194+0000] {processor.py:161} INFO - Started process (PID=22966) to work on /opt/airflow/dags/prediction_features_pipeline.py
[2026-01-01T22:01:42.197+0000] {processor.py:830} INFO - Processing file /opt/airflow/dags/prediction_features_pipeline.py for tasks to queue
[2026-01-01T22:01:42.198+0000] {logging_mixin.py:188} INFO - [2026-01-01T22:01:42.198+0000] {dagbag.py:538} INFO - Filling up the DagBag from /opt/airflow/dags/prediction_features_pipeline.py
[2026-01-01T22:01:42.249+0000] {processor.py:840} INFO - DAG(s) 'match_features_pipeline' retrieved from /opt/airflow/dags/prediction_features_pipeline.py
[2026-01-01T22:01:42.310+0000] {logging_mixin.py:188} INFO - [2026-01-01T22:01:42.310+0000] {dag.py:3036} INFO - Sync 1 DAGs
[2026-01-01T22:01:42.368+0000] {logging_mixin.py:188} INFO - [2026-01-01T22:01:42.368+0000] {dag.py:3823} INFO - Setting next_dagrun for match_features_pipeline to 2025-12-31 00:00:00+00:00, run_after=2026-01-01 00:00:00+00:00
[2026-01-01T22:01:42.416+0000] {processor.py:183} INFO - Processing /opt/airflow/dags/prediction_features_pipeline.py took 0.230 seconds
[2026-01-01T22:02:13.052+0000] {processor.py:161} INFO - Started process (PID=22984) to work on /opt/airflow/dags/prediction_features_pipeline.py
[2026-01-01T22:02:13.055+0000] {processor.py:830} INFO - Processing file /opt/airflow/dags/prediction_features_pipeline.py for tasks to queue
[2026-01-01T22:02:13.058+0000] {logging_mixin.py:188} INFO - [2026-01-01T22:02:13.057+0000] {dagbag.py:538} INFO - Filling up the DagBag from /opt/airflow/dags/prediction_features_pipeline.py
[2026-01-01T22:02:13.108+0000] {processor.py:840} INFO - DAG(s) 'match_features_pipeline' retrieved from /opt/airflow/dags/prediction_features_pipeline.py
[2026-01-01T22:02:13.163+0000] {logging_mixin.py:188} INFO - [2026-01-01T22:02:13.163+0000] {dag.py:3036} INFO - Sync 1 DAGs
[2026-01-01T22:02:13.214+0000] {logging_mixin.py:188} INFO - [2026-01-01T22:02:13.214+0000] {dag.py:3823} INFO - Setting next_dagrun for match_features_pipeline to 2025-12-31 00:00:00+00:00, run_after=2026-01-01 00:00:00+00:00
[2026-01-01T22:02:13.257+0000] {processor.py:183} INFO - Processing /opt/airflow/dags/prediction_features_pipeline.py took 0.215 seconds
[2026-01-01T22:02:44.271+0000] {processor.py:161} INFO - Started process (PID=23004) to work on /opt/airflow/dags/prediction_features_pipeline.py
[2026-01-01T22:02:44.282+0000] {processor.py:830} INFO - Processing file /opt/airflow/dags/prediction_features_pipeline.py for tasks to queue
[2026-01-01T22:02:44.284+0000] {logging_mixin.py:188} INFO - [2026-01-01T22:02:44.284+0000] {dagbag.py:538} INFO - Filling up the DagBag from /opt/airflow/dags/prediction_features_pipeline.py
[2026-01-01T22:02:44.344+0000] {processor.py:840} INFO - DAG(s) 'match_features_pipeline' retrieved from /opt/airflow/dags/prediction_features_pipeline.py
[2026-01-01T22:02:44.402+0000] {logging_mixin.py:188} INFO - [2026-01-01T22:02:44.401+0000] {dag.py:3036} INFO - Sync 1 DAGs
[2026-01-01T22:02:44.457+0000] {logging_mixin.py:188} INFO - [2026-01-01T22:02:44.456+0000] {dag.py:3823} INFO - Setting next_dagrun for match_features_pipeline to 2025-12-31 00:00:00+00:00, run_after=2026-01-01 00:00:00+00:00
[2026-01-01T22:02:44.507+0000] {processor.py:183} INFO - Processing /opt/airflow/dags/prediction_features_pipeline.py took 0.244 seconds
[2026-01-01T22:03:15.670+0000] {processor.py:161} INFO - Started process (PID=23024) to work on /opt/airflow/dags/prediction_features_pipeline.py
[2026-01-01T22:03:15.682+0000] {processor.py:830} INFO - Processing file /opt/airflow/dags/prediction_features_pipeline.py for tasks to queue
[2026-01-01T22:03:15.686+0000] {logging_mixin.py:188} INFO - [2026-01-01T22:03:15.685+0000] {dagbag.py:538} INFO - Filling up the DagBag from /opt/airflow/dags/prediction_features_pipeline.py
[2026-01-01T22:03:15.744+0000] {processor.py:840} INFO - DAG(s) 'match_features_pipeline' retrieved from /opt/airflow/dags/prediction_features_pipeline.py
[2026-01-01T22:03:15.797+0000] {logging_mixin.py:188} INFO - [2026-01-01T22:03:15.796+0000] {dag.py:3036} INFO - Sync 1 DAGs
[2026-01-01T22:03:15.849+0000] {logging_mixin.py:188} INFO - [2026-01-01T22:03:15.849+0000] {dag.py:3823} INFO - Setting next_dagrun for match_features_pipeline to 2025-12-31 00:00:00+00:00, run_after=2026-01-01 00:00:00+00:00
[2026-01-01T22:03:15.909+0000] {processor.py:183} INFO - Processing /opt/airflow/dags/prediction_features_pipeline.py took 0.256 seconds
[2026-01-01T22:03:46.127+0000] {processor.py:161} INFO - Started process (PID=23044) to work on /opt/airflow/dags/prediction_features_pipeline.py
[2026-01-01T22:03:46.130+0000] {processor.py:830} INFO - Processing file /opt/airflow/dags/prediction_features_pipeline.py for tasks to queue
[2026-01-01T22:03:46.133+0000] {logging_mixin.py:188} INFO - [2026-01-01T22:03:46.132+0000] {dagbag.py:538} INFO - Filling up the DagBag from /opt/airflow/dags/prediction_features_pipeline.py
[2026-01-01T22:03:46.188+0000] {processor.py:840} INFO - DAG(s) 'match_features_pipeline' retrieved from /opt/airflow/dags/prediction_features_pipeline.py
[2026-01-01T22:03:46.246+0000] {logging_mixin.py:188} INFO - [2026-01-01T22:03:46.245+0000] {dag.py:3036} INFO - Sync 1 DAGs
[2026-01-01T22:03:46.297+0000] {logging_mixin.py:188} INFO - [2026-01-01T22:03:46.296+0000] {dag.py:3823} INFO - Setting next_dagrun for match_features_pipeline to 2025-12-31 00:00:00+00:00, run_after=2026-01-01 00:00:00+00:00
[2026-01-01T22:03:46.362+0000] {processor.py:183} INFO - Processing /opt/airflow/dags/prediction_features_pipeline.py took 0.246 seconds
[2026-01-01T22:04:16.599+0000] {processor.py:161} INFO - Started process (PID=23064) to work on /opt/airflow/dags/prediction_features_pipeline.py
[2026-01-01T22:04:16.602+0000] {processor.py:830} INFO - Processing file /opt/airflow/dags/prediction_features_pipeline.py for tasks to queue
[2026-01-01T22:04:16.604+0000] {logging_mixin.py:188} INFO - [2026-01-01T22:04:16.604+0000] {dagbag.py:538} INFO - Filling up the DagBag from /opt/airflow/dags/prediction_features_pipeline.py
[2026-01-01T22:04:16.661+0000] {processor.py:840} INFO - DAG(s) 'match_features_pipeline' retrieved from /opt/airflow/dags/prediction_features_pipeline.py
[2026-01-01T22:04:16.718+0000] {logging_mixin.py:188} INFO - [2026-01-01T22:04:16.717+0000] {dag.py:3036} INFO - Sync 1 DAGs
[2026-01-01T22:04:16.771+0000] {logging_mixin.py:188} INFO - [2026-01-01T22:04:16.771+0000] {dag.py:3823} INFO - Setting next_dagrun for match_features_pipeline to 2025-12-31 00:00:00+00:00, run_after=2026-01-01 00:00:00+00:00
[2026-01-01T22:04:16.833+0000] {processor.py:183} INFO - Processing /opt/airflow/dags/prediction_features_pipeline.py took 0.248 seconds
[2026-01-01T22:04:47.374+0000] {processor.py:161} INFO - Started process (PID=23086) to work on /opt/airflow/dags/prediction_features_pipeline.py
[2026-01-01T22:04:47.377+0000] {processor.py:830} INFO - Processing file /opt/airflow/dags/prediction_features_pipeline.py for tasks to queue
[2026-01-01T22:04:47.380+0000] {logging_mixin.py:188} INFO - [2026-01-01T22:04:47.379+0000] {dagbag.py:538} INFO - Filling up the DagBag from /opt/airflow/dags/prediction_features_pipeline.py
[2026-01-01T22:04:47.436+0000] {processor.py:840} INFO - DAG(s) 'match_features_pipeline' retrieved from /opt/airflow/dags/prediction_features_pipeline.py
[2026-01-01T22:04:47.499+0000] {logging_mixin.py:188} INFO - [2026-01-01T22:04:47.498+0000] {dag.py:3036} INFO - Sync 1 DAGs
[2026-01-01T22:04:47.560+0000] {logging_mixin.py:188} INFO - [2026-01-01T22:04:47.559+0000] {dag.py:3823} INFO - Setting next_dagrun for match_features_pipeline to 2025-12-31 00:00:00+00:00, run_after=2026-01-01 00:00:00+00:00
[2026-01-01T22:04:47.643+0000] {processor.py:183} INFO - Processing /opt/airflow/dags/prediction_features_pipeline.py took 0.276 seconds
[2026-01-01T22:05:18.515+0000] {processor.py:161} INFO - Started process (PID=23106) to work on /opt/airflow/dags/prediction_features_pipeline.py
[2026-01-01T22:05:18.518+0000] {processor.py:830} INFO - Processing file /opt/airflow/dags/prediction_features_pipeline.py for tasks to queue
[2026-01-01T22:05:18.520+0000] {logging_mixin.py:188} INFO - [2026-01-01T22:05:18.519+0000] {dagbag.py:538} INFO - Filling up the DagBag from /opt/airflow/dags/prediction_features_pipeline.py
[2026-01-01T22:05:18.571+0000] {processor.py:840} INFO - DAG(s) 'match_features_pipeline' retrieved from /opt/airflow/dags/prediction_features_pipeline.py
[2026-01-01T22:05:18.630+0000] {logging_mixin.py:188} INFO - [2026-01-01T22:05:18.630+0000] {dag.py:3036} INFO - Sync 1 DAGs
[2026-01-01T22:05:18.693+0000] {logging_mixin.py:188} INFO - [2026-01-01T22:05:18.692+0000] {dag.py:3823} INFO - Setting next_dagrun for match_features_pipeline to 2025-12-31 00:00:00+00:00, run_after=2026-01-01 00:00:00+00:00
[2026-01-01T22:05:18.773+0000] {processor.py:183} INFO - Processing /opt/airflow/dags/prediction_features_pipeline.py took 0.267 seconds
[2026-01-01T22:05:48.926+0000] {processor.py:161} INFO - Started process (PID=23126) to work on /opt/airflow/dags/prediction_features_pipeline.py
[2026-01-01T22:05:48.936+0000] {processor.py:830} INFO - Processing file /opt/airflow/dags/prediction_features_pipeline.py for tasks to queue
[2026-01-01T22:05:48.938+0000] {logging_mixin.py:188} INFO - [2026-01-01T22:05:48.938+0000] {dagbag.py:538} INFO - Filling up the DagBag from /opt/airflow/dags/prediction_features_pipeline.py
[2026-01-01T22:05:48.986+0000] {processor.py:840} INFO - DAG(s) 'match_features_pipeline' retrieved from /opt/airflow/dags/prediction_features_pipeline.py
[2026-01-01T22:05:49.040+0000] {logging_mixin.py:188} INFO - [2026-01-01T22:05:49.040+0000] {dag.py:3036} INFO - Sync 1 DAGs
[2026-01-01T22:05:49.094+0000] {logging_mixin.py:188} INFO - [2026-01-01T22:05:49.093+0000] {dag.py:3823} INFO - Setting next_dagrun for match_features_pipeline to 2025-12-31 00:00:00+00:00, run_after=2026-01-01 00:00:00+00:00
[2026-01-01T22:05:49.181+0000] {processor.py:183} INFO - Processing /opt/airflow/dags/prediction_features_pipeline.py took 0.263 seconds
[2026-01-01T22:06:19.986+0000] {processor.py:161} INFO - Started process (PID=23146) to work on /opt/airflow/dags/prediction_features_pipeline.py
[2026-01-01T22:06:19.989+0000] {processor.py:830} INFO - Processing file /opt/airflow/dags/prediction_features_pipeline.py for tasks to queue
[2026-01-01T22:06:19.997+0000] {logging_mixin.py:188} INFO - [2026-01-01T22:06:19.996+0000] {dagbag.py:538} INFO - Filling up the DagBag from /opt/airflow/dags/prediction_features_pipeline.py
[2026-01-01T22:06:20.051+0000] {processor.py:840} INFO - DAG(s) 'match_features_pipeline' retrieved from /opt/airflow/dags/prediction_features_pipeline.py
[2026-01-01T22:06:20.107+0000] {logging_mixin.py:188} INFO - [2026-01-01T22:06:20.107+0000] {dag.py:3036} INFO - Sync 1 DAGs
[2026-01-01T22:06:20.164+0000] {logging_mixin.py:188} INFO - [2026-01-01T22:06:20.163+0000] {dag.py:3823} INFO - Setting next_dagrun for match_features_pipeline to 2025-12-31 00:00:00+00:00, run_after=2026-01-01 00:00:00+00:00
[2026-01-01T22:06:20.241+0000] {processor.py:183} INFO - Processing /opt/airflow/dags/prediction_features_pipeline.py took 0.262 seconds
[2026-01-01T22:06:50.400+0000] {processor.py:161} INFO - Started process (PID=23166) to work on /opt/airflow/dags/prediction_features_pipeline.py
[2026-01-01T22:06:50.403+0000] {processor.py:830} INFO - Processing file /opt/airflow/dags/prediction_features_pipeline.py for tasks to queue
[2026-01-01T22:06:50.405+0000] {logging_mixin.py:188} INFO - [2026-01-01T22:06:50.404+0000] {dagbag.py:538} INFO - Filling up the DagBag from /opt/airflow/dags/prediction_features_pipeline.py
[2026-01-01T22:06:50.461+0000] {processor.py:840} INFO - DAG(s) 'match_features_pipeline' retrieved from /opt/airflow/dags/prediction_features_pipeline.py
[2026-01-01T22:06:50.521+0000] {logging_mixin.py:188} INFO - [2026-01-01T22:06:50.520+0000] {dag.py:3036} INFO - Sync 1 DAGs
[2026-01-01T22:06:50.571+0000] {logging_mixin.py:188} INFO - [2026-01-01T22:06:50.570+0000] {dag.py:3823} INFO - Setting next_dagrun for match_features_pipeline to 2025-12-31 00:00:00+00:00, run_after=2026-01-01 00:00:00+00:00
[2026-01-01T22:06:50.660+0000] {processor.py:183} INFO - Processing /opt/airflow/dags/prediction_features_pipeline.py took 0.268 seconds
[2026-01-01T22:07:20.907+0000] {processor.py:161} INFO - Started process (PID=23186) to work on /opt/airflow/dags/prediction_features_pipeline.py
[2026-01-01T22:07:20.909+0000] {processor.py:830} INFO - Processing file /opt/airflow/dags/prediction_features_pipeline.py for tasks to queue
[2026-01-01T22:07:20.915+0000] {logging_mixin.py:188} INFO - [2026-01-01T22:07:20.914+0000] {dagbag.py:538} INFO - Filling up the DagBag from /opt/airflow/dags/prediction_features_pipeline.py
[2026-01-01T22:07:20.970+0000] {processor.py:840} INFO - DAG(s) 'match_features_pipeline' retrieved from /opt/airflow/dags/prediction_features_pipeline.py
[2026-01-01T22:07:21.026+0000] {logging_mixin.py:188} INFO - [2026-01-01T22:07:21.025+0000] {dag.py:3036} INFO - Sync 1 DAGs
[2026-01-01T22:07:21.090+0000] {logging_mixin.py:188} INFO - [2026-01-01T22:07:21.089+0000] {dag.py:3823} INFO - Setting next_dagrun for match_features_pipeline to 2025-12-31 00:00:00+00:00, run_after=2026-01-01 00:00:00+00:00
[2026-01-01T22:07:21.177+0000] {processor.py:183} INFO - Processing /opt/airflow/dags/prediction_features_pipeline.py took 0.278 seconds
[2026-01-01T22:07:51.364+0000] {processor.py:161} INFO - Started process (PID=23206) to work on /opt/airflow/dags/prediction_features_pipeline.py
[2026-01-01T22:07:51.366+0000] {processor.py:830} INFO - Processing file /opt/airflow/dags/prediction_features_pipeline.py for tasks to queue
[2026-01-01T22:07:51.368+0000] {logging_mixin.py:188} INFO - [2026-01-01T22:07:51.367+0000] {dagbag.py:538} INFO - Filling up the DagBag from /opt/airflow/dags/prediction_features_pipeline.py
[2026-01-01T22:07:51.415+0000] {processor.py:840} INFO - DAG(s) 'match_features_pipeline' retrieved from /opt/airflow/dags/prediction_features_pipeline.py
[2026-01-01T22:07:51.462+0000] {logging_mixin.py:188} INFO - [2026-01-01T22:07:51.461+0000] {dag.py:3036} INFO - Sync 1 DAGs
[2026-01-01T22:07:51.506+0000] {logging_mixin.py:188} INFO - [2026-01-01T22:07:51.505+0000] {dag.py:3823} INFO - Setting next_dagrun for match_features_pipeline to 2025-12-31 00:00:00+00:00, run_after=2026-01-01 00:00:00+00:00
[2026-01-01T22:07:51.580+0000] {processor.py:183} INFO - Processing /opt/airflow/dags/prediction_features_pipeline.py took 0.223 seconds
[2026-01-01T22:08:22.003+0000] {processor.py:161} INFO - Started process (PID=23231) to work on /opt/airflow/dags/prediction_features_pipeline.py
[2026-01-01T22:08:22.005+0000] {processor.py:830} INFO - Processing file /opt/airflow/dags/prediction_features_pipeline.py for tasks to queue
[2026-01-01T22:08:22.007+0000] {logging_mixin.py:188} INFO - [2026-01-01T22:08:22.007+0000] {dagbag.py:538} INFO - Filling up the DagBag from /opt/airflow/dags/prediction_features_pipeline.py
[2026-01-01T22:08:22.046+0000] {processor.py:840} INFO - DAG(s) 'match_features_pipeline' retrieved from /opt/airflow/dags/prediction_features_pipeline.py
[2026-01-01T22:08:22.091+0000] {logging_mixin.py:188} INFO - [2026-01-01T22:08:22.091+0000] {dag.py:3036} INFO - Sync 1 DAGs
[2026-01-01T22:08:22.133+0000] {logging_mixin.py:188} INFO - [2026-01-01T22:08:22.132+0000] {dag.py:3823} INFO - Setting next_dagrun for match_features_pipeline to 2025-12-31 00:00:00+00:00, run_after=2026-01-01 00:00:00+00:00
[2026-01-01T22:08:22.216+0000] {processor.py:183} INFO - Processing /opt/airflow/dags/prediction_features_pipeline.py took 0.218 seconds
[2026-01-01T22:08:52.499+0000] {processor.py:161} INFO - Started process (PID=23251) to work on /opt/airflow/dags/prediction_features_pipeline.py
[2026-01-01T22:08:52.502+0000] {processor.py:830} INFO - Processing file /opt/airflow/dags/prediction_features_pipeline.py for tasks to queue
[2026-01-01T22:08:52.504+0000] {logging_mixin.py:188} INFO - [2026-01-01T22:08:52.504+0000] {dagbag.py:538} INFO - Filling up the DagBag from /opt/airflow/dags/prediction_features_pipeline.py
[2026-01-01T22:08:52.557+0000] {processor.py:840} INFO - DAG(s) 'match_features_pipeline' retrieved from /opt/airflow/dags/prediction_features_pipeline.py
[2026-01-01T22:08:52.604+0000] {logging_mixin.py:188} INFO - [2026-01-01T22:08:52.604+0000] {dag.py:3036} INFO - Sync 1 DAGs
[2026-01-01T22:08:52.647+0000] {logging_mixin.py:188} INFO - [2026-01-01T22:08:52.645+0000] {dag.py:3823} INFO - Setting next_dagrun for match_features_pipeline to 2025-12-31 00:00:00+00:00, run_after=2026-01-01 00:00:00+00:00
[2026-01-01T22:08:52.691+0000] {processor.py:183} INFO - Processing /opt/airflow/dags/prediction_features_pipeline.py took 0.201 seconds
[2026-01-01T22:09:22.828+0000] {processor.py:161} INFO - Started process (PID=23271) to work on /opt/airflow/dags/prediction_features_pipeline.py
[2026-01-01T22:09:22.831+0000] {processor.py:830} INFO - Processing file /opt/airflow/dags/prediction_features_pipeline.py for tasks to queue
[2026-01-01T22:09:22.834+0000] {logging_mixin.py:188} INFO - [2026-01-01T22:09:22.833+0000] {dagbag.py:538} INFO - Filling up the DagBag from /opt/airflow/dags/prediction_features_pipeline.py
[2026-01-01T22:09:22.887+0000] {processor.py:840} INFO - DAG(s) 'match_features_pipeline' retrieved from /opt/airflow/dags/prediction_features_pipeline.py
[2026-01-01T22:09:22.947+0000] {logging_mixin.py:188} INFO - [2026-01-01T22:09:22.946+0000] {dag.py:3036} INFO - Sync 1 DAGs
[2026-01-01T22:09:22.993+0000] {logging_mixin.py:188} INFO - [2026-01-01T22:09:22.992+0000] {dag.py:3823} INFO - Setting next_dagrun for match_features_pipeline to 2025-12-31 00:00:00+00:00, run_after=2026-01-01 00:00:00+00:00
[2026-01-01T22:09:23.029+0000] {processor.py:183} INFO - Processing /opt/airflow/dags/prediction_features_pipeline.py took 0.216 seconds
[2026-01-01T22:09:53.316+0000] {processor.py:161} INFO - Started process (PID=23291) to work on /opt/airflow/dags/prediction_features_pipeline.py
[2026-01-01T22:09:53.318+0000] {processor.py:830} INFO - Processing file /opt/airflow/dags/prediction_features_pipeline.py for tasks to queue
[2026-01-01T22:09:53.320+0000] {logging_mixin.py:188} INFO - [2026-01-01T22:09:53.320+0000] {dagbag.py:538} INFO - Filling up the DagBag from /opt/airflow/dags/prediction_features_pipeline.py
[2026-01-01T22:09:53.360+0000] {processor.py:840} INFO - DAG(s) 'match_features_pipeline' retrieved from /opt/airflow/dags/prediction_features_pipeline.py
[2026-01-01T22:09:53.407+0000] {logging_mixin.py:188} INFO - [2026-01-01T22:09:53.407+0000] {dag.py:3036} INFO - Sync 1 DAGs
[2026-01-01T22:09:53.454+0000] {logging_mixin.py:188} INFO - [2026-01-01T22:09:53.453+0000] {dag.py:3823} INFO - Setting next_dagrun for match_features_pipeline to 2025-12-31 00:00:00+00:00, run_after=2026-01-01 00:00:00+00:00
[2026-01-01T22:09:53.525+0000] {processor.py:183} INFO - Processing /opt/airflow/dags/prediction_features_pipeline.py took 0.218 seconds
[2026-01-01T22:10:23.718+0000] {processor.py:161} INFO - Started process (PID=23311) to work on /opt/airflow/dags/prediction_features_pipeline.py
[2026-01-01T22:10:23.721+0000] {processor.py:830} INFO - Processing file /opt/airflow/dags/prediction_features_pipeline.py for tasks to queue
[2026-01-01T22:10:23.723+0000] {logging_mixin.py:188} INFO - [2026-01-01T22:10:23.722+0000] {dagbag.py:538} INFO - Filling up the DagBag from /opt/airflow/dags/prediction_features_pipeline.py
[2026-01-01T22:10:23.771+0000] {processor.py:840} INFO - DAG(s) 'match_features_pipeline' retrieved from /opt/airflow/dags/prediction_features_pipeline.py
[2026-01-01T22:10:23.815+0000] {logging_mixin.py:188} INFO - [2026-01-01T22:10:23.812+0000] {dag.py:3036} INFO - Sync 1 DAGs
[2026-01-01T22:10:23.855+0000] {logging_mixin.py:188} INFO - [2026-01-01T22:10:23.855+0000] {dag.py:3823} INFO - Setting next_dagrun for match_features_pipeline to 2025-12-31 00:00:00+00:00, run_after=2026-01-01 00:00:00+00:00
[2026-01-01T22:10:23.927+0000] {processor.py:183} INFO - Processing /opt/airflow/dags/prediction_features_pipeline.py took 0.215 seconds
[2026-01-01T22:10:54.172+0000] {processor.py:161} INFO - Started process (PID=23331) to work on /opt/airflow/dags/prediction_features_pipeline.py
[2026-01-01T22:10:54.174+0000] {processor.py:830} INFO - Processing file /opt/airflow/dags/prediction_features_pipeline.py for tasks to queue
[2026-01-01T22:10:54.176+0000] {logging_mixin.py:188} INFO - [2026-01-01T22:10:54.176+0000] {dagbag.py:538} INFO - Filling up the DagBag from /opt/airflow/dags/prediction_features_pipeline.py
[2026-01-01T22:10:54.227+0000] {processor.py:840} INFO - DAG(s) 'match_features_pipeline' retrieved from /opt/airflow/dags/prediction_features_pipeline.py
[2026-01-01T22:10:54.276+0000] {logging_mixin.py:188} INFO - [2026-01-01T22:10:54.275+0000] {dag.py:3036} INFO - Sync 1 DAGs
[2026-01-01T22:10:54.322+0000] {logging_mixin.py:188} INFO - [2026-01-01T22:10:54.322+0000] {dag.py:3823} INFO - Setting next_dagrun for match_features_pipeline to 2025-12-31 00:00:00+00:00, run_after=2026-01-01 00:00:00+00:00
[2026-01-01T22:10:54.356+0000] {processor.py:183} INFO - Processing /opt/airflow/dags/prediction_features_pipeline.py took 0.194 seconds
[2026-01-01T22:11:24.573+0000] {processor.py:161} INFO - Started process (PID=23351) to work on /opt/airflow/dags/prediction_features_pipeline.py
[2026-01-01T22:11:24.576+0000] {processor.py:830} INFO - Processing file /opt/airflow/dags/prediction_features_pipeline.py for tasks to queue
[2026-01-01T22:11:24.578+0000] {logging_mixin.py:188} INFO - [2026-01-01T22:11:24.577+0000] {dagbag.py:538} INFO - Filling up the DagBag from /opt/airflow/dags/prediction_features_pipeline.py
[2026-01-01T22:11:24.626+0000] {processor.py:840} INFO - DAG(s) 'match_features_pipeline' retrieved from /opt/airflow/dags/prediction_features_pipeline.py
[2026-01-01T22:11:24.673+0000] {logging_mixin.py:188} INFO - [2026-01-01T22:11:24.673+0000] {dag.py:3036} INFO - Sync 1 DAGs
[2026-01-01T22:11:24.713+0000] {logging_mixin.py:188} INFO - [2026-01-01T22:11:24.712+0000] {dag.py:3823} INFO - Setting next_dagrun for match_features_pipeline to 2025-12-31 00:00:00+00:00, run_after=2026-01-01 00:00:00+00:00
[2026-01-01T22:11:24.789+0000] {processor.py:183} INFO - Processing /opt/airflow/dags/prediction_features_pipeline.py took 0.223 seconds
[2026-01-01T22:11:55.072+0000] {processor.py:161} INFO - Started process (PID=23371) to work on /opt/airflow/dags/prediction_features_pipeline.py
[2026-01-01T22:11:55.074+0000] {processor.py:830} INFO - Processing file /opt/airflow/dags/prediction_features_pipeline.py for tasks to queue
[2026-01-01T22:11:55.076+0000] {logging_mixin.py:188} INFO - [2026-01-01T22:11:55.075+0000] {dagbag.py:538} INFO - Filling up the DagBag from /opt/airflow/dags/prediction_features_pipeline.py
[2026-01-01T22:11:55.124+0000] {processor.py:840} INFO - DAG(s) 'match_features_pipeline' retrieved from /opt/airflow/dags/prediction_features_pipeline.py
[2026-01-01T22:11:55.174+0000] {logging_mixin.py:188} INFO - [2026-01-01T22:11:55.174+0000] {dag.py:3036} INFO - Sync 1 DAGs
[2026-01-01T22:11:55.216+0000] {logging_mixin.py:188} INFO - [2026-01-01T22:11:55.216+0000] {dag.py:3823} INFO - Setting next_dagrun for match_features_pipeline to 2025-12-31 00:00:00+00:00, run_after=2026-01-01 00:00:00+00:00
[2026-01-01T22:11:55.294+0000] {processor.py:183} INFO - Processing /opt/airflow/dags/prediction_features_pipeline.py took 0.229 seconds
[2026-01-01T22:12:25.447+0000] {processor.py:161} INFO - Started process (PID=23391) to work on /opt/airflow/dags/prediction_features_pipeline.py
[2026-01-01T22:12:25.450+0000] {processor.py:830} INFO - Processing file /opt/airflow/dags/prediction_features_pipeline.py for tasks to queue
[2026-01-01T22:12:25.454+0000] {logging_mixin.py:188} INFO - [2026-01-01T22:12:25.454+0000] {dagbag.py:538} INFO - Filling up the DagBag from /opt/airflow/dags/prediction_features_pipeline.py
[2026-01-01T22:12:25.503+0000] {processor.py:840} INFO - DAG(s) 'match_features_pipeline' retrieved from /opt/airflow/dags/prediction_features_pipeline.py
[2026-01-01T22:12:25.557+0000] {logging_mixin.py:188} INFO - [2026-01-01T22:12:25.557+0000] {dag.py:3036} INFO - Sync 1 DAGs
[2026-01-01T22:12:25.606+0000] {logging_mixin.py:188} INFO - [2026-01-01T22:12:25.606+0000] {dag.py:3823} INFO - Setting next_dagrun for match_features_pipeline to 2025-12-31 00:00:00+00:00, run_after=2026-01-01 00:00:00+00:00
[2026-01-01T22:12:25.684+0000] {processor.py:183} INFO - Processing /opt/airflow/dags/prediction_features_pipeline.py took 0.243 seconds
[2026-01-01T22:12:56.005+0000] {processor.py:161} INFO - Started process (PID=23411) to work on /opt/airflow/dags/prediction_features_pipeline.py
[2026-01-01T22:12:56.007+0000] {processor.py:830} INFO - Processing file /opt/airflow/dags/prediction_features_pipeline.py for tasks to queue
[2026-01-01T22:12:56.009+0000] {logging_mixin.py:188} INFO - [2026-01-01T22:12:56.009+0000] {dagbag.py:538} INFO - Filling up the DagBag from /opt/airflow/dags/prediction_features_pipeline.py
[2026-01-01T22:12:56.053+0000] {processor.py:840} INFO - DAG(s) 'match_features_pipeline' retrieved from /opt/airflow/dags/prediction_features_pipeline.py
[2026-01-01T22:12:56.101+0000] {logging_mixin.py:188} INFO - [2026-01-01T22:12:56.100+0000] {dag.py:3036} INFO - Sync 1 DAGs
[2026-01-01T22:12:56.142+0000] {logging_mixin.py:188} INFO - [2026-01-01T22:12:56.142+0000] {dag.py:3823} INFO - Setting next_dagrun for match_features_pipeline to 2025-12-31 00:00:00+00:00, run_after=2026-01-01 00:00:00+00:00
[2026-01-01T22:12:56.215+0000] {processor.py:183} INFO - Processing /opt/airflow/dags/prediction_features_pipeline.py took 0.216 seconds
[2026-01-01T22:13:26.459+0000] {processor.py:161} INFO - Started process (PID=23431) to work on /opt/airflow/dags/prediction_features_pipeline.py
[2026-01-01T22:13:26.461+0000] {processor.py:830} INFO - Processing file /opt/airflow/dags/prediction_features_pipeline.py for tasks to queue
[2026-01-01T22:13:26.464+0000] {logging_mixin.py:188} INFO - [2026-01-01T22:13:26.463+0000] {dagbag.py:538} INFO - Filling up the DagBag from /opt/airflow/dags/prediction_features_pipeline.py
[2026-01-01T22:13:26.513+0000] {processor.py:840} INFO - DAG(s) 'match_features_pipeline' retrieved from /opt/airflow/dags/prediction_features_pipeline.py
[2026-01-01T22:13:26.566+0000] {logging_mixin.py:188} INFO - [2026-01-01T22:13:26.565+0000] {dag.py:3036} INFO - Sync 1 DAGs
[2026-01-01T22:13:26.621+0000] {logging_mixin.py:188} INFO - [2026-01-01T22:13:26.621+0000] {dag.py:3823} INFO - Setting next_dagrun for match_features_pipeline to 2025-12-31 00:00:00+00:00, run_after=2026-01-01 00:00:00+00:00
[2026-01-01T22:13:26.685+0000] {processor.py:183} INFO - Processing /opt/airflow/dags/prediction_features_pipeline.py took 0.239 seconds
[2026-01-01T22:13:56.898+0000] {processor.py:161} INFO - Started process (PID=23451) to work on /opt/airflow/dags/prediction_features_pipeline.py
[2026-01-01T22:13:56.900+0000] {processor.py:830} INFO - Processing file /opt/airflow/dags/prediction_features_pipeline.py for tasks to queue
[2026-01-01T22:13:56.904+0000] {logging_mixin.py:188} INFO - [2026-01-01T22:13:56.903+0000] {dagbag.py:538} INFO - Filling up the DagBag from /opt/airflow/dags/prediction_features_pipeline.py
[2026-01-01T22:13:56.949+0000] {processor.py:840} INFO - DAG(s) 'match_features_pipeline' retrieved from /opt/airflow/dags/prediction_features_pipeline.py
[2026-01-01T22:13:56.992+0000] {logging_mixin.py:188} INFO - [2026-01-01T22:13:56.992+0000] {dag.py:3036} INFO - Sync 1 DAGs
[2026-01-01T22:13:57.035+0000] {logging_mixin.py:188} INFO - [2026-01-01T22:13:57.035+0000] {dag.py:3823} INFO - Setting next_dagrun for match_features_pipeline to 2025-12-31 00:00:00+00:00, run_after=2026-01-01 00:00:00+00:00
[2026-01-01T22:13:57.070+0000] {processor.py:183} INFO - Processing /opt/airflow/dags/prediction_features_pipeline.py took 0.177 seconds
[2026-01-01T22:14:27.365+0000] {processor.py:161} INFO - Started process (PID=23471) to work on /opt/airflow/dags/prediction_features_pipeline.py
[2026-01-01T22:14:27.368+0000] {processor.py:830} INFO - Processing file /opt/airflow/dags/prediction_features_pipeline.py for tasks to queue
[2026-01-01T22:14:27.373+0000] {logging_mixin.py:188} INFO - [2026-01-01T22:14:27.372+0000] {dagbag.py:538} INFO - Filling up the DagBag from /opt/airflow/dags/prediction_features_pipeline.py
[2026-01-01T22:14:27.417+0000] {processor.py:840} INFO - DAG(s) 'match_features_pipeline' retrieved from /opt/airflow/dags/prediction_features_pipeline.py
[2026-01-01T22:14:27.458+0000] {logging_mixin.py:188} INFO - [2026-01-01T22:14:27.457+0000] {dag.py:3036} INFO - Sync 1 DAGs
[2026-01-01T22:14:27.497+0000] {logging_mixin.py:188} INFO - [2026-01-01T22:14:27.497+0000] {dag.py:3823} INFO - Setting next_dagrun for match_features_pipeline to 2025-12-31 00:00:00+00:00, run_after=2026-01-01 00:00:00+00:00
[2026-01-01T22:14:27.565+0000] {processor.py:183} INFO - Processing /opt/airflow/dags/prediction_features_pipeline.py took 0.207 seconds
[2026-01-01T22:14:57.823+0000] {processor.py:161} INFO - Started process (PID=23491) to work on /opt/airflow/dags/prediction_features_pipeline.py
[2026-01-01T22:14:57.826+0000] {processor.py:830} INFO - Processing file /opt/airflow/dags/prediction_features_pipeline.py for tasks to queue
[2026-01-01T22:14:57.828+0000] {logging_mixin.py:188} INFO - [2026-01-01T22:14:57.827+0000] {dagbag.py:538} INFO - Filling up the DagBag from /opt/airflow/dags/prediction_features_pipeline.py
[2026-01-01T22:14:57.874+0000] {processor.py:840} INFO - DAG(s) 'match_features_pipeline' retrieved from /opt/airflow/dags/prediction_features_pipeline.py
[2026-01-01T22:14:57.914+0000] {logging_mixin.py:188} INFO - [2026-01-01T22:14:57.914+0000] {dag.py:3036} INFO - Sync 1 DAGs
[2026-01-01T22:14:57.957+0000] {logging_mixin.py:188} INFO - [2026-01-01T22:14:57.957+0000] {dag.py:3823} INFO - Setting next_dagrun for match_features_pipeline to 2025-12-31 00:00:00+00:00, run_after=2026-01-01 00:00:00+00:00
[2026-01-01T22:14:58.021+0000] {processor.py:183} INFO - Processing /opt/airflow/dags/prediction_features_pipeline.py took 0.206 seconds
[2026-01-01T22:15:28.250+0000] {processor.py:161} INFO - Started process (PID=23511) to work on /opt/airflow/dags/prediction_features_pipeline.py
[2026-01-01T22:15:28.253+0000] {processor.py:830} INFO - Processing file /opt/airflow/dags/prediction_features_pipeline.py for tasks to queue
[2026-01-01T22:15:28.258+0000] {logging_mixin.py:188} INFO - [2026-01-01T22:15:28.257+0000] {dagbag.py:538} INFO - Filling up the DagBag from /opt/airflow/dags/prediction_features_pipeline.py
[2026-01-01T22:15:28.303+0000] {processor.py:840} INFO - DAG(s) 'match_features_pipeline' retrieved from /opt/airflow/dags/prediction_features_pipeline.py
[2026-01-01T22:15:28.343+0000] {logging_mixin.py:188} INFO - [2026-01-01T22:15:28.342+0000] {dag.py:3036} INFO - Sync 1 DAGs
[2026-01-01T22:15:28.380+0000] {logging_mixin.py:188} INFO - [2026-01-01T22:15:28.380+0000] {dag.py:3823} INFO - Setting next_dagrun for match_features_pipeline to 2025-12-31 00:00:00+00:00, run_after=2026-01-01 00:00:00+00:00
[2026-01-01T22:15:28.458+0000] {processor.py:183} INFO - Processing /opt/airflow/dags/prediction_features_pipeline.py took 0.213 seconds
[2026-01-01T22:15:58.577+0000] {processor.py:161} INFO - Started process (PID=23526) to work on /opt/airflow/dags/prediction_features_pipeline.py
[2026-01-01T22:15:58.579+0000] {processor.py:830} INFO - Processing file /opt/airflow/dags/prediction_features_pipeline.py for tasks to queue
[2026-01-01T22:15:58.581+0000] {logging_mixin.py:188} INFO - [2026-01-01T22:15:58.580+0000] {dagbag.py:538} INFO - Filling up the DagBag from /opt/airflow/dags/prediction_features_pipeline.py
[2026-01-01T22:15:58.637+0000] {processor.py:840} INFO - DAG(s) 'match_features_pipeline' retrieved from /opt/airflow/dags/prediction_features_pipeline.py
[2026-01-01T22:15:58.686+0000] {logging_mixin.py:188} INFO - [2026-01-01T22:15:58.685+0000] {dag.py:3036} INFO - Sync 1 DAGs
[2026-01-01T22:15:58.733+0000] {logging_mixin.py:188} INFO - [2026-01-01T22:15:58.733+0000] {dag.py:3823} INFO - Setting next_dagrun for match_features_pipeline to 2025-12-31 00:00:00+00:00, run_after=2026-01-01 00:00:00+00:00
[2026-01-01T22:15:58.775+0000] {processor.py:183} INFO - Processing /opt/airflow/dags/prediction_features_pipeline.py took 0.207 seconds
[2026-01-01T22:16:28.982+0000] {processor.py:161} INFO - Started process (PID=23546) to work on /opt/airflow/dags/prediction_features_pipeline.py
[2026-01-01T22:16:28.985+0000] {processor.py:830} INFO - Processing file /opt/airflow/dags/prediction_features_pipeline.py for tasks to queue
[2026-01-01T22:16:28.987+0000] {logging_mixin.py:188} INFO - [2026-01-01T22:16:28.987+0000] {dagbag.py:538} INFO - Filling up the DagBag from /opt/airflow/dags/prediction_features_pipeline.py
[2026-01-01T22:16:29.047+0000] {processor.py:840} INFO - DAG(s) 'match_features_pipeline' retrieved from /opt/airflow/dags/prediction_features_pipeline.py
[2026-01-01T22:16:29.114+0000] {logging_mixin.py:188} INFO - [2026-01-01T22:16:29.113+0000] {dag.py:3036} INFO - Sync 1 DAGs
[2026-01-01T22:16:29.176+0000] {logging_mixin.py:188} INFO - [2026-01-01T22:16:29.175+0000] {dag.py:3823} INFO - Setting next_dagrun for match_features_pipeline to 2025-12-31 00:00:00+00:00, run_after=2026-01-01 00:00:00+00:00
[2026-01-01T22:16:29.261+0000] {processor.py:183} INFO - Processing /opt/airflow/dags/prediction_features_pipeline.py took 0.289 seconds
[2026-01-01T22:17:00.132+0000] {processor.py:161} INFO - Started process (PID=23566) to work on /opt/airflow/dags/prediction_features_pipeline.py
[2026-01-01T22:17:00.134+0000] {processor.py:830} INFO - Processing file /opt/airflow/dags/prediction_features_pipeline.py for tasks to queue
[2026-01-01T22:17:00.136+0000] {logging_mixin.py:188} INFO - [2026-01-01T22:17:00.136+0000] {dagbag.py:538} INFO - Filling up the DagBag from /opt/airflow/dags/prediction_features_pipeline.py
[2026-01-01T22:17:00.185+0000] {processor.py:840} INFO - DAG(s) 'match_features_pipeline' retrieved from /opt/airflow/dags/prediction_features_pipeline.py
[2026-01-01T22:17:00.236+0000] {logging_mixin.py:188} INFO - [2026-01-01T22:17:00.235+0000] {dag.py:3036} INFO - Sync 1 DAGs
[2026-01-01T22:17:00.284+0000] {logging_mixin.py:188} INFO - [2026-01-01T22:17:00.284+0000] {dag.py:3823} INFO - Setting next_dagrun for match_features_pipeline to 2025-12-31 00:00:00+00:00, run_after=2026-01-01 00:00:00+00:00
[2026-01-01T22:17:00.367+0000] {processor.py:183} INFO - Processing /opt/airflow/dags/prediction_features_pipeline.py took 0.242 seconds
[2026-01-01T22:17:31.215+0000] {processor.py:161} INFO - Started process (PID=23586) to work on /opt/airflow/dags/prediction_features_pipeline.py
[2026-01-01T22:17:31.217+0000] {processor.py:830} INFO - Processing file /opt/airflow/dags/prediction_features_pipeline.py for tasks to queue
[2026-01-01T22:17:31.219+0000] {logging_mixin.py:188} INFO - [2026-01-01T22:17:31.219+0000] {dagbag.py:538} INFO - Filling up the DagBag from /opt/airflow/dags/prediction_features_pipeline.py
[2026-01-01T22:17:31.277+0000] {processor.py:840} INFO - DAG(s) 'match_features_pipeline' retrieved from /opt/airflow/dags/prediction_features_pipeline.py
[2026-01-01T22:17:31.333+0000] {logging_mixin.py:188} INFO - [2026-01-01T22:17:31.332+0000] {dag.py:3036} INFO - Sync 1 DAGs
[2026-01-01T22:17:31.386+0000] {logging_mixin.py:188} INFO - [2026-01-01T22:17:31.385+0000] {dag.py:3823} INFO - Setting next_dagrun for match_features_pipeline to 2025-12-31 00:00:00+00:00, run_after=2026-01-01 00:00:00+00:00
[2026-01-01T22:17:31.423+0000] {processor.py:183} INFO - Processing /opt/airflow/dags/prediction_features_pipeline.py took 0.215 seconds
[2026-01-01T22:18:02.150+0000] {processor.py:161} INFO - Started process (PID=23606) to work on /opt/airflow/dags/prediction_features_pipeline.py
[2026-01-01T22:18:02.152+0000] {processor.py:830} INFO - Processing file /opt/airflow/dags/prediction_features_pipeline.py for tasks to queue
[2026-01-01T22:18:02.154+0000] {logging_mixin.py:188} INFO - [2026-01-01T22:18:02.153+0000] {dagbag.py:538} INFO - Filling up the DagBag from /opt/airflow/dags/prediction_features_pipeline.py
[2026-01-01T22:18:02.192+0000] {processor.py:840} INFO - DAG(s) 'match_features_pipeline' retrieved from /opt/airflow/dags/prediction_features_pipeline.py
[2026-01-01T22:18:02.239+0000] {logging_mixin.py:188} INFO - [2026-01-01T22:18:02.239+0000] {dag.py:3036} INFO - Sync 1 DAGs
[2026-01-01T22:18:02.284+0000] {logging_mixin.py:188} INFO - [2026-01-01T22:18:02.283+0000] {dag.py:3823} INFO - Setting next_dagrun for match_features_pipeline to 2025-12-31 00:00:00+00:00, run_after=2026-01-01 00:00:00+00:00
[2026-01-01T22:18:02.354+0000] {processor.py:183} INFO - Processing /opt/airflow/dags/prediction_features_pipeline.py took 0.212 seconds
[2026-01-01T22:18:33.108+0000] {processor.py:161} INFO - Started process (PID=23626) to work on /opt/airflow/dags/prediction_features_pipeline.py
[2026-01-01T22:18:33.110+0000] {processor.py:830} INFO - Processing file /opt/airflow/dags/prediction_features_pipeline.py for tasks to queue
[2026-01-01T22:18:33.112+0000] {logging_mixin.py:188} INFO - [2026-01-01T22:18:33.112+0000] {dagbag.py:538} INFO - Filling up the DagBag from /opt/airflow/dags/prediction_features_pipeline.py
[2026-01-01T22:18:33.151+0000] {processor.py:840} INFO - DAG(s) 'match_features_pipeline' retrieved from /opt/airflow/dags/prediction_features_pipeline.py
[2026-01-01T22:18:33.194+0000] {logging_mixin.py:188} INFO - [2026-01-01T22:18:33.193+0000] {dag.py:3036} INFO - Sync 1 DAGs
[2026-01-01T22:18:33.240+0000] {logging_mixin.py:188} INFO - [2026-01-01T22:18:33.239+0000] {dag.py:3823} INFO - Setting next_dagrun for match_features_pipeline to 2025-12-31 00:00:00+00:00, run_after=2026-01-01 00:00:00+00:00
[2026-01-01T22:18:33.313+0000] {processor.py:183} INFO - Processing /opt/airflow/dags/prediction_features_pipeline.py took 0.212 seconds
[2026-01-01T22:19:03.969+0000] {processor.py:161} INFO - Started process (PID=23646) to work on /opt/airflow/dags/prediction_features_pipeline.py
[2026-01-01T22:19:03.971+0000] {processor.py:830} INFO - Processing file /opt/airflow/dags/prediction_features_pipeline.py for tasks to queue
[2026-01-01T22:19:03.974+0000] {logging_mixin.py:188} INFO - [2026-01-01T22:19:03.973+0000] {dagbag.py:538} INFO - Filling up the DagBag from /opt/airflow/dags/prediction_features_pipeline.py
[2026-01-01T22:19:04.013+0000] {processor.py:840} INFO - DAG(s) 'match_features_pipeline' retrieved from /opt/airflow/dags/prediction_features_pipeline.py
[2026-01-01T22:19:04.055+0000] {logging_mixin.py:188} INFO - [2026-01-01T22:19:04.055+0000] {dag.py:3036} INFO - Sync 1 DAGs
[2026-01-01T22:19:04.097+0000] {logging_mixin.py:188} INFO - [2026-01-01T22:19:04.097+0000] {dag.py:3823} INFO - Setting next_dagrun for match_features_pipeline to 2025-12-31 00:00:00+00:00, run_after=2026-01-01 00:00:00+00:00
[2026-01-01T22:19:04.167+0000] {processor.py:183} INFO - Processing /opt/airflow/dags/prediction_features_pipeline.py took 0.205 seconds
[2026-01-01T22:19:34.813+0000] {processor.py:161} INFO - Started process (PID=23666) to work on /opt/airflow/dags/prediction_features_pipeline.py
[2026-01-01T22:19:34.816+0000] {processor.py:830} INFO - Processing file /opt/airflow/dags/prediction_features_pipeline.py for tasks to queue
[2026-01-01T22:19:34.817+0000] {logging_mixin.py:188} INFO - [2026-01-01T22:19:34.817+0000] {dagbag.py:538} INFO - Filling up the DagBag from /opt/airflow/dags/prediction_features_pipeline.py
[2026-01-01T22:19:34.854+0000] {processor.py:840} INFO - DAG(s) 'match_features_pipeline' retrieved from /opt/airflow/dags/prediction_features_pipeline.py
[2026-01-01T22:19:34.911+0000] {logging_mixin.py:188} INFO - [2026-01-01T22:19:34.910+0000] {dag.py:3036} INFO - Sync 1 DAGs
[2026-01-01T22:19:34.950+0000] {logging_mixin.py:188} INFO - [2026-01-01T22:19:34.950+0000] {dag.py:3823} INFO - Setting next_dagrun for match_features_pipeline to 2025-12-31 00:00:00+00:00, run_after=2026-01-01 00:00:00+00:00
[2026-01-01T22:19:35.022+0000] {processor.py:183} INFO - Processing /opt/airflow/dags/prediction_features_pipeline.py took 0.216 seconds
[2026-01-01T22:20:05.735+0000] {processor.py:161} INFO - Started process (PID=23686) to work on /opt/airflow/dags/prediction_features_pipeline.py
[2026-01-01T22:20:05.737+0000] {processor.py:830} INFO - Processing file /opt/airflow/dags/prediction_features_pipeline.py for tasks to queue
[2026-01-01T22:20:05.739+0000] {logging_mixin.py:188} INFO - [2026-01-01T22:20:05.738+0000] {dagbag.py:538} INFO - Filling up the DagBag from /opt/airflow/dags/prediction_features_pipeline.py
[2026-01-01T22:20:05.777+0000] {processor.py:840} INFO - DAG(s) 'match_features_pipeline' retrieved from /opt/airflow/dags/prediction_features_pipeline.py
[2026-01-01T22:20:05.824+0000] {logging_mixin.py:188} INFO - [2026-01-01T22:20:05.823+0000] {dag.py:3036} INFO - Sync 1 DAGs
[2026-01-01T22:20:05.866+0000] {logging_mixin.py:188} INFO - [2026-01-01T22:20:05.866+0000] {dag.py:3823} INFO - Setting next_dagrun for match_features_pipeline to 2025-12-31 00:00:00+00:00, run_after=2026-01-01 00:00:00+00:00
[2026-01-01T22:20:05.924+0000] {processor.py:183} INFO - Processing /opt/airflow/dags/prediction_features_pipeline.py took 0.197 seconds
[2026-01-01T22:20:36.603+0000] {processor.py:161} INFO - Started process (PID=23706) to work on /opt/airflow/dags/prediction_features_pipeline.py
[2026-01-01T22:20:36.606+0000] {processor.py:830} INFO - Processing file /opt/airflow/dags/prediction_features_pipeline.py for tasks to queue
[2026-01-01T22:20:36.608+0000] {logging_mixin.py:188} INFO - [2026-01-01T22:20:36.607+0000] {dagbag.py:538} INFO - Filling up the DagBag from /opt/airflow/dags/prediction_features_pipeline.py
[2026-01-01T22:20:36.650+0000] {processor.py:840} INFO - DAG(s) 'match_features_pipeline' retrieved from /opt/airflow/dags/prediction_features_pipeline.py
[2026-01-01T22:20:36.698+0000] {logging_mixin.py:188} INFO - [2026-01-01T22:20:36.697+0000] {dag.py:3036} INFO - Sync 1 DAGs
[2026-01-01T22:20:36.745+0000] {logging_mixin.py:188} INFO - [2026-01-01T22:20:36.744+0000] {dag.py:3823} INFO - Setting next_dagrun for match_features_pipeline to 2025-12-31 00:00:00+00:00, run_after=2026-01-01 00:00:00+00:00
[2026-01-01T22:20:36.815+0000] {processor.py:183} INFO - Processing /opt/airflow/dags/prediction_features_pipeline.py took 0.226 seconds
[2026-01-01T22:21:07.473+0000] {processor.py:161} INFO - Started process (PID=23726) to work on /opt/airflow/dags/prediction_features_pipeline.py
[2026-01-01T22:21:07.476+0000] {processor.py:830} INFO - Processing file /opt/airflow/dags/prediction_features_pipeline.py for tasks to queue
[2026-01-01T22:21:07.477+0000] {logging_mixin.py:188} INFO - [2026-01-01T22:21:07.477+0000] {dagbag.py:538} INFO - Filling up the DagBag from /opt/airflow/dags/prediction_features_pipeline.py
[2026-01-01T22:21:07.514+0000] {processor.py:840} INFO - DAG(s) 'match_features_pipeline' retrieved from /opt/airflow/dags/prediction_features_pipeline.py
[2026-01-01T22:21:07.561+0000] {logging_mixin.py:188} INFO - [2026-01-01T22:21:07.561+0000] {dag.py:3036} INFO - Sync 1 DAGs
[2026-01-01T22:21:07.607+0000] {logging_mixin.py:188} INFO - [2026-01-01T22:21:07.606+0000] {dag.py:3823} INFO - Setting next_dagrun for match_features_pipeline to 2025-12-31 00:00:00+00:00, run_after=2026-01-01 00:00:00+00:00
[2026-01-01T22:21:07.677+0000] {processor.py:183} INFO - Processing /opt/airflow/dags/prediction_features_pipeline.py took 0.210 seconds
[2026-01-01T22:21:38.349+0000] {processor.py:161} INFO - Started process (PID=23746) to work on /opt/airflow/dags/prediction_features_pipeline.py
[2026-01-01T22:21:38.351+0000] {processor.py:830} INFO - Processing file /opt/airflow/dags/prediction_features_pipeline.py for tasks to queue
[2026-01-01T22:21:38.353+0000] {logging_mixin.py:188} INFO - [2026-01-01T22:21:38.352+0000] {dagbag.py:538} INFO - Filling up the DagBag from /opt/airflow/dags/prediction_features_pipeline.py
[2026-01-01T22:21:38.390+0000] {processor.py:840} INFO - DAG(s) 'match_features_pipeline' retrieved from /opt/airflow/dags/prediction_features_pipeline.py
[2026-01-01T22:21:38.436+0000] {logging_mixin.py:188} INFO - [2026-01-01T22:21:38.435+0000] {dag.py:3036} INFO - Sync 1 DAGs
[2026-01-01T22:21:38.481+0000] {logging_mixin.py:188} INFO - [2026-01-01T22:21:38.480+0000] {dag.py:3823} INFO - Setting next_dagrun for match_features_pipeline to 2025-12-31 00:00:00+00:00, run_after=2026-01-01 00:00:00+00:00
[2026-01-01T22:21:38.552+0000] {processor.py:183} INFO - Processing /opt/airflow/dags/prediction_features_pipeline.py took 0.211 seconds
[2026-01-01T22:22:09.187+0000] {processor.py:161} INFO - Started process (PID=23766) to work on /opt/airflow/dags/prediction_features_pipeline.py
[2026-01-01T22:22:09.189+0000] {processor.py:830} INFO - Processing file /opt/airflow/dags/prediction_features_pipeline.py for tasks to queue
[2026-01-01T22:22:09.191+0000] {logging_mixin.py:188} INFO - [2026-01-01T22:22:09.190+0000] {dagbag.py:538} INFO - Filling up the DagBag from /opt/airflow/dags/prediction_features_pipeline.py
[2026-01-01T22:22:09.229+0000] {processor.py:840} INFO - DAG(s) 'match_features_pipeline' retrieved from /opt/airflow/dags/prediction_features_pipeline.py
[2026-01-01T22:22:09.271+0000] {logging_mixin.py:188} INFO - [2026-01-01T22:22:09.270+0000] {dag.py:3036} INFO - Sync 1 DAGs
[2026-01-01T22:22:09.314+0000] {logging_mixin.py:188} INFO - [2026-01-01T22:22:09.313+0000] {dag.py:3823} INFO - Setting next_dagrun for match_features_pipeline to 2025-12-31 00:00:00+00:00, run_after=2026-01-01 00:00:00+00:00
[2026-01-01T22:22:09.387+0000] {processor.py:183} INFO - Processing /opt/airflow/dags/prediction_features_pipeline.py took 0.207 seconds
[2026-01-01T22:22:40.044+0000] {processor.py:161} INFO - Started process (PID=23786) to work on /opt/airflow/dags/prediction_features_pipeline.py
[2026-01-01T22:22:40.046+0000] {processor.py:830} INFO - Processing file /opt/airflow/dags/prediction_features_pipeline.py for tasks to queue
[2026-01-01T22:22:40.048+0000] {logging_mixin.py:188} INFO - [2026-01-01T22:22:40.047+0000] {dagbag.py:538} INFO - Filling up the DagBag from /opt/airflow/dags/prediction_features_pipeline.py
[2026-01-01T22:22:40.086+0000] {processor.py:840} INFO - DAG(s) 'match_features_pipeline' retrieved from /opt/airflow/dags/prediction_features_pipeline.py
[2026-01-01T22:22:40.132+0000] {logging_mixin.py:188} INFO - [2026-01-01T22:22:40.131+0000] {dag.py:3036} INFO - Sync 1 DAGs
[2026-01-01T22:22:40.177+0000] {logging_mixin.py:188} INFO - [2026-01-01T22:22:40.177+0000] {dag.py:3823} INFO - Setting next_dagrun for match_features_pipeline to 2025-12-31 00:00:00+00:00, run_after=2026-01-01 00:00:00+00:00
[2026-01-01T22:22:40.253+0000] {processor.py:183} INFO - Processing /opt/airflow/dags/prediction_features_pipeline.py took 0.219 seconds
[2026-01-01T22:23:11.013+0000] {processor.py:161} INFO - Started process (PID=23806) to work on /opt/airflow/dags/prediction_features_pipeline.py
[2026-01-01T22:23:11.015+0000] {processor.py:830} INFO - Processing file /opt/airflow/dags/prediction_features_pipeline.py for tasks to queue
[2026-01-01T22:23:11.017+0000] {logging_mixin.py:188} INFO - [2026-01-01T22:23:11.016+0000] {dagbag.py:538} INFO - Filling up the DagBag from /opt/airflow/dags/prediction_features_pipeline.py
[2026-01-01T22:23:11.057+0000] {processor.py:840} INFO - DAG(s) 'match_features_pipeline' retrieved from /opt/airflow/dags/prediction_features_pipeline.py
[2026-01-01T22:23:11.103+0000] {logging_mixin.py:188} INFO - [2026-01-01T22:23:11.103+0000] {dag.py:3036} INFO - Sync 1 DAGs
[2026-01-01T22:23:11.146+0000] {logging_mixin.py:188} INFO - [2026-01-01T22:23:11.146+0000] {dag.py:3823} INFO - Setting next_dagrun for match_features_pipeline to 2025-12-31 00:00:00+00:00, run_after=2026-01-01 00:00:00+00:00
[2026-01-01T22:23:11.180+0000] {processor.py:183} INFO - Processing /opt/airflow/dags/prediction_features_pipeline.py took 0.174 seconds
[2026-01-01T22:23:41.825+0000] {processor.py:161} INFO - Started process (PID=23826) to work on /opt/airflow/dags/prediction_features_pipeline.py
[2026-01-01T22:23:41.827+0000] {processor.py:830} INFO - Processing file /opt/airflow/dags/prediction_features_pipeline.py for tasks to queue
[2026-01-01T22:23:41.829+0000] {logging_mixin.py:188} INFO - [2026-01-01T22:23:41.829+0000] {dagbag.py:538} INFO - Filling up the DagBag from /opt/airflow/dags/prediction_features_pipeline.py
[2026-01-01T22:23:41.866+0000] {processor.py:840} INFO - DAG(s) 'match_features_pipeline' retrieved from /opt/airflow/dags/prediction_features_pipeline.py
[2026-01-01T22:23:41.909+0000] {logging_mixin.py:188} INFO - [2026-01-01T22:23:41.908+0000] {dag.py:3036} INFO - Sync 1 DAGs
[2026-01-01T22:23:41.948+0000] {logging_mixin.py:188} INFO - [2026-01-01T22:23:41.948+0000] {dag.py:3823} INFO - Setting next_dagrun for match_features_pipeline to 2025-12-31 00:00:00+00:00, run_after=2026-01-01 00:00:00+00:00
[2026-01-01T22:23:42.021+0000] {processor.py:183} INFO - Processing /opt/airflow/dags/prediction_features_pipeline.py took 0.201 seconds
[2026-01-01T22:24:12.677+0000] {processor.py:161} INFO - Started process (PID=23846) to work on /opt/airflow/dags/prediction_features_pipeline.py
[2026-01-01T22:24:12.679+0000] {processor.py:830} INFO - Processing file /opt/airflow/dags/prediction_features_pipeline.py for tasks to queue
[2026-01-01T22:24:12.681+0000] {logging_mixin.py:188} INFO - [2026-01-01T22:24:12.681+0000] {dagbag.py:538} INFO - Filling up the DagBag from /opt/airflow/dags/prediction_features_pipeline.py
[2026-01-01T22:24:12.717+0000] {processor.py:840} INFO - DAG(s) 'match_features_pipeline' retrieved from /opt/airflow/dags/prediction_features_pipeline.py
[2026-01-01T22:24:12.762+0000] {logging_mixin.py:188} INFO - [2026-01-01T22:24:12.762+0000] {dag.py:3036} INFO - Sync 1 DAGs
[2026-01-01T22:24:12.836+0000] {logging_mixin.py:188} INFO - [2026-01-01T22:24:12.835+0000] {dag.py:3823} INFO - Setting next_dagrun for match_features_pipeline to 2025-12-31 00:00:00+00:00, run_after=2026-01-01 00:00:00+00:00
[2026-01-01T22:24:12.884+0000] {processor.py:183} INFO - Processing /opt/airflow/dags/prediction_features_pipeline.py took 0.215 seconds
[2026-01-01T22:24:43.594+0000] {processor.py:161} INFO - Started process (PID=23866) to work on /opt/airflow/dags/prediction_features_pipeline.py
[2026-01-01T22:24:43.596+0000] {processor.py:830} INFO - Processing file /opt/airflow/dags/prediction_features_pipeline.py for tasks to queue
[2026-01-01T22:24:43.598+0000] {logging_mixin.py:188} INFO - [2026-01-01T22:24:43.597+0000] {dagbag.py:538} INFO - Filling up the DagBag from /opt/airflow/dags/prediction_features_pipeline.py
[2026-01-01T22:24:43.634+0000] {processor.py:840} INFO - DAG(s) 'match_features_pipeline' retrieved from /opt/airflow/dags/prediction_features_pipeline.py
[2026-01-01T22:24:43.677+0000] {logging_mixin.py:188} INFO - [2026-01-01T22:24:43.677+0000] {dag.py:3036} INFO - Sync 1 DAGs
[2026-01-01T22:24:43.732+0000] {logging_mixin.py:188} INFO - [2026-01-01T22:24:43.731+0000] {dag.py:3823} INFO - Setting next_dagrun for match_features_pipeline to 2025-12-31 00:00:00+00:00, run_after=2026-01-01 00:00:00+00:00
[2026-01-01T22:24:43.806+0000] {processor.py:183} INFO - Processing /opt/airflow/dags/prediction_features_pipeline.py took 0.219 seconds
[2026-01-01T22:25:14.478+0000] {processor.py:161} INFO - Started process (PID=23886) to work on /opt/airflow/dags/prediction_features_pipeline.py
[2026-01-01T22:25:14.480+0000] {processor.py:830} INFO - Processing file /opt/airflow/dags/prediction_features_pipeline.py for tasks to queue
[2026-01-01T22:25:14.482+0000] {logging_mixin.py:188} INFO - [2026-01-01T22:25:14.481+0000] {dagbag.py:538} INFO - Filling up the DagBag from /opt/airflow/dags/prediction_features_pipeline.py
[2026-01-01T22:25:14.520+0000] {processor.py:840} INFO - DAG(s) 'match_features_pipeline' retrieved from /opt/airflow/dags/prediction_features_pipeline.py
[2026-01-01T22:25:14.565+0000] {logging_mixin.py:188} INFO - [2026-01-01T22:25:14.564+0000] {dag.py:3036} INFO - Sync 1 DAGs
[2026-01-01T22:25:14.605+0000] {logging_mixin.py:188} INFO - [2026-01-01T22:25:14.604+0000] {dag.py:3823} INFO - Setting next_dagrun for match_features_pipeline to 2025-12-31 00:00:00+00:00, run_after=2026-01-01 00:00:00+00:00
[2026-01-01T22:25:14.665+0000] {processor.py:183} INFO - Processing /opt/airflow/dags/prediction_features_pipeline.py took 0.193 seconds
[2026-01-01T22:25:45.326+0000] {processor.py:161} INFO - Started process (PID=23906) to work on /opt/airflow/dags/prediction_features_pipeline.py
[2026-01-01T22:25:45.329+0000] {processor.py:830} INFO - Processing file /opt/airflow/dags/prediction_features_pipeline.py for tasks to queue
[2026-01-01T22:25:45.331+0000] {logging_mixin.py:188} INFO - [2026-01-01T22:25:45.331+0000] {dagbag.py:538} INFO - Filling up the DagBag from /opt/airflow/dags/prediction_features_pipeline.py
[2026-01-01T22:25:45.369+0000] {processor.py:840} INFO - DAG(s) 'match_features_pipeline' retrieved from /opt/airflow/dags/prediction_features_pipeline.py
[2026-01-01T22:25:45.411+0000] {logging_mixin.py:188} INFO - [2026-01-01T22:25:45.411+0000] {dag.py:3036} INFO - Sync 1 DAGs
[2026-01-01T22:25:45.450+0000] {logging_mixin.py:188} INFO - [2026-01-01T22:25:45.449+0000] {dag.py:3823} INFO - Setting next_dagrun for match_features_pipeline to 2025-12-31 00:00:00+00:00, run_after=2026-01-01 00:00:00+00:00
[2026-01-01T22:25:45.506+0000] {processor.py:183} INFO - Processing /opt/airflow/dags/prediction_features_pipeline.py took 0.187 seconds
[2026-01-01T22:26:16.148+0000] {processor.py:161} INFO - Started process (PID=23926) to work on /opt/airflow/dags/prediction_features_pipeline.py
[2026-01-01T22:26:16.150+0000] {processor.py:830} INFO - Processing file /opt/airflow/dags/prediction_features_pipeline.py for tasks to queue
[2026-01-01T22:26:16.152+0000] {logging_mixin.py:188} INFO - [2026-01-01T22:26:16.152+0000] {dagbag.py:538} INFO - Filling up the DagBag from /opt/airflow/dags/prediction_features_pipeline.py
[2026-01-01T22:26:16.189+0000] {processor.py:840} INFO - DAG(s) 'match_features_pipeline' retrieved from /opt/airflow/dags/prediction_features_pipeline.py
[2026-01-01T22:26:16.236+0000] {logging_mixin.py:188} INFO - [2026-01-01T22:26:16.235+0000] {dag.py:3036} INFO - Sync 1 DAGs
[2026-01-01T22:26:16.281+0000] {logging_mixin.py:188} INFO - [2026-01-01T22:26:16.281+0000] {dag.py:3823} INFO - Setting next_dagrun for match_features_pipeline to 2025-12-31 00:00:00+00:00, run_after=2026-01-01 00:00:00+00:00
[2026-01-01T22:26:16.354+0000] {processor.py:183} INFO - Processing /opt/airflow/dags/prediction_features_pipeline.py took 0.213 seconds
[2026-01-01T22:26:47.031+0000] {processor.py:161} INFO - Started process (PID=23946) to work on /opt/airflow/dags/prediction_features_pipeline.py
[2026-01-01T22:26:47.034+0000] {processor.py:830} INFO - Processing file /opt/airflow/dags/prediction_features_pipeline.py for tasks to queue
[2026-01-01T22:26:47.036+0000] {logging_mixin.py:188} INFO - [2026-01-01T22:26:47.035+0000] {dagbag.py:538} INFO - Filling up the DagBag from /opt/airflow/dags/prediction_features_pipeline.py
[2026-01-01T22:26:47.081+0000] {processor.py:840} INFO - DAG(s) 'match_features_pipeline' retrieved from /opt/airflow/dags/prediction_features_pipeline.py
[2026-01-01T22:26:47.127+0000] {logging_mixin.py:188} INFO - [2026-01-01T22:26:47.126+0000] {dag.py:3036} INFO - Sync 1 DAGs
[2026-01-01T22:26:47.170+0000] {logging_mixin.py:188} INFO - [2026-01-01T22:26:47.170+0000] {dag.py:3823} INFO - Setting next_dagrun for match_features_pipeline to 2025-12-31 00:00:00+00:00, run_after=2026-01-01 00:00:00+00:00
[2026-01-01T22:26:47.206+0000] {processor.py:183} INFO - Processing /opt/airflow/dags/prediction_features_pipeline.py took 0.181 seconds
[2026-01-01T22:27:17.898+0000] {processor.py:161} INFO - Started process (PID=23966) to work on /opt/airflow/dags/prediction_features_pipeline.py
[2026-01-01T22:27:17.900+0000] {processor.py:830} INFO - Processing file /opt/airflow/dags/prediction_features_pipeline.py for tasks to queue
[2026-01-01T22:27:17.902+0000] {logging_mixin.py:188} INFO - [2026-01-01T22:27:17.901+0000] {dagbag.py:538} INFO - Filling up the DagBag from /opt/airflow/dags/prediction_features_pipeline.py
[2026-01-01T22:27:17.939+0000] {processor.py:840} INFO - DAG(s) 'match_features_pipeline' retrieved from /opt/airflow/dags/prediction_features_pipeline.py
[2026-01-01T22:27:17.984+0000] {logging_mixin.py:188} INFO - [2026-01-01T22:27:17.983+0000] {dag.py:3036} INFO - Sync 1 DAGs
[2026-01-01T22:27:18.025+0000] {logging_mixin.py:188} INFO - [2026-01-01T22:27:18.025+0000] {dag.py:3823} INFO - Setting next_dagrun for match_features_pipeline to 2025-12-31 00:00:00+00:00, run_after=2026-01-01 00:00:00+00:00
[2026-01-01T22:27:18.097+0000] {processor.py:183} INFO - Processing /opt/airflow/dags/prediction_features_pipeline.py took 0.207 seconds
[2026-01-01T22:27:48.787+0000] {processor.py:161} INFO - Started process (PID=23986) to work on /opt/airflow/dags/prediction_features_pipeline.py
[2026-01-01T22:27:48.789+0000] {processor.py:830} INFO - Processing file /opt/airflow/dags/prediction_features_pipeline.py for tasks to queue
[2026-01-01T22:27:48.791+0000] {logging_mixin.py:188} INFO - [2026-01-01T22:27:48.790+0000] {dagbag.py:538} INFO - Filling up the DagBag from /opt/airflow/dags/prediction_features_pipeline.py
[2026-01-01T22:27:48.834+0000] {processor.py:840} INFO - DAG(s) 'match_features_pipeline' retrieved from /opt/airflow/dags/prediction_features_pipeline.py
[2026-01-01T22:27:48.883+0000] {logging_mixin.py:188} INFO - [2026-01-01T22:27:48.882+0000] {dag.py:3036} INFO - Sync 1 DAGs
[2026-01-01T22:27:48.925+0000] {logging_mixin.py:188} INFO - [2026-01-01T22:27:48.925+0000] {dag.py:3823} INFO - Setting next_dagrun for match_features_pipeline to 2025-12-31 00:00:00+00:00, run_after=2026-01-01 00:00:00+00:00
[2026-01-01T22:27:49.000+0000] {processor.py:183} INFO - Processing /opt/airflow/dags/prediction_features_pipeline.py took 0.220 seconds
[2026-01-01T22:28:19.770+0000] {processor.py:161} INFO - Started process (PID=24006) to work on /opt/airflow/dags/prediction_features_pipeline.py
[2026-01-01T22:28:19.773+0000] {processor.py:830} INFO - Processing file /opt/airflow/dags/prediction_features_pipeline.py for tasks to queue
[2026-01-01T22:28:19.775+0000] {logging_mixin.py:188} INFO - [2026-01-01T22:28:19.774+0000] {dagbag.py:538} INFO - Filling up the DagBag from /opt/airflow/dags/prediction_features_pipeline.py
[2026-01-01T22:28:19.816+0000] {processor.py:840} INFO - DAG(s) 'match_features_pipeline' retrieved from /opt/airflow/dags/prediction_features_pipeline.py
[2026-01-01T22:28:19.862+0000] {logging_mixin.py:188} INFO - [2026-01-01T22:28:19.861+0000] {dag.py:3036} INFO - Sync 1 DAGs
[2026-01-01T22:28:19.906+0000] {logging_mixin.py:188} INFO - [2026-01-01T22:28:19.906+0000] {dag.py:3823} INFO - Setting next_dagrun for match_features_pipeline to 2025-12-31 00:00:00+00:00, run_after=2026-01-01 00:00:00+00:00
[2026-01-01T22:28:19.940+0000] {processor.py:183} INFO - Processing /opt/airflow/dags/prediction_features_pipeline.py took 0.177 seconds
[2026-01-01T22:28:50.606+0000] {processor.py:161} INFO - Started process (PID=24026) to work on /opt/airflow/dags/prediction_features_pipeline.py
[2026-01-01T22:28:50.608+0000] {processor.py:830} INFO - Processing file /opt/airflow/dags/prediction_features_pipeline.py for tasks to queue
[2026-01-01T22:28:50.610+0000] {logging_mixin.py:188} INFO - [2026-01-01T22:28:50.609+0000] {dagbag.py:538} INFO - Filling up the DagBag from /opt/airflow/dags/prediction_features_pipeline.py
[2026-01-01T22:28:50.650+0000] {processor.py:840} INFO - DAG(s) 'match_features_pipeline' retrieved from /opt/airflow/dags/prediction_features_pipeline.py
[2026-01-01T22:28:50.695+0000] {logging_mixin.py:188} INFO - [2026-01-01T22:28:50.695+0000] {dag.py:3036} INFO - Sync 1 DAGs
[2026-01-01T22:28:50.734+0000] {logging_mixin.py:188} INFO - [2026-01-01T22:28:50.733+0000] {dag.py:3823} INFO - Setting next_dagrun for match_features_pipeline to 2025-12-31 00:00:00+00:00, run_after=2026-01-01 00:00:00+00:00
[2026-01-01T22:28:50.805+0000] {processor.py:183} INFO - Processing /opt/airflow/dags/prediction_features_pipeline.py took 0.208 seconds
[2026-01-01T22:29:21.471+0000] {processor.py:161} INFO - Started process (PID=24046) to work on /opt/airflow/dags/prediction_features_pipeline.py
[2026-01-01T22:29:21.474+0000] {processor.py:830} INFO - Processing file /opt/airflow/dags/prediction_features_pipeline.py for tasks to queue
[2026-01-01T22:29:21.475+0000] {logging_mixin.py:188} INFO - [2026-01-01T22:29:21.475+0000] {dagbag.py:538} INFO - Filling up the DagBag from /opt/airflow/dags/prediction_features_pipeline.py
[2026-01-01T22:29:21.513+0000] {processor.py:840} INFO - DAG(s) 'match_features_pipeline' retrieved from /opt/airflow/dags/prediction_features_pipeline.py
[2026-01-01T22:29:21.559+0000] {logging_mixin.py:188} INFO - [2026-01-01T22:29:21.558+0000] {dag.py:3036} INFO - Sync 1 DAGs
[2026-01-01T22:29:21.602+0000] {logging_mixin.py:188} INFO - [2026-01-01T22:29:21.602+0000] {dag.py:3823} INFO - Setting next_dagrun for match_features_pipeline to 2025-12-31 00:00:00+00:00, run_after=2026-01-01 00:00:00+00:00
[2026-01-01T22:29:21.674+0000] {processor.py:183} INFO - Processing /opt/airflow/dags/prediction_features_pipeline.py took 0.211 seconds
[2026-01-01T22:29:52.321+0000] {processor.py:161} INFO - Started process (PID=24066) to work on /opt/airflow/dags/prediction_features_pipeline.py
[2026-01-01T22:29:52.323+0000] {processor.py:830} INFO - Processing file /opt/airflow/dags/prediction_features_pipeline.py for tasks to queue
[2026-01-01T22:29:52.325+0000] {logging_mixin.py:188} INFO - [2026-01-01T22:29:52.325+0000] {dagbag.py:538} INFO - Filling up the DagBag from /opt/airflow/dags/prediction_features_pipeline.py
[2026-01-01T22:29:52.364+0000] {processor.py:840} INFO - DAG(s) 'match_features_pipeline' retrieved from /opt/airflow/dags/prediction_features_pipeline.py
[2026-01-01T22:29:52.410+0000] {logging_mixin.py:188} INFO - [2026-01-01T22:29:52.410+0000] {dag.py:3036} INFO - Sync 1 DAGs
[2026-01-01T22:29:52.454+0000] {logging_mixin.py:188} INFO - [2026-01-01T22:29:52.454+0000] {dag.py:3823} INFO - Setting next_dagrun for match_features_pipeline to 2025-12-31 00:00:00+00:00, run_after=2026-01-01 00:00:00+00:00
[2026-01-01T22:29:52.529+0000] {processor.py:183} INFO - Processing /opt/airflow/dags/prediction_features_pipeline.py took 0.214 seconds
[2026-01-01T22:30:23.199+0000] {processor.py:161} INFO - Started process (PID=24086) to work on /opt/airflow/dags/prediction_features_pipeline.py
[2026-01-01T22:30:23.228+0000] {processor.py:830} INFO - Processing file /opt/airflow/dags/prediction_features_pipeline.py for tasks to queue
[2026-01-01T22:30:23.230+0000] {logging_mixin.py:188} INFO - [2026-01-01T22:30:23.230+0000] {dagbag.py:538} INFO - Filling up the DagBag from /opt/airflow/dags/prediction_features_pipeline.py
[2026-01-01T22:30:23.265+0000] {processor.py:840} INFO - DAG(s) 'match_features_pipeline' retrieved from /opt/airflow/dags/prediction_features_pipeline.py
[2026-01-01T22:30:23.321+0000] {logging_mixin.py:188} INFO - [2026-01-01T22:30:23.320+0000] {dag.py:3036} INFO - Sync 1 DAGs
[2026-01-01T22:30:23.389+0000] {logging_mixin.py:188} INFO - [2026-01-01T22:30:23.389+0000] {dag.py:3823} INFO - Setting next_dagrun for match_features_pipeline to 2025-12-31 00:00:00+00:00, run_after=2026-01-01 00:00:00+00:00
[2026-01-01T22:30:23.461+0000] {processor.py:183} INFO - Processing /opt/airflow/dags/prediction_features_pipeline.py took 0.271 seconds
[2026-01-01T22:30:54.111+0000] {processor.py:161} INFO - Started process (PID=24106) to work on /opt/airflow/dags/prediction_features_pipeline.py
[2026-01-01T22:30:54.114+0000] {processor.py:830} INFO - Processing file /opt/airflow/dags/prediction_features_pipeline.py for tasks to queue
[2026-01-01T22:30:54.116+0000] {logging_mixin.py:188} INFO - [2026-01-01T22:30:54.115+0000] {dagbag.py:538} INFO - Filling up the DagBag from /opt/airflow/dags/prediction_features_pipeline.py
[2026-01-01T22:30:54.157+0000] {processor.py:840} INFO - DAG(s) 'match_features_pipeline' retrieved from /opt/airflow/dags/prediction_features_pipeline.py
[2026-01-01T22:30:54.206+0000] {logging_mixin.py:188} INFO - [2026-01-01T22:30:54.206+0000] {dag.py:3036} INFO - Sync 1 DAGs
[2026-01-01T22:30:54.254+0000] {logging_mixin.py:188} INFO - [2026-01-01T22:30:54.254+0000] {dag.py:3823} INFO - Setting next_dagrun for match_features_pipeline to 2025-12-31 00:00:00+00:00, run_after=2026-01-01 00:00:00+00:00
[2026-01-01T22:30:54.328+0000] {processor.py:183} INFO - Processing /opt/airflow/dags/prediction_features_pipeline.py took 0.224 seconds
[2026-01-01T22:31:25.001+0000] {processor.py:161} INFO - Started process (PID=24126) to work on /opt/airflow/dags/prediction_features_pipeline.py
[2026-01-01T22:31:25.004+0000] {processor.py:830} INFO - Processing file /opt/airflow/dags/prediction_features_pipeline.py for tasks to queue
[2026-01-01T22:31:25.007+0000] {logging_mixin.py:188} INFO - [2026-01-01T22:31:25.006+0000] {dagbag.py:538} INFO - Filling up the DagBag from /opt/airflow/dags/prediction_features_pipeline.py
[2026-01-01T22:31:25.053+0000] {processor.py:840} INFO - DAG(s) 'match_features_pipeline' retrieved from /opt/airflow/dags/prediction_features_pipeline.py
[2026-01-01T22:31:25.103+0000] {logging_mixin.py:188} INFO - [2026-01-01T22:31:25.102+0000] {dag.py:3036} INFO - Sync 1 DAGs
[2026-01-01T22:31:25.158+0000] {logging_mixin.py:188} INFO - [2026-01-01T22:31:25.157+0000] {dag.py:3823} INFO - Setting next_dagrun for match_features_pipeline to 2025-12-31 00:00:00+00:00, run_after=2026-01-01 00:00:00+00:00
[2026-01-01T22:31:25.234+0000] {processor.py:183} INFO - Processing /opt/airflow/dags/prediction_features_pipeline.py took 0.241 seconds
[2026-01-01T22:31:55.940+0000] {processor.py:161} INFO - Started process (PID=24146) to work on /opt/airflow/dags/prediction_features_pipeline.py
[2026-01-01T22:31:55.942+0000] {processor.py:830} INFO - Processing file /opt/airflow/dags/prediction_features_pipeline.py for tasks to queue
[2026-01-01T22:31:55.944+0000] {logging_mixin.py:188} INFO - [2026-01-01T22:31:55.943+0000] {dagbag.py:538} INFO - Filling up the DagBag from /opt/airflow/dags/prediction_features_pipeline.py
[2026-01-01T22:31:55.991+0000] {processor.py:840} INFO - DAG(s) 'match_features_pipeline' retrieved from /opt/airflow/dags/prediction_features_pipeline.py
[2026-01-01T22:31:56.048+0000] {logging_mixin.py:188} INFO - [2026-01-01T22:31:56.047+0000] {dag.py:3036} INFO - Sync 1 DAGs
[2026-01-01T22:31:56.143+0000] {logging_mixin.py:188} INFO - [2026-01-01T22:31:56.143+0000] {dag.py:3823} INFO - Setting next_dagrun for match_features_pipeline to 2025-12-31 00:00:00+00:00, run_after=2026-01-01 00:00:00+00:00
[2026-01-01T22:31:56.189+0000] {processor.py:183} INFO - Processing /opt/airflow/dags/prediction_features_pipeline.py took 0.259 seconds
[2026-01-01T22:32:26.879+0000] {processor.py:161} INFO - Started process (PID=24166) to work on /opt/airflow/dags/prediction_features_pipeline.py
[2026-01-01T22:32:26.881+0000] {processor.py:830} INFO - Processing file /opt/airflow/dags/prediction_features_pipeline.py for tasks to queue
[2026-01-01T22:32:26.883+0000] {logging_mixin.py:188} INFO - [2026-01-01T22:32:26.883+0000] {dagbag.py:538} INFO - Filling up the DagBag from /opt/airflow/dags/prediction_features_pipeline.py
[2026-01-01T22:32:26.925+0000] {processor.py:840} INFO - DAG(s) 'match_features_pipeline' retrieved from /opt/airflow/dags/prediction_features_pipeline.py
[2026-01-01T22:32:26.975+0000] {logging_mixin.py:188} INFO - [2026-01-01T22:32:26.974+0000] {dag.py:3036} INFO - Sync 1 DAGs
[2026-01-01T22:32:27.018+0000] {logging_mixin.py:188} INFO - [2026-01-01T22:32:27.017+0000] {dag.py:3823} INFO - Setting next_dagrun for match_features_pipeline to 2025-12-31 00:00:00+00:00, run_after=2026-01-01 00:00:00+00:00
[2026-01-01T22:32:27.091+0000] {processor.py:183} INFO - Processing /opt/airflow/dags/prediction_features_pipeline.py took 0.219 seconds
[2026-01-01T22:32:57.779+0000] {processor.py:161} INFO - Started process (PID=24186) to work on /opt/airflow/dags/prediction_features_pipeline.py
[2026-01-01T22:32:57.783+0000] {processor.py:830} INFO - Processing file /opt/airflow/dags/prediction_features_pipeline.py for tasks to queue
[2026-01-01T22:32:57.785+0000] {logging_mixin.py:188} INFO - [2026-01-01T22:32:57.784+0000] {dagbag.py:538} INFO - Filling up the DagBag from /opt/airflow/dags/prediction_features_pipeline.py
[2026-01-01T22:32:57.832+0000] {processor.py:840} INFO - DAG(s) 'match_features_pipeline' retrieved from /opt/airflow/dags/prediction_features_pipeline.py
[2026-01-01T22:32:57.891+0000] {logging_mixin.py:188} INFO - [2026-01-01T22:32:57.890+0000] {dag.py:3036} INFO - Sync 1 DAGs
[2026-01-01T22:32:57.948+0000] {logging_mixin.py:188} INFO - [2026-01-01T22:32:57.947+0000] {dag.py:3823} INFO - Setting next_dagrun for match_features_pipeline to 2025-12-31 00:00:00+00:00, run_after=2026-01-01 00:00:00+00:00
[2026-01-01T22:32:57.997+0000] {processor.py:183} INFO - Processing /opt/airflow/dags/prediction_features_pipeline.py took 0.225 seconds
[2026-01-01T22:33:28.608+0000] {processor.py:161} INFO - Started process (PID=24206) to work on /opt/airflow/dags/prediction_features_pipeline.py
[2026-01-01T22:33:28.611+0000] {processor.py:830} INFO - Processing file /opt/airflow/dags/prediction_features_pipeline.py for tasks to queue
[2026-01-01T22:33:28.614+0000] {logging_mixin.py:188} INFO - [2026-01-01T22:33:28.613+0000] {dagbag.py:538} INFO - Filling up the DagBag from /opt/airflow/dags/prediction_features_pipeline.py
[2026-01-01T22:33:28.653+0000] {processor.py:840} INFO - DAG(s) 'match_features_pipeline' retrieved from /opt/airflow/dags/prediction_features_pipeline.py
[2026-01-01T22:33:28.700+0000] {logging_mixin.py:188} INFO - [2026-01-01T22:33:28.700+0000] {dag.py:3036} INFO - Sync 1 DAGs
[2026-01-01T22:33:28.749+0000] {logging_mixin.py:188} INFO - [2026-01-01T22:33:28.748+0000] {dag.py:3823} INFO - Setting next_dagrun for match_features_pipeline to 2025-12-31 00:00:00+00:00, run_after=2026-01-01 00:00:00+00:00
[2026-01-01T22:33:28.821+0000] {processor.py:183} INFO - Processing /opt/airflow/dags/prediction_features_pipeline.py took 0.219 seconds
[2026-01-01T22:33:59.517+0000] {processor.py:161} INFO - Started process (PID=24226) to work on /opt/airflow/dags/prediction_features_pipeline.py
[2026-01-01T22:33:59.520+0000] {processor.py:830} INFO - Processing file /opt/airflow/dags/prediction_features_pipeline.py for tasks to queue
[2026-01-01T22:33:59.525+0000] {logging_mixin.py:188} INFO - [2026-01-01T22:33:59.524+0000] {dagbag.py:538} INFO - Filling up the DagBag from /opt/airflow/dags/prediction_features_pipeline.py
[2026-01-01T22:33:59.563+0000] {processor.py:840} INFO - DAG(s) 'match_features_pipeline' retrieved from /opt/airflow/dags/prediction_features_pipeline.py
[2026-01-01T22:33:59.609+0000] {logging_mixin.py:188} INFO - [2026-01-01T22:33:59.608+0000] {dag.py:3036} INFO - Sync 1 DAGs
[2026-01-01T22:33:59.654+0000] {logging_mixin.py:188} INFO - [2026-01-01T22:33:59.654+0000] {dag.py:3823} INFO - Setting next_dagrun for match_features_pipeline to 2025-12-31 00:00:00+00:00, run_after=2026-01-01 00:00:00+00:00
[2026-01-01T22:33:59.691+0000] {processor.py:183} INFO - Processing /opt/airflow/dags/prediction_features_pipeline.py took 0.180 seconds
[2026-01-01T22:34:30.347+0000] {processor.py:161} INFO - Started process (PID=24246) to work on /opt/airflow/dags/prediction_features_pipeline.py
[2026-01-01T22:34:30.349+0000] {processor.py:830} INFO - Processing file /opt/airflow/dags/prediction_features_pipeline.py for tasks to queue
[2026-01-01T22:34:30.352+0000] {logging_mixin.py:188} INFO - [2026-01-01T22:34:30.351+0000] {dagbag.py:538} INFO - Filling up the DagBag from /opt/airflow/dags/prediction_features_pipeline.py
[2026-01-01T22:34:30.390+0000] {processor.py:840} INFO - DAG(s) 'match_features_pipeline' retrieved from /opt/airflow/dags/prediction_features_pipeline.py
[2026-01-01T22:34:30.438+0000] {logging_mixin.py:188} INFO - [2026-01-01T22:34:30.437+0000] {dag.py:3036} INFO - Sync 1 DAGs
[2026-01-01T22:34:30.482+0000] {logging_mixin.py:188} INFO - [2026-01-01T22:34:30.482+0000] {dag.py:3823} INFO - Setting next_dagrun for match_features_pipeline to 2025-12-31 00:00:00+00:00, run_after=2026-01-01 00:00:00+00:00
[2026-01-01T22:34:30.557+0000] {processor.py:183} INFO - Processing /opt/airflow/dags/prediction_features_pipeline.py took 0.218 seconds
[2026-01-01T22:35:01.248+0000] {processor.py:161} INFO - Started process (PID=24266) to work on /opt/airflow/dags/prediction_features_pipeline.py
[2026-01-01T22:35:01.251+0000] {processor.py:830} INFO - Processing file /opt/airflow/dags/prediction_features_pipeline.py for tasks to queue
[2026-01-01T22:35:01.252+0000] {logging_mixin.py:188} INFO - [2026-01-01T22:35:01.252+0000] {dagbag.py:538} INFO - Filling up the DagBag from /opt/airflow/dags/prediction_features_pipeline.py
[2026-01-01T22:35:01.289+0000] {processor.py:840} INFO - DAG(s) 'match_features_pipeline' retrieved from /opt/airflow/dags/prediction_features_pipeline.py
[2026-01-01T22:35:01.335+0000] {logging_mixin.py:188} INFO - [2026-01-01T22:35:01.335+0000] {dag.py:3036} INFO - Sync 1 DAGs
[2026-01-01T22:35:01.379+0000] {logging_mixin.py:188} INFO - [2026-01-01T22:35:01.378+0000] {dag.py:3823} INFO - Setting next_dagrun for match_features_pipeline to 2025-12-31 00:00:00+00:00, run_after=2026-01-01 00:00:00+00:00
[2026-01-01T22:35:01.450+0000] {processor.py:183} INFO - Processing /opt/airflow/dags/prediction_features_pipeline.py took 0.209 seconds
[2026-01-01T22:35:32.106+0000] {processor.py:161} INFO - Started process (PID=24286) to work on /opt/airflow/dags/prediction_features_pipeline.py
[2026-01-01T22:35:32.109+0000] {processor.py:830} INFO - Processing file /opt/airflow/dags/prediction_features_pipeline.py for tasks to queue
[2026-01-01T22:35:32.111+0000] {logging_mixin.py:188} INFO - [2026-01-01T22:35:32.110+0000] {dagbag.py:538} INFO - Filling up the DagBag from /opt/airflow/dags/prediction_features_pipeline.py
[2026-01-01T22:35:32.150+0000] {processor.py:840} INFO - DAG(s) 'match_features_pipeline' retrieved from /opt/airflow/dags/prediction_features_pipeline.py
[2026-01-01T22:35:32.194+0000] {logging_mixin.py:188} INFO - [2026-01-01T22:35:32.194+0000] {dag.py:3036} INFO - Sync 1 DAGs
[2026-01-01T22:35:32.236+0000] {logging_mixin.py:188} INFO - [2026-01-01T22:35:32.235+0000] {dag.py:3823} INFO - Setting next_dagrun for match_features_pipeline to 2025-12-31 00:00:00+00:00, run_after=2026-01-01 00:00:00+00:00
[2026-01-01T22:35:32.310+0000] {processor.py:183} INFO - Processing /opt/airflow/dags/prediction_features_pipeline.py took 0.210 seconds
[2026-01-01T22:36:03.009+0000] {processor.py:161} INFO - Started process (PID=24306) to work on /opt/airflow/dags/prediction_features_pipeline.py
[2026-01-01T22:36:03.011+0000] {processor.py:830} INFO - Processing file /opt/airflow/dags/prediction_features_pipeline.py for tasks to queue
[2026-01-01T22:36:03.013+0000] {logging_mixin.py:188} INFO - [2026-01-01T22:36:03.013+0000] {dagbag.py:538} INFO - Filling up the DagBag from /opt/airflow/dags/prediction_features_pipeline.py
[2026-01-01T22:36:03.052+0000] {processor.py:840} INFO - DAG(s) 'match_features_pipeline' retrieved from /opt/airflow/dags/prediction_features_pipeline.py
[2026-01-01T22:36:03.101+0000] {logging_mixin.py:188} INFO - [2026-01-01T22:36:03.100+0000] {dag.py:3036} INFO - Sync 1 DAGs
[2026-01-01T22:36:03.150+0000] {logging_mixin.py:188} INFO - [2026-01-01T22:36:03.149+0000] {dag.py:3823} INFO - Setting next_dagrun for match_features_pipeline to 2025-12-31 00:00:00+00:00, run_after=2026-01-01 00:00:00+00:00
[2026-01-01T22:36:03.184+0000] {processor.py:183} INFO - Processing /opt/airflow/dags/prediction_features_pipeline.py took 0.182 seconds
[2026-01-01T22:36:33.845+0000] {processor.py:161} INFO - Started process (PID=24326) to work on /opt/airflow/dags/prediction_features_pipeline.py
[2026-01-01T22:36:33.847+0000] {processor.py:830} INFO - Processing file /opt/airflow/dags/prediction_features_pipeline.py for tasks to queue
[2026-01-01T22:36:33.849+0000] {logging_mixin.py:188} INFO - [2026-01-01T22:36:33.849+0000] {dagbag.py:538} INFO - Filling up the DagBag from /opt/airflow/dags/prediction_features_pipeline.py
[2026-01-01T22:36:33.888+0000] {processor.py:840} INFO - DAG(s) 'match_features_pipeline' retrieved from /opt/airflow/dags/prediction_features_pipeline.py
[2026-01-01T22:36:33.931+0000] {logging_mixin.py:188} INFO - [2026-01-01T22:36:33.931+0000] {dag.py:3036} INFO - Sync 1 DAGs
[2026-01-01T22:36:33.974+0000] {logging_mixin.py:188} INFO - [2026-01-01T22:36:33.973+0000] {dag.py:3823} INFO - Setting next_dagrun for match_features_pipeline to 2025-12-31 00:00:00+00:00, run_after=2026-01-01 00:00:00+00:00
[2026-01-01T22:36:34.046+0000] {processor.py:183} INFO - Processing /opt/airflow/dags/prediction_features_pipeline.py took 0.209 seconds
[2026-01-01T22:37:04.712+0000] {processor.py:161} INFO - Started process (PID=24346) to work on /opt/airflow/dags/prediction_features_pipeline.py
[2026-01-01T22:37:04.714+0000] {processor.py:830} INFO - Processing file /opt/airflow/dags/prediction_features_pipeline.py for tasks to queue
[2026-01-01T22:37:04.716+0000] {logging_mixin.py:188} INFO - [2026-01-01T22:37:04.715+0000] {dagbag.py:538} INFO - Filling up the DagBag from /opt/airflow/dags/prediction_features_pipeline.py
[2026-01-01T22:37:04.754+0000] {processor.py:840} INFO - DAG(s) 'match_features_pipeline' retrieved from /opt/airflow/dags/prediction_features_pipeline.py
[2026-01-01T22:37:04.803+0000] {logging_mixin.py:188} INFO - [2026-01-01T22:37:04.803+0000] {dag.py:3036} INFO - Sync 1 DAGs
[2026-01-01T22:37:04.851+0000] {logging_mixin.py:188} INFO - [2026-01-01T22:37:04.851+0000] {dag.py:3823} INFO - Setting next_dagrun for match_features_pipeline to 2025-12-31 00:00:00+00:00, run_after=2026-01-01 00:00:00+00:00
[2026-01-01T22:37:04.924+0000] {processor.py:183} INFO - Processing /opt/airflow/dags/prediction_features_pipeline.py took 0.221 seconds
[2026-01-01T22:37:35.692+0000] {processor.py:161} INFO - Started process (PID=24366) to work on /opt/airflow/dags/prediction_features_pipeline.py
[2026-01-01T22:37:35.695+0000] {processor.py:830} INFO - Processing file /opt/airflow/dags/prediction_features_pipeline.py for tasks to queue
[2026-01-01T22:37:35.698+0000] {logging_mixin.py:188} INFO - [2026-01-01T22:37:35.697+0000] {dagbag.py:538} INFO - Filling up the DagBag from /opt/airflow/dags/prediction_features_pipeline.py
[2026-01-01T22:37:35.751+0000] {processor.py:840} INFO - DAG(s) 'match_features_pipeline' retrieved from /opt/airflow/dags/prediction_features_pipeline.py
[2026-01-01T22:37:35.802+0000] {logging_mixin.py:188} INFO - [2026-01-01T22:37:35.802+0000] {dag.py:3036} INFO - Sync 1 DAGs
[2026-01-01T22:37:35.849+0000] {logging_mixin.py:188} INFO - [2026-01-01T22:37:35.848+0000] {dag.py:3823} INFO - Setting next_dagrun for match_features_pipeline to 2025-12-31 00:00:00+00:00, run_after=2026-01-01 00:00:00+00:00
[2026-01-01T22:37:35.894+0000] {processor.py:183} INFO - Processing /opt/airflow/dags/prediction_features_pipeline.py took 0.210 seconds
[2026-01-01T22:38:06.673+0000] {processor.py:161} INFO - Started process (PID=24386) to work on /opt/airflow/dags/prediction_features_pipeline.py
[2026-01-01T22:38:06.676+0000] {processor.py:830} INFO - Processing file /opt/airflow/dags/prediction_features_pipeline.py for tasks to queue
[2026-01-01T22:38:06.678+0000] {logging_mixin.py:188} INFO - [2026-01-01T22:38:06.677+0000] {dagbag.py:538} INFO - Filling up the DagBag from /opt/airflow/dags/prediction_features_pipeline.py
[2026-01-01T22:38:06.721+0000] {processor.py:840} INFO - DAG(s) 'match_features_pipeline' retrieved from /opt/airflow/dags/prediction_features_pipeline.py
[2026-01-01T22:38:06.768+0000] {logging_mixin.py:188} INFO - [2026-01-01T22:38:06.768+0000] {dag.py:3036} INFO - Sync 1 DAGs
[2026-01-01T22:38:06.814+0000] {logging_mixin.py:188} INFO - [2026-01-01T22:38:06.813+0000] {dag.py:3823} INFO - Setting next_dagrun for match_features_pipeline to 2025-12-31 00:00:00+00:00, run_after=2026-01-01 00:00:00+00:00
[2026-01-01T22:38:06.891+0000] {processor.py:183} INFO - Processing /opt/airflow/dags/prediction_features_pipeline.py took 0.225 seconds
[2026-01-01T22:38:37.735+0000] {processor.py:161} INFO - Started process (PID=24406) to work on /opt/airflow/dags/prediction_features_pipeline.py
[2026-01-01T22:38:37.738+0000] {processor.py:830} INFO - Processing file /opt/airflow/dags/prediction_features_pipeline.py for tasks to queue
[2026-01-01T22:38:37.744+0000] {logging_mixin.py:188} INFO - [2026-01-01T22:38:37.742+0000] {dagbag.py:538} INFO - Filling up the DagBag from /opt/airflow/dags/prediction_features_pipeline.py
[2026-01-01T22:38:37.788+0000] {processor.py:840} INFO - DAG(s) 'match_features_pipeline' retrieved from /opt/airflow/dags/prediction_features_pipeline.py
[2026-01-01T22:38:37.838+0000] {logging_mixin.py:188} INFO - [2026-01-01T22:38:37.838+0000] {dag.py:3036} INFO - Sync 1 DAGs
[2026-01-01T22:38:37.888+0000] {logging_mixin.py:188} INFO - [2026-01-01T22:38:37.887+0000] {dag.py:3823} INFO - Setting next_dagrun for match_features_pipeline to 2025-12-31 00:00:00+00:00, run_after=2026-01-01 00:00:00+00:00
[2026-01-01T22:38:37.927+0000] {processor.py:183} INFO - Processing /opt/airflow/dags/prediction_features_pipeline.py took 0.198 seconds
[2026-01-01T22:39:08.682+0000] {processor.py:161} INFO - Started process (PID=24426) to work on /opt/airflow/dags/prediction_features_pipeline.py
[2026-01-01T22:39:08.685+0000] {processor.py:830} INFO - Processing file /opt/airflow/dags/prediction_features_pipeline.py for tasks to queue
[2026-01-01T22:39:08.688+0000] {logging_mixin.py:188} INFO - [2026-01-01T22:39:08.687+0000] {dagbag.py:538} INFO - Filling up the DagBag from /opt/airflow/dags/prediction_features_pipeline.py
[2026-01-01T22:39:08.736+0000] {processor.py:840} INFO - DAG(s) 'match_features_pipeline' retrieved from /opt/airflow/dags/prediction_features_pipeline.py
[2026-01-01T22:39:08.786+0000] {logging_mixin.py:188} INFO - [2026-01-01T22:39:08.785+0000] {dag.py:3036} INFO - Sync 1 DAGs
[2026-01-01T22:39:08.832+0000] {logging_mixin.py:188} INFO - [2026-01-01T22:39:08.832+0000] {dag.py:3823} INFO - Setting next_dagrun for match_features_pipeline to 2025-12-31 00:00:00+00:00, run_after=2026-01-01 00:00:00+00:00
[2026-01-01T22:39:08.906+0000] {processor.py:183} INFO - Processing /opt/airflow/dags/prediction_features_pipeline.py took 0.231 seconds
[2026-01-01T22:39:39.750+0000] {processor.py:161} INFO - Started process (PID=24446) to work on /opt/airflow/dags/prediction_features_pipeline.py
[2026-01-01T22:39:39.753+0000] {processor.py:830} INFO - Processing file /opt/airflow/dags/prediction_features_pipeline.py for tasks to queue
[2026-01-01T22:39:39.754+0000] {logging_mixin.py:188} INFO - [2026-01-01T22:39:39.754+0000] {dagbag.py:538} INFO - Filling up the DagBag from /opt/airflow/dags/prediction_features_pipeline.py
[2026-01-01T22:39:39.795+0000] {processor.py:840} INFO - DAG(s) 'match_features_pipeline' retrieved from /opt/airflow/dags/prediction_features_pipeline.py
[2026-01-01T22:39:39.841+0000] {logging_mixin.py:188} INFO - [2026-01-01T22:39:39.841+0000] {dag.py:3036} INFO - Sync 1 DAGs
[2026-01-01T22:39:39.890+0000] {logging_mixin.py:188} INFO - [2026-01-01T22:39:39.890+0000] {dag.py:3823} INFO - Setting next_dagrun for match_features_pipeline to 2025-12-31 00:00:00+00:00, run_after=2026-01-01 00:00:00+00:00
[2026-01-01T22:39:39.971+0000] {processor.py:183} INFO - Processing /opt/airflow/dags/prediction_features_pipeline.py took 0.231 seconds
[2026-01-01T22:40:10.689+0000] {processor.py:161} INFO - Started process (PID=24466) to work on /opt/airflow/dags/prediction_features_pipeline.py
[2026-01-01T22:40:10.691+0000] {processor.py:830} INFO - Processing file /opt/airflow/dags/prediction_features_pipeline.py for tasks to queue
[2026-01-01T22:40:10.694+0000] {logging_mixin.py:188} INFO - [2026-01-01T22:40:10.693+0000] {dagbag.py:538} INFO - Filling up the DagBag from /opt/airflow/dags/prediction_features_pipeline.py
[2026-01-01T22:40:10.738+0000] {processor.py:840} INFO - DAG(s) 'match_features_pipeline' retrieved from /opt/airflow/dags/prediction_features_pipeline.py
[2026-01-01T22:40:10.782+0000] {logging_mixin.py:188} INFO - [2026-01-01T22:40:10.782+0000] {dag.py:3036} INFO - Sync 1 DAGs
[2026-01-01T22:40:10.831+0000] {logging_mixin.py:188} INFO - [2026-01-01T22:40:10.830+0000] {dag.py:3823} INFO - Setting next_dagrun for match_features_pipeline to 2025-12-31 00:00:00+00:00, run_after=2026-01-01 00:00:00+00:00
[2026-01-01T22:40:10.882+0000] {processor.py:183} INFO - Processing /opt/airflow/dags/prediction_features_pipeline.py took 0.199 seconds
[2026-01-01T22:40:41.704+0000] {processor.py:161} INFO - Started process (PID=24486) to work on /opt/airflow/dags/prediction_features_pipeline.py
[2026-01-01T22:40:41.706+0000] {processor.py:830} INFO - Processing file /opt/airflow/dags/prediction_features_pipeline.py for tasks to queue
[2026-01-01T22:40:41.709+0000] {logging_mixin.py:188} INFO - [2026-01-01T22:40:41.708+0000] {dagbag.py:538} INFO - Filling up the DagBag from /opt/airflow/dags/prediction_features_pipeline.py
[2026-01-01T22:40:41.754+0000] {processor.py:840} INFO - DAG(s) 'match_features_pipeline' retrieved from /opt/airflow/dags/prediction_features_pipeline.py
[2026-01-01T22:40:41.801+0000] {logging_mixin.py:188} INFO - [2026-01-01T22:40:41.800+0000] {dag.py:3036} INFO - Sync 1 DAGs
[2026-01-01T22:40:41.852+0000] {logging_mixin.py:188} INFO - [2026-01-01T22:40:41.851+0000] {dag.py:3823} INFO - Setting next_dagrun for match_features_pipeline to 2025-12-31 00:00:00+00:00, run_after=2026-01-01 00:00:00+00:00
[2026-01-01T22:40:41.926+0000] {processor.py:183} INFO - Processing /opt/airflow/dags/prediction_features_pipeline.py took 0.229 seconds
[2026-01-01T22:41:12.673+0000] {processor.py:161} INFO - Started process (PID=24506) to work on /opt/airflow/dags/prediction_features_pipeline.py
[2026-01-01T22:41:12.675+0000] {processor.py:830} INFO - Processing file /opt/airflow/dags/prediction_features_pipeline.py for tasks to queue
[2026-01-01T22:41:12.681+0000] {logging_mixin.py:188} INFO - [2026-01-01T22:41:12.680+0000] {dagbag.py:538} INFO - Filling up the DagBag from /opt/airflow/dags/prediction_features_pipeline.py
[2026-01-01T22:41:12.723+0000] {processor.py:840} INFO - DAG(s) 'match_features_pipeline' retrieved from /opt/airflow/dags/prediction_features_pipeline.py
[2026-01-01T22:41:12.777+0000] {logging_mixin.py:188} INFO - [2026-01-01T22:41:12.776+0000] {dag.py:3036} INFO - Sync 1 DAGs
[2026-01-01T22:41:12.827+0000] {logging_mixin.py:188} INFO - [2026-01-01T22:41:12.826+0000] {dag.py:3823} INFO - Setting next_dagrun for match_features_pipeline to 2025-12-31 00:00:00+00:00, run_after=2026-01-01 00:00:00+00:00
[2026-01-01T22:41:12.904+0000] {processor.py:183} INFO - Processing /opt/airflow/dags/prediction_features_pipeline.py took 0.237 seconds
[2026-01-01T22:41:43.621+0000] {processor.py:161} INFO - Started process (PID=24526) to work on /opt/airflow/dags/prediction_features_pipeline.py
[2026-01-01T22:41:43.624+0000] {processor.py:830} INFO - Processing file /opt/airflow/dags/prediction_features_pipeline.py for tasks to queue
[2026-01-01T22:41:43.626+0000] {logging_mixin.py:188} INFO - [2026-01-01T22:41:43.625+0000] {dagbag.py:538} INFO - Filling up the DagBag from /opt/airflow/dags/prediction_features_pipeline.py
[2026-01-01T22:41:43.663+0000] {processor.py:840} INFO - DAG(s) 'match_features_pipeline' retrieved from /opt/airflow/dags/prediction_features_pipeline.py
[2026-01-01T22:41:43.722+0000] {logging_mixin.py:188} INFO - [2026-01-01T22:41:43.721+0000] {dag.py:3036} INFO - Sync 1 DAGs
[2026-01-01T22:41:43.789+0000] {logging_mixin.py:188} INFO - [2026-01-01T22:41:43.789+0000] {dag.py:3823} INFO - Setting next_dagrun for match_features_pipeline to 2025-12-31 00:00:00+00:00, run_after=2026-01-01 00:00:00+00:00
[2026-01-01T22:41:43.847+0000] {processor.py:183} INFO - Processing /opt/airflow/dags/prediction_features_pipeline.py took 0.236 seconds
[2026-01-01T22:42:14.522+0000] {processor.py:161} INFO - Started process (PID=24546) to work on /opt/airflow/dags/prediction_features_pipeline.py
[2026-01-01T22:42:14.525+0000] {processor.py:830} INFO - Processing file /opt/airflow/dags/prediction_features_pipeline.py for tasks to queue
[2026-01-01T22:42:14.527+0000] {logging_mixin.py:188} INFO - [2026-01-01T22:42:14.526+0000] {dagbag.py:538} INFO - Filling up the DagBag from /opt/airflow/dags/prediction_features_pipeline.py
[2026-01-01T22:42:14.569+0000] {processor.py:840} INFO - DAG(s) 'match_features_pipeline' retrieved from /opt/airflow/dags/prediction_features_pipeline.py
[2026-01-01T22:42:14.622+0000] {logging_mixin.py:188} INFO - [2026-01-01T22:42:14.621+0000] {dag.py:3036} INFO - Sync 1 DAGs
[2026-01-01T22:42:14.666+0000] {logging_mixin.py:188} INFO - [2026-01-01T22:42:14.666+0000] {dag.py:3823} INFO - Setting next_dagrun for match_features_pipeline to 2025-12-31 00:00:00+00:00, run_after=2026-01-01 00:00:00+00:00
[2026-01-01T22:42:14.737+0000] {processor.py:183} INFO - Processing /opt/airflow/dags/prediction_features_pipeline.py took 0.227 seconds
[2026-01-01T22:42:45.396+0000] {processor.py:161} INFO - Started process (PID=24566) to work on /opt/airflow/dags/prediction_features_pipeline.py
[2026-01-01T22:42:45.398+0000] {processor.py:830} INFO - Processing file /opt/airflow/dags/prediction_features_pipeline.py for tasks to queue
[2026-01-01T22:42:45.400+0000] {logging_mixin.py:188} INFO - [2026-01-01T22:42:45.400+0000] {dagbag.py:538} INFO - Filling up the DagBag from /opt/airflow/dags/prediction_features_pipeline.py
[2026-01-01T22:42:45.439+0000] {processor.py:840} INFO - DAG(s) 'match_features_pipeline' retrieved from /opt/airflow/dags/prediction_features_pipeline.py
[2026-01-01T22:42:45.483+0000] {logging_mixin.py:188} INFO - [2026-01-01T22:42:45.483+0000] {dag.py:3036} INFO - Sync 1 DAGs
[2026-01-01T22:42:45.526+0000] {logging_mixin.py:188} INFO - [2026-01-01T22:42:45.525+0000] {dag.py:3823} INFO - Setting next_dagrun for match_features_pipeline to 2025-12-31 00:00:00+00:00, run_after=2026-01-01 00:00:00+00:00
[2026-01-01T22:42:45.596+0000] {processor.py:183} INFO - Processing /opt/airflow/dags/prediction_features_pipeline.py took 0.208 seconds
[2026-01-01T22:43:16.309+0000] {processor.py:161} INFO - Started process (PID=24586) to work on /opt/airflow/dags/prediction_features_pipeline.py
[2026-01-01T22:43:16.311+0000] {processor.py:830} INFO - Processing file /opt/airflow/dags/prediction_features_pipeline.py for tasks to queue
[2026-01-01T22:43:16.313+0000] {logging_mixin.py:188} INFO - [2026-01-01T22:43:16.313+0000] {dagbag.py:538} INFO - Filling up the DagBag from /opt/airflow/dags/prediction_features_pipeline.py
[2026-01-01T22:43:16.352+0000] {processor.py:840} INFO - DAG(s) 'match_features_pipeline' retrieved from /opt/airflow/dags/prediction_features_pipeline.py
[2026-01-01T22:43:16.397+0000] {logging_mixin.py:188} INFO - [2026-01-01T22:43:16.396+0000] {dag.py:3036} INFO - Sync 1 DAGs
[2026-01-01T22:43:16.443+0000] {logging_mixin.py:188} INFO - [2026-01-01T22:43:16.442+0000] {dag.py:3823} INFO - Setting next_dagrun for match_features_pipeline to 2025-12-31 00:00:00+00:00, run_after=2026-01-01 00:00:00+00:00
[2026-01-01T22:43:16.513+0000] {processor.py:183} INFO - Processing /opt/airflow/dags/prediction_features_pipeline.py took 0.212 seconds
[2026-01-01T22:43:47.163+0000] {processor.py:161} INFO - Started process (PID=24606) to work on /opt/airflow/dags/prediction_features_pipeline.py
[2026-01-01T22:43:47.166+0000] {processor.py:830} INFO - Processing file /opt/airflow/dags/prediction_features_pipeline.py for tasks to queue
[2026-01-01T22:43:47.168+0000] {logging_mixin.py:188} INFO - [2026-01-01T22:43:47.167+0000] {dagbag.py:538} INFO - Filling up the DagBag from /opt/airflow/dags/prediction_features_pipeline.py
[2026-01-01T22:43:47.207+0000] {processor.py:840} INFO - DAG(s) 'match_features_pipeline' retrieved from /opt/airflow/dags/prediction_features_pipeline.py
[2026-01-01T22:43:47.249+0000] {logging_mixin.py:188} INFO - [2026-01-01T22:43:47.249+0000] {dag.py:3036} INFO - Sync 1 DAGs
[2026-01-01T22:43:47.290+0000] {logging_mixin.py:188} INFO - [2026-01-01T22:43:47.290+0000] {dag.py:3823} INFO - Setting next_dagrun for match_features_pipeline to 2025-12-31 00:00:00+00:00, run_after=2026-01-01 00:00:00+00:00
[2026-01-01T22:43:47.361+0000] {processor.py:183} INFO - Processing /opt/airflow/dags/prediction_features_pipeline.py took 0.205 seconds
[2026-01-01T22:44:18.019+0000] {processor.py:161} INFO - Started process (PID=24626) to work on /opt/airflow/dags/prediction_features_pipeline.py
[2026-01-01T22:44:18.022+0000] {processor.py:830} INFO - Processing file /opt/airflow/dags/prediction_features_pipeline.py for tasks to queue
[2026-01-01T22:44:18.024+0000] {logging_mixin.py:188} INFO - [2026-01-01T22:44:18.023+0000] {dagbag.py:538} INFO - Filling up the DagBag from /opt/airflow/dags/prediction_features_pipeline.py
[2026-01-01T22:44:18.060+0000] {processor.py:840} INFO - DAG(s) 'match_features_pipeline' retrieved from /opt/airflow/dags/prediction_features_pipeline.py
[2026-01-01T22:44:18.108+0000] {logging_mixin.py:188} INFO - [2026-01-01T22:44:18.108+0000] {dag.py:3036} INFO - Sync 1 DAGs
[2026-01-01T22:44:18.154+0000] {logging_mixin.py:188} INFO - [2026-01-01T22:44:18.154+0000] {dag.py:3823} INFO - Setting next_dagrun for match_features_pipeline to 2025-12-31 00:00:00+00:00, run_after=2026-01-01 00:00:00+00:00
[2026-01-01T22:44:18.228+0000] {processor.py:183} INFO - Processing /opt/airflow/dags/prediction_features_pipeline.py took 0.217 seconds
[2026-01-01T22:44:48.896+0000] {processor.py:161} INFO - Started process (PID=24646) to work on /opt/airflow/dags/prediction_features_pipeline.py
[2026-01-01T22:44:48.898+0000] {processor.py:830} INFO - Processing file /opt/airflow/dags/prediction_features_pipeline.py for tasks to queue
[2026-01-01T22:44:48.900+0000] {logging_mixin.py:188} INFO - [2026-01-01T22:44:48.899+0000] {dagbag.py:538} INFO - Filling up the DagBag from /opt/airflow/dags/prediction_features_pipeline.py
[2026-01-01T22:44:48.939+0000] {processor.py:840} INFO - DAG(s) 'match_features_pipeline' retrieved from /opt/airflow/dags/prediction_features_pipeline.py
[2026-01-01T22:44:48.989+0000] {logging_mixin.py:188} INFO - [2026-01-01T22:44:48.989+0000] {dag.py:3036} INFO - Sync 1 DAGs
[2026-01-01T22:44:49.044+0000] {logging_mixin.py:188} INFO - [2026-01-01T22:44:49.043+0000] {dag.py:3823} INFO - Setting next_dagrun for match_features_pipeline to 2025-12-31 00:00:00+00:00, run_after=2026-01-01 00:00:00+00:00
[2026-01-01T22:44:49.091+0000] {processor.py:183} INFO - Processing /opt/airflow/dags/prediction_features_pipeline.py took 0.203 seconds
[2026-01-01T22:45:19.734+0000] {processor.py:161} INFO - Started process (PID=24666) to work on /opt/airflow/dags/prediction_features_pipeline.py
[2026-01-01T22:45:19.736+0000] {processor.py:830} INFO - Processing file /opt/airflow/dags/prediction_features_pipeline.py for tasks to queue
[2026-01-01T22:45:19.738+0000] {logging_mixin.py:188} INFO - [2026-01-01T22:45:19.738+0000] {dagbag.py:538} INFO - Filling up the DagBag from /opt/airflow/dags/prediction_features_pipeline.py
[2026-01-01T22:45:19.777+0000] {processor.py:840} INFO - DAG(s) 'match_features_pipeline' retrieved from /opt/airflow/dags/prediction_features_pipeline.py
[2026-01-01T22:45:19.821+0000] {logging_mixin.py:188} INFO - [2026-01-01T22:45:19.821+0000] {dag.py:3036} INFO - Sync 1 DAGs
[2026-01-01T22:45:19.861+0000] {logging_mixin.py:188} INFO - [2026-01-01T22:45:19.861+0000] {dag.py:3823} INFO - Setting next_dagrun for match_features_pipeline to 2025-12-31 00:00:00+00:00, run_after=2026-01-01 00:00:00+00:00
[2026-01-01T22:45:19.931+0000] {processor.py:183} INFO - Processing /opt/airflow/dags/prediction_features_pipeline.py took 0.205 seconds
[2026-01-01T22:45:50.572+0000] {processor.py:161} INFO - Started process (PID=24686) to work on /opt/airflow/dags/prediction_features_pipeline.py
[2026-01-01T22:45:50.574+0000] {processor.py:830} INFO - Processing file /opt/airflow/dags/prediction_features_pipeline.py for tasks to queue
[2026-01-01T22:45:50.576+0000] {logging_mixin.py:188} INFO - [2026-01-01T22:45:50.576+0000] {dagbag.py:538} INFO - Filling up the DagBag from /opt/airflow/dags/prediction_features_pipeline.py
[2026-01-01T22:45:50.612+0000] {processor.py:840} INFO - DAG(s) 'match_features_pipeline' retrieved from /opt/airflow/dags/prediction_features_pipeline.py
[2026-01-01T22:45:50.653+0000] {logging_mixin.py:188} INFO - [2026-01-01T22:45:50.653+0000] {dag.py:3036} INFO - Sync 1 DAGs
[2026-01-01T22:45:50.698+0000] {logging_mixin.py:188} INFO - [2026-01-01T22:45:50.698+0000] {dag.py:3823} INFO - Setting next_dagrun for match_features_pipeline to 2025-12-31 00:00:00+00:00, run_after=2026-01-01 00:00:00+00:00
[2026-01-01T22:45:50.766+0000] {processor.py:183} INFO - Processing /opt/airflow/dags/prediction_features_pipeline.py took 0.202 seconds
[2026-01-01T22:46:21.420+0000] {processor.py:161} INFO - Started process (PID=24706) to work on /opt/airflow/dags/prediction_features_pipeline.py
[2026-01-01T22:46:21.422+0000] {processor.py:830} INFO - Processing file /opt/airflow/dags/prediction_features_pipeline.py for tasks to queue
[2026-01-01T22:46:21.424+0000] {logging_mixin.py:188} INFO - [2026-01-01T22:46:21.423+0000] {dagbag.py:538} INFO - Filling up the DagBag from /opt/airflow/dags/prediction_features_pipeline.py
[2026-01-01T22:46:21.464+0000] {processor.py:840} INFO - DAG(s) 'match_features_pipeline' retrieved from /opt/airflow/dags/prediction_features_pipeline.py
[2026-01-01T22:46:21.509+0000] {logging_mixin.py:188} INFO - [2026-01-01T22:46:21.508+0000] {dag.py:3036} INFO - Sync 1 DAGs
[2026-01-01T22:46:21.554+0000] {logging_mixin.py:188} INFO - [2026-01-01T22:46:21.554+0000] {dag.py:3823} INFO - Setting next_dagrun for match_features_pipeline to 2025-12-31 00:00:00+00:00, run_after=2026-01-01 00:00:00+00:00
[2026-01-01T22:46:21.626+0000] {processor.py:183} INFO - Processing /opt/airflow/dags/prediction_features_pipeline.py took 0.212 seconds
[2026-01-01T22:46:52.265+0000] {processor.py:161} INFO - Started process (PID=24726) to work on /opt/airflow/dags/prediction_features_pipeline.py
[2026-01-01T22:46:52.268+0000] {processor.py:830} INFO - Processing file /opt/airflow/dags/prediction_features_pipeline.py for tasks to queue
[2026-01-01T22:46:52.270+0000] {logging_mixin.py:188} INFO - [2026-01-01T22:46:52.269+0000] {dagbag.py:538} INFO - Filling up the DagBag from /opt/airflow/dags/prediction_features_pipeline.py
[2026-01-01T22:46:52.306+0000] {processor.py:840} INFO - DAG(s) 'match_features_pipeline' retrieved from /opt/airflow/dags/prediction_features_pipeline.py
[2026-01-01T22:46:52.355+0000] {logging_mixin.py:188} INFO - [2026-01-01T22:46:52.354+0000] {dag.py:3036} INFO - Sync 1 DAGs
[2026-01-01T22:46:52.401+0000] {logging_mixin.py:188} INFO - [2026-01-01T22:46:52.401+0000] {dag.py:3823} INFO - Setting next_dagrun for match_features_pipeline to 2025-12-31 00:00:00+00:00, run_after=2026-01-01 00:00:00+00:00
[2026-01-01T22:46:52.476+0000] {processor.py:183} INFO - Processing /opt/airflow/dags/prediction_features_pipeline.py took 0.218 seconds
[2026-01-01T22:47:23.166+0000] {processor.py:161} INFO - Started process (PID=24746) to work on /opt/airflow/dags/prediction_features_pipeline.py
[2026-01-01T22:47:23.169+0000] {processor.py:830} INFO - Processing file /opt/airflow/dags/prediction_features_pipeline.py for tasks to queue
[2026-01-01T22:47:23.171+0000] {logging_mixin.py:188} INFO - [2026-01-01T22:47:23.171+0000] {dagbag.py:538} INFO - Filling up the DagBag from /opt/airflow/dags/prediction_features_pipeline.py
[2026-01-01T22:47:23.209+0000] {processor.py:840} INFO - DAG(s) 'match_features_pipeline' retrieved from /opt/airflow/dags/prediction_features_pipeline.py
[2026-01-01T22:47:23.255+0000] {logging_mixin.py:188} INFO - [2026-01-01T22:47:23.254+0000] {dag.py:3036} INFO - Sync 1 DAGs
[2026-01-01T22:47:23.314+0000] {logging_mixin.py:188} INFO - [2026-01-01T22:47:23.313+0000] {dag.py:3823} INFO - Setting next_dagrun for match_features_pipeline to 2025-12-31 00:00:00+00:00, run_after=2026-01-01 00:00:00+00:00
[2026-01-01T22:47:23.346+0000] {processor.py:183} INFO - Processing /opt/airflow/dags/prediction_features_pipeline.py took 0.187 seconds
[2026-01-01T22:47:53.987+0000] {processor.py:161} INFO - Started process (PID=24766) to work on /opt/airflow/dags/prediction_features_pipeline.py
[2026-01-01T22:47:53.991+0000] {processor.py:830} INFO - Processing file /opt/airflow/dags/prediction_features_pipeline.py for tasks to queue
[2026-01-01T22:47:53.995+0000] {logging_mixin.py:188} INFO - [2026-01-01T22:47:53.994+0000] {dagbag.py:538} INFO - Filling up the DagBag from /opt/airflow/dags/prediction_features_pipeline.py
[2026-01-01T22:47:54.046+0000] {processor.py:840} INFO - DAG(s) 'match_features_pipeline' retrieved from /opt/airflow/dags/prediction_features_pipeline.py
[2026-01-01T22:47:54.108+0000] {logging_mixin.py:188} INFO - [2026-01-01T22:47:54.107+0000] {dag.py:3036} INFO - Sync 1 DAGs
[2026-01-01T22:47:54.155+0000] {logging_mixin.py:188} INFO - [2026-01-01T22:47:54.154+0000] {dag.py:3823} INFO - Setting next_dagrun for match_features_pipeline to 2025-12-31 00:00:00+00:00, run_after=2026-01-01 00:00:00+00:00
[2026-01-01T22:47:54.190+0000] {processor.py:183} INFO - Processing /opt/airflow/dags/prediction_features_pipeline.py took 0.217 seconds
[2026-01-01T22:48:24.298+0000] {processor.py:161} INFO - Started process (PID=24786) to work on /opt/airflow/dags/prediction_features_pipeline.py
[2026-01-01T22:48:24.300+0000] {processor.py:830} INFO - Processing file /opt/airflow/dags/prediction_features_pipeline.py for tasks to queue
[2026-01-01T22:48:24.302+0000] {logging_mixin.py:188} INFO - [2026-01-01T22:48:24.302+0000] {dagbag.py:538} INFO - Filling up the DagBag from /opt/airflow/dags/prediction_features_pipeline.py
[2026-01-01T22:48:24.344+0000] {processor.py:840} INFO - DAG(s) 'match_features_pipeline' retrieved from /opt/airflow/dags/prediction_features_pipeline.py
[2026-01-01T22:48:24.381+0000] {logging_mixin.py:188} INFO - [2026-01-01T22:48:24.380+0000] {dag.py:3036} INFO - Sync 1 DAGs
[2026-01-01T22:48:24.417+0000] {logging_mixin.py:188} INFO - [2026-01-01T22:48:24.417+0000] {dag.py:3823} INFO - Setting next_dagrun for match_features_pipeline to 2025-12-31 00:00:00+00:00, run_after=2026-01-01 00:00:00+00:00
[2026-01-01T22:48:24.446+0000] {processor.py:183} INFO - Processing /opt/airflow/dags/prediction_features_pipeline.py took 0.154 seconds
[2026-01-01T22:48:55.184+0000] {processor.py:161} INFO - Started process (PID=24804) to work on /opt/airflow/dags/prediction_features_pipeline.py
[2026-01-01T22:48:55.186+0000] {processor.py:830} INFO - Processing file /opt/airflow/dags/prediction_features_pipeline.py for tasks to queue
[2026-01-01T22:48:55.189+0000] {logging_mixin.py:188} INFO - [2026-01-01T22:48:55.188+0000] {dagbag.py:538} INFO - Filling up the DagBag from /opt/airflow/dags/prediction_features_pipeline.py
[2026-01-01T22:48:55.248+0000] {processor.py:840} INFO - DAG(s) 'match_features_pipeline' retrieved from /opt/airflow/dags/prediction_features_pipeline.py
[2026-01-01T22:48:55.295+0000] {logging_mixin.py:188} INFO - [2026-01-01T22:48:55.295+0000] {dag.py:3036} INFO - Sync 1 DAGs
[2026-01-01T22:48:55.337+0000] {logging_mixin.py:188} INFO - [2026-01-01T22:48:55.337+0000] {dag.py:3823} INFO - Setting next_dagrun for match_features_pipeline to 2025-12-31 00:00:00+00:00, run_after=2026-01-01 00:00:00+00:00
[2026-01-01T22:48:55.369+0000] {processor.py:183} INFO - Processing /opt/airflow/dags/prediction_features_pipeline.py took 0.191 seconds
[2026-01-01T22:49:26.099+0000] {processor.py:161} INFO - Started process (PID=24824) to work on /opt/airflow/dags/prediction_features_pipeline.py
[2026-01-01T22:49:26.103+0000] {processor.py:830} INFO - Processing file /opt/airflow/dags/prediction_features_pipeline.py for tasks to queue
[2026-01-01T22:49:26.105+0000] {logging_mixin.py:188} INFO - [2026-01-01T22:49:26.104+0000] {dagbag.py:538} INFO - Filling up the DagBag from /opt/airflow/dags/prediction_features_pipeline.py
[2026-01-01T22:49:26.146+0000] {processor.py:840} INFO - DAG(s) 'match_features_pipeline' retrieved from /opt/airflow/dags/prediction_features_pipeline.py
[2026-01-01T22:49:26.204+0000] {logging_mixin.py:188} INFO - [2026-01-01T22:49:26.204+0000] {dag.py:3036} INFO - Sync 1 DAGs
[2026-01-01T22:49:26.244+0000] {logging_mixin.py:188} INFO - [2026-01-01T22:49:26.244+0000] {dag.py:3823} INFO - Setting next_dagrun for match_features_pipeline to 2025-12-31 00:00:00+00:00, run_after=2026-01-01 00:00:00+00:00
[2026-01-01T22:49:26.302+0000] {processor.py:183} INFO - Processing /opt/airflow/dags/prediction_features_pipeline.py took 0.220 seconds
[2026-01-01T22:49:57.013+0000] {processor.py:161} INFO - Started process (PID=24844) to work on /opt/airflow/dags/prediction_features_pipeline.py
[2026-01-01T22:49:57.015+0000] {processor.py:830} INFO - Processing file /opt/airflow/dags/prediction_features_pipeline.py for tasks to queue
[2026-01-01T22:49:57.018+0000] {logging_mixin.py:188} INFO - [2026-01-01T22:49:57.018+0000] {dagbag.py:538} INFO - Filling up the DagBag from /opt/airflow/dags/prediction_features_pipeline.py
[2026-01-01T22:49:57.063+0000] {processor.py:840} INFO - DAG(s) 'match_features_pipeline' retrieved from /opt/airflow/dags/prediction_features_pipeline.py
[2026-01-01T22:49:57.112+0000] {logging_mixin.py:188} INFO - [2026-01-01T22:49:57.111+0000] {dag.py:3036} INFO - Sync 1 DAGs
[2026-01-01T22:49:57.162+0000] {logging_mixin.py:188} INFO - [2026-01-01T22:49:57.161+0000] {dag.py:3823} INFO - Setting next_dagrun for match_features_pipeline to 2025-12-31 00:00:00+00:00, run_after=2026-01-01 00:00:00+00:00
[2026-01-01T22:49:57.222+0000] {processor.py:183} INFO - Processing /opt/airflow/dags/prediction_features_pipeline.py took 0.215 seconds
[2026-01-01T22:50:27.943+0000] {processor.py:161} INFO - Started process (PID=24864) to work on /opt/airflow/dags/prediction_features_pipeline.py
[2026-01-01T22:50:27.946+0000] {processor.py:830} INFO - Processing file /opt/airflow/dags/prediction_features_pipeline.py for tasks to queue
[2026-01-01T22:50:27.948+0000] {logging_mixin.py:188} INFO - [2026-01-01T22:50:27.947+0000] {dagbag.py:538} INFO - Filling up the DagBag from /opt/airflow/dags/prediction_features_pipeline.py
[2026-01-01T22:50:27.990+0000] {processor.py:840} INFO - DAG(s) 'match_features_pipeline' retrieved from /opt/airflow/dags/prediction_features_pipeline.py
[2026-01-01T22:50:28.038+0000] {logging_mixin.py:188} INFO - [2026-01-01T22:50:28.038+0000] {dag.py:3036} INFO - Sync 1 DAGs
[2026-01-01T22:50:28.088+0000] {logging_mixin.py:188} INFO - [2026-01-01T22:50:28.088+0000] {dag.py:3823} INFO - Setting next_dagrun for match_features_pipeline to 2025-12-31 00:00:00+00:00, run_after=2026-01-01 00:00:00+00:00
[2026-01-01T22:50:28.127+0000] {processor.py:183} INFO - Processing /opt/airflow/dags/prediction_features_pipeline.py took 0.194 seconds
[2026-01-01T22:50:58.968+0000] {processor.py:161} INFO - Started process (PID=24884) to work on /opt/airflow/dags/prediction_features_pipeline.py
[2026-01-01T22:50:58.972+0000] {processor.py:830} INFO - Processing file /opt/airflow/dags/prediction_features_pipeline.py for tasks to queue
[2026-01-01T22:50:58.976+0000] {logging_mixin.py:188} INFO - [2026-01-01T22:50:58.974+0000] {dagbag.py:538} INFO - Filling up the DagBag from /opt/airflow/dags/prediction_features_pipeline.py
[2026-01-01T22:50:59.022+0000] {processor.py:840} INFO - DAG(s) 'match_features_pipeline' retrieved from /opt/airflow/dags/prediction_features_pipeline.py
[2026-01-01T22:50:59.068+0000] {logging_mixin.py:188} INFO - [2026-01-01T22:50:59.067+0000] {dag.py:3036} INFO - Sync 1 DAGs
[2026-01-01T22:50:59.110+0000] {logging_mixin.py:188} INFO - [2026-01-01T22:50:59.109+0000] {dag.py:3823} INFO - Setting next_dagrun for match_features_pipeline to 2025-12-31 00:00:00+00:00, run_after=2026-01-01 00:00:00+00:00
[2026-01-01T22:50:59.153+0000] {processor.py:183} INFO - Processing /opt/airflow/dags/prediction_features_pipeline.py took 0.195 seconds
[2026-01-01T22:51:29.867+0000] {processor.py:161} INFO - Started process (PID=24904) to work on /opt/airflow/dags/prediction_features_pipeline.py
[2026-01-01T22:51:29.870+0000] {processor.py:830} INFO - Processing file /opt/airflow/dags/prediction_features_pipeline.py for tasks to queue
[2026-01-01T22:51:29.872+0000] {logging_mixin.py:188} INFO - [2026-01-01T22:51:29.872+0000] {dagbag.py:538} INFO - Filling up the DagBag from /opt/airflow/dags/prediction_features_pipeline.py
[2026-01-01T22:51:29.915+0000] {processor.py:840} INFO - DAG(s) 'match_features_pipeline' retrieved from /opt/airflow/dags/prediction_features_pipeline.py
[2026-01-01T22:51:29.958+0000] {logging_mixin.py:188} INFO - [2026-01-01T22:51:29.957+0000] {dag.py:3036} INFO - Sync 1 DAGs
[2026-01-01T22:51:30.006+0000] {logging_mixin.py:188} INFO - [2026-01-01T22:51:30.006+0000] {dag.py:3823} INFO - Setting next_dagrun for match_features_pipeline to 2025-12-31 00:00:00+00:00, run_after=2026-01-01 00:00:00+00:00
[2026-01-01T22:51:30.040+0000] {processor.py:183} INFO - Processing /opt/airflow/dags/prediction_features_pipeline.py took 0.182 seconds
[2026-01-01T22:52:00.845+0000] {processor.py:161} INFO - Started process (PID=24924) to work on /opt/airflow/dags/prediction_features_pipeline.py
[2026-01-01T22:52:00.847+0000] {processor.py:830} INFO - Processing file /opt/airflow/dags/prediction_features_pipeline.py for tasks to queue
[2026-01-01T22:52:00.850+0000] {logging_mixin.py:188} INFO - [2026-01-01T22:52:00.849+0000] {dagbag.py:538} INFO - Filling up the DagBag from /opt/airflow/dags/prediction_features_pipeline.py
[2026-01-01T22:52:00.896+0000] {processor.py:840} INFO - DAG(s) 'match_features_pipeline' retrieved from /opt/airflow/dags/prediction_features_pipeline.py
[2026-01-01T22:52:00.939+0000] {logging_mixin.py:188} INFO - [2026-01-01T22:52:00.939+0000] {dag.py:3036} INFO - Sync 1 DAGs
[2026-01-01T22:52:00.976+0000] {logging_mixin.py:188} INFO - [2026-01-01T22:52:00.976+0000] {dag.py:3823} INFO - Setting next_dagrun for match_features_pipeline to 2025-12-31 00:00:00+00:00, run_after=2026-01-01 00:00:00+00:00
[2026-01-01T22:52:01.038+0000] {processor.py:183} INFO - Processing /opt/airflow/dags/prediction_features_pipeline.py took 0.200 seconds
[2026-01-01T22:52:31.741+0000] {processor.py:161} INFO - Started process (PID=24944) to work on /opt/airflow/dags/prediction_features_pipeline.py
[2026-01-01T22:52:31.744+0000] {processor.py:830} INFO - Processing file /opt/airflow/dags/prediction_features_pipeline.py for tasks to queue
[2026-01-01T22:52:31.746+0000] {logging_mixin.py:188} INFO - [2026-01-01T22:52:31.745+0000] {dagbag.py:538} INFO - Filling up the DagBag from /opt/airflow/dags/prediction_features_pipeline.py
[2026-01-01T22:52:31.787+0000] {processor.py:840} INFO - DAG(s) 'match_features_pipeline' retrieved from /opt/airflow/dags/prediction_features_pipeline.py
[2026-01-01T22:52:31.828+0000] {logging_mixin.py:188} INFO - [2026-01-01T22:52:31.828+0000] {dag.py:3036} INFO - Sync 1 DAGs
[2026-01-01T22:52:31.868+0000] {logging_mixin.py:188} INFO - [2026-01-01T22:52:31.867+0000] {dag.py:3823} INFO - Setting next_dagrun for match_features_pipeline to 2025-12-31 00:00:00+00:00, run_after=2026-01-01 00:00:00+00:00
[2026-01-01T22:52:31.927+0000] {processor.py:183} INFO - Processing /opt/airflow/dags/prediction_features_pipeline.py took 0.193 seconds
[2026-01-01T22:53:02.638+0000] {processor.py:161} INFO - Started process (PID=24964) to work on /opt/airflow/dags/prediction_features_pipeline.py
[2026-01-01T22:53:02.641+0000] {processor.py:830} INFO - Processing file /opt/airflow/dags/prediction_features_pipeline.py for tasks to queue
[2026-01-01T22:53:02.644+0000] {logging_mixin.py:188} INFO - [2026-01-01T22:53:02.643+0000] {dagbag.py:538} INFO - Filling up the DagBag from /opt/airflow/dags/prediction_features_pipeline.py
[2026-01-01T22:53:02.686+0000] {processor.py:840} INFO - DAG(s) 'match_features_pipeline' retrieved from /opt/airflow/dags/prediction_features_pipeline.py
[2026-01-01T22:53:02.725+0000] {logging_mixin.py:188} INFO - [2026-01-01T22:53:02.725+0000] {dag.py:3036} INFO - Sync 1 DAGs
[2026-01-01T22:53:02.779+0000] {logging_mixin.py:188} INFO - [2026-01-01T22:53:02.779+0000] {dag.py:3823} INFO - Setting next_dagrun for match_features_pipeline to 2025-12-31 00:00:00+00:00, run_after=2026-01-01 00:00:00+00:00
[2026-01-01T22:53:02.814+0000] {processor.py:183} INFO - Processing /opt/airflow/dags/prediction_features_pipeline.py took 0.187 seconds
[2026-01-01T22:53:33.789+0000] {processor.py:161} INFO - Started process (PID=24984) to work on /opt/airflow/dags/prediction_features_pipeline.py
[2026-01-01T22:53:33.791+0000] {processor.py:830} INFO - Processing file /opt/airflow/dags/prediction_features_pipeline.py for tasks to queue
[2026-01-01T22:53:33.793+0000] {logging_mixin.py:188} INFO - [2026-01-01T22:53:33.793+0000] {dagbag.py:538} INFO - Filling up the DagBag from /opt/airflow/dags/prediction_features_pipeline.py
[2026-01-01T22:53:33.834+0000] {processor.py:840} INFO - DAG(s) 'match_features_pipeline' retrieved from /opt/airflow/dags/prediction_features_pipeline.py
[2026-01-01T22:53:33.877+0000] {logging_mixin.py:188} INFO - [2026-01-01T22:53:33.876+0000] {dag.py:3036} INFO - Sync 1 DAGs
[2026-01-01T22:53:33.919+0000] {logging_mixin.py:188} INFO - [2026-01-01T22:53:33.919+0000] {dag.py:3823} INFO - Setting next_dagrun for match_features_pipeline to 2025-12-31 00:00:00+00:00, run_after=2026-01-01 00:00:00+00:00
[2026-01-01T22:53:33.978+0000] {processor.py:183} INFO - Processing /opt/airflow/dags/prediction_features_pipeline.py took 0.194 seconds
[2026-01-01T22:54:04.855+0000] {processor.py:161} INFO - Started process (PID=25004) to work on /opt/airflow/dags/prediction_features_pipeline.py
[2026-01-01T22:54:04.857+0000] {processor.py:830} INFO - Processing file /opt/airflow/dags/prediction_features_pipeline.py for tasks to queue
[2026-01-01T22:54:04.859+0000] {logging_mixin.py:188} INFO - [2026-01-01T22:54:04.859+0000] {dagbag.py:538} INFO - Filling up the DagBag from /opt/airflow/dags/prediction_features_pipeline.py
[2026-01-01T22:54:04.898+0000] {processor.py:840} INFO - DAG(s) 'match_features_pipeline' retrieved from /opt/airflow/dags/prediction_features_pipeline.py
[2026-01-01T22:54:04.944+0000] {logging_mixin.py:188} INFO - [2026-01-01T22:54:04.944+0000] {dag.py:3036} INFO - Sync 1 DAGs
[2026-01-01T22:54:04.988+0000] {logging_mixin.py:188} INFO - [2026-01-01T22:54:04.988+0000] {dag.py:3823} INFO - Setting next_dagrun for match_features_pipeline to 2025-12-31 00:00:00+00:00, run_after=2026-01-01 00:00:00+00:00
[2026-01-01T22:54:05.050+0000] {processor.py:183} INFO - Processing /opt/airflow/dags/prediction_features_pipeline.py took 0.202 seconds
[2026-01-01T22:54:35.762+0000] {processor.py:161} INFO - Started process (PID=25024) to work on /opt/airflow/dags/prediction_features_pipeline.py
[2026-01-01T22:54:35.764+0000] {processor.py:830} INFO - Processing file /opt/airflow/dags/prediction_features_pipeline.py for tasks to queue
[2026-01-01T22:54:35.766+0000] {logging_mixin.py:188} INFO - [2026-01-01T22:54:35.765+0000] {dagbag.py:538} INFO - Filling up the DagBag from /opt/airflow/dags/prediction_features_pipeline.py
[2026-01-01T22:54:35.809+0000] {processor.py:840} INFO - DAG(s) 'match_features_pipeline' retrieved from /opt/airflow/dags/prediction_features_pipeline.py
[2026-01-01T22:54:35.855+0000] {logging_mixin.py:188} INFO - [2026-01-01T22:54:35.855+0000] {dag.py:3036} INFO - Sync 1 DAGs
[2026-01-01T22:54:35.904+0000] {logging_mixin.py:188} INFO - [2026-01-01T22:54:35.904+0000] {dag.py:3823} INFO - Setting next_dagrun for match_features_pipeline to 2025-12-31 00:00:00+00:00, run_after=2026-01-01 00:00:00+00:00
[2026-01-01T22:54:35.939+0000] {processor.py:183} INFO - Processing /opt/airflow/dags/prediction_features_pipeline.py took 0.184 seconds
[2026-01-01T22:55:06.703+0000] {processor.py:161} INFO - Started process (PID=25044) to work on /opt/airflow/dags/prediction_features_pipeline.py
[2026-01-01T22:55:06.705+0000] {processor.py:830} INFO - Processing file /opt/airflow/dags/prediction_features_pipeline.py for tasks to queue
[2026-01-01T22:55:06.708+0000] {logging_mixin.py:188} INFO - [2026-01-01T22:55:06.707+0000] {dagbag.py:538} INFO - Filling up the DagBag from /opt/airflow/dags/prediction_features_pipeline.py
[2026-01-01T22:55:06.751+0000] {processor.py:840} INFO - DAG(s) 'match_features_pipeline' retrieved from /opt/airflow/dags/prediction_features_pipeline.py
[2026-01-01T22:55:06.791+0000] {logging_mixin.py:188} INFO - [2026-01-01T22:55:06.791+0000] {dag.py:3036} INFO - Sync 1 DAGs
[2026-01-01T22:55:06.831+0000] {logging_mixin.py:188} INFO - [2026-01-01T22:55:06.830+0000] {dag.py:3823} INFO - Setting next_dagrun for match_features_pipeline to 2025-12-31 00:00:00+00:00, run_after=2026-01-01 00:00:00+00:00
[2026-01-01T22:55:06.863+0000] {processor.py:183} INFO - Processing /opt/airflow/dags/prediction_features_pipeline.py took 0.165 seconds
[2026-01-01T22:55:37.562+0000] {processor.py:161} INFO - Started process (PID=25064) to work on /opt/airflow/dags/prediction_features_pipeline.py
[2026-01-01T22:55:37.564+0000] {processor.py:830} INFO - Processing file /opt/airflow/dags/prediction_features_pipeline.py for tasks to queue
[2026-01-01T22:55:37.566+0000] {logging_mixin.py:188} INFO - [2026-01-01T22:55:37.565+0000] {dagbag.py:538} INFO - Filling up the DagBag from /opt/airflow/dags/prediction_features_pipeline.py
[2026-01-01T22:55:37.605+0000] {processor.py:840} INFO - DAG(s) 'match_features_pipeline' retrieved from /opt/airflow/dags/prediction_features_pipeline.py
[2026-01-01T22:55:37.647+0000] {logging_mixin.py:188} INFO - [2026-01-01T22:55:37.647+0000] {dag.py:3036} INFO - Sync 1 DAGs
[2026-01-01T22:55:37.694+0000] {logging_mixin.py:188} INFO - [2026-01-01T22:55:37.693+0000] {dag.py:3823} INFO - Setting next_dagrun for match_features_pipeline to 2025-12-31 00:00:00+00:00, run_after=2026-01-01 00:00:00+00:00
[2026-01-01T22:55:37.755+0000] {processor.py:183} INFO - Processing /opt/airflow/dags/prediction_features_pipeline.py took 0.200 seconds
