[2026-01-01T20:33:01.580+0000] {processor.py:161} INFO - Started process (PID=19491) to work on /opt/airflow/dags/rugby_pipeline.py
[2026-01-01T20:33:01.593+0000] {processor.py:830} INFO - Processing file /opt/airflow/dags/rugby_pipeline.py for tasks to queue
[2026-01-01T20:33:01.597+0000] {logging_mixin.py:188} INFO - [2026-01-01T20:33:01.596+0000] {dagbag.py:538} INFO - Filling up the DagBag from /opt/airflow/dags/rugby_pipeline.py
[2026-01-01T20:33:01.929+0000] {processor.py:840} INFO - DAG(s) 'rugby_pipeline' retrieved from /opt/airflow/dags/rugby_pipeline.py
[2026-01-01T20:33:02.008+0000] {logging_mixin.py:188} INFO - [2026-01-01T20:33:02.008+0000] {dag.py:3036} INFO - Sync 1 DAGs
[2026-01-01T20:33:02.127+0000] {logging_mixin.py:188} INFO - [2026-01-01T20:33:02.126+0000] {dag.py:3823} INFO - Setting next_dagrun for rugby_pipeline to 2025-12-31 00:00:00+00:00, run_after=2026-01-01 00:00:00+00:00
[2026-01-01T20:33:02.766+0000] {processor.py:183} INFO - Processing /opt/airflow/dags/rugby_pipeline.py took 1.209 seconds
[2026-01-01T20:33:33.667+0000] {processor.py:161} INFO - Started process (PID=19511) to work on /opt/airflow/dags/rugby_pipeline.py
[2026-01-01T20:33:33.669+0000] {processor.py:830} INFO - Processing file /opt/airflow/dags/rugby_pipeline.py for tasks to queue
[2026-01-01T20:33:33.670+0000] {logging_mixin.py:188} INFO - [2026-01-01T20:33:33.670+0000] {dagbag.py:538} INFO - Filling up the DagBag from /opt/airflow/dags/rugby_pipeline.py
[2026-01-01T20:33:33.705+0000] {processor.py:840} INFO - DAG(s) 'rugby_pipeline' retrieved from /opt/airflow/dags/rugby_pipeline.py
[2026-01-01T20:33:33.738+0000] {logging_mixin.py:188} INFO - [2026-01-01T20:33:33.738+0000] {dag.py:3036} INFO - Sync 1 DAGs
[2026-01-01T20:33:33.774+0000] {logging_mixin.py:188} INFO - [2026-01-01T20:33:33.774+0000] {dag.py:3823} INFO - Setting next_dagrun for rugby_pipeline to 2025-12-31 00:00:00+00:00, run_after=2026-01-01 00:00:00+00:00
[2026-01-01T20:33:33.804+0000] {processor.py:183} INFO - Processing /opt/airflow/dags/rugby_pipeline.py took 0.141 seconds
[2026-01-01T20:34:04.332+0000] {processor.py:161} INFO - Started process (PID=19531) to work on /opt/airflow/dags/rugby_pipeline.py
[2026-01-01T20:34:04.333+0000] {processor.py:830} INFO - Processing file /opt/airflow/dags/rugby_pipeline.py for tasks to queue
[2026-01-01T20:34:04.334+0000] {logging_mixin.py:188} INFO - [2026-01-01T20:34:04.334+0000] {dagbag.py:538} INFO - Filling up the DagBag from /opt/airflow/dags/rugby_pipeline.py
[2026-01-01T20:34:04.359+0000] {processor.py:840} INFO - DAG(s) 'rugby_pipeline' retrieved from /opt/airflow/dags/rugby_pipeline.py
[2026-01-01T20:34:04.387+0000] {logging_mixin.py:188} INFO - [2026-01-01T20:34:04.387+0000] {dag.py:3036} INFO - Sync 1 DAGs
[2026-01-01T20:34:04.414+0000] {logging_mixin.py:188} INFO - [2026-01-01T20:34:04.414+0000] {dag.py:3823} INFO - Setting next_dagrun for rugby_pipeline to 2025-12-31 00:00:00+00:00, run_after=2026-01-01 00:00:00+00:00
[2026-01-01T20:34:04.599+0000] {processor.py:183} INFO - Processing /opt/airflow/dags/rugby_pipeline.py took 0.272 seconds
[2026-01-01T20:34:35.012+0000] {processor.py:161} INFO - Started process (PID=19551) to work on /opt/airflow/dags/rugby_pipeline.py
[2026-01-01T20:34:35.013+0000] {processor.py:830} INFO - Processing file /opt/airflow/dags/rugby_pipeline.py for tasks to queue
[2026-01-01T20:34:35.014+0000] {logging_mixin.py:188} INFO - [2026-01-01T20:34:35.014+0000] {dagbag.py:538} INFO - Filling up the DagBag from /opt/airflow/dags/rugby_pipeline.py
[2026-01-01T20:34:35.034+0000] {processor.py:840} INFO - DAG(s) 'rugby_pipeline' retrieved from /opt/airflow/dags/rugby_pipeline.py
[2026-01-01T20:34:35.058+0000] {logging_mixin.py:188} INFO - [2026-01-01T20:34:35.058+0000] {dag.py:3036} INFO - Sync 1 DAGs
[2026-01-01T20:34:35.245+0000] {logging_mixin.py:188} INFO - [2026-01-01T20:34:35.245+0000] {dag.py:3823} INFO - Setting next_dagrun for rugby_pipeline to 2025-12-31 00:00:00+00:00, run_after=2026-01-01 00:00:00+00:00
[2026-01-01T20:34:35.263+0000] {processor.py:183} INFO - Processing /opt/airflow/dags/rugby_pipeline.py took 0.255 seconds
[2026-01-01T20:35:05.587+0000] {processor.py:161} INFO - Started process (PID=19571) to work on /opt/airflow/dags/rugby_pipeline.py
[2026-01-01T20:35:05.589+0000] {processor.py:830} INFO - Processing file /opt/airflow/dags/rugby_pipeline.py for tasks to queue
[2026-01-01T20:35:05.589+0000] {logging_mixin.py:188} INFO - [2026-01-01T20:35:05.589+0000] {dagbag.py:538} INFO - Filling up the DagBag from /opt/airflow/dags/rugby_pipeline.py
[2026-01-01T20:35:05.611+0000] {processor.py:840} INFO - DAG(s) 'rugby_pipeline' retrieved from /opt/airflow/dags/rugby_pipeline.py
[2026-01-01T20:35:05.633+0000] {logging_mixin.py:188} INFO - [2026-01-01T20:35:05.633+0000] {dag.py:3036} INFO - Sync 1 DAGs
[2026-01-01T20:35:05.824+0000] {logging_mixin.py:188} INFO - [2026-01-01T20:35:05.823+0000] {dag.py:3823} INFO - Setting next_dagrun for rugby_pipeline to 2025-12-31 00:00:00+00:00, run_after=2026-01-01 00:00:00+00:00
[2026-01-01T20:35:05.853+0000] {processor.py:183} INFO - Processing /opt/airflow/dags/rugby_pipeline.py took 0.269 seconds
[2026-01-01T20:35:36.148+0000] {processor.py:161} INFO - Started process (PID=19591) to work on /opt/airflow/dags/rugby_pipeline.py
[2026-01-01T20:35:36.149+0000] {processor.py:830} INFO - Processing file /opt/airflow/dags/rugby_pipeline.py for tasks to queue
[2026-01-01T20:35:36.150+0000] {logging_mixin.py:188} INFO - [2026-01-01T20:35:36.150+0000] {dagbag.py:538} INFO - Filling up the DagBag from /opt/airflow/dags/rugby_pipeline.py
[2026-01-01T20:35:36.172+0000] {processor.py:840} INFO - DAG(s) 'rugby_pipeline' retrieved from /opt/airflow/dags/rugby_pipeline.py
[2026-01-01T20:35:36.352+0000] {logging_mixin.py:188} INFO - [2026-01-01T20:35:36.352+0000] {dag.py:3036} INFO - Sync 1 DAGs
[2026-01-01T20:35:36.372+0000] {logging_mixin.py:188} INFO - [2026-01-01T20:35:36.371+0000] {dag.py:3823} INFO - Setting next_dagrun for rugby_pipeline to 2025-12-31 00:00:00+00:00, run_after=2026-01-01 00:00:00+00:00
[2026-01-01T20:35:36.400+0000] {processor.py:183} INFO - Processing /opt/airflow/dags/rugby_pipeline.py took 0.256 seconds
[2026-01-01T20:36:06.669+0000] {processor.py:161} INFO - Started process (PID=19611) to work on /opt/airflow/dags/rugby_pipeline.py
[2026-01-01T20:36:06.671+0000] {processor.py:830} INFO - Processing file /opt/airflow/dags/rugby_pipeline.py for tasks to queue
[2026-01-01T20:36:06.672+0000] {logging_mixin.py:188} INFO - [2026-01-01T20:36:06.671+0000] {dagbag.py:538} INFO - Filling up the DagBag from /opt/airflow/dags/rugby_pipeline.py
[2026-01-01T20:36:06.695+0000] {processor.py:840} INFO - DAG(s) 'rugby_pipeline' retrieved from /opt/airflow/dags/rugby_pipeline.py
[2026-01-01T20:36:06.722+0000] {logging_mixin.py:188} INFO - [2026-01-01T20:36:06.721+0000] {dag.py:3036} INFO - Sync 1 DAGs
[2026-01-01T20:36:06.743+0000] {logging_mixin.py:188} INFO - [2026-01-01T20:36:06.743+0000] {dag.py:3823} INFO - Setting next_dagrun for rugby_pipeline to 2025-12-31 00:00:00+00:00, run_after=2026-01-01 00:00:00+00:00
[2026-01-01T20:36:06.761+0000] {processor.py:183} INFO - Processing /opt/airflow/dags/rugby_pipeline.py took 0.095 seconds
[2026-01-01T20:36:37.073+0000] {processor.py:161} INFO - Started process (PID=19631) to work on /opt/airflow/dags/rugby_pipeline.py
[2026-01-01T20:36:37.074+0000] {processor.py:830} INFO - Processing file /opt/airflow/dags/rugby_pipeline.py for tasks to queue
[2026-01-01T20:36:37.075+0000] {logging_mixin.py:188} INFO - [2026-01-01T20:36:37.074+0000] {dagbag.py:538} INFO - Filling up the DagBag from /opt/airflow/dags/rugby_pipeline.py
[2026-01-01T20:36:37.095+0000] {processor.py:840} INFO - DAG(s) 'rugby_pipeline' retrieved from /opt/airflow/dags/rugby_pipeline.py
[2026-01-01T20:36:37.117+0000] {logging_mixin.py:188} INFO - [2026-01-01T20:36:37.117+0000] {dag.py:3036} INFO - Sync 1 DAGs
[2026-01-01T20:36:37.137+0000] {logging_mixin.py:188} INFO - [2026-01-01T20:36:37.136+0000] {dag.py:3823} INFO - Setting next_dagrun for rugby_pipeline to 2025-12-31 00:00:00+00:00, run_after=2026-01-01 00:00:00+00:00
[2026-01-01T20:36:37.155+0000] {processor.py:183} INFO - Processing /opt/airflow/dags/rugby_pipeline.py took 0.088 seconds
[2026-01-01T20:37:07.762+0000] {processor.py:161} INFO - Started process (PID=19651) to work on /opt/airflow/dags/rugby_pipeline.py
[2026-01-01T20:37:07.763+0000] {processor.py:830} INFO - Processing file /opt/airflow/dags/rugby_pipeline.py for tasks to queue
[2026-01-01T20:37:07.764+0000] {logging_mixin.py:188} INFO - [2026-01-01T20:37:07.764+0000] {dagbag.py:538} INFO - Filling up the DagBag from /opt/airflow/dags/rugby_pipeline.py
[2026-01-01T20:37:07.784+0000] {processor.py:840} INFO - DAG(s) 'rugby_pipeline' retrieved from /opt/airflow/dags/rugby_pipeline.py
[2026-01-01T20:37:07.810+0000] {logging_mixin.py:188} INFO - [2026-01-01T20:37:07.809+0000] {dag.py:3036} INFO - Sync 1 DAGs
[2026-01-01T20:37:07.833+0000] {logging_mixin.py:188} INFO - [2026-01-01T20:37:07.833+0000] {dag.py:3823} INFO - Setting next_dagrun for rugby_pipeline to 2025-12-31 00:00:00+00:00, run_after=2026-01-01 00:00:00+00:00
[2026-01-01T20:37:08.038+0000] {processor.py:183} INFO - Processing /opt/airflow/dags/rugby_pipeline.py took 0.281 seconds
[2026-01-01T20:37:38.350+0000] {processor.py:161} INFO - Started process (PID=19671) to work on /opt/airflow/dags/rugby_pipeline.py
[2026-01-01T20:37:38.351+0000] {processor.py:830} INFO - Processing file /opt/airflow/dags/rugby_pipeline.py for tasks to queue
[2026-01-01T20:37:38.352+0000] {logging_mixin.py:188} INFO - [2026-01-01T20:37:38.352+0000] {dagbag.py:538} INFO - Filling up the DagBag from /opt/airflow/dags/rugby_pipeline.py
[2026-01-01T20:37:38.375+0000] {processor.py:840} INFO - DAG(s) 'rugby_pipeline' retrieved from /opt/airflow/dags/rugby_pipeline.py
[2026-01-01T20:37:38.399+0000] {logging_mixin.py:188} INFO - [2026-01-01T20:37:38.399+0000] {dag.py:3036} INFO - Sync 1 DAGs
[2026-01-01T20:37:38.683+0000] {logging_mixin.py:188} INFO - [2026-01-01T20:37:38.683+0000] {dag.py:3823} INFO - Setting next_dagrun for rugby_pipeline to 2025-12-31 00:00:00+00:00, run_after=2026-01-01 00:00:00+00:00
[2026-01-01T20:37:38.707+0000] {processor.py:183} INFO - Processing /opt/airflow/dags/rugby_pipeline.py took 0.360 seconds
[2026-01-01T20:38:09.131+0000] {processor.py:161} INFO - Started process (PID=19691) to work on /opt/airflow/dags/rugby_pipeline.py
[2026-01-01T20:38:09.132+0000] {processor.py:830} INFO - Processing file /opt/airflow/dags/rugby_pipeline.py for tasks to queue
[2026-01-01T20:38:09.133+0000] {logging_mixin.py:188} INFO - [2026-01-01T20:38:09.133+0000] {dagbag.py:538} INFO - Filling up the DagBag from /opt/airflow/dags/rugby_pipeline.py
[2026-01-01T20:38:09.155+0000] {processor.py:840} INFO - DAG(s) 'rugby_pipeline' retrieved from /opt/airflow/dags/rugby_pipeline.py
[2026-01-01T20:38:09.184+0000] {logging_mixin.py:188} INFO - [2026-01-01T20:38:09.183+0000] {dag.py:3036} INFO - Sync 1 DAGs
[2026-01-01T20:38:09.373+0000] {logging_mixin.py:188} INFO - [2026-01-01T20:38:09.372+0000] {dag.py:3823} INFO - Setting next_dagrun for rugby_pipeline to 2025-12-31 00:00:00+00:00, run_after=2026-01-01 00:00:00+00:00
[2026-01-01T20:38:09.392+0000] {processor.py:183} INFO - Processing /opt/airflow/dags/rugby_pipeline.py took 0.265 seconds
[2026-01-01T20:38:39.898+0000] {processor.py:161} INFO - Started process (PID=19711) to work on /opt/airflow/dags/rugby_pipeline.py
[2026-01-01T20:38:39.899+0000] {processor.py:830} INFO - Processing file /opt/airflow/dags/rugby_pipeline.py for tasks to queue
[2026-01-01T20:38:39.901+0000] {logging_mixin.py:188} INFO - [2026-01-01T20:38:39.900+0000] {dagbag.py:538} INFO - Filling up the DagBag from /opt/airflow/dags/rugby_pipeline.py
[2026-01-01T20:38:40.107+0000] {processor.py:840} INFO - DAG(s) 'rugby_pipeline' retrieved from /opt/airflow/dags/rugby_pipeline.py
[2026-01-01T20:38:40.129+0000] {logging_mixin.py:188} INFO - [2026-01-01T20:38:40.129+0000] {dag.py:3036} INFO - Sync 1 DAGs
[2026-01-01T20:38:40.150+0000] {logging_mixin.py:188} INFO - [2026-01-01T20:38:40.150+0000] {dag.py:3823} INFO - Setting next_dagrun for rugby_pipeline to 2025-12-31 00:00:00+00:00, run_after=2026-01-01 00:00:00+00:00
[2026-01-01T20:38:40.169+0000] {processor.py:183} INFO - Processing /opt/airflow/dags/rugby_pipeline.py took 0.275 seconds
[2026-01-01T20:39:10.678+0000] {processor.py:161} INFO - Started process (PID=19731) to work on /opt/airflow/dags/rugby_pipeline.py
[2026-01-01T20:39:10.679+0000] {processor.py:830} INFO - Processing file /opt/airflow/dags/rugby_pipeline.py for tasks to queue
[2026-01-01T20:39:10.681+0000] {logging_mixin.py:188} INFO - [2026-01-01T20:39:10.680+0000] {dagbag.py:538} INFO - Filling up the DagBag from /opt/airflow/dags/rugby_pipeline.py
[2026-01-01T20:39:10.702+0000] {processor.py:840} INFO - DAG(s) 'rugby_pipeline' retrieved from /opt/airflow/dags/rugby_pipeline.py
[2026-01-01T20:39:10.726+0000] {logging_mixin.py:188} INFO - [2026-01-01T20:39:10.726+0000] {dag.py:3036} INFO - Sync 1 DAGs
[2026-01-01T20:39:10.750+0000] {logging_mixin.py:188} INFO - [2026-01-01T20:39:10.750+0000] {dag.py:3823} INFO - Setting next_dagrun for rugby_pipeline to 2025-12-31 00:00:00+00:00, run_after=2026-01-01 00:00:00+00:00
[2026-01-01T20:39:10.771+0000] {processor.py:183} INFO - Processing /opt/airflow/dags/rugby_pipeline.py took 0.097 seconds
[2026-01-01T20:39:41.092+0000] {processor.py:161} INFO - Started process (PID=19751) to work on /opt/airflow/dags/rugby_pipeline.py
[2026-01-01T20:39:41.093+0000] {processor.py:830} INFO - Processing file /opt/airflow/dags/rugby_pipeline.py for tasks to queue
[2026-01-01T20:39:41.094+0000] {logging_mixin.py:188} INFO - [2026-01-01T20:39:41.094+0000] {dagbag.py:538} INFO - Filling up the DagBag from /opt/airflow/dags/rugby_pipeline.py
[2026-01-01T20:39:41.117+0000] {processor.py:840} INFO - DAG(s) 'rugby_pipeline' retrieved from /opt/airflow/dags/rugby_pipeline.py
[2026-01-01T20:39:41.139+0000] {logging_mixin.py:188} INFO - [2026-01-01T20:39:41.139+0000] {dag.py:3036} INFO - Sync 1 DAGs
[2026-01-01T20:39:41.160+0000] {logging_mixin.py:188} INFO - [2026-01-01T20:39:41.160+0000] {dag.py:3823} INFO - Setting next_dagrun for rugby_pipeline to 2025-12-31 00:00:00+00:00, run_after=2026-01-01 00:00:00+00:00
[2026-01-01T20:39:41.193+0000] {processor.py:183} INFO - Processing /opt/airflow/dags/rugby_pipeline.py took 0.105 seconds
[2026-01-01T20:40:11.618+0000] {processor.py:161} INFO - Started process (PID=19771) to work on /opt/airflow/dags/rugby_pipeline.py
[2026-01-01T20:40:11.620+0000] {processor.py:830} INFO - Processing file /opt/airflow/dags/rugby_pipeline.py for tasks to queue
[2026-01-01T20:40:11.621+0000] {logging_mixin.py:188} INFO - [2026-01-01T20:40:11.620+0000] {dagbag.py:538} INFO - Filling up the DagBag from /opt/airflow/dags/rugby_pipeline.py
[2026-01-01T20:40:11.641+0000] {processor.py:840} INFO - DAG(s) 'rugby_pipeline' retrieved from /opt/airflow/dags/rugby_pipeline.py
[2026-01-01T20:40:11.668+0000] {logging_mixin.py:188} INFO - [2026-01-01T20:40:11.668+0000] {dag.py:3036} INFO - Sync 1 DAGs
[2026-01-01T20:40:11.690+0000] {logging_mixin.py:188} INFO - [2026-01-01T20:40:11.690+0000] {dag.py:3823} INFO - Setting next_dagrun for rugby_pipeline to 2025-12-31 00:00:00+00:00, run_after=2026-01-01 00:00:00+00:00
[2026-01-01T20:40:11.709+0000] {processor.py:183} INFO - Processing /opt/airflow/dags/rugby_pipeline.py took 0.095 seconds
[2026-01-01T20:40:42.020+0000] {processor.py:161} INFO - Started process (PID=19791) to work on /opt/airflow/dags/rugby_pipeline.py
[2026-01-01T20:40:42.021+0000] {processor.py:830} INFO - Processing file /opt/airflow/dags/rugby_pipeline.py for tasks to queue
[2026-01-01T20:40:42.022+0000] {logging_mixin.py:188} INFO - [2026-01-01T20:40:42.022+0000] {dagbag.py:538} INFO - Filling up the DagBag from /opt/airflow/dags/rugby_pipeline.py
[2026-01-01T20:40:42.042+0000] {processor.py:840} INFO - DAG(s) 'rugby_pipeline' retrieved from /opt/airflow/dags/rugby_pipeline.py
[2026-01-01T20:40:42.063+0000] {logging_mixin.py:188} INFO - [2026-01-01T20:40:42.063+0000] {dag.py:3036} INFO - Sync 1 DAGs
[2026-01-01T20:40:42.088+0000] {logging_mixin.py:188} INFO - [2026-01-01T20:40:42.087+0000] {dag.py:3823} INFO - Setting next_dagrun for rugby_pipeline to 2025-12-31 00:00:00+00:00, run_after=2026-01-01 00:00:00+00:00
[2026-01-01T20:40:42.106+0000] {processor.py:183} INFO - Processing /opt/airflow/dags/rugby_pipeline.py took 0.090 seconds
[2026-01-01T20:41:12.432+0000] {processor.py:161} INFO - Started process (PID=19811) to work on /opt/airflow/dags/rugby_pipeline.py
[2026-01-01T20:41:12.434+0000] {processor.py:830} INFO - Processing file /opt/airflow/dags/rugby_pipeline.py for tasks to queue
[2026-01-01T20:41:12.435+0000] {logging_mixin.py:188} INFO - [2026-01-01T20:41:12.434+0000] {dagbag.py:538} INFO - Filling up the DagBag from /opt/airflow/dags/rugby_pipeline.py
[2026-01-01T20:41:12.455+0000] {processor.py:840} INFO - DAG(s) 'rugby_pipeline' retrieved from /opt/airflow/dags/rugby_pipeline.py
[2026-01-01T20:41:12.477+0000] {logging_mixin.py:188} INFO - [2026-01-01T20:41:12.477+0000] {dag.py:3036} INFO - Sync 1 DAGs
[2026-01-01T20:41:12.499+0000] {logging_mixin.py:188} INFO - [2026-01-01T20:41:12.499+0000] {dag.py:3823} INFO - Setting next_dagrun for rugby_pipeline to 2025-12-31 00:00:00+00:00, run_after=2026-01-01 00:00:00+00:00
[2026-01-01T20:41:12.520+0000] {processor.py:183} INFO - Processing /opt/airflow/dags/rugby_pipeline.py took 0.092 seconds
[2026-01-01T20:41:42.845+0000] {processor.py:161} INFO - Started process (PID=19831) to work on /opt/airflow/dags/rugby_pipeline.py
[2026-01-01T20:41:42.846+0000] {processor.py:830} INFO - Processing file /opt/airflow/dags/rugby_pipeline.py for tasks to queue
[2026-01-01T20:41:42.847+0000] {logging_mixin.py:188} INFO - [2026-01-01T20:41:42.847+0000] {dagbag.py:538} INFO - Filling up the DagBag from /opt/airflow/dags/rugby_pipeline.py
[2026-01-01T20:41:42.868+0000] {processor.py:840} INFO - DAG(s) 'rugby_pipeline' retrieved from /opt/airflow/dags/rugby_pipeline.py
[2026-01-01T20:41:42.891+0000] {logging_mixin.py:188} INFO - [2026-01-01T20:41:42.891+0000] {dag.py:3036} INFO - Sync 1 DAGs
[2026-01-01T20:41:42.914+0000] {logging_mixin.py:188} INFO - [2026-01-01T20:41:42.914+0000] {dag.py:3823} INFO - Setting next_dagrun for rugby_pipeline to 2025-12-31 00:00:00+00:00, run_after=2026-01-01 00:00:00+00:00
[2026-01-01T20:41:42.945+0000] {processor.py:183} INFO - Processing /opt/airflow/dags/rugby_pipeline.py took 0.103 seconds
[2026-01-01T20:42:13.260+0000] {processor.py:161} INFO - Started process (PID=19851) to work on /opt/airflow/dags/rugby_pipeline.py
[2026-01-01T20:42:13.261+0000] {processor.py:830} INFO - Processing file /opt/airflow/dags/rugby_pipeline.py for tasks to queue
[2026-01-01T20:42:13.262+0000] {logging_mixin.py:188} INFO - [2026-01-01T20:42:13.262+0000] {dagbag.py:538} INFO - Filling up the DagBag from /opt/airflow/dags/rugby_pipeline.py
[2026-01-01T20:42:13.286+0000] {processor.py:840} INFO - DAG(s) 'rugby_pipeline' retrieved from /opt/airflow/dags/rugby_pipeline.py
[2026-01-01T20:42:13.310+0000] {logging_mixin.py:188} INFO - [2026-01-01T20:42:13.310+0000] {dag.py:3036} INFO - Sync 1 DAGs
[2026-01-01T20:42:13.332+0000] {logging_mixin.py:188} INFO - [2026-01-01T20:42:13.332+0000] {dag.py:3823} INFO - Setting next_dagrun for rugby_pipeline to 2025-12-31 00:00:00+00:00, run_after=2026-01-01 00:00:00+00:00
[2026-01-01T20:42:13.362+0000] {processor.py:183} INFO - Processing /opt/airflow/dags/rugby_pipeline.py took 0.105 seconds
[2026-01-01T20:42:43.779+0000] {processor.py:161} INFO - Started process (PID=19871) to work on /opt/airflow/dags/rugby_pipeline.py
[2026-01-01T20:42:43.780+0000] {processor.py:830} INFO - Processing file /opt/airflow/dags/rugby_pipeline.py for tasks to queue
[2026-01-01T20:42:43.782+0000] {logging_mixin.py:188} INFO - [2026-01-01T20:42:43.781+0000] {dagbag.py:538} INFO - Filling up the DagBag from /opt/airflow/dags/rugby_pipeline.py
[2026-01-01T20:42:43.802+0000] {processor.py:840} INFO - DAG(s) 'rugby_pipeline' retrieved from /opt/airflow/dags/rugby_pipeline.py
[2026-01-01T20:42:43.829+0000] {logging_mixin.py:188} INFO - [2026-01-01T20:42:43.829+0000] {dag.py:3036} INFO - Sync 1 DAGs
[2026-01-01T20:42:43.851+0000] {logging_mixin.py:188} INFO - [2026-01-01T20:42:43.851+0000] {dag.py:3823} INFO - Setting next_dagrun for rugby_pipeline to 2025-12-31 00:00:00+00:00, run_after=2026-01-01 00:00:00+00:00
[2026-01-01T20:42:43.881+0000] {processor.py:183} INFO - Processing /opt/airflow/dags/rugby_pipeline.py took 0.106 seconds
[2026-01-01T20:43:14.369+0000] {processor.py:161} INFO - Started process (PID=19891) to work on /opt/airflow/dags/rugby_pipeline.py
[2026-01-01T20:43:14.371+0000] {processor.py:830} INFO - Processing file /opt/airflow/dags/rugby_pipeline.py for tasks to queue
[2026-01-01T20:43:14.372+0000] {logging_mixin.py:188} INFO - [2026-01-01T20:43:14.371+0000] {dagbag.py:538} INFO - Filling up the DagBag from /opt/airflow/dags/rugby_pipeline.py
[2026-01-01T20:43:14.392+0000] {processor.py:840} INFO - DAG(s) 'rugby_pipeline' retrieved from /opt/airflow/dags/rugby_pipeline.py
[2026-01-01T20:43:14.417+0000] {logging_mixin.py:188} INFO - [2026-01-01T20:43:14.416+0000] {dag.py:3036} INFO - Sync 1 DAGs
[2026-01-01T20:43:14.439+0000] {logging_mixin.py:188} INFO - [2026-01-01T20:43:14.439+0000] {dag.py:3823} INFO - Setting next_dagrun for rugby_pipeline to 2025-12-31 00:00:00+00:00, run_after=2026-01-01 00:00:00+00:00
[2026-01-01T20:43:14.458+0000] {processor.py:183} INFO - Processing /opt/airflow/dags/rugby_pipeline.py took 0.093 seconds
[2026-01-01T20:43:44.891+0000] {processor.py:161} INFO - Started process (PID=19911) to work on /opt/airflow/dags/rugby_pipeline.py
[2026-01-01T20:43:44.892+0000] {processor.py:830} INFO - Processing file /opt/airflow/dags/rugby_pipeline.py for tasks to queue
[2026-01-01T20:43:44.893+0000] {logging_mixin.py:188} INFO - [2026-01-01T20:43:44.892+0000] {dagbag.py:538} INFO - Filling up the DagBag from /opt/airflow/dags/rugby_pipeline.py
[2026-01-01T20:43:44.915+0000] {processor.py:840} INFO - DAG(s) 'rugby_pipeline' retrieved from /opt/airflow/dags/rugby_pipeline.py
[2026-01-01T20:43:44.942+0000] {logging_mixin.py:188} INFO - [2026-01-01T20:43:44.942+0000] {dag.py:3036} INFO - Sync 1 DAGs
[2026-01-01T20:43:44.965+0000] {logging_mixin.py:188} INFO - [2026-01-01T20:43:44.964+0000] {dag.py:3823} INFO - Setting next_dagrun for rugby_pipeline to 2025-12-31 00:00:00+00:00, run_after=2026-01-01 00:00:00+00:00
[2026-01-01T20:43:44.983+0000] {processor.py:183} INFO - Processing /opt/airflow/dags/rugby_pipeline.py took 0.096 seconds
[2026-01-01T20:44:15.306+0000] {processor.py:161} INFO - Started process (PID=19931) to work on /opt/airflow/dags/rugby_pipeline.py
[2026-01-01T20:44:15.307+0000] {processor.py:830} INFO - Processing file /opt/airflow/dags/rugby_pipeline.py for tasks to queue
[2026-01-01T20:44:15.308+0000] {logging_mixin.py:188} INFO - [2026-01-01T20:44:15.308+0000] {dagbag.py:538} INFO - Filling up the DagBag from /opt/airflow/dags/rugby_pipeline.py
[2026-01-01T20:44:15.330+0000] {processor.py:840} INFO - DAG(s) 'rugby_pipeline' retrieved from /opt/airflow/dags/rugby_pipeline.py
[2026-01-01T20:44:15.356+0000] {logging_mixin.py:188} INFO - [2026-01-01T20:44:15.356+0000] {dag.py:3036} INFO - Sync 1 DAGs
[2026-01-01T20:44:15.379+0000] {logging_mixin.py:188} INFO - [2026-01-01T20:44:15.379+0000] {dag.py:3823} INFO - Setting next_dagrun for rugby_pipeline to 2025-12-31 00:00:00+00:00, run_after=2026-01-01 00:00:00+00:00
[2026-01-01T20:44:15.403+0000] {processor.py:183} INFO - Processing /opt/airflow/dags/rugby_pipeline.py took 0.101 seconds
[2026-01-01T20:44:45.720+0000] {processor.py:161} INFO - Started process (PID=19951) to work on /opt/airflow/dags/rugby_pipeline.py
[2026-01-01T20:44:45.721+0000] {processor.py:830} INFO - Processing file /opt/airflow/dags/rugby_pipeline.py for tasks to queue
[2026-01-01T20:44:45.723+0000] {logging_mixin.py:188} INFO - [2026-01-01T20:44:45.722+0000] {dagbag.py:538} INFO - Filling up the DagBag from /opt/airflow/dags/rugby_pipeline.py
[2026-01-01T20:44:45.744+0000] {processor.py:840} INFO - DAG(s) 'rugby_pipeline' retrieved from /opt/airflow/dags/rugby_pipeline.py
[2026-01-01T20:44:45.766+0000] {logging_mixin.py:188} INFO - [2026-01-01T20:44:45.766+0000] {dag.py:3036} INFO - Sync 1 DAGs
[2026-01-01T20:44:45.789+0000] {logging_mixin.py:188} INFO - [2026-01-01T20:44:45.788+0000] {dag.py:3823} INFO - Setting next_dagrun for rugby_pipeline to 2025-12-31 00:00:00+00:00, run_after=2026-01-01 00:00:00+00:00
[2026-01-01T20:44:45.807+0000] {processor.py:183} INFO - Processing /opt/airflow/dags/rugby_pipeline.py took 0.091 seconds
[2026-01-01T20:45:16.126+0000] {processor.py:161} INFO - Started process (PID=19971) to work on /opt/airflow/dags/rugby_pipeline.py
[2026-01-01T20:45:16.128+0000] {processor.py:830} INFO - Processing file /opt/airflow/dags/rugby_pipeline.py for tasks to queue
[2026-01-01T20:45:16.129+0000] {logging_mixin.py:188} INFO - [2026-01-01T20:45:16.128+0000] {dagbag.py:538} INFO - Filling up the DagBag from /opt/airflow/dags/rugby_pipeline.py
[2026-01-01T20:45:16.149+0000] {processor.py:840} INFO - DAG(s) 'rugby_pipeline' retrieved from /opt/airflow/dags/rugby_pipeline.py
[2026-01-01T20:45:16.173+0000] {logging_mixin.py:188} INFO - [2026-01-01T20:45:16.173+0000] {dag.py:3036} INFO - Sync 1 DAGs
[2026-01-01T20:45:16.194+0000] {logging_mixin.py:188} INFO - [2026-01-01T20:45:16.194+0000] {dag.py:3823} INFO - Setting next_dagrun for rugby_pipeline to 2025-12-31 00:00:00+00:00, run_after=2026-01-01 00:00:00+00:00
[2026-01-01T20:45:16.215+0000] {processor.py:183} INFO - Processing /opt/airflow/dags/rugby_pipeline.py took 0.092 seconds
[2026-01-01T20:45:46.532+0000] {processor.py:161} INFO - Started process (PID=19991) to work on /opt/airflow/dags/rugby_pipeline.py
[2026-01-01T20:45:46.534+0000] {processor.py:830} INFO - Processing file /opt/airflow/dags/rugby_pipeline.py for tasks to queue
[2026-01-01T20:45:46.535+0000] {logging_mixin.py:188} INFO - [2026-01-01T20:45:46.534+0000] {dagbag.py:538} INFO - Filling up the DagBag from /opt/airflow/dags/rugby_pipeline.py
[2026-01-01T20:45:46.557+0000] {processor.py:840} INFO - DAG(s) 'rugby_pipeline' retrieved from /opt/airflow/dags/rugby_pipeline.py
[2026-01-01T20:45:46.579+0000] {logging_mixin.py:188} INFO - [2026-01-01T20:45:46.579+0000] {dag.py:3036} INFO - Sync 1 DAGs
[2026-01-01T20:45:46.600+0000] {logging_mixin.py:188} INFO - [2026-01-01T20:45:46.600+0000] {dag.py:3823} INFO - Setting next_dagrun for rugby_pipeline to 2025-12-31 00:00:00+00:00, run_after=2026-01-01 00:00:00+00:00
[2026-01-01T20:45:46.623+0000] {processor.py:183} INFO - Processing /opt/airflow/dags/rugby_pipeline.py took 0.094 seconds
[2026-01-01T20:46:17.058+0000] {processor.py:161} INFO - Started process (PID=20011) to work on /opt/airflow/dags/rugby_pipeline.py
[2026-01-01T20:46:17.059+0000] {processor.py:830} INFO - Processing file /opt/airflow/dags/rugby_pipeline.py for tasks to queue
[2026-01-01T20:46:17.060+0000] {logging_mixin.py:188} INFO - [2026-01-01T20:46:17.059+0000] {dagbag.py:538} INFO - Filling up the DagBag from /opt/airflow/dags/rugby_pipeline.py
[2026-01-01T20:46:17.081+0000] {processor.py:840} INFO - DAG(s) 'rugby_pipeline' retrieved from /opt/airflow/dags/rugby_pipeline.py
[2026-01-01T20:46:17.108+0000] {logging_mixin.py:188} INFO - [2026-01-01T20:46:17.108+0000] {dag.py:3036} INFO - Sync 1 DAGs
[2026-01-01T20:46:17.132+0000] {logging_mixin.py:188} INFO - [2026-01-01T20:46:17.132+0000] {dag.py:3823} INFO - Setting next_dagrun for rugby_pipeline to 2025-12-31 00:00:00+00:00, run_after=2026-01-01 00:00:00+00:00
[2026-01-01T20:46:17.164+0000] {processor.py:183} INFO - Processing /opt/airflow/dags/rugby_pipeline.py took 0.110 seconds
[2026-01-01T20:46:47.457+0000] {processor.py:161} INFO - Started process (PID=20031) to work on /opt/airflow/dags/rugby_pipeline.py
[2026-01-01T20:46:47.459+0000] {processor.py:830} INFO - Processing file /opt/airflow/dags/rugby_pipeline.py for tasks to queue
[2026-01-01T20:46:47.460+0000] {logging_mixin.py:188} INFO - [2026-01-01T20:46:47.459+0000] {dagbag.py:538} INFO - Filling up the DagBag from /opt/airflow/dags/rugby_pipeline.py
[2026-01-01T20:46:47.481+0000] {processor.py:840} INFO - DAG(s) 'rugby_pipeline' retrieved from /opt/airflow/dags/rugby_pipeline.py
[2026-01-01T20:46:47.505+0000] {logging_mixin.py:188} INFO - [2026-01-01T20:46:47.505+0000] {dag.py:3036} INFO - Sync 1 DAGs
[2026-01-01T20:46:47.529+0000] {logging_mixin.py:188} INFO - [2026-01-01T20:46:47.529+0000] {dag.py:3823} INFO - Setting next_dagrun for rugby_pipeline to 2025-12-31 00:00:00+00:00, run_after=2026-01-01 00:00:00+00:00
[2026-01-01T20:46:47.549+0000] {processor.py:183} INFO - Processing /opt/airflow/dags/rugby_pipeline.py took 0.096 seconds
[2026-01-01T20:47:17.989+0000] {processor.py:161} INFO - Started process (PID=20051) to work on /opt/airflow/dags/rugby_pipeline.py
[2026-01-01T20:47:17.990+0000] {processor.py:830} INFO - Processing file /opt/airflow/dags/rugby_pipeline.py for tasks to queue
[2026-01-01T20:47:17.991+0000] {logging_mixin.py:188} INFO - [2026-01-01T20:47:17.991+0000] {dagbag.py:538} INFO - Filling up the DagBag from /opt/airflow/dags/rugby_pipeline.py
[2026-01-01T20:47:18.012+0000] {processor.py:840} INFO - DAG(s) 'rugby_pipeline' retrieved from /opt/airflow/dags/rugby_pipeline.py
[2026-01-01T20:47:18.040+0000] {logging_mixin.py:188} INFO - [2026-01-01T20:47:18.040+0000] {dag.py:3036} INFO - Sync 1 DAGs
[2026-01-01T20:47:18.062+0000] {logging_mixin.py:188} INFO - [2026-01-01T20:47:18.062+0000] {dag.py:3823} INFO - Setting next_dagrun for rugby_pipeline to 2025-12-31 00:00:00+00:00, run_after=2026-01-01 00:00:00+00:00
[2026-01-01T20:47:18.092+0000] {processor.py:183} INFO - Processing /opt/airflow/dags/rugby_pipeline.py took 0.107 seconds
[2026-01-01T20:47:48.500+0000] {processor.py:161} INFO - Started process (PID=20071) to work on /opt/airflow/dags/rugby_pipeline.py
[2026-01-01T20:47:48.502+0000] {processor.py:830} INFO - Processing file /opt/airflow/dags/rugby_pipeline.py for tasks to queue
[2026-01-01T20:47:48.503+0000] {logging_mixin.py:188} INFO - [2026-01-01T20:47:48.503+0000] {dagbag.py:538} INFO - Filling up the DagBag from /opt/airflow/dags/rugby_pipeline.py
[2026-01-01T20:47:48.524+0000] {processor.py:840} INFO - DAG(s) 'rugby_pipeline' retrieved from /opt/airflow/dags/rugby_pipeline.py
[2026-01-01T20:47:48.549+0000] {logging_mixin.py:188} INFO - [2026-01-01T20:47:48.549+0000] {dag.py:3036} INFO - Sync 1 DAGs
[2026-01-01T20:47:48.574+0000] {logging_mixin.py:188} INFO - [2026-01-01T20:47:48.573+0000] {dag.py:3823} INFO - Setting next_dagrun for rugby_pipeline to 2025-12-31 00:00:00+00:00, run_after=2026-01-01 00:00:00+00:00
[2026-01-01T20:47:48.594+0000] {processor.py:183} INFO - Processing /opt/airflow/dags/rugby_pipeline.py took 0.097 seconds
[2026-01-01T20:48:19.122+0000] {processor.py:161} INFO - Started process (PID=20091) to work on /opt/airflow/dags/rugby_pipeline.py
[2026-01-01T20:48:19.126+0000] {processor.py:830} INFO - Processing file /opt/airflow/dags/rugby_pipeline.py for tasks to queue
[2026-01-01T20:48:19.128+0000] {logging_mixin.py:188} INFO - [2026-01-01T20:48:19.128+0000] {dagbag.py:538} INFO - Filling up the DagBag from /opt/airflow/dags/rugby_pipeline.py
[2026-01-01T20:48:19.157+0000] {processor.py:840} INFO - DAG(s) 'rugby_pipeline' retrieved from /opt/airflow/dags/rugby_pipeline.py
[2026-01-01T20:48:19.187+0000] {logging_mixin.py:188} INFO - [2026-01-01T20:48:19.187+0000] {dag.py:3036} INFO - Sync 1 DAGs
[2026-01-01T20:48:19.214+0000] {logging_mixin.py:188} INFO - [2026-01-01T20:48:19.214+0000] {dag.py:3823} INFO - Setting next_dagrun for rugby_pipeline to 2025-12-31 00:00:00+00:00, run_after=2026-01-01 00:00:00+00:00
[2026-01-01T20:48:19.238+0000] {processor.py:183} INFO - Processing /opt/airflow/dags/rugby_pipeline.py took 0.121 seconds
[2026-01-01T20:48:49.671+0000] {processor.py:161} INFO - Started process (PID=20111) to work on /opt/airflow/dags/rugby_pipeline.py
[2026-01-01T20:48:49.672+0000] {processor.py:830} INFO - Processing file /opt/airflow/dags/rugby_pipeline.py for tasks to queue
[2026-01-01T20:48:49.673+0000] {logging_mixin.py:188} INFO - [2026-01-01T20:48:49.673+0000] {dagbag.py:538} INFO - Filling up the DagBag from /opt/airflow/dags/rugby_pipeline.py
[2026-01-01T20:48:49.699+0000] {processor.py:840} INFO - DAG(s) 'rugby_pipeline' retrieved from /opt/airflow/dags/rugby_pipeline.py
[2026-01-01T20:48:49.727+0000] {logging_mixin.py:188} INFO - [2026-01-01T20:48:49.727+0000] {dag.py:3036} INFO - Sync 1 DAGs
[2026-01-01T20:48:49.752+0000] {logging_mixin.py:188} INFO - [2026-01-01T20:48:49.752+0000] {dag.py:3823} INFO - Setting next_dagrun for rugby_pipeline to 2025-12-31 00:00:00+00:00, run_after=2026-01-01 00:00:00+00:00
[2026-01-01T20:48:49.784+0000] {processor.py:183} INFO - Processing /opt/airflow/dags/rugby_pipeline.py took 0.117 seconds
[2026-01-01T20:49:20.082+0000] {processor.py:161} INFO - Started process (PID=20131) to work on /opt/airflow/dags/rugby_pipeline.py
[2026-01-01T20:49:20.083+0000] {processor.py:830} INFO - Processing file /opt/airflow/dags/rugby_pipeline.py for tasks to queue
[2026-01-01T20:49:20.084+0000] {logging_mixin.py:188} INFO - [2026-01-01T20:49:20.084+0000] {dagbag.py:538} INFO - Filling up the DagBag from /opt/airflow/dags/rugby_pipeline.py
[2026-01-01T20:49:20.106+0000] {processor.py:840} INFO - DAG(s) 'rugby_pipeline' retrieved from /opt/airflow/dags/rugby_pipeline.py
[2026-01-01T20:49:20.129+0000] {logging_mixin.py:188} INFO - [2026-01-01T20:49:20.128+0000] {dag.py:3036} INFO - Sync 1 DAGs
[2026-01-01T20:49:20.152+0000] {logging_mixin.py:188} INFO - [2026-01-01T20:49:20.151+0000] {dag.py:3823} INFO - Setting next_dagrun for rugby_pipeline to 2025-12-31 00:00:00+00:00, run_after=2026-01-01 00:00:00+00:00
[2026-01-01T20:49:20.171+0000] {processor.py:183} INFO - Processing /opt/airflow/dags/rugby_pipeline.py took 0.092 seconds
[2026-01-01T20:49:50.588+0000] {processor.py:161} INFO - Started process (PID=20151) to work on /opt/airflow/dags/rugby_pipeline.py
[2026-01-01T20:49:50.589+0000] {processor.py:830} INFO - Processing file /opt/airflow/dags/rugby_pipeline.py for tasks to queue
[2026-01-01T20:49:50.590+0000] {logging_mixin.py:188} INFO - [2026-01-01T20:49:50.590+0000] {dagbag.py:538} INFO - Filling up the DagBag from /opt/airflow/dags/rugby_pipeline.py
[2026-01-01T20:49:50.613+0000] {processor.py:840} INFO - DAG(s) 'rugby_pipeline' retrieved from /opt/airflow/dags/rugby_pipeline.py
[2026-01-01T20:49:50.640+0000] {logging_mixin.py:188} INFO - [2026-01-01T20:49:50.639+0000] {dag.py:3036} INFO - Sync 1 DAGs
[2026-01-01T20:49:50.662+0000] {logging_mixin.py:188} INFO - [2026-01-01T20:49:50.662+0000] {dag.py:3823} INFO - Setting next_dagrun for rugby_pipeline to 2025-12-31 00:00:00+00:00, run_after=2026-01-01 00:00:00+00:00
[2026-01-01T20:49:50.681+0000] {processor.py:183} INFO - Processing /opt/airflow/dags/rugby_pipeline.py took 0.097 seconds
[2026-01-01T20:50:20.993+0000] {processor.py:161} INFO - Started process (PID=20171) to work on /opt/airflow/dags/rugby_pipeline.py
[2026-01-01T20:50:20.994+0000] {processor.py:830} INFO - Processing file /opt/airflow/dags/rugby_pipeline.py for tasks to queue
[2026-01-01T20:50:20.995+0000] {logging_mixin.py:188} INFO - [2026-01-01T20:50:20.995+0000] {dagbag.py:538} INFO - Filling up the DagBag from /opt/airflow/dags/rugby_pipeline.py
[2026-01-01T20:50:21.016+0000] {processor.py:840} INFO - DAG(s) 'rugby_pipeline' retrieved from /opt/airflow/dags/rugby_pipeline.py
[2026-01-01T20:50:21.038+0000] {logging_mixin.py:188} INFO - [2026-01-01T20:50:21.038+0000] {dag.py:3036} INFO - Sync 1 DAGs
[2026-01-01T20:50:21.060+0000] {logging_mixin.py:188} INFO - [2026-01-01T20:50:21.060+0000] {dag.py:3823} INFO - Setting next_dagrun for rugby_pipeline to 2025-12-31 00:00:00+00:00, run_after=2026-01-01 00:00:00+00:00
[2026-01-01T20:50:21.091+0000] {processor.py:183} INFO - Processing /opt/airflow/dags/rugby_pipeline.py took 0.101 seconds
[2026-01-01T20:50:51.401+0000] {processor.py:161} INFO - Started process (PID=20191) to work on /opt/airflow/dags/rugby_pipeline.py
[2026-01-01T20:50:51.403+0000] {processor.py:830} INFO - Processing file /opt/airflow/dags/rugby_pipeline.py for tasks to queue
[2026-01-01T20:50:51.403+0000] {logging_mixin.py:188} INFO - [2026-01-01T20:50:51.403+0000] {dagbag.py:538} INFO - Filling up the DagBag from /opt/airflow/dags/rugby_pipeline.py
[2026-01-01T20:50:51.423+0000] {processor.py:840} INFO - DAG(s) 'rugby_pipeline' retrieved from /opt/airflow/dags/rugby_pipeline.py
[2026-01-01T20:50:51.450+0000] {logging_mixin.py:188} INFO - [2026-01-01T20:50:51.450+0000] {dag.py:3036} INFO - Sync 1 DAGs
[2026-01-01T20:50:51.472+0000] {logging_mixin.py:188} INFO - [2026-01-01T20:50:51.471+0000] {dag.py:3823} INFO - Setting next_dagrun for rugby_pipeline to 2025-12-31 00:00:00+00:00, run_after=2026-01-01 00:00:00+00:00
[2026-01-01T20:50:51.492+0000] {processor.py:183} INFO - Processing /opt/airflow/dags/rugby_pipeline.py took 0.095 seconds
[2026-01-01T20:51:21.805+0000] {processor.py:161} INFO - Started process (PID=20211) to work on /opt/airflow/dags/rugby_pipeline.py
[2026-01-01T20:51:21.807+0000] {processor.py:830} INFO - Processing file /opt/airflow/dags/rugby_pipeline.py for tasks to queue
[2026-01-01T20:51:21.808+0000] {logging_mixin.py:188} INFO - [2026-01-01T20:51:21.807+0000] {dagbag.py:538} INFO - Filling up the DagBag from /opt/airflow/dags/rugby_pipeline.py
[2026-01-01T20:51:21.827+0000] {processor.py:840} INFO - DAG(s) 'rugby_pipeline' retrieved from /opt/airflow/dags/rugby_pipeline.py
[2026-01-01T20:51:21.848+0000] {logging_mixin.py:188} INFO - [2026-01-01T20:51:21.848+0000] {dag.py:3036} INFO - Sync 1 DAGs
[2026-01-01T20:51:21.869+0000] {logging_mixin.py:188} INFO - [2026-01-01T20:51:21.869+0000] {dag.py:3823} INFO - Setting next_dagrun for rugby_pipeline to 2025-12-31 00:00:00+00:00, run_after=2026-01-01 00:00:00+00:00
[2026-01-01T20:51:21.899+0000] {processor.py:183} INFO - Processing /opt/airflow/dags/rugby_pipeline.py took 0.097 seconds
[2026-01-01T20:51:52.206+0000] {processor.py:161} INFO - Started process (PID=20231) to work on /opt/airflow/dags/rugby_pipeline.py
[2026-01-01T20:51:52.207+0000] {processor.py:830} INFO - Processing file /opt/airflow/dags/rugby_pipeline.py for tasks to queue
[2026-01-01T20:51:52.208+0000] {logging_mixin.py:188} INFO - [2026-01-01T20:51:52.208+0000] {dagbag.py:538} INFO - Filling up the DagBag from /opt/airflow/dags/rugby_pipeline.py
[2026-01-01T20:51:52.230+0000] {processor.py:840} INFO - DAG(s) 'rugby_pipeline' retrieved from /opt/airflow/dags/rugby_pipeline.py
[2026-01-01T20:51:52.257+0000] {logging_mixin.py:188} INFO - [2026-01-01T20:51:52.257+0000] {dag.py:3036} INFO - Sync 1 DAGs
[2026-01-01T20:51:52.279+0000] {logging_mixin.py:188} INFO - [2026-01-01T20:51:52.279+0000] {dag.py:3823} INFO - Setting next_dagrun for rugby_pipeline to 2025-12-31 00:00:00+00:00, run_after=2026-01-01 00:00:00+00:00
[2026-01-01T20:51:52.297+0000] {processor.py:183} INFO - Processing /opt/airflow/dags/rugby_pipeline.py took 0.094 seconds
[2026-01-01T20:52:22.628+0000] {processor.py:161} INFO - Started process (PID=20251) to work on /opt/airflow/dags/rugby_pipeline.py
[2026-01-01T20:52:22.629+0000] {processor.py:830} INFO - Processing file /opt/airflow/dags/rugby_pipeline.py for tasks to queue
[2026-01-01T20:52:22.630+0000] {logging_mixin.py:188} INFO - [2026-01-01T20:52:22.630+0000] {dagbag.py:538} INFO - Filling up the DagBag from /opt/airflow/dags/rugby_pipeline.py
[2026-01-01T20:52:22.650+0000] {processor.py:840} INFO - DAG(s) 'rugby_pipeline' retrieved from /opt/airflow/dags/rugby_pipeline.py
[2026-01-01T20:52:22.671+0000] {logging_mixin.py:188} INFO - [2026-01-01T20:52:22.671+0000] {dag.py:3036} INFO - Sync 1 DAGs
[2026-01-01T20:52:22.692+0000] {logging_mixin.py:188} INFO - [2026-01-01T20:52:22.692+0000] {dag.py:3823} INFO - Setting next_dagrun for rugby_pipeline to 2025-12-31 00:00:00+00:00, run_after=2026-01-01 00:00:00+00:00
[2026-01-01T20:52:22.722+0000] {processor.py:183} INFO - Processing /opt/airflow/dags/rugby_pipeline.py took 0.097 seconds
[2026-01-01T20:52:53.135+0000] {processor.py:161} INFO - Started process (PID=20271) to work on /opt/airflow/dags/rugby_pipeline.py
[2026-01-01T20:52:53.137+0000] {processor.py:830} INFO - Processing file /opt/airflow/dags/rugby_pipeline.py for tasks to queue
[2026-01-01T20:52:53.138+0000] {logging_mixin.py:188} INFO - [2026-01-01T20:52:53.138+0000] {dagbag.py:538} INFO - Filling up the DagBag from /opt/airflow/dags/rugby_pipeline.py
[2026-01-01T20:52:53.160+0000] {processor.py:840} INFO - DAG(s) 'rugby_pipeline' retrieved from /opt/airflow/dags/rugby_pipeline.py
[2026-01-01T20:52:53.187+0000] {logging_mixin.py:188} INFO - [2026-01-01T20:52:53.187+0000] {dag.py:3036} INFO - Sync 1 DAGs
[2026-01-01T20:52:53.211+0000] {logging_mixin.py:188} INFO - [2026-01-01T20:52:53.210+0000] {dag.py:3823} INFO - Setting next_dagrun for rugby_pipeline to 2025-12-31 00:00:00+00:00, run_after=2026-01-01 00:00:00+00:00
[2026-01-01T20:52:53.230+0000] {processor.py:183} INFO - Processing /opt/airflow/dags/rugby_pipeline.py took 0.098 seconds
[2026-01-01T20:53:23.618+0000] {processor.py:161} INFO - Started process (PID=20291) to work on /opt/airflow/dags/rugby_pipeline.py
[2026-01-01T20:53:23.619+0000] {processor.py:830} INFO - Processing file /opt/airflow/dags/rugby_pipeline.py for tasks to queue
[2026-01-01T20:53:23.620+0000] {logging_mixin.py:188} INFO - [2026-01-01T20:53:23.620+0000] {dagbag.py:538} INFO - Filling up the DagBag from /opt/airflow/dags/rugby_pipeline.py
[2026-01-01T20:53:23.640+0000] {processor.py:840} INFO - DAG(s) 'rugby_pipeline' retrieved from /opt/airflow/dags/rugby_pipeline.py
[2026-01-01T20:53:23.662+0000] {logging_mixin.py:188} INFO - [2026-01-01T20:53:23.662+0000] {dag.py:3036} INFO - Sync 1 DAGs
[2026-01-01T20:53:23.685+0000] {logging_mixin.py:188} INFO - [2026-01-01T20:53:23.685+0000] {dag.py:3823} INFO - Setting next_dagrun for rugby_pipeline to 2025-12-31 00:00:00+00:00, run_after=2026-01-01 00:00:00+00:00
[2026-01-01T20:53:23.703+0000] {processor.py:183} INFO - Processing /opt/airflow/dags/rugby_pipeline.py took 0.090 seconds
[2026-01-01T20:53:54.029+0000] {processor.py:161} INFO - Started process (PID=20311) to work on /opt/airflow/dags/rugby_pipeline.py
[2026-01-01T20:53:54.030+0000] {processor.py:830} INFO - Processing file /opt/airflow/dags/rugby_pipeline.py for tasks to queue
[2026-01-01T20:53:54.031+0000] {logging_mixin.py:188} INFO - [2026-01-01T20:53:54.031+0000] {dagbag.py:538} INFO - Filling up the DagBag from /opt/airflow/dags/rugby_pipeline.py
[2026-01-01T20:53:54.052+0000] {processor.py:840} INFO - DAG(s) 'rugby_pipeline' retrieved from /opt/airflow/dags/rugby_pipeline.py
[2026-01-01T20:53:54.073+0000] {logging_mixin.py:188} INFO - [2026-01-01T20:53:54.073+0000] {dag.py:3036} INFO - Sync 1 DAGs
[2026-01-01T20:53:54.095+0000] {logging_mixin.py:188} INFO - [2026-01-01T20:53:54.095+0000] {dag.py:3823} INFO - Setting next_dagrun for rugby_pipeline to 2025-12-31 00:00:00+00:00, run_after=2026-01-01 00:00:00+00:00
[2026-01-01T20:53:54.112+0000] {processor.py:183} INFO - Processing /opt/airflow/dags/rugby_pipeline.py took 0.086 seconds
[2026-01-01T20:54:24.425+0000] {processor.py:161} INFO - Started process (PID=20331) to work on /opt/airflow/dags/rugby_pipeline.py
[2026-01-01T20:54:24.426+0000] {processor.py:830} INFO - Processing file /opt/airflow/dags/rugby_pipeline.py for tasks to queue
[2026-01-01T20:54:24.427+0000] {logging_mixin.py:188} INFO - [2026-01-01T20:54:24.427+0000] {dagbag.py:538} INFO - Filling up the DagBag from /opt/airflow/dags/rugby_pipeline.py
[2026-01-01T20:54:24.446+0000] {processor.py:840} INFO - DAG(s) 'rugby_pipeline' retrieved from /opt/airflow/dags/rugby_pipeline.py
[2026-01-01T20:54:24.471+0000] {logging_mixin.py:188} INFO - [2026-01-01T20:54:24.471+0000] {dag.py:3036} INFO - Sync 1 DAGs
[2026-01-01T20:54:24.492+0000] {logging_mixin.py:188} INFO - [2026-01-01T20:54:24.492+0000] {dag.py:3823} INFO - Setting next_dagrun for rugby_pipeline to 2025-12-31 00:00:00+00:00, run_after=2026-01-01 00:00:00+00:00
[2026-01-01T20:54:24.511+0000] {processor.py:183} INFO - Processing /opt/airflow/dags/rugby_pipeline.py took 0.089 seconds
[2026-01-01T20:54:54.831+0000] {processor.py:161} INFO - Started process (PID=20351) to work on /opt/airflow/dags/rugby_pipeline.py
[2026-01-01T20:54:54.832+0000] {processor.py:830} INFO - Processing file /opt/airflow/dags/rugby_pipeline.py for tasks to queue
[2026-01-01T20:54:54.833+0000] {logging_mixin.py:188} INFO - [2026-01-01T20:54:54.832+0000] {dagbag.py:538} INFO - Filling up the DagBag from /opt/airflow/dags/rugby_pipeline.py
[2026-01-01T20:54:54.852+0000] {processor.py:840} INFO - DAG(s) 'rugby_pipeline' retrieved from /opt/airflow/dags/rugby_pipeline.py
[2026-01-01T20:54:54.879+0000] {logging_mixin.py:188} INFO - [2026-01-01T20:54:54.878+0000] {dag.py:3036} INFO - Sync 1 DAGs
[2026-01-01T20:54:54.901+0000] {logging_mixin.py:188} INFO - [2026-01-01T20:54:54.901+0000] {dag.py:3823} INFO - Setting next_dagrun for rugby_pipeline to 2025-12-31 00:00:00+00:00, run_after=2026-01-01 00:00:00+00:00
[2026-01-01T20:54:54.919+0000] {processor.py:183} INFO - Processing /opt/airflow/dags/rugby_pipeline.py took 0.093 seconds
[2026-01-01T20:55:25.362+0000] {processor.py:161} INFO - Started process (PID=20371) to work on /opt/airflow/dags/rugby_pipeline.py
[2026-01-01T20:55:25.364+0000] {processor.py:830} INFO - Processing file /opt/airflow/dags/rugby_pipeline.py for tasks to queue
[2026-01-01T20:55:25.365+0000] {logging_mixin.py:188} INFO - [2026-01-01T20:55:25.364+0000] {dagbag.py:538} INFO - Filling up the DagBag from /opt/airflow/dags/rugby_pipeline.py
[2026-01-01T20:55:25.387+0000] {processor.py:840} INFO - DAG(s) 'rugby_pipeline' retrieved from /opt/airflow/dags/rugby_pipeline.py
[2026-01-01T20:55:25.416+0000] {logging_mixin.py:188} INFO - [2026-01-01T20:55:25.416+0000] {dag.py:3036} INFO - Sync 1 DAGs
[2026-01-01T20:55:25.441+0000] {logging_mixin.py:188} INFO - [2026-01-01T20:55:25.440+0000] {dag.py:3823} INFO - Setting next_dagrun for rugby_pipeline to 2025-12-31 00:00:00+00:00, run_after=2026-01-01 00:00:00+00:00
[2026-01-01T20:55:25.464+0000] {processor.py:183} INFO - Processing /opt/airflow/dags/rugby_pipeline.py took 0.106 seconds
[2026-01-01T20:55:55.763+0000] {processor.py:161} INFO - Started process (PID=20391) to work on /opt/airflow/dags/rugby_pipeline.py
[2026-01-01T20:55:55.764+0000] {processor.py:830} INFO - Processing file /opt/airflow/dags/rugby_pipeline.py for tasks to queue
[2026-01-01T20:55:55.765+0000] {logging_mixin.py:188} INFO - [2026-01-01T20:55:55.765+0000] {dagbag.py:538} INFO - Filling up the DagBag from /opt/airflow/dags/rugby_pipeline.py
[2026-01-01T20:55:55.785+0000] {processor.py:840} INFO - DAG(s) 'rugby_pipeline' retrieved from /opt/airflow/dags/rugby_pipeline.py
[2026-01-01T20:55:55.810+0000] {logging_mixin.py:188} INFO - [2026-01-01T20:55:55.809+0000] {dag.py:3036} INFO - Sync 1 DAGs
[2026-01-01T20:55:55.830+0000] {logging_mixin.py:188} INFO - [2026-01-01T20:55:55.830+0000] {dag.py:3823} INFO - Setting next_dagrun for rugby_pipeline to 2025-12-31 00:00:00+00:00, run_after=2026-01-01 00:00:00+00:00
[2026-01-01T20:55:55.847+0000] {processor.py:183} INFO - Processing /opt/airflow/dags/rugby_pipeline.py took 0.087 seconds
[2026-01-01T20:56:26.167+0000] {processor.py:161} INFO - Started process (PID=20411) to work on /opt/airflow/dags/rugby_pipeline.py
[2026-01-01T20:56:26.169+0000] {processor.py:830} INFO - Processing file /opt/airflow/dags/rugby_pipeline.py for tasks to queue
[2026-01-01T20:56:26.170+0000] {logging_mixin.py:188} INFO - [2026-01-01T20:56:26.169+0000] {dagbag.py:538} INFO - Filling up the DagBag from /opt/airflow/dags/rugby_pipeline.py
[2026-01-01T20:56:26.191+0000] {processor.py:840} INFO - DAG(s) 'rugby_pipeline' retrieved from /opt/airflow/dags/rugby_pipeline.py
[2026-01-01T20:56:26.216+0000] {logging_mixin.py:188} INFO - [2026-01-01T20:56:26.216+0000] {dag.py:3036} INFO - Sync 1 DAGs
[2026-01-01T20:56:26.238+0000] {logging_mixin.py:188} INFO - [2026-01-01T20:56:26.237+0000] {dag.py:3823} INFO - Setting next_dagrun for rugby_pipeline to 2025-12-31 00:00:00+00:00, run_after=2026-01-01 00:00:00+00:00
[2026-01-01T20:56:26.257+0000] {processor.py:183} INFO - Processing /opt/airflow/dags/rugby_pipeline.py took 0.093 seconds
[2026-01-01T20:56:56.577+0000] {processor.py:161} INFO - Started process (PID=20431) to work on /opt/airflow/dags/rugby_pipeline.py
[2026-01-01T20:56:56.578+0000] {processor.py:830} INFO - Processing file /opt/airflow/dags/rugby_pipeline.py for tasks to queue
[2026-01-01T20:56:56.579+0000] {logging_mixin.py:188} INFO - [2026-01-01T20:56:56.578+0000] {dagbag.py:538} INFO - Filling up the DagBag from /opt/airflow/dags/rugby_pipeline.py
[2026-01-01T20:56:56.598+0000] {processor.py:840} INFO - DAG(s) 'rugby_pipeline' retrieved from /opt/airflow/dags/rugby_pipeline.py
[2026-01-01T20:56:56.620+0000] {logging_mixin.py:188} INFO - [2026-01-01T20:56:56.620+0000] {dag.py:3036} INFO - Sync 1 DAGs
[2026-01-01T20:56:56.642+0000] {logging_mixin.py:188} INFO - [2026-01-01T20:56:56.641+0000] {dag.py:3823} INFO - Setting next_dagrun for rugby_pipeline to 2025-12-31 00:00:00+00:00, run_after=2026-01-01 00:00:00+00:00
[2026-01-01T20:56:56.673+0000] {processor.py:183} INFO - Processing /opt/airflow/dags/rugby_pipeline.py took 0.100 seconds
[2026-01-01T20:57:26.978+0000] {processor.py:161} INFO - Started process (PID=20451) to work on /opt/airflow/dags/rugby_pipeline.py
[2026-01-01T20:57:26.979+0000] {processor.py:830} INFO - Processing file /opt/airflow/dags/rugby_pipeline.py for tasks to queue
[2026-01-01T20:57:26.980+0000] {logging_mixin.py:188} INFO - [2026-01-01T20:57:26.980+0000] {dagbag.py:538} INFO - Filling up the DagBag from /opt/airflow/dags/rugby_pipeline.py
[2026-01-01T20:57:27.000+0000] {processor.py:840} INFO - DAG(s) 'rugby_pipeline' retrieved from /opt/airflow/dags/rugby_pipeline.py
[2026-01-01T20:57:27.022+0000] {logging_mixin.py:188} INFO - [2026-01-01T20:57:27.022+0000] {dag.py:3036} INFO - Sync 1 DAGs
[2026-01-01T20:57:27.043+0000] {logging_mixin.py:188} INFO - [2026-01-01T20:57:27.043+0000] {dag.py:3823} INFO - Setting next_dagrun for rugby_pipeline to 2025-12-31 00:00:00+00:00, run_after=2026-01-01 00:00:00+00:00
[2026-01-01T20:57:27.060+0000] {processor.py:183} INFO - Processing /opt/airflow/dags/rugby_pipeline.py took 0.086 seconds
[2026-01-01T20:57:57.482+0000] {processor.py:161} INFO - Started process (PID=20471) to work on /opt/airflow/dags/rugby_pipeline.py
[2026-01-01T20:57:57.483+0000] {processor.py:830} INFO - Processing file /opt/airflow/dags/rugby_pipeline.py for tasks to queue
[2026-01-01T20:57:57.484+0000] {logging_mixin.py:188} INFO - [2026-01-01T20:57:57.484+0000] {dagbag.py:538} INFO - Filling up the DagBag from /opt/airflow/dags/rugby_pipeline.py
[2026-01-01T20:57:57.504+0000] {processor.py:840} INFO - DAG(s) 'rugby_pipeline' retrieved from /opt/airflow/dags/rugby_pipeline.py
[2026-01-01T20:57:57.529+0000] {logging_mixin.py:188} INFO - [2026-01-01T20:57:57.529+0000] {dag.py:3036} INFO - Sync 1 DAGs
[2026-01-01T20:57:57.550+0000] {logging_mixin.py:188} INFO - [2026-01-01T20:57:57.550+0000] {dag.py:3823} INFO - Setting next_dagrun for rugby_pipeline to 2025-12-31 00:00:00+00:00, run_after=2026-01-01 00:00:00+00:00
[2026-01-01T20:57:57.568+0000] {processor.py:183} INFO - Processing /opt/airflow/dags/rugby_pipeline.py took 0.089 seconds
[2026-01-01T20:58:27.947+0000] {processor.py:161} INFO - Started process (PID=20491) to work on /opt/airflow/dags/rugby_pipeline.py
[2026-01-01T20:58:27.948+0000] {processor.py:830} INFO - Processing file /opt/airflow/dags/rugby_pipeline.py for tasks to queue
[2026-01-01T20:58:27.949+0000] {logging_mixin.py:188} INFO - [2026-01-01T20:58:27.948+0000] {dagbag.py:538} INFO - Filling up the DagBag from /opt/airflow/dags/rugby_pipeline.py
[2026-01-01T20:58:27.969+0000] {processor.py:840} INFO - DAG(s) 'rugby_pipeline' retrieved from /opt/airflow/dags/rugby_pipeline.py
[2026-01-01T20:58:27.990+0000] {logging_mixin.py:188} INFO - [2026-01-01T20:58:27.990+0000] {dag.py:3036} INFO - Sync 1 DAGs
[2026-01-01T20:58:28.012+0000] {logging_mixin.py:188} INFO - [2026-01-01T20:58:28.012+0000] {dag.py:3823} INFO - Setting next_dagrun for rugby_pipeline to 2025-12-31 00:00:00+00:00, run_after=2026-01-01 00:00:00+00:00
[2026-01-01T20:58:28.029+0000] {processor.py:183} INFO - Processing /opt/airflow/dags/rugby_pipeline.py took 0.086 seconds
[2026-01-01T20:58:58.475+0000] {processor.py:161} INFO - Started process (PID=20511) to work on /opt/airflow/dags/rugby_pipeline.py
[2026-01-01T20:58:58.476+0000] {processor.py:830} INFO - Processing file /opt/airflow/dags/rugby_pipeline.py for tasks to queue
[2026-01-01T20:58:58.477+0000] {logging_mixin.py:188} INFO - [2026-01-01T20:58:58.477+0000] {dagbag.py:538} INFO - Filling up the DagBag from /opt/airflow/dags/rugby_pipeline.py
[2026-01-01T20:58:58.498+0000] {processor.py:840} INFO - DAG(s) 'rugby_pipeline' retrieved from /opt/airflow/dags/rugby_pipeline.py
[2026-01-01T20:58:58.526+0000] {logging_mixin.py:188} INFO - [2026-01-01T20:58:58.526+0000] {dag.py:3036} INFO - Sync 1 DAGs
[2026-01-01T20:58:58.547+0000] {logging_mixin.py:188} INFO - [2026-01-01T20:58:58.547+0000] {dag.py:3823} INFO - Setting next_dagrun for rugby_pipeline to 2025-12-31 00:00:00+00:00, run_after=2026-01-01 00:00:00+00:00
[2026-01-01T20:58:58.579+0000] {processor.py:183} INFO - Processing /opt/airflow/dags/rugby_pipeline.py took 0.107 seconds
[2026-01-01T20:59:28.872+0000] {processor.py:161} INFO - Started process (PID=20531) to work on /opt/airflow/dags/rugby_pipeline.py
[2026-01-01T20:59:28.873+0000] {processor.py:830} INFO - Processing file /opt/airflow/dags/rugby_pipeline.py for tasks to queue
[2026-01-01T20:59:28.874+0000] {logging_mixin.py:188} INFO - [2026-01-01T20:59:28.874+0000] {dagbag.py:538} INFO - Filling up the DagBag from /opt/airflow/dags/rugby_pipeline.py
[2026-01-01T20:59:28.893+0000] {processor.py:840} INFO - DAG(s) 'rugby_pipeline' retrieved from /opt/airflow/dags/rugby_pipeline.py
[2026-01-01T20:59:28.916+0000] {logging_mixin.py:188} INFO - [2026-01-01T20:59:28.916+0000] {dag.py:3036} INFO - Sync 1 DAGs
[2026-01-01T20:59:28.939+0000] {logging_mixin.py:188} INFO - [2026-01-01T20:59:28.939+0000] {dag.py:3823} INFO - Setting next_dagrun for rugby_pipeline to 2025-12-31 00:00:00+00:00, run_after=2026-01-01 00:00:00+00:00
[2026-01-01T20:59:28.968+0000] {processor.py:183} INFO - Processing /opt/airflow/dags/rugby_pipeline.py took 0.100 seconds
[2026-01-01T20:59:59.278+0000] {processor.py:161} INFO - Started process (PID=20551) to work on /opt/airflow/dags/rugby_pipeline.py
[2026-01-01T20:59:59.279+0000] {processor.py:830} INFO - Processing file /opt/airflow/dags/rugby_pipeline.py for tasks to queue
[2026-01-01T20:59:59.280+0000] {logging_mixin.py:188} INFO - [2026-01-01T20:59:59.280+0000] {dagbag.py:538} INFO - Filling up the DagBag from /opt/airflow/dags/rugby_pipeline.py
[2026-01-01T20:59:59.306+0000] {processor.py:840} INFO - DAG(s) 'rugby_pipeline' retrieved from /opt/airflow/dags/rugby_pipeline.py
[2026-01-01T20:59:59.329+0000] {logging_mixin.py:188} INFO - [2026-01-01T20:59:59.329+0000] {dag.py:3036} INFO - Sync 1 DAGs
[2026-01-01T20:59:59.354+0000] {logging_mixin.py:188} INFO - [2026-01-01T20:59:59.353+0000] {dag.py:3823} INFO - Setting next_dagrun for rugby_pipeline to 2025-12-31 00:00:00+00:00, run_after=2026-01-01 00:00:00+00:00
[2026-01-01T20:59:59.385+0000] {processor.py:183} INFO - Processing /opt/airflow/dags/rugby_pipeline.py took 0.111 seconds
[2026-01-01T21:00:29.792+0000] {processor.py:161} INFO - Started process (PID=20571) to work on /opt/airflow/dags/rugby_pipeline.py
[2026-01-01T21:00:29.793+0000] {processor.py:830} INFO - Processing file /opt/airflow/dags/rugby_pipeline.py for tasks to queue
[2026-01-01T21:00:29.794+0000] {logging_mixin.py:188} INFO - [2026-01-01T21:00:29.794+0000] {dagbag.py:538} INFO - Filling up the DagBag from /opt/airflow/dags/rugby_pipeline.py
[2026-01-01T21:00:29.813+0000] {processor.py:840} INFO - DAG(s) 'rugby_pipeline' retrieved from /opt/airflow/dags/rugby_pipeline.py
[2026-01-01T21:00:29.838+0000] {logging_mixin.py:188} INFO - [2026-01-01T21:00:29.837+0000] {dag.py:3036} INFO - Sync 1 DAGs
[2026-01-01T21:00:29.859+0000] {logging_mixin.py:188} INFO - [2026-01-01T21:00:29.858+0000] {dag.py:3823} INFO - Setting next_dagrun for rugby_pipeline to 2025-12-31 00:00:00+00:00, run_after=2026-01-01 00:00:00+00:00
[2026-01-01T21:00:29.875+0000] {processor.py:183} INFO - Processing /opt/airflow/dags/rugby_pipeline.py took 0.086 seconds
[2026-01-01T21:01:00.197+0000] {processor.py:161} INFO - Started process (PID=20591) to work on /opt/airflow/dags/rugby_pipeline.py
[2026-01-01T21:01:00.198+0000] {processor.py:830} INFO - Processing file /opt/airflow/dags/rugby_pipeline.py for tasks to queue
[2026-01-01T21:01:00.199+0000] {logging_mixin.py:188} INFO - [2026-01-01T21:01:00.199+0000] {dagbag.py:538} INFO - Filling up the DagBag from /opt/airflow/dags/rugby_pipeline.py
[2026-01-01T21:01:00.221+0000] {processor.py:840} INFO - DAG(s) 'rugby_pipeline' retrieved from /opt/airflow/dags/rugby_pipeline.py
[2026-01-01T21:01:00.242+0000] {logging_mixin.py:188} INFO - [2026-01-01T21:01:00.242+0000] {dag.py:3036} INFO - Sync 1 DAGs
[2026-01-01T21:01:00.264+0000] {logging_mixin.py:188} INFO - [2026-01-01T21:01:00.264+0000] {dag.py:3823} INFO - Setting next_dagrun for rugby_pipeline to 2025-12-31 00:00:00+00:00, run_after=2026-01-01 00:00:00+00:00
[2026-01-01T21:01:00.284+0000] {processor.py:183} INFO - Processing /opt/airflow/dags/rugby_pipeline.py took 0.090 seconds
[2026-01-01T21:01:30.601+0000] {processor.py:161} INFO - Started process (PID=20611) to work on /opt/airflow/dags/rugby_pipeline.py
[2026-01-01T21:01:30.602+0000] {processor.py:830} INFO - Processing file /opt/airflow/dags/rugby_pipeline.py for tasks to queue
[2026-01-01T21:01:30.603+0000] {logging_mixin.py:188} INFO - [2026-01-01T21:01:30.603+0000] {dagbag.py:538} INFO - Filling up the DagBag from /opt/airflow/dags/rugby_pipeline.py
[2026-01-01T21:01:30.624+0000] {processor.py:840} INFO - DAG(s) 'rugby_pipeline' retrieved from /opt/airflow/dags/rugby_pipeline.py
[2026-01-01T21:01:30.647+0000] {logging_mixin.py:188} INFO - [2026-01-01T21:01:30.646+0000] {dag.py:3036} INFO - Sync 1 DAGs
[2026-01-01T21:01:30.669+0000] {logging_mixin.py:188} INFO - [2026-01-01T21:01:30.668+0000] {dag.py:3823} INFO - Setting next_dagrun for rugby_pipeline to 2025-12-31 00:00:00+00:00, run_after=2026-01-01 00:00:00+00:00
[2026-01-01T21:01:30.699+0000] {processor.py:183} INFO - Processing /opt/airflow/dags/rugby_pipeline.py took 0.102 seconds
[2026-01-01T21:02:01.008+0000] {processor.py:161} INFO - Started process (PID=20631) to work on /opt/airflow/dags/rugby_pipeline.py
[2026-01-01T21:02:01.009+0000] {processor.py:830} INFO - Processing file /opt/airflow/dags/rugby_pipeline.py for tasks to queue
[2026-01-01T21:02:01.010+0000] {logging_mixin.py:188} INFO - [2026-01-01T21:02:01.010+0000] {dagbag.py:538} INFO - Filling up the DagBag from /opt/airflow/dags/rugby_pipeline.py
[2026-01-01T21:02:01.030+0000] {processor.py:840} INFO - DAG(s) 'rugby_pipeline' retrieved from /opt/airflow/dags/rugby_pipeline.py
[2026-01-01T21:02:01.051+0000] {logging_mixin.py:188} INFO - [2026-01-01T21:02:01.051+0000] {dag.py:3036} INFO - Sync 1 DAGs
[2026-01-01T21:02:01.071+0000] {logging_mixin.py:188} INFO - [2026-01-01T21:02:01.071+0000] {dag.py:3823} INFO - Setting next_dagrun for rugby_pipeline to 2025-12-31 00:00:00+00:00, run_after=2026-01-01 00:00:00+00:00
[2026-01-01T21:02:01.102+0000] {processor.py:183} INFO - Processing /opt/airflow/dags/rugby_pipeline.py took 0.098 seconds
[2026-01-01T21:02:31.592+0000] {processor.py:161} INFO - Started process (PID=20651) to work on /opt/airflow/dags/rugby_pipeline.py
[2026-01-01T21:02:31.593+0000] {processor.py:830} INFO - Processing file /opt/airflow/dags/rugby_pipeline.py for tasks to queue
[2026-01-01T21:02:31.595+0000] {logging_mixin.py:188} INFO - [2026-01-01T21:02:31.594+0000] {dagbag.py:538} INFO - Filling up the DagBag from /opt/airflow/dags/rugby_pipeline.py
[2026-01-01T21:02:31.628+0000] {processor.py:840} INFO - DAG(s) 'rugby_pipeline' retrieved from /opt/airflow/dags/rugby_pipeline.py
[2026-01-01T21:02:31.655+0000] {logging_mixin.py:188} INFO - [2026-01-01T21:02:31.655+0000] {dag.py:3036} INFO - Sync 1 DAGs
[2026-01-01T21:02:31.680+0000] {logging_mixin.py:188} INFO - [2026-01-01T21:02:31.680+0000] {dag.py:3823} INFO - Setting next_dagrun for rugby_pipeline to 2025-12-31 00:00:00+00:00, run_after=2026-01-01 00:00:00+00:00
[2026-01-01T21:02:31.706+0000] {processor.py:183} INFO - Processing /opt/airflow/dags/rugby_pipeline.py took 0.118 seconds
[2026-01-01T21:03:02.246+0000] {processor.py:161} INFO - Started process (PID=20671) to work on /opt/airflow/dags/rugby_pipeline.py
[2026-01-01T21:03:02.247+0000] {processor.py:830} INFO - Processing file /opt/airflow/dags/rugby_pipeline.py for tasks to queue
[2026-01-01T21:03:02.248+0000] {logging_mixin.py:188} INFO - [2026-01-01T21:03:02.248+0000] {dagbag.py:538} INFO - Filling up the DagBag from /opt/airflow/dags/rugby_pipeline.py
[2026-01-01T21:03:02.278+0000] {processor.py:840} INFO - DAG(s) 'rugby_pipeline' retrieved from /opt/airflow/dags/rugby_pipeline.py
[2026-01-01T21:03:02.308+0000] {logging_mixin.py:188} INFO - [2026-01-01T21:03:02.308+0000] {dag.py:3036} INFO - Sync 1 DAGs
[2026-01-01T21:03:02.333+0000] {logging_mixin.py:188} INFO - [2026-01-01T21:03:02.333+0000] {dag.py:3823} INFO - Setting next_dagrun for rugby_pipeline to 2025-12-31 00:00:00+00:00, run_after=2026-01-01 00:00:00+00:00
[2026-01-01T21:03:02.358+0000] {processor.py:183} INFO - Processing /opt/airflow/dags/rugby_pipeline.py took 0.116 seconds
[2026-01-01T21:03:32.823+0000] {processor.py:161} INFO - Started process (PID=20691) to work on /opt/airflow/dags/rugby_pipeline.py
[2026-01-01T21:03:32.825+0000] {processor.py:830} INFO - Processing file /opt/airflow/dags/rugby_pipeline.py for tasks to queue
[2026-01-01T21:03:32.826+0000] {logging_mixin.py:188} INFO - [2026-01-01T21:03:32.825+0000] {dagbag.py:538} INFO - Filling up the DagBag from /opt/airflow/dags/rugby_pipeline.py
[2026-01-01T21:03:32.848+0000] {processor.py:840} INFO - DAG(s) 'rugby_pipeline' retrieved from /opt/airflow/dags/rugby_pipeline.py
[2026-01-01T21:03:32.883+0000] {logging_mixin.py:188} INFO - [2026-01-01T21:03:32.882+0000] {dag.py:3036} INFO - Sync 1 DAGs
[2026-01-01T21:03:32.909+0000] {logging_mixin.py:188} INFO - [2026-01-01T21:03:32.909+0000] {dag.py:3823} INFO - Setting next_dagrun for rugby_pipeline to 2025-12-31 00:00:00+00:00, run_after=2026-01-01 00:00:00+00:00
[2026-01-01T21:03:32.932+0000] {processor.py:183} INFO - Processing /opt/airflow/dags/rugby_pipeline.py took 0.114 seconds
[2026-01-01T21:04:03.252+0000] {processor.py:161} INFO - Started process (PID=20711) to work on /opt/airflow/dags/rugby_pipeline.py
[2026-01-01T21:04:03.256+0000] {processor.py:830} INFO - Processing file /opt/airflow/dags/rugby_pipeline.py for tasks to queue
[2026-01-01T21:04:03.259+0000] {logging_mixin.py:188} INFO - [2026-01-01T21:04:03.258+0000] {dagbag.py:538} INFO - Filling up the DagBag from /opt/airflow/dags/rugby_pipeline.py
[2026-01-01T21:04:03.280+0000] {processor.py:840} INFO - DAG(s) 'rugby_pipeline' retrieved from /opt/airflow/dags/rugby_pipeline.py
[2026-01-01T21:04:03.310+0000] {logging_mixin.py:188} INFO - [2026-01-01T21:04:03.310+0000] {dag.py:3036} INFO - Sync 1 DAGs
[2026-01-01T21:04:03.334+0000] {logging_mixin.py:188} INFO - [2026-01-01T21:04:03.334+0000] {dag.py:3823} INFO - Setting next_dagrun for rugby_pipeline to 2025-12-31 00:00:00+00:00, run_after=2026-01-01 00:00:00+00:00
[2026-01-01T21:04:03.364+0000] {processor.py:183} INFO - Processing /opt/airflow/dags/rugby_pipeline.py took 0.116 seconds
[2026-01-01T21:04:33.710+0000] {processor.py:161} INFO - Started process (PID=20731) to work on /opt/airflow/dags/rugby_pipeline.py
[2026-01-01T21:04:33.711+0000] {processor.py:830} INFO - Processing file /opt/airflow/dags/rugby_pipeline.py for tasks to queue
[2026-01-01T21:04:33.712+0000] {logging_mixin.py:188} INFO - [2026-01-01T21:04:33.712+0000] {dagbag.py:538} INFO - Filling up the DagBag from /opt/airflow/dags/rugby_pipeline.py
[2026-01-01T21:04:33.733+0000] {processor.py:840} INFO - DAG(s) 'rugby_pipeline' retrieved from /opt/airflow/dags/rugby_pipeline.py
[2026-01-01T21:04:33.760+0000] {logging_mixin.py:188} INFO - [2026-01-01T21:04:33.760+0000] {dag.py:3036} INFO - Sync 1 DAGs
[2026-01-01T21:04:33.783+0000] {logging_mixin.py:188} INFO - [2026-01-01T21:04:33.782+0000] {dag.py:3823} INFO - Setting next_dagrun for rugby_pipeline to 2025-12-31 00:00:00+00:00, run_after=2026-01-01 00:00:00+00:00
[2026-01-01T21:04:33.815+0000] {processor.py:183} INFO - Processing /opt/airflow/dags/rugby_pipeline.py took 0.108 seconds
[2026-01-01T21:05:04.133+0000] {processor.py:161} INFO - Started process (PID=20751) to work on /opt/airflow/dags/rugby_pipeline.py
[2026-01-01T21:05:04.135+0000] {processor.py:830} INFO - Processing file /opt/airflow/dags/rugby_pipeline.py for tasks to queue
[2026-01-01T21:05:04.135+0000] {logging_mixin.py:188} INFO - [2026-01-01T21:05:04.135+0000] {dagbag.py:538} INFO - Filling up the DagBag from /opt/airflow/dags/rugby_pipeline.py
[2026-01-01T21:05:04.158+0000] {processor.py:840} INFO - DAG(s) 'rugby_pipeline' retrieved from /opt/airflow/dags/rugby_pipeline.py
[2026-01-01T21:05:04.183+0000] {logging_mixin.py:188} INFO - [2026-01-01T21:05:04.183+0000] {dag.py:3036} INFO - Sync 1 DAGs
[2026-01-01T21:05:04.206+0000] {logging_mixin.py:188} INFO - [2026-01-01T21:05:04.206+0000] {dag.py:3823} INFO - Setting next_dagrun for rugby_pipeline to 2025-12-31 00:00:00+00:00, run_after=2026-01-01 00:00:00+00:00
[2026-01-01T21:05:04.223+0000] {processor.py:183} INFO - Processing /opt/airflow/dags/rugby_pipeline.py took 0.094 seconds
[2026-01-01T21:05:34.662+0000] {processor.py:161} INFO - Started process (PID=20771) to work on /opt/airflow/dags/rugby_pipeline.py
[2026-01-01T21:05:34.663+0000] {processor.py:830} INFO - Processing file /opt/airflow/dags/rugby_pipeline.py for tasks to queue
[2026-01-01T21:05:34.664+0000] {logging_mixin.py:188} INFO - [2026-01-01T21:05:34.664+0000] {dagbag.py:538} INFO - Filling up the DagBag from /opt/airflow/dags/rugby_pipeline.py
[2026-01-01T21:05:34.685+0000] {processor.py:840} INFO - DAG(s) 'rugby_pipeline' retrieved from /opt/airflow/dags/rugby_pipeline.py
[2026-01-01T21:05:34.713+0000] {logging_mixin.py:188} INFO - [2026-01-01T21:05:34.713+0000] {dag.py:3036} INFO - Sync 1 DAGs
[2026-01-01T21:05:34.739+0000] {logging_mixin.py:188} INFO - [2026-01-01T21:05:34.739+0000] {dag.py:3823} INFO - Setting next_dagrun for rugby_pipeline to 2025-12-31 00:00:00+00:00, run_after=2026-01-01 00:00:00+00:00
[2026-01-01T21:05:34.759+0000] {processor.py:183} INFO - Processing /opt/airflow/dags/rugby_pipeline.py took 0.101 seconds
[2026-01-01T21:06:05.197+0000] {processor.py:161} INFO - Started process (PID=20791) to work on /opt/airflow/dags/rugby_pipeline.py
[2026-01-01T21:06:05.198+0000] {processor.py:830} INFO - Processing file /opt/airflow/dags/rugby_pipeline.py for tasks to queue
[2026-01-01T21:06:05.199+0000] {logging_mixin.py:188} INFO - [2026-01-01T21:06:05.199+0000] {dagbag.py:538} INFO - Filling up the DagBag from /opt/airflow/dags/rugby_pipeline.py
[2026-01-01T21:06:05.225+0000] {processor.py:840} INFO - DAG(s) 'rugby_pipeline' retrieved from /opt/airflow/dags/rugby_pipeline.py
[2026-01-01T21:06:05.252+0000] {logging_mixin.py:188} INFO - [2026-01-01T21:06:05.252+0000] {dag.py:3036} INFO - Sync 1 DAGs
[2026-01-01T21:06:05.276+0000] {logging_mixin.py:188} INFO - [2026-01-01T21:06:05.276+0000] {dag.py:3823} INFO - Setting next_dagrun for rugby_pipeline to 2025-12-31 00:00:00+00:00, run_after=2026-01-01 00:00:00+00:00
[2026-01-01T21:06:05.297+0000] {processor.py:183} INFO - Processing /opt/airflow/dags/rugby_pipeline.py took 0.105 seconds
[2026-01-01T21:06:35.714+0000] {processor.py:161} INFO - Started process (PID=20811) to work on /opt/airflow/dags/rugby_pipeline.py
[2026-01-01T21:06:35.715+0000] {processor.py:830} INFO - Processing file /opt/airflow/dags/rugby_pipeline.py for tasks to queue
[2026-01-01T21:06:35.716+0000] {logging_mixin.py:188} INFO - [2026-01-01T21:06:35.716+0000] {dagbag.py:538} INFO - Filling up the DagBag from /opt/airflow/dags/rugby_pipeline.py
[2026-01-01T21:06:35.736+0000] {processor.py:840} INFO - DAG(s) 'rugby_pipeline' retrieved from /opt/airflow/dags/rugby_pipeline.py
[2026-01-01T21:06:35.763+0000] {logging_mixin.py:188} INFO - [2026-01-01T21:06:35.763+0000] {dag.py:3036} INFO - Sync 1 DAGs
[2026-01-01T21:06:35.785+0000] {logging_mixin.py:188} INFO - [2026-01-01T21:06:35.785+0000] {dag.py:3823} INFO - Setting next_dagrun for rugby_pipeline to 2025-12-31 00:00:00+00:00, run_after=2026-01-01 00:00:00+00:00
[2026-01-01T21:06:35.815+0000] {processor.py:183} INFO - Processing /opt/airflow/dags/rugby_pipeline.py took 0.105 seconds
[2026-01-01T21:07:06.238+0000] {processor.py:161} INFO - Started process (PID=20831) to work on /opt/airflow/dags/rugby_pipeline.py
[2026-01-01T21:07:06.240+0000] {processor.py:830} INFO - Processing file /opt/airflow/dags/rugby_pipeline.py for tasks to queue
[2026-01-01T21:07:06.241+0000] {logging_mixin.py:188} INFO - [2026-01-01T21:07:06.240+0000] {dagbag.py:538} INFO - Filling up the DagBag from /opt/airflow/dags/rugby_pipeline.py
[2026-01-01T21:07:06.263+0000] {processor.py:840} INFO - DAG(s) 'rugby_pipeline' retrieved from /opt/airflow/dags/rugby_pipeline.py
[2026-01-01T21:07:06.289+0000] {logging_mixin.py:188} INFO - [2026-01-01T21:07:06.289+0000] {dag.py:3036} INFO - Sync 1 DAGs
[2026-01-01T21:07:06.310+0000] {logging_mixin.py:188} INFO - [2026-01-01T21:07:06.310+0000] {dag.py:3823} INFO - Setting next_dagrun for rugby_pipeline to 2025-12-31 00:00:00+00:00, run_after=2026-01-01 00:00:00+00:00
[2026-01-01T21:07:06.329+0000] {processor.py:183} INFO - Processing /opt/airflow/dags/rugby_pipeline.py took 0.094 seconds
[2026-01-01T21:07:36.769+0000] {processor.py:161} INFO - Started process (PID=20851) to work on /opt/airflow/dags/rugby_pipeline.py
[2026-01-01T21:07:36.770+0000] {processor.py:830} INFO - Processing file /opt/airflow/dags/rugby_pipeline.py for tasks to queue
[2026-01-01T21:07:36.771+0000] {logging_mixin.py:188} INFO - [2026-01-01T21:07:36.771+0000] {dagbag.py:538} INFO - Filling up the DagBag from /opt/airflow/dags/rugby_pipeline.py
[2026-01-01T21:07:36.790+0000] {processor.py:840} INFO - DAG(s) 'rugby_pipeline' retrieved from /opt/airflow/dags/rugby_pipeline.py
[2026-01-01T21:07:36.815+0000] {logging_mixin.py:188} INFO - [2026-01-01T21:07:36.815+0000] {dag.py:3036} INFO - Sync 1 DAGs
[2026-01-01T21:07:36.836+0000] {logging_mixin.py:188} INFO - [2026-01-01T21:07:36.836+0000] {dag.py:3823} INFO - Setting next_dagrun for rugby_pipeline to 2025-12-31 00:00:00+00:00, run_after=2026-01-01 00:00:00+00:00
[2026-01-01T21:07:36.866+0000] {processor.py:183} INFO - Processing /opt/airflow/dags/rugby_pipeline.py took 0.100 seconds
[2026-01-01T21:08:07.234+0000] {processor.py:161} INFO - Started process (PID=20871) to work on /opt/airflow/dags/rugby_pipeline.py
[2026-01-01T21:08:07.235+0000] {processor.py:830} INFO - Processing file /opt/airflow/dags/rugby_pipeline.py for tasks to queue
[2026-01-01T21:08:07.236+0000] {logging_mixin.py:188} INFO - [2026-01-01T21:08:07.236+0000] {dagbag.py:538} INFO - Filling up the DagBag from /opt/airflow/dags/rugby_pipeline.py
[2026-01-01T21:08:07.257+0000] {processor.py:840} INFO - DAG(s) 'rugby_pipeline' retrieved from /opt/airflow/dags/rugby_pipeline.py
[2026-01-01T21:08:07.278+0000] {logging_mixin.py:188} INFO - [2026-01-01T21:08:07.277+0000] {dag.py:3036} INFO - Sync 1 DAGs
[2026-01-01T21:08:07.300+0000] {logging_mixin.py:188} INFO - [2026-01-01T21:08:07.299+0000] {dag.py:3823} INFO - Setting next_dagrun for rugby_pipeline to 2025-12-31 00:00:00+00:00, run_after=2026-01-01 00:00:00+00:00
[2026-01-01T21:08:07.317+0000] {processor.py:183} INFO - Processing /opt/airflow/dags/rugby_pipeline.py took 0.086 seconds
[2026-01-01T21:08:37.652+0000] {processor.py:161} INFO - Started process (PID=20891) to work on /opt/airflow/dags/rugby_pipeline.py
[2026-01-01T21:08:37.653+0000] {processor.py:830} INFO - Processing file /opt/airflow/dags/rugby_pipeline.py for tasks to queue
[2026-01-01T21:08:37.654+0000] {logging_mixin.py:188} INFO - [2026-01-01T21:08:37.654+0000] {dagbag.py:538} INFO - Filling up the DagBag from /opt/airflow/dags/rugby_pipeline.py
[2026-01-01T21:08:37.677+0000] {processor.py:840} INFO - DAG(s) 'rugby_pipeline' retrieved from /opt/airflow/dags/rugby_pipeline.py
[2026-01-01T21:08:37.701+0000] {logging_mixin.py:188} INFO - [2026-01-01T21:08:37.701+0000] {dag.py:3036} INFO - Sync 1 DAGs
[2026-01-01T21:08:37.724+0000] {logging_mixin.py:188} INFO - [2026-01-01T21:08:37.723+0000] {dag.py:3823} INFO - Setting next_dagrun for rugby_pipeline to 2025-12-31 00:00:00+00:00, run_after=2026-01-01 00:00:00+00:00
[2026-01-01T21:08:37.754+0000] {processor.py:183} INFO - Processing /opt/airflow/dags/rugby_pipeline.py took 0.106 seconds
[2026-01-01T21:09:08.184+0000] {processor.py:161} INFO - Started process (PID=20911) to work on /opt/airflow/dags/rugby_pipeline.py
[2026-01-01T21:09:08.185+0000] {processor.py:830} INFO - Processing file /opt/airflow/dags/rugby_pipeline.py for tasks to queue
[2026-01-01T21:09:08.186+0000] {logging_mixin.py:188} INFO - [2026-01-01T21:09:08.186+0000] {dagbag.py:538} INFO - Filling up the DagBag from /opt/airflow/dags/rugby_pipeline.py
[2026-01-01T21:09:08.208+0000] {processor.py:840} INFO - DAG(s) 'rugby_pipeline' retrieved from /opt/airflow/dags/rugby_pipeline.py
[2026-01-01T21:09:08.234+0000] {logging_mixin.py:188} INFO - [2026-01-01T21:09:08.234+0000] {dag.py:3036} INFO - Sync 1 DAGs
[2026-01-01T21:09:08.255+0000] {logging_mixin.py:188} INFO - [2026-01-01T21:09:08.254+0000] {dag.py:3823} INFO - Setting next_dagrun for rugby_pipeline to 2025-12-31 00:00:00+00:00, run_after=2026-01-01 00:00:00+00:00
[2026-01-01T21:09:08.284+0000] {processor.py:183} INFO - Processing /opt/airflow/dags/rugby_pipeline.py took 0.103 seconds
[2026-01-01T21:09:38.723+0000] {processor.py:161} INFO - Started process (PID=20931) to work on /opt/airflow/dags/rugby_pipeline.py
[2026-01-01T21:09:38.725+0000] {processor.py:830} INFO - Processing file /opt/airflow/dags/rugby_pipeline.py for tasks to queue
[2026-01-01T21:09:38.726+0000] {logging_mixin.py:188} INFO - [2026-01-01T21:09:38.725+0000] {dagbag.py:538} INFO - Filling up the DagBag from /opt/airflow/dags/rugby_pipeline.py
[2026-01-01T21:09:38.745+0000] {processor.py:840} INFO - DAG(s) 'rugby_pipeline' retrieved from /opt/airflow/dags/rugby_pipeline.py
[2026-01-01T21:09:38.770+0000] {logging_mixin.py:188} INFO - [2026-01-01T21:09:38.770+0000] {dag.py:3036} INFO - Sync 1 DAGs
[2026-01-01T21:09:38.792+0000] {logging_mixin.py:188} INFO - [2026-01-01T21:09:38.792+0000] {dag.py:3823} INFO - Setting next_dagrun for rugby_pipeline to 2025-12-31 00:00:00+00:00, run_after=2026-01-01 00:00:00+00:00
[2026-01-01T21:09:38.810+0000] {processor.py:183} INFO - Processing /opt/airflow/dags/rugby_pipeline.py took 0.091 seconds
[2026-01-01T21:10:09.156+0000] {processor.py:161} INFO - Started process (PID=20951) to work on /opt/airflow/dags/rugby_pipeline.py
[2026-01-01T21:10:09.157+0000] {processor.py:830} INFO - Processing file /opt/airflow/dags/rugby_pipeline.py for tasks to queue
[2026-01-01T21:10:09.158+0000] {logging_mixin.py:188} INFO - [2026-01-01T21:10:09.158+0000] {dagbag.py:538} INFO - Filling up the DagBag from /opt/airflow/dags/rugby_pipeline.py
[2026-01-01T21:10:09.179+0000] {processor.py:840} INFO - DAG(s) 'rugby_pipeline' retrieved from /opt/airflow/dags/rugby_pipeline.py
[2026-01-01T21:10:09.201+0000] {logging_mixin.py:188} INFO - [2026-01-01T21:10:09.200+0000] {dag.py:3036} INFO - Sync 1 DAGs
[2026-01-01T21:10:09.222+0000] {logging_mixin.py:188} INFO - [2026-01-01T21:10:09.222+0000] {dag.py:3823} INFO - Setting next_dagrun for rugby_pipeline to 2025-12-31 00:00:00+00:00, run_after=2026-01-01 00:00:00+00:00
[2026-01-01T21:10:09.251+0000] {processor.py:183} INFO - Processing /opt/airflow/dags/rugby_pipeline.py took 0.098 seconds
[2026-01-01T21:10:39.588+0000] {processor.py:161} INFO - Started process (PID=20971) to work on /opt/airflow/dags/rugby_pipeline.py
[2026-01-01T21:10:39.589+0000] {processor.py:830} INFO - Processing file /opt/airflow/dags/rugby_pipeline.py for tasks to queue
[2026-01-01T21:10:39.590+0000] {logging_mixin.py:188} INFO - [2026-01-01T21:10:39.590+0000] {dagbag.py:538} INFO - Filling up the DagBag from /opt/airflow/dags/rugby_pipeline.py
[2026-01-01T21:10:39.610+0000] {processor.py:840} INFO - DAG(s) 'rugby_pipeline' retrieved from /opt/airflow/dags/rugby_pipeline.py
[2026-01-01T21:10:39.634+0000] {logging_mixin.py:188} INFO - [2026-01-01T21:10:39.634+0000] {dag.py:3036} INFO - Sync 1 DAGs
[2026-01-01T21:10:39.659+0000] {logging_mixin.py:188} INFO - [2026-01-01T21:10:39.659+0000] {dag.py:3823} INFO - Setting next_dagrun for rugby_pipeline to 2025-12-31 00:00:00+00:00, run_after=2026-01-01 00:00:00+00:00
[2026-01-01T21:10:39.680+0000] {processor.py:183} INFO - Processing /opt/airflow/dags/rugby_pipeline.py took 0.097 seconds
[2026-01-01T21:11:10.015+0000] {processor.py:161} INFO - Started process (PID=20991) to work on /opt/airflow/dags/rugby_pipeline.py
[2026-01-01T21:11:10.016+0000] {processor.py:830} INFO - Processing file /opt/airflow/dags/rugby_pipeline.py for tasks to queue
[2026-01-01T21:11:10.017+0000] {logging_mixin.py:188} INFO - [2026-01-01T21:11:10.017+0000] {dagbag.py:538} INFO - Filling up the DagBag from /opt/airflow/dags/rugby_pipeline.py
[2026-01-01T21:11:10.038+0000] {processor.py:840} INFO - DAG(s) 'rugby_pipeline' retrieved from /opt/airflow/dags/rugby_pipeline.py
[2026-01-01T21:11:10.059+0000] {logging_mixin.py:188} INFO - [2026-01-01T21:11:10.059+0000] {dag.py:3036} INFO - Sync 1 DAGs
[2026-01-01T21:11:10.081+0000] {logging_mixin.py:188} INFO - [2026-01-01T21:11:10.081+0000] {dag.py:3823} INFO - Setting next_dagrun for rugby_pipeline to 2025-12-31 00:00:00+00:00, run_after=2026-01-01 00:00:00+00:00
[2026-01-01T21:11:10.099+0000] {processor.py:183} INFO - Processing /opt/airflow/dags/rugby_pipeline.py took 0.087 seconds
[2026-01-01T21:11:40.541+0000] {processor.py:161} INFO - Started process (PID=21011) to work on /opt/airflow/dags/rugby_pipeline.py
[2026-01-01T21:11:40.542+0000] {processor.py:830} INFO - Processing file /opt/airflow/dags/rugby_pipeline.py for tasks to queue
[2026-01-01T21:11:40.543+0000] {logging_mixin.py:188} INFO - [2026-01-01T21:11:40.543+0000] {dagbag.py:538} INFO - Filling up the DagBag from /opt/airflow/dags/rugby_pipeline.py
[2026-01-01T21:11:40.562+0000] {processor.py:840} INFO - DAG(s) 'rugby_pipeline' retrieved from /opt/airflow/dags/rugby_pipeline.py
[2026-01-01T21:11:40.585+0000] {logging_mixin.py:188} INFO - [2026-01-01T21:11:40.585+0000] {dag.py:3036} INFO - Sync 1 DAGs
[2026-01-01T21:11:40.606+0000] {logging_mixin.py:188} INFO - [2026-01-01T21:11:40.606+0000] {dag.py:3823} INFO - Setting next_dagrun for rugby_pipeline to 2025-12-31 00:00:00+00:00, run_after=2026-01-01 00:00:00+00:00
[2026-01-01T21:11:40.635+0000] {processor.py:183} INFO - Processing /opt/airflow/dags/rugby_pipeline.py took 0.097 seconds
[2026-01-01T21:12:10.966+0000] {processor.py:161} INFO - Started process (PID=21031) to work on /opt/airflow/dags/rugby_pipeline.py
[2026-01-01T21:12:10.967+0000] {processor.py:830} INFO - Processing file /opt/airflow/dags/rugby_pipeline.py for tasks to queue
[2026-01-01T21:12:10.968+0000] {logging_mixin.py:188} INFO - [2026-01-01T21:12:10.967+0000] {dagbag.py:538} INFO - Filling up the DagBag from /opt/airflow/dags/rugby_pipeline.py
[2026-01-01T21:12:10.986+0000] {processor.py:840} INFO - DAG(s) 'rugby_pipeline' retrieved from /opt/airflow/dags/rugby_pipeline.py
[2026-01-01T21:12:11.007+0000] {logging_mixin.py:188} INFO - [2026-01-01T21:12:11.006+0000] {dag.py:3036} INFO - Sync 1 DAGs
[2026-01-01T21:12:11.027+0000] {logging_mixin.py:188} INFO - [2026-01-01T21:12:11.027+0000] {dag.py:3823} INFO - Setting next_dagrun for rugby_pipeline to 2025-12-31 00:00:00+00:00, run_after=2026-01-01 00:00:00+00:00
[2026-01-01T21:12:11.057+0000] {processor.py:183} INFO - Processing /opt/airflow/dags/rugby_pipeline.py took 0.095 seconds
[2026-01-01T21:12:41.382+0000] {processor.py:161} INFO - Started process (PID=21051) to work on /opt/airflow/dags/rugby_pipeline.py
[2026-01-01T21:12:41.383+0000] {processor.py:830} INFO - Processing file /opt/airflow/dags/rugby_pipeline.py for tasks to queue
[2026-01-01T21:12:41.384+0000] {logging_mixin.py:188} INFO - [2026-01-01T21:12:41.384+0000] {dagbag.py:538} INFO - Filling up the DagBag from /opt/airflow/dags/rugby_pipeline.py
[2026-01-01T21:12:41.404+0000] {processor.py:840} INFO - DAG(s) 'rugby_pipeline' retrieved from /opt/airflow/dags/rugby_pipeline.py
[2026-01-01T21:12:41.425+0000] {logging_mixin.py:188} INFO - [2026-01-01T21:12:41.425+0000] {dag.py:3036} INFO - Sync 1 DAGs
[2026-01-01T21:12:41.446+0000] {logging_mixin.py:188} INFO - [2026-01-01T21:12:41.445+0000] {dag.py:3823} INFO - Setting next_dagrun for rugby_pipeline to 2025-12-31 00:00:00+00:00, run_after=2026-01-01 00:00:00+00:00
[2026-01-01T21:12:41.467+0000] {processor.py:183} INFO - Processing /opt/airflow/dags/rugby_pipeline.py took 0.088 seconds
[2026-01-01T21:13:11.857+0000] {processor.py:161} INFO - Started process (PID=21071) to work on /opt/airflow/dags/rugby_pipeline.py
[2026-01-01T21:13:11.859+0000] {processor.py:830} INFO - Processing file /opt/airflow/dags/rugby_pipeline.py for tasks to queue
[2026-01-01T21:13:11.860+0000] {logging_mixin.py:188} INFO - [2026-01-01T21:13:11.859+0000] {dagbag.py:538} INFO - Filling up the DagBag from /opt/airflow/dags/rugby_pipeline.py
[2026-01-01T21:13:11.880+0000] {processor.py:840} INFO - DAG(s) 'rugby_pipeline' retrieved from /opt/airflow/dags/rugby_pipeline.py
[2026-01-01T21:13:11.902+0000] {logging_mixin.py:188} INFO - [2026-01-01T21:13:11.902+0000] {dag.py:3036} INFO - Sync 1 DAGs
[2026-01-01T21:13:11.923+0000] {logging_mixin.py:188} INFO - [2026-01-01T21:13:11.923+0000] {dag.py:3823} INFO - Setting next_dagrun for rugby_pipeline to 2025-12-31 00:00:00+00:00, run_after=2026-01-01 00:00:00+00:00
[2026-01-01T21:13:11.951+0000] {processor.py:183} INFO - Processing /opt/airflow/dags/rugby_pipeline.py took 0.098 seconds
[2026-01-01T21:13:42.398+0000] {processor.py:161} INFO - Started process (PID=21091) to work on /opt/airflow/dags/rugby_pipeline.py
[2026-01-01T21:13:42.399+0000] {processor.py:830} INFO - Processing file /opt/airflow/dags/rugby_pipeline.py for tasks to queue
[2026-01-01T21:13:42.400+0000] {logging_mixin.py:188} INFO - [2026-01-01T21:13:42.400+0000] {dagbag.py:538} INFO - Filling up the DagBag from /opt/airflow/dags/rugby_pipeline.py
[2026-01-01T21:13:42.421+0000] {processor.py:840} INFO - DAG(s) 'rugby_pipeline' retrieved from /opt/airflow/dags/rugby_pipeline.py
[2026-01-01T21:13:42.449+0000] {logging_mixin.py:188} INFO - [2026-01-01T21:13:42.448+0000] {dag.py:3036} INFO - Sync 1 DAGs
[2026-01-01T21:13:42.470+0000] {logging_mixin.py:188} INFO - [2026-01-01T21:13:42.469+0000] {dag.py:3823} INFO - Setting next_dagrun for rugby_pipeline to 2025-12-31 00:00:00+00:00, run_after=2026-01-01 00:00:00+00:00
[2026-01-01T21:13:42.488+0000] {processor.py:183} INFO - Processing /opt/airflow/dags/rugby_pipeline.py took 0.094 seconds
[2026-01-01T21:14:12.830+0000] {processor.py:161} INFO - Started process (PID=21111) to work on /opt/airflow/dags/rugby_pipeline.py
[2026-01-01T21:14:12.831+0000] {processor.py:830} INFO - Processing file /opt/airflow/dags/rugby_pipeline.py for tasks to queue
[2026-01-01T21:14:12.832+0000] {logging_mixin.py:188} INFO - [2026-01-01T21:14:12.832+0000] {dagbag.py:538} INFO - Filling up the DagBag from /opt/airflow/dags/rugby_pipeline.py
[2026-01-01T21:14:12.852+0000] {processor.py:840} INFO - DAG(s) 'rugby_pipeline' retrieved from /opt/airflow/dags/rugby_pipeline.py
[2026-01-01T21:14:12.874+0000] {logging_mixin.py:188} INFO - [2026-01-01T21:14:12.874+0000] {dag.py:3036} INFO - Sync 1 DAGs
[2026-01-01T21:14:12.894+0000] {logging_mixin.py:188} INFO - [2026-01-01T21:14:12.894+0000] {dag.py:3823} INFO - Setting next_dagrun for rugby_pipeline to 2025-12-31 00:00:00+00:00, run_after=2026-01-01 00:00:00+00:00
[2026-01-01T21:14:12.914+0000] {processor.py:183} INFO - Processing /opt/airflow/dags/rugby_pipeline.py took 0.087 seconds
[2026-01-01T21:14:43.275+0000] {processor.py:161} INFO - Started process (PID=21131) to work on /opt/airflow/dags/rugby_pipeline.py
[2026-01-01T21:14:43.276+0000] {processor.py:830} INFO - Processing file /opt/airflow/dags/rugby_pipeline.py for tasks to queue
[2026-01-01T21:14:43.277+0000] {logging_mixin.py:188} INFO - [2026-01-01T21:14:43.277+0000] {dagbag.py:538} INFO - Filling up the DagBag from /opt/airflow/dags/rugby_pipeline.py
[2026-01-01T21:14:43.298+0000] {processor.py:840} INFO - DAG(s) 'rugby_pipeline' retrieved from /opt/airflow/dags/rugby_pipeline.py
[2026-01-01T21:14:43.324+0000] {logging_mixin.py:188} INFO - [2026-01-01T21:14:43.324+0000] {dag.py:3036} INFO - Sync 1 DAGs
[2026-01-01T21:14:43.345+0000] {logging_mixin.py:188} INFO - [2026-01-01T21:14:43.345+0000] {dag.py:3823} INFO - Setting next_dagrun for rugby_pipeline to 2025-12-31 00:00:00+00:00, run_after=2026-01-01 00:00:00+00:00
[2026-01-01T21:14:43.375+0000] {processor.py:183} INFO - Processing /opt/airflow/dags/rugby_pipeline.py took 0.104 seconds
[2026-01-01T21:15:13.699+0000] {processor.py:161} INFO - Started process (PID=21151) to work on /opt/airflow/dags/rugby_pipeline.py
[2026-01-01T21:15:13.700+0000] {processor.py:830} INFO - Processing file /opt/airflow/dags/rugby_pipeline.py for tasks to queue
[2026-01-01T21:15:13.701+0000] {logging_mixin.py:188} INFO - [2026-01-01T21:15:13.701+0000] {dagbag.py:538} INFO - Filling up the DagBag from /opt/airflow/dags/rugby_pipeline.py
[2026-01-01T21:15:13.720+0000] {processor.py:840} INFO - DAG(s) 'rugby_pipeline' retrieved from /opt/airflow/dags/rugby_pipeline.py
[2026-01-01T21:15:13.747+0000] {logging_mixin.py:188} INFO - [2026-01-01T21:15:13.747+0000] {dag.py:3036} INFO - Sync 1 DAGs
[2026-01-01T21:15:13.769+0000] {logging_mixin.py:188} INFO - [2026-01-01T21:15:13.769+0000] {dag.py:3823} INFO - Setting next_dagrun for rugby_pipeline to 2025-12-31 00:00:00+00:00, run_after=2026-01-01 00:00:00+00:00
[2026-01-01T21:15:13.797+0000] {processor.py:183} INFO - Processing /opt/airflow/dags/rugby_pipeline.py took 0.101 seconds
[2026-01-01T21:15:44.120+0000] {processor.py:161} INFO - Started process (PID=21171) to work on /opt/airflow/dags/rugby_pipeline.py
[2026-01-01T21:15:44.121+0000] {processor.py:830} INFO - Processing file /opt/airflow/dags/rugby_pipeline.py for tasks to queue
[2026-01-01T21:15:44.122+0000] {logging_mixin.py:188} INFO - [2026-01-01T21:15:44.122+0000] {dagbag.py:538} INFO - Filling up the DagBag from /opt/airflow/dags/rugby_pipeline.py
[2026-01-01T21:15:44.142+0000] {processor.py:840} INFO - DAG(s) 'rugby_pipeline' retrieved from /opt/airflow/dags/rugby_pipeline.py
[2026-01-01T21:15:44.164+0000] {logging_mixin.py:188} INFO - [2026-01-01T21:15:44.164+0000] {dag.py:3036} INFO - Sync 1 DAGs
[2026-01-01T21:15:44.185+0000] {logging_mixin.py:188} INFO - [2026-01-01T21:15:44.185+0000] {dag.py:3823} INFO - Setting next_dagrun for rugby_pipeline to 2025-12-31 00:00:00+00:00, run_after=2026-01-01 00:00:00+00:00
[2026-01-01T21:15:44.203+0000] {processor.py:183} INFO - Processing /opt/airflow/dags/rugby_pipeline.py took 0.086 seconds
[2026-01-01T21:16:14.666+0000] {processor.py:161} INFO - Started process (PID=21191) to work on /opt/airflow/dags/rugby_pipeline.py
[2026-01-01T21:16:14.667+0000] {processor.py:830} INFO - Processing file /opt/airflow/dags/rugby_pipeline.py for tasks to queue
[2026-01-01T21:16:14.668+0000] {logging_mixin.py:188} INFO - [2026-01-01T21:16:14.668+0000] {dagbag.py:538} INFO - Filling up the DagBag from /opt/airflow/dags/rugby_pipeline.py
[2026-01-01T21:16:14.689+0000] {processor.py:840} INFO - DAG(s) 'rugby_pipeline' retrieved from /opt/airflow/dags/rugby_pipeline.py
[2026-01-01T21:16:14.718+0000] {logging_mixin.py:188} INFO - [2026-01-01T21:16:14.717+0000] {dag.py:3036} INFO - Sync 1 DAGs
[2026-01-01T21:16:14.739+0000] {logging_mixin.py:188} INFO - [2026-01-01T21:16:14.739+0000] {dag.py:3823} INFO - Setting next_dagrun for rugby_pipeline to 2025-12-31 00:00:00+00:00, run_after=2026-01-01 00:00:00+00:00
[2026-01-01T21:16:14.757+0000] {processor.py:183} INFO - Processing /opt/airflow/dags/rugby_pipeline.py took 0.094 seconds
[2026-01-01T21:16:45.090+0000] {processor.py:161} INFO - Started process (PID=21211) to work on /opt/airflow/dags/rugby_pipeline.py
[2026-01-01T21:16:45.091+0000] {processor.py:830} INFO - Processing file /opt/airflow/dags/rugby_pipeline.py for tasks to queue
[2026-01-01T21:16:45.092+0000] {logging_mixin.py:188} INFO - [2026-01-01T21:16:45.091+0000] {dagbag.py:538} INFO - Filling up the DagBag from /opt/airflow/dags/rugby_pipeline.py
[2026-01-01T21:16:45.111+0000] {processor.py:840} INFO - DAG(s) 'rugby_pipeline' retrieved from /opt/airflow/dags/rugby_pipeline.py
[2026-01-01T21:16:45.132+0000] {logging_mixin.py:188} INFO - [2026-01-01T21:16:45.132+0000] {dag.py:3036} INFO - Sync 1 DAGs
[2026-01-01T21:16:45.153+0000] {logging_mixin.py:188} INFO - [2026-01-01T21:16:45.153+0000] {dag.py:3823} INFO - Setting next_dagrun for rugby_pipeline to 2025-12-31 00:00:00+00:00, run_after=2026-01-01 00:00:00+00:00
[2026-01-01T21:16:45.170+0000] {processor.py:183} INFO - Processing /opt/airflow/dags/rugby_pipeline.py took 0.084 seconds
[2026-01-01T21:17:15.510+0000] {processor.py:161} INFO - Started process (PID=21231) to work on /opt/airflow/dags/rugby_pipeline.py
[2026-01-01T21:17:15.512+0000] {processor.py:830} INFO - Processing file /opt/airflow/dags/rugby_pipeline.py for tasks to queue
[2026-01-01T21:17:15.513+0000] {logging_mixin.py:188} INFO - [2026-01-01T21:17:15.512+0000] {dagbag.py:538} INFO - Filling up the DagBag from /opt/airflow/dags/rugby_pipeline.py
[2026-01-01T21:17:15.532+0000] {processor.py:840} INFO - DAG(s) 'rugby_pipeline' retrieved from /opt/airflow/dags/rugby_pipeline.py
[2026-01-01T21:17:15.553+0000] {logging_mixin.py:188} INFO - [2026-01-01T21:17:15.553+0000] {dag.py:3036} INFO - Sync 1 DAGs
[2026-01-01T21:17:15.574+0000] {logging_mixin.py:188} INFO - [2026-01-01T21:17:15.574+0000] {dag.py:3823} INFO - Setting next_dagrun for rugby_pipeline to 2025-12-31 00:00:00+00:00, run_after=2026-01-01 00:00:00+00:00
[2026-01-01T21:17:15.605+0000] {processor.py:183} INFO - Processing /opt/airflow/dags/rugby_pipeline.py took 0.098 seconds
[2026-01-01T21:17:45.924+0000] {processor.py:161} INFO - Started process (PID=21251) to work on /opt/airflow/dags/rugby_pipeline.py
[2026-01-01T21:17:45.925+0000] {processor.py:830} INFO - Processing file /opt/airflow/dags/rugby_pipeline.py for tasks to queue
[2026-01-01T21:17:45.926+0000] {logging_mixin.py:188} INFO - [2026-01-01T21:17:45.926+0000] {dagbag.py:538} INFO - Filling up the DagBag from /opt/airflow/dags/rugby_pipeline.py
[2026-01-01T21:17:45.947+0000] {processor.py:840} INFO - DAG(s) 'rugby_pipeline' retrieved from /opt/airflow/dags/rugby_pipeline.py
[2026-01-01T21:17:45.968+0000] {logging_mixin.py:188} INFO - [2026-01-01T21:17:45.968+0000] {dag.py:3036} INFO - Sync 1 DAGs
[2026-01-01T21:17:45.988+0000] {logging_mixin.py:188} INFO - [2026-01-01T21:17:45.988+0000] {dag.py:3823} INFO - Setting next_dagrun for rugby_pipeline to 2025-12-31 00:00:00+00:00, run_after=2026-01-01 00:00:00+00:00
[2026-01-01T21:17:46.017+0000] {processor.py:183} INFO - Processing /opt/airflow/dags/rugby_pipeline.py took 0.096 seconds
[2026-01-01T21:18:16.406+0000] {processor.py:161} INFO - Started process (PID=21271) to work on /opt/airflow/dags/rugby_pipeline.py
[2026-01-01T21:18:16.407+0000] {processor.py:830} INFO - Processing file /opt/airflow/dags/rugby_pipeline.py for tasks to queue
[2026-01-01T21:18:16.408+0000] {logging_mixin.py:188} INFO - [2026-01-01T21:18:16.407+0000] {dagbag.py:538} INFO - Filling up the DagBag from /opt/airflow/dags/rugby_pipeline.py
[2026-01-01T21:18:16.427+0000] {processor.py:840} INFO - DAG(s) 'rugby_pipeline' retrieved from /opt/airflow/dags/rugby_pipeline.py
[2026-01-01T21:18:16.449+0000] {logging_mixin.py:188} INFO - [2026-01-01T21:18:16.449+0000] {dag.py:3036} INFO - Sync 1 DAGs
[2026-01-01T21:18:16.470+0000] {logging_mixin.py:188} INFO - [2026-01-01T21:18:16.470+0000] {dag.py:3823} INFO - Setting next_dagrun for rugby_pipeline to 2025-12-31 00:00:00+00:00, run_after=2026-01-01 00:00:00+00:00
[2026-01-01T21:18:16.497+0000] {processor.py:183} INFO - Processing /opt/airflow/dags/rugby_pipeline.py took 0.095 seconds
[2026-01-01T21:18:46.822+0000] {processor.py:161} INFO - Started process (PID=21291) to work on /opt/airflow/dags/rugby_pipeline.py
[2026-01-01T21:18:46.824+0000] {processor.py:830} INFO - Processing file /opt/airflow/dags/rugby_pipeline.py for tasks to queue
[2026-01-01T21:18:46.824+0000] {logging_mixin.py:188} INFO - [2026-01-01T21:18:46.824+0000] {dagbag.py:538} INFO - Filling up the DagBag from /opt/airflow/dags/rugby_pipeline.py
[2026-01-01T21:18:46.843+0000] {processor.py:840} INFO - DAG(s) 'rugby_pipeline' retrieved from /opt/airflow/dags/rugby_pipeline.py
[2026-01-01T21:18:46.865+0000] {logging_mixin.py:188} INFO - [2026-01-01T21:18:46.865+0000] {dag.py:3036} INFO - Sync 1 DAGs
[2026-01-01T21:18:46.886+0000] {logging_mixin.py:188} INFO - [2026-01-01T21:18:46.886+0000] {dag.py:3823} INFO - Setting next_dagrun for rugby_pipeline to 2025-12-31 00:00:00+00:00, run_after=2026-01-01 00:00:00+00:00
[2026-01-01T21:18:46.902+0000] {processor.py:183} INFO - Processing /opt/airflow/dags/rugby_pipeline.py took 0.083 seconds
[2026-01-01T21:19:17.354+0000] {processor.py:161} INFO - Started process (PID=21311) to work on /opt/airflow/dags/rugby_pipeline.py
[2026-01-01T21:19:17.355+0000] {processor.py:830} INFO - Processing file /opt/airflow/dags/rugby_pipeline.py for tasks to queue
[2026-01-01T21:19:17.356+0000] {logging_mixin.py:188} INFO - [2026-01-01T21:19:17.355+0000] {dagbag.py:538} INFO - Filling up the DagBag from /opt/airflow/dags/rugby_pipeline.py
[2026-01-01T21:19:17.375+0000] {processor.py:840} INFO - DAG(s) 'rugby_pipeline' retrieved from /opt/airflow/dags/rugby_pipeline.py
[2026-01-01T21:19:17.400+0000] {logging_mixin.py:188} INFO - [2026-01-01T21:19:17.400+0000] {dag.py:3036} INFO - Sync 1 DAGs
[2026-01-01T21:19:17.421+0000] {logging_mixin.py:188} INFO - [2026-01-01T21:19:17.421+0000] {dag.py:3823} INFO - Setting next_dagrun for rugby_pipeline to 2025-12-31 00:00:00+00:00, run_after=2026-01-01 00:00:00+00:00
[2026-01-01T21:19:17.451+0000] {processor.py:183} INFO - Processing /opt/airflow/dags/rugby_pipeline.py took 0.102 seconds
[2026-01-01T21:19:47.785+0000] {processor.py:161} INFO - Started process (PID=21331) to work on /opt/airflow/dags/rugby_pipeline.py
[2026-01-01T21:19:47.786+0000] {processor.py:830} INFO - Processing file /opt/airflow/dags/rugby_pipeline.py for tasks to queue
[2026-01-01T21:19:47.787+0000] {logging_mixin.py:188} INFO - [2026-01-01T21:19:47.787+0000] {dagbag.py:538} INFO - Filling up the DagBag from /opt/airflow/dags/rugby_pipeline.py
[2026-01-01T21:19:47.807+0000] {processor.py:840} INFO - DAG(s) 'rugby_pipeline' retrieved from /opt/airflow/dags/rugby_pipeline.py
[2026-01-01T21:19:47.829+0000] {logging_mixin.py:188} INFO - [2026-01-01T21:19:47.829+0000] {dag.py:3036} INFO - Sync 1 DAGs
[2026-01-01T21:19:47.850+0000] {logging_mixin.py:188} INFO - [2026-01-01T21:19:47.850+0000] {dag.py:3823} INFO - Setting next_dagrun for rugby_pipeline to 2025-12-31 00:00:00+00:00, run_after=2026-01-01 00:00:00+00:00
[2026-01-01T21:19:47.880+0000] {processor.py:183} INFO - Processing /opt/airflow/dags/rugby_pipeline.py took 0.098 seconds
[2026-01-01T21:20:18.204+0000] {processor.py:161} INFO - Started process (PID=21351) to work on /opt/airflow/dags/rugby_pipeline.py
[2026-01-01T21:20:18.205+0000] {processor.py:830} INFO - Processing file /opt/airflow/dags/rugby_pipeline.py for tasks to queue
[2026-01-01T21:20:18.206+0000] {logging_mixin.py:188} INFO - [2026-01-01T21:20:18.206+0000] {dagbag.py:538} INFO - Filling up the DagBag from /opt/airflow/dags/rugby_pipeline.py
[2026-01-01T21:20:18.228+0000] {processor.py:840} INFO - DAG(s) 'rugby_pipeline' retrieved from /opt/airflow/dags/rugby_pipeline.py
[2026-01-01T21:20:18.254+0000] {logging_mixin.py:188} INFO - [2026-01-01T21:20:18.253+0000] {dag.py:3036} INFO - Sync 1 DAGs
[2026-01-01T21:20:18.276+0000] {logging_mixin.py:188} INFO - [2026-01-01T21:20:18.276+0000] {dag.py:3823} INFO - Setting next_dagrun for rugby_pipeline to 2025-12-31 00:00:00+00:00, run_after=2026-01-01 00:00:00+00:00
[2026-01-01T21:20:18.306+0000] {processor.py:183} INFO - Processing /opt/airflow/dags/rugby_pipeline.py took 0.106 seconds
[2026-01-01T21:20:48.740+0000] {processor.py:161} INFO - Started process (PID=21371) to work on /opt/airflow/dags/rugby_pipeline.py
[2026-01-01T21:20:48.741+0000] {processor.py:830} INFO - Processing file /opt/airflow/dags/rugby_pipeline.py for tasks to queue
[2026-01-01T21:20:48.742+0000] {logging_mixin.py:188} INFO - [2026-01-01T21:20:48.742+0000] {dagbag.py:538} INFO - Filling up the DagBag from /opt/airflow/dags/rugby_pipeline.py
[2026-01-01T21:20:48.761+0000] {processor.py:840} INFO - DAG(s) 'rugby_pipeline' retrieved from /opt/airflow/dags/rugby_pipeline.py
[2026-01-01T21:20:48.787+0000] {logging_mixin.py:188} INFO - [2026-01-01T21:20:48.787+0000] {dag.py:3036} INFO - Sync 1 DAGs
[2026-01-01T21:20:48.808+0000] {logging_mixin.py:188} INFO - [2026-01-01T21:20:48.808+0000] {dag.py:3823} INFO - Setting next_dagrun for rugby_pipeline to 2025-12-31 00:00:00+00:00, run_after=2026-01-01 00:00:00+00:00
[2026-01-01T21:20:48.825+0000] {processor.py:183} INFO - Processing /opt/airflow/dags/rugby_pipeline.py took 0.089 seconds
[2026-01-01T21:21:19.268+0000] {processor.py:161} INFO - Started process (PID=21391) to work on /opt/airflow/dags/rugby_pipeline.py
[2026-01-01T21:21:19.270+0000] {processor.py:830} INFO - Processing file /opt/airflow/dags/rugby_pipeline.py for tasks to queue
[2026-01-01T21:21:19.271+0000] {logging_mixin.py:188} INFO - [2026-01-01T21:21:19.271+0000] {dagbag.py:538} INFO - Filling up the DagBag from /opt/airflow/dags/rugby_pipeline.py
[2026-01-01T21:21:19.293+0000] {processor.py:840} INFO - DAG(s) 'rugby_pipeline' retrieved from /opt/airflow/dags/rugby_pipeline.py
[2026-01-01T21:21:19.321+0000] {logging_mixin.py:188} INFO - [2026-01-01T21:21:19.320+0000] {dag.py:3036} INFO - Sync 1 DAGs
[2026-01-01T21:21:19.343+0000] {logging_mixin.py:188} INFO - [2026-01-01T21:21:19.343+0000] {dag.py:3823} INFO - Setting next_dagrun for rugby_pipeline to 2025-12-31 00:00:00+00:00, run_after=2026-01-01 00:00:00+00:00
[2026-01-01T21:21:19.373+0000] {processor.py:183} INFO - Processing /opt/airflow/dags/rugby_pipeline.py took 0.110 seconds
[2026-01-01T21:21:49.806+0000] {processor.py:161} INFO - Started process (PID=21411) to work on /opt/airflow/dags/rugby_pipeline.py
[2026-01-01T21:21:49.807+0000] {processor.py:830} INFO - Processing file /opt/airflow/dags/rugby_pipeline.py for tasks to queue
[2026-01-01T21:21:49.808+0000] {logging_mixin.py:188} INFO - [2026-01-01T21:21:49.807+0000] {dagbag.py:538} INFO - Filling up the DagBag from /opt/airflow/dags/rugby_pipeline.py
[2026-01-01T21:21:49.828+0000] {processor.py:840} INFO - DAG(s) 'rugby_pipeline' retrieved from /opt/airflow/dags/rugby_pipeline.py
[2026-01-01T21:21:49.853+0000] {logging_mixin.py:188} INFO - [2026-01-01T21:21:49.853+0000] {dag.py:3036} INFO - Sync 1 DAGs
[2026-01-01T21:21:49.878+0000] {logging_mixin.py:188} INFO - [2026-01-01T21:21:49.878+0000] {dag.py:3823} INFO - Setting next_dagrun for rugby_pipeline to 2025-12-31 00:00:00+00:00, run_after=2026-01-01 00:00:00+00:00
[2026-01-01T21:21:49.895+0000] {processor.py:183} INFO - Processing /opt/airflow/dags/rugby_pipeline.py took 0.093 seconds
[2026-01-01T21:22:20.240+0000] {processor.py:161} INFO - Started process (PID=21431) to work on /opt/airflow/dags/rugby_pipeline.py
[2026-01-01T21:22:20.242+0000] {processor.py:830} INFO - Processing file /opt/airflow/dags/rugby_pipeline.py for tasks to queue
[2026-01-01T21:22:20.242+0000] {logging_mixin.py:188} INFO - [2026-01-01T21:22:20.242+0000] {dagbag.py:538} INFO - Filling up the DagBag from /opt/airflow/dags/rugby_pipeline.py
[2026-01-01T21:22:20.262+0000] {processor.py:840} INFO - DAG(s) 'rugby_pipeline' retrieved from /opt/airflow/dags/rugby_pipeline.py
[2026-01-01T21:22:20.286+0000] {logging_mixin.py:188} INFO - [2026-01-01T21:22:20.286+0000] {dag.py:3036} INFO - Sync 1 DAGs
[2026-01-01T21:22:20.308+0000] {logging_mixin.py:188} INFO - [2026-01-01T21:22:20.308+0000] {dag.py:3823} INFO - Setting next_dagrun for rugby_pipeline to 2025-12-31 00:00:00+00:00, run_after=2026-01-01 00:00:00+00:00
[2026-01-01T21:22:20.337+0000] {processor.py:183} INFO - Processing /opt/airflow/dags/rugby_pipeline.py took 0.100 seconds
[2026-01-01T21:22:50.675+0000] {processor.py:161} INFO - Started process (PID=21451) to work on /opt/airflow/dags/rugby_pipeline.py
[2026-01-01T21:22:50.678+0000] {processor.py:830} INFO - Processing file /opt/airflow/dags/rugby_pipeline.py for tasks to queue
[2026-01-01T21:22:50.680+0000] {logging_mixin.py:188} INFO - [2026-01-01T21:22:50.679+0000] {dagbag.py:538} INFO - Filling up the DagBag from /opt/airflow/dags/rugby_pipeline.py
[2026-01-01T21:22:50.701+0000] {processor.py:840} INFO - DAG(s) 'rugby_pipeline' retrieved from /opt/airflow/dags/rugby_pipeline.py
[2026-01-01T21:22:50.727+0000] {logging_mixin.py:188} INFO - [2026-01-01T21:22:50.726+0000] {dag.py:3036} INFO - Sync 1 DAGs
[2026-01-01T21:22:50.750+0000] {logging_mixin.py:188} INFO - [2026-01-01T21:22:50.750+0000] {dag.py:3823} INFO - Setting next_dagrun for rugby_pipeline to 2025-12-31 00:00:00+00:00, run_after=2026-01-01 00:00:00+00:00
[2026-01-01T21:22:50.769+0000] {processor.py:183} INFO - Processing /opt/airflow/dags/rugby_pipeline.py took 0.101 seconds
[2026-01-01T21:23:21.283+0000] {processor.py:161} INFO - Started process (PID=21471) to work on /opt/airflow/dags/rugby_pipeline.py
[2026-01-01T21:23:21.284+0000] {processor.py:830} INFO - Processing file /opt/airflow/dags/rugby_pipeline.py for tasks to queue
[2026-01-01T21:23:21.285+0000] {logging_mixin.py:188} INFO - [2026-01-01T21:23:21.285+0000] {dagbag.py:538} INFO - Filling up the DagBag from /opt/airflow/dags/rugby_pipeline.py
[2026-01-01T21:23:21.306+0000] {processor.py:840} INFO - DAG(s) 'rugby_pipeline' retrieved from /opt/airflow/dags/rugby_pipeline.py
[2026-01-01T21:23:21.331+0000] {logging_mixin.py:188} INFO - [2026-01-01T21:23:21.331+0000] {dag.py:3036} INFO - Sync 1 DAGs
[2026-01-01T21:23:21.352+0000] {logging_mixin.py:188} INFO - [2026-01-01T21:23:21.352+0000] {dag.py:3823} INFO - Setting next_dagrun for rugby_pipeline to 2025-12-31 00:00:00+00:00, run_after=2026-01-01 00:00:00+00:00
[2026-01-01T21:23:21.381+0000] {processor.py:183} INFO - Processing /opt/airflow/dags/rugby_pipeline.py took 0.101 seconds
[2026-01-01T21:23:51.816+0000] {processor.py:161} INFO - Started process (PID=21491) to work on /opt/airflow/dags/rugby_pipeline.py
[2026-01-01T21:23:51.818+0000] {processor.py:830} INFO - Processing file /opt/airflow/dags/rugby_pipeline.py for tasks to queue
[2026-01-01T21:23:51.819+0000] {logging_mixin.py:188} INFO - [2026-01-01T21:23:51.818+0000] {dagbag.py:538} INFO - Filling up the DagBag from /opt/airflow/dags/rugby_pipeline.py
[2026-01-01T21:23:51.839+0000] {processor.py:840} INFO - DAG(s) 'rugby_pipeline' retrieved from /opt/airflow/dags/rugby_pipeline.py
[2026-01-01T21:23:51.865+0000] {logging_mixin.py:188} INFO - [2026-01-01T21:23:51.865+0000] {dag.py:3036} INFO - Sync 1 DAGs
[2026-01-01T21:23:51.888+0000] {logging_mixin.py:188} INFO - [2026-01-01T21:23:51.888+0000] {dag.py:3823} INFO - Setting next_dagrun for rugby_pipeline to 2025-12-31 00:00:00+00:00, run_after=2026-01-01 00:00:00+00:00
[2026-01-01T21:23:51.910+0000] {processor.py:183} INFO - Processing /opt/airflow/dags/rugby_pipeline.py took 0.097 seconds
[2026-01-01T21:24:22.256+0000] {processor.py:161} INFO - Started process (PID=21511) to work on /opt/airflow/dags/rugby_pipeline.py
[2026-01-01T21:24:22.258+0000] {processor.py:830} INFO - Processing file /opt/airflow/dags/rugby_pipeline.py for tasks to queue
[2026-01-01T21:24:22.259+0000] {logging_mixin.py:188} INFO - [2026-01-01T21:24:22.258+0000] {dagbag.py:538} INFO - Filling up the DagBag from /opt/airflow/dags/rugby_pipeline.py
[2026-01-01T21:24:22.280+0000] {processor.py:840} INFO - DAG(s) 'rugby_pipeline' retrieved from /opt/airflow/dags/rugby_pipeline.py
[2026-01-01T21:24:22.302+0000] {logging_mixin.py:188} INFO - [2026-01-01T21:24:22.302+0000] {dag.py:3036} INFO - Sync 1 DAGs
[2026-01-01T21:24:22.323+0000] {logging_mixin.py:188} INFO - [2026-01-01T21:24:22.322+0000] {dag.py:3823} INFO - Setting next_dagrun for rugby_pipeline to 2025-12-31 00:00:00+00:00, run_after=2026-01-01 00:00:00+00:00
[2026-01-01T21:24:22.344+0000] {processor.py:183} INFO - Processing /opt/airflow/dags/rugby_pipeline.py took 0.092 seconds
[2026-01-01T21:24:52.685+0000] {processor.py:161} INFO - Started process (PID=21531) to work on /opt/airflow/dags/rugby_pipeline.py
[2026-01-01T21:24:52.686+0000] {processor.py:830} INFO - Processing file /opt/airflow/dags/rugby_pipeline.py for tasks to queue
[2026-01-01T21:24:52.687+0000] {logging_mixin.py:188} INFO - [2026-01-01T21:24:52.687+0000] {dagbag.py:538} INFO - Filling up the DagBag from /opt/airflow/dags/rugby_pipeline.py
[2026-01-01T21:24:52.709+0000] {processor.py:840} INFO - DAG(s) 'rugby_pipeline' retrieved from /opt/airflow/dags/rugby_pipeline.py
[2026-01-01T21:24:52.735+0000] {logging_mixin.py:188} INFO - [2026-01-01T21:24:52.734+0000] {dag.py:3036} INFO - Sync 1 DAGs
[2026-01-01T21:24:52.756+0000] {logging_mixin.py:188} INFO - [2026-01-01T21:24:52.755+0000] {dag.py:3823} INFO - Setting next_dagrun for rugby_pipeline to 2025-12-31 00:00:00+00:00, run_after=2026-01-01 00:00:00+00:00
[2026-01-01T21:24:52.783+0000] {processor.py:183} INFO - Processing /opt/airflow/dags/rugby_pipeline.py took 0.102 seconds
[2026-01-01T21:25:23.105+0000] {processor.py:161} INFO - Started process (PID=21551) to work on /opt/airflow/dags/rugby_pipeline.py
[2026-01-01T21:25:23.106+0000] {processor.py:830} INFO - Processing file /opt/airflow/dags/rugby_pipeline.py for tasks to queue
[2026-01-01T21:25:23.108+0000] {logging_mixin.py:188} INFO - [2026-01-01T21:25:23.107+0000] {dagbag.py:538} INFO - Filling up the DagBag from /opt/airflow/dags/rugby_pipeline.py
[2026-01-01T21:25:23.126+0000] {processor.py:840} INFO - DAG(s) 'rugby_pipeline' retrieved from /opt/airflow/dags/rugby_pipeline.py
[2026-01-01T21:25:23.148+0000] {logging_mixin.py:188} INFO - [2026-01-01T21:25:23.148+0000] {dag.py:3036} INFO - Sync 1 DAGs
[2026-01-01T21:25:23.169+0000] {logging_mixin.py:188} INFO - [2026-01-01T21:25:23.168+0000] {dag.py:3823} INFO - Setting next_dagrun for rugby_pipeline to 2025-12-31 00:00:00+00:00, run_after=2026-01-01 00:00:00+00:00
[2026-01-01T21:25:23.198+0000] {processor.py:183} INFO - Processing /opt/airflow/dags/rugby_pipeline.py took 0.096 seconds
[2026-01-01T21:25:53.524+0000] {processor.py:161} INFO - Started process (PID=21571) to work on /opt/airflow/dags/rugby_pipeline.py
[2026-01-01T21:25:53.525+0000] {processor.py:830} INFO - Processing file /opt/airflow/dags/rugby_pipeline.py for tasks to queue
[2026-01-01T21:25:53.526+0000] {logging_mixin.py:188} INFO - [2026-01-01T21:25:53.526+0000] {dagbag.py:538} INFO - Filling up the DagBag from /opt/airflow/dags/rugby_pipeline.py
[2026-01-01T21:25:53.546+0000] {processor.py:840} INFO - DAG(s) 'rugby_pipeline' retrieved from /opt/airflow/dags/rugby_pipeline.py
[2026-01-01T21:25:53.569+0000] {logging_mixin.py:188} INFO - [2026-01-01T21:25:53.569+0000] {dag.py:3036} INFO - Sync 1 DAGs
[2026-01-01T21:25:53.592+0000] {logging_mixin.py:188} INFO - [2026-01-01T21:25:53.592+0000] {dag.py:3823} INFO - Setting next_dagrun for rugby_pipeline to 2025-12-31 00:00:00+00:00, run_after=2026-01-01 00:00:00+00:00
[2026-01-01T21:25:53.624+0000] {processor.py:183} INFO - Processing /opt/airflow/dags/rugby_pipeline.py took 0.103 seconds
[2026-01-01T21:26:23.942+0000] {processor.py:161} INFO - Started process (PID=21591) to work on /opt/airflow/dags/rugby_pipeline.py
[2026-01-01T21:26:23.944+0000] {processor.py:830} INFO - Processing file /opt/airflow/dags/rugby_pipeline.py for tasks to queue
[2026-01-01T21:26:23.944+0000] {logging_mixin.py:188} INFO - [2026-01-01T21:26:23.944+0000] {dagbag.py:538} INFO - Filling up the DagBag from /opt/airflow/dags/rugby_pipeline.py
[2026-01-01T21:26:23.963+0000] {processor.py:840} INFO - DAG(s) 'rugby_pipeline' retrieved from /opt/airflow/dags/rugby_pipeline.py
[2026-01-01T21:26:23.986+0000] {logging_mixin.py:188} INFO - [2026-01-01T21:26:23.986+0000] {dag.py:3036} INFO - Sync 1 DAGs
[2026-01-01T21:26:24.008+0000] {logging_mixin.py:188} INFO - [2026-01-01T21:26:24.007+0000] {dag.py:3823} INFO - Setting next_dagrun for rugby_pipeline to 2025-12-31 00:00:00+00:00, run_after=2026-01-01 00:00:00+00:00
[2026-01-01T21:26:24.026+0000] {processor.py:183} INFO - Processing /opt/airflow/dags/rugby_pipeline.py took 0.087 seconds
[2026-01-01T21:26:54.384+0000] {processor.py:161} INFO - Started process (PID=21611) to work on /opt/airflow/dags/rugby_pipeline.py
[2026-01-01T21:26:54.385+0000] {processor.py:830} INFO - Processing file /opt/airflow/dags/rugby_pipeline.py for tasks to queue
[2026-01-01T21:26:54.386+0000] {logging_mixin.py:188} INFO - [2026-01-01T21:26:54.385+0000] {dagbag.py:538} INFO - Filling up the DagBag from /opt/airflow/dags/rugby_pipeline.py
[2026-01-01T21:26:54.407+0000] {processor.py:840} INFO - DAG(s) 'rugby_pipeline' retrieved from /opt/airflow/dags/rugby_pipeline.py
[2026-01-01T21:26:54.432+0000] {logging_mixin.py:188} INFO - [2026-01-01T21:26:54.432+0000] {dag.py:3036} INFO - Sync 1 DAGs
[2026-01-01T21:26:54.455+0000] {logging_mixin.py:188} INFO - [2026-01-01T21:26:54.455+0000] {dag.py:3823} INFO - Setting next_dagrun for rugby_pipeline to 2025-12-31 00:00:00+00:00, run_after=2026-01-01 00:00:00+00:00
[2026-01-01T21:26:54.487+0000] {processor.py:183} INFO - Processing /opt/airflow/dags/rugby_pipeline.py took 0.107 seconds
[2026-01-01T21:27:24.821+0000] {processor.py:161} INFO - Started process (PID=21631) to work on /opt/airflow/dags/rugby_pipeline.py
[2026-01-01T21:27:24.822+0000] {processor.py:830} INFO - Processing file /opt/airflow/dags/rugby_pipeline.py for tasks to queue
[2026-01-01T21:27:24.823+0000] {logging_mixin.py:188} INFO - [2026-01-01T21:27:24.823+0000] {dagbag.py:538} INFO - Filling up the DagBag from /opt/airflow/dags/rugby_pipeline.py
[2026-01-01T21:27:24.842+0000] {processor.py:840} INFO - DAG(s) 'rugby_pipeline' retrieved from /opt/airflow/dags/rugby_pipeline.py
[2026-01-01T21:27:24.863+0000] {logging_mixin.py:188} INFO - [2026-01-01T21:27:24.863+0000] {dag.py:3036} INFO - Sync 1 DAGs
[2026-01-01T21:27:24.886+0000] {logging_mixin.py:188} INFO - [2026-01-01T21:27:24.886+0000] {dag.py:3823} INFO - Setting next_dagrun for rugby_pipeline to 2025-12-31 00:00:00+00:00, run_after=2026-01-01 00:00:00+00:00
[2026-01-01T21:27:24.906+0000] {processor.py:183} INFO - Processing /opt/airflow/dags/rugby_pipeline.py took 0.089 seconds
[2026-01-01T21:27:55.362+0000] {processor.py:161} INFO - Started process (PID=21651) to work on /opt/airflow/dags/rugby_pipeline.py
[2026-01-01T21:27:55.363+0000] {processor.py:830} INFO - Processing file /opt/airflow/dags/rugby_pipeline.py for tasks to queue
[2026-01-01T21:27:55.364+0000] {logging_mixin.py:188} INFO - [2026-01-01T21:27:55.364+0000] {dagbag.py:538} INFO - Filling up the DagBag from /opt/airflow/dags/rugby_pipeline.py
[2026-01-01T21:27:55.385+0000] {processor.py:840} INFO - DAG(s) 'rugby_pipeline' retrieved from /opt/airflow/dags/rugby_pipeline.py
[2026-01-01T21:27:55.413+0000] {logging_mixin.py:188} INFO - [2026-01-01T21:27:55.413+0000] {dag.py:3036} INFO - Sync 1 DAGs
[2026-01-01T21:27:55.437+0000] {logging_mixin.py:188} INFO - [2026-01-01T21:27:55.437+0000] {dag.py:3823} INFO - Setting next_dagrun for rugby_pipeline to 2025-12-31 00:00:00+00:00, run_after=2026-01-01 00:00:00+00:00
[2026-01-01T21:27:55.455+0000] {processor.py:183} INFO - Processing /opt/airflow/dags/rugby_pipeline.py took 0.100 seconds
[2026-01-01T21:28:25.872+0000] {processor.py:161} INFO - Started process (PID=21671) to work on /opt/airflow/dags/rugby_pipeline.py
[2026-01-01T21:28:25.873+0000] {processor.py:830} INFO - Processing file /opt/airflow/dags/rugby_pipeline.py for tasks to queue
[2026-01-01T21:28:25.874+0000] {logging_mixin.py:188} INFO - [2026-01-01T21:28:25.874+0000] {dagbag.py:538} INFO - Filling up the DagBag from /opt/airflow/dags/rugby_pipeline.py
[2026-01-01T21:28:25.894+0000] {processor.py:840} INFO - DAG(s) 'rugby_pipeline' retrieved from /opt/airflow/dags/rugby_pipeline.py
[2026-01-01T21:28:25.916+0000] {logging_mixin.py:188} INFO - [2026-01-01T21:28:25.916+0000] {dag.py:3036} INFO - Sync 1 DAGs
[2026-01-01T21:28:25.938+0000] {logging_mixin.py:188} INFO - [2026-01-01T21:28:25.938+0000] {dag.py:3823} INFO - Setting next_dagrun for rugby_pipeline to 2025-12-31 00:00:00+00:00, run_after=2026-01-01 00:00:00+00:00
[2026-01-01T21:28:25.967+0000] {processor.py:183} INFO - Processing /opt/airflow/dags/rugby_pipeline.py took 0.099 seconds
[2026-01-01T21:28:56.304+0000] {processor.py:161} INFO - Started process (PID=21691) to work on /opt/airflow/dags/rugby_pipeline.py
[2026-01-01T21:28:56.305+0000] {processor.py:830} INFO - Processing file /opt/airflow/dags/rugby_pipeline.py for tasks to queue
[2026-01-01T21:28:56.306+0000] {logging_mixin.py:188} INFO - [2026-01-01T21:28:56.306+0000] {dagbag.py:538} INFO - Filling up the DagBag from /opt/airflow/dags/rugby_pipeline.py
[2026-01-01T21:28:56.327+0000] {processor.py:840} INFO - DAG(s) 'rugby_pipeline' retrieved from /opt/airflow/dags/rugby_pipeline.py
[2026-01-01T21:28:56.349+0000] {logging_mixin.py:188} INFO - [2026-01-01T21:28:56.349+0000] {dag.py:3036} INFO - Sync 1 DAGs
[2026-01-01T21:28:56.371+0000] {logging_mixin.py:188} INFO - [2026-01-01T21:28:56.371+0000] {dag.py:3823} INFO - Setting next_dagrun for rugby_pipeline to 2025-12-31 00:00:00+00:00, run_after=2026-01-01 00:00:00+00:00
[2026-01-01T21:28:56.391+0000] {processor.py:183} INFO - Processing /opt/airflow/dags/rugby_pipeline.py took 0.090 seconds
[2026-01-01T21:29:26.728+0000] {processor.py:161} INFO - Started process (PID=21711) to work on /opt/airflow/dags/rugby_pipeline.py
[2026-01-01T21:29:26.729+0000] {processor.py:830} INFO - Processing file /opt/airflow/dags/rugby_pipeline.py for tasks to queue
[2026-01-01T21:29:26.730+0000] {logging_mixin.py:188} INFO - [2026-01-01T21:29:26.729+0000] {dagbag.py:538} INFO - Filling up the DagBag from /opt/airflow/dags/rugby_pipeline.py
[2026-01-01T21:29:26.749+0000] {processor.py:840} INFO - DAG(s) 'rugby_pipeline' retrieved from /opt/airflow/dags/rugby_pipeline.py
[2026-01-01T21:29:26.770+0000] {logging_mixin.py:188} INFO - [2026-01-01T21:29:26.770+0000] {dag.py:3036} INFO - Sync 1 DAGs
[2026-01-01T21:29:26.791+0000] {logging_mixin.py:188} INFO - [2026-01-01T21:29:26.791+0000] {dag.py:3823} INFO - Setting next_dagrun for rugby_pipeline to 2025-12-31 00:00:00+00:00, run_after=2026-01-01 00:00:00+00:00
[2026-01-01T21:29:26.819+0000] {processor.py:183} INFO - Processing /opt/airflow/dags/rugby_pipeline.py took 0.095 seconds
[2026-01-01T21:29:57.161+0000] {processor.py:161} INFO - Started process (PID=21731) to work on /opt/airflow/dags/rugby_pipeline.py
[2026-01-01T21:29:57.162+0000] {processor.py:830} INFO - Processing file /opt/airflow/dags/rugby_pipeline.py for tasks to queue
[2026-01-01T21:29:57.163+0000] {logging_mixin.py:188} INFO - [2026-01-01T21:29:57.162+0000] {dagbag.py:538} INFO - Filling up the DagBag from /opt/airflow/dags/rugby_pipeline.py
[2026-01-01T21:29:57.183+0000] {processor.py:840} INFO - DAG(s) 'rugby_pipeline' retrieved from /opt/airflow/dags/rugby_pipeline.py
[2026-01-01T21:29:57.205+0000] {logging_mixin.py:188} INFO - [2026-01-01T21:29:57.205+0000] {dag.py:3036} INFO - Sync 1 DAGs
[2026-01-01T21:29:57.226+0000] {logging_mixin.py:188} INFO - [2026-01-01T21:29:57.226+0000] {dag.py:3823} INFO - Setting next_dagrun for rugby_pipeline to 2025-12-31 00:00:00+00:00, run_after=2026-01-01 00:00:00+00:00
[2026-01-01T21:29:57.258+0000] {processor.py:183} INFO - Processing /opt/airflow/dags/rugby_pipeline.py took 0.100 seconds
[2026-01-01T21:30:27.686+0000] {processor.py:161} INFO - Started process (PID=21751) to work on /opt/airflow/dags/rugby_pipeline.py
[2026-01-01T21:30:27.688+0000] {processor.py:830} INFO - Processing file /opt/airflow/dags/rugby_pipeline.py for tasks to queue
[2026-01-01T21:30:27.689+0000] {logging_mixin.py:188} INFO - [2026-01-01T21:30:27.688+0000] {dagbag.py:538} INFO - Filling up the DagBag from /opt/airflow/dags/rugby_pipeline.py
[2026-01-01T21:30:27.711+0000] {processor.py:840} INFO - DAG(s) 'rugby_pipeline' retrieved from /opt/airflow/dags/rugby_pipeline.py
[2026-01-01T21:30:27.741+0000] {logging_mixin.py:188} INFO - [2026-01-01T21:30:27.740+0000] {dag.py:3036} INFO - Sync 1 DAGs
[2026-01-01T21:30:27.762+0000] {logging_mixin.py:188} INFO - [2026-01-01T21:30:27.762+0000] {dag.py:3823} INFO - Setting next_dagrun for rugby_pipeline to 2025-12-31 00:00:00+00:00, run_after=2026-01-01 00:00:00+00:00
[2026-01-01T21:30:27.792+0000] {processor.py:183} INFO - Processing /opt/airflow/dags/rugby_pipeline.py took 0.109 seconds
[2026-01-01T21:30:58.110+0000] {processor.py:161} INFO - Started process (PID=21771) to work on /opt/airflow/dags/rugby_pipeline.py
[2026-01-01T21:30:58.111+0000] {processor.py:830} INFO - Processing file /opt/airflow/dags/rugby_pipeline.py for tasks to queue
[2026-01-01T21:30:58.112+0000] {logging_mixin.py:188} INFO - [2026-01-01T21:30:58.112+0000] {dagbag.py:538} INFO - Filling up the DagBag from /opt/airflow/dags/rugby_pipeline.py
[2026-01-01T21:30:58.132+0000] {processor.py:840} INFO - DAG(s) 'rugby_pipeline' retrieved from /opt/airflow/dags/rugby_pipeline.py
[2026-01-01T21:30:58.155+0000] {logging_mixin.py:188} INFO - [2026-01-01T21:30:58.154+0000] {dag.py:3036} INFO - Sync 1 DAGs
[2026-01-01T21:30:58.176+0000] {logging_mixin.py:188} INFO - [2026-01-01T21:30:58.176+0000] {dag.py:3823} INFO - Setting next_dagrun for rugby_pipeline to 2025-12-31 00:00:00+00:00, run_after=2026-01-01 00:00:00+00:00
[2026-01-01T21:30:58.205+0000] {processor.py:183} INFO - Processing /opt/airflow/dags/rugby_pipeline.py took 0.098 seconds
[2026-01-01T21:31:28.542+0000] {processor.py:161} INFO - Started process (PID=21791) to work on /opt/airflow/dags/rugby_pipeline.py
[2026-01-01T21:31:28.543+0000] {processor.py:830} INFO - Processing file /opt/airflow/dags/rugby_pipeline.py for tasks to queue
[2026-01-01T21:31:28.544+0000] {logging_mixin.py:188} INFO - [2026-01-01T21:31:28.544+0000] {dagbag.py:538} INFO - Filling up the DagBag from /opt/airflow/dags/rugby_pipeline.py
[2026-01-01T21:31:28.564+0000] {processor.py:840} INFO - DAG(s) 'rugby_pipeline' retrieved from /opt/airflow/dags/rugby_pipeline.py
[2026-01-01T21:31:28.585+0000] {logging_mixin.py:188} INFO - [2026-01-01T21:31:28.585+0000] {dag.py:3036} INFO - Sync 1 DAGs
[2026-01-01T21:31:28.607+0000] {logging_mixin.py:188} INFO - [2026-01-01T21:31:28.607+0000] {dag.py:3823} INFO - Setting next_dagrun for rugby_pipeline to 2025-12-31 00:00:00+00:00, run_after=2026-01-01 00:00:00+00:00
[2026-01-01T21:31:28.637+0000] {processor.py:183} INFO - Processing /opt/airflow/dags/rugby_pipeline.py took 0.099 seconds
[2026-01-01T21:31:58.966+0000] {processor.py:161} INFO - Started process (PID=21811) to work on /opt/airflow/dags/rugby_pipeline.py
[2026-01-01T21:31:58.968+0000] {processor.py:830} INFO - Processing file /opt/airflow/dags/rugby_pipeline.py for tasks to queue
[2026-01-01T21:31:58.969+0000] {logging_mixin.py:188} INFO - [2026-01-01T21:31:58.968+0000] {dagbag.py:538} INFO - Filling up the DagBag from /opt/airflow/dags/rugby_pipeline.py
[2026-01-01T21:31:58.989+0000] {processor.py:840} INFO - DAG(s) 'rugby_pipeline' retrieved from /opt/airflow/dags/rugby_pipeline.py
[2026-01-01T21:31:59.010+0000] {logging_mixin.py:188} INFO - [2026-01-01T21:31:59.010+0000] {dag.py:3036} INFO - Sync 1 DAGs
[2026-01-01T21:31:59.033+0000] {logging_mixin.py:188} INFO - [2026-01-01T21:31:59.033+0000] {dag.py:3823} INFO - Setting next_dagrun for rugby_pipeline to 2025-12-31 00:00:00+00:00, run_after=2026-01-01 00:00:00+00:00
[2026-01-01T21:31:59.051+0000] {processor.py:183} INFO - Processing /opt/airflow/dags/rugby_pipeline.py took 0.089 seconds
[2026-01-01T21:32:29.494+0000] {processor.py:161} INFO - Started process (PID=21831) to work on /opt/airflow/dags/rugby_pipeline.py
[2026-01-01T21:32:29.495+0000] {processor.py:830} INFO - Processing file /opt/airflow/dags/rugby_pipeline.py for tasks to queue
[2026-01-01T21:32:29.496+0000] {logging_mixin.py:188} INFO - [2026-01-01T21:32:29.495+0000] {dagbag.py:538} INFO - Filling up the DagBag from /opt/airflow/dags/rugby_pipeline.py
[2026-01-01T21:32:29.514+0000] {processor.py:840} INFO - DAG(s) 'rugby_pipeline' retrieved from /opt/airflow/dags/rugby_pipeline.py
[2026-01-01T21:32:29.539+0000] {logging_mixin.py:188} INFO - [2026-01-01T21:32:29.539+0000] {dag.py:3036} INFO - Sync 1 DAGs
[2026-01-01T21:32:29.559+0000] {logging_mixin.py:188} INFO - [2026-01-01T21:32:29.559+0000] {dag.py:3823} INFO - Setting next_dagrun for rugby_pipeline to 2025-12-31 00:00:00+00:00, run_after=2026-01-01 00:00:00+00:00
[2026-01-01T21:32:29.578+0000] {processor.py:183} INFO - Processing /opt/airflow/dags/rugby_pipeline.py took 0.087 seconds
[2026-01-01T21:32:59.924+0000] {processor.py:161} INFO - Started process (PID=21851) to work on /opt/airflow/dags/rugby_pipeline.py
[2026-01-01T21:32:59.926+0000] {processor.py:830} INFO - Processing file /opt/airflow/dags/rugby_pipeline.py for tasks to queue
[2026-01-01T21:32:59.927+0000] {logging_mixin.py:188} INFO - [2026-01-01T21:32:59.927+0000] {dagbag.py:538} INFO - Filling up the DagBag from /opt/airflow/dags/rugby_pipeline.py
[2026-01-01T21:32:59.948+0000] {processor.py:840} INFO - DAG(s) 'rugby_pipeline' retrieved from /opt/airflow/dags/rugby_pipeline.py
[2026-01-01T21:32:59.969+0000] {logging_mixin.py:188} INFO - [2026-01-01T21:32:59.969+0000] {dag.py:3036} INFO - Sync 1 DAGs
[2026-01-01T21:32:59.992+0000] {logging_mixin.py:188} INFO - [2026-01-01T21:32:59.992+0000] {dag.py:3823} INFO - Setting next_dagrun for rugby_pipeline to 2025-12-31 00:00:00+00:00, run_after=2026-01-01 00:00:00+00:00
[2026-01-01T21:33:00.010+0000] {processor.py:183} INFO - Processing /opt/airflow/dags/rugby_pipeline.py took 0.089 seconds
[2026-01-01T21:33:30.419+0000] {processor.py:161} INFO - Started process (PID=21871) to work on /opt/airflow/dags/rugby_pipeline.py
[2026-01-01T21:33:30.420+0000] {processor.py:830} INFO - Processing file /opt/airflow/dags/rugby_pipeline.py for tasks to queue
[2026-01-01T21:33:30.421+0000] {logging_mixin.py:188} INFO - [2026-01-01T21:33:30.421+0000] {dagbag.py:538} INFO - Filling up the DagBag from /opt/airflow/dags/rugby_pipeline.py
[2026-01-01T21:33:30.441+0000] {processor.py:840} INFO - DAG(s) 'rugby_pipeline' retrieved from /opt/airflow/dags/rugby_pipeline.py
[2026-01-01T21:33:30.462+0000] {logging_mixin.py:188} INFO - [2026-01-01T21:33:30.462+0000] {dag.py:3036} INFO - Sync 1 DAGs
[2026-01-01T21:33:30.483+0000] {logging_mixin.py:188} INFO - [2026-01-01T21:33:30.483+0000] {dag.py:3823} INFO - Setting next_dagrun for rugby_pipeline to 2025-12-31 00:00:00+00:00, run_after=2026-01-01 00:00:00+00:00
[2026-01-01T21:33:30.511+0000] {processor.py:183} INFO - Processing /opt/airflow/dags/rugby_pipeline.py took 0.095 seconds
[2026-01-01T21:34:01.250+0000] {processor.py:161} INFO - Started process (PID=21891) to work on /opt/airflow/dags/rugby_pipeline.py
[2026-01-01T21:34:01.253+0000] {processor.py:830} INFO - Processing file /opt/airflow/dags/rugby_pipeline.py for tasks to queue
[2026-01-01T21:34:01.255+0000] {logging_mixin.py:188} INFO - [2026-01-01T21:34:01.255+0000] {dagbag.py:538} INFO - Filling up the DagBag from /opt/airflow/dags/rugby_pipeline.py
[2026-01-01T21:34:01.301+0000] {processor.py:840} INFO - DAG(s) 'rugby_pipeline' retrieved from /opt/airflow/dags/rugby_pipeline.py
[2026-01-01T21:34:01.346+0000] {logging_mixin.py:188} INFO - [2026-01-01T21:34:01.345+0000] {dag.py:3036} INFO - Sync 1 DAGs
[2026-01-01T21:34:01.387+0000] {logging_mixin.py:188} INFO - [2026-01-01T21:34:01.387+0000] {dag.py:3823} INFO - Setting next_dagrun for rugby_pipeline to 2025-12-31 00:00:00+00:00, run_after=2026-01-01 00:00:00+00:00
[2026-01-01T21:34:01.432+0000] {processor.py:183} INFO - Processing /opt/airflow/dags/rugby_pipeline.py took 0.194 seconds
[2026-01-01T21:34:32.042+0000] {processor.py:161} INFO - Started process (PID=21911) to work on /opt/airflow/dags/rugby_pipeline.py
[2026-01-01T21:34:32.045+0000] {processor.py:830} INFO - Processing file /opt/airflow/dags/rugby_pipeline.py for tasks to queue
[2026-01-01T21:34:32.047+0000] {logging_mixin.py:188} INFO - [2026-01-01T21:34:32.046+0000] {dagbag.py:538} INFO - Filling up the DagBag from /opt/airflow/dags/rugby_pipeline.py
[2026-01-01T21:34:32.091+0000] {processor.py:840} INFO - DAG(s) 'rugby_pipeline' retrieved from /opt/airflow/dags/rugby_pipeline.py
[2026-01-01T21:34:32.137+0000] {logging_mixin.py:188} INFO - [2026-01-01T21:34:32.137+0000] {dag.py:3036} INFO - Sync 1 DAGs
[2026-01-01T21:34:32.187+0000] {logging_mixin.py:188} INFO - [2026-01-01T21:34:32.187+0000] {dag.py:3823} INFO - Setting next_dagrun for rugby_pipeline to 2025-12-31 00:00:00+00:00, run_after=2026-01-01 00:00:00+00:00
[2026-01-01T21:34:32.265+0000] {processor.py:183} INFO - Processing /opt/airflow/dags/rugby_pipeline.py took 0.230 seconds
[2026-01-01T21:35:02.815+0000] {processor.py:161} INFO - Started process (PID=21931) to work on /opt/airflow/dags/rugby_pipeline.py
[2026-01-01T21:35:02.818+0000] {processor.py:830} INFO - Processing file /opt/airflow/dags/rugby_pipeline.py for tasks to queue
[2026-01-01T21:35:02.819+0000] {logging_mixin.py:188} INFO - [2026-01-01T21:35:02.819+0000] {dagbag.py:538} INFO - Filling up the DagBag from /opt/airflow/dags/rugby_pipeline.py
[2026-01-01T21:35:02.860+0000] {processor.py:840} INFO - DAG(s) 'rugby_pipeline' retrieved from /opt/airflow/dags/rugby_pipeline.py
[2026-01-01T21:35:02.900+0000] {logging_mixin.py:188} INFO - [2026-01-01T21:35:02.899+0000] {dag.py:3036} INFO - Sync 1 DAGs
[2026-01-01T21:35:02.938+0000] {logging_mixin.py:188} INFO - [2026-01-01T21:35:02.937+0000] {dag.py:3823} INFO - Setting next_dagrun for rugby_pipeline to 2025-12-31 00:00:00+00:00, run_after=2026-01-01 00:00:00+00:00
[2026-01-01T21:35:03.012+0000] {processor.py:183} INFO - Processing /opt/airflow/dags/rugby_pipeline.py took 0.204 seconds
[2026-01-01T21:35:33.571+0000] {processor.py:161} INFO - Started process (PID=21951) to work on /opt/airflow/dags/rugby_pipeline.py
[2026-01-01T21:35:33.574+0000] {processor.py:830} INFO - Processing file /opt/airflow/dags/rugby_pipeline.py for tasks to queue
[2026-01-01T21:35:33.575+0000] {logging_mixin.py:188} INFO - [2026-01-01T21:35:33.575+0000] {dagbag.py:538} INFO - Filling up the DagBag from /opt/airflow/dags/rugby_pipeline.py
[2026-01-01T21:35:33.613+0000] {processor.py:840} INFO - DAG(s) 'rugby_pipeline' retrieved from /opt/airflow/dags/rugby_pipeline.py
[2026-01-01T21:35:33.653+0000] {logging_mixin.py:188} INFO - [2026-01-01T21:35:33.652+0000] {dag.py:3036} INFO - Sync 1 DAGs
[2026-01-01T21:35:33.702+0000] {logging_mixin.py:188} INFO - [2026-01-01T21:35:33.701+0000] {dag.py:3823} INFO - Setting next_dagrun for rugby_pipeline to 2025-12-31 00:00:00+00:00, run_after=2026-01-01 00:00:00+00:00
[2026-01-01T21:35:33.781+0000] {processor.py:183} INFO - Processing /opt/airflow/dags/rugby_pipeline.py took 0.218 seconds
[2026-01-01T21:36:04.640+0000] {processor.py:161} INFO - Started process (PID=21971) to work on /opt/airflow/dags/rugby_pipeline.py
[2026-01-01T21:36:04.643+0000] {processor.py:830} INFO - Processing file /opt/airflow/dags/rugby_pipeline.py for tasks to queue
[2026-01-01T21:36:04.646+0000] {logging_mixin.py:188} INFO - [2026-01-01T21:36:04.645+0000] {dagbag.py:538} INFO - Filling up the DagBag from /opt/airflow/dags/rugby_pipeline.py
[2026-01-01T21:36:04.683+0000] {processor.py:840} INFO - DAG(s) 'rugby_pipeline' retrieved from /opt/airflow/dags/rugby_pipeline.py
[2026-01-01T21:36:04.724+0000] {logging_mixin.py:188} INFO - [2026-01-01T21:36:04.724+0000] {dag.py:3036} INFO - Sync 1 DAGs
[2026-01-01T21:36:04.761+0000] {logging_mixin.py:188} INFO - [2026-01-01T21:36:04.760+0000] {dag.py:3823} INFO - Setting next_dagrun for rugby_pipeline to 2025-12-31 00:00:00+00:00, run_after=2026-01-01 00:00:00+00:00
[2026-01-01T21:36:04.829+0000] {processor.py:183} INFO - Processing /opt/airflow/dags/rugby_pipeline.py took 0.198 seconds
[2026-01-01T21:36:35.431+0000] {processor.py:161} INFO - Started process (PID=21991) to work on /opt/airflow/dags/rugby_pipeline.py
[2026-01-01T21:36:35.433+0000] {processor.py:830} INFO - Processing file /opt/airflow/dags/rugby_pipeline.py for tasks to queue
[2026-01-01T21:36:35.436+0000] {logging_mixin.py:188} INFO - [2026-01-01T21:36:35.435+0000] {dagbag.py:538} INFO - Filling up the DagBag from /opt/airflow/dags/rugby_pipeline.py
[2026-01-01T21:36:35.475+0000] {processor.py:840} INFO - DAG(s) 'rugby_pipeline' retrieved from /opt/airflow/dags/rugby_pipeline.py
[2026-01-01T21:36:35.528+0000] {logging_mixin.py:188} INFO - [2026-01-01T21:36:35.528+0000] {dag.py:3036} INFO - Sync 1 DAGs
[2026-01-01T21:36:35.572+0000] {logging_mixin.py:188} INFO - [2026-01-01T21:36:35.572+0000] {dag.py:3823} INFO - Setting next_dagrun for rugby_pipeline to 2025-12-31 00:00:00+00:00, run_after=2026-01-01 00:00:00+00:00
[2026-01-01T21:36:35.604+0000] {processor.py:183} INFO - Processing /opt/airflow/dags/rugby_pipeline.py took 0.179 seconds
[2026-01-01T21:37:06.316+0000] {processor.py:161} INFO - Started process (PID=22011) to work on /opt/airflow/dags/rugby_pipeline.py
[2026-01-01T21:37:06.319+0000] {processor.py:830} INFO - Processing file /opt/airflow/dags/rugby_pipeline.py for tasks to queue
[2026-01-01T21:37:06.321+0000] {logging_mixin.py:188} INFO - [2026-01-01T21:37:06.321+0000] {dagbag.py:538} INFO - Filling up the DagBag from /opt/airflow/dags/rugby_pipeline.py
[2026-01-01T21:37:06.363+0000] {processor.py:840} INFO - DAG(s) 'rugby_pipeline' retrieved from /opt/airflow/dags/rugby_pipeline.py
[2026-01-01T21:37:06.416+0000] {logging_mixin.py:188} INFO - [2026-01-01T21:37:06.415+0000] {dag.py:3036} INFO - Sync 1 DAGs
[2026-01-01T21:37:06.453+0000] {logging_mixin.py:188} INFO - [2026-01-01T21:37:06.452+0000] {dag.py:3823} INFO - Setting next_dagrun for rugby_pipeline to 2025-12-31 00:00:00+00:00, run_after=2026-01-01 00:00:00+00:00
[2026-01-01T21:37:06.521+0000] {processor.py:183} INFO - Processing /opt/airflow/dags/rugby_pipeline.py took 0.214 seconds
[2026-01-01T21:37:37.069+0000] {processor.py:161} INFO - Started process (PID=22031) to work on /opt/airflow/dags/rugby_pipeline.py
[2026-01-01T21:37:37.071+0000] {processor.py:830} INFO - Processing file /opt/airflow/dags/rugby_pipeline.py for tasks to queue
[2026-01-01T21:37:37.073+0000] {logging_mixin.py:188} INFO - [2026-01-01T21:37:37.072+0000] {dagbag.py:538} INFO - Filling up the DagBag from /opt/airflow/dags/rugby_pipeline.py
[2026-01-01T21:37:37.109+0000] {processor.py:840} INFO - DAG(s) 'rugby_pipeline' retrieved from /opt/airflow/dags/rugby_pipeline.py
[2026-01-01T21:37:37.147+0000] {logging_mixin.py:188} INFO - [2026-01-01T21:37:37.146+0000] {dag.py:3036} INFO - Sync 1 DAGs
[2026-01-01T21:37:37.184+0000] {logging_mixin.py:188} INFO - [2026-01-01T21:37:37.184+0000] {dag.py:3823} INFO - Setting next_dagrun for rugby_pipeline to 2025-12-31 00:00:00+00:00, run_after=2026-01-01 00:00:00+00:00
[2026-01-01T21:37:37.258+0000] {processor.py:183} INFO - Processing /opt/airflow/dags/rugby_pipeline.py took 0.201 seconds
[2026-01-01T21:38:07.911+0000] {processor.py:161} INFO - Started process (PID=22051) to work on /opt/airflow/dags/rugby_pipeline.py
[2026-01-01T21:38:07.915+0000] {processor.py:830} INFO - Processing file /opt/airflow/dags/rugby_pipeline.py for tasks to queue
[2026-01-01T21:38:07.919+0000] {logging_mixin.py:188} INFO - [2026-01-01T21:38:07.918+0000] {dagbag.py:538} INFO - Filling up the DagBag from /opt/airflow/dags/rugby_pipeline.py
[2026-01-01T21:38:07.963+0000] {processor.py:840} INFO - DAG(s) 'rugby_pipeline' retrieved from /opt/airflow/dags/rugby_pipeline.py
[2026-01-01T21:38:08.009+0000] {logging_mixin.py:188} INFO - [2026-01-01T21:38:08.008+0000] {dag.py:3036} INFO - Sync 1 DAGs
[2026-01-01T21:38:08.049+0000] {logging_mixin.py:188} INFO - [2026-01-01T21:38:08.049+0000] {dag.py:3823} INFO - Setting next_dagrun for rugby_pipeline to 2025-12-31 00:00:00+00:00, run_after=2026-01-01 00:00:00+00:00
[2026-01-01T21:38:08.114+0000] {processor.py:183} INFO - Processing /opt/airflow/dags/rugby_pipeline.py took 0.213 seconds
[2026-01-01T21:38:38.725+0000] {processor.py:161} INFO - Started process (PID=22071) to work on /opt/airflow/dags/rugby_pipeline.py
[2026-01-01T21:38:38.727+0000] {processor.py:830} INFO - Processing file /opt/airflow/dags/rugby_pipeline.py for tasks to queue
[2026-01-01T21:38:38.730+0000] {logging_mixin.py:188} INFO - [2026-01-01T21:38:38.729+0000] {dagbag.py:538} INFO - Filling up the DagBag from /opt/airflow/dags/rugby_pipeline.py
[2026-01-01T21:38:38.771+0000] {processor.py:840} INFO - DAG(s) 'rugby_pipeline' retrieved from /opt/airflow/dags/rugby_pipeline.py
[2026-01-01T21:38:38.826+0000] {logging_mixin.py:188} INFO - [2026-01-01T21:38:38.825+0000] {dag.py:3036} INFO - Sync 1 DAGs
[2026-01-01T21:38:38.865+0000] {logging_mixin.py:188} INFO - [2026-01-01T21:38:38.865+0000] {dag.py:3823} INFO - Setting next_dagrun for rugby_pipeline to 2025-12-31 00:00:00+00:00, run_after=2026-01-01 00:00:00+00:00
[2026-01-01T21:38:38.895+0000] {processor.py:183} INFO - Processing /opt/airflow/dags/rugby_pipeline.py took 0.178 seconds
[2026-01-01T21:39:09.416+0000] {processor.py:161} INFO - Started process (PID=22091) to work on /opt/airflow/dags/rugby_pipeline.py
[2026-01-01T21:39:09.419+0000] {processor.py:830} INFO - Processing file /opt/airflow/dags/rugby_pipeline.py for tasks to queue
[2026-01-01T21:39:09.420+0000] {logging_mixin.py:188} INFO - [2026-01-01T21:39:09.420+0000] {dagbag.py:538} INFO - Filling up the DagBag from /opt/airflow/dags/rugby_pipeline.py
[2026-01-01T21:39:09.457+0000] {processor.py:840} INFO - DAG(s) 'rugby_pipeline' retrieved from /opt/airflow/dags/rugby_pipeline.py
[2026-01-01T21:39:09.503+0000] {logging_mixin.py:188} INFO - [2026-01-01T21:39:09.502+0000] {dag.py:3036} INFO - Sync 1 DAGs
[2026-01-01T21:39:09.561+0000] {logging_mixin.py:188} INFO - [2026-01-01T21:39:09.561+0000] {dag.py:3823} INFO - Setting next_dagrun for rugby_pipeline to 2025-12-31 00:00:00+00:00, run_after=2026-01-01 00:00:00+00:00
[2026-01-01T21:39:09.593+0000] {processor.py:183} INFO - Processing /opt/airflow/dags/rugby_pipeline.py took 0.183 seconds
[2026-01-01T21:39:40.124+0000] {processor.py:161} INFO - Started process (PID=22111) to work on /opt/airflow/dags/rugby_pipeline.py
[2026-01-01T21:39:40.126+0000] {processor.py:830} INFO - Processing file /opt/airflow/dags/rugby_pipeline.py for tasks to queue
[2026-01-01T21:39:40.128+0000] {logging_mixin.py:188} INFO - [2026-01-01T21:39:40.128+0000] {dagbag.py:538} INFO - Filling up the DagBag from /opt/airflow/dags/rugby_pipeline.py
[2026-01-01T21:39:40.165+0000] {processor.py:840} INFO - DAG(s) 'rugby_pipeline' retrieved from /opt/airflow/dags/rugby_pipeline.py
[2026-01-01T21:39:40.204+0000] {logging_mixin.py:188} INFO - [2026-01-01T21:39:40.204+0000] {dag.py:3036} INFO - Sync 1 DAGs
[2026-01-01T21:39:40.246+0000] {logging_mixin.py:188} INFO - [2026-01-01T21:39:40.245+0000] {dag.py:3823} INFO - Setting next_dagrun for rugby_pipeline to 2025-12-31 00:00:00+00:00, run_after=2026-01-01 00:00:00+00:00
[2026-01-01T21:39:40.314+0000] {processor.py:183} INFO - Processing /opt/airflow/dags/rugby_pipeline.py took 0.199 seconds
[2026-01-01T21:40:10.889+0000] {processor.py:161} INFO - Started process (PID=22131) to work on /opt/airflow/dags/rugby_pipeline.py
[2026-01-01T21:40:10.891+0000] {processor.py:830} INFO - Processing file /opt/airflow/dags/rugby_pipeline.py for tasks to queue
[2026-01-01T21:40:10.893+0000] {logging_mixin.py:188} INFO - [2026-01-01T21:40:10.892+0000] {dagbag.py:538} INFO - Filling up the DagBag from /opt/airflow/dags/rugby_pipeline.py
[2026-01-01T21:40:10.931+0000] {processor.py:840} INFO - DAG(s) 'rugby_pipeline' retrieved from /opt/airflow/dags/rugby_pipeline.py
[2026-01-01T21:40:10.977+0000] {logging_mixin.py:188} INFO - [2026-01-01T21:40:10.976+0000] {dag.py:3036} INFO - Sync 1 DAGs
[2026-01-01T21:40:11.024+0000] {logging_mixin.py:188} INFO - [2026-01-01T21:40:11.023+0000] {dag.py:3823} INFO - Setting next_dagrun for rugby_pipeline to 2025-12-31 00:00:00+00:00, run_after=2026-01-01 00:00:00+00:00
[2026-01-01T21:40:11.100+0000] {processor.py:183} INFO - Processing /opt/airflow/dags/rugby_pipeline.py took 0.218 seconds
[2026-01-01T21:40:41.604+0000] {processor.py:161} INFO - Started process (PID=22151) to work on /opt/airflow/dags/rugby_pipeline.py
[2026-01-01T21:40:41.607+0000] {processor.py:830} INFO - Processing file /opt/airflow/dags/rugby_pipeline.py for tasks to queue
[2026-01-01T21:40:41.609+0000] {logging_mixin.py:188} INFO - [2026-01-01T21:40:41.608+0000] {dagbag.py:538} INFO - Filling up the DagBag from /opt/airflow/dags/rugby_pipeline.py
[2026-01-01T21:40:41.646+0000] {processor.py:840} INFO - DAG(s) 'rugby_pipeline' retrieved from /opt/airflow/dags/rugby_pipeline.py
[2026-01-01T21:40:41.689+0000] {logging_mixin.py:188} INFO - [2026-01-01T21:40:41.688+0000] {dag.py:3036} INFO - Sync 1 DAGs
[2026-01-01T21:40:41.730+0000] {logging_mixin.py:188} INFO - [2026-01-01T21:40:41.729+0000] {dag.py:3823} INFO - Setting next_dagrun for rugby_pipeline to 2025-12-31 00:00:00+00:00, run_after=2026-01-01 00:00:00+00:00
[2026-01-01T21:40:41.799+0000] {processor.py:183} INFO - Processing /opt/airflow/dags/rugby_pipeline.py took 0.202 seconds
[2026-01-01T21:41:12.300+0000] {processor.py:161} INFO - Started process (PID=22171) to work on /opt/airflow/dags/rugby_pipeline.py
[2026-01-01T21:41:12.302+0000] {processor.py:830} INFO - Processing file /opt/airflow/dags/rugby_pipeline.py for tasks to queue
[2026-01-01T21:41:12.305+0000] {logging_mixin.py:188} INFO - [2026-01-01T21:41:12.304+0000] {dagbag.py:538} INFO - Filling up the DagBag from /opt/airflow/dags/rugby_pipeline.py
[2026-01-01T21:41:12.341+0000] {processor.py:840} INFO - DAG(s) 'rugby_pipeline' retrieved from /opt/airflow/dags/rugby_pipeline.py
[2026-01-01T21:41:12.383+0000] {logging_mixin.py:188} INFO - [2026-01-01T21:41:12.383+0000] {dag.py:3036} INFO - Sync 1 DAGs
[2026-01-01T21:41:12.424+0000] {logging_mixin.py:188} INFO - [2026-01-01T21:41:12.424+0000] {dag.py:3823} INFO - Setting next_dagrun for rugby_pipeline to 2025-12-31 00:00:00+00:00, run_after=2026-01-01 00:00:00+00:00
[2026-01-01T21:41:12.480+0000] {processor.py:183} INFO - Processing /opt/airflow/dags/rugby_pipeline.py took 0.189 seconds
[2026-01-01T21:41:42.986+0000] {processor.py:161} INFO - Started process (PID=22191) to work on /opt/airflow/dags/rugby_pipeline.py
[2026-01-01T21:41:42.988+0000] {processor.py:830} INFO - Processing file /opt/airflow/dags/rugby_pipeline.py for tasks to queue
[2026-01-01T21:41:42.990+0000] {logging_mixin.py:188} INFO - [2026-01-01T21:41:42.990+0000] {dagbag.py:538} INFO - Filling up the DagBag from /opt/airflow/dags/rugby_pipeline.py
[2026-01-01T21:41:43.027+0000] {processor.py:840} INFO - DAG(s) 'rugby_pipeline' retrieved from /opt/airflow/dags/rugby_pipeline.py
[2026-01-01T21:41:43.067+0000] {logging_mixin.py:188} INFO - [2026-01-01T21:41:43.066+0000] {dag.py:3036} INFO - Sync 1 DAGs
[2026-01-01T21:41:43.106+0000] {logging_mixin.py:188} INFO - [2026-01-01T21:41:43.106+0000] {dag.py:3823} INFO - Setting next_dagrun for rugby_pipeline to 2025-12-31 00:00:00+00:00, run_after=2026-01-01 00:00:00+00:00
[2026-01-01T21:41:43.174+0000] {processor.py:183} INFO - Processing /opt/airflow/dags/rugby_pipeline.py took 0.195 seconds
[2026-01-01T21:42:13.727+0000] {processor.py:161} INFO - Started process (PID=22211) to work on /opt/airflow/dags/rugby_pipeline.py
[2026-01-01T21:42:13.730+0000] {processor.py:830} INFO - Processing file /opt/airflow/dags/rugby_pipeline.py for tasks to queue
[2026-01-01T21:42:13.732+0000] {logging_mixin.py:188} INFO - [2026-01-01T21:42:13.731+0000] {dagbag.py:538} INFO - Filling up the DagBag from /opt/airflow/dags/rugby_pipeline.py
[2026-01-01T21:42:13.769+0000] {processor.py:840} INFO - DAG(s) 'rugby_pipeline' retrieved from /opt/airflow/dags/rugby_pipeline.py
[2026-01-01T21:42:13.810+0000] {logging_mixin.py:188} INFO - [2026-01-01T21:42:13.809+0000] {dag.py:3036} INFO - Sync 1 DAGs
[2026-01-01T21:42:13.849+0000] {logging_mixin.py:188} INFO - [2026-01-01T21:42:13.849+0000] {dag.py:3823} INFO - Setting next_dagrun for rugby_pipeline to 2025-12-31 00:00:00+00:00, run_after=2026-01-01 00:00:00+00:00
[2026-01-01T21:42:13.914+0000] {processor.py:183} INFO - Processing /opt/airflow/dags/rugby_pipeline.py took 0.195 seconds
[2026-01-01T21:42:44.445+0000] {processor.py:161} INFO - Started process (PID=22231) to work on /opt/airflow/dags/rugby_pipeline.py
[2026-01-01T21:42:44.447+0000] {processor.py:830} INFO - Processing file /opt/airflow/dags/rugby_pipeline.py for tasks to queue
[2026-01-01T21:42:44.449+0000] {logging_mixin.py:188} INFO - [2026-01-01T21:42:44.449+0000] {dagbag.py:538} INFO - Filling up the DagBag from /opt/airflow/dags/rugby_pipeline.py
[2026-01-01T21:42:44.491+0000] {processor.py:840} INFO - DAG(s) 'rugby_pipeline' retrieved from /opt/airflow/dags/rugby_pipeline.py
[2026-01-01T21:42:44.533+0000] {logging_mixin.py:188} INFO - [2026-01-01T21:42:44.533+0000] {dag.py:3036} INFO - Sync 1 DAGs
[2026-01-01T21:42:44.573+0000] {logging_mixin.py:188} INFO - [2026-01-01T21:42:44.573+0000] {dag.py:3823} INFO - Setting next_dagrun for rugby_pipeline to 2025-12-31 00:00:00+00:00, run_after=2026-01-01 00:00:00+00:00
[2026-01-01T21:42:44.606+0000] {processor.py:183} INFO - Processing /opt/airflow/dags/rugby_pipeline.py took 0.169 seconds
[2026-01-01T21:43:15.257+0000] {processor.py:161} INFO - Started process (PID=22251) to work on /opt/airflow/dags/rugby_pipeline.py
[2026-01-01T21:43:15.259+0000] {processor.py:830} INFO - Processing file /opt/airflow/dags/rugby_pipeline.py for tasks to queue
[2026-01-01T21:43:15.261+0000] {logging_mixin.py:188} INFO - [2026-01-01T21:43:15.260+0000] {dagbag.py:538} INFO - Filling up the DagBag from /opt/airflow/dags/rugby_pipeline.py
[2026-01-01T21:43:15.301+0000] {processor.py:840} INFO - DAG(s) 'rugby_pipeline' retrieved from /opt/airflow/dags/rugby_pipeline.py
[2026-01-01T21:43:15.342+0000] {logging_mixin.py:188} INFO - [2026-01-01T21:43:15.341+0000] {dag.py:3036} INFO - Sync 1 DAGs
[2026-01-01T21:43:15.381+0000] {logging_mixin.py:188} INFO - [2026-01-01T21:43:15.380+0000] {dag.py:3823} INFO - Setting next_dagrun for rugby_pipeline to 2025-12-31 00:00:00+00:00, run_after=2026-01-01 00:00:00+00:00
[2026-01-01T21:43:15.453+0000] {processor.py:183} INFO - Processing /opt/airflow/dags/rugby_pipeline.py took 0.204 seconds
[2026-01-01T21:43:46.059+0000] {processor.py:161} INFO - Started process (PID=22271) to work on /opt/airflow/dags/rugby_pipeline.py
[2026-01-01T21:43:46.062+0000] {processor.py:830} INFO - Processing file /opt/airflow/dags/rugby_pipeline.py for tasks to queue
[2026-01-01T21:43:46.064+0000] {logging_mixin.py:188} INFO - [2026-01-01T21:43:46.063+0000] {dagbag.py:538} INFO - Filling up the DagBag from /opt/airflow/dags/rugby_pipeline.py
[2026-01-01T21:43:46.104+0000] {processor.py:840} INFO - DAG(s) 'rugby_pipeline' retrieved from /opt/airflow/dags/rugby_pipeline.py
[2026-01-01T21:43:46.148+0000] {logging_mixin.py:188} INFO - [2026-01-01T21:43:46.148+0000] {dag.py:3036} INFO - Sync 1 DAGs
[2026-01-01T21:43:46.188+0000] {logging_mixin.py:188} INFO - [2026-01-01T21:43:46.188+0000] {dag.py:3823} INFO - Setting next_dagrun for rugby_pipeline to 2025-12-31 00:00:00+00:00, run_after=2026-01-01 00:00:00+00:00
[2026-01-01T21:43:46.259+0000] {processor.py:183} INFO - Processing /opt/airflow/dags/rugby_pipeline.py took 0.208 seconds
[2026-01-01T21:44:16.784+0000] {processor.py:161} INFO - Started process (PID=22291) to work on /opt/airflow/dags/rugby_pipeline.py
[2026-01-01T21:44:16.786+0000] {processor.py:830} INFO - Processing file /opt/airflow/dags/rugby_pipeline.py for tasks to queue
[2026-01-01T21:44:16.788+0000] {logging_mixin.py:188} INFO - [2026-01-01T21:44:16.788+0000] {dagbag.py:538} INFO - Filling up the DagBag from /opt/airflow/dags/rugby_pipeline.py
[2026-01-01T21:44:16.832+0000] {processor.py:840} INFO - DAG(s) 'rugby_pipeline' retrieved from /opt/airflow/dags/rugby_pipeline.py
[2026-01-01T21:44:16.876+0000] {logging_mixin.py:188} INFO - [2026-01-01T21:44:16.875+0000] {dag.py:3036} INFO - Sync 1 DAGs
[2026-01-01T21:44:16.916+0000] {logging_mixin.py:188} INFO - [2026-01-01T21:44:16.915+0000] {dag.py:3823} INFO - Setting next_dagrun for rugby_pipeline to 2025-12-31 00:00:00+00:00, run_after=2026-01-01 00:00:00+00:00
[2026-01-01T21:44:16.987+0000] {processor.py:183} INFO - Processing /opt/airflow/dags/rugby_pipeline.py took 0.210 seconds
[2026-01-01T21:44:47.767+0000] {processor.py:161} INFO - Started process (PID=22311) to work on /opt/airflow/dags/rugby_pipeline.py
[2026-01-01T21:44:47.770+0000] {processor.py:830} INFO - Processing file /opt/airflow/dags/rugby_pipeline.py for tasks to queue
[2026-01-01T21:44:47.771+0000] {logging_mixin.py:188} INFO - [2026-01-01T21:44:47.771+0000] {dagbag.py:538} INFO - Filling up the DagBag from /opt/airflow/dags/rugby_pipeline.py
[2026-01-01T21:44:47.810+0000] {processor.py:840} INFO - DAG(s) 'rugby_pipeline' retrieved from /opt/airflow/dags/rugby_pipeline.py
[2026-01-01T21:44:47.859+0000] {logging_mixin.py:188} INFO - [2026-01-01T21:44:47.859+0000] {dag.py:3036} INFO - Sync 1 DAGs
[2026-01-01T21:44:47.899+0000] {logging_mixin.py:188} INFO - [2026-01-01T21:44:47.899+0000] {dag.py:3823} INFO - Setting next_dagrun for rugby_pipeline to 2025-12-31 00:00:00+00:00, run_after=2026-01-01 00:00:00+00:00
[2026-01-01T21:44:47.968+0000] {processor.py:183} INFO - Processing /opt/airflow/dags/rugby_pipeline.py took 0.209 seconds
[2026-01-01T21:45:18.651+0000] {processor.py:161} INFO - Started process (PID=22331) to work on /opt/airflow/dags/rugby_pipeline.py
[2026-01-01T21:45:18.654+0000] {processor.py:830} INFO - Processing file /opt/airflow/dags/rugby_pipeline.py for tasks to queue
[2026-01-01T21:45:18.656+0000] {logging_mixin.py:188} INFO - [2026-01-01T21:45:18.655+0000] {dagbag.py:538} INFO - Filling up the DagBag from /opt/airflow/dags/rugby_pipeline.py
[2026-01-01T21:45:18.699+0000] {processor.py:840} INFO - DAG(s) 'rugby_pipeline' retrieved from /opt/airflow/dags/rugby_pipeline.py
[2026-01-01T21:45:18.751+0000] {logging_mixin.py:188} INFO - [2026-01-01T21:45:18.750+0000] {dag.py:3036} INFO - Sync 1 DAGs
[2026-01-01T21:45:18.796+0000] {logging_mixin.py:188} INFO - [2026-01-01T21:45:18.795+0000] {dag.py:3823} INFO - Setting next_dagrun for rugby_pipeline to 2025-12-31 00:00:00+00:00, run_after=2026-01-01 00:00:00+00:00
[2026-01-01T21:45:18.867+0000] {processor.py:183} INFO - Processing /opt/airflow/dags/rugby_pipeline.py took 0.223 seconds
[2026-01-01T21:45:49.381+0000] {processor.py:161} INFO - Started process (PID=22351) to work on /opt/airflow/dags/rugby_pipeline.py
[2026-01-01T21:45:49.384+0000] {processor.py:830} INFO - Processing file /opt/airflow/dags/rugby_pipeline.py for tasks to queue
[2026-01-01T21:45:49.385+0000] {logging_mixin.py:188} INFO - [2026-01-01T21:45:49.385+0000] {dagbag.py:538} INFO - Filling up the DagBag from /opt/airflow/dags/rugby_pipeline.py
[2026-01-01T21:45:49.425+0000] {processor.py:840} INFO - DAG(s) 'rugby_pipeline' retrieved from /opt/airflow/dags/rugby_pipeline.py
[2026-01-01T21:45:49.467+0000] {logging_mixin.py:188} INFO - [2026-01-01T21:45:49.466+0000] {dag.py:3036} INFO - Sync 1 DAGs
[2026-01-01T21:45:49.505+0000] {logging_mixin.py:188} INFO - [2026-01-01T21:45:49.505+0000] {dag.py:3823} INFO - Setting next_dagrun for rugby_pipeline to 2025-12-31 00:00:00+00:00, run_after=2026-01-01 00:00:00+00:00
[2026-01-01T21:45:49.574+0000] {processor.py:183} INFO - Processing /opt/airflow/dags/rugby_pipeline.py took 0.200 seconds
[2026-01-01T21:46:20.075+0000] {processor.py:161} INFO - Started process (PID=22371) to work on /opt/airflow/dags/rugby_pipeline.py
[2026-01-01T21:46:20.077+0000] {processor.py:830} INFO - Processing file /opt/airflow/dags/rugby_pipeline.py for tasks to queue
[2026-01-01T21:46:20.079+0000] {logging_mixin.py:188} INFO - [2026-01-01T21:46:20.079+0000] {dagbag.py:538} INFO - Filling up the DagBag from /opt/airflow/dags/rugby_pipeline.py
[2026-01-01T21:46:20.121+0000] {processor.py:840} INFO - DAG(s) 'rugby_pipeline' retrieved from /opt/airflow/dags/rugby_pipeline.py
[2026-01-01T21:46:20.168+0000] {logging_mixin.py:188} INFO - [2026-01-01T21:46:20.167+0000] {dag.py:3036} INFO - Sync 1 DAGs
[2026-01-01T21:46:20.210+0000] {logging_mixin.py:188} INFO - [2026-01-01T21:46:20.210+0000] {dag.py:3823} INFO - Setting next_dagrun for rugby_pipeline to 2025-12-31 00:00:00+00:00, run_after=2026-01-01 00:00:00+00:00
[2026-01-01T21:46:20.244+0000] {processor.py:183} INFO - Processing /opt/airflow/dags/rugby_pipeline.py took 0.178 seconds
[2026-01-01T21:46:50.867+0000] {processor.py:161} INFO - Started process (PID=22391) to work on /opt/airflow/dags/rugby_pipeline.py
[2026-01-01T21:46:50.869+0000] {processor.py:830} INFO - Processing file /opt/airflow/dags/rugby_pipeline.py for tasks to queue
[2026-01-01T21:46:50.871+0000] {logging_mixin.py:188} INFO - [2026-01-01T21:46:50.870+0000] {dagbag.py:538} INFO - Filling up the DagBag from /opt/airflow/dags/rugby_pipeline.py
[2026-01-01T21:46:50.913+0000] {processor.py:840} INFO - DAG(s) 'rugby_pipeline' retrieved from /opt/airflow/dags/rugby_pipeline.py
[2026-01-01T21:46:50.954+0000] {logging_mixin.py:188} INFO - [2026-01-01T21:46:50.953+0000] {dag.py:3036} INFO - Sync 1 DAGs
[2026-01-01T21:46:50.996+0000] {logging_mixin.py:188} INFO - [2026-01-01T21:46:50.996+0000] {dag.py:3823} INFO - Setting next_dagrun for rugby_pipeline to 2025-12-31 00:00:00+00:00, run_after=2026-01-01 00:00:00+00:00
[2026-01-01T21:46:51.029+0000] {processor.py:183} INFO - Processing /opt/airflow/dags/rugby_pipeline.py took 0.170 seconds
[2026-01-01T21:47:21.750+0000] {processor.py:161} INFO - Started process (PID=22411) to work on /opt/airflow/dags/rugby_pipeline.py
[2026-01-01T21:47:21.752+0000] {processor.py:830} INFO - Processing file /opt/airflow/dags/rugby_pipeline.py for tasks to queue
[2026-01-01T21:47:21.754+0000] {logging_mixin.py:188} INFO - [2026-01-01T21:47:21.753+0000] {dagbag.py:538} INFO - Filling up the DagBag from /opt/airflow/dags/rugby_pipeline.py
[2026-01-01T21:47:21.798+0000] {processor.py:840} INFO - DAG(s) 'rugby_pipeline' retrieved from /opt/airflow/dags/rugby_pipeline.py
[2026-01-01T21:47:21.849+0000] {logging_mixin.py:188} INFO - [2026-01-01T21:47:21.848+0000] {dag.py:3036} INFO - Sync 1 DAGs
[2026-01-01T21:47:21.892+0000] {logging_mixin.py:188} INFO - [2026-01-01T21:47:21.892+0000] {dag.py:3823} INFO - Setting next_dagrun for rugby_pipeline to 2025-12-31 00:00:00+00:00, run_after=2026-01-01 00:00:00+00:00
[2026-01-01T21:47:21.963+0000] {processor.py:183} INFO - Processing /opt/airflow/dags/rugby_pipeline.py took 0.221 seconds
[2026-01-01T21:47:52.589+0000] {processor.py:161} INFO - Started process (PID=22431) to work on /opt/airflow/dags/rugby_pipeline.py
[2026-01-01T21:47:52.592+0000] {processor.py:830} INFO - Processing file /opt/airflow/dags/rugby_pipeline.py for tasks to queue
[2026-01-01T21:47:52.594+0000] {logging_mixin.py:188} INFO - [2026-01-01T21:47:52.593+0000] {dagbag.py:538} INFO - Filling up the DagBag from /opt/airflow/dags/rugby_pipeline.py
[2026-01-01T21:47:52.634+0000] {processor.py:840} INFO - DAG(s) 'rugby_pipeline' retrieved from /opt/airflow/dags/rugby_pipeline.py
[2026-01-01T21:47:52.700+0000] {logging_mixin.py:188} INFO - [2026-01-01T21:47:52.699+0000] {dag.py:3036} INFO - Sync 1 DAGs
[2026-01-01T21:47:52.741+0000] {logging_mixin.py:188} INFO - [2026-01-01T21:47:52.740+0000] {dag.py:3823} INFO - Setting next_dagrun for rugby_pipeline to 2025-12-31 00:00:00+00:00, run_after=2026-01-01 00:00:00+00:00
[2026-01-01T21:47:52.773+0000] {processor.py:183} INFO - Processing /opt/airflow/dags/rugby_pipeline.py took 0.190 seconds
[2026-01-01T21:48:23.660+0000] {processor.py:161} INFO - Started process (PID=22451) to work on /opt/airflow/dags/rugby_pipeline.py
[2026-01-01T21:48:23.663+0000] {processor.py:830} INFO - Processing file /opt/airflow/dags/rugby_pipeline.py for tasks to queue
[2026-01-01T21:48:23.665+0000] {logging_mixin.py:188} INFO - [2026-01-01T21:48:23.664+0000] {dagbag.py:538} INFO - Filling up the DagBag from /opt/airflow/dags/rugby_pipeline.py
[2026-01-01T21:48:23.706+0000] {processor.py:840} INFO - DAG(s) 'rugby_pipeline' retrieved from /opt/airflow/dags/rugby_pipeline.py
[2026-01-01T21:48:23.754+0000] {logging_mixin.py:188} INFO - [2026-01-01T21:48:23.754+0000] {dag.py:3036} INFO - Sync 1 DAGs
[2026-01-01T21:48:23.795+0000] {logging_mixin.py:188} INFO - [2026-01-01T21:48:23.795+0000] {dag.py:3823} INFO - Setting next_dagrun for rugby_pipeline to 2025-12-31 00:00:00+00:00, run_after=2026-01-01 00:00:00+00:00
[2026-01-01T21:48:23.864+0000] {processor.py:183} INFO - Processing /opt/airflow/dags/rugby_pipeline.py took 0.212 seconds
[2026-01-01T21:48:54.365+0000] {processor.py:161} INFO - Started process (PID=22471) to work on /opt/airflow/dags/rugby_pipeline.py
[2026-01-01T21:48:54.367+0000] {processor.py:830} INFO - Processing file /opt/airflow/dags/rugby_pipeline.py for tasks to queue
[2026-01-01T21:48:54.369+0000] {logging_mixin.py:188} INFO - [2026-01-01T21:48:54.368+0000] {dagbag.py:538} INFO - Filling up the DagBag from /opt/airflow/dags/rugby_pipeline.py
[2026-01-01T21:48:54.412+0000] {processor.py:840} INFO - DAG(s) 'rugby_pipeline' retrieved from /opt/airflow/dags/rugby_pipeline.py
[2026-01-01T21:48:54.461+0000] {logging_mixin.py:188} INFO - [2026-01-01T21:48:54.460+0000] {dag.py:3036} INFO - Sync 1 DAGs
[2026-01-01T21:48:54.554+0000] {logging_mixin.py:188} INFO - [2026-01-01T21:48:54.553+0000] {dag.py:3823} INFO - Setting next_dagrun for rugby_pipeline to 2025-12-31 00:00:00+00:00, run_after=2026-01-01 00:00:00+00:00
[2026-01-01T21:48:54.649+0000] {processor.py:183} INFO - Processing /opt/airflow/dags/rugby_pipeline.py took 0.293 seconds
[2026-01-01T21:49:25.165+0000] {processor.py:161} INFO - Started process (PID=22491) to work on /opt/airflow/dags/rugby_pipeline.py
[2026-01-01T21:49:25.167+0000] {processor.py:830} INFO - Processing file /opt/airflow/dags/rugby_pipeline.py for tasks to queue
[2026-01-01T21:49:25.169+0000] {logging_mixin.py:188} INFO - [2026-01-01T21:49:25.168+0000] {dagbag.py:538} INFO - Filling up the DagBag from /opt/airflow/dags/rugby_pipeline.py
[2026-01-01T21:49:25.211+0000] {processor.py:840} INFO - DAG(s) 'rugby_pipeline' retrieved from /opt/airflow/dags/rugby_pipeline.py
[2026-01-01T21:49:25.253+0000] {logging_mixin.py:188} INFO - [2026-01-01T21:49:25.253+0000] {dag.py:3036} INFO - Sync 1 DAGs
[2026-01-01T21:49:25.292+0000] {logging_mixin.py:188} INFO - [2026-01-01T21:49:25.291+0000] {dag.py:3823} INFO - Setting next_dagrun for rugby_pipeline to 2025-12-31 00:00:00+00:00, run_after=2026-01-01 00:00:00+00:00
[2026-01-01T21:49:25.365+0000] {processor.py:183} INFO - Processing /opt/airflow/dags/rugby_pipeline.py took 0.209 seconds
[2026-01-01T21:49:56.071+0000] {processor.py:161} INFO - Started process (PID=22511) to work on /opt/airflow/dags/rugby_pipeline.py
[2026-01-01T21:49:56.074+0000] {processor.py:830} INFO - Processing file /opt/airflow/dags/rugby_pipeline.py for tasks to queue
[2026-01-01T21:49:56.075+0000] {logging_mixin.py:188} INFO - [2026-01-01T21:49:56.075+0000] {dagbag.py:538} INFO - Filling up the DagBag from /opt/airflow/dags/rugby_pipeline.py
[2026-01-01T21:49:56.111+0000] {processor.py:840} INFO - DAG(s) 'rugby_pipeline' retrieved from /opt/airflow/dags/rugby_pipeline.py
[2026-01-01T21:49:56.150+0000] {logging_mixin.py:188} INFO - [2026-01-01T21:49:56.150+0000] {dag.py:3036} INFO - Sync 1 DAGs
[2026-01-01T21:49:56.188+0000] {logging_mixin.py:188} INFO - [2026-01-01T21:49:56.188+0000] {dag.py:3823} INFO - Setting next_dagrun for rugby_pipeline to 2025-12-31 00:00:00+00:00, run_after=2026-01-01 00:00:00+00:00
[2026-01-01T21:49:56.261+0000] {processor.py:183} INFO - Processing /opt/airflow/dags/rugby_pipeline.py took 0.197 seconds
[2026-01-01T21:50:26.931+0000] {processor.py:161} INFO - Started process (PID=22531) to work on /opt/airflow/dags/rugby_pipeline.py
[2026-01-01T21:50:26.933+0000] {processor.py:830} INFO - Processing file /opt/airflow/dags/rugby_pipeline.py for tasks to queue
[2026-01-01T21:50:26.935+0000] {logging_mixin.py:188} INFO - [2026-01-01T21:50:26.935+0000] {dagbag.py:538} INFO - Filling up the DagBag from /opt/airflow/dags/rugby_pipeline.py
[2026-01-01T21:50:26.974+0000] {processor.py:840} INFO - DAG(s) 'rugby_pipeline' retrieved from /opt/airflow/dags/rugby_pipeline.py
[2026-01-01T21:50:27.016+0000] {logging_mixin.py:188} INFO - [2026-01-01T21:50:27.015+0000] {dag.py:3036} INFO - Sync 1 DAGs
[2026-01-01T21:50:27.054+0000] {logging_mixin.py:188} INFO - [2026-01-01T21:50:27.054+0000] {dag.py:3823} INFO - Setting next_dagrun for rugby_pipeline to 2025-12-31 00:00:00+00:00, run_after=2026-01-01 00:00:00+00:00
[2026-01-01T21:50:27.116+0000] {processor.py:183} INFO - Processing /opt/airflow/dags/rugby_pipeline.py took 0.194 seconds
[2026-01-01T21:50:57.814+0000] {processor.py:161} INFO - Started process (PID=22551) to work on /opt/airflow/dags/rugby_pipeline.py
[2026-01-01T21:50:57.817+0000] {processor.py:830} INFO - Processing file /opt/airflow/dags/rugby_pipeline.py for tasks to queue
[2026-01-01T21:50:57.819+0000] {logging_mixin.py:188} INFO - [2026-01-01T21:50:57.819+0000] {dagbag.py:538} INFO - Filling up the DagBag from /opt/airflow/dags/rugby_pipeline.py
[2026-01-01T21:50:57.857+0000] {processor.py:840} INFO - DAG(s) 'rugby_pipeline' retrieved from /opt/airflow/dags/rugby_pipeline.py
[2026-01-01T21:50:57.894+0000] {logging_mixin.py:188} INFO - [2026-01-01T21:50:57.894+0000] {dag.py:3036} INFO - Sync 1 DAGs
[2026-01-01T21:50:57.935+0000] {logging_mixin.py:188} INFO - [2026-01-01T21:50:57.934+0000] {dag.py:3823} INFO - Setting next_dagrun for rugby_pipeline to 2025-12-31 00:00:00+00:00, run_after=2026-01-01 00:00:00+00:00
[2026-01-01T21:50:58.006+0000] {processor.py:183} INFO - Processing /opt/airflow/dags/rugby_pipeline.py took 0.204 seconds
[2026-01-01T21:51:28.505+0000] {processor.py:161} INFO - Started process (PID=22571) to work on /opt/airflow/dags/rugby_pipeline.py
[2026-01-01T21:51:28.508+0000] {processor.py:830} INFO - Processing file /opt/airflow/dags/rugby_pipeline.py for tasks to queue
[2026-01-01T21:51:28.510+0000] {logging_mixin.py:188} INFO - [2026-01-01T21:51:28.509+0000] {dagbag.py:538} INFO - Filling up the DagBag from /opt/airflow/dags/rugby_pipeline.py
[2026-01-01T21:51:28.550+0000] {processor.py:840} INFO - DAG(s) 'rugby_pipeline' retrieved from /opt/airflow/dags/rugby_pipeline.py
[2026-01-01T21:51:28.591+0000] {logging_mixin.py:188} INFO - [2026-01-01T21:51:28.590+0000] {dag.py:3036} INFO - Sync 1 DAGs
[2026-01-01T21:51:28.629+0000] {logging_mixin.py:188} INFO - [2026-01-01T21:51:28.629+0000] {dag.py:3823} INFO - Setting next_dagrun for rugby_pipeline to 2025-12-31 00:00:00+00:00, run_after=2026-01-01 00:00:00+00:00
[2026-01-01T21:51:28.700+0000] {processor.py:183} INFO - Processing /opt/airflow/dags/rugby_pipeline.py took 0.203 seconds
[2026-01-01T21:51:59.210+0000] {processor.py:161} INFO - Started process (PID=22591) to work on /opt/airflow/dags/rugby_pipeline.py
[2026-01-01T21:51:59.213+0000] {processor.py:830} INFO - Processing file /opt/airflow/dags/rugby_pipeline.py for tasks to queue
[2026-01-01T21:51:59.215+0000] {logging_mixin.py:188} INFO - [2026-01-01T21:51:59.215+0000] {dagbag.py:538} INFO - Filling up the DagBag from /opt/airflow/dags/rugby_pipeline.py
[2026-01-01T21:51:59.255+0000] {processor.py:840} INFO - DAG(s) 'rugby_pipeline' retrieved from /opt/airflow/dags/rugby_pipeline.py
[2026-01-01T21:51:59.296+0000] {logging_mixin.py:188} INFO - [2026-01-01T21:51:59.295+0000] {dag.py:3036} INFO - Sync 1 DAGs
[2026-01-01T21:51:59.335+0000] {logging_mixin.py:188} INFO - [2026-01-01T21:51:59.334+0000] {dag.py:3823} INFO - Setting next_dagrun for rugby_pipeline to 2025-12-31 00:00:00+00:00, run_after=2026-01-01 00:00:00+00:00
[2026-01-01T21:51:59.403+0000] {processor.py:183} INFO - Processing /opt/airflow/dags/rugby_pipeline.py took 0.201 seconds
[2026-01-01T21:52:30.086+0000] {processor.py:161} INFO - Started process (PID=22611) to work on /opt/airflow/dags/rugby_pipeline.py
[2026-01-01T21:52:30.089+0000] {processor.py:830} INFO - Processing file /opt/airflow/dags/rugby_pipeline.py for tasks to queue
[2026-01-01T21:52:30.091+0000] {logging_mixin.py:188} INFO - [2026-01-01T21:52:30.090+0000] {dagbag.py:538} INFO - Filling up the DagBag from /opt/airflow/dags/rugby_pipeline.py
[2026-01-01T21:52:30.126+0000] {processor.py:840} INFO - DAG(s) 'rugby_pipeline' retrieved from /opt/airflow/dags/rugby_pipeline.py
[2026-01-01T21:52:30.175+0000] {logging_mixin.py:188} INFO - [2026-01-01T21:52:30.175+0000] {dag.py:3036} INFO - Sync 1 DAGs
[2026-01-01T21:52:30.218+0000] {logging_mixin.py:188} INFO - [2026-01-01T21:52:30.218+0000] {dag.py:3823} INFO - Setting next_dagrun for rugby_pipeline to 2025-12-31 00:00:00+00:00, run_after=2026-01-01 00:00:00+00:00
[2026-01-01T21:52:30.291+0000] {processor.py:183} INFO - Processing /opt/airflow/dags/rugby_pipeline.py took 0.212 seconds
[2026-01-01T21:53:00.814+0000] {processor.py:161} INFO - Started process (PID=22631) to work on /opt/airflow/dags/rugby_pipeline.py
[2026-01-01T21:53:00.816+0000] {processor.py:830} INFO - Processing file /opt/airflow/dags/rugby_pipeline.py for tasks to queue
[2026-01-01T21:53:00.818+0000] {logging_mixin.py:188} INFO - [2026-01-01T21:53:00.817+0000] {dagbag.py:538} INFO - Filling up the DagBag from /opt/airflow/dags/rugby_pipeline.py
[2026-01-01T21:53:00.855+0000] {processor.py:840} INFO - DAG(s) 'rugby_pipeline' retrieved from /opt/airflow/dags/rugby_pipeline.py
[2026-01-01T21:53:00.901+0000] {logging_mixin.py:188} INFO - [2026-01-01T21:53:00.900+0000] {dag.py:3036} INFO - Sync 1 DAGs
[2026-01-01T21:53:00.947+0000] {logging_mixin.py:188} INFO - [2026-01-01T21:53:00.947+0000] {dag.py:3823} INFO - Setting next_dagrun for rugby_pipeline to 2025-12-31 00:00:00+00:00, run_after=2026-01-01 00:00:00+00:00
[2026-01-01T21:53:01.032+0000] {processor.py:183} INFO - Processing /opt/airflow/dags/rugby_pipeline.py took 0.228 seconds
[2026-01-01T21:53:31.642+0000] {processor.py:161} INFO - Started process (PID=22651) to work on /opt/airflow/dags/rugby_pipeline.py
[2026-01-01T21:53:31.645+0000] {processor.py:830} INFO - Processing file /opt/airflow/dags/rugby_pipeline.py for tasks to queue
[2026-01-01T21:53:31.648+0000] {logging_mixin.py:188} INFO - [2026-01-01T21:53:31.647+0000] {dagbag.py:538} INFO - Filling up the DagBag from /opt/airflow/dags/rugby_pipeline.py
[2026-01-01T21:53:31.713+0000] {processor.py:840} INFO - DAG(s) 'rugby_pipeline' retrieved from /opt/airflow/dags/rugby_pipeline.py
[2026-01-01T21:53:31.774+0000] {logging_mixin.py:188} INFO - [2026-01-01T21:53:31.773+0000] {dag.py:3036} INFO - Sync 1 DAGs
[2026-01-01T21:53:31.831+0000] {logging_mixin.py:188} INFO - [2026-01-01T21:53:31.830+0000] {dag.py:3823} INFO - Setting next_dagrun for rugby_pipeline to 2025-12-31 00:00:00+00:00, run_after=2026-01-01 00:00:00+00:00
[2026-01-01T21:53:31.874+0000] {processor.py:183} INFO - Processing /opt/airflow/dags/rugby_pipeline.py took 0.240 seconds
[2026-01-01T21:54:02.794+0000] {processor.py:161} INFO - Started process (PID=22671) to work on /opt/airflow/dags/rugby_pipeline.py
[2026-01-01T21:54:02.797+0000] {processor.py:830} INFO - Processing file /opt/airflow/dags/rugby_pipeline.py for tasks to queue
[2026-01-01T21:54:02.800+0000] {logging_mixin.py:188} INFO - [2026-01-01T21:54:02.799+0000] {dagbag.py:538} INFO - Filling up the DagBag from /opt/airflow/dags/rugby_pipeline.py
[2026-01-01T21:54:02.847+0000] {processor.py:840} INFO - DAG(s) 'rugby_pipeline' retrieved from /opt/airflow/dags/rugby_pipeline.py
[2026-01-01T21:54:02.892+0000] {logging_mixin.py:188} INFO - [2026-01-01T21:54:02.891+0000] {dag.py:3036} INFO - Sync 1 DAGs
[2026-01-01T21:54:02.937+0000] {logging_mixin.py:188} INFO - [2026-01-01T21:54:02.937+0000] {dag.py:3823} INFO - Setting next_dagrun for rugby_pipeline to 2025-12-31 00:00:00+00:00, run_after=2026-01-01 00:00:00+00:00
[2026-01-01T21:54:03.017+0000] {processor.py:183} INFO - Processing /opt/airflow/dags/rugby_pipeline.py took 0.230 seconds
[2026-01-01T21:54:33.561+0000] {processor.py:161} INFO - Started process (PID=22691) to work on /opt/airflow/dags/rugby_pipeline.py
[2026-01-01T21:54:33.563+0000] {processor.py:830} INFO - Processing file /opt/airflow/dags/rugby_pipeline.py for tasks to queue
[2026-01-01T21:54:33.565+0000] {logging_mixin.py:188} INFO - [2026-01-01T21:54:33.564+0000] {dagbag.py:538} INFO - Filling up the DagBag from /opt/airflow/dags/rugby_pipeline.py
[2026-01-01T21:54:33.602+0000] {processor.py:840} INFO - DAG(s) 'rugby_pipeline' retrieved from /opt/airflow/dags/rugby_pipeline.py
[2026-01-01T21:54:33.645+0000] {logging_mixin.py:188} INFO - [2026-01-01T21:54:33.644+0000] {dag.py:3036} INFO - Sync 1 DAGs
[2026-01-01T21:54:33.685+0000] {logging_mixin.py:188} INFO - [2026-01-01T21:54:33.685+0000] {dag.py:3823} INFO - Setting next_dagrun for rugby_pipeline to 2025-12-31 00:00:00+00:00, run_after=2026-01-01 00:00:00+00:00
[2026-01-01T21:54:33.752+0000] {processor.py:183} INFO - Processing /opt/airflow/dags/rugby_pipeline.py took 0.198 seconds
[2026-01-01T21:55:04.390+0000] {processor.py:161} INFO - Started process (PID=22711) to work on /opt/airflow/dags/rugby_pipeline.py
[2026-01-01T21:55:04.392+0000] {processor.py:830} INFO - Processing file /opt/airflow/dags/rugby_pipeline.py for tasks to queue
[2026-01-01T21:55:04.395+0000] {logging_mixin.py:188} INFO - [2026-01-01T21:55:04.394+0000] {dagbag.py:538} INFO - Filling up the DagBag from /opt/airflow/dags/rugby_pipeline.py
[2026-01-01T21:55:04.456+0000] {processor.py:840} INFO - DAG(s) 'rugby_pipeline' retrieved from /opt/airflow/dags/rugby_pipeline.py
[2026-01-01T21:55:04.506+0000] {logging_mixin.py:188} INFO - [2026-01-01T21:55:04.506+0000] {dag.py:3036} INFO - Sync 1 DAGs
[2026-01-01T21:55:04.561+0000] {logging_mixin.py:188} INFO - [2026-01-01T21:55:04.560+0000] {dag.py:3823} INFO - Setting next_dagrun for rugby_pipeline to 2025-12-31 00:00:00+00:00, run_after=2026-01-01 00:00:00+00:00
[2026-01-01T21:55:04.604+0000] {processor.py:183} INFO - Processing /opt/airflow/dags/rugby_pipeline.py took 0.222 seconds
[2026-01-01T21:55:35.279+0000] {processor.py:161} INFO - Started process (PID=22731) to work on /opt/airflow/dags/rugby_pipeline.py
[2026-01-01T21:55:35.283+0000] {processor.py:830} INFO - Processing file /opt/airflow/dags/rugby_pipeline.py for tasks to queue
[2026-01-01T21:55:35.285+0000] {logging_mixin.py:188} INFO - [2026-01-01T21:55:35.285+0000] {dagbag.py:538} INFO - Filling up the DagBag from /opt/airflow/dags/rugby_pipeline.py
[2026-01-01T21:55:35.329+0000] {processor.py:840} INFO - DAG(s) 'rugby_pipeline' retrieved from /opt/airflow/dags/rugby_pipeline.py
[2026-01-01T21:55:35.374+0000] {logging_mixin.py:188} INFO - [2026-01-01T21:55:35.374+0000] {dag.py:3036} INFO - Sync 1 DAGs
[2026-01-01T21:55:35.415+0000] {logging_mixin.py:188} INFO - [2026-01-01T21:55:35.415+0000] {dag.py:3823} INFO - Setting next_dagrun for rugby_pipeline to 2025-12-31 00:00:00+00:00, run_after=2026-01-01 00:00:00+00:00
[2026-01-01T21:55:35.492+0000] {processor.py:183} INFO - Processing /opt/airflow/dags/rugby_pipeline.py took 0.221 seconds
[2026-01-01T21:56:06.157+0000] {processor.py:161} INFO - Started process (PID=22751) to work on /opt/airflow/dags/rugby_pipeline.py
[2026-01-01T21:56:06.160+0000] {processor.py:830} INFO - Processing file /opt/airflow/dags/rugby_pipeline.py for tasks to queue
[2026-01-01T21:56:06.162+0000] {logging_mixin.py:188} INFO - [2026-01-01T21:56:06.161+0000] {dagbag.py:538} INFO - Filling up the DagBag from /opt/airflow/dags/rugby_pipeline.py
[2026-01-01T21:56:06.211+0000] {processor.py:840} INFO - DAG(s) 'rugby_pipeline' retrieved from /opt/airflow/dags/rugby_pipeline.py
[2026-01-01T21:56:06.266+0000] {logging_mixin.py:188} INFO - [2026-01-01T21:56:06.265+0000] {dag.py:3036} INFO - Sync 1 DAGs
[2026-01-01T21:56:06.327+0000] {logging_mixin.py:188} INFO - [2026-01-01T21:56:06.327+0000] {dag.py:3823} INFO - Setting next_dagrun for rugby_pipeline to 2025-12-31 00:00:00+00:00, run_after=2026-01-01 00:00:00+00:00
[2026-01-01T21:56:06.372+0000] {processor.py:183} INFO - Processing /opt/airflow/dags/rugby_pipeline.py took 0.223 seconds
[2026-01-01T21:56:37.040+0000] {processor.py:161} INFO - Started process (PID=22771) to work on /opt/airflow/dags/rugby_pipeline.py
[2026-01-01T21:56:37.043+0000] {processor.py:830} INFO - Processing file /opt/airflow/dags/rugby_pipeline.py for tasks to queue
[2026-01-01T21:56:37.045+0000] {logging_mixin.py:188} INFO - [2026-01-01T21:56:37.044+0000] {dagbag.py:538} INFO - Filling up the DagBag from /opt/airflow/dags/rugby_pipeline.py
[2026-01-01T21:56:37.093+0000] {processor.py:840} INFO - DAG(s) 'rugby_pipeline' retrieved from /opt/airflow/dags/rugby_pipeline.py
[2026-01-01T21:56:37.132+0000] {logging_mixin.py:188} INFO - [2026-01-01T21:56:37.131+0000] {dag.py:3036} INFO - Sync 1 DAGs
[2026-01-01T21:56:37.176+0000] {logging_mixin.py:188} INFO - [2026-01-01T21:56:37.175+0000] {dag.py:3823} INFO - Setting next_dagrun for rugby_pipeline to 2025-12-31 00:00:00+00:00, run_after=2026-01-01 00:00:00+00:00
[2026-01-01T21:56:37.253+0000] {processor.py:183} INFO - Processing /opt/airflow/dags/rugby_pipeline.py took 0.225 seconds
[2026-01-01T21:57:07.946+0000] {processor.py:161} INFO - Started process (PID=22791) to work on /opt/airflow/dags/rugby_pipeline.py
[2026-01-01T21:57:07.951+0000] {processor.py:830} INFO - Processing file /opt/airflow/dags/rugby_pipeline.py for tasks to queue
[2026-01-01T21:57:07.959+0000] {logging_mixin.py:188} INFO - [2026-01-01T21:57:07.955+0000] {dagbag.py:538} INFO - Filling up the DagBag from /opt/airflow/dags/rugby_pipeline.py
[2026-01-01T21:57:08.018+0000] {processor.py:840} INFO - DAG(s) 'rugby_pipeline' retrieved from /opt/airflow/dags/rugby_pipeline.py
[2026-01-01T21:57:08.065+0000] {logging_mixin.py:188} INFO - [2026-01-01T21:57:08.064+0000] {dag.py:3036} INFO - Sync 1 DAGs
[2026-01-01T21:57:08.106+0000] {logging_mixin.py:188} INFO - [2026-01-01T21:57:08.106+0000] {dag.py:3823} INFO - Setting next_dagrun for rugby_pipeline to 2025-12-31 00:00:00+00:00, run_after=2026-01-01 00:00:00+00:00
[2026-01-01T21:57:08.178+0000] {processor.py:183} INFO - Processing /opt/airflow/dags/rugby_pipeline.py took 0.238 seconds
[2026-01-01T21:57:38.836+0000] {processor.py:161} INFO - Started process (PID=22811) to work on /opt/airflow/dags/rugby_pipeline.py
[2026-01-01T21:57:38.839+0000] {processor.py:830} INFO - Processing file /opt/airflow/dags/rugby_pipeline.py for tasks to queue
[2026-01-01T21:57:38.841+0000] {logging_mixin.py:188} INFO - [2026-01-01T21:57:38.840+0000] {dagbag.py:538} INFO - Filling up the DagBag from /opt/airflow/dags/rugby_pipeline.py
[2026-01-01T21:57:38.891+0000] {processor.py:840} INFO - DAG(s) 'rugby_pipeline' retrieved from /opt/airflow/dags/rugby_pipeline.py
[2026-01-01T21:57:38.937+0000] {logging_mixin.py:188} INFO - [2026-01-01T21:57:38.937+0000] {dag.py:3036} INFO - Sync 1 DAGs
[2026-01-01T21:57:38.978+0000] {logging_mixin.py:188} INFO - [2026-01-01T21:57:38.978+0000] {dag.py:3823} INFO - Setting next_dagrun for rugby_pipeline to 2025-12-31 00:00:00+00:00, run_after=2026-01-01 00:00:00+00:00
[2026-01-01T21:57:39.048+0000] {processor.py:183} INFO - Processing /opt/airflow/dags/rugby_pipeline.py took 0.218 seconds
[2026-01-01T21:58:09.210+0000] {processor.py:161} INFO - Started process (PID=22834) to work on /opt/airflow/dags/rugby_pipeline.py
[2026-01-01T21:58:09.212+0000] {processor.py:830} INFO - Processing file /opt/airflow/dags/rugby_pipeline.py for tasks to queue
[2026-01-01T21:58:09.214+0000] {logging_mixin.py:188} INFO - [2026-01-01T21:58:09.214+0000] {dagbag.py:538} INFO - Filling up the DagBag from /opt/airflow/dags/rugby_pipeline.py
[2026-01-01T21:58:09.272+0000] {processor.py:840} INFO - DAG(s) 'rugby_pipeline' retrieved from /opt/airflow/dags/rugby_pipeline.py
[2026-01-01T21:58:09.325+0000] {logging_mixin.py:188} INFO - [2026-01-01T21:58:09.324+0000] {dag.py:3036} INFO - Sync 1 DAGs
[2026-01-01T21:58:09.380+0000] {logging_mixin.py:188} INFO - [2026-01-01T21:58:09.380+0000] {dag.py:3823} INFO - Setting next_dagrun for rugby_pipeline to 2025-12-31 00:00:00+00:00, run_after=2026-01-01 00:00:00+00:00
[2026-01-01T21:58:09.431+0000] {processor.py:183} INFO - Processing /opt/airflow/dags/rugby_pipeline.py took 0.228 seconds
[2026-01-01T21:58:39.578+0000] {processor.py:161} INFO - Started process (PID=22856) to work on /opt/airflow/dags/rugby_pipeline.py
[2026-01-01T21:58:39.581+0000] {processor.py:830} INFO - Processing file /opt/airflow/dags/rugby_pipeline.py for tasks to queue
[2026-01-01T21:58:39.583+0000] {logging_mixin.py:188} INFO - [2026-01-01T21:58:39.583+0000] {dagbag.py:538} INFO - Filling up the DagBag from /opt/airflow/dags/rugby_pipeline.py
[2026-01-01T21:58:39.631+0000] {processor.py:840} INFO - DAG(s) 'rugby_pipeline' retrieved from /opt/airflow/dags/rugby_pipeline.py
[2026-01-01T21:58:39.673+0000] {logging_mixin.py:188} INFO - [2026-01-01T21:58:39.672+0000] {dag.py:3036} INFO - Sync 1 DAGs
[2026-01-01T21:58:39.711+0000] {logging_mixin.py:188} INFO - [2026-01-01T21:58:39.711+0000] {dag.py:3823} INFO - Setting next_dagrun for rugby_pipeline to 2025-12-31 00:00:00+00:00, run_after=2026-01-01 00:00:00+00:00
[2026-01-01T21:58:39.783+0000] {processor.py:183} INFO - Processing /opt/airflow/dags/rugby_pipeline.py took 0.212 seconds
[2026-01-01T21:59:10.039+0000] {processor.py:161} INFO - Started process (PID=22876) to work on /opt/airflow/dags/rugby_pipeline.py
[2026-01-01T21:59:10.041+0000] {processor.py:830} INFO - Processing file /opt/airflow/dags/rugby_pipeline.py for tasks to queue
[2026-01-01T21:59:10.043+0000] {logging_mixin.py:188} INFO - [2026-01-01T21:59:10.042+0000] {dagbag.py:538} INFO - Filling up the DagBag from /opt/airflow/dags/rugby_pipeline.py
[2026-01-01T21:59:10.097+0000] {processor.py:840} INFO - DAG(s) 'rugby_pipeline' retrieved from /opt/airflow/dags/rugby_pipeline.py
[2026-01-01T21:59:10.140+0000] {logging_mixin.py:188} INFO - [2026-01-01T21:59:10.140+0000] {dag.py:3036} INFO - Sync 1 DAGs
[2026-01-01T21:59:10.182+0000] {logging_mixin.py:188} INFO - [2026-01-01T21:59:10.182+0000] {dag.py:3823} INFO - Setting next_dagrun for rugby_pipeline to 2025-12-31 00:00:00+00:00, run_after=2026-01-01 00:00:00+00:00
[2026-01-01T21:59:10.254+0000] {processor.py:183} INFO - Processing /opt/airflow/dags/rugby_pipeline.py took 0.224 seconds
[2026-01-01T21:59:40.539+0000] {processor.py:161} INFO - Started process (PID=22896) to work on /opt/airflow/dags/rugby_pipeline.py
[2026-01-01T21:59:40.541+0000] {processor.py:830} INFO - Processing file /opt/airflow/dags/rugby_pipeline.py for tasks to queue
[2026-01-01T21:59:40.544+0000] {logging_mixin.py:188} INFO - [2026-01-01T21:59:40.543+0000] {dagbag.py:538} INFO - Filling up the DagBag from /opt/airflow/dags/rugby_pipeline.py
[2026-01-01T21:59:40.590+0000] {processor.py:840} INFO - DAG(s) 'rugby_pipeline' retrieved from /opt/airflow/dags/rugby_pipeline.py
[2026-01-01T21:59:40.631+0000] {logging_mixin.py:188} INFO - [2026-01-01T21:59:40.630+0000] {dag.py:3036} INFO - Sync 1 DAGs
[2026-01-01T21:59:40.674+0000] {logging_mixin.py:188} INFO - [2026-01-01T21:59:40.674+0000] {dag.py:3823} INFO - Setting next_dagrun for rugby_pipeline to 2025-12-31 00:00:00+00:00, run_after=2026-01-01 00:00:00+00:00
[2026-01-01T21:59:40.750+0000] {processor.py:183} INFO - Processing /opt/airflow/dags/rugby_pipeline.py took 0.217 seconds
[2026-01-01T22:00:11.022+0000] {processor.py:161} INFO - Started process (PID=22916) to work on /opt/airflow/dags/rugby_pipeline.py
[2026-01-01T22:00:11.024+0000] {processor.py:830} INFO - Processing file /opt/airflow/dags/rugby_pipeline.py for tasks to queue
[2026-01-01T22:00:11.026+0000] {logging_mixin.py:188} INFO - [2026-01-01T22:00:11.026+0000] {dagbag.py:538} INFO - Filling up the DagBag from /opt/airflow/dags/rugby_pipeline.py
[2026-01-01T22:00:11.176+0000] {processor.py:840} INFO - DAG(s) 'rugby_pipeline' retrieved from /opt/airflow/dags/rugby_pipeline.py
[2026-01-01T22:00:11.231+0000] {logging_mixin.py:188} INFO - [2026-01-01T22:00:11.230+0000] {dag.py:3036} INFO - Sync 1 DAGs
[2026-01-01T22:00:11.271+0000] {logging_mixin.py:188} INFO - [2026-01-01T22:00:11.270+0000] {dag.py:3823} INFO - Setting next_dagrun for rugby_pipeline to 2025-12-31 00:00:00+00:00, run_after=2026-01-01 00:00:00+00:00
[2026-01-01T22:00:11.321+0000] {processor.py:183} INFO - Processing /opt/airflow/dags/rugby_pipeline.py took 0.307 seconds
[2026-01-01T22:00:41.484+0000] {processor.py:161} INFO - Started process (PID=22936) to work on /opt/airflow/dags/rugby_pipeline.py
[2026-01-01T22:00:41.486+0000] {processor.py:830} INFO - Processing file /opt/airflow/dags/rugby_pipeline.py for tasks to queue
[2026-01-01T22:00:41.488+0000] {logging_mixin.py:188} INFO - [2026-01-01T22:00:41.488+0000] {dagbag.py:538} INFO - Filling up the DagBag from /opt/airflow/dags/rugby_pipeline.py
[2026-01-01T22:00:41.534+0000] {processor.py:840} INFO - DAG(s) 'rugby_pipeline' retrieved from /opt/airflow/dags/rugby_pipeline.py
[2026-01-01T22:00:41.577+0000] {logging_mixin.py:188} INFO - [2026-01-01T22:00:41.576+0000] {dag.py:3036} INFO - Sync 1 DAGs
[2026-01-01T22:00:41.619+0000] {logging_mixin.py:188} INFO - [2026-01-01T22:00:41.618+0000] {dag.py:3823} INFO - Setting next_dagrun for rugby_pipeline to 2025-12-31 00:00:00+00:00, run_after=2026-01-01 00:00:00+00:00
[2026-01-01T22:00:41.691+0000] {processor.py:183} INFO - Processing /opt/airflow/dags/rugby_pipeline.py took 0.212 seconds
[2026-01-01T22:01:11.981+0000] {processor.py:161} INFO - Started process (PID=22954) to work on /opt/airflow/dags/rugby_pipeline.py
[2026-01-01T22:01:11.983+0000] {processor.py:830} INFO - Processing file /opt/airflow/dags/rugby_pipeline.py for tasks to queue
[2026-01-01T22:01:11.985+0000] {logging_mixin.py:188} INFO - [2026-01-01T22:01:11.985+0000] {dagbag.py:538} INFO - Filling up the DagBag from /opt/airflow/dags/rugby_pipeline.py
[2026-01-01T22:01:12.030+0000] {processor.py:840} INFO - DAG(s) 'rugby_pipeline' retrieved from /opt/airflow/dags/rugby_pipeline.py
[2026-01-01T22:01:12.077+0000] {logging_mixin.py:188} INFO - [2026-01-01T22:01:12.076+0000] {dag.py:3036} INFO - Sync 1 DAGs
[2026-01-01T22:01:12.124+0000] {logging_mixin.py:188} INFO - [2026-01-01T22:01:12.124+0000] {dag.py:3823} INFO - Setting next_dagrun for rugby_pipeline to 2025-12-31 00:00:00+00:00, run_after=2026-01-01 00:00:00+00:00
[2026-01-01T22:01:12.201+0000] {processor.py:183} INFO - Processing /opt/airflow/dags/rugby_pipeline.py took 0.226 seconds
[2026-01-01T22:01:42.418+0000] {processor.py:161} INFO - Started process (PID=22974) to work on /opt/airflow/dags/rugby_pipeline.py
[2026-01-01T22:01:42.422+0000] {processor.py:830} INFO - Processing file /opt/airflow/dags/rugby_pipeline.py for tasks to queue
[2026-01-01T22:01:42.425+0000] {logging_mixin.py:188} INFO - [2026-01-01T22:01:42.424+0000] {dagbag.py:538} INFO - Filling up the DagBag from /opt/airflow/dags/rugby_pipeline.py
[2026-01-01T22:01:42.469+0000] {processor.py:840} INFO - DAG(s) 'rugby_pipeline' retrieved from /opt/airflow/dags/rugby_pipeline.py
[2026-01-01T22:01:42.517+0000] {logging_mixin.py:188} INFO - [2026-01-01T22:01:42.516+0000] {dag.py:3036} INFO - Sync 1 DAGs
[2026-01-01T22:01:42.563+0000] {logging_mixin.py:188} INFO - [2026-01-01T22:01:42.563+0000] {dag.py:3823} INFO - Setting next_dagrun for rugby_pipeline to 2025-12-31 00:00:00+00:00, run_after=2026-01-01 00:00:00+00:00
[2026-01-01T22:01:42.598+0000] {processor.py:183} INFO - Processing /opt/airflow/dags/rugby_pipeline.py took 0.188 seconds
[2026-01-01T22:02:13.341+0000] {processor.py:161} INFO - Started process (PID=22991) to work on /opt/airflow/dags/rugby_pipeline.py
[2026-01-01T22:02:13.344+0000] {processor.py:830} INFO - Processing file /opt/airflow/dags/rugby_pipeline.py for tasks to queue
[2026-01-01T22:02:13.346+0000] {logging_mixin.py:188} INFO - [2026-01-01T22:02:13.345+0000] {dagbag.py:538} INFO - Filling up the DagBag from /opt/airflow/dags/rugby_pipeline.py
[2026-01-01T22:02:13.393+0000] {processor.py:840} INFO - DAG(s) 'rugby_pipeline' retrieved from /opt/airflow/dags/rugby_pipeline.py
[2026-01-01T22:02:13.440+0000] {logging_mixin.py:188} INFO - [2026-01-01T22:02:13.439+0000] {dag.py:3036} INFO - Sync 1 DAGs
[2026-01-01T22:02:13.483+0000] {logging_mixin.py:188} INFO - [2026-01-01T22:02:13.483+0000] {dag.py:3823} INFO - Setting next_dagrun for rugby_pipeline to 2025-12-31 00:00:00+00:00, run_after=2026-01-01 00:00:00+00:00
[2026-01-01T22:02:13.550+0000] {processor.py:183} INFO - Processing /opt/airflow/dags/rugby_pipeline.py took 0.216 seconds
[2026-01-01T22:02:44.643+0000] {processor.py:161} INFO - Started process (PID=23011) to work on /opt/airflow/dags/rugby_pipeline.py
[2026-01-01T22:02:44.646+0000] {processor.py:830} INFO - Processing file /opt/airflow/dags/rugby_pipeline.py for tasks to queue
[2026-01-01T22:02:44.649+0000] {logging_mixin.py:188} INFO - [2026-01-01T22:02:44.647+0000] {dagbag.py:538} INFO - Filling up the DagBag from /opt/airflow/dags/rugby_pipeline.py
[2026-01-01T22:02:44.703+0000] {processor.py:840} INFO - DAG(s) 'rugby_pipeline' retrieved from /opt/airflow/dags/rugby_pipeline.py
[2026-01-01T22:02:44.758+0000] {logging_mixin.py:188} INFO - [2026-01-01T22:02:44.757+0000] {dag.py:3036} INFO - Sync 1 DAGs
[2026-01-01T22:02:44.801+0000] {logging_mixin.py:188} INFO - [2026-01-01T22:02:44.801+0000] {dag.py:3823} INFO - Setting next_dagrun for rugby_pipeline to 2025-12-31 00:00:00+00:00, run_after=2026-01-01 00:00:00+00:00
[2026-01-01T22:02:44.878+0000] {processor.py:183} INFO - Processing /opt/airflow/dags/rugby_pipeline.py took 0.246 seconds
[2026-01-01T22:03:16.036+0000] {processor.py:161} INFO - Started process (PID=23031) to work on /opt/airflow/dags/rugby_pipeline.py
[2026-01-01T22:03:16.040+0000] {processor.py:830} INFO - Processing file /opt/airflow/dags/rugby_pipeline.py for tasks to queue
[2026-01-01T22:03:16.043+0000] {logging_mixin.py:188} INFO - [2026-01-01T22:03:16.043+0000] {dagbag.py:538} INFO - Filling up the DagBag from /opt/airflow/dags/rugby_pipeline.py
[2026-01-01T22:03:16.096+0000] {processor.py:840} INFO - DAG(s) 'rugby_pipeline' retrieved from /opt/airflow/dags/rugby_pipeline.py
[2026-01-01T22:03:16.137+0000] {logging_mixin.py:188} INFO - [2026-01-01T22:03:16.136+0000] {dag.py:3036} INFO - Sync 1 DAGs
[2026-01-01T22:03:16.176+0000] {logging_mixin.py:188} INFO - [2026-01-01T22:03:16.176+0000] {dag.py:3823} INFO - Setting next_dagrun for rugby_pipeline to 2025-12-31 00:00:00+00:00, run_after=2026-01-01 00:00:00+00:00
[2026-01-01T22:03:16.248+0000] {processor.py:183} INFO - Processing /opt/airflow/dags/rugby_pipeline.py took 0.219 seconds
[2026-01-01T22:03:46.513+0000] {processor.py:161} INFO - Started process (PID=23051) to work on /opt/airflow/dags/rugby_pipeline.py
[2026-01-01T22:03:46.516+0000] {processor.py:830} INFO - Processing file /opt/airflow/dags/rugby_pipeline.py for tasks to queue
[2026-01-01T22:03:46.518+0000] {logging_mixin.py:188} INFO - [2026-01-01T22:03:46.517+0000] {dagbag.py:538} INFO - Filling up the DagBag from /opt/airflow/dags/rugby_pipeline.py
[2026-01-01T22:03:46.572+0000] {processor.py:840} INFO - DAG(s) 'rugby_pipeline' retrieved from /opt/airflow/dags/rugby_pipeline.py
[2026-01-01T22:03:46.624+0000] {logging_mixin.py:188} INFO - [2026-01-01T22:03:46.622+0000] {dag.py:3036} INFO - Sync 1 DAGs
[2026-01-01T22:03:46.669+0000] {logging_mixin.py:188} INFO - [2026-01-01T22:03:46.668+0000] {dag.py:3823} INFO - Setting next_dagrun for rugby_pipeline to 2025-12-31 00:00:00+00:00, run_after=2026-01-01 00:00:00+00:00
[2026-01-01T22:03:46.758+0000] {processor.py:183} INFO - Processing /opt/airflow/dags/rugby_pipeline.py took 0.253 seconds
[2026-01-01T22:04:16.964+0000] {processor.py:161} INFO - Started process (PID=23071) to work on /opt/airflow/dags/rugby_pipeline.py
[2026-01-01T22:04:16.967+0000] {processor.py:830} INFO - Processing file /opt/airflow/dags/rugby_pipeline.py for tasks to queue
[2026-01-01T22:04:16.969+0000] {logging_mixin.py:188} INFO - [2026-01-01T22:04:16.968+0000] {dagbag.py:538} INFO - Filling up the DagBag from /opt/airflow/dags/rugby_pipeline.py
[2026-01-01T22:04:17.020+0000] {processor.py:840} INFO - DAG(s) 'rugby_pipeline' retrieved from /opt/airflow/dags/rugby_pipeline.py
[2026-01-01T22:04:17.062+0000] {logging_mixin.py:188} INFO - [2026-01-01T22:04:17.062+0000] {dag.py:3036} INFO - Sync 1 DAGs
[2026-01-01T22:04:17.100+0000] {logging_mixin.py:188} INFO - [2026-01-01T22:04:17.099+0000] {dag.py:3823} INFO - Setting next_dagrun for rugby_pipeline to 2025-12-31 00:00:00+00:00, run_after=2026-01-01 00:00:00+00:00
[2026-01-01T22:04:17.172+0000] {processor.py:183} INFO - Processing /opt/airflow/dags/rugby_pipeline.py took 0.215 seconds
[2026-01-01T22:04:47.398+0000] {processor.py:161} INFO - Started process (PID=23089) to work on /opt/airflow/dags/rugby_pipeline.py
[2026-01-01T22:04:47.401+0000] {processor.py:830} INFO - Processing file /opt/airflow/dags/rugby_pipeline.py for tasks to queue
[2026-01-01T22:04:47.403+0000] {logging_mixin.py:188} INFO - [2026-01-01T22:04:47.403+0000] {dagbag.py:538} INFO - Filling up the DagBag from /opt/airflow/dags/rugby_pipeline.py
[2026-01-01T22:04:47.460+0000] {processor.py:840} INFO - DAG(s) 'rugby_pipeline' retrieved from /opt/airflow/dags/rugby_pipeline.py
[2026-01-01T22:04:47.516+0000] {logging_mixin.py:188} INFO - [2026-01-01T22:04:47.516+0000] {dag.py:3036} INFO - Sync 1 DAGs
[2026-01-01T22:04:47.573+0000] {logging_mixin.py:188} INFO - [2026-01-01T22:04:47.572+0000] {dag.py:3823} INFO - Setting next_dagrun for rugby_pipeline to 2025-12-31 00:00:00+00:00, run_after=2026-01-01 00:00:00+00:00
[2026-01-01T22:04:47.644+0000] {processor.py:183} INFO - Processing /opt/airflow/dags/rugby_pipeline.py took 0.256 seconds
[2026-01-01T22:05:18.539+0000] {processor.py:161} INFO - Started process (PID=23109) to work on /opt/airflow/dags/rugby_pipeline.py
[2026-01-01T22:05:18.547+0000] {processor.py:830} INFO - Processing file /opt/airflow/dags/rugby_pipeline.py for tasks to queue
[2026-01-01T22:05:18.549+0000] {logging_mixin.py:188} INFO - [2026-01-01T22:05:18.549+0000] {dagbag.py:538} INFO - Filling up the DagBag from /opt/airflow/dags/rugby_pipeline.py
[2026-01-01T22:05:18.598+0000] {processor.py:840} INFO - DAG(s) 'rugby_pipeline' retrieved from /opt/airflow/dags/rugby_pipeline.py
[2026-01-01T22:05:18.665+0000] {logging_mixin.py:188} INFO - [2026-01-01T22:05:18.664+0000] {dag.py:3036} INFO - Sync 1 DAGs
[2026-01-01T22:05:18.716+0000] {logging_mixin.py:188} INFO - [2026-01-01T22:05:18.715+0000] {dag.py:3823} INFO - Setting next_dagrun for rugby_pipeline to 2025-12-31 00:00:00+00:00, run_after=2026-01-01 00:00:00+00:00
[2026-01-01T22:05:18.773+0000] {processor.py:183} INFO - Processing /opt/airflow/dags/rugby_pipeline.py took 0.241 seconds
[2026-01-01T22:05:48.955+0000] {processor.py:161} INFO - Started process (PID=23129) to work on /opt/airflow/dags/rugby_pipeline.py
[2026-01-01T22:05:48.957+0000] {processor.py:830} INFO - Processing file /opt/airflow/dags/rugby_pipeline.py for tasks to queue
[2026-01-01T22:05:48.960+0000] {logging_mixin.py:188} INFO - [2026-01-01T22:05:48.959+0000] {dagbag.py:538} INFO - Filling up the DagBag from /opt/airflow/dags/rugby_pipeline.py
[2026-01-01T22:05:49.014+0000] {processor.py:840} INFO - DAG(s) 'rugby_pipeline' retrieved from /opt/airflow/dags/rugby_pipeline.py
[2026-01-01T22:05:49.075+0000] {logging_mixin.py:188} INFO - [2026-01-01T22:05:49.074+0000] {dag.py:3036} INFO - Sync 1 DAGs
[2026-01-01T22:05:49.130+0000] {logging_mixin.py:188} INFO - [2026-01-01T22:05:49.129+0000] {dag.py:3823} INFO - Setting next_dagrun for rugby_pipeline to 2025-12-31 00:00:00+00:00, run_after=2026-01-01 00:00:00+00:00
[2026-01-01T22:05:49.181+0000] {processor.py:183} INFO - Processing /opt/airflow/dags/rugby_pipeline.py took 0.233 seconds
[2026-01-01T22:06:20.024+0000] {processor.py:161} INFO - Started process (PID=23149) to work on /opt/airflow/dags/rugby_pipeline.py
[2026-01-01T22:06:20.027+0000] {processor.py:830} INFO - Processing file /opt/airflow/dags/rugby_pipeline.py for tasks to queue
[2026-01-01T22:06:20.030+0000] {logging_mixin.py:188} INFO - [2026-01-01T22:06:20.029+0000] {dagbag.py:538} INFO - Filling up the DagBag from /opt/airflow/dags/rugby_pipeline.py
[2026-01-01T22:06:20.080+0000] {processor.py:840} INFO - DAG(s) 'rugby_pipeline' retrieved from /opt/airflow/dags/rugby_pipeline.py
[2026-01-01T22:06:20.140+0000] {logging_mixin.py:188} INFO - [2026-01-01T22:06:20.139+0000] {dag.py:3036} INFO - Sync 1 DAGs
[2026-01-01T22:06:20.197+0000] {logging_mixin.py:188} INFO - [2026-01-01T22:06:20.197+0000] {dag.py:3823} INFO - Setting next_dagrun for rugby_pipeline to 2025-12-31 00:00:00+00:00, run_after=2026-01-01 00:00:00+00:00
[2026-01-01T22:06:20.241+0000] {processor.py:183} INFO - Processing /opt/airflow/dags/rugby_pipeline.py took 0.234 seconds
[2026-01-01T22:06:50.429+0000] {processor.py:161} INFO - Started process (PID=23169) to work on /opt/airflow/dags/rugby_pipeline.py
[2026-01-01T22:06:50.432+0000] {processor.py:830} INFO - Processing file /opt/airflow/dags/rugby_pipeline.py for tasks to queue
[2026-01-01T22:06:50.434+0000] {logging_mixin.py:188} INFO - [2026-01-01T22:06:50.433+0000] {dagbag.py:538} INFO - Filling up the DagBag from /opt/airflow/dags/rugby_pipeline.py
[2026-01-01T22:06:50.487+0000] {processor.py:840} INFO - DAG(s) 'rugby_pipeline' retrieved from /opt/airflow/dags/rugby_pipeline.py
[2026-01-01T22:06:50.551+0000] {logging_mixin.py:188} INFO - [2026-01-01T22:06:50.550+0000] {dag.py:3036} INFO - Sync 1 DAGs
[2026-01-01T22:06:50.606+0000] {logging_mixin.py:188} INFO - [2026-01-01T22:06:50.606+0000] {dag.py:3823} INFO - Setting next_dagrun for rugby_pipeline to 2025-12-31 00:00:00+00:00, run_after=2026-01-01 00:00:00+00:00
[2026-01-01T22:06:50.660+0000] {processor.py:183} INFO - Processing /opt/airflow/dags/rugby_pipeline.py took 0.239 seconds
[2026-01-01T22:07:20.932+0000] {processor.py:161} INFO - Started process (PID=23189) to work on /opt/airflow/dags/rugby_pipeline.py
[2026-01-01T22:07:20.935+0000] {processor.py:830} INFO - Processing file /opt/airflow/dags/rugby_pipeline.py for tasks to queue
[2026-01-01T22:07:20.938+0000] {logging_mixin.py:188} INFO - [2026-01-01T22:07:20.937+0000] {dagbag.py:538} INFO - Filling up the DagBag from /opt/airflow/dags/rugby_pipeline.py
[2026-01-01T22:07:20.994+0000] {processor.py:840} INFO - DAG(s) 'rugby_pipeline' retrieved from /opt/airflow/dags/rugby_pipeline.py
[2026-01-01T22:07:21.059+0000] {logging_mixin.py:188} INFO - [2026-01-01T22:07:21.058+0000] {dag.py:3036} INFO - Sync 1 DAGs
[2026-01-01T22:07:21.117+0000] {logging_mixin.py:188} INFO - [2026-01-01T22:07:21.117+0000] {dag.py:3823} INFO - Setting next_dagrun for rugby_pipeline to 2025-12-31 00:00:00+00:00, run_after=2026-01-01 00:00:00+00:00
[2026-01-01T22:07:21.182+0000] {processor.py:183} INFO - Processing /opt/airflow/dags/rugby_pipeline.py took 0.258 seconds
[2026-01-01T22:07:51.382+0000] {processor.py:161} INFO - Started process (PID=23209) to work on /opt/airflow/dags/rugby_pipeline.py
[2026-01-01T22:07:51.384+0000] {processor.py:830} INFO - Processing file /opt/airflow/dags/rugby_pipeline.py for tasks to queue
[2026-01-01T22:07:51.386+0000] {logging_mixin.py:188} INFO - [2026-01-01T22:07:51.386+0000] {dagbag.py:538} INFO - Filling up the DagBag from /opt/airflow/dags/rugby_pipeline.py
[2026-01-01T22:07:51.434+0000] {processor.py:840} INFO - DAG(s) 'rugby_pipeline' retrieved from /opt/airflow/dags/rugby_pipeline.py
[2026-01-01T22:07:51.482+0000] {logging_mixin.py:188} INFO - [2026-01-01T22:07:51.481+0000] {dag.py:3036} INFO - Sync 1 DAGs
[2026-01-01T22:07:51.525+0000] {logging_mixin.py:188} INFO - [2026-01-01T22:07:51.525+0000] {dag.py:3823} INFO - Setting next_dagrun for rugby_pipeline to 2025-12-31 00:00:00+00:00, run_after=2026-01-01 00:00:00+00:00
[2026-01-01T22:07:51.580+0000] {processor.py:183} INFO - Processing /opt/airflow/dags/rugby_pipeline.py took 0.204 seconds
[2026-01-01T22:08:21.718+0000] {processor.py:161} INFO - Started process (PID=23226) to work on /opt/airflow/dags/rugby_pipeline.py
[2026-01-01T22:08:21.720+0000] {processor.py:830} INFO - Processing file /opt/airflow/dags/rugby_pipeline.py for tasks to queue
[2026-01-01T22:08:21.722+0000] {logging_mixin.py:188} INFO - [2026-01-01T22:08:21.722+0000] {dagbag.py:538} INFO - Filling up the DagBag from /opt/airflow/dags/rugby_pipeline.py
[2026-01-01T22:08:21.764+0000] {processor.py:840} INFO - DAG(s) 'rugby_pipeline' retrieved from /opt/airflow/dags/rugby_pipeline.py
[2026-01-01T22:08:21.801+0000] {logging_mixin.py:188} INFO - [2026-01-01T22:08:21.801+0000] {dag.py:3036} INFO - Sync 1 DAGs
[2026-01-01T22:08:21.839+0000] {logging_mixin.py:188} INFO - [2026-01-01T22:08:21.839+0000] {dag.py:3823} INFO - Setting next_dagrun for rugby_pipeline to 2025-12-31 00:00:00+00:00, run_after=2026-01-01 00:00:00+00:00
[2026-01-01T22:08:21.910+0000] {processor.py:183} INFO - Processing /opt/airflow/dags/rugby_pipeline.py took 0.197 seconds
[2026-01-01T22:08:52.093+0000] {processor.py:161} INFO - Started process (PID=23246) to work on /opt/airflow/dags/rugby_pipeline.py
[2026-01-01T22:08:52.096+0000] {processor.py:830} INFO - Processing file /opt/airflow/dags/rugby_pipeline.py for tasks to queue
[2026-01-01T22:08:52.099+0000] {logging_mixin.py:188} INFO - [2026-01-01T22:08:52.098+0000] {dagbag.py:538} INFO - Filling up the DagBag from /opt/airflow/dags/rugby_pipeline.py
[2026-01-01T22:08:52.162+0000] {processor.py:840} INFO - DAG(s) 'rugby_pipeline' retrieved from /opt/airflow/dags/rugby_pipeline.py
[2026-01-01T22:08:52.219+0000] {logging_mixin.py:188} INFO - [2026-01-01T22:08:52.218+0000] {dag.py:3036} INFO - Sync 1 DAGs
[2026-01-01T22:08:52.270+0000] {logging_mixin.py:188} INFO - [2026-01-01T22:08:52.269+0000] {dag.py:3823} INFO - Setting next_dagrun for rugby_pipeline to 2025-12-31 00:00:00+00:00, run_after=2026-01-01 00:00:00+00:00
[2026-01-01T22:08:52.358+0000] {processor.py:183} INFO - Processing /opt/airflow/dags/rugby_pipeline.py took 0.271 seconds
[2026-01-01T22:09:22.551+0000] {processor.py:161} INFO - Started process (PID=23266) to work on /opt/airflow/dags/rugby_pipeline.py
[2026-01-01T22:09:22.554+0000] {processor.py:830} INFO - Processing file /opt/airflow/dags/rugby_pipeline.py for tasks to queue
[2026-01-01T22:09:22.555+0000] {logging_mixin.py:188} INFO - [2026-01-01T22:09:22.555+0000] {dagbag.py:538} INFO - Filling up the DagBag from /opt/airflow/dags/rugby_pipeline.py
[2026-01-01T22:09:22.595+0000] {processor.py:840} INFO - DAG(s) 'rugby_pipeline' retrieved from /opt/airflow/dags/rugby_pipeline.py
[2026-01-01T22:09:22.635+0000] {logging_mixin.py:188} INFO - [2026-01-01T22:09:22.634+0000] {dag.py:3036} INFO - Sync 1 DAGs
[2026-01-01T22:09:22.674+0000] {logging_mixin.py:188} INFO - [2026-01-01T22:09:22.674+0000] {dag.py:3823} INFO - Setting next_dagrun for rugby_pipeline to 2025-12-31 00:00:00+00:00, run_after=2026-01-01 00:00:00+00:00
[2026-01-01T22:09:22.709+0000] {processor.py:183} INFO - Processing /opt/airflow/dags/rugby_pipeline.py took 0.165 seconds
[2026-01-01T22:09:52.976+0000] {processor.py:161} INFO - Started process (PID=23286) to work on /opt/airflow/dags/rugby_pipeline.py
[2026-01-01T22:09:52.979+0000] {processor.py:830} INFO - Processing file /opt/airflow/dags/rugby_pipeline.py for tasks to queue
[2026-01-01T22:09:52.981+0000] {logging_mixin.py:188} INFO - [2026-01-01T22:09:52.980+0000] {dagbag.py:538} INFO - Filling up the DagBag from /opt/airflow/dags/rugby_pipeline.py
[2026-01-01T22:09:53.025+0000] {processor.py:840} INFO - DAG(s) 'rugby_pipeline' retrieved from /opt/airflow/dags/rugby_pipeline.py
[2026-01-01T22:09:53.074+0000] {logging_mixin.py:188} INFO - [2026-01-01T22:09:53.073+0000] {dag.py:3036} INFO - Sync 1 DAGs
[2026-01-01T22:09:53.116+0000] {logging_mixin.py:188} INFO - [2026-01-01T22:09:53.115+0000] {dag.py:3823} INFO - Setting next_dagrun for rugby_pipeline to 2025-12-31 00:00:00+00:00, run_after=2026-01-01 00:00:00+00:00
[2026-01-01T22:09:53.198+0000] {processor.py:183} INFO - Processing /opt/airflow/dags/rugby_pipeline.py took 0.228 seconds
[2026-01-01T22:10:23.435+0000] {processor.py:161} INFO - Started process (PID=23306) to work on /opt/airflow/dags/rugby_pipeline.py
[2026-01-01T22:10:23.438+0000] {processor.py:830} INFO - Processing file /opt/airflow/dags/rugby_pipeline.py for tasks to queue
[2026-01-01T22:10:23.440+0000] {logging_mixin.py:188} INFO - [2026-01-01T22:10:23.439+0000] {dagbag.py:538} INFO - Filling up the DagBag from /opt/airflow/dags/rugby_pipeline.py
[2026-01-01T22:10:23.484+0000] {processor.py:840} INFO - DAG(s) 'rugby_pipeline' retrieved from /opt/airflow/dags/rugby_pipeline.py
[2026-01-01T22:10:23.524+0000] {logging_mixin.py:188} INFO - [2026-01-01T22:10:23.524+0000] {dag.py:3036} INFO - Sync 1 DAGs
[2026-01-01T22:10:23.567+0000] {logging_mixin.py:188} INFO - [2026-01-01T22:10:23.566+0000] {dag.py:3823} INFO - Setting next_dagrun for rugby_pipeline to 2025-12-31 00:00:00+00:00, run_after=2026-01-01 00:00:00+00:00
[2026-01-01T22:10:23.603+0000] {processor.py:183} INFO - Processing /opt/airflow/dags/rugby_pipeline.py took 0.175 seconds
[2026-01-01T22:10:53.870+0000] {processor.py:161} INFO - Started process (PID=23326) to work on /opt/airflow/dags/rugby_pipeline.py
[2026-01-01T22:10:53.872+0000] {processor.py:830} INFO - Processing file /opt/airflow/dags/rugby_pipeline.py for tasks to queue
[2026-01-01T22:10:53.875+0000] {logging_mixin.py:188} INFO - [2026-01-01T22:10:53.874+0000] {dagbag.py:538} INFO - Filling up the DagBag from /opt/airflow/dags/rugby_pipeline.py
[2026-01-01T22:10:53.921+0000] {processor.py:840} INFO - DAG(s) 'rugby_pipeline' retrieved from /opt/airflow/dags/rugby_pipeline.py
[2026-01-01T22:10:53.962+0000] {logging_mixin.py:188} INFO - [2026-01-01T22:10:53.962+0000] {dag.py:3036} INFO - Sync 1 DAGs
[2026-01-01T22:10:54.010+0000] {logging_mixin.py:188} INFO - [2026-01-01T22:10:54.009+0000] {dag.py:3823} INFO - Setting next_dagrun for rugby_pipeline to 2025-12-31 00:00:00+00:00, run_after=2026-01-01 00:00:00+00:00
[2026-01-01T22:10:54.051+0000] {processor.py:183} INFO - Processing /opt/airflow/dags/rugby_pipeline.py took 0.188 seconds
[2026-01-01T22:11:24.286+0000] {processor.py:161} INFO - Started process (PID=23346) to work on /opt/airflow/dags/rugby_pipeline.py
[2026-01-01T22:11:24.289+0000] {processor.py:830} INFO - Processing file /opt/airflow/dags/rugby_pipeline.py for tasks to queue
[2026-01-01T22:11:24.290+0000] {logging_mixin.py:188} INFO - [2026-01-01T22:11:24.290+0000] {dagbag.py:538} INFO - Filling up the DagBag from /opt/airflow/dags/rugby_pipeline.py
[2026-01-01T22:11:24.340+0000] {processor.py:840} INFO - DAG(s) 'rugby_pipeline' retrieved from /opt/airflow/dags/rugby_pipeline.py
[2026-01-01T22:11:24.379+0000] {logging_mixin.py:188} INFO - [2026-01-01T22:11:24.378+0000] {dag.py:3036} INFO - Sync 1 DAGs
[2026-01-01T22:11:24.419+0000] {logging_mixin.py:188} INFO - [2026-01-01T22:11:24.418+0000] {dag.py:3823} INFO - Setting next_dagrun for rugby_pipeline to 2025-12-31 00:00:00+00:00, run_after=2026-01-01 00:00:00+00:00
[2026-01-01T22:11:24.458+0000] {processor.py:183} INFO - Processing /opt/airflow/dags/rugby_pipeline.py took 0.179 seconds
[2026-01-01T22:11:54.755+0000] {processor.py:161} INFO - Started process (PID=23366) to work on /opt/airflow/dags/rugby_pipeline.py
[2026-01-01T22:11:54.759+0000] {processor.py:830} INFO - Processing file /opt/airflow/dags/rugby_pipeline.py for tasks to queue
[2026-01-01T22:11:54.761+0000] {logging_mixin.py:188} INFO - [2026-01-01T22:11:54.761+0000] {dagbag.py:538} INFO - Filling up the DagBag from /opt/airflow/dags/rugby_pipeline.py
[2026-01-01T22:11:54.812+0000] {processor.py:840} INFO - DAG(s) 'rugby_pipeline' retrieved from /opt/airflow/dags/rugby_pipeline.py
[2026-01-01T22:11:54.863+0000] {logging_mixin.py:188} INFO - [2026-01-01T22:11:54.863+0000] {dag.py:3036} INFO - Sync 1 DAGs
[2026-01-01T22:11:54.902+0000] {logging_mixin.py:188} INFO - [2026-01-01T22:11:54.901+0000] {dag.py:3823} INFO - Setting next_dagrun for rugby_pipeline to 2025-12-31 00:00:00+00:00, run_after=2026-01-01 00:00:00+00:00
[2026-01-01T22:11:54.942+0000] {processor.py:183} INFO - Processing /opt/airflow/dags/rugby_pipeline.py took 0.195 seconds
[2026-01-01T22:12:25.145+0000] {processor.py:161} INFO - Started process (PID=23386) to work on /opt/airflow/dags/rugby_pipeline.py
[2026-01-01T22:12:25.147+0000] {processor.py:830} INFO - Processing file /opt/airflow/dags/rugby_pipeline.py for tasks to queue
[2026-01-01T22:12:25.150+0000] {logging_mixin.py:188} INFO - [2026-01-01T22:12:25.149+0000] {dagbag.py:538} INFO - Filling up the DagBag from /opt/airflow/dags/rugby_pipeline.py
[2026-01-01T22:12:25.194+0000] {processor.py:840} INFO - DAG(s) 'rugby_pipeline' retrieved from /opt/airflow/dags/rugby_pipeline.py
[2026-01-01T22:12:25.245+0000] {logging_mixin.py:188} INFO - [2026-01-01T22:12:25.244+0000] {dag.py:3036} INFO - Sync 1 DAGs
[2026-01-01T22:12:25.290+0000] {logging_mixin.py:188} INFO - [2026-01-01T22:12:25.289+0000] {dag.py:3823} INFO - Setting next_dagrun for rugby_pipeline to 2025-12-31 00:00:00+00:00, run_after=2026-01-01 00:00:00+00:00
[2026-01-01T22:12:25.330+0000] {processor.py:183} INFO - Processing /opt/airflow/dags/rugby_pipeline.py took 0.191 seconds
[2026-01-01T22:12:55.653+0000] {processor.py:161} INFO - Started process (PID=23406) to work on /opt/airflow/dags/rugby_pipeline.py
[2026-01-01T22:12:55.657+0000] {processor.py:830} INFO - Processing file /opt/airflow/dags/rugby_pipeline.py for tasks to queue
[2026-01-01T22:12:55.659+0000] {logging_mixin.py:188} INFO - [2026-01-01T22:12:55.659+0000] {dagbag.py:538} INFO - Filling up the DagBag from /opt/airflow/dags/rugby_pipeline.py
[2026-01-01T22:12:55.718+0000] {processor.py:840} INFO - DAG(s) 'rugby_pipeline' retrieved from /opt/airflow/dags/rugby_pipeline.py
[2026-01-01T22:12:55.778+0000] {logging_mixin.py:188} INFO - [2026-01-01T22:12:55.777+0000] {dag.py:3036} INFO - Sync 1 DAGs
[2026-01-01T22:12:55.817+0000] {logging_mixin.py:188} INFO - [2026-01-01T22:12:55.817+0000] {dag.py:3823} INFO - Setting next_dagrun for rugby_pipeline to 2025-12-31 00:00:00+00:00, run_after=2026-01-01 00:00:00+00:00
[2026-01-01T22:12:55.893+0000] {processor.py:183} INFO - Processing /opt/airflow/dags/rugby_pipeline.py took 0.247 seconds
[2026-01-01T22:13:26.047+0000] {processor.py:161} INFO - Started process (PID=23424) to work on /opt/airflow/dags/rugby_pipeline.py
[2026-01-01T22:13:26.053+0000] {processor.py:830} INFO - Processing file /opt/airflow/dags/rugby_pipeline.py for tasks to queue
[2026-01-01T22:13:26.057+0000] {logging_mixin.py:188} INFO - [2026-01-01T22:13:26.057+0000] {dagbag.py:538} INFO - Filling up the DagBag from /opt/airflow/dags/rugby_pipeline.py
[2026-01-01T22:13:26.120+0000] {processor.py:840} INFO - DAG(s) 'rugby_pipeline' retrieved from /opt/airflow/dags/rugby_pipeline.py
[2026-01-01T22:13:26.181+0000] {logging_mixin.py:188} INFO - [2026-01-01T22:13:26.181+0000] {dag.py:3036} INFO - Sync 1 DAGs
[2026-01-01T22:13:26.246+0000] {logging_mixin.py:188} INFO - [2026-01-01T22:13:26.245+0000] {dag.py:3823} INFO - Setting next_dagrun for rugby_pipeline to 2025-12-31 00:00:00+00:00, run_after=2026-01-01 00:00:00+00:00
[2026-01-01T22:13:26.308+0000] {processor.py:183} INFO - Processing /opt/airflow/dags/rugby_pipeline.py took 0.272 seconds
[2026-01-01T22:13:56.521+0000] {processor.py:161} INFO - Started process (PID=23444) to work on /opt/airflow/dags/rugby_pipeline.py
[2026-01-01T22:13:56.524+0000] {processor.py:830} INFO - Processing file /opt/airflow/dags/rugby_pipeline.py for tasks to queue
[2026-01-01T22:13:56.527+0000] {logging_mixin.py:188} INFO - [2026-01-01T22:13:56.526+0000] {dagbag.py:538} INFO - Filling up the DagBag from /opt/airflow/dags/rugby_pipeline.py
[2026-01-01T22:13:56.595+0000] {processor.py:840} INFO - DAG(s) 'rugby_pipeline' retrieved from /opt/airflow/dags/rugby_pipeline.py
[2026-01-01T22:13:56.664+0000] {logging_mixin.py:188} INFO - [2026-01-01T22:13:56.664+0000] {dag.py:3036} INFO - Sync 1 DAGs
[2026-01-01T22:13:56.720+0000] {logging_mixin.py:188} INFO - [2026-01-01T22:13:56.720+0000] {dag.py:3823} INFO - Setting next_dagrun for rugby_pipeline to 2025-12-31 00:00:00+00:00, run_after=2026-01-01 00:00:00+00:00
[2026-01-01T22:13:56.775+0000] {processor.py:183} INFO - Processing /opt/airflow/dags/rugby_pipeline.py took 0.262 seconds
[2026-01-01T22:14:26.965+0000] {processor.py:161} INFO - Started process (PID=23464) to work on /opt/airflow/dags/rugby_pipeline.py
[2026-01-01T22:14:26.971+0000] {processor.py:830} INFO - Processing file /opt/airflow/dags/rugby_pipeline.py for tasks to queue
[2026-01-01T22:14:26.974+0000] {logging_mixin.py:188} INFO - [2026-01-01T22:14:26.973+0000] {dagbag.py:538} INFO - Filling up the DagBag from /opt/airflow/dags/rugby_pipeline.py
[2026-01-01T22:14:27.030+0000] {processor.py:840} INFO - DAG(s) 'rugby_pipeline' retrieved from /opt/airflow/dags/rugby_pipeline.py
[2026-01-01T22:14:27.097+0000] {logging_mixin.py:188} INFO - [2026-01-01T22:14:27.096+0000] {dag.py:3036} INFO - Sync 1 DAGs
[2026-01-01T22:14:27.164+0000] {logging_mixin.py:188} INFO - [2026-01-01T22:14:27.164+0000] {dag.py:3823} INFO - Setting next_dagrun for rugby_pipeline to 2025-12-31 00:00:00+00:00, run_after=2026-01-01 00:00:00+00:00
[2026-01-01T22:14:27.226+0000] {processor.py:183} INFO - Processing /opt/airflow/dags/rugby_pipeline.py took 0.268 seconds
[2026-01-01T22:14:57.411+0000] {processor.py:161} INFO - Started process (PID=23484) to work on /opt/airflow/dags/rugby_pipeline.py
[2026-01-01T22:14:57.415+0000] {processor.py:830} INFO - Processing file /opt/airflow/dags/rugby_pipeline.py for tasks to queue
[2026-01-01T22:14:57.418+0000] {logging_mixin.py:188} INFO - [2026-01-01T22:14:57.417+0000] {dagbag.py:538} INFO - Filling up the DagBag from /opt/airflow/dags/rugby_pipeline.py
[2026-01-01T22:14:57.482+0000] {processor.py:840} INFO - DAG(s) 'rugby_pipeline' retrieved from /opt/airflow/dags/rugby_pipeline.py
[2026-01-01T22:14:57.548+0000] {logging_mixin.py:188} INFO - [2026-01-01T22:14:57.548+0000] {dag.py:3036} INFO - Sync 1 DAGs
[2026-01-01T22:14:57.612+0000] {logging_mixin.py:188} INFO - [2026-01-01T22:14:57.612+0000] {dag.py:3823} INFO - Setting next_dagrun for rugby_pipeline to 2025-12-31 00:00:00+00:00, run_after=2026-01-01 00:00:00+00:00
[2026-01-01T22:14:57.679+0000] {processor.py:183} INFO - Processing /opt/airflow/dags/rugby_pipeline.py took 0.276 seconds
[2026-01-01T22:15:27.899+0000] {processor.py:161} INFO - Started process (PID=23504) to work on /opt/airflow/dags/rugby_pipeline.py
[2026-01-01T22:15:27.902+0000] {processor.py:830} INFO - Processing file /opt/airflow/dags/rugby_pipeline.py for tasks to queue
[2026-01-01T22:15:27.905+0000] {logging_mixin.py:188} INFO - [2026-01-01T22:15:27.904+0000] {dagbag.py:538} INFO - Filling up the DagBag from /opt/airflow/dags/rugby_pipeline.py
[2026-01-01T22:15:27.967+0000] {processor.py:840} INFO - DAG(s) 'rugby_pipeline' retrieved from /opt/airflow/dags/rugby_pipeline.py
[2026-01-01T22:15:28.047+0000] {logging_mixin.py:188} INFO - [2026-01-01T22:15:28.046+0000] {dag.py:3036} INFO - Sync 1 DAGs
[2026-01-01T22:15:28.102+0000] {logging_mixin.py:188} INFO - [2026-01-01T22:15:28.101+0000] {dag.py:3823} INFO - Setting next_dagrun for rugby_pipeline to 2025-12-31 00:00:00+00:00, run_after=2026-01-01 00:00:00+00:00
[2026-01-01T22:15:28.156+0000] {processor.py:183} INFO - Processing /opt/airflow/dags/rugby_pipeline.py took 0.274 seconds
[2026-01-01T22:15:58.598+0000] {processor.py:161} INFO - Started process (PID=23529) to work on /opt/airflow/dags/rugby_pipeline.py
[2026-01-01T22:15:58.600+0000] {processor.py:830} INFO - Processing file /opt/airflow/dags/rugby_pipeline.py for tasks to queue
[2026-01-01T22:15:58.602+0000] {logging_mixin.py:188} INFO - [2026-01-01T22:15:58.601+0000] {dagbag.py:538} INFO - Filling up the DagBag from /opt/airflow/dags/rugby_pipeline.py
[2026-01-01T22:15:58.658+0000] {processor.py:840} INFO - DAG(s) 'rugby_pipeline' retrieved from /opt/airflow/dags/rugby_pipeline.py
[2026-01-01T22:15:58.707+0000] {logging_mixin.py:188} INFO - [2026-01-01T22:15:58.706+0000] {dag.py:3036} INFO - Sync 1 DAGs
[2026-01-01T22:15:58.756+0000] {logging_mixin.py:188} INFO - [2026-01-01T22:15:58.755+0000] {dag.py:3823} INFO - Setting next_dagrun for rugby_pipeline to 2025-12-31 00:00:00+00:00, run_after=2026-01-01 00:00:00+00:00
[2026-01-01T22:15:58.797+0000] {processor.py:183} INFO - Processing /opt/airflow/dags/rugby_pipeline.py took 0.206 seconds
[2026-01-01T22:16:29.006+0000] {processor.py:161} INFO - Started process (PID=23549) to work on /opt/airflow/dags/rugby_pipeline.py
[2026-01-01T22:16:29.009+0000] {processor.py:830} INFO - Processing file /opt/airflow/dags/rugby_pipeline.py for tasks to queue
[2026-01-01T22:16:29.011+0000] {logging_mixin.py:188} INFO - [2026-01-01T22:16:29.011+0000] {dagbag.py:538} INFO - Filling up the DagBag from /opt/airflow/dags/rugby_pipeline.py
[2026-01-01T22:16:29.075+0000] {processor.py:840} INFO - DAG(s) 'rugby_pipeline' retrieved from /opt/airflow/dags/rugby_pipeline.py
[2026-01-01T22:16:29.145+0000] {logging_mixin.py:188} INFO - [2026-01-01T22:16:29.145+0000] {dag.py:3036} INFO - Sync 1 DAGs
[2026-01-01T22:16:29.209+0000] {logging_mixin.py:188} INFO - [2026-01-01T22:16:29.208+0000] {dag.py:3823} INFO - Setting next_dagrun for rugby_pipeline to 2025-12-31 00:00:00+00:00, run_after=2026-01-01 00:00:00+00:00
[2026-01-01T22:16:29.260+0000] {processor.py:183} INFO - Processing /opt/airflow/dags/rugby_pipeline.py took 0.262 seconds
[2026-01-01T22:17:00.147+0000] {processor.py:161} INFO - Started process (PID=23569) to work on /opt/airflow/dags/rugby_pipeline.py
[2026-01-01T22:17:00.149+0000] {processor.py:830} INFO - Processing file /opt/airflow/dags/rugby_pipeline.py for tasks to queue
[2026-01-01T22:17:00.152+0000] {logging_mixin.py:188} INFO - [2026-01-01T22:17:00.151+0000] {dagbag.py:538} INFO - Filling up the DagBag from /opt/airflow/dags/rugby_pipeline.py
[2026-01-01T22:17:00.202+0000] {processor.py:840} INFO - DAG(s) 'rugby_pipeline' retrieved from /opt/airflow/dags/rugby_pipeline.py
[2026-01-01T22:17:00.253+0000] {logging_mixin.py:188} INFO - [2026-01-01T22:17:00.252+0000] {dag.py:3036} INFO - Sync 1 DAGs
[2026-01-01T22:17:00.301+0000] {logging_mixin.py:188} INFO - [2026-01-01T22:17:00.301+0000] {dag.py:3823} INFO - Setting next_dagrun for rugby_pipeline to 2025-12-31 00:00:00+00:00, run_after=2026-01-01 00:00:00+00:00
[2026-01-01T22:17:00.367+0000] {processor.py:183} INFO - Processing /opt/airflow/dags/rugby_pipeline.py took 0.227 seconds
[2026-01-01T22:17:31.240+0000] {processor.py:161} INFO - Started process (PID=23589) to work on /opt/airflow/dags/rugby_pipeline.py
[2026-01-01T22:17:31.243+0000] {processor.py:830} INFO - Processing file /opt/airflow/dags/rugby_pipeline.py for tasks to queue
[2026-01-01T22:17:31.245+0000] {logging_mixin.py:188} INFO - [2026-01-01T22:17:31.244+0000] {dagbag.py:538} INFO - Filling up the DagBag from /opt/airflow/dags/rugby_pipeline.py
[2026-01-01T22:17:31.307+0000] {processor.py:840} INFO - DAG(s) 'rugby_pipeline' retrieved from /opt/airflow/dags/rugby_pipeline.py
[2026-01-01T22:17:31.370+0000] {logging_mixin.py:188} INFO - [2026-01-01T22:17:31.369+0000] {dag.py:3036} INFO - Sync 1 DAGs
[2026-01-01T22:17:31.415+0000] {logging_mixin.py:188} INFO - [2026-01-01T22:17:31.415+0000] {dag.py:3823} INFO - Setting next_dagrun for rugby_pipeline to 2025-12-31 00:00:00+00:00, run_after=2026-01-01 00:00:00+00:00
[2026-01-01T22:17:31.453+0000] {processor.py:183} INFO - Processing /opt/airflow/dags/rugby_pipeline.py took 0.221 seconds
[2026-01-01T22:18:02.171+0000] {processor.py:161} INFO - Started process (PID=23609) to work on /opt/airflow/dags/rugby_pipeline.py
[2026-01-01T22:18:02.174+0000] {processor.py:830} INFO - Processing file /opt/airflow/dags/rugby_pipeline.py for tasks to queue
[2026-01-01T22:18:02.176+0000] {logging_mixin.py:188} INFO - [2026-01-01T22:18:02.175+0000] {dagbag.py:538} INFO - Filling up the DagBag from /opt/airflow/dags/rugby_pipeline.py
[2026-01-01T22:18:02.214+0000] {processor.py:840} INFO - DAG(s) 'rugby_pipeline' retrieved from /opt/airflow/dags/rugby_pipeline.py
[2026-01-01T22:18:02.260+0000] {logging_mixin.py:188} INFO - [2026-01-01T22:18:02.259+0000] {dag.py:3036} INFO - Sync 1 DAGs
[2026-01-01T22:18:02.302+0000] {logging_mixin.py:188} INFO - [2026-01-01T22:18:02.301+0000] {dag.py:3823} INFO - Setting next_dagrun for rugby_pipeline to 2025-12-31 00:00:00+00:00, run_after=2026-01-01 00:00:00+00:00
[2026-01-01T22:18:02.354+0000] {processor.py:183} INFO - Processing /opt/airflow/dags/rugby_pipeline.py took 0.191 seconds
[2026-01-01T22:18:33.125+0000] {processor.py:161} INFO - Started process (PID=23629) to work on /opt/airflow/dags/rugby_pipeline.py
[2026-01-01T22:18:33.128+0000] {processor.py:830} INFO - Processing file /opt/airflow/dags/rugby_pipeline.py for tasks to queue
[2026-01-01T22:18:33.130+0000] {logging_mixin.py:188} INFO - [2026-01-01T22:18:33.129+0000] {dagbag.py:538} INFO - Filling up the DagBag from /opt/airflow/dags/rugby_pipeline.py
[2026-01-01T22:18:33.167+0000] {processor.py:840} INFO - DAG(s) 'rugby_pipeline' retrieved from /opt/airflow/dags/rugby_pipeline.py
[2026-01-01T22:18:33.212+0000] {logging_mixin.py:188} INFO - [2026-01-01T22:18:33.212+0000] {dag.py:3036} INFO - Sync 1 DAGs
[2026-01-01T22:18:33.260+0000] {logging_mixin.py:188} INFO - [2026-01-01T22:18:33.259+0000] {dag.py:3823} INFO - Setting next_dagrun for rugby_pipeline to 2025-12-31 00:00:00+00:00, run_after=2026-01-01 00:00:00+00:00
[2026-01-01T22:18:33.313+0000] {processor.py:183} INFO - Processing /opt/airflow/dags/rugby_pipeline.py took 0.195 seconds
[2026-01-01T22:19:03.993+0000] {processor.py:161} INFO - Started process (PID=23649) to work on /opt/airflow/dags/rugby_pipeline.py
[2026-01-01T22:19:03.995+0000] {processor.py:830} INFO - Processing file /opt/airflow/dags/rugby_pipeline.py for tasks to queue
[2026-01-01T22:19:03.997+0000] {logging_mixin.py:188} INFO - [2026-01-01T22:19:03.997+0000] {dagbag.py:538} INFO - Filling up the DagBag from /opt/airflow/dags/rugby_pipeline.py
[2026-01-01T22:19:04.037+0000] {processor.py:840} INFO - DAG(s) 'rugby_pipeline' retrieved from /opt/airflow/dags/rugby_pipeline.py
[2026-01-01T22:19:04.081+0000] {logging_mixin.py:188} INFO - [2026-01-01T22:19:04.080+0000] {dag.py:3036} INFO - Sync 1 DAGs
[2026-01-01T22:19:04.122+0000] {logging_mixin.py:188} INFO - [2026-01-01T22:19:04.122+0000] {dag.py:3823} INFO - Setting next_dagrun for rugby_pipeline to 2025-12-31 00:00:00+00:00, run_after=2026-01-01 00:00:00+00:00
[2026-01-01T22:19:04.168+0000] {processor.py:183} INFO - Processing /opt/airflow/dags/rugby_pipeline.py took 0.182 seconds
[2026-01-01T22:19:34.833+0000] {processor.py:161} INFO - Started process (PID=23669) to work on /opt/airflow/dags/rugby_pipeline.py
[2026-01-01T22:19:34.835+0000] {processor.py:830} INFO - Processing file /opt/airflow/dags/rugby_pipeline.py for tasks to queue
[2026-01-01T22:19:34.837+0000] {logging_mixin.py:188} INFO - [2026-01-01T22:19:34.837+0000] {dagbag.py:538} INFO - Filling up the DagBag from /opt/airflow/dags/rugby_pipeline.py
[2026-01-01T22:19:34.889+0000] {processor.py:840} INFO - DAG(s) 'rugby_pipeline' retrieved from /opt/airflow/dags/rugby_pipeline.py
[2026-01-01T22:19:34.935+0000] {logging_mixin.py:188} INFO - [2026-01-01T22:19:34.934+0000] {dag.py:3036} INFO - Sync 1 DAGs
[2026-01-01T22:19:34.974+0000] {logging_mixin.py:188} INFO - [2026-01-01T22:19:34.974+0000] {dag.py:3823} INFO - Setting next_dagrun for rugby_pipeline to 2025-12-31 00:00:00+00:00, run_after=2026-01-01 00:00:00+00:00
[2026-01-01T22:19:35.022+0000] {processor.py:183} INFO - Processing /opt/airflow/dags/rugby_pipeline.py took 0.195 seconds
[2026-01-01T22:20:05.754+0000] {processor.py:161} INFO - Started process (PID=23689) to work on /opt/airflow/dags/rugby_pipeline.py
[2026-01-01T22:20:05.756+0000] {processor.py:830} INFO - Processing file /opt/airflow/dags/rugby_pipeline.py for tasks to queue
[2026-01-01T22:20:05.758+0000] {logging_mixin.py:188} INFO - [2026-01-01T22:20:05.757+0000] {dagbag.py:538} INFO - Filling up the DagBag from /opt/airflow/dags/rugby_pipeline.py
[2026-01-01T22:20:05.798+0000] {processor.py:840} INFO - DAG(s) 'rugby_pipeline' retrieved from /opt/airflow/dags/rugby_pipeline.py
[2026-01-01T22:20:05.845+0000] {logging_mixin.py:188} INFO - [2026-01-01T22:20:05.845+0000] {dag.py:3036} INFO - Sync 1 DAGs
[2026-01-01T22:20:05.893+0000] {logging_mixin.py:188} INFO - [2026-01-01T22:20:05.892+0000] {dag.py:3823} INFO - Setting next_dagrun for rugby_pipeline to 2025-12-31 00:00:00+00:00, run_after=2026-01-01 00:00:00+00:00
[2026-01-01T22:20:05.930+0000] {processor.py:183} INFO - Processing /opt/airflow/dags/rugby_pipeline.py took 0.184 seconds
[2026-01-01T22:20:36.635+0000] {processor.py:161} INFO - Started process (PID=23709) to work on /opt/airflow/dags/rugby_pipeline.py
[2026-01-01T22:20:36.637+0000] {processor.py:830} INFO - Processing file /opt/airflow/dags/rugby_pipeline.py for tasks to queue
[2026-01-01T22:20:36.639+0000] {logging_mixin.py:188} INFO - [2026-01-01T22:20:36.638+0000] {dagbag.py:538} INFO - Filling up the DagBag from /opt/airflow/dags/rugby_pipeline.py
[2026-01-01T22:20:36.675+0000] {processor.py:840} INFO - DAG(s) 'rugby_pipeline' retrieved from /opt/airflow/dags/rugby_pipeline.py
[2026-01-01T22:20:36.714+0000] {logging_mixin.py:188} INFO - [2026-01-01T22:20:36.714+0000] {dag.py:3036} INFO - Sync 1 DAGs
[2026-01-01T22:20:36.753+0000] {logging_mixin.py:188} INFO - [2026-01-01T22:20:36.753+0000] {dag.py:3823} INFO - Setting next_dagrun for rugby_pipeline to 2025-12-31 00:00:00+00:00, run_after=2026-01-01 00:00:00+00:00
[2026-01-01T22:20:36.815+0000] {processor.py:183} INFO - Processing /opt/airflow/dags/rugby_pipeline.py took 0.194 seconds
[2026-01-01T22:21:07.493+0000] {processor.py:161} INFO - Started process (PID=23729) to work on /opt/airflow/dags/rugby_pipeline.py
[2026-01-01T22:21:07.495+0000] {processor.py:830} INFO - Processing file /opt/airflow/dags/rugby_pipeline.py for tasks to queue
[2026-01-01T22:21:07.497+0000] {logging_mixin.py:188} INFO - [2026-01-01T22:21:07.496+0000] {dagbag.py:538} INFO - Filling up the DagBag from /opt/airflow/dags/rugby_pipeline.py
[2026-01-01T22:21:07.537+0000] {processor.py:840} INFO - DAG(s) 'rugby_pipeline' retrieved from /opt/airflow/dags/rugby_pipeline.py
[2026-01-01T22:21:07.586+0000] {logging_mixin.py:188} INFO - [2026-01-01T22:21:07.586+0000] {dag.py:3036} INFO - Sync 1 DAGs
[2026-01-01T22:21:07.632+0000] {logging_mixin.py:188} INFO - [2026-01-01T22:21:07.631+0000] {dag.py:3823} INFO - Setting next_dagrun for rugby_pipeline to 2025-12-31 00:00:00+00:00, run_after=2026-01-01 00:00:00+00:00
[2026-01-01T22:21:07.687+0000] {processor.py:183} INFO - Processing /opt/airflow/dags/rugby_pipeline.py took 0.202 seconds
[2026-01-01T22:21:38.368+0000] {processor.py:161} INFO - Started process (PID=23749) to work on /opt/airflow/dags/rugby_pipeline.py
[2026-01-01T22:21:38.370+0000] {processor.py:830} INFO - Processing file /opt/airflow/dags/rugby_pipeline.py for tasks to queue
[2026-01-01T22:21:38.372+0000] {logging_mixin.py:188} INFO - [2026-01-01T22:21:38.371+0000] {dagbag.py:538} INFO - Filling up the DagBag from /opt/airflow/dags/rugby_pipeline.py
[2026-01-01T22:21:38.413+0000] {processor.py:840} INFO - DAG(s) 'rugby_pipeline' retrieved from /opt/airflow/dags/rugby_pipeline.py
[2026-01-01T22:21:38.467+0000] {logging_mixin.py:188} INFO - [2026-01-01T22:21:38.466+0000] {dag.py:3036} INFO - Sync 1 DAGs
[2026-01-01T22:21:38.510+0000] {logging_mixin.py:188} INFO - [2026-01-01T22:21:38.509+0000] {dag.py:3823} INFO - Setting next_dagrun for rugby_pipeline to 2025-12-31 00:00:00+00:00, run_after=2026-01-01 00:00:00+00:00
[2026-01-01T22:21:38.552+0000] {processor.py:183} INFO - Processing /opt/airflow/dags/rugby_pipeline.py took 0.192 seconds
[2026-01-01T22:22:09.199+0000] {processor.py:161} INFO - Started process (PID=23769) to work on /opt/airflow/dags/rugby_pipeline.py
[2026-01-01T22:22:09.200+0000] {processor.py:830} INFO - Processing file /opt/airflow/dags/rugby_pipeline.py for tasks to queue
[2026-01-01T22:22:09.202+0000] {logging_mixin.py:188} INFO - [2026-01-01T22:22:09.202+0000] {dagbag.py:538} INFO - Filling up the DagBag from /opt/airflow/dags/rugby_pipeline.py
[2026-01-01T22:22:09.238+0000] {processor.py:840} INFO - DAG(s) 'rugby_pipeline' retrieved from /opt/airflow/dags/rugby_pipeline.py
[2026-01-01T22:22:09.279+0000] {logging_mixin.py:188} INFO - [2026-01-01T22:22:09.279+0000] {dag.py:3036} INFO - Sync 1 DAGs
[2026-01-01T22:22:09.319+0000] {logging_mixin.py:188} INFO - [2026-01-01T22:22:09.319+0000] {dag.py:3823} INFO - Setting next_dagrun for rugby_pipeline to 2025-12-31 00:00:00+00:00, run_after=2026-01-01 00:00:00+00:00
[2026-01-01T22:22:09.387+0000] {processor.py:183} INFO - Processing /opt/airflow/dags/rugby_pipeline.py took 0.194 seconds
[2026-01-01T22:22:40.061+0000] {processor.py:161} INFO - Started process (PID=23789) to work on /opt/airflow/dags/rugby_pipeline.py
[2026-01-01T22:22:40.062+0000] {processor.py:830} INFO - Processing file /opt/airflow/dags/rugby_pipeline.py for tasks to queue
[2026-01-01T22:22:40.065+0000] {logging_mixin.py:188} INFO - [2026-01-01T22:22:40.064+0000] {dagbag.py:538} INFO - Filling up the DagBag from /opt/airflow/dags/rugby_pipeline.py
[2026-01-01T22:22:40.101+0000] {processor.py:840} INFO - DAG(s) 'rugby_pipeline' retrieved from /opt/airflow/dags/rugby_pipeline.py
[2026-01-01T22:22:40.151+0000] {logging_mixin.py:188} INFO - [2026-01-01T22:22:40.150+0000] {dag.py:3036} INFO - Sync 1 DAGs
[2026-01-01T22:22:40.194+0000] {logging_mixin.py:188} INFO - [2026-01-01T22:22:40.194+0000] {dag.py:3823} INFO - Setting next_dagrun for rugby_pipeline to 2025-12-31 00:00:00+00:00, run_after=2026-01-01 00:00:00+00:00
[2026-01-01T22:22:40.253+0000] {processor.py:183} INFO - Processing /opt/airflow/dags/rugby_pipeline.py took 0.199 seconds
[2026-01-01T22:23:11.034+0000] {processor.py:161} INFO - Started process (PID=23809) to work on /opt/airflow/dags/rugby_pipeline.py
[2026-01-01T22:23:11.036+0000] {processor.py:830} INFO - Processing file /opt/airflow/dags/rugby_pipeline.py for tasks to queue
[2026-01-01T22:23:11.038+0000] {logging_mixin.py:188} INFO - [2026-01-01T22:23:11.038+0000] {dagbag.py:538} INFO - Filling up the DagBag from /opt/airflow/dags/rugby_pipeline.py
[2026-01-01T22:23:11.078+0000] {processor.py:840} INFO - DAG(s) 'rugby_pipeline' retrieved from /opt/airflow/dags/rugby_pipeline.py
[2026-01-01T22:23:11.126+0000] {logging_mixin.py:188} INFO - [2026-01-01T22:23:11.125+0000] {dag.py:3036} INFO - Sync 1 DAGs
[2026-01-01T22:23:11.171+0000] {logging_mixin.py:188} INFO - [2026-01-01T22:23:11.170+0000] {dag.py:3823} INFO - Setting next_dagrun for rugby_pipeline to 2025-12-31 00:00:00+00:00, run_after=2026-01-01 00:00:00+00:00
[2026-01-01T22:23:11.206+0000] {processor.py:183} INFO - Processing /opt/airflow/dags/rugby_pipeline.py took 0.181 seconds
[2026-01-01T22:23:41.852+0000] {processor.py:161} INFO - Started process (PID=23829) to work on /opt/airflow/dags/rugby_pipeline.py
[2026-01-01T22:23:41.855+0000] {processor.py:830} INFO - Processing file /opt/airflow/dags/rugby_pipeline.py for tasks to queue
[2026-01-01T22:23:41.858+0000] {logging_mixin.py:188} INFO - [2026-01-01T22:23:41.857+0000] {dagbag.py:538} INFO - Filling up the DagBag from /opt/airflow/dags/rugby_pipeline.py
[2026-01-01T22:23:41.897+0000] {processor.py:840} INFO - DAG(s) 'rugby_pipeline' retrieved from /opt/airflow/dags/rugby_pipeline.py
[2026-01-01T22:23:41.942+0000] {logging_mixin.py:188} INFO - [2026-01-01T22:23:41.941+0000] {dag.py:3036} INFO - Sync 1 DAGs
[2026-01-01T22:23:41.982+0000] {logging_mixin.py:188} INFO - [2026-01-01T22:23:41.982+0000] {dag.py:3823} INFO - Setting next_dagrun for rugby_pipeline to 2025-12-31 00:00:00+00:00, run_after=2026-01-01 00:00:00+00:00
[2026-01-01T22:23:42.021+0000] {processor.py:183} INFO - Processing /opt/airflow/dags/rugby_pipeline.py took 0.177 seconds
[2026-01-01T22:24:12.698+0000] {processor.py:161} INFO - Started process (PID=23849) to work on /opt/airflow/dags/rugby_pipeline.py
[2026-01-01T22:24:12.700+0000] {processor.py:830} INFO - Processing file /opt/airflow/dags/rugby_pipeline.py for tasks to queue
[2026-01-01T22:24:12.703+0000] {logging_mixin.py:188} INFO - [2026-01-01T22:24:12.702+0000] {dagbag.py:538} INFO - Filling up the DagBag from /opt/airflow/dags/rugby_pipeline.py
[2026-01-01T22:24:12.740+0000] {processor.py:840} INFO - DAG(s) 'rugby_pipeline' retrieved from /opt/airflow/dags/rugby_pipeline.py
[2026-01-01T22:24:12.787+0000] {logging_mixin.py:188} INFO - [2026-01-01T22:24:12.787+0000] {dag.py:3036} INFO - Sync 1 DAGs
[2026-01-01T22:24:12.836+0000] {logging_mixin.py:188} INFO - [2026-01-01T22:24:12.835+0000] {dag.py:3823} INFO - Setting next_dagrun for rugby_pipeline to 2025-12-31 00:00:00+00:00, run_after=2026-01-01 00:00:00+00:00
[2026-01-01T22:24:12.884+0000] {processor.py:183} INFO - Processing /opt/airflow/dags/rugby_pipeline.py took 0.192 seconds
[2026-01-01T22:24:43.612+0000] {processor.py:161} INFO - Started process (PID=23869) to work on /opt/airflow/dags/rugby_pipeline.py
[2026-01-01T22:24:43.614+0000] {processor.py:830} INFO - Processing file /opt/airflow/dags/rugby_pipeline.py for tasks to queue
[2026-01-01T22:24:43.616+0000] {logging_mixin.py:188} INFO - [2026-01-01T22:24:43.615+0000] {dagbag.py:538} INFO - Filling up the DagBag from /opt/airflow/dags/rugby_pipeline.py
[2026-01-01T22:24:43.654+0000] {processor.py:840} INFO - DAG(s) 'rugby_pipeline' retrieved from /opt/airflow/dags/rugby_pipeline.py
[2026-01-01T22:24:43.702+0000] {logging_mixin.py:188} INFO - [2026-01-01T22:24:43.702+0000] {dag.py:3036} INFO - Sync 1 DAGs
[2026-01-01T22:24:43.752+0000] {logging_mixin.py:188} INFO - [2026-01-01T22:24:43.752+0000] {dag.py:3823} INFO - Setting next_dagrun for rugby_pipeline to 2025-12-31 00:00:00+00:00, run_after=2026-01-01 00:00:00+00:00
[2026-01-01T22:24:43.806+0000] {processor.py:183} INFO - Processing /opt/airflow/dags/rugby_pipeline.py took 0.200 seconds
[2026-01-01T22:25:14.496+0000] {processor.py:161} INFO - Started process (PID=23889) to work on /opt/airflow/dags/rugby_pipeline.py
[2026-01-01T22:25:14.498+0000] {processor.py:830} INFO - Processing file /opt/airflow/dags/rugby_pipeline.py for tasks to queue
[2026-01-01T22:25:14.500+0000] {logging_mixin.py:188} INFO - [2026-01-01T22:25:14.500+0000] {dagbag.py:538} INFO - Filling up the DagBag from /opt/airflow/dags/rugby_pipeline.py
[2026-01-01T22:25:14.540+0000] {processor.py:840} INFO - DAG(s) 'rugby_pipeline' retrieved from /opt/airflow/dags/rugby_pipeline.py
[2026-01-01T22:25:14.582+0000] {logging_mixin.py:188} INFO - [2026-01-01T22:25:14.581+0000] {dag.py:3036} INFO - Sync 1 DAGs
[2026-01-01T22:25:14.622+0000] {logging_mixin.py:188} INFO - [2026-01-01T22:25:14.622+0000] {dag.py:3823} INFO - Setting next_dagrun for rugby_pipeline to 2025-12-31 00:00:00+00:00, run_after=2026-01-01 00:00:00+00:00
[2026-01-01T22:25:14.665+0000] {processor.py:183} INFO - Processing /opt/airflow/dags/rugby_pipeline.py took 0.175 seconds
[2026-01-01T22:25:45.344+0000] {processor.py:161} INFO - Started process (PID=23909) to work on /opt/airflow/dags/rugby_pipeline.py
[2026-01-01T22:25:45.346+0000] {processor.py:830} INFO - Processing file /opt/airflow/dags/rugby_pipeline.py for tasks to queue
[2026-01-01T22:25:45.348+0000] {logging_mixin.py:188} INFO - [2026-01-01T22:25:45.347+0000] {dagbag.py:538} INFO - Filling up the DagBag from /opt/airflow/dags/rugby_pipeline.py
[2026-01-01T22:25:45.388+0000] {processor.py:840} INFO - DAG(s) 'rugby_pipeline' retrieved from /opt/airflow/dags/rugby_pipeline.py
[2026-01-01T22:25:45.429+0000] {logging_mixin.py:188} INFO - [2026-01-01T22:25:45.428+0000] {dag.py:3036} INFO - Sync 1 DAGs
[2026-01-01T22:25:45.473+0000] {logging_mixin.py:188} INFO - [2026-01-01T22:25:45.472+0000] {dag.py:3823} INFO - Setting next_dagrun for rugby_pipeline to 2025-12-31 00:00:00+00:00, run_after=2026-01-01 00:00:00+00:00
[2026-01-01T22:25:45.506+0000] {processor.py:183} INFO - Processing /opt/airflow/dags/rugby_pipeline.py took 0.169 seconds
[2026-01-01T22:26:16.168+0000] {processor.py:161} INFO - Started process (PID=23929) to work on /opt/airflow/dags/rugby_pipeline.py
[2026-01-01T22:26:16.170+0000] {processor.py:830} INFO - Processing file /opt/airflow/dags/rugby_pipeline.py for tasks to queue
[2026-01-01T22:26:16.172+0000] {logging_mixin.py:188} INFO - [2026-01-01T22:26:16.171+0000] {dagbag.py:538} INFO - Filling up the DagBag from /opt/airflow/dags/rugby_pipeline.py
[2026-01-01T22:26:16.209+0000] {processor.py:840} INFO - DAG(s) 'rugby_pipeline' retrieved from /opt/airflow/dags/rugby_pipeline.py
[2026-01-01T22:26:16.258+0000] {logging_mixin.py:188} INFO - [2026-01-01T22:26:16.258+0000] {dag.py:3036} INFO - Sync 1 DAGs
[2026-01-01T22:26:16.300+0000] {logging_mixin.py:188} INFO - [2026-01-01T22:26:16.300+0000] {dag.py:3823} INFO - Setting next_dagrun for rugby_pipeline to 2025-12-31 00:00:00+00:00, run_after=2026-01-01 00:00:00+00:00
[2026-01-01T22:26:16.354+0000] {processor.py:183} INFO - Processing /opt/airflow/dags/rugby_pipeline.py took 0.193 seconds
[2026-01-01T22:26:47.048+0000] {processor.py:161} INFO - Started process (PID=23949) to work on /opt/airflow/dags/rugby_pipeline.py
[2026-01-01T22:26:47.052+0000] {processor.py:830} INFO - Processing file /opt/airflow/dags/rugby_pipeline.py for tasks to queue
[2026-01-01T22:26:47.054+0000] {logging_mixin.py:188} INFO - [2026-01-01T22:26:47.054+0000] {dagbag.py:538} INFO - Filling up the DagBag from /opt/airflow/dags/rugby_pipeline.py
[2026-01-01T22:26:47.100+0000] {processor.py:840} INFO - DAG(s) 'rugby_pipeline' retrieved from /opt/airflow/dags/rugby_pipeline.py
[2026-01-01T22:26:47.149+0000] {logging_mixin.py:188} INFO - [2026-01-01T22:26:47.148+0000] {dag.py:3036} INFO - Sync 1 DAGs
[2026-01-01T22:26:47.189+0000] {logging_mixin.py:188} INFO - [2026-01-01T22:26:47.189+0000] {dag.py:3823} INFO - Setting next_dagrun for rugby_pipeline to 2025-12-31 00:00:00+00:00, run_after=2026-01-01 00:00:00+00:00
[2026-01-01T22:26:47.225+0000] {processor.py:183} INFO - Processing /opt/airflow/dags/rugby_pipeline.py took 0.183 seconds
[2026-01-01T22:27:17.915+0000] {processor.py:161} INFO - Started process (PID=23969) to work on /opt/airflow/dags/rugby_pipeline.py
[2026-01-01T22:27:17.917+0000] {processor.py:830} INFO - Processing file /opt/airflow/dags/rugby_pipeline.py for tasks to queue
[2026-01-01T22:27:17.919+0000] {logging_mixin.py:188} INFO - [2026-01-01T22:27:17.919+0000] {dagbag.py:538} INFO - Filling up the DagBag from /opt/airflow/dags/rugby_pipeline.py
[2026-01-01T22:27:17.954+0000] {processor.py:840} INFO - DAG(s) 'rugby_pipeline' retrieved from /opt/airflow/dags/rugby_pipeline.py
[2026-01-01T22:27:17.998+0000] {logging_mixin.py:188} INFO - [2026-01-01T22:27:17.997+0000] {dag.py:3036} INFO - Sync 1 DAGs
[2026-01-01T22:27:18.038+0000] {logging_mixin.py:188} INFO - [2026-01-01T22:27:18.037+0000] {dag.py:3823} INFO - Setting next_dagrun for rugby_pipeline to 2025-12-31 00:00:00+00:00, run_after=2026-01-01 00:00:00+00:00
[2026-01-01T22:27:18.097+0000] {processor.py:183} INFO - Processing /opt/airflow/dags/rugby_pipeline.py took 0.189 seconds
[2026-01-01T22:27:48.806+0000] {processor.py:161} INFO - Started process (PID=23989) to work on /opt/airflow/dags/rugby_pipeline.py
[2026-01-01T22:27:48.808+0000] {processor.py:830} INFO - Processing file /opt/airflow/dags/rugby_pipeline.py for tasks to queue
[2026-01-01T22:27:48.810+0000] {logging_mixin.py:188} INFO - [2026-01-01T22:27:48.810+0000] {dagbag.py:538} INFO - Filling up the DagBag from /opt/airflow/dags/rugby_pipeline.py
[2026-01-01T22:27:48.849+0000] {processor.py:840} INFO - DAG(s) 'rugby_pipeline' retrieved from /opt/airflow/dags/rugby_pipeline.py
[2026-01-01T22:27:48.897+0000] {logging_mixin.py:188} INFO - [2026-01-01T22:27:48.896+0000] {dag.py:3036} INFO - Sync 1 DAGs
[2026-01-01T22:27:48.936+0000] {logging_mixin.py:188} INFO - [2026-01-01T22:27:48.936+0000] {dag.py:3823} INFO - Setting next_dagrun for rugby_pipeline to 2025-12-31 00:00:00+00:00, run_after=2026-01-01 00:00:00+00:00
[2026-01-01T22:27:49.000+0000] {processor.py:183} INFO - Processing /opt/airflow/dags/rugby_pipeline.py took 0.200 seconds
[2026-01-01T22:28:19.793+0000] {processor.py:161} INFO - Started process (PID=24009) to work on /opt/airflow/dags/rugby_pipeline.py
[2026-01-01T22:28:19.796+0000] {processor.py:830} INFO - Processing file /opt/airflow/dags/rugby_pipeline.py for tasks to queue
[2026-01-01T22:28:19.799+0000] {logging_mixin.py:188} INFO - [2026-01-01T22:28:19.798+0000] {dagbag.py:538} INFO - Filling up the DagBag from /opt/airflow/dags/rugby_pipeline.py
[2026-01-01T22:28:19.843+0000] {processor.py:840} INFO - DAG(s) 'rugby_pipeline' retrieved from /opt/airflow/dags/rugby_pipeline.py
[2026-01-01T22:28:19.893+0000] {logging_mixin.py:188} INFO - [2026-01-01T22:28:19.892+0000] {dag.py:3036} INFO - Sync 1 DAGs
[2026-01-01T22:28:19.933+0000] {logging_mixin.py:188} INFO - [2026-01-01T22:28:19.932+0000] {dag.py:3823} INFO - Setting next_dagrun for rugby_pipeline to 2025-12-31 00:00:00+00:00, run_after=2026-01-01 00:00:00+00:00
[2026-01-01T22:28:19.966+0000] {processor.py:183} INFO - Processing /opt/airflow/dags/rugby_pipeline.py took 0.180 seconds
[2026-01-01T22:28:50.625+0000] {processor.py:161} INFO - Started process (PID=24029) to work on /opt/airflow/dags/rugby_pipeline.py
[2026-01-01T22:28:50.627+0000] {processor.py:830} INFO - Processing file /opt/airflow/dags/rugby_pipeline.py for tasks to queue
[2026-01-01T22:28:50.630+0000] {logging_mixin.py:188} INFO - [2026-01-01T22:28:50.629+0000] {dagbag.py:538} INFO - Filling up the DagBag from /opt/airflow/dags/rugby_pipeline.py
[2026-01-01T22:28:50.668+0000] {processor.py:840} INFO - DAG(s) 'rugby_pipeline' retrieved from /opt/airflow/dags/rugby_pipeline.py
[2026-01-01T22:28:50.711+0000] {logging_mixin.py:188} INFO - [2026-01-01T22:28:50.711+0000] {dag.py:3036} INFO - Sync 1 DAGs
[2026-01-01T22:28:50.749+0000] {logging_mixin.py:188} INFO - [2026-01-01T22:28:50.749+0000] {dag.py:3823} INFO - Setting next_dagrun for rugby_pipeline to 2025-12-31 00:00:00+00:00, run_after=2026-01-01 00:00:00+00:00
[2026-01-01T22:28:50.805+0000] {processor.py:183} INFO - Processing /opt/airflow/dags/rugby_pipeline.py took 0.188 seconds
[2026-01-01T22:29:21.496+0000] {processor.py:161} INFO - Started process (PID=24049) to work on /opt/airflow/dags/rugby_pipeline.py
[2026-01-01T22:29:21.499+0000] {processor.py:830} INFO - Processing file /opt/airflow/dags/rugby_pipeline.py for tasks to queue
[2026-01-01T22:29:21.502+0000] {logging_mixin.py:188} INFO - [2026-01-01T22:29:21.501+0000] {dagbag.py:538} INFO - Filling up the DagBag from /opt/airflow/dags/rugby_pipeline.py
[2026-01-01T22:29:21.544+0000] {processor.py:840} INFO - DAG(s) 'rugby_pipeline' retrieved from /opt/airflow/dags/rugby_pipeline.py
[2026-01-01T22:29:21.588+0000] {logging_mixin.py:188} INFO - [2026-01-01T22:29:21.588+0000] {dag.py:3036} INFO - Sync 1 DAGs
[2026-01-01T22:29:21.630+0000] {logging_mixin.py:188} INFO - [2026-01-01T22:29:21.629+0000] {dag.py:3823} INFO - Setting next_dagrun for rugby_pipeline to 2025-12-31 00:00:00+00:00, run_after=2026-01-01 00:00:00+00:00
[2026-01-01T22:29:21.675+0000] {processor.py:183} INFO - Processing /opt/airflow/dags/rugby_pipeline.py took 0.189 seconds
[2026-01-01T22:29:52.344+0000] {processor.py:161} INFO - Started process (PID=24069) to work on /opt/airflow/dags/rugby_pipeline.py
[2026-01-01T22:29:52.346+0000] {processor.py:830} INFO - Processing file /opt/airflow/dags/rugby_pipeline.py for tasks to queue
[2026-01-01T22:29:52.349+0000] {logging_mixin.py:188} INFO - [2026-01-01T22:29:52.348+0000] {dagbag.py:538} INFO - Filling up the DagBag from /opt/airflow/dags/rugby_pipeline.py
[2026-01-01T22:29:52.391+0000] {processor.py:840} INFO - DAG(s) 'rugby_pipeline' retrieved from /opt/airflow/dags/rugby_pipeline.py
[2026-01-01T22:29:52.445+0000] {logging_mixin.py:188} INFO - [2026-01-01T22:29:52.444+0000] {dag.py:3036} INFO - Sync 1 DAGs
[2026-01-01T22:29:52.494+0000] {logging_mixin.py:188} INFO - [2026-01-01T22:29:52.493+0000] {dag.py:3823} INFO - Setting next_dagrun for rugby_pipeline to 2025-12-31 00:00:00+00:00, run_after=2026-01-01 00:00:00+00:00
[2026-01-01T22:29:52.531+0000] {processor.py:183} INFO - Processing /opt/airflow/dags/rugby_pipeline.py took 0.195 seconds
[2026-01-01T22:30:23.247+0000] {processor.py:161} INFO - Started process (PID=24089) to work on /opt/airflow/dags/rugby_pipeline.py
[2026-01-01T22:30:23.250+0000] {processor.py:830} INFO - Processing file /opt/airflow/dags/rugby_pipeline.py for tasks to queue
[2026-01-01T22:30:23.252+0000] {logging_mixin.py:188} INFO - [2026-01-01T22:30:23.251+0000] {dagbag.py:538} INFO - Filling up the DagBag from /opt/airflow/dags/rugby_pipeline.py
[2026-01-01T22:30:23.294+0000] {processor.py:840} INFO - DAG(s) 'rugby_pipeline' retrieved from /opt/airflow/dags/rugby_pipeline.py
[2026-01-01T22:30:23.358+0000] {logging_mixin.py:188} INFO - [2026-01-01T22:30:23.358+0000] {dag.py:3036} INFO - Sync 1 DAGs
[2026-01-01T22:30:23.412+0000] {logging_mixin.py:188} INFO - [2026-01-01T22:30:23.412+0000] {dag.py:3823} INFO - Setting next_dagrun for rugby_pipeline to 2025-12-31 00:00:00+00:00, run_after=2026-01-01 00:00:00+00:00
[2026-01-01T22:30:23.461+0000] {processor.py:183} INFO - Processing /opt/airflow/dags/rugby_pipeline.py took 0.222 seconds
[2026-01-01T22:30:54.129+0000] {processor.py:161} INFO - Started process (PID=24109) to work on /opt/airflow/dags/rugby_pipeline.py
[2026-01-01T22:30:54.131+0000] {processor.py:830} INFO - Processing file /opt/airflow/dags/rugby_pipeline.py for tasks to queue
[2026-01-01T22:30:54.133+0000] {logging_mixin.py:188} INFO - [2026-01-01T22:30:54.132+0000] {dagbag.py:538} INFO - Filling up the DagBag from /opt/airflow/dags/rugby_pipeline.py
[2026-01-01T22:30:54.178+0000] {processor.py:840} INFO - DAG(s) 'rugby_pipeline' retrieved from /opt/airflow/dags/rugby_pipeline.py
[2026-01-01T22:30:54.230+0000] {logging_mixin.py:188} INFO - [2026-01-01T22:30:54.229+0000] {dag.py:3036} INFO - Sync 1 DAGs
[2026-01-01T22:30:54.283+0000] {logging_mixin.py:188} INFO - [2026-01-01T22:30:54.282+0000] {dag.py:3823} INFO - Setting next_dagrun for rugby_pipeline to 2025-12-31 00:00:00+00:00, run_after=2026-01-01 00:00:00+00:00
[2026-01-01T22:30:54.328+0000] {processor.py:183} INFO - Processing /opt/airflow/dags/rugby_pipeline.py took 0.206 seconds
[2026-01-01T22:31:25.029+0000] {processor.py:161} INFO - Started process (PID=24129) to work on /opt/airflow/dags/rugby_pipeline.py
[2026-01-01T22:31:25.033+0000] {processor.py:830} INFO - Processing file /opt/airflow/dags/rugby_pipeline.py for tasks to queue
[2026-01-01T22:31:25.036+0000] {logging_mixin.py:188} INFO - [2026-01-01T22:31:25.036+0000] {dagbag.py:538} INFO - Filling up the DagBag from /opt/airflow/dags/rugby_pipeline.py
[2026-01-01T22:31:25.078+0000] {processor.py:840} INFO - DAG(s) 'rugby_pipeline' retrieved from /opt/airflow/dags/rugby_pipeline.py
[2026-01-01T22:31:25.131+0000] {logging_mixin.py:188} INFO - [2026-01-01T22:31:25.130+0000] {dag.py:3036} INFO - Sync 1 DAGs
[2026-01-01T22:31:25.179+0000] {logging_mixin.py:188} INFO - [2026-01-01T22:31:25.178+0000] {dag.py:3823} INFO - Setting next_dagrun for rugby_pipeline to 2025-12-31 00:00:00+00:00, run_after=2026-01-01 00:00:00+00:00
[2026-01-01T22:31:25.234+0000] {processor.py:183} INFO - Processing /opt/airflow/dags/rugby_pipeline.py took 0.216 seconds
[2026-01-01T22:31:55.960+0000] {processor.py:161} INFO - Started process (PID=24149) to work on /opt/airflow/dags/rugby_pipeline.py
[2026-01-01T22:31:55.963+0000] {processor.py:830} INFO - Processing file /opt/airflow/dags/rugby_pipeline.py for tasks to queue
[2026-01-01T22:31:55.965+0000] {logging_mixin.py:188} INFO - [2026-01-01T22:31:55.964+0000] {dagbag.py:538} INFO - Filling up the DagBag from /opt/airflow/dags/rugby_pipeline.py
[2026-01-01T22:31:56.010+0000] {processor.py:840} INFO - DAG(s) 'rugby_pipeline' retrieved from /opt/airflow/dags/rugby_pipeline.py
[2026-01-01T22:31:56.088+0000] {logging_mixin.py:188} INFO - [2026-01-01T22:31:56.087+0000] {dag.py:3036} INFO - Sync 1 DAGs
[2026-01-01T22:31:56.148+0000] {logging_mixin.py:188} INFO - [2026-01-01T22:31:56.148+0000] {dag.py:3823} INFO - Setting next_dagrun for rugby_pipeline to 2025-12-31 00:00:00+00:00, run_after=2026-01-01 00:00:00+00:00
[2026-01-01T22:31:56.190+0000] {processor.py:183} INFO - Processing /opt/airflow/dags/rugby_pipeline.py took 0.238 seconds
[2026-01-01T22:32:26.897+0000] {processor.py:161} INFO - Started process (PID=24169) to work on /opt/airflow/dags/rugby_pipeline.py
[2026-01-01T22:32:26.899+0000] {processor.py:830} INFO - Processing file /opt/airflow/dags/rugby_pipeline.py for tasks to queue
[2026-01-01T22:32:26.901+0000] {logging_mixin.py:188} INFO - [2026-01-01T22:32:26.900+0000] {dagbag.py:538} INFO - Filling up the DagBag from /opt/airflow/dags/rugby_pipeline.py
[2026-01-01T22:32:26.944+0000] {processor.py:840} INFO - DAG(s) 'rugby_pipeline' retrieved from /opt/airflow/dags/rugby_pipeline.py
[2026-01-01T22:32:26.992+0000] {logging_mixin.py:188} INFO - [2026-01-01T22:32:26.992+0000] {dag.py:3036} INFO - Sync 1 DAGs
[2026-01-01T22:32:27.033+0000] {logging_mixin.py:188} INFO - [2026-01-01T22:32:27.032+0000] {dag.py:3823} INFO - Setting next_dagrun for rugby_pipeline to 2025-12-31 00:00:00+00:00, run_after=2026-01-01 00:00:00+00:00
[2026-01-01T22:32:27.092+0000] {processor.py:183} INFO - Processing /opt/airflow/dags/rugby_pipeline.py took 0.202 seconds
[2026-01-01T22:32:57.809+0000] {processor.py:161} INFO - Started process (PID=24189) to work on /opt/airflow/dags/rugby_pipeline.py
[2026-01-01T22:32:57.812+0000] {processor.py:830} INFO - Processing file /opt/airflow/dags/rugby_pipeline.py for tasks to queue
[2026-01-01T22:32:57.816+0000] {logging_mixin.py:188} INFO - [2026-01-01T22:32:57.815+0000] {dagbag.py:538} INFO - Filling up the DagBag from /opt/airflow/dags/rugby_pipeline.py
[2026-01-01T22:32:57.855+0000] {processor.py:840} INFO - DAG(s) 'rugby_pipeline' retrieved from /opt/airflow/dags/rugby_pipeline.py
[2026-01-01T22:32:57.913+0000] {logging_mixin.py:188} INFO - [2026-01-01T22:32:57.912+0000] {dag.py:3036} INFO - Sync 1 DAGs
[2026-01-01T22:32:57.968+0000] {logging_mixin.py:188} INFO - [2026-01-01T22:32:57.967+0000] {dag.py:3823} INFO - Setting next_dagrun for rugby_pipeline to 2025-12-31 00:00:00+00:00, run_after=2026-01-01 00:00:00+00:00
[2026-01-01T22:32:58.014+0000] {processor.py:183} INFO - Processing /opt/airflow/dags/rugby_pipeline.py took 0.213 seconds
[2026-01-01T22:33:28.626+0000] {processor.py:161} INFO - Started process (PID=24209) to work on /opt/airflow/dags/rugby_pipeline.py
[2026-01-01T22:33:28.628+0000] {processor.py:830} INFO - Processing file /opt/airflow/dags/rugby_pipeline.py for tasks to queue
[2026-01-01T22:33:28.630+0000] {logging_mixin.py:188} INFO - [2026-01-01T22:33:28.630+0000] {dagbag.py:538} INFO - Filling up the DagBag from /opt/airflow/dags/rugby_pipeline.py
[2026-01-01T22:33:28.668+0000] {processor.py:840} INFO - DAG(s) 'rugby_pipeline' retrieved from /opt/airflow/dags/rugby_pipeline.py
[2026-01-01T22:33:28.718+0000] {logging_mixin.py:188} INFO - [2026-01-01T22:33:28.717+0000] {dag.py:3036} INFO - Sync 1 DAGs
[2026-01-01T22:33:28.764+0000] {logging_mixin.py:188} INFO - [2026-01-01T22:33:28.764+0000] {dag.py:3823} INFO - Setting next_dagrun for rugby_pipeline to 2025-12-31 00:00:00+00:00, run_after=2026-01-01 00:00:00+00:00
[2026-01-01T22:33:28.821+0000] {processor.py:183} INFO - Processing /opt/airflow/dags/rugby_pipeline.py took 0.202 seconds
[2026-01-01T22:33:59.544+0000] {processor.py:161} INFO - Started process (PID=24229) to work on /opt/airflow/dags/rugby_pipeline.py
[2026-01-01T22:33:59.547+0000] {processor.py:830} INFO - Processing file /opt/airflow/dags/rugby_pipeline.py for tasks to queue
[2026-01-01T22:33:59.549+0000] {logging_mixin.py:188} INFO - [2026-01-01T22:33:59.548+0000] {dagbag.py:538} INFO - Filling up the DagBag from /opt/airflow/dags/rugby_pipeline.py
[2026-01-01T22:33:59.589+0000] {processor.py:840} INFO - DAG(s) 'rugby_pipeline' retrieved from /opt/airflow/dags/rugby_pipeline.py
[2026-01-01T22:33:59.641+0000] {logging_mixin.py:188} INFO - [2026-01-01T22:33:59.640+0000] {dag.py:3036} INFO - Sync 1 DAGs
[2026-01-01T22:33:59.684+0000] {logging_mixin.py:188} INFO - [2026-01-01T22:33:59.684+0000] {dag.py:3823} INFO - Setting next_dagrun for rugby_pipeline to 2025-12-31 00:00:00+00:00, run_after=2026-01-01 00:00:00+00:00
[2026-01-01T22:33:59.720+0000] {processor.py:183} INFO - Processing /opt/airflow/dags/rugby_pipeline.py took 0.184 seconds
[2026-01-01T22:34:30.372+0000] {processor.py:161} INFO - Started process (PID=24249) to work on /opt/airflow/dags/rugby_pipeline.py
[2026-01-01T22:34:30.375+0000] {processor.py:830} INFO - Processing file /opt/airflow/dags/rugby_pipeline.py for tasks to queue
[2026-01-01T22:34:30.377+0000] {logging_mixin.py:188} INFO - [2026-01-01T22:34:30.376+0000] {dagbag.py:538} INFO - Filling up the DagBag from /opt/airflow/dags/rugby_pipeline.py
[2026-01-01T22:34:30.415+0000] {processor.py:840} INFO - DAG(s) 'rugby_pipeline' retrieved from /opt/airflow/dags/rugby_pipeline.py
[2026-01-01T22:34:30.461+0000] {logging_mixin.py:188} INFO - [2026-01-01T22:34:30.461+0000] {dag.py:3036} INFO - Sync 1 DAGs
[2026-01-01T22:34:30.504+0000] {logging_mixin.py:188} INFO - [2026-01-01T22:34:30.503+0000] {dag.py:3823} INFO - Setting next_dagrun for rugby_pipeline to 2025-12-31 00:00:00+00:00, run_after=2026-01-01 00:00:00+00:00
[2026-01-01T22:34:30.557+0000] {processor.py:183} INFO - Processing /opt/airflow/dags/rugby_pipeline.py took 0.192 seconds
[2026-01-01T22:35:01.269+0000] {processor.py:161} INFO - Started process (PID=24269) to work on /opt/airflow/dags/rugby_pipeline.py
[2026-01-01T22:35:01.271+0000] {processor.py:830} INFO - Processing file /opt/airflow/dags/rugby_pipeline.py for tasks to queue
[2026-01-01T22:35:01.273+0000] {logging_mixin.py:188} INFO - [2026-01-01T22:35:01.273+0000] {dagbag.py:538} INFO - Filling up the DagBag from /opt/airflow/dags/rugby_pipeline.py
[2026-01-01T22:35:01.313+0000] {processor.py:840} INFO - DAG(s) 'rugby_pipeline' retrieved from /opt/airflow/dags/rugby_pipeline.py
[2026-01-01T22:35:01.363+0000] {logging_mixin.py:188} INFO - [2026-01-01T22:35:01.362+0000] {dag.py:3036} INFO - Sync 1 DAGs
[2026-01-01T22:35:01.403+0000] {logging_mixin.py:188} INFO - [2026-01-01T22:35:01.402+0000] {dag.py:3823} INFO - Setting next_dagrun for rugby_pipeline to 2025-12-31 00:00:00+00:00, run_after=2026-01-01 00:00:00+00:00
[2026-01-01T22:35:01.451+0000] {processor.py:183} INFO - Processing /opt/airflow/dags/rugby_pipeline.py took 0.187 seconds
[2026-01-01T22:35:32.127+0000] {processor.py:161} INFO - Started process (PID=24289) to work on /opt/airflow/dags/rugby_pipeline.py
[2026-01-01T22:35:32.129+0000] {processor.py:830} INFO - Processing file /opt/airflow/dags/rugby_pipeline.py for tasks to queue
[2026-01-01T22:35:32.132+0000] {logging_mixin.py:188} INFO - [2026-01-01T22:35:32.131+0000] {dagbag.py:538} INFO - Filling up the DagBag from /opt/airflow/dags/rugby_pipeline.py
[2026-01-01T22:35:32.170+0000] {processor.py:840} INFO - DAG(s) 'rugby_pipeline' retrieved from /opt/airflow/dags/rugby_pipeline.py
[2026-01-01T22:35:32.212+0000] {logging_mixin.py:188} INFO - [2026-01-01T22:35:32.211+0000] {dag.py:3036} INFO - Sync 1 DAGs
[2026-01-01T22:35:32.252+0000] {logging_mixin.py:188} INFO - [2026-01-01T22:35:32.251+0000] {dag.py:3823} INFO - Setting next_dagrun for rugby_pipeline to 2025-12-31 00:00:00+00:00, run_after=2026-01-01 00:00:00+00:00
[2026-01-01T22:35:32.311+0000] {processor.py:183} INFO - Processing /opt/airflow/dags/rugby_pipeline.py took 0.191 seconds
[2026-01-01T22:36:03.028+0000] {processor.py:161} INFO - Started process (PID=24309) to work on /opt/airflow/dags/rugby_pipeline.py
[2026-01-01T22:36:03.031+0000] {processor.py:830} INFO - Processing file /opt/airflow/dags/rugby_pipeline.py for tasks to queue
[2026-01-01T22:36:03.033+0000] {logging_mixin.py:188} INFO - [2026-01-01T22:36:03.033+0000] {dagbag.py:538} INFO - Filling up the DagBag from /opt/airflow/dags/rugby_pipeline.py
[2026-01-01T22:36:03.075+0000] {processor.py:840} INFO - DAG(s) 'rugby_pipeline' retrieved from /opt/airflow/dags/rugby_pipeline.py
[2026-01-01T22:36:03.127+0000] {logging_mixin.py:188} INFO - [2026-01-01T22:36:03.126+0000] {dag.py:3036} INFO - Sync 1 DAGs
[2026-01-01T22:36:03.170+0000] {logging_mixin.py:188} INFO - [2026-01-01T22:36:03.170+0000] {dag.py:3823} INFO - Setting next_dagrun for rugby_pipeline to 2025-12-31 00:00:00+00:00, run_after=2026-01-01 00:00:00+00:00
[2026-01-01T22:36:03.204+0000] {processor.py:183} INFO - Processing /opt/airflow/dags/rugby_pipeline.py took 0.184 seconds
[2026-01-01T22:36:33.866+0000] {processor.py:161} INFO - Started process (PID=24329) to work on /opt/airflow/dags/rugby_pipeline.py
[2026-01-01T22:36:33.868+0000] {processor.py:830} INFO - Processing file /opt/airflow/dags/rugby_pipeline.py for tasks to queue
[2026-01-01T22:36:33.870+0000] {logging_mixin.py:188} INFO - [2026-01-01T22:36:33.869+0000] {dagbag.py:538} INFO - Filling up the DagBag from /opt/airflow/dags/rugby_pipeline.py
[2026-01-01T22:36:33.908+0000] {processor.py:840} INFO - DAG(s) 'rugby_pipeline' retrieved from /opt/airflow/dags/rugby_pipeline.py
[2026-01-01T22:36:33.952+0000] {logging_mixin.py:188} INFO - [2026-01-01T22:36:33.952+0000] {dag.py:3036} INFO - Sync 1 DAGs
[2026-01-01T22:36:33.991+0000] {logging_mixin.py:188} INFO - [2026-01-01T22:36:33.991+0000] {dag.py:3823} INFO - Setting next_dagrun for rugby_pipeline to 2025-12-31 00:00:00+00:00, run_after=2026-01-01 00:00:00+00:00
[2026-01-01T22:36:34.046+0000] {processor.py:183} INFO - Processing /opt/airflow/dags/rugby_pipeline.py took 0.188 seconds
[2026-01-01T22:37:04.733+0000] {processor.py:161} INFO - Started process (PID=24349) to work on /opt/airflow/dags/rugby_pipeline.py
[2026-01-01T22:37:04.736+0000] {processor.py:830} INFO - Processing file /opt/airflow/dags/rugby_pipeline.py for tasks to queue
[2026-01-01T22:37:04.739+0000] {logging_mixin.py:188} INFO - [2026-01-01T22:37:04.738+0000] {dagbag.py:538} INFO - Filling up the DagBag from /opt/airflow/dags/rugby_pipeline.py
[2026-01-01T22:37:04.781+0000] {processor.py:840} INFO - DAG(s) 'rugby_pipeline' retrieved from /opt/airflow/dags/rugby_pipeline.py
[2026-01-01T22:37:04.838+0000] {logging_mixin.py:188} INFO - [2026-01-01T22:37:04.838+0000] {dag.py:3036} INFO - Sync 1 DAGs
[2026-01-01T22:37:04.889+0000] {logging_mixin.py:188} INFO - [2026-01-01T22:37:04.888+0000] {dag.py:3823} INFO - Setting next_dagrun for rugby_pipeline to 2025-12-31 00:00:00+00:00, run_after=2026-01-01 00:00:00+00:00
[2026-01-01T22:37:04.924+0000] {processor.py:183} INFO - Processing /opt/airflow/dags/rugby_pipeline.py took 0.199 seconds
[2026-01-01T22:37:35.717+0000] {processor.py:161} INFO - Started process (PID=24369) to work on /opt/airflow/dags/rugby_pipeline.py
[2026-01-01T22:37:35.720+0000] {processor.py:830} INFO - Processing file /opt/airflow/dags/rugby_pipeline.py for tasks to queue
[2026-01-01T22:37:35.723+0000] {logging_mixin.py:188} INFO - [2026-01-01T22:37:35.722+0000] {dagbag.py:538} INFO - Filling up the DagBag from /opt/airflow/dags/rugby_pipeline.py
[2026-01-01T22:37:35.773+0000] {processor.py:840} INFO - DAG(s) 'rugby_pipeline' retrieved from /opt/airflow/dags/rugby_pipeline.py
[2026-01-01T22:37:35.822+0000] {logging_mixin.py:188} INFO - [2026-01-01T22:37:35.822+0000] {dag.py:3036} INFO - Sync 1 DAGs
[2026-01-01T22:37:35.872+0000] {logging_mixin.py:188} INFO - [2026-01-01T22:37:35.871+0000] {dag.py:3823} INFO - Setting next_dagrun for rugby_pipeline to 2025-12-31 00:00:00+00:00, run_after=2026-01-01 00:00:00+00:00
[2026-01-01T22:37:35.911+0000] {processor.py:183} INFO - Processing /opt/airflow/dags/rugby_pipeline.py took 0.203 seconds
[2026-01-01T22:38:06.695+0000] {processor.py:161} INFO - Started process (PID=24389) to work on /opt/airflow/dags/rugby_pipeline.py
[2026-01-01T22:38:06.697+0000] {processor.py:830} INFO - Processing file /opt/airflow/dags/rugby_pipeline.py for tasks to queue
[2026-01-01T22:38:06.699+0000] {logging_mixin.py:188} INFO - [2026-01-01T22:38:06.699+0000] {dagbag.py:538} INFO - Filling up the DagBag from /opt/airflow/dags/rugby_pipeline.py
[2026-01-01T22:38:06.745+0000] {processor.py:840} INFO - DAG(s) 'rugby_pipeline' retrieved from /opt/airflow/dags/rugby_pipeline.py
[2026-01-01T22:38:06.790+0000] {logging_mixin.py:188} INFO - [2026-01-01T22:38:06.790+0000] {dag.py:3036} INFO - Sync 1 DAGs
[2026-01-01T22:38:06.835+0000] {logging_mixin.py:188} INFO - [2026-01-01T22:38:06.835+0000] {dag.py:3823} INFO - Setting next_dagrun for rugby_pipeline to 2025-12-31 00:00:00+00:00, run_after=2026-01-01 00:00:00+00:00
[2026-01-01T22:38:06.891+0000] {processor.py:183} INFO - Processing /opt/airflow/dags/rugby_pipeline.py took 0.203 seconds
[2026-01-01T22:38:37.758+0000] {processor.py:161} INFO - Started process (PID=24409) to work on /opt/airflow/dags/rugby_pipeline.py
[2026-01-01T22:38:37.761+0000] {processor.py:830} INFO - Processing file /opt/airflow/dags/rugby_pipeline.py for tasks to queue
[2026-01-01T22:38:37.763+0000] {logging_mixin.py:188} INFO - [2026-01-01T22:38:37.762+0000] {dagbag.py:538} INFO - Filling up the DagBag from /opt/airflow/dags/rugby_pipeline.py
[2026-01-01T22:38:37.806+0000] {processor.py:840} INFO - DAG(s) 'rugby_pipeline' retrieved from /opt/airflow/dags/rugby_pipeline.py
[2026-01-01T22:38:37.855+0000] {logging_mixin.py:188} INFO - [2026-01-01T22:38:37.854+0000] {dag.py:3036} INFO - Sync 1 DAGs
[2026-01-01T22:38:37.902+0000] {logging_mixin.py:188} INFO - [2026-01-01T22:38:37.901+0000] {dag.py:3823} INFO - Setting next_dagrun for rugby_pipeline to 2025-12-31 00:00:00+00:00, run_after=2026-01-01 00:00:00+00:00
[2026-01-01T22:38:37.940+0000] {processor.py:183} INFO - Processing /opt/airflow/dags/rugby_pipeline.py took 0.188 seconds
[2026-01-01T22:39:08.701+0000] {processor.py:161} INFO - Started process (PID=24429) to work on /opt/airflow/dags/rugby_pipeline.py
[2026-01-01T22:39:08.703+0000] {processor.py:830} INFO - Processing file /opt/airflow/dags/rugby_pipeline.py for tasks to queue
[2026-01-01T22:39:08.705+0000] {logging_mixin.py:188} INFO - [2026-01-01T22:39:08.704+0000] {dagbag.py:538} INFO - Filling up the DagBag from /opt/airflow/dags/rugby_pipeline.py
[2026-01-01T22:39:08.753+0000] {processor.py:840} INFO - DAG(s) 'rugby_pipeline' retrieved from /opt/airflow/dags/rugby_pipeline.py
[2026-01-01T22:39:08.798+0000] {logging_mixin.py:188} INFO - [2026-01-01T22:39:08.798+0000] {dag.py:3036} INFO - Sync 1 DAGs
[2026-01-01T22:39:08.846+0000] {logging_mixin.py:188} INFO - [2026-01-01T22:39:08.846+0000] {dag.py:3823} INFO - Setting next_dagrun for rugby_pipeline to 2025-12-31 00:00:00+00:00, run_after=2026-01-01 00:00:00+00:00
[2026-01-01T22:39:08.906+0000] {processor.py:183} INFO - Processing /opt/airflow/dags/rugby_pipeline.py took 0.212 seconds
[2026-01-01T22:39:39.772+0000] {processor.py:161} INFO - Started process (PID=24449) to work on /opt/airflow/dags/rugby_pipeline.py
[2026-01-01T22:39:39.774+0000] {processor.py:830} INFO - Processing file /opt/airflow/dags/rugby_pipeline.py for tasks to queue
[2026-01-01T22:39:39.776+0000] {logging_mixin.py:188} INFO - [2026-01-01T22:39:39.775+0000] {dagbag.py:538} INFO - Filling up the DagBag from /opt/airflow/dags/rugby_pipeline.py
[2026-01-01T22:39:39.819+0000] {processor.py:840} INFO - DAG(s) 'rugby_pipeline' retrieved from /opt/airflow/dags/rugby_pipeline.py
[2026-01-01T22:39:39.871+0000] {logging_mixin.py:188} INFO - [2026-01-01T22:39:39.871+0000] {dag.py:3036} INFO - Sync 1 DAGs
[2026-01-01T22:39:39.921+0000] {logging_mixin.py:188} INFO - [2026-01-01T22:39:39.921+0000] {dag.py:3823} INFO - Setting next_dagrun for rugby_pipeline to 2025-12-31 00:00:00+00:00, run_after=2026-01-01 00:00:00+00:00
[2026-01-01T22:39:39.972+0000] {processor.py:183} INFO - Processing /opt/airflow/dags/rugby_pipeline.py took 0.206 seconds
[2026-01-01T22:40:10.708+0000] {processor.py:161} INFO - Started process (PID=24469) to work on /opt/airflow/dags/rugby_pipeline.py
[2026-01-01T22:40:10.712+0000] {processor.py:830} INFO - Processing file /opt/airflow/dags/rugby_pipeline.py for tasks to queue
[2026-01-01T22:40:10.714+0000] {logging_mixin.py:188} INFO - [2026-01-01T22:40:10.713+0000] {dagbag.py:538} INFO - Filling up the DagBag from /opt/airflow/dags/rugby_pipeline.py
[2026-01-01T22:40:10.756+0000] {processor.py:840} INFO - DAG(s) 'rugby_pipeline' retrieved from /opt/airflow/dags/rugby_pipeline.py
[2026-01-01T22:40:10.804+0000] {logging_mixin.py:188} INFO - [2026-01-01T22:40:10.803+0000] {dag.py:3036} INFO - Sync 1 DAGs
[2026-01-01T22:40:10.850+0000] {logging_mixin.py:188} INFO - [2026-01-01T22:40:10.849+0000] {dag.py:3823} INFO - Setting next_dagrun for rugby_pipeline to 2025-12-31 00:00:00+00:00, run_after=2026-01-01 00:00:00+00:00
[2026-01-01T22:40:10.892+0000] {processor.py:183} INFO - Processing /opt/airflow/dags/rugby_pipeline.py took 0.192 seconds
[2026-01-01T22:40:41.733+0000] {processor.py:161} INFO - Started process (PID=24489) to work on /opt/airflow/dags/rugby_pipeline.py
[2026-01-01T22:40:41.735+0000] {processor.py:830} INFO - Processing file /opt/airflow/dags/rugby_pipeline.py for tasks to queue
[2026-01-01T22:40:41.737+0000] {logging_mixin.py:188} INFO - [2026-01-01T22:40:41.736+0000] {dagbag.py:538} INFO - Filling up the DagBag from /opt/airflow/dags/rugby_pipeline.py
[2026-01-01T22:40:41.778+0000] {processor.py:840} INFO - DAG(s) 'rugby_pipeline' retrieved from /opt/airflow/dags/rugby_pipeline.py
[2026-01-01T22:40:41.832+0000] {logging_mixin.py:188} INFO - [2026-01-01T22:40:41.831+0000] {dag.py:3036} INFO - Sync 1 DAGs
[2026-01-01T22:40:41.878+0000] {logging_mixin.py:188} INFO - [2026-01-01T22:40:41.877+0000] {dag.py:3823} INFO - Setting next_dagrun for rugby_pipeline to 2025-12-31 00:00:00+00:00, run_after=2026-01-01 00:00:00+00:00
[2026-01-01T22:40:41.926+0000] {processor.py:183} INFO - Processing /opt/airflow/dags/rugby_pipeline.py took 0.201 seconds
[2026-01-01T22:41:12.699+0000] {processor.py:161} INFO - Started process (PID=24509) to work on /opt/airflow/dags/rugby_pipeline.py
[2026-01-01T22:41:12.701+0000] {processor.py:830} INFO - Processing file /opt/airflow/dags/rugby_pipeline.py for tasks to queue
[2026-01-01T22:41:12.703+0000] {logging_mixin.py:188} INFO - [2026-01-01T22:41:12.703+0000] {dagbag.py:538} INFO - Filling up the DagBag from /opt/airflow/dags/rugby_pipeline.py
[2026-01-01T22:41:12.751+0000] {processor.py:840} INFO - DAG(s) 'rugby_pipeline' retrieved from /opt/airflow/dags/rugby_pipeline.py
[2026-01-01T22:41:12.798+0000] {logging_mixin.py:188} INFO - [2026-01-01T22:41:12.798+0000] {dag.py:3036} INFO - Sync 1 DAGs
[2026-01-01T22:41:12.850+0000] {logging_mixin.py:188} INFO - [2026-01-01T22:41:12.849+0000] {dag.py:3823} INFO - Setting next_dagrun for rugby_pipeline to 2025-12-31 00:00:00+00:00, run_after=2026-01-01 00:00:00+00:00
[2026-01-01T22:41:12.904+0000] {processor.py:183} INFO - Processing /opt/airflow/dags/rugby_pipeline.py took 0.214 seconds
[2026-01-01T22:41:43.640+0000] {processor.py:161} INFO - Started process (PID=24529) to work on /opt/airflow/dags/rugby_pipeline.py
[2026-01-01T22:41:43.643+0000] {processor.py:830} INFO - Processing file /opt/airflow/dags/rugby_pipeline.py for tasks to queue
[2026-01-01T22:41:43.645+0000] {logging_mixin.py:188} INFO - [2026-01-01T22:41:43.644+0000] {dagbag.py:538} INFO - Filling up the DagBag from /opt/airflow/dags/rugby_pipeline.py
[2026-01-01T22:41:43.683+0000] {processor.py:840} INFO - DAG(s) 'rugby_pipeline' retrieved from /opt/airflow/dags/rugby_pipeline.py
[2026-01-01T22:41:43.741+0000] {logging_mixin.py:188} INFO - [2026-01-01T22:41:43.740+0000] {dag.py:3036} INFO - Sync 1 DAGs
[2026-01-01T22:41:43.809+0000] {logging_mixin.py:188} INFO - [2026-01-01T22:41:43.808+0000] {dag.py:3823} INFO - Setting next_dagrun for rugby_pipeline to 2025-12-31 00:00:00+00:00, run_after=2026-01-01 00:00:00+00:00
[2026-01-01T22:41:43.865+0000] {processor.py:183} INFO - Processing /opt/airflow/dags/rugby_pipeline.py took 0.234 seconds
[2026-01-01T22:42:14.555+0000] {processor.py:161} INFO - Started process (PID=24549) to work on /opt/airflow/dags/rugby_pipeline.py
[2026-01-01T22:42:14.559+0000] {processor.py:830} INFO - Processing file /opt/airflow/dags/rugby_pipeline.py for tasks to queue
[2026-01-01T22:42:14.561+0000] {logging_mixin.py:188} INFO - [2026-01-01T22:42:14.560+0000] {dagbag.py:538} INFO - Filling up the DagBag from /opt/airflow/dags/rugby_pipeline.py
[2026-01-01T22:42:14.602+0000] {processor.py:840} INFO - DAG(s) 'rugby_pipeline' retrieved from /opt/airflow/dags/rugby_pipeline.py
[2026-01-01T22:42:14.650+0000] {logging_mixin.py:188} INFO - [2026-01-01T22:42:14.650+0000] {dag.py:3036} INFO - Sync 1 DAGs
[2026-01-01T22:42:14.692+0000] {logging_mixin.py:188} INFO - [2026-01-01T22:42:14.692+0000] {dag.py:3823} INFO - Setting next_dagrun for rugby_pipeline to 2025-12-31 00:00:00+00:00, run_after=2026-01-01 00:00:00+00:00
[2026-01-01T22:42:14.737+0000] {processor.py:183} INFO - Processing /opt/airflow/dags/rugby_pipeline.py took 0.194 seconds
[2026-01-01T22:42:45.418+0000] {processor.py:161} INFO - Started process (PID=24569) to work on /opt/airflow/dags/rugby_pipeline.py
[2026-01-01T22:42:45.420+0000] {processor.py:830} INFO - Processing file /opt/airflow/dags/rugby_pipeline.py for tasks to queue
[2026-01-01T22:42:45.422+0000] {logging_mixin.py:188} INFO - [2026-01-01T22:42:45.422+0000] {dagbag.py:538} INFO - Filling up the DagBag from /opt/airflow/dags/rugby_pipeline.py
[2026-01-01T22:42:45.461+0000] {processor.py:840} INFO - DAG(s) 'rugby_pipeline' retrieved from /opt/airflow/dags/rugby_pipeline.py
[2026-01-01T22:42:45.505+0000] {logging_mixin.py:188} INFO - [2026-01-01T22:42:45.505+0000] {dag.py:3036} INFO - Sync 1 DAGs
[2026-01-01T22:42:45.548+0000] {logging_mixin.py:188} INFO - [2026-01-01T22:42:45.547+0000] {dag.py:3823} INFO - Setting next_dagrun for rugby_pipeline to 2025-12-31 00:00:00+00:00, run_after=2026-01-01 00:00:00+00:00
[2026-01-01T22:42:45.596+0000] {processor.py:183} INFO - Processing /opt/airflow/dags/rugby_pipeline.py took 0.185 seconds
[2026-01-01T22:43:16.330+0000] {processor.py:161} INFO - Started process (PID=24589) to work on /opt/airflow/dags/rugby_pipeline.py
[2026-01-01T22:43:16.333+0000] {processor.py:830} INFO - Processing file /opt/airflow/dags/rugby_pipeline.py for tasks to queue
[2026-01-01T22:43:16.335+0000] {logging_mixin.py:188} INFO - [2026-01-01T22:43:16.335+0000] {dagbag.py:538} INFO - Filling up the DagBag from /opt/airflow/dags/rugby_pipeline.py
[2026-01-01T22:43:16.377+0000] {processor.py:840} INFO - DAG(s) 'rugby_pipeline' retrieved from /opt/airflow/dags/rugby_pipeline.py
[2026-01-01T22:43:16.428+0000] {logging_mixin.py:188} INFO - [2026-01-01T22:43:16.427+0000] {dag.py:3036} INFO - Sync 1 DAGs
[2026-01-01T22:43:16.470+0000] {logging_mixin.py:188} INFO - [2026-01-01T22:43:16.469+0000] {dag.py:3823} INFO - Setting next_dagrun for rugby_pipeline to 2025-12-31 00:00:00+00:00, run_after=2026-01-01 00:00:00+00:00
[2026-01-01T22:43:16.513+0000] {processor.py:183} INFO - Processing /opt/airflow/dags/rugby_pipeline.py took 0.193 seconds
[2026-01-01T22:43:47.184+0000] {processor.py:161} INFO - Started process (PID=24609) to work on /opt/airflow/dags/rugby_pipeline.py
[2026-01-01T22:43:47.186+0000] {processor.py:830} INFO - Processing file /opt/airflow/dags/rugby_pipeline.py for tasks to queue
[2026-01-01T22:43:47.188+0000] {logging_mixin.py:188} INFO - [2026-01-01T22:43:47.187+0000] {dagbag.py:538} INFO - Filling up the DagBag from /opt/airflow/dags/rugby_pipeline.py
[2026-01-01T22:43:47.228+0000] {processor.py:840} INFO - DAG(s) 'rugby_pipeline' retrieved from /opt/airflow/dags/rugby_pipeline.py
[2026-01-01T22:43:47.273+0000] {logging_mixin.py:188} INFO - [2026-01-01T22:43:47.272+0000] {dag.py:3036} INFO - Sync 1 DAGs
[2026-01-01T22:43:47.312+0000] {logging_mixin.py:188} INFO - [2026-01-01T22:43:47.312+0000] {dag.py:3823} INFO - Setting next_dagrun for rugby_pipeline to 2025-12-31 00:00:00+00:00, run_after=2026-01-01 00:00:00+00:00
[2026-01-01T22:43:47.361+0000] {processor.py:183} INFO - Processing /opt/airflow/dags/rugby_pipeline.py took 0.184 seconds
[2026-01-01T22:44:18.039+0000] {processor.py:161} INFO - Started process (PID=24629) to work on /opt/airflow/dags/rugby_pipeline.py
[2026-01-01T22:44:18.041+0000] {processor.py:830} INFO - Processing file /opt/airflow/dags/rugby_pipeline.py for tasks to queue
[2026-01-01T22:44:18.043+0000] {logging_mixin.py:188} INFO - [2026-01-01T22:44:18.043+0000] {dagbag.py:538} INFO - Filling up the DagBag from /opt/airflow/dags/rugby_pipeline.py
[2026-01-01T22:44:18.078+0000] {processor.py:840} INFO - DAG(s) 'rugby_pipeline' retrieved from /opt/airflow/dags/rugby_pipeline.py
[2026-01-01T22:44:18.128+0000] {logging_mixin.py:188} INFO - [2026-01-01T22:44:18.127+0000] {dag.py:3036} INFO - Sync 1 DAGs
[2026-01-01T22:44:18.175+0000] {logging_mixin.py:188} INFO - [2026-01-01T22:44:18.174+0000] {dag.py:3823} INFO - Setting next_dagrun for rugby_pipeline to 2025-12-31 00:00:00+00:00, run_after=2026-01-01 00:00:00+00:00
[2026-01-01T22:44:18.230+0000] {processor.py:183} INFO - Processing /opt/airflow/dags/rugby_pipeline.py took 0.199 seconds
[2026-01-01T22:44:48.915+0000] {processor.py:161} INFO - Started process (PID=24649) to work on /opt/airflow/dags/rugby_pipeline.py
[2026-01-01T22:44:48.917+0000] {processor.py:830} INFO - Processing file /opt/airflow/dags/rugby_pipeline.py for tasks to queue
[2026-01-01T22:44:48.920+0000] {logging_mixin.py:188} INFO - [2026-01-01T22:44:48.919+0000] {dagbag.py:538} INFO - Filling up the DagBag from /opt/airflow/dags/rugby_pipeline.py
[2026-01-01T22:44:48.954+0000] {processor.py:840} INFO - DAG(s) 'rugby_pipeline' retrieved from /opt/airflow/dags/rugby_pipeline.py
[2026-01-01T22:44:49.000+0000] {logging_mixin.py:188} INFO - [2026-01-01T22:44:48.999+0000] {dag.py:3036} INFO - Sync 1 DAGs
[2026-01-01T22:44:49.046+0000] {logging_mixin.py:188} INFO - [2026-01-01T22:44:49.046+0000] {dag.py:3823} INFO - Setting next_dagrun for rugby_pipeline to 2025-12-31 00:00:00+00:00, run_after=2026-01-01 00:00:00+00:00
[2026-01-01T22:44:49.091+0000] {processor.py:183} INFO - Processing /opt/airflow/dags/rugby_pipeline.py took 0.182 seconds
[2026-01-01T22:45:19.753+0000] {processor.py:161} INFO - Started process (PID=24669) to work on /opt/airflow/dags/rugby_pipeline.py
[2026-01-01T22:45:19.755+0000] {processor.py:830} INFO - Processing file /opt/airflow/dags/rugby_pipeline.py for tasks to queue
[2026-01-01T22:45:19.757+0000] {logging_mixin.py:188} INFO - [2026-01-01T22:45:19.757+0000] {dagbag.py:538} INFO - Filling up the DagBag from /opt/airflow/dags/rugby_pipeline.py
[2026-01-01T22:45:19.797+0000] {processor.py:840} INFO - DAG(s) 'rugby_pipeline' retrieved from /opt/airflow/dags/rugby_pipeline.py
[2026-01-01T22:45:19.841+0000] {logging_mixin.py:188} INFO - [2026-01-01T22:45:19.841+0000] {dag.py:3036} INFO - Sync 1 DAGs
[2026-01-01T22:45:19.881+0000] {logging_mixin.py:188} INFO - [2026-01-01T22:45:19.881+0000] {dag.py:3823} INFO - Setting next_dagrun for rugby_pipeline to 2025-12-31 00:00:00+00:00, run_after=2026-01-01 00:00:00+00:00
[2026-01-01T22:45:19.931+0000] {processor.py:183} INFO - Processing /opt/airflow/dags/rugby_pipeline.py took 0.185 seconds
[2026-01-01T22:45:50.589+0000] {processor.py:161} INFO - Started process (PID=24689) to work on /opt/airflow/dags/rugby_pipeline.py
[2026-01-01T22:45:50.591+0000] {processor.py:830} INFO - Processing file /opt/airflow/dags/rugby_pipeline.py for tasks to queue
[2026-01-01T22:45:50.592+0000] {logging_mixin.py:188} INFO - [2026-01-01T22:45:50.592+0000] {dagbag.py:538} INFO - Filling up the DagBag from /opt/airflow/dags/rugby_pipeline.py
[2026-01-01T22:45:50.626+0000] {processor.py:840} INFO - DAG(s) 'rugby_pipeline' retrieved from /opt/airflow/dags/rugby_pipeline.py
[2026-01-01T22:45:50.670+0000] {logging_mixin.py:188} INFO - [2026-01-01T22:45:50.670+0000] {dag.py:3036} INFO - Sync 1 DAGs
[2026-01-01T22:45:50.713+0000] {logging_mixin.py:188} INFO - [2026-01-01T22:45:50.712+0000] {dag.py:3823} INFO - Setting next_dagrun for rugby_pipeline to 2025-12-31 00:00:00+00:00, run_after=2026-01-01 00:00:00+00:00
[2026-01-01T22:45:50.767+0000] {processor.py:183} INFO - Processing /opt/airflow/dags/rugby_pipeline.py took 0.185 seconds
[2026-01-01T22:46:21.439+0000] {processor.py:161} INFO - Started process (PID=24709) to work on /opt/airflow/dags/rugby_pipeline.py
[2026-01-01T22:46:21.441+0000] {processor.py:830} INFO - Processing file /opt/airflow/dags/rugby_pipeline.py for tasks to queue
[2026-01-01T22:46:21.443+0000] {logging_mixin.py:188} INFO - [2026-01-01T22:46:21.443+0000] {dagbag.py:538} INFO - Filling up the DagBag from /opt/airflow/dags/rugby_pipeline.py
[2026-01-01T22:46:21.486+0000] {processor.py:840} INFO - DAG(s) 'rugby_pipeline' retrieved from /opt/airflow/dags/rugby_pipeline.py
[2026-01-01T22:46:21.537+0000] {logging_mixin.py:188} INFO - [2026-01-01T22:46:21.536+0000] {dag.py:3036} INFO - Sync 1 DAGs
[2026-01-01T22:46:21.576+0000] {logging_mixin.py:188} INFO - [2026-01-01T22:46:21.576+0000] {dag.py:3823} INFO - Setting next_dagrun for rugby_pipeline to 2025-12-31 00:00:00+00:00, run_after=2026-01-01 00:00:00+00:00
[2026-01-01T22:46:21.626+0000] {processor.py:183} INFO - Processing /opt/airflow/dags/rugby_pipeline.py took 0.195 seconds
[2026-01-01T22:46:52.290+0000] {processor.py:161} INFO - Started process (PID=24729) to work on /opt/airflow/dags/rugby_pipeline.py
[2026-01-01T22:46:52.293+0000] {processor.py:830} INFO - Processing file /opt/airflow/dags/rugby_pipeline.py for tasks to queue
[2026-01-01T22:46:52.294+0000] {logging_mixin.py:188} INFO - [2026-01-01T22:46:52.294+0000] {dagbag.py:538} INFO - Filling up the DagBag from /opt/airflow/dags/rugby_pipeline.py
[2026-01-01T22:46:52.332+0000] {processor.py:840} INFO - DAG(s) 'rugby_pipeline' retrieved from /opt/airflow/dags/rugby_pipeline.py
[2026-01-01T22:46:52.386+0000] {logging_mixin.py:188} INFO - [2026-01-01T22:46:52.385+0000] {dag.py:3036} INFO - Sync 1 DAGs
[2026-01-01T22:46:52.428+0000] {logging_mixin.py:188} INFO - [2026-01-01T22:46:52.428+0000] {dag.py:3823} INFO - Setting next_dagrun for rugby_pipeline to 2025-12-31 00:00:00+00:00, run_after=2026-01-01 00:00:00+00:00
[2026-01-01T22:46:52.476+0000] {processor.py:183} INFO - Processing /opt/airflow/dags/rugby_pipeline.py took 0.193 seconds
[2026-01-01T22:47:23.191+0000] {processor.py:161} INFO - Started process (PID=24749) to work on /opt/airflow/dags/rugby_pipeline.py
[2026-01-01T22:47:23.193+0000] {processor.py:830} INFO - Processing file /opt/airflow/dags/rugby_pipeline.py for tasks to queue
[2026-01-01T22:47:23.195+0000] {logging_mixin.py:188} INFO - [2026-01-01T22:47:23.194+0000] {dagbag.py:538} INFO - Filling up the DagBag from /opt/airflow/dags/rugby_pipeline.py
[2026-01-01T22:47:23.234+0000] {processor.py:840} INFO - DAG(s) 'rugby_pipeline' retrieved from /opt/airflow/dags/rugby_pipeline.py
[2026-01-01T22:47:23.314+0000] {logging_mixin.py:188} INFO - [2026-01-01T22:47:23.314+0000] {dag.py:3036} INFO - Sync 1 DAGs
[2026-01-01T22:47:23.357+0000] {logging_mixin.py:188} INFO - [2026-01-01T22:47:23.357+0000] {dag.py:3823} INFO - Setting next_dagrun for rugby_pipeline to 2025-12-31 00:00:00+00:00, run_after=2026-01-01 00:00:00+00:00
[2026-01-01T22:47:23.398+0000] {processor.py:183} INFO - Processing /opt/airflow/dags/rugby_pipeline.py took 0.215 seconds
[2026-01-01T22:47:54.014+0000] {processor.py:161} INFO - Started process (PID=24769) to work on /opt/airflow/dags/rugby_pipeline.py
[2026-01-01T22:47:54.018+0000] {processor.py:830} INFO - Processing file /opt/airflow/dags/rugby_pipeline.py for tasks to queue
[2026-01-01T22:47:54.021+0000] {logging_mixin.py:188} INFO - [2026-01-01T22:47:54.021+0000] {dagbag.py:538} INFO - Filling up the DagBag from /opt/airflow/dags/rugby_pipeline.py
[2026-01-01T22:47:54.067+0000] {processor.py:840} INFO - DAG(s) 'rugby_pipeline' retrieved from /opt/airflow/dags/rugby_pipeline.py
[2026-01-01T22:47:54.126+0000] {logging_mixin.py:188} INFO - [2026-01-01T22:47:54.126+0000] {dag.py:3036} INFO - Sync 1 DAGs
[2026-01-01T22:47:54.171+0000] {logging_mixin.py:188} INFO - [2026-01-01T22:47:54.170+0000] {dag.py:3823} INFO - Setting next_dagrun for rugby_pipeline to 2025-12-31 00:00:00+00:00, run_after=2026-01-01 00:00:00+00:00
[2026-01-01T22:47:54.208+0000] {processor.py:183} INFO - Processing /opt/airflow/dags/rugby_pipeline.py took 0.206 seconds
[2026-01-01T22:48:24.546+0000] {processor.py:161} INFO - Started process (PID=24791) to work on /opt/airflow/dags/rugby_pipeline.py
[2026-01-01T22:48:24.548+0000] {processor.py:830} INFO - Processing file /opt/airflow/dags/rugby_pipeline.py for tasks to queue
[2026-01-01T22:48:24.550+0000] {logging_mixin.py:188} INFO - [2026-01-01T22:48:24.549+0000] {dagbag.py:538} INFO - Filling up the DagBag from /opt/airflow/dags/rugby_pipeline.py
[2026-01-01T22:48:24.591+0000] {processor.py:840} INFO - DAG(s) 'rugby_pipeline' retrieved from /opt/airflow/dags/rugby_pipeline.py
[2026-01-01T22:48:24.636+0000] {logging_mixin.py:188} INFO - [2026-01-01T22:48:24.636+0000] {dag.py:3036} INFO - Sync 1 DAGs
[2026-01-01T22:48:24.680+0000] {logging_mixin.py:188} INFO - [2026-01-01T22:48:24.679+0000] {dag.py:3823} INFO - Setting next_dagrun for rugby_pipeline to 2025-12-31 00:00:00+00:00, run_after=2026-01-01 00:00:00+00:00
[2026-01-01T22:48:24.710+0000] {processor.py:183} INFO - Processing /opt/airflow/dags/rugby_pipeline.py took 0.172 seconds
[2026-01-01T22:48:55.462+0000] {processor.py:161} INFO - Started process (PID=24811) to work on /opt/airflow/dags/rugby_pipeline.py
[2026-01-01T22:48:55.464+0000] {processor.py:830} INFO - Processing file /opt/airflow/dags/rugby_pipeline.py for tasks to queue
[2026-01-01T22:48:55.466+0000] {logging_mixin.py:188} INFO - [2026-01-01T22:48:55.466+0000] {dagbag.py:538} INFO - Filling up the DagBag from /opt/airflow/dags/rugby_pipeline.py
[2026-01-01T22:48:55.509+0000] {processor.py:840} INFO - DAG(s) 'rugby_pipeline' retrieved from /opt/airflow/dags/rugby_pipeline.py
[2026-01-01T22:48:55.552+0000] {logging_mixin.py:188} INFO - [2026-01-01T22:48:55.552+0000] {dag.py:3036} INFO - Sync 1 DAGs
[2026-01-01T22:48:55.591+0000] {logging_mixin.py:188} INFO - [2026-01-01T22:48:55.591+0000] {dag.py:3823} INFO - Setting next_dagrun for rugby_pipeline to 2025-12-31 00:00:00+00:00, run_after=2026-01-01 00:00:00+00:00
[2026-01-01T22:48:55.661+0000] {processor.py:183} INFO - Processing /opt/airflow/dags/rugby_pipeline.py took 0.206 seconds
[2026-01-01T22:49:26.396+0000] {processor.py:161} INFO - Started process (PID=24831) to work on /opt/airflow/dags/rugby_pipeline.py
[2026-01-01T22:49:26.398+0000] {processor.py:830} INFO - Processing file /opt/airflow/dags/rugby_pipeline.py for tasks to queue
[2026-01-01T22:49:26.401+0000] {logging_mixin.py:188} INFO - [2026-01-01T22:49:26.400+0000] {dagbag.py:538} INFO - Filling up the DagBag from /opt/airflow/dags/rugby_pipeline.py
[2026-01-01T22:49:26.442+0000] {processor.py:840} INFO - DAG(s) 'rugby_pipeline' retrieved from /opt/airflow/dags/rugby_pipeline.py
[2026-01-01T22:49:26.485+0000] {logging_mixin.py:188} INFO - [2026-01-01T22:49:26.485+0000] {dag.py:3036} INFO - Sync 1 DAGs
[2026-01-01T22:49:26.525+0000] {logging_mixin.py:188} INFO - [2026-01-01T22:49:26.524+0000] {dag.py:3823} INFO - Setting next_dagrun for rugby_pipeline to 2025-12-31 00:00:00+00:00, run_after=2026-01-01 00:00:00+00:00
[2026-01-01T22:49:26.594+0000] {processor.py:183} INFO - Processing /opt/airflow/dags/rugby_pipeline.py took 0.204 seconds
[2026-01-01T22:49:57.323+0000] {processor.py:161} INFO - Started process (PID=24851) to work on /opt/airflow/dags/rugby_pipeline.py
[2026-01-01T22:49:57.325+0000] {processor.py:830} INFO - Processing file /opt/airflow/dags/rugby_pipeline.py for tasks to queue
[2026-01-01T22:49:57.327+0000] {logging_mixin.py:188} INFO - [2026-01-01T22:49:57.327+0000] {dagbag.py:538} INFO - Filling up the DagBag from /opt/airflow/dags/rugby_pipeline.py
[2026-01-01T22:49:57.368+0000] {processor.py:840} INFO - DAG(s) 'rugby_pipeline' retrieved from /opt/airflow/dags/rugby_pipeline.py
[2026-01-01T22:49:57.414+0000] {logging_mixin.py:188} INFO - [2026-01-01T22:49:57.413+0000] {dag.py:3036} INFO - Sync 1 DAGs
[2026-01-01T22:49:57.460+0000] {logging_mixin.py:188} INFO - [2026-01-01T22:49:57.459+0000] {dag.py:3823} INFO - Setting next_dagrun for rugby_pipeline to 2025-12-31 00:00:00+00:00, run_after=2026-01-01 00:00:00+00:00
[2026-01-01T22:49:57.531+0000] {processor.py:183} INFO - Processing /opt/airflow/dags/rugby_pipeline.py took 0.216 seconds
[2026-01-01T22:50:28.219+0000] {processor.py:161} INFO - Started process (PID=24871) to work on /opt/airflow/dags/rugby_pipeline.py
[2026-01-01T22:50:28.221+0000] {processor.py:830} INFO - Processing file /opt/airflow/dags/rugby_pipeline.py for tasks to queue
[2026-01-01T22:50:28.223+0000] {logging_mixin.py:188} INFO - [2026-01-01T22:50:28.223+0000] {dagbag.py:538} INFO - Filling up the DagBag from /opt/airflow/dags/rugby_pipeline.py
[2026-01-01T22:50:28.263+0000] {processor.py:840} INFO - DAG(s) 'rugby_pipeline' retrieved from /opt/airflow/dags/rugby_pipeline.py
[2026-01-01T22:50:28.311+0000] {logging_mixin.py:188} INFO - [2026-01-01T22:50:28.311+0000] {dag.py:3036} INFO - Sync 1 DAGs
[2026-01-01T22:50:28.351+0000] {logging_mixin.py:188} INFO - [2026-01-01T22:50:28.351+0000] {dag.py:3823} INFO - Setting next_dagrun for rugby_pipeline to 2025-12-31 00:00:00+00:00, run_after=2026-01-01 00:00:00+00:00
[2026-01-01T22:50:28.382+0000] {processor.py:183} INFO - Processing /opt/airflow/dags/rugby_pipeline.py took 0.170 seconds
[2026-01-01T22:50:59.250+0000] {processor.py:161} INFO - Started process (PID=24891) to work on /opt/airflow/dags/rugby_pipeline.py
[2026-01-01T22:50:59.253+0000] {processor.py:830} INFO - Processing file /opt/airflow/dags/rugby_pipeline.py for tasks to queue
[2026-01-01T22:50:59.255+0000] {logging_mixin.py:188} INFO - [2026-01-01T22:50:59.254+0000] {dagbag.py:538} INFO - Filling up the DagBag from /opt/airflow/dags/rugby_pipeline.py
[2026-01-01T22:50:59.294+0000] {processor.py:840} INFO - DAG(s) 'rugby_pipeline' retrieved from /opt/airflow/dags/rugby_pipeline.py
[2026-01-01T22:50:59.334+0000] {logging_mixin.py:188} INFO - [2026-01-01T22:50:59.334+0000] {dag.py:3036} INFO - Sync 1 DAGs
[2026-01-01T22:50:59.371+0000] {logging_mixin.py:188} INFO - [2026-01-01T22:50:59.371+0000] {dag.py:3823} INFO - Setting next_dagrun for rugby_pipeline to 2025-12-31 00:00:00+00:00, run_after=2026-01-01 00:00:00+00:00
[2026-01-01T22:50:59.442+0000] {processor.py:183} INFO - Processing /opt/airflow/dags/rugby_pipeline.py took 0.199 seconds
[2026-01-01T22:51:30.116+0000] {processor.py:161} INFO - Started process (PID=24911) to work on /opt/airflow/dags/rugby_pipeline.py
[2026-01-01T22:51:30.118+0000] {processor.py:830} INFO - Processing file /opt/airflow/dags/rugby_pipeline.py for tasks to queue
[2026-01-01T22:51:30.120+0000] {logging_mixin.py:188} INFO - [2026-01-01T22:51:30.119+0000] {dagbag.py:538} INFO - Filling up the DagBag from /opt/airflow/dags/rugby_pipeline.py
[2026-01-01T22:51:30.159+0000] {processor.py:840} INFO - DAG(s) 'rugby_pipeline' retrieved from /opt/airflow/dags/rugby_pipeline.py
[2026-01-01T22:51:30.194+0000] {logging_mixin.py:188} INFO - [2026-01-01T22:51:30.194+0000] {dag.py:3036} INFO - Sync 1 DAGs
[2026-01-01T22:51:30.228+0000] {logging_mixin.py:188} INFO - [2026-01-01T22:51:30.227+0000] {dag.py:3823} INFO - Setting next_dagrun for rugby_pipeline to 2025-12-31 00:00:00+00:00, run_after=2026-01-01 00:00:00+00:00
[2026-01-01T22:51:30.295+0000] {processor.py:183} INFO - Processing /opt/airflow/dags/rugby_pipeline.py took 0.185 seconds
[2026-01-01T22:52:01.130+0000] {processor.py:161} INFO - Started process (PID=24931) to work on /opt/airflow/dags/rugby_pipeline.py
[2026-01-01T22:52:01.132+0000] {processor.py:830} INFO - Processing file /opt/airflow/dags/rugby_pipeline.py for tasks to queue
[2026-01-01T22:52:01.135+0000] {logging_mixin.py:188} INFO - [2026-01-01T22:52:01.134+0000] {dagbag.py:538} INFO - Filling up the DagBag from /opt/airflow/dags/rugby_pipeline.py
[2026-01-01T22:52:01.174+0000] {processor.py:840} INFO - DAG(s) 'rugby_pipeline' retrieved from /opt/airflow/dags/rugby_pipeline.py
[2026-01-01T22:52:01.213+0000] {logging_mixin.py:188} INFO - [2026-01-01T22:52:01.212+0000] {dag.py:3036} INFO - Sync 1 DAGs
[2026-01-01T22:52:01.250+0000] {logging_mixin.py:188} INFO - [2026-01-01T22:52:01.249+0000] {dag.py:3823} INFO - Setting next_dagrun for rugby_pipeline to 2025-12-31 00:00:00+00:00, run_after=2026-01-01 00:00:00+00:00
[2026-01-01T22:52:01.279+0000] {processor.py:183} INFO - Processing /opt/airflow/dags/rugby_pipeline.py took 0.155 seconds
[2026-01-01T22:52:32.021+0000] {processor.py:161} INFO - Started process (PID=24951) to work on /opt/airflow/dags/rugby_pipeline.py
[2026-01-01T22:52:32.023+0000] {processor.py:830} INFO - Processing file /opt/airflow/dags/rugby_pipeline.py for tasks to queue
[2026-01-01T22:52:32.025+0000] {logging_mixin.py:188} INFO - [2026-01-01T22:52:32.025+0000] {dagbag.py:538} INFO - Filling up the DagBag from /opt/airflow/dags/rugby_pipeline.py
[2026-01-01T22:52:32.064+0000] {processor.py:840} INFO - DAG(s) 'rugby_pipeline' retrieved from /opt/airflow/dags/rugby_pipeline.py
[2026-01-01T22:52:32.103+0000] {logging_mixin.py:188} INFO - [2026-01-01T22:52:32.103+0000] {dag.py:3036} INFO - Sync 1 DAGs
[2026-01-01T22:52:32.140+0000] {logging_mixin.py:188} INFO - [2026-01-01T22:52:32.140+0000] {dag.py:3823} INFO - Setting next_dagrun for rugby_pipeline to 2025-12-31 00:00:00+00:00, run_after=2026-01-01 00:00:00+00:00
[2026-01-01T22:52:32.210+0000] {processor.py:183} INFO - Processing /opt/airflow/dags/rugby_pipeline.py took 0.195 seconds
[2026-01-01T22:53:02.909+0000] {processor.py:161} INFO - Started process (PID=24971) to work on /opt/airflow/dags/rugby_pipeline.py
[2026-01-01T22:53:02.911+0000] {processor.py:830} INFO - Processing file /opt/airflow/dags/rugby_pipeline.py for tasks to queue
[2026-01-01T22:53:02.913+0000] {logging_mixin.py:188} INFO - [2026-01-01T22:53:02.913+0000] {dagbag.py:538} INFO - Filling up the DagBag from /opt/airflow/dags/rugby_pipeline.py
[2026-01-01T22:53:02.955+0000] {processor.py:840} INFO - DAG(s) 'rugby_pipeline' retrieved from /opt/airflow/dags/rugby_pipeline.py
[2026-01-01T22:53:02.994+0000] {logging_mixin.py:188} INFO - [2026-01-01T22:53:02.994+0000] {dag.py:3036} INFO - Sync 1 DAGs
[2026-01-01T22:53:03.032+0000] {logging_mixin.py:188} INFO - [2026-01-01T22:53:03.031+0000] {dag.py:3823} INFO - Setting next_dagrun for rugby_pipeline to 2025-12-31 00:00:00+00:00, run_after=2026-01-01 00:00:00+00:00
[2026-01-01T22:53:03.100+0000] {processor.py:183} INFO - Processing /opt/airflow/dags/rugby_pipeline.py took 0.197 seconds
[2026-01-01T22:53:34.072+0000] {processor.py:161} INFO - Started process (PID=24991) to work on /opt/airflow/dags/rugby_pipeline.py
[2026-01-01T22:53:34.075+0000] {processor.py:830} INFO - Processing file /opt/airflow/dags/rugby_pipeline.py for tasks to queue
[2026-01-01T22:53:34.077+0000] {logging_mixin.py:188} INFO - [2026-01-01T22:53:34.076+0000] {dagbag.py:538} INFO - Filling up the DagBag from /opt/airflow/dags/rugby_pipeline.py
[2026-01-01T22:53:34.117+0000] {processor.py:840} INFO - DAG(s) 'rugby_pipeline' retrieved from /opt/airflow/dags/rugby_pipeline.py
[2026-01-01T22:53:34.172+0000] {logging_mixin.py:188} INFO - [2026-01-01T22:53:34.171+0000] {dag.py:3036} INFO - Sync 1 DAGs
[2026-01-01T22:53:34.213+0000] {logging_mixin.py:188} INFO - [2026-01-01T22:53:34.213+0000] {dag.py:3823} INFO - Setting next_dagrun for rugby_pipeline to 2025-12-31 00:00:00+00:00, run_after=2026-01-01 00:00:00+00:00
[2026-01-01T22:53:34.295+0000] {processor.py:183} INFO - Processing /opt/airflow/dags/rugby_pipeline.py took 0.229 seconds
[2026-01-01T22:54:05.146+0000] {processor.py:161} INFO - Started process (PID=25011) to work on /opt/airflow/dags/rugby_pipeline.py
[2026-01-01T22:54:05.148+0000] {processor.py:830} INFO - Processing file /opt/airflow/dags/rugby_pipeline.py for tasks to queue
[2026-01-01T22:54:05.150+0000] {logging_mixin.py:188} INFO - [2026-01-01T22:54:05.149+0000] {dagbag.py:538} INFO - Filling up the DagBag from /opt/airflow/dags/rugby_pipeline.py
[2026-01-01T22:54:05.190+0000] {processor.py:840} INFO - DAG(s) 'rugby_pipeline' retrieved from /opt/airflow/dags/rugby_pipeline.py
[2026-01-01T22:54:05.229+0000] {logging_mixin.py:188} INFO - [2026-01-01T22:54:05.228+0000] {dag.py:3036} INFO - Sync 1 DAGs
[2026-01-01T22:54:05.273+0000] {logging_mixin.py:188} INFO - [2026-01-01T22:54:05.273+0000] {dag.py:3823} INFO - Setting next_dagrun for rugby_pipeline to 2025-12-31 00:00:00+00:00, run_after=2026-01-01 00:00:00+00:00
[2026-01-01T22:54:05.347+0000] {processor.py:183} INFO - Processing /opt/airflow/dags/rugby_pipeline.py took 0.207 seconds
[2026-01-01T22:54:36.010+0000] {processor.py:161} INFO - Started process (PID=25031) to work on /opt/airflow/dags/rugby_pipeline.py
[2026-01-01T22:54:36.012+0000] {processor.py:830} INFO - Processing file /opt/airflow/dags/rugby_pipeline.py for tasks to queue
[2026-01-01T22:54:36.013+0000] {logging_mixin.py:188} INFO - [2026-01-01T22:54:36.013+0000] {dagbag.py:538} INFO - Filling up the DagBag from /opt/airflow/dags/rugby_pipeline.py
[2026-01-01T22:54:36.049+0000] {processor.py:840} INFO - DAG(s) 'rugby_pipeline' retrieved from /opt/airflow/dags/rugby_pipeline.py
[2026-01-01T22:54:36.082+0000] {logging_mixin.py:188} INFO - [2026-01-01T22:54:36.082+0000] {dag.py:3036} INFO - Sync 1 DAGs
[2026-01-01T22:54:36.115+0000] {logging_mixin.py:188} INFO - [2026-01-01T22:54:36.115+0000] {dag.py:3823} INFO - Setting next_dagrun for rugby_pipeline to 2025-12-31 00:00:00+00:00, run_after=2026-01-01 00:00:00+00:00
[2026-01-01T22:54:36.143+0000] {processor.py:183} INFO - Processing /opt/airflow/dags/rugby_pipeline.py took 0.140 seconds
[2026-01-01T22:55:06.952+0000] {processor.py:161} INFO - Started process (PID=25051) to work on /opt/airflow/dags/rugby_pipeline.py
[2026-01-01T22:55:06.954+0000] {processor.py:830} INFO - Processing file /opt/airflow/dags/rugby_pipeline.py for tasks to queue
[2026-01-01T22:55:06.956+0000] {logging_mixin.py:188} INFO - [2026-01-01T22:55:06.955+0000] {dagbag.py:538} INFO - Filling up the DagBag from /opt/airflow/dags/rugby_pipeline.py
[2026-01-01T22:55:06.995+0000] {processor.py:840} INFO - DAG(s) 'rugby_pipeline' retrieved from /opt/airflow/dags/rugby_pipeline.py
[2026-01-01T22:55:07.032+0000] {logging_mixin.py:188} INFO - [2026-01-01T22:55:07.032+0000] {dag.py:3036} INFO - Sync 1 DAGs
[2026-01-01T22:55:07.068+0000] {logging_mixin.py:188} INFO - [2026-01-01T22:55:07.068+0000] {dag.py:3823} INFO - Setting next_dagrun for rugby_pipeline to 2025-12-31 00:00:00+00:00, run_after=2026-01-01 00:00:00+00:00
[2026-01-01T22:55:07.134+0000] {processor.py:183} INFO - Processing /opt/airflow/dags/rugby_pipeline.py took 0.188 seconds
[2026-01-01T22:55:37.852+0000] {processor.py:161} INFO - Started process (PID=25071) to work on /opt/airflow/dags/rugby_pipeline.py
[2026-01-01T22:55:37.854+0000] {processor.py:830} INFO - Processing file /opt/airflow/dags/rugby_pipeline.py for tasks to queue
[2026-01-01T22:55:37.856+0000] {logging_mixin.py:188} INFO - [2026-01-01T22:55:37.856+0000] {dagbag.py:538} INFO - Filling up the DagBag from /opt/airflow/dags/rugby_pipeline.py
[2026-01-01T22:55:37.897+0000] {processor.py:840} INFO - DAG(s) 'rugby_pipeline' retrieved from /opt/airflow/dags/rugby_pipeline.py
[2026-01-01T22:55:37.939+0000] {logging_mixin.py:188} INFO - [2026-01-01T22:55:37.939+0000] {dag.py:3036} INFO - Sync 1 DAGs
[2026-01-01T22:55:37.977+0000] {logging_mixin.py:188} INFO - [2026-01-01T22:55:37.977+0000] {dag.py:3823} INFO - Setting next_dagrun for rugby_pipeline to 2025-12-31 00:00:00+00:00, run_after=2026-01-01 00:00:00+00:00
[2026-01-01T22:55:38.036+0000] {processor.py:183} INFO - Processing /opt/airflow/dags/rugby_pipeline.py took 0.190 seconds
