[2026-01-02T02:53:32.354+0000] {processor.py:161} INFO - Started process (PID=25086) to work on /opt/airflow/dags/prediction_features_pipeline.py
[2026-01-02T02:53:32.366+0000] {processor.py:830} INFO - Processing file /opt/airflow/dags/prediction_features_pipeline.py for tasks to queue
[2026-01-02T02:53:32.373+0000] {logging_mixin.py:188} INFO - [2026-01-02T02:53:32.371+0000] {dagbag.py:538} INFO - Filling up the DagBag from /opt/airflow/dags/prediction_features_pipeline.py
[2026-01-02T02:53:32.569+0000] {processor.py:840} INFO - DAG(s) 'match_features_pipeline' retrieved from /opt/airflow/dags/prediction_features_pipeline.py
[2026-01-02T02:53:32.727+0000] {logging_mixin.py:188} INFO - [2026-01-02T02:53:32.727+0000] {dag.py:3036} INFO - Sync 1 DAGs
[2026-01-02T02:53:32.847+0000] {logging_mixin.py:188} INFO - [2026-01-02T02:53:32.846+0000] {dag.py:3823} INFO - Setting next_dagrun for match_features_pipeline to 2026-01-01 00:00:00+00:00, run_after=2026-01-02 00:00:00+00:00
[2026-01-02T02:53:32.951+0000] {processor.py:183} INFO - Processing /opt/airflow/dags/prediction_features_pipeline.py took 0.622 seconds
[2026-01-02T18:47:19.904+0000] {processor.py:161} INFO - Started process (PID=25108) to work on /opt/airflow/dags/prediction_features_pipeline.py
[2026-01-02T18:47:19.909+0000] {processor.py:830} INFO - Processing file /opt/airflow/dags/prediction_features_pipeline.py for tasks to queue
[2026-01-02T18:47:19.919+0000] {logging_mixin.py:188} INFO - [2026-01-02T18:47:19.918+0000] {dagbag.py:538} INFO - Filling up the DagBag from /opt/airflow/dags/prediction_features_pipeline.py
[2026-01-02T18:47:20.016+0000] {processor.py:840} INFO - DAG(s) 'match_features_pipeline' retrieved from /opt/airflow/dags/prediction_features_pipeline.py
[2026-01-02T18:47:20.096+0000] {logging_mixin.py:188} INFO - [2026-01-02T18:47:20.095+0000] {dag.py:3036} INFO - Sync 1 DAGs
[2026-01-02T18:47:20.186+0000] {logging_mixin.py:188} INFO - [2026-01-02T18:47:20.186+0000] {dag.py:3823} INFO - Setting next_dagrun for match_features_pipeline to 2026-01-01 00:00:00+00:00, run_after=2026-01-02 00:00:00+00:00
[2026-01-02T18:47:20.259+0000] {processor.py:183} INFO - Processing /opt/airflow/dags/prediction_features_pipeline.py took 0.371 seconds
[2026-01-02T18:47:50.424+0000] {processor.py:161} INFO - Started process (PID=25125) to work on /opt/airflow/dags/prediction_features_pipeline.py
[2026-01-02T18:47:50.426+0000] {processor.py:830} INFO - Processing file /opt/airflow/dags/prediction_features_pipeline.py for tasks to queue
[2026-01-02T18:47:50.428+0000] {logging_mixin.py:188} INFO - [2026-01-02T18:47:50.428+0000] {dagbag.py:538} INFO - Filling up the DagBag from /opt/airflow/dags/prediction_features_pipeline.py
[2026-01-02T18:47:50.459+0000] {processor.py:840} INFO - DAG(s) 'match_features_pipeline' retrieved from /opt/airflow/dags/prediction_features_pipeline.py
[2026-01-02T18:47:50.504+0000] {logging_mixin.py:188} INFO - [2026-01-02T18:47:50.504+0000] {dag.py:3036} INFO - Sync 1 DAGs
[2026-01-02T18:47:50.537+0000] {logging_mixin.py:188} INFO - [2026-01-02T18:47:50.537+0000] {dag.py:3823} INFO - Setting next_dagrun for match_features_pipeline to 2026-01-01 00:00:00+00:00, run_after=2026-01-02 00:00:00+00:00
[2026-01-02T18:47:50.559+0000] {processor.py:183} INFO - Processing /opt/airflow/dags/prediction_features_pipeline.py took 0.146 seconds
[2026-01-02T18:48:20.990+0000] {processor.py:161} INFO - Started process (PID=25148) to work on /opt/airflow/dags/prediction_features_pipeline.py
[2026-01-02T18:48:20.991+0000] {processor.py:830} INFO - Processing file /opt/airflow/dags/prediction_features_pipeline.py for tasks to queue
[2026-01-02T18:48:20.992+0000] {logging_mixin.py:188} INFO - [2026-01-02T18:48:20.991+0000] {dagbag.py:538} INFO - Filling up the DagBag from /opt/airflow/dags/prediction_features_pipeline.py
[2026-01-02T18:48:21.011+0000] {processor.py:840} INFO - DAG(s) 'match_features_pipeline' retrieved from /opt/airflow/dags/prediction_features_pipeline.py
[2026-01-02T18:48:21.037+0000] {logging_mixin.py:188} INFO - [2026-01-02T18:48:21.037+0000] {dag.py:3036} INFO - Sync 1 DAGs
[2026-01-02T18:48:21.062+0000] {logging_mixin.py:188} INFO - [2026-01-02T18:48:21.062+0000] {dag.py:3823} INFO - Setting next_dagrun for match_features_pipeline to 2026-01-01 00:00:00+00:00, run_after=2026-01-02 00:00:00+00:00
[2026-01-02T18:48:21.080+0000] {processor.py:183} INFO - Processing /opt/airflow/dags/prediction_features_pipeline.py took 0.094 seconds
[2026-01-02T18:48:51.481+0000] {processor.py:161} INFO - Started process (PID=25168) to work on /opt/airflow/dags/prediction_features_pipeline.py
[2026-01-02T18:48:51.482+0000] {processor.py:830} INFO - Processing file /opt/airflow/dags/prediction_features_pipeline.py for tasks to queue
[2026-01-02T18:48:51.483+0000] {logging_mixin.py:188} INFO - [2026-01-02T18:48:51.483+0000] {dagbag.py:538} INFO - Filling up the DagBag from /opt/airflow/dags/prediction_features_pipeline.py
[2026-01-02T18:48:51.506+0000] {processor.py:840} INFO - DAG(s) 'match_features_pipeline' retrieved from /opt/airflow/dags/prediction_features_pipeline.py
[2026-01-02T18:48:51.533+0000] {logging_mixin.py:188} INFO - [2026-01-02T18:48:51.533+0000] {dag.py:3036} INFO - Sync 1 DAGs
[2026-01-02T18:48:51.559+0000] {logging_mixin.py:188} INFO - [2026-01-02T18:48:51.559+0000] {dag.py:3823} INFO - Setting next_dagrun for match_features_pipeline to 2026-01-01 00:00:00+00:00, run_after=2026-01-02 00:00:00+00:00
[2026-01-02T18:48:51.579+0000] {processor.py:183} INFO - Processing /opt/airflow/dags/prediction_features_pipeline.py took 0.102 seconds
[2026-01-02T18:49:22.015+0000] {processor.py:161} INFO - Started process (PID=25188) to work on /opt/airflow/dags/prediction_features_pipeline.py
[2026-01-02T18:49:22.017+0000] {processor.py:830} INFO - Processing file /opt/airflow/dags/prediction_features_pipeline.py for tasks to queue
[2026-01-02T18:49:22.019+0000] {logging_mixin.py:188} INFO - [2026-01-02T18:49:22.019+0000] {dagbag.py:538} INFO - Filling up the DagBag from /opt/airflow/dags/prediction_features_pipeline.py
[2026-01-02T18:49:22.057+0000] {processor.py:840} INFO - DAG(s) 'match_features_pipeline' retrieved from /opt/airflow/dags/prediction_features_pipeline.py
[2026-01-02T18:49:22.099+0000] {logging_mixin.py:188} INFO - [2026-01-02T18:49:22.098+0000] {dag.py:3036} INFO - Sync 1 DAGs
[2026-01-02T18:49:22.159+0000] {logging_mixin.py:188} INFO - [2026-01-02T18:49:22.158+0000] {dag.py:3823} INFO - Setting next_dagrun for match_features_pipeline to 2026-01-01 00:00:00+00:00, run_after=2026-01-02 00:00:00+00:00
[2026-01-02T18:49:22.200+0000] {processor.py:183} INFO - Processing /opt/airflow/dags/prediction_features_pipeline.py took 0.192 seconds
[2026-01-02T18:49:52.628+0000] {processor.py:161} INFO - Started process (PID=25208) to work on /opt/airflow/dags/prediction_features_pipeline.py
[2026-01-02T18:49:52.630+0000] {processor.py:830} INFO - Processing file /opt/airflow/dags/prediction_features_pipeline.py for tasks to queue
[2026-01-02T18:49:52.631+0000] {logging_mixin.py:188} INFO - [2026-01-02T18:49:52.630+0000] {dagbag.py:538} INFO - Filling up the DagBag from /opt/airflow/dags/prediction_features_pipeline.py
[2026-01-02T18:49:52.652+0000] {processor.py:840} INFO - DAG(s) 'match_features_pipeline' retrieved from /opt/airflow/dags/prediction_features_pipeline.py
[2026-01-02T18:49:52.678+0000] {logging_mixin.py:188} INFO - [2026-01-02T18:49:52.678+0000] {dag.py:3036} INFO - Sync 1 DAGs
[2026-01-02T18:49:52.705+0000] {logging_mixin.py:188} INFO - [2026-01-02T18:49:52.705+0000] {dag.py:3823} INFO - Setting next_dagrun for match_features_pipeline to 2026-01-01 00:00:00+00:00, run_after=2026-01-02 00:00:00+00:00
[2026-01-02T18:49:52.725+0000] {processor.py:183} INFO - Processing /opt/airflow/dags/prediction_features_pipeline.py took 0.101 seconds
[2026-01-02T18:50:23.156+0000] {processor.py:161} INFO - Started process (PID=25228) to work on /opt/airflow/dags/prediction_features_pipeline.py
[2026-01-02T18:50:23.158+0000] {processor.py:830} INFO - Processing file /opt/airflow/dags/prediction_features_pipeline.py for tasks to queue
[2026-01-02T18:50:23.159+0000] {logging_mixin.py:188} INFO - [2026-01-02T18:50:23.158+0000] {dagbag.py:538} INFO - Filling up the DagBag from /opt/airflow/dags/prediction_features_pipeline.py
[2026-01-02T18:50:23.179+0000] {processor.py:840} INFO - DAG(s) 'match_features_pipeline' retrieved from /opt/airflow/dags/prediction_features_pipeline.py
[2026-01-02T18:50:23.204+0000] {logging_mixin.py:188} INFO - [2026-01-02T18:50:23.204+0000] {dag.py:3036} INFO - Sync 1 DAGs
[2026-01-02T18:50:23.229+0000] {logging_mixin.py:188} INFO - [2026-01-02T18:50:23.229+0000] {dag.py:3823} INFO - Setting next_dagrun for match_features_pipeline to 2026-01-01 00:00:00+00:00, run_after=2026-01-02 00:00:00+00:00
[2026-01-02T18:50:23.248+0000] {processor.py:183} INFO - Processing /opt/airflow/dags/prediction_features_pipeline.py took 0.096 seconds
[2026-01-02T18:50:53.583+0000] {processor.py:161} INFO - Started process (PID=25248) to work on /opt/airflow/dags/prediction_features_pipeline.py
[2026-01-02T18:50:53.584+0000] {processor.py:830} INFO - Processing file /opt/airflow/dags/prediction_features_pipeline.py for tasks to queue
[2026-01-02T18:50:53.585+0000] {logging_mixin.py:188} INFO - [2026-01-02T18:50:53.585+0000] {dagbag.py:538} INFO - Filling up the DagBag from /opt/airflow/dags/prediction_features_pipeline.py
[2026-01-02T18:50:53.605+0000] {processor.py:840} INFO - DAG(s) 'match_features_pipeline' retrieved from /opt/airflow/dags/prediction_features_pipeline.py
[2026-01-02T18:50:53.629+0000] {logging_mixin.py:188} INFO - [2026-01-02T18:50:53.629+0000] {dag.py:3036} INFO - Sync 1 DAGs
[2026-01-02T18:50:53.652+0000] {logging_mixin.py:188} INFO - [2026-01-02T18:50:53.652+0000] {dag.py:3823} INFO - Setting next_dagrun for match_features_pipeline to 2026-01-01 00:00:00+00:00, run_after=2026-01-02 00:00:00+00:00
[2026-01-02T18:50:53.676+0000] {processor.py:183} INFO - Processing /opt/airflow/dags/prediction_features_pipeline.py took 0.096 seconds
[2026-01-02T18:51:24.000+0000] {processor.py:161} INFO - Started process (PID=25268) to work on /opt/airflow/dags/prediction_features_pipeline.py
[2026-01-02T18:51:24.001+0000] {processor.py:830} INFO - Processing file /opt/airflow/dags/prediction_features_pipeline.py for tasks to queue
[2026-01-02T18:51:24.002+0000] {logging_mixin.py:188} INFO - [2026-01-02T18:51:24.002+0000] {dagbag.py:538} INFO - Filling up the DagBag from /opt/airflow/dags/prediction_features_pipeline.py
[2026-01-02T18:51:24.023+0000] {processor.py:840} INFO - DAG(s) 'match_features_pipeline' retrieved from /opt/airflow/dags/prediction_features_pipeline.py
[2026-01-02T18:51:24.047+0000] {logging_mixin.py:188} INFO - [2026-01-02T18:51:24.047+0000] {dag.py:3036} INFO - Sync 1 DAGs
[2026-01-02T18:51:24.070+0000] {logging_mixin.py:188} INFO - [2026-01-02T18:51:24.070+0000] {dag.py:3823} INFO - Setting next_dagrun for match_features_pipeline to 2026-01-01 00:00:00+00:00, run_after=2026-01-02 00:00:00+00:00
[2026-01-02T18:51:24.092+0000] {processor.py:183} INFO - Processing /opt/airflow/dags/prediction_features_pipeline.py took 0.098 seconds
[2026-01-02T18:51:54.422+0000] {processor.py:161} INFO - Started process (PID=25288) to work on /opt/airflow/dags/prediction_features_pipeline.py
[2026-01-02T18:51:54.423+0000] {processor.py:830} INFO - Processing file /opt/airflow/dags/prediction_features_pipeline.py for tasks to queue
[2026-01-02T18:51:54.424+0000] {logging_mixin.py:188} INFO - [2026-01-02T18:51:54.424+0000] {dagbag.py:538} INFO - Filling up the DagBag from /opt/airflow/dags/prediction_features_pipeline.py
[2026-01-02T18:51:54.449+0000] {processor.py:840} INFO - DAG(s) 'match_features_pipeline' retrieved from /opt/airflow/dags/prediction_features_pipeline.py
[2026-01-02T18:51:54.476+0000] {logging_mixin.py:188} INFO - [2026-01-02T18:51:54.476+0000] {dag.py:3036} INFO - Sync 1 DAGs
[2026-01-02T18:51:54.502+0000] {logging_mixin.py:188} INFO - [2026-01-02T18:51:54.502+0000] {dag.py:3823} INFO - Setting next_dagrun for match_features_pipeline to 2026-01-01 00:00:00+00:00, run_after=2026-01-02 00:00:00+00:00
[2026-01-02T18:51:54.523+0000] {processor.py:183} INFO - Processing /opt/airflow/dags/prediction_features_pipeline.py took 0.105 seconds
[2026-01-02T18:52:25.013+0000] {processor.py:161} INFO - Started process (PID=25308) to work on /opt/airflow/dags/prediction_features_pipeline.py
[2026-01-02T18:52:25.015+0000] {processor.py:830} INFO - Processing file /opt/airflow/dags/prediction_features_pipeline.py for tasks to queue
[2026-01-02T18:52:25.016+0000] {logging_mixin.py:188} INFO - [2026-01-02T18:52:25.015+0000] {dagbag.py:538} INFO - Filling up the DagBag from /opt/airflow/dags/prediction_features_pipeline.py
[2026-01-02T18:52:25.039+0000] {processor.py:840} INFO - DAG(s) 'match_features_pipeline' retrieved from /opt/airflow/dags/prediction_features_pipeline.py
[2026-01-02T18:52:25.065+0000] {logging_mixin.py:188} INFO - [2026-01-02T18:52:25.065+0000] {dag.py:3036} INFO - Sync 1 DAGs
[2026-01-02T18:52:25.092+0000] {logging_mixin.py:188} INFO - [2026-01-02T18:52:25.092+0000] {dag.py:3823} INFO - Setting next_dagrun for match_features_pipeline to 2026-01-01 00:00:00+00:00, run_after=2026-01-02 00:00:00+00:00
[2026-01-02T18:52:25.113+0000] {processor.py:183} INFO - Processing /opt/airflow/dags/prediction_features_pipeline.py took 0.103 seconds
[2026-01-02T18:52:55.421+0000] {processor.py:161} INFO - Started process (PID=25334) to work on /opt/airflow/dags/prediction_features_pipeline.py
[2026-01-02T18:52:55.422+0000] {processor.py:830} INFO - Processing file /opt/airflow/dags/prediction_features_pipeline.py for tasks to queue
[2026-01-02T18:52:55.424+0000] {logging_mixin.py:188} INFO - [2026-01-02T18:52:55.424+0000] {dagbag.py:538} INFO - Filling up the DagBag from /opt/airflow/dags/prediction_features_pipeline.py
[2026-01-02T18:52:55.446+0000] {processor.py:840} INFO - DAG(s) 'match_features_pipeline' retrieved from /opt/airflow/dags/prediction_features_pipeline.py
[2026-01-02T18:52:55.475+0000] {logging_mixin.py:188} INFO - [2026-01-02T18:52:55.475+0000] {dag.py:3036} INFO - Sync 1 DAGs
[2026-01-02T18:52:55.502+0000] {logging_mixin.py:188} INFO - [2026-01-02T18:52:55.502+0000] {dag.py:3823} INFO - Setting next_dagrun for match_features_pipeline to 2026-01-02 00:00:00+00:00, run_after=2026-01-03 00:00:00+00:00
[2026-01-02T18:52:55.524+0000] {processor.py:183} INFO - Processing /opt/airflow/dags/prediction_features_pipeline.py took 0.108 seconds
[2026-01-02T18:53:25.833+0000] {processor.py:161} INFO - Started process (PID=25356) to work on /opt/airflow/dags/prediction_features_pipeline.py
[2026-01-02T18:53:25.835+0000] {processor.py:830} INFO - Processing file /opt/airflow/dags/prediction_features_pipeline.py for tasks to queue
[2026-01-02T18:53:25.836+0000] {logging_mixin.py:188} INFO - [2026-01-02T18:53:25.836+0000] {dagbag.py:538} INFO - Filling up the DagBag from /opt/airflow/dags/prediction_features_pipeline.py
[2026-01-02T18:53:25.862+0000] {processor.py:840} INFO - DAG(s) 'match_features_pipeline' retrieved from /opt/airflow/dags/prediction_features_pipeline.py
[2026-01-02T18:53:25.891+0000] {logging_mixin.py:188} INFO - [2026-01-02T18:53:25.891+0000] {dag.py:3036} INFO - Sync 1 DAGs
[2026-01-02T18:53:25.916+0000] {logging_mixin.py:188} INFO - [2026-01-02T18:53:25.916+0000] {dag.py:3823} INFO - Setting next_dagrun for match_features_pipeline to 2026-01-02 00:00:00+00:00, run_after=2026-01-03 00:00:00+00:00
[2026-01-02T18:53:25.948+0000] {processor.py:183} INFO - Processing /opt/airflow/dags/prediction_features_pipeline.py took 0.120 seconds
[2026-01-02T18:53:56.253+0000] {processor.py:161} INFO - Started process (PID=25376) to work on /opt/airflow/dags/prediction_features_pipeline.py
[2026-01-02T18:53:56.254+0000] {processor.py:830} INFO - Processing file /opt/airflow/dags/prediction_features_pipeline.py for tasks to queue
[2026-01-02T18:53:56.255+0000] {logging_mixin.py:188} INFO - [2026-01-02T18:53:56.255+0000] {dagbag.py:538} INFO - Filling up the DagBag from /opt/airflow/dags/prediction_features_pipeline.py
[2026-01-02T18:53:56.277+0000] {processor.py:840} INFO - DAG(s) 'match_features_pipeline' retrieved from /opt/airflow/dags/prediction_features_pipeline.py
[2026-01-02T18:53:56.302+0000] {logging_mixin.py:188} INFO - [2026-01-02T18:53:56.302+0000] {dag.py:3036} INFO - Sync 1 DAGs
[2026-01-02T18:53:56.326+0000] {logging_mixin.py:188} INFO - [2026-01-02T18:53:56.326+0000] {dag.py:3823} INFO - Setting next_dagrun for match_features_pipeline to 2026-01-02 00:00:00+00:00, run_after=2026-01-03 00:00:00+00:00
[2026-01-02T18:53:56.349+0000] {processor.py:183} INFO - Processing /opt/airflow/dags/prediction_features_pipeline.py took 0.100 seconds
[2026-01-02T18:54:26.716+0000] {processor.py:161} INFO - Started process (PID=25396) to work on /opt/airflow/dags/prediction_features_pipeline.py
[2026-01-02T18:54:26.718+0000] {processor.py:830} INFO - Processing file /opt/airflow/dags/prediction_features_pipeline.py for tasks to queue
[2026-01-02T18:54:26.719+0000] {logging_mixin.py:188} INFO - [2026-01-02T18:54:26.718+0000] {dagbag.py:538} INFO - Filling up the DagBag from /opt/airflow/dags/prediction_features_pipeline.py
[2026-01-02T18:54:26.740+0000] {processor.py:840} INFO - DAG(s) 'match_features_pipeline' retrieved from /opt/airflow/dags/prediction_features_pipeline.py
[2026-01-02T18:54:26.763+0000] {logging_mixin.py:188} INFO - [2026-01-02T18:54:26.763+0000] {dag.py:3036} INFO - Sync 1 DAGs
[2026-01-02T18:54:26.793+0000] {logging_mixin.py:188} INFO - [2026-01-02T18:54:26.793+0000] {dag.py:3823} INFO - Setting next_dagrun for match_features_pipeline to 2026-01-02 00:00:00+00:00, run_after=2026-01-03 00:00:00+00:00
[2026-01-02T18:54:26.820+0000] {processor.py:183} INFO - Processing /opt/airflow/dags/prediction_features_pipeline.py took 0.107 seconds
[2026-01-02T18:54:57.120+0000] {processor.py:161} INFO - Started process (PID=25416) to work on /opt/airflow/dags/prediction_features_pipeline.py
[2026-01-02T18:54:57.121+0000] {processor.py:830} INFO - Processing file /opt/airflow/dags/prediction_features_pipeline.py for tasks to queue
[2026-01-02T18:54:57.122+0000] {logging_mixin.py:188} INFO - [2026-01-02T18:54:57.122+0000] {dagbag.py:538} INFO - Filling up the DagBag from /opt/airflow/dags/prediction_features_pipeline.py
[2026-01-02T18:54:57.144+0000] {processor.py:840} INFO - DAG(s) 'match_features_pipeline' retrieved from /opt/airflow/dags/prediction_features_pipeline.py
[2026-01-02T18:54:57.169+0000] {logging_mixin.py:188} INFO - [2026-01-02T18:54:57.169+0000] {dag.py:3036} INFO - Sync 1 DAGs
[2026-01-02T18:54:57.194+0000] {logging_mixin.py:188} INFO - [2026-01-02T18:54:57.193+0000] {dag.py:3823} INFO - Setting next_dagrun for match_features_pipeline to 2026-01-02 00:00:00+00:00, run_after=2026-01-03 00:00:00+00:00
[2026-01-02T18:54:57.214+0000] {processor.py:183} INFO - Processing /opt/airflow/dags/prediction_features_pipeline.py took 0.097 seconds
[2026-01-02T18:55:27.532+0000] {processor.py:161} INFO - Started process (PID=25436) to work on /opt/airflow/dags/prediction_features_pipeline.py
[2026-01-02T18:55:27.533+0000] {processor.py:830} INFO - Processing file /opt/airflow/dags/prediction_features_pipeline.py for tasks to queue
[2026-01-02T18:55:27.534+0000] {logging_mixin.py:188} INFO - [2026-01-02T18:55:27.533+0000] {dagbag.py:538} INFO - Filling up the DagBag from /opt/airflow/dags/prediction_features_pipeline.py
[2026-01-02T18:55:27.557+0000] {processor.py:840} INFO - DAG(s) 'match_features_pipeline' retrieved from /opt/airflow/dags/prediction_features_pipeline.py
[2026-01-02T18:55:27.583+0000] {logging_mixin.py:188} INFO - [2026-01-02T18:55:27.582+0000] {dag.py:3036} INFO - Sync 1 DAGs
[2026-01-02T18:55:27.608+0000] {logging_mixin.py:188} INFO - [2026-01-02T18:55:27.608+0000] {dag.py:3823} INFO - Setting next_dagrun for match_features_pipeline to 2026-01-02 00:00:00+00:00, run_after=2026-01-03 00:00:00+00:00
[2026-01-02T18:55:27.629+0000] {processor.py:183} INFO - Processing /opt/airflow/dags/prediction_features_pipeline.py took 0.100 seconds
[2026-01-02T18:55:58.052+0000] {processor.py:161} INFO - Started process (PID=25456) to work on /opt/airflow/dags/prediction_features_pipeline.py
[2026-01-02T18:55:58.053+0000] {processor.py:830} INFO - Processing file /opt/airflow/dags/prediction_features_pipeline.py for tasks to queue
[2026-01-02T18:55:58.055+0000] {logging_mixin.py:188} INFO - [2026-01-02T18:55:58.054+0000] {dagbag.py:538} INFO - Filling up the DagBag from /opt/airflow/dags/prediction_features_pipeline.py
[2026-01-02T18:55:58.078+0000] {processor.py:840} INFO - DAG(s) 'match_features_pipeline' retrieved from /opt/airflow/dags/prediction_features_pipeline.py
[2026-01-02T18:55:58.102+0000] {logging_mixin.py:188} INFO - [2026-01-02T18:55:58.102+0000] {dag.py:3036} INFO - Sync 1 DAGs
[2026-01-02T18:55:58.126+0000] {logging_mixin.py:188} INFO - [2026-01-02T18:55:58.126+0000] {dag.py:3823} INFO - Setting next_dagrun for match_features_pipeline to 2026-01-02 00:00:00+00:00, run_after=2026-01-03 00:00:00+00:00
[2026-01-02T18:55:58.146+0000] {processor.py:183} INFO - Processing /opt/airflow/dags/prediction_features_pipeline.py took 0.098 seconds
[2026-01-02T18:56:28.575+0000] {processor.py:161} INFO - Started process (PID=25479) to work on /opt/airflow/dags/prediction_features_pipeline.py
[2026-01-02T18:56:28.576+0000] {processor.py:830} INFO - Processing file /opt/airflow/dags/prediction_features_pipeline.py for tasks to queue
[2026-01-02T18:56:28.578+0000] {logging_mixin.py:188} INFO - [2026-01-02T18:56:28.577+0000] {dagbag.py:538} INFO - Filling up the DagBag from /opt/airflow/dags/prediction_features_pipeline.py
[2026-01-02T18:56:28.601+0000] {processor.py:840} INFO - DAG(s) 'match_features_pipeline' retrieved from /opt/airflow/dags/prediction_features_pipeline.py
[2026-01-02T18:56:28.627+0000] {logging_mixin.py:188} INFO - [2026-01-02T18:56:28.627+0000] {dag.py:3036} INFO - Sync 1 DAGs
[2026-01-02T18:56:28.654+0000] {logging_mixin.py:188} INFO - [2026-01-02T18:56:28.654+0000] {dag.py:3823} INFO - Setting next_dagrun for match_features_pipeline to 2026-01-02 00:00:00+00:00, run_after=2026-01-03 00:00:00+00:00
[2026-01-02T18:56:28.674+0000] {processor.py:183} INFO - Processing /opt/airflow/dags/prediction_features_pipeline.py took 0.104 seconds
[2026-01-02T18:56:59.109+0000] {processor.py:161} INFO - Started process (PID=25501) to work on /opt/airflow/dags/prediction_features_pipeline.py
[2026-01-02T18:56:59.111+0000] {processor.py:830} INFO - Processing file /opt/airflow/dags/prediction_features_pipeline.py for tasks to queue
[2026-01-02T18:56:59.112+0000] {logging_mixin.py:188} INFO - [2026-01-02T18:56:59.111+0000] {dagbag.py:538} INFO - Filling up the DagBag from /opt/airflow/dags/prediction_features_pipeline.py
[2026-01-02T18:56:59.133+0000] {processor.py:840} INFO - DAG(s) 'match_features_pipeline' retrieved from /opt/airflow/dags/prediction_features_pipeline.py
[2026-01-02T18:56:59.159+0000] {logging_mixin.py:188} INFO - [2026-01-02T18:56:59.159+0000] {dag.py:3036} INFO - Sync 1 DAGs
[2026-01-02T18:56:59.185+0000] {logging_mixin.py:188} INFO - [2026-01-02T18:56:59.185+0000] {dag.py:3823} INFO - Setting next_dagrun for match_features_pipeline to 2026-01-02 00:00:00+00:00, run_after=2026-01-03 00:00:00+00:00
[2026-01-02T18:56:59.205+0000] {processor.py:183} INFO - Processing /opt/airflow/dags/prediction_features_pipeline.py took 0.101 seconds
[2026-01-02T18:57:29.687+0000] {processor.py:161} INFO - Started process (PID=25521) to work on /opt/airflow/dags/prediction_features_pipeline.py
[2026-01-02T18:57:29.689+0000] {processor.py:830} INFO - Processing file /opt/airflow/dags/prediction_features_pipeline.py for tasks to queue
[2026-01-02T18:57:29.690+0000] {logging_mixin.py:188} INFO - [2026-01-02T18:57:29.690+0000] {dagbag.py:538} INFO - Filling up the DagBag from /opt/airflow/dags/prediction_features_pipeline.py
[2026-01-02T18:57:29.711+0000] {processor.py:840} INFO - DAG(s) 'match_features_pipeline' retrieved from /opt/airflow/dags/prediction_features_pipeline.py
[2026-01-02T18:57:29.735+0000] {logging_mixin.py:188} INFO - [2026-01-02T18:57:29.735+0000] {dag.py:3036} INFO - Sync 1 DAGs
[2026-01-02T18:57:29.757+0000] {logging_mixin.py:188} INFO - [2026-01-02T18:57:29.757+0000] {dag.py:3823} INFO - Setting next_dagrun for match_features_pipeline to 2026-01-02 00:00:00+00:00, run_after=2026-01-03 00:00:00+00:00
[2026-01-02T18:57:29.780+0000] {processor.py:183} INFO - Processing /opt/airflow/dags/prediction_features_pipeline.py took 0.097 seconds
[2026-01-02T18:58:00.100+0000] {processor.py:161} INFO - Started process (PID=25541) to work on /opt/airflow/dags/prediction_features_pipeline.py
[2026-01-02T18:58:00.102+0000] {processor.py:830} INFO - Processing file /opt/airflow/dags/prediction_features_pipeline.py for tasks to queue
[2026-01-02T18:58:00.103+0000] {logging_mixin.py:188} INFO - [2026-01-02T18:58:00.102+0000] {dagbag.py:538} INFO - Filling up the DagBag from /opt/airflow/dags/prediction_features_pipeline.py
[2026-01-02T18:58:00.124+0000] {processor.py:840} INFO - DAG(s) 'match_features_pipeline' retrieved from /opt/airflow/dags/prediction_features_pipeline.py
[2026-01-02T18:58:00.148+0000] {logging_mixin.py:188} INFO - [2026-01-02T18:58:00.148+0000] {dag.py:3036} INFO - Sync 1 DAGs
[2026-01-02T18:58:00.172+0000] {logging_mixin.py:188} INFO - [2026-01-02T18:58:00.172+0000] {dag.py:3823} INFO - Setting next_dagrun for match_features_pipeline to 2026-01-02 00:00:00+00:00, run_after=2026-01-03 00:00:00+00:00
[2026-01-02T18:58:00.190+0000] {processor.py:183} INFO - Processing /opt/airflow/dags/prediction_features_pipeline.py took 0.094 seconds
[2026-01-02T18:58:30.608+0000] {processor.py:161} INFO - Started process (PID=25561) to work on /opt/airflow/dags/prediction_features_pipeline.py
[2026-01-02T18:58:30.609+0000] {processor.py:830} INFO - Processing file /opt/airflow/dags/prediction_features_pipeline.py for tasks to queue
[2026-01-02T18:58:30.610+0000] {logging_mixin.py:188} INFO - [2026-01-02T18:58:30.610+0000] {dagbag.py:538} INFO - Filling up the DagBag from /opt/airflow/dags/prediction_features_pipeline.py
[2026-01-02T18:58:30.632+0000] {processor.py:840} INFO - DAG(s) 'match_features_pipeline' retrieved from /opt/airflow/dags/prediction_features_pipeline.py
[2026-01-02T18:58:30.656+0000] {logging_mixin.py:188} INFO - [2026-01-02T18:58:30.656+0000] {dag.py:3036} INFO - Sync 1 DAGs
[2026-01-02T18:58:30.681+0000] {logging_mixin.py:188} INFO - [2026-01-02T18:58:30.681+0000] {dag.py:3823} INFO - Setting next_dagrun for match_features_pipeline to 2026-01-02 00:00:00+00:00, run_after=2026-01-03 00:00:00+00:00
[2026-01-02T18:58:30.707+0000] {processor.py:183} INFO - Processing /opt/airflow/dags/prediction_features_pipeline.py took 0.103 seconds
[2026-01-02T18:59:01.041+0000] {processor.py:161} INFO - Started process (PID=25581) to work on /opt/airflow/dags/prediction_features_pipeline.py
[2026-01-02T18:59:01.042+0000] {processor.py:830} INFO - Processing file /opt/airflow/dags/prediction_features_pipeline.py for tasks to queue
[2026-01-02T18:59:01.043+0000] {logging_mixin.py:188} INFO - [2026-01-02T18:59:01.043+0000] {dagbag.py:538} INFO - Filling up the DagBag from /opt/airflow/dags/prediction_features_pipeline.py
[2026-01-02T18:59:01.065+0000] {processor.py:840} INFO - DAG(s) 'match_features_pipeline' retrieved from /opt/airflow/dags/prediction_features_pipeline.py
[2026-01-02T18:59:01.089+0000] {logging_mixin.py:188} INFO - [2026-01-02T18:59:01.089+0000] {dag.py:3036} INFO - Sync 1 DAGs
[2026-01-02T18:59:01.113+0000] {logging_mixin.py:188} INFO - [2026-01-02T18:59:01.113+0000] {dag.py:3823} INFO - Setting next_dagrun for match_features_pipeline to 2026-01-02 00:00:00+00:00, run_after=2026-01-03 00:00:00+00:00
[2026-01-02T18:59:01.137+0000] {processor.py:183} INFO - Processing /opt/airflow/dags/prediction_features_pipeline.py took 0.101 seconds
[2026-01-02T18:59:31.449+0000] {processor.py:161} INFO - Started process (PID=25606) to work on /opt/airflow/dags/prediction_features_pipeline.py
[2026-01-02T18:59:31.450+0000] {processor.py:830} INFO - Processing file /opt/airflow/dags/prediction_features_pipeline.py for tasks to queue
[2026-01-02T18:59:31.451+0000] {logging_mixin.py:188} INFO - [2026-01-02T18:59:31.451+0000] {dagbag.py:538} INFO - Filling up the DagBag from /opt/airflow/dags/prediction_features_pipeline.py
[2026-01-02T18:59:31.472+0000] {processor.py:840} INFO - DAG(s) 'match_features_pipeline' retrieved from /opt/airflow/dags/prediction_features_pipeline.py
[2026-01-02T18:59:31.497+0000] {logging_mixin.py:188} INFO - [2026-01-02T18:59:31.496+0000] {dag.py:3036} INFO - Sync 1 DAGs
[2026-01-02T18:59:31.548+0000] {logging_mixin.py:188} INFO - [2026-01-02T18:59:31.548+0000] {dag.py:3823} INFO - Setting next_dagrun for match_features_pipeline to 2026-01-02 00:00:00+00:00, run_after=2026-01-03 00:00:00+00:00
[2026-01-02T18:59:31.582+0000] {processor.py:183} INFO - Processing /opt/airflow/dags/prediction_features_pipeline.py took 0.137 seconds
[2026-01-02T19:00:01.877+0000] {processor.py:161} INFO - Started process (PID=25626) to work on /opt/airflow/dags/prediction_features_pipeline.py
[2026-01-02T19:00:01.879+0000] {processor.py:830} INFO - Processing file /opt/airflow/dags/prediction_features_pipeline.py for tasks to queue
[2026-01-02T19:00:01.880+0000] {logging_mixin.py:188} INFO - [2026-01-02T19:00:01.879+0000] {dagbag.py:538} INFO - Filling up the DagBag from /opt/airflow/dags/prediction_features_pipeline.py
[2026-01-02T19:00:01.901+0000] {processor.py:840} INFO - DAG(s) 'match_features_pipeline' retrieved from /opt/airflow/dags/prediction_features_pipeline.py
[2026-01-02T19:00:01.926+0000] {logging_mixin.py:188} INFO - [2026-01-02T19:00:01.926+0000] {dag.py:3036} INFO - Sync 1 DAGs
[2026-01-02T19:00:01.950+0000] {logging_mixin.py:188} INFO - [2026-01-02T19:00:01.949+0000] {dag.py:3823} INFO - Setting next_dagrun for match_features_pipeline to 2026-01-02 00:00:00+00:00, run_after=2026-01-03 00:00:00+00:00
[2026-01-02T19:00:01.971+0000] {processor.py:183} INFO - Processing /opt/airflow/dags/prediction_features_pipeline.py took 0.097 seconds
[2026-01-02T19:00:32.300+0000] {processor.py:161} INFO - Started process (PID=25646) to work on /opt/airflow/dags/prediction_features_pipeline.py
[2026-01-02T19:00:32.301+0000] {processor.py:830} INFO - Processing file /opt/airflow/dags/prediction_features_pipeline.py for tasks to queue
[2026-01-02T19:00:32.302+0000] {logging_mixin.py:188} INFO - [2026-01-02T19:00:32.302+0000] {dagbag.py:538} INFO - Filling up the DagBag from /opt/airflow/dags/prediction_features_pipeline.py
[2026-01-02T19:00:32.322+0000] {processor.py:840} INFO - DAG(s) 'match_features_pipeline' retrieved from /opt/airflow/dags/prediction_features_pipeline.py
[2026-01-02T19:00:32.343+0000] {logging_mixin.py:188} INFO - [2026-01-02T19:00:32.343+0000] {dag.py:3036} INFO - Sync 1 DAGs
[2026-01-02T19:00:32.365+0000] {logging_mixin.py:188} INFO - [2026-01-02T19:00:32.365+0000] {dag.py:3823} INFO - Setting next_dagrun for match_features_pipeline to 2026-01-02 00:00:00+00:00, run_after=2026-01-03 00:00:00+00:00
[2026-01-02T19:00:32.385+0000] {processor.py:183} INFO - Processing /opt/airflow/dags/prediction_features_pipeline.py took 0.089 seconds
[2026-01-02T19:01:02.822+0000] {processor.py:161} INFO - Started process (PID=25666) to work on /opt/airflow/dags/prediction_features_pipeline.py
[2026-01-02T19:01:02.823+0000] {processor.py:830} INFO - Processing file /opt/airflow/dags/prediction_features_pipeline.py for tasks to queue
[2026-01-02T19:01:02.824+0000] {logging_mixin.py:188} INFO - [2026-01-02T19:01:02.824+0000] {dagbag.py:538} INFO - Filling up the DagBag from /opt/airflow/dags/prediction_features_pipeline.py
[2026-01-02T19:01:02.844+0000] {processor.py:840} INFO - DAG(s) 'match_features_pipeline' retrieved from /opt/airflow/dags/prediction_features_pipeline.py
[2026-01-02T19:01:02.864+0000] {logging_mixin.py:188} INFO - [2026-01-02T19:01:02.864+0000] {dag.py:3036} INFO - Sync 1 DAGs
[2026-01-02T19:01:02.889+0000] {logging_mixin.py:188} INFO - [2026-01-02T19:01:02.888+0000] {dag.py:3823} INFO - Setting next_dagrun for match_features_pipeline to 2026-01-02 00:00:00+00:00, run_after=2026-01-03 00:00:00+00:00
[2026-01-02T19:01:02.908+0000] {processor.py:183} INFO - Processing /opt/airflow/dags/prediction_features_pipeline.py took 0.088 seconds
[2026-01-02T19:01:33.353+0000] {processor.py:161} INFO - Started process (PID=25686) to work on /opt/airflow/dags/prediction_features_pipeline.py
[2026-01-02T19:01:33.354+0000] {processor.py:830} INFO - Processing file /opt/airflow/dags/prediction_features_pipeline.py for tasks to queue
[2026-01-02T19:01:33.355+0000] {logging_mixin.py:188} INFO - [2026-01-02T19:01:33.355+0000] {dagbag.py:538} INFO - Filling up the DagBag from /opt/airflow/dags/prediction_features_pipeline.py
[2026-01-02T19:01:33.376+0000] {processor.py:840} INFO - DAG(s) 'match_features_pipeline' retrieved from /opt/airflow/dags/prediction_features_pipeline.py
[2026-01-02T19:01:33.400+0000] {logging_mixin.py:188} INFO - [2026-01-02T19:01:33.400+0000] {dag.py:3036} INFO - Sync 1 DAGs
[2026-01-02T19:01:33.424+0000] {logging_mixin.py:188} INFO - [2026-01-02T19:01:33.424+0000] {dag.py:3823} INFO - Setting next_dagrun for match_features_pipeline to 2026-01-02 00:00:00+00:00, run_after=2026-01-03 00:00:00+00:00
[2026-01-02T19:01:33.445+0000] {processor.py:183} INFO - Processing /opt/airflow/dags/prediction_features_pipeline.py took 0.095 seconds
[2026-01-02T19:02:03.761+0000] {processor.py:161} INFO - Started process (PID=25706) to work on /opt/airflow/dags/prediction_features_pipeline.py
[2026-01-02T19:02:03.763+0000] {processor.py:830} INFO - Processing file /opt/airflow/dags/prediction_features_pipeline.py for tasks to queue
[2026-01-02T19:02:03.764+0000] {logging_mixin.py:188} INFO - [2026-01-02T19:02:03.763+0000] {dagbag.py:538} INFO - Filling up the DagBag from /opt/airflow/dags/prediction_features_pipeline.py
[2026-01-02T19:02:03.784+0000] {processor.py:840} INFO - DAG(s) 'match_features_pipeline' retrieved from /opt/airflow/dags/prediction_features_pipeline.py
[2026-01-02T19:02:03.809+0000] {logging_mixin.py:188} INFO - [2026-01-02T19:02:03.809+0000] {dag.py:3036} INFO - Sync 1 DAGs
[2026-01-02T19:02:03.835+0000] {logging_mixin.py:188} INFO - [2026-01-02T19:02:03.834+0000] {dag.py:3823} INFO - Setting next_dagrun for match_features_pipeline to 2026-01-02 00:00:00+00:00, run_after=2026-01-03 00:00:00+00:00
[2026-01-02T19:02:03.857+0000] {processor.py:183} INFO - Processing /opt/airflow/dags/prediction_features_pipeline.py took 0.099 seconds
[2026-01-02T19:02:34.253+0000] {processor.py:161} INFO - Started process (PID=25726) to work on /opt/airflow/dags/prediction_features_pipeline.py
[2026-01-02T19:02:34.255+0000] {processor.py:830} INFO - Processing file /opt/airflow/dags/prediction_features_pipeline.py for tasks to queue
[2026-01-02T19:02:34.256+0000] {logging_mixin.py:188} INFO - [2026-01-02T19:02:34.255+0000] {dagbag.py:538} INFO - Filling up the DagBag from /opt/airflow/dags/prediction_features_pipeline.py
[2026-01-02T19:02:34.276+0000] {processor.py:840} INFO - DAG(s) 'match_features_pipeline' retrieved from /opt/airflow/dags/prediction_features_pipeline.py
[2026-01-02T19:02:34.300+0000] {logging_mixin.py:188} INFO - [2026-01-02T19:02:34.300+0000] {dag.py:3036} INFO - Sync 1 DAGs
[2026-01-02T19:02:34.323+0000] {logging_mixin.py:188} INFO - [2026-01-02T19:02:34.322+0000] {dag.py:3823} INFO - Setting next_dagrun for match_features_pipeline to 2026-01-02 00:00:00+00:00, run_after=2026-01-03 00:00:00+00:00
[2026-01-02T19:02:34.341+0000] {processor.py:183} INFO - Processing /opt/airflow/dags/prediction_features_pipeline.py took 0.092 seconds
[2026-01-02T19:03:04.663+0000] {processor.py:161} INFO - Started process (PID=25746) to work on /opt/airflow/dags/prediction_features_pipeline.py
[2026-01-02T19:03:04.664+0000] {processor.py:830} INFO - Processing file /opt/airflow/dags/prediction_features_pipeline.py for tasks to queue
[2026-01-02T19:03:04.665+0000] {logging_mixin.py:188} INFO - [2026-01-02T19:03:04.665+0000] {dagbag.py:538} INFO - Filling up the DagBag from /opt/airflow/dags/prediction_features_pipeline.py
[2026-01-02T19:03:04.688+0000] {processor.py:840} INFO - DAG(s) 'match_features_pipeline' retrieved from /opt/airflow/dags/prediction_features_pipeline.py
[2026-01-02T19:03:04.711+0000] {logging_mixin.py:188} INFO - [2026-01-02T19:03:04.711+0000] {dag.py:3036} INFO - Sync 1 DAGs
[2026-01-02T19:03:04.734+0000] {logging_mixin.py:188} INFO - [2026-01-02T19:03:04.734+0000] {dag.py:3823} INFO - Setting next_dagrun for match_features_pipeline to 2026-01-02 00:00:00+00:00, run_after=2026-01-03 00:00:00+00:00
[2026-01-02T19:03:04.760+0000] {processor.py:183} INFO - Processing /opt/airflow/dags/prediction_features_pipeline.py took 0.101 seconds
[2026-01-02T19:03:35.094+0000] {processor.py:161} INFO - Started process (PID=25766) to work on /opt/airflow/dags/prediction_features_pipeline.py
[2026-01-02T19:03:35.095+0000] {processor.py:830} INFO - Processing file /opt/airflow/dags/prediction_features_pipeline.py for tasks to queue
[2026-01-02T19:03:35.096+0000] {logging_mixin.py:188} INFO - [2026-01-02T19:03:35.096+0000] {dagbag.py:538} INFO - Filling up the DagBag from /opt/airflow/dags/prediction_features_pipeline.py
[2026-01-02T19:03:35.117+0000] {processor.py:840} INFO - DAG(s) 'match_features_pipeline' retrieved from /opt/airflow/dags/prediction_features_pipeline.py
[2026-01-02T19:03:35.141+0000] {logging_mixin.py:188} INFO - [2026-01-02T19:03:35.141+0000] {dag.py:3036} INFO - Sync 1 DAGs
[2026-01-02T19:03:35.166+0000] {logging_mixin.py:188} INFO - [2026-01-02T19:03:35.166+0000] {dag.py:3823} INFO - Setting next_dagrun for match_features_pipeline to 2026-01-02 00:00:00+00:00, run_after=2026-01-03 00:00:00+00:00
[2026-01-02T19:03:35.187+0000] {processor.py:183} INFO - Processing /opt/airflow/dags/prediction_features_pipeline.py took 0.096 seconds
[2026-01-02T19:04:05.614+0000] {processor.py:161} INFO - Started process (PID=25786) to work on /opt/airflow/dags/prediction_features_pipeline.py
[2026-01-02T19:04:05.615+0000] {processor.py:830} INFO - Processing file /opt/airflow/dags/prediction_features_pipeline.py for tasks to queue
[2026-01-02T19:04:05.616+0000] {logging_mixin.py:188} INFO - [2026-01-02T19:04:05.616+0000] {dagbag.py:538} INFO - Filling up the DagBag from /opt/airflow/dags/prediction_features_pipeline.py
[2026-01-02T19:04:05.638+0000] {processor.py:840} INFO - DAG(s) 'match_features_pipeline' retrieved from /opt/airflow/dags/prediction_features_pipeline.py
[2026-01-02T19:04:05.664+0000] {logging_mixin.py:188} INFO - [2026-01-02T19:04:05.663+0000] {dag.py:3036} INFO - Sync 1 DAGs
[2026-01-02T19:04:05.687+0000] {logging_mixin.py:188} INFO - [2026-01-02T19:04:05.687+0000] {dag.py:3823} INFO - Setting next_dagrun for match_features_pipeline to 2026-01-02 00:00:00+00:00, run_after=2026-01-03 00:00:00+00:00
[2026-01-02T19:04:05.705+0000] {processor.py:183} INFO - Processing /opt/airflow/dags/prediction_features_pipeline.py took 0.094 seconds
[2026-01-02T19:04:36.046+0000] {processor.py:161} INFO - Started process (PID=25806) to work on /opt/airflow/dags/prediction_features_pipeline.py
[2026-01-02T19:04:36.048+0000] {processor.py:830} INFO - Processing file /opt/airflow/dags/prediction_features_pipeline.py for tasks to queue
[2026-01-02T19:04:36.049+0000] {logging_mixin.py:188} INFO - [2026-01-02T19:04:36.049+0000] {dagbag.py:538} INFO - Filling up the DagBag from /opt/airflow/dags/prediction_features_pipeline.py
[2026-01-02T19:04:36.071+0000] {processor.py:840} INFO - DAG(s) 'match_features_pipeline' retrieved from /opt/airflow/dags/prediction_features_pipeline.py
[2026-01-02T19:04:36.098+0000] {logging_mixin.py:188} INFO - [2026-01-02T19:04:36.098+0000] {dag.py:3036} INFO - Sync 1 DAGs
[2026-01-02T19:04:36.123+0000] {logging_mixin.py:188} INFO - [2026-01-02T19:04:36.122+0000] {dag.py:3823} INFO - Setting next_dagrun for match_features_pipeline to 2026-01-02 00:00:00+00:00, run_after=2026-01-03 00:00:00+00:00
[2026-01-02T19:04:36.145+0000] {processor.py:183} INFO - Processing /opt/airflow/dags/prediction_features_pipeline.py took 0.103 seconds
[2026-01-02T19:05:06.571+0000] {processor.py:161} INFO - Started process (PID=25826) to work on /opt/airflow/dags/prediction_features_pipeline.py
[2026-01-02T19:05:06.572+0000] {processor.py:830} INFO - Processing file /opt/airflow/dags/prediction_features_pipeline.py for tasks to queue
[2026-01-02T19:05:06.573+0000] {logging_mixin.py:188} INFO - [2026-01-02T19:05:06.573+0000] {dagbag.py:538} INFO - Filling up the DagBag from /opt/airflow/dags/prediction_features_pipeline.py
[2026-01-02T19:05:06.594+0000] {processor.py:840} INFO - DAG(s) 'match_features_pipeline' retrieved from /opt/airflow/dags/prediction_features_pipeline.py
[2026-01-02T19:05:06.620+0000] {logging_mixin.py:188} INFO - [2026-01-02T19:05:06.619+0000] {dag.py:3036} INFO - Sync 1 DAGs
[2026-01-02T19:05:06.643+0000] {logging_mixin.py:188} INFO - [2026-01-02T19:05:06.643+0000] {dag.py:3823} INFO - Setting next_dagrun for match_features_pipeline to 2026-01-02 00:00:00+00:00, run_after=2026-01-03 00:00:00+00:00
[2026-01-02T19:05:06.662+0000] {processor.py:183} INFO - Processing /opt/airflow/dags/prediction_features_pipeline.py took 0.095 seconds
[2026-01-02T19:05:37.001+0000] {processor.py:161} INFO - Started process (PID=25846) to work on /opt/airflow/dags/prediction_features_pipeline.py
[2026-01-02T19:05:37.002+0000] {processor.py:830} INFO - Processing file /opt/airflow/dags/prediction_features_pipeline.py for tasks to queue
[2026-01-02T19:05:37.003+0000] {logging_mixin.py:188} INFO - [2026-01-02T19:05:37.003+0000] {dagbag.py:538} INFO - Filling up the DagBag from /opt/airflow/dags/prediction_features_pipeline.py
[2026-01-02T19:05:37.024+0000] {processor.py:840} INFO - DAG(s) 'match_features_pipeline' retrieved from /opt/airflow/dags/prediction_features_pipeline.py
[2026-01-02T19:05:37.049+0000] {logging_mixin.py:188} INFO - [2026-01-02T19:05:37.049+0000] {dag.py:3036} INFO - Sync 1 DAGs
[2026-01-02T19:05:37.073+0000] {logging_mixin.py:188} INFO - [2026-01-02T19:05:37.073+0000] {dag.py:3823} INFO - Setting next_dagrun for match_features_pipeline to 2026-01-02 00:00:00+00:00, run_after=2026-01-03 00:00:00+00:00
[2026-01-02T19:05:37.092+0000] {processor.py:183} INFO - Processing /opt/airflow/dags/prediction_features_pipeline.py took 0.096 seconds
[2026-01-02T19:06:07.526+0000] {processor.py:161} INFO - Started process (PID=25866) to work on /opt/airflow/dags/prediction_features_pipeline.py
[2026-01-02T19:06:07.527+0000] {processor.py:830} INFO - Processing file /opt/airflow/dags/prediction_features_pipeline.py for tasks to queue
[2026-01-02T19:06:07.528+0000] {logging_mixin.py:188} INFO - [2026-01-02T19:06:07.528+0000] {dagbag.py:538} INFO - Filling up the DagBag from /opt/airflow/dags/prediction_features_pipeline.py
[2026-01-02T19:06:07.549+0000] {processor.py:840} INFO - DAG(s) 'match_features_pipeline' retrieved from /opt/airflow/dags/prediction_features_pipeline.py
[2026-01-02T19:06:07.574+0000] {logging_mixin.py:188} INFO - [2026-01-02T19:06:07.574+0000] {dag.py:3036} INFO - Sync 1 DAGs
[2026-01-02T19:06:07.597+0000] {logging_mixin.py:188} INFO - [2026-01-02T19:06:07.597+0000] {dag.py:3823} INFO - Setting next_dagrun for match_features_pipeline to 2026-01-02 00:00:00+00:00, run_after=2026-01-03 00:00:00+00:00
[2026-01-02T19:06:07.617+0000] {processor.py:183} INFO - Processing /opt/airflow/dags/prediction_features_pipeline.py took 0.095 seconds
[2026-01-02T19:06:37.957+0000] {processor.py:161} INFO - Started process (PID=25886) to work on /opt/airflow/dags/prediction_features_pipeline.py
[2026-01-02T19:06:37.958+0000] {processor.py:830} INFO - Processing file /opt/airflow/dags/prediction_features_pipeline.py for tasks to queue
[2026-01-02T19:06:37.959+0000] {logging_mixin.py:188} INFO - [2026-01-02T19:06:37.959+0000] {dagbag.py:538} INFO - Filling up the DagBag from /opt/airflow/dags/prediction_features_pipeline.py
[2026-01-02T19:06:37.980+0000] {processor.py:840} INFO - DAG(s) 'match_features_pipeline' retrieved from /opt/airflow/dags/prediction_features_pipeline.py
[2026-01-02T19:06:38.004+0000] {logging_mixin.py:188} INFO - [2026-01-02T19:06:38.004+0000] {dag.py:3036} INFO - Sync 1 DAGs
[2026-01-02T19:06:38.028+0000] {logging_mixin.py:188} INFO - [2026-01-02T19:06:38.028+0000] {dag.py:3823} INFO - Setting next_dagrun for match_features_pipeline to 2026-01-02 00:00:00+00:00, run_after=2026-01-03 00:00:00+00:00
[2026-01-02T19:06:38.051+0000] {processor.py:183} INFO - Processing /opt/airflow/dags/prediction_features_pipeline.py took 0.097 seconds
[2026-01-02T19:07:08.394+0000] {processor.py:161} INFO - Started process (PID=25906) to work on /opt/airflow/dags/prediction_features_pipeline.py
[2026-01-02T19:07:08.395+0000] {processor.py:830} INFO - Processing file /opt/airflow/dags/prediction_features_pipeline.py for tasks to queue
[2026-01-02T19:07:08.396+0000] {logging_mixin.py:188} INFO - [2026-01-02T19:07:08.396+0000] {dagbag.py:538} INFO - Filling up the DagBag from /opt/airflow/dags/prediction_features_pipeline.py
[2026-01-02T19:07:08.417+0000] {processor.py:840} INFO - DAG(s) 'match_features_pipeline' retrieved from /opt/airflow/dags/prediction_features_pipeline.py
[2026-01-02T19:07:08.440+0000] {logging_mixin.py:188} INFO - [2026-01-02T19:07:08.439+0000] {dag.py:3036} INFO - Sync 1 DAGs
[2026-01-02T19:07:08.463+0000] {logging_mixin.py:188} INFO - [2026-01-02T19:07:08.462+0000] {dag.py:3823} INFO - Setting next_dagrun for match_features_pipeline to 2026-01-02 00:00:00+00:00, run_after=2026-01-03 00:00:00+00:00
[2026-01-02T19:07:08.492+0000] {processor.py:183} INFO - Processing /opt/airflow/dags/prediction_features_pipeline.py took 0.103 seconds
[2026-01-02T19:07:38.889+0000] {processor.py:161} INFO - Started process (PID=25926) to work on /opt/airflow/dags/prediction_features_pipeline.py
[2026-01-02T19:07:38.890+0000] {processor.py:830} INFO - Processing file /opt/airflow/dags/prediction_features_pipeline.py for tasks to queue
[2026-01-02T19:07:38.891+0000] {logging_mixin.py:188} INFO - [2026-01-02T19:07:38.891+0000] {dagbag.py:538} INFO - Filling up the DagBag from /opt/airflow/dags/prediction_features_pipeline.py
[2026-01-02T19:07:38.912+0000] {processor.py:840} INFO - DAG(s) 'match_features_pipeline' retrieved from /opt/airflow/dags/prediction_features_pipeline.py
[2026-01-02T19:07:38.935+0000] {logging_mixin.py:188} INFO - [2026-01-02T19:07:38.935+0000] {dag.py:3036} INFO - Sync 1 DAGs
[2026-01-02T19:07:38.959+0000] {logging_mixin.py:188} INFO - [2026-01-02T19:07:38.959+0000] {dag.py:3823} INFO - Setting next_dagrun for match_features_pipeline to 2026-01-02 00:00:00+00:00, run_after=2026-01-03 00:00:00+00:00
[2026-01-02T19:07:38.979+0000] {processor.py:183} INFO - Processing /opt/airflow/dags/prediction_features_pipeline.py took 0.093 seconds
[2026-01-02T19:08:09.326+0000] {processor.py:161} INFO - Started process (PID=25946) to work on /opt/airflow/dags/prediction_features_pipeline.py
[2026-01-02T19:08:09.327+0000] {processor.py:830} INFO - Processing file /opt/airflow/dags/prediction_features_pipeline.py for tasks to queue
[2026-01-02T19:08:09.328+0000] {logging_mixin.py:188} INFO - [2026-01-02T19:08:09.328+0000] {dagbag.py:538} INFO - Filling up the DagBag from /opt/airflow/dags/prediction_features_pipeline.py
[2026-01-02T19:08:09.349+0000] {processor.py:840} INFO - DAG(s) 'match_features_pipeline' retrieved from /opt/airflow/dags/prediction_features_pipeline.py
[2026-01-02T19:08:09.373+0000] {logging_mixin.py:188} INFO - [2026-01-02T19:08:09.373+0000] {dag.py:3036} INFO - Sync 1 DAGs
[2026-01-02T19:08:09.397+0000] {logging_mixin.py:188} INFO - [2026-01-02T19:08:09.397+0000] {dag.py:3823} INFO - Setting next_dagrun for match_features_pipeline to 2026-01-02 00:00:00+00:00, run_after=2026-01-03 00:00:00+00:00
[2026-01-02T19:08:09.416+0000] {processor.py:183} INFO - Processing /opt/airflow/dags/prediction_features_pipeline.py took 0.094 seconds
[2026-01-02T19:08:39.737+0000] {processor.py:161} INFO - Started process (PID=25966) to work on /opt/airflow/dags/prediction_features_pipeline.py
[2026-01-02T19:08:39.738+0000] {processor.py:830} INFO - Processing file /opt/airflow/dags/prediction_features_pipeline.py for tasks to queue
[2026-01-02T19:08:39.739+0000] {logging_mixin.py:188} INFO - [2026-01-02T19:08:39.739+0000] {dagbag.py:538} INFO - Filling up the DagBag from /opt/airflow/dags/prediction_features_pipeline.py
[2026-01-02T19:08:39.760+0000] {processor.py:840} INFO - DAG(s) 'match_features_pipeline' retrieved from /opt/airflow/dags/prediction_features_pipeline.py
[2026-01-02T19:08:39.784+0000] {logging_mixin.py:188} INFO - [2026-01-02T19:08:39.784+0000] {dag.py:3036} INFO - Sync 1 DAGs
[2026-01-02T19:08:39.807+0000] {logging_mixin.py:188} INFO - [2026-01-02T19:08:39.807+0000] {dag.py:3823} INFO - Setting next_dagrun for match_features_pipeline to 2026-01-02 00:00:00+00:00, run_after=2026-01-03 00:00:00+00:00
[2026-01-02T19:08:39.826+0000] {processor.py:183} INFO - Processing /opt/airflow/dags/prediction_features_pipeline.py took 0.093 seconds
[2026-01-02T19:09:10.270+0000] {processor.py:161} INFO - Started process (PID=25986) to work on /opt/airflow/dags/prediction_features_pipeline.py
[2026-01-02T19:09:10.272+0000] {processor.py:830} INFO - Processing file /opt/airflow/dags/prediction_features_pipeline.py for tasks to queue
[2026-01-02T19:09:10.273+0000] {logging_mixin.py:188} INFO - [2026-01-02T19:09:10.272+0000] {dagbag.py:538} INFO - Filling up the DagBag from /opt/airflow/dags/prediction_features_pipeline.py
[2026-01-02T19:09:10.294+0000] {processor.py:840} INFO - DAG(s) 'match_features_pipeline' retrieved from /opt/airflow/dags/prediction_features_pipeline.py
[2026-01-02T19:09:10.319+0000] {logging_mixin.py:188} INFO - [2026-01-02T19:09:10.318+0000] {dag.py:3036} INFO - Sync 1 DAGs
[2026-01-02T19:09:10.343+0000] {logging_mixin.py:188} INFO - [2026-01-02T19:09:10.343+0000] {dag.py:3823} INFO - Setting next_dagrun for match_features_pipeline to 2026-01-02 00:00:00+00:00, run_after=2026-01-03 00:00:00+00:00
[2026-01-02T19:09:10.369+0000] {processor.py:183} INFO - Processing /opt/airflow/dags/prediction_features_pipeline.py took 0.103 seconds
[2026-01-02T19:09:40.715+0000] {processor.py:161} INFO - Started process (PID=26006) to work on /opt/airflow/dags/prediction_features_pipeline.py
[2026-01-02T19:09:40.716+0000] {processor.py:830} INFO - Processing file /opt/airflow/dags/prediction_features_pipeline.py for tasks to queue
[2026-01-02T19:09:40.718+0000] {logging_mixin.py:188} INFO - [2026-01-02T19:09:40.717+0000] {dagbag.py:538} INFO - Filling up the DagBag from /opt/airflow/dags/prediction_features_pipeline.py
[2026-01-02T19:09:40.739+0000] {processor.py:840} INFO - DAG(s) 'match_features_pipeline' retrieved from /opt/airflow/dags/prediction_features_pipeline.py
[2026-01-02T19:09:40.764+0000] {logging_mixin.py:188} INFO - [2026-01-02T19:09:40.764+0000] {dag.py:3036} INFO - Sync 1 DAGs
[2026-01-02T19:09:40.788+0000] {logging_mixin.py:188} INFO - [2026-01-02T19:09:40.788+0000] {dag.py:3823} INFO - Setting next_dagrun for match_features_pipeline to 2026-01-02 00:00:00+00:00, run_after=2026-01-03 00:00:00+00:00
[2026-01-02T19:09:40.807+0000] {processor.py:183} INFO - Processing /opt/airflow/dags/prediction_features_pipeline.py took 0.096 seconds
[2026-01-02T19:10:11.118+0000] {processor.py:161} INFO - Started process (PID=26026) to work on /opt/airflow/dags/prediction_features_pipeline.py
[2026-01-02T19:10:11.119+0000] {processor.py:830} INFO - Processing file /opt/airflow/dags/prediction_features_pipeline.py for tasks to queue
[2026-01-02T19:10:11.120+0000] {logging_mixin.py:188} INFO - [2026-01-02T19:10:11.120+0000] {dagbag.py:538} INFO - Filling up the DagBag from /opt/airflow/dags/prediction_features_pipeline.py
[2026-01-02T19:10:11.141+0000] {processor.py:840} INFO - DAG(s) 'match_features_pipeline' retrieved from /opt/airflow/dags/prediction_features_pipeline.py
[2026-01-02T19:10:11.166+0000] {logging_mixin.py:188} INFO - [2026-01-02T19:10:11.165+0000] {dag.py:3036} INFO - Sync 1 DAGs
[2026-01-02T19:10:11.190+0000] {logging_mixin.py:188} INFO - [2026-01-02T19:10:11.189+0000] {dag.py:3823} INFO - Setting next_dagrun for match_features_pipeline to 2026-01-02 00:00:00+00:00, run_after=2026-01-03 00:00:00+00:00
[2026-01-02T19:10:11.214+0000] {processor.py:183} INFO - Processing /opt/airflow/dags/prediction_features_pipeline.py took 0.099 seconds
[2026-01-02T19:10:41.537+0000] {processor.py:161} INFO - Started process (PID=26046) to work on /opt/airflow/dags/prediction_features_pipeline.py
[2026-01-02T19:10:41.538+0000] {processor.py:830} INFO - Processing file /opt/airflow/dags/prediction_features_pipeline.py for tasks to queue
[2026-01-02T19:10:41.539+0000] {logging_mixin.py:188} INFO - [2026-01-02T19:10:41.539+0000] {dagbag.py:538} INFO - Filling up the DagBag from /opt/airflow/dags/prediction_features_pipeline.py
[2026-01-02T19:10:41.560+0000] {processor.py:840} INFO - DAG(s) 'match_features_pipeline' retrieved from /opt/airflow/dags/prediction_features_pipeline.py
[2026-01-02T19:10:41.583+0000] {logging_mixin.py:188} INFO - [2026-01-02T19:10:41.583+0000] {dag.py:3036} INFO - Sync 1 DAGs
[2026-01-02T19:10:41.606+0000] {logging_mixin.py:188} INFO - [2026-01-02T19:10:41.606+0000] {dag.py:3823} INFO - Setting next_dagrun for match_features_pipeline to 2026-01-02 00:00:00+00:00, run_after=2026-01-03 00:00:00+00:00
[2026-01-02T19:10:41.633+0000] {processor.py:183} INFO - Processing /opt/airflow/dags/prediction_features_pipeline.py took 0.100 seconds
[2026-01-02T19:11:11.954+0000] {processor.py:161} INFO - Started process (PID=26066) to work on /opt/airflow/dags/prediction_features_pipeline.py
[2026-01-02T19:11:11.955+0000] {processor.py:830} INFO - Processing file /opt/airflow/dags/prediction_features_pipeline.py for tasks to queue
[2026-01-02T19:11:11.956+0000] {logging_mixin.py:188} INFO - [2026-01-02T19:11:11.956+0000] {dagbag.py:538} INFO - Filling up the DagBag from /opt/airflow/dags/prediction_features_pipeline.py
[2026-01-02T19:11:11.978+0000] {processor.py:840} INFO - DAG(s) 'match_features_pipeline' retrieved from /opt/airflow/dags/prediction_features_pipeline.py
[2026-01-02T19:11:12.002+0000] {logging_mixin.py:188} INFO - [2026-01-02T19:11:12.001+0000] {dag.py:3036} INFO - Sync 1 DAGs
[2026-01-02T19:11:12.025+0000] {logging_mixin.py:188} INFO - [2026-01-02T19:11:12.024+0000] {dag.py:3823} INFO - Setting next_dagrun for match_features_pipeline to 2026-01-02 00:00:00+00:00, run_after=2026-01-03 00:00:00+00:00
[2026-01-02T19:11:12.047+0000] {processor.py:183} INFO - Processing /opt/airflow/dags/prediction_features_pipeline.py took 0.095 seconds
[2026-01-02T19:11:42.393+0000] {processor.py:161} INFO - Started process (PID=26086) to work on /opt/airflow/dags/prediction_features_pipeline.py
[2026-01-02T19:11:42.394+0000] {processor.py:830} INFO - Processing file /opt/airflow/dags/prediction_features_pipeline.py for tasks to queue
[2026-01-02T19:11:42.395+0000] {logging_mixin.py:188} INFO - [2026-01-02T19:11:42.395+0000] {dagbag.py:538} INFO - Filling up the DagBag from /opt/airflow/dags/prediction_features_pipeline.py
[2026-01-02T19:11:42.416+0000] {processor.py:840} INFO - DAG(s) 'match_features_pipeline' retrieved from /opt/airflow/dags/prediction_features_pipeline.py
[2026-01-02T19:11:42.440+0000] {logging_mixin.py:188} INFO - [2026-01-02T19:11:42.440+0000] {dag.py:3036} INFO - Sync 1 DAGs
[2026-01-02T19:11:42.464+0000] {logging_mixin.py:188} INFO - [2026-01-02T19:11:42.463+0000] {dag.py:3823} INFO - Setting next_dagrun for match_features_pipeline to 2026-01-02 00:00:00+00:00, run_after=2026-01-03 00:00:00+00:00
[2026-01-02T19:11:42.484+0000] {processor.py:183} INFO - Processing /opt/airflow/dags/prediction_features_pipeline.py took 0.095 seconds
[2026-01-02T19:12:12.829+0000] {processor.py:161} INFO - Started process (PID=26106) to work on /opt/airflow/dags/prediction_features_pipeline.py
[2026-01-02T19:12:12.830+0000] {processor.py:830} INFO - Processing file /opt/airflow/dags/prediction_features_pipeline.py for tasks to queue
[2026-01-02T19:12:12.832+0000] {logging_mixin.py:188} INFO - [2026-01-02T19:12:12.832+0000] {dagbag.py:538} INFO - Filling up the DagBag from /opt/airflow/dags/prediction_features_pipeline.py
[2026-01-02T19:12:12.852+0000] {processor.py:840} INFO - DAG(s) 'match_features_pipeline' retrieved from /opt/airflow/dags/prediction_features_pipeline.py
[2026-01-02T19:12:12.875+0000] {logging_mixin.py:188} INFO - [2026-01-02T19:12:12.874+0000] {dag.py:3036} INFO - Sync 1 DAGs
[2026-01-02T19:12:12.899+0000] {logging_mixin.py:188} INFO - [2026-01-02T19:12:12.899+0000] {dag.py:3823} INFO - Setting next_dagrun for match_features_pipeline to 2026-01-02 00:00:00+00:00, run_after=2026-01-03 00:00:00+00:00
[2026-01-02T19:12:12.923+0000] {processor.py:183} INFO - Processing /opt/airflow/dags/prediction_features_pipeline.py took 0.097 seconds
[2026-01-02T19:12:43.421+0000] {processor.py:161} INFO - Started process (PID=26126) to work on /opt/airflow/dags/prediction_features_pipeline.py
[2026-01-02T19:12:43.422+0000] {processor.py:830} INFO - Processing file /opt/airflow/dags/prediction_features_pipeline.py for tasks to queue
[2026-01-02T19:12:43.423+0000] {logging_mixin.py:188} INFO - [2026-01-02T19:12:43.423+0000] {dagbag.py:538} INFO - Filling up the DagBag from /opt/airflow/dags/prediction_features_pipeline.py
[2026-01-02T19:12:43.444+0000] {processor.py:840} INFO - DAG(s) 'match_features_pipeline' retrieved from /opt/airflow/dags/prediction_features_pipeline.py
[2026-01-02T19:12:43.467+0000] {logging_mixin.py:188} INFO - [2026-01-02T19:12:43.467+0000] {dag.py:3036} INFO - Sync 1 DAGs
[2026-01-02T19:12:43.491+0000] {logging_mixin.py:188} INFO - [2026-01-02T19:12:43.491+0000] {dag.py:3823} INFO - Setting next_dagrun for match_features_pipeline to 2026-01-02 00:00:00+00:00, run_after=2026-01-03 00:00:00+00:00
[2026-01-02T19:12:43.510+0000] {processor.py:183} INFO - Processing /opt/airflow/dags/prediction_features_pipeline.py took 0.093 seconds
[2026-01-02T19:13:13.855+0000] {processor.py:161} INFO - Started process (PID=26146) to work on /opt/airflow/dags/prediction_features_pipeline.py
[2026-01-02T19:13:13.856+0000] {processor.py:830} INFO - Processing file /opt/airflow/dags/prediction_features_pipeline.py for tasks to queue
[2026-01-02T19:13:13.858+0000] {logging_mixin.py:188} INFO - [2026-01-02T19:13:13.857+0000] {dagbag.py:538} INFO - Filling up the DagBag from /opt/airflow/dags/prediction_features_pipeline.py
[2026-01-02T19:13:13.878+0000] {processor.py:840} INFO - DAG(s) 'match_features_pipeline' retrieved from /opt/airflow/dags/prediction_features_pipeline.py
[2026-01-02T19:13:13.902+0000] {logging_mixin.py:188} INFO - [2026-01-02T19:13:13.901+0000] {dag.py:3036} INFO - Sync 1 DAGs
[2026-01-02T19:13:13.925+0000] {logging_mixin.py:188} INFO - [2026-01-02T19:13:13.925+0000] {dag.py:3823} INFO - Setting next_dagrun for match_features_pipeline to 2026-01-02 00:00:00+00:00, run_after=2026-01-03 00:00:00+00:00
[2026-01-02T19:13:13.949+0000] {processor.py:183} INFO - Processing /opt/airflow/dags/prediction_features_pipeline.py took 0.098 seconds
[2026-01-02T19:13:44.283+0000] {processor.py:161} INFO - Started process (PID=26166) to work on /opt/airflow/dags/prediction_features_pipeline.py
[2026-01-02T19:13:44.284+0000] {processor.py:830} INFO - Processing file /opt/airflow/dags/prediction_features_pipeline.py for tasks to queue
[2026-01-02T19:13:44.285+0000] {logging_mixin.py:188} INFO - [2026-01-02T19:13:44.285+0000] {dagbag.py:538} INFO - Filling up the DagBag from /opt/airflow/dags/prediction_features_pipeline.py
[2026-01-02T19:13:44.305+0000] {processor.py:840} INFO - DAG(s) 'match_features_pipeline' retrieved from /opt/airflow/dags/prediction_features_pipeline.py
[2026-01-02T19:13:44.329+0000] {logging_mixin.py:188} INFO - [2026-01-02T19:13:44.329+0000] {dag.py:3036} INFO - Sync 1 DAGs
[2026-01-02T19:13:44.356+0000] {logging_mixin.py:188} INFO - [2026-01-02T19:13:44.355+0000] {dag.py:3823} INFO - Setting next_dagrun for match_features_pipeline to 2026-01-02 00:00:00+00:00, run_after=2026-01-03 00:00:00+00:00
[2026-01-02T19:13:44.375+0000] {processor.py:183} INFO - Processing /opt/airflow/dags/prediction_features_pipeline.py took 0.095 seconds
[2026-01-02T19:14:14.827+0000] {processor.py:161} INFO - Started process (PID=26186) to work on /opt/airflow/dags/prediction_features_pipeline.py
[2026-01-02T19:14:14.828+0000] {processor.py:830} INFO - Processing file /opt/airflow/dags/prediction_features_pipeline.py for tasks to queue
[2026-01-02T19:14:14.829+0000] {logging_mixin.py:188} INFO - [2026-01-02T19:14:14.828+0000] {dagbag.py:538} INFO - Filling up the DagBag from /opt/airflow/dags/prediction_features_pipeline.py
[2026-01-02T19:14:14.849+0000] {processor.py:840} INFO - DAG(s) 'match_features_pipeline' retrieved from /opt/airflow/dags/prediction_features_pipeline.py
[2026-01-02T19:14:14.873+0000] {logging_mixin.py:188} INFO - [2026-01-02T19:14:14.873+0000] {dag.py:3036} INFO - Sync 1 DAGs
[2026-01-02T19:14:14.896+0000] {logging_mixin.py:188} INFO - [2026-01-02T19:14:14.896+0000] {dag.py:3823} INFO - Setting next_dagrun for match_features_pipeline to 2026-01-02 00:00:00+00:00, run_after=2026-01-03 00:00:00+00:00
[2026-01-02T19:14:14.915+0000] {processor.py:183} INFO - Processing /opt/airflow/dags/prediction_features_pipeline.py took 0.091 seconds
[2026-01-02T19:14:45.253+0000] {processor.py:161} INFO - Started process (PID=26206) to work on /opt/airflow/dags/prediction_features_pipeline.py
[2026-01-02T19:14:45.256+0000] {processor.py:830} INFO - Processing file /opt/airflow/dags/prediction_features_pipeline.py for tasks to queue
[2026-01-02T19:14:45.257+0000] {logging_mixin.py:188} INFO - [2026-01-02T19:14:45.256+0000] {dagbag.py:538} INFO - Filling up the DagBag from /opt/airflow/dags/prediction_features_pipeline.py
[2026-01-02T19:14:45.277+0000] {processor.py:840} INFO - DAG(s) 'match_features_pipeline' retrieved from /opt/airflow/dags/prediction_features_pipeline.py
[2026-01-02T19:14:45.301+0000] {logging_mixin.py:188} INFO - [2026-01-02T19:14:45.301+0000] {dag.py:3036} INFO - Sync 1 DAGs
[2026-01-02T19:14:45.324+0000] {logging_mixin.py:188} INFO - [2026-01-02T19:14:45.324+0000] {dag.py:3823} INFO - Setting next_dagrun for match_features_pipeline to 2026-01-02 00:00:00+00:00, run_after=2026-01-03 00:00:00+00:00
[2026-01-02T19:14:45.345+0000] {processor.py:183} INFO - Processing /opt/airflow/dags/prediction_features_pipeline.py took 0.096 seconds
[2026-01-02T19:15:15.774+0000] {processor.py:161} INFO - Started process (PID=26226) to work on /opt/airflow/dags/prediction_features_pipeline.py
[2026-01-02T19:15:15.776+0000] {processor.py:830} INFO - Processing file /opt/airflow/dags/prediction_features_pipeline.py for tasks to queue
[2026-01-02T19:15:15.777+0000] {logging_mixin.py:188} INFO - [2026-01-02T19:15:15.777+0000] {dagbag.py:538} INFO - Filling up the DagBag from /opt/airflow/dags/prediction_features_pipeline.py
[2026-01-02T19:15:15.797+0000] {processor.py:840} INFO - DAG(s) 'match_features_pipeline' retrieved from /opt/airflow/dags/prediction_features_pipeline.py
[2026-01-02T19:15:15.821+0000] {logging_mixin.py:188} INFO - [2026-01-02T19:15:15.820+0000] {dag.py:3036} INFO - Sync 1 DAGs
[2026-01-02T19:15:15.844+0000] {logging_mixin.py:188} INFO - [2026-01-02T19:15:15.844+0000] {dag.py:3823} INFO - Setting next_dagrun for match_features_pipeline to 2026-01-02 00:00:00+00:00, run_after=2026-01-03 00:00:00+00:00
[2026-01-02T19:15:15.870+0000] {processor.py:183} INFO - Processing /opt/airflow/dags/prediction_features_pipeline.py took 0.099 seconds
[2026-01-02T19:15:46.193+0000] {processor.py:161} INFO - Started process (PID=26246) to work on /opt/airflow/dags/prediction_features_pipeline.py
[2026-01-02T19:15:46.195+0000] {processor.py:830} INFO - Processing file /opt/airflow/dags/prediction_features_pipeline.py for tasks to queue
[2026-01-02T19:15:46.196+0000] {logging_mixin.py:188} INFO - [2026-01-02T19:15:46.195+0000] {dagbag.py:538} INFO - Filling up the DagBag from /opt/airflow/dags/prediction_features_pipeline.py
[2026-01-02T19:15:46.218+0000] {processor.py:840} INFO - DAG(s) 'match_features_pipeline' retrieved from /opt/airflow/dags/prediction_features_pipeline.py
[2026-01-02T19:15:46.243+0000] {logging_mixin.py:188} INFO - [2026-01-02T19:15:46.243+0000] {dag.py:3036} INFO - Sync 1 DAGs
[2026-01-02T19:15:46.268+0000] {logging_mixin.py:188} INFO - [2026-01-02T19:15:46.268+0000] {dag.py:3823} INFO - Setting next_dagrun for match_features_pipeline to 2026-01-02 00:00:00+00:00, run_after=2026-01-03 00:00:00+00:00
[2026-01-02T19:15:46.288+0000] {processor.py:183} INFO - Processing /opt/airflow/dags/prediction_features_pipeline.py took 0.099 seconds
[2026-01-02T19:16:16.729+0000] {processor.py:161} INFO - Started process (PID=26266) to work on /opt/airflow/dags/prediction_features_pipeline.py
[2026-01-02T19:16:16.730+0000] {processor.py:830} INFO - Processing file /opt/airflow/dags/prediction_features_pipeline.py for tasks to queue
[2026-01-02T19:16:16.731+0000] {logging_mixin.py:188} INFO - [2026-01-02T19:16:16.731+0000] {dagbag.py:538} INFO - Filling up the DagBag from /opt/airflow/dags/prediction_features_pipeline.py
[2026-01-02T19:16:16.753+0000] {processor.py:840} INFO - DAG(s) 'match_features_pipeline' retrieved from /opt/airflow/dags/prediction_features_pipeline.py
[2026-01-02T19:16:16.776+0000] {logging_mixin.py:188} INFO - [2026-01-02T19:16:16.776+0000] {dag.py:3036} INFO - Sync 1 DAGs
[2026-01-02T19:16:16.799+0000] {logging_mixin.py:188} INFO - [2026-01-02T19:16:16.799+0000] {dag.py:3823} INFO - Setting next_dagrun for match_features_pipeline to 2026-01-02 00:00:00+00:00, run_after=2026-01-03 00:00:00+00:00
[2026-01-02T19:16:16.822+0000] {processor.py:183} INFO - Processing /opt/airflow/dags/prediction_features_pipeline.py took 0.097 seconds
[2026-01-02T19:16:47.161+0000] {processor.py:161} INFO - Started process (PID=26286) to work on /opt/airflow/dags/prediction_features_pipeline.py
[2026-01-02T19:16:47.162+0000] {processor.py:830} INFO - Processing file /opt/airflow/dags/prediction_features_pipeline.py for tasks to queue
[2026-01-02T19:16:47.164+0000] {logging_mixin.py:188} INFO - [2026-01-02T19:16:47.163+0000] {dagbag.py:538} INFO - Filling up the DagBag from /opt/airflow/dags/prediction_features_pipeline.py
[2026-01-02T19:16:47.185+0000] {processor.py:840} INFO - DAG(s) 'match_features_pipeline' retrieved from /opt/airflow/dags/prediction_features_pipeline.py
[2026-01-02T19:16:47.209+0000] {logging_mixin.py:188} INFO - [2026-01-02T19:16:47.209+0000] {dag.py:3036} INFO - Sync 1 DAGs
[2026-01-02T19:16:47.232+0000] {logging_mixin.py:188} INFO - [2026-01-02T19:16:47.232+0000] {dag.py:3823} INFO - Setting next_dagrun for match_features_pipeline to 2026-01-02 00:00:00+00:00, run_after=2026-01-03 00:00:00+00:00
[2026-01-02T19:16:47.255+0000] {processor.py:183} INFO - Processing /opt/airflow/dags/prediction_features_pipeline.py took 0.098 seconds
[2026-01-02T19:17:17.560+0000] {processor.py:161} INFO - Started process (PID=26306) to work on /opt/airflow/dags/prediction_features_pipeline.py
[2026-01-02T19:17:17.561+0000] {processor.py:830} INFO - Processing file /opt/airflow/dags/prediction_features_pipeline.py for tasks to queue
[2026-01-02T19:17:17.562+0000] {logging_mixin.py:188} INFO - [2026-01-02T19:17:17.561+0000] {dagbag.py:538} INFO - Filling up the DagBag from /opt/airflow/dags/prediction_features_pipeline.py
[2026-01-02T19:17:17.583+0000] {processor.py:840} INFO - DAG(s) 'match_features_pipeline' retrieved from /opt/airflow/dags/prediction_features_pipeline.py
[2026-01-02T19:17:17.608+0000] {logging_mixin.py:188} INFO - [2026-01-02T19:17:17.608+0000] {dag.py:3036} INFO - Sync 1 DAGs
[2026-01-02T19:17:17.632+0000] {logging_mixin.py:188} INFO - [2026-01-02T19:17:17.632+0000] {dag.py:3823} INFO - Setting next_dagrun for match_features_pipeline to 2026-01-02 00:00:00+00:00, run_after=2026-01-03 00:00:00+00:00
[2026-01-02T19:17:17.660+0000] {processor.py:183} INFO - Processing /opt/airflow/dags/prediction_features_pipeline.py took 0.103 seconds
[2026-01-02T19:17:48.066+0000] {processor.py:161} INFO - Started process (PID=26326) to work on /opt/airflow/dags/prediction_features_pipeline.py
[2026-01-02T19:17:48.068+0000] {processor.py:830} INFO - Processing file /opt/airflow/dags/prediction_features_pipeline.py for tasks to queue
[2026-01-02T19:17:48.069+0000] {logging_mixin.py:188} INFO - [2026-01-02T19:17:48.069+0000] {dagbag.py:538} INFO - Filling up the DagBag from /opt/airflow/dags/prediction_features_pipeline.py
[2026-01-02T19:17:48.095+0000] {processor.py:840} INFO - DAG(s) 'match_features_pipeline' retrieved from /opt/airflow/dags/prediction_features_pipeline.py
[2026-01-02T19:17:48.128+0000] {logging_mixin.py:188} INFO - [2026-01-02T19:17:48.128+0000] {dag.py:3036} INFO - Sync 1 DAGs
[2026-01-02T19:17:48.158+0000] {logging_mixin.py:188} INFO - [2026-01-02T19:17:48.158+0000] {dag.py:3823} INFO - Setting next_dagrun for match_features_pipeline to 2026-01-02 00:00:00+00:00, run_after=2026-01-03 00:00:00+00:00
[2026-01-02T19:17:48.181+0000] {processor.py:183} INFO - Processing /opt/airflow/dags/prediction_features_pipeline.py took 0.120 seconds
[2026-01-02T19:18:18.604+0000] {processor.py:161} INFO - Started process (PID=26346) to work on /opt/airflow/dags/prediction_features_pipeline.py
[2026-01-02T19:18:18.605+0000] {processor.py:830} INFO - Processing file /opt/airflow/dags/prediction_features_pipeline.py for tasks to queue
[2026-01-02T19:18:18.606+0000] {logging_mixin.py:188} INFO - [2026-01-02T19:18:18.605+0000] {dagbag.py:538} INFO - Filling up the DagBag from /opt/airflow/dags/prediction_features_pipeline.py
[2026-01-02T19:18:18.627+0000] {processor.py:840} INFO - DAG(s) 'match_features_pipeline' retrieved from /opt/airflow/dags/prediction_features_pipeline.py
[2026-01-02T19:18:18.652+0000] {logging_mixin.py:188} INFO - [2026-01-02T19:18:18.652+0000] {dag.py:3036} INFO - Sync 1 DAGs
[2026-01-02T19:18:18.677+0000] {logging_mixin.py:188} INFO - [2026-01-02T19:18:18.677+0000] {dag.py:3823} INFO - Setting next_dagrun for match_features_pipeline to 2026-01-02 00:00:00+00:00, run_after=2026-01-03 00:00:00+00:00
[2026-01-02T19:18:18.702+0000] {processor.py:183} INFO - Processing /opt/airflow/dags/prediction_features_pipeline.py took 0.101 seconds
[2026-01-02T19:18:49.011+0000] {processor.py:161} INFO - Started process (PID=26366) to work on /opt/airflow/dags/prediction_features_pipeline.py
[2026-01-02T19:18:49.012+0000] {processor.py:830} INFO - Processing file /opt/airflow/dags/prediction_features_pipeline.py for tasks to queue
[2026-01-02T19:18:49.013+0000] {logging_mixin.py:188} INFO - [2026-01-02T19:18:49.013+0000] {dagbag.py:538} INFO - Filling up the DagBag from /opt/airflow/dags/prediction_features_pipeline.py
[2026-01-02T19:18:49.036+0000] {processor.py:840} INFO - DAG(s) 'match_features_pipeline' retrieved from /opt/airflow/dags/prediction_features_pipeline.py
[2026-01-02T19:18:49.062+0000] {logging_mixin.py:188} INFO - [2026-01-02T19:18:49.062+0000] {dag.py:3036} INFO - Sync 1 DAGs
[2026-01-02T19:18:49.088+0000] {logging_mixin.py:188} INFO - [2026-01-02T19:18:49.087+0000] {dag.py:3823} INFO - Setting next_dagrun for match_features_pipeline to 2026-01-02 00:00:00+00:00, run_after=2026-01-03 00:00:00+00:00
[2026-01-02T19:18:49.109+0000] {processor.py:183} INFO - Processing /opt/airflow/dags/prediction_features_pipeline.py took 0.101 seconds
[2026-01-02T19:19:19.427+0000] {processor.py:161} INFO - Started process (PID=26386) to work on /opt/airflow/dags/prediction_features_pipeline.py
[2026-01-02T19:19:19.429+0000] {processor.py:830} INFO - Processing file /opt/airflow/dags/prediction_features_pipeline.py for tasks to queue
[2026-01-02T19:19:19.430+0000] {logging_mixin.py:188} INFO - [2026-01-02T19:19:19.430+0000] {dagbag.py:538} INFO - Filling up the DagBag from /opt/airflow/dags/prediction_features_pipeline.py
[2026-01-02T19:19:19.453+0000] {processor.py:840} INFO - DAG(s) 'match_features_pipeline' retrieved from /opt/airflow/dags/prediction_features_pipeline.py
[2026-01-02T19:19:19.477+0000] {logging_mixin.py:188} INFO - [2026-01-02T19:19:19.477+0000] {dag.py:3036} INFO - Sync 1 DAGs
[2026-01-02T19:19:19.501+0000] {logging_mixin.py:188} INFO - [2026-01-02T19:19:19.501+0000] {dag.py:3823} INFO - Setting next_dagrun for match_features_pipeline to 2026-01-02 00:00:00+00:00, run_after=2026-01-03 00:00:00+00:00
[2026-01-02T19:19:19.526+0000] {processor.py:183} INFO - Processing /opt/airflow/dags/prediction_features_pipeline.py took 0.102 seconds
[2026-01-02T19:19:49.834+0000] {processor.py:161} INFO - Started process (PID=26406) to work on /opt/airflow/dags/prediction_features_pipeline.py
[2026-01-02T19:19:49.835+0000] {processor.py:830} INFO - Processing file /opt/airflow/dags/prediction_features_pipeline.py for tasks to queue
[2026-01-02T19:19:49.836+0000] {logging_mixin.py:188} INFO - [2026-01-02T19:19:49.836+0000] {dagbag.py:538} INFO - Filling up the DagBag from /opt/airflow/dags/prediction_features_pipeline.py
[2026-01-02T19:19:49.859+0000] {processor.py:840} INFO - DAG(s) 'match_features_pipeline' retrieved from /opt/airflow/dags/prediction_features_pipeline.py
[2026-01-02T19:19:49.884+0000] {logging_mixin.py:188} INFO - [2026-01-02T19:19:49.884+0000] {dag.py:3036} INFO - Sync 1 DAGs
[2026-01-02T19:19:49.908+0000] {logging_mixin.py:188} INFO - [2026-01-02T19:19:49.908+0000] {dag.py:3823} INFO - Setting next_dagrun for match_features_pipeline to 2026-01-02 00:00:00+00:00, run_after=2026-01-03 00:00:00+00:00
[2026-01-02T19:19:49.928+0000] {processor.py:183} INFO - Processing /opt/airflow/dags/prediction_features_pipeline.py took 0.099 seconds
[2026-01-02T19:20:20.262+0000] {processor.py:161} INFO - Started process (PID=26426) to work on /opt/airflow/dags/prediction_features_pipeline.py
[2026-01-02T19:20:20.263+0000] {processor.py:830} INFO - Processing file /opt/airflow/dags/prediction_features_pipeline.py for tasks to queue
[2026-01-02T19:20:20.264+0000] {logging_mixin.py:188} INFO - [2026-01-02T19:20:20.264+0000] {dagbag.py:538} INFO - Filling up the DagBag from /opt/airflow/dags/prediction_features_pipeline.py
[2026-01-02T19:20:20.286+0000] {processor.py:840} INFO - DAG(s) 'match_features_pipeline' retrieved from /opt/airflow/dags/prediction_features_pipeline.py
[2026-01-02T19:20:20.311+0000] {logging_mixin.py:188} INFO - [2026-01-02T19:20:20.311+0000] {dag.py:3036} INFO - Sync 1 DAGs
[2026-01-02T19:20:20.336+0000] {logging_mixin.py:188} INFO - [2026-01-02T19:20:20.336+0000] {dag.py:3823} INFO - Setting next_dagrun for match_features_pipeline to 2026-01-02 00:00:00+00:00, run_after=2026-01-03 00:00:00+00:00
[2026-01-02T19:20:20.359+0000] {processor.py:183} INFO - Processing /opt/airflow/dags/prediction_features_pipeline.py took 0.101 seconds
[2026-01-02T19:20:50.689+0000] {processor.py:161} INFO - Started process (PID=26446) to work on /opt/airflow/dags/prediction_features_pipeline.py
[2026-01-02T19:20:50.690+0000] {processor.py:830} INFO - Processing file /opt/airflow/dags/prediction_features_pipeline.py for tasks to queue
[2026-01-02T19:20:50.691+0000] {logging_mixin.py:188} INFO - [2026-01-02T19:20:50.691+0000] {dagbag.py:538} INFO - Filling up the DagBag from /opt/airflow/dags/prediction_features_pipeline.py
[2026-01-02T19:20:50.713+0000] {processor.py:840} INFO - DAG(s) 'match_features_pipeline' retrieved from /opt/airflow/dags/prediction_features_pipeline.py
[2026-01-02T19:20:50.737+0000] {logging_mixin.py:188} INFO - [2026-01-02T19:20:50.737+0000] {dag.py:3036} INFO - Sync 1 DAGs
[2026-01-02T19:20:50.761+0000] {logging_mixin.py:188} INFO - [2026-01-02T19:20:50.761+0000] {dag.py:3823} INFO - Setting next_dagrun for match_features_pipeline to 2026-01-02 00:00:00+00:00, run_after=2026-01-03 00:00:00+00:00
[2026-01-02T19:20:50.780+0000] {processor.py:183} INFO - Processing /opt/airflow/dags/prediction_features_pipeline.py took 0.096 seconds
[2026-01-02T19:21:21.114+0000] {processor.py:161} INFO - Started process (PID=26466) to work on /opt/airflow/dags/prediction_features_pipeline.py
[2026-01-02T19:21:21.115+0000] {processor.py:830} INFO - Processing file /opt/airflow/dags/prediction_features_pipeline.py for tasks to queue
[2026-01-02T19:21:21.117+0000] {logging_mixin.py:188} INFO - [2026-01-02T19:21:21.116+0000] {dagbag.py:538} INFO - Filling up the DagBag from /opt/airflow/dags/prediction_features_pipeline.py
[2026-01-02T19:21:21.138+0000] {processor.py:840} INFO - DAG(s) 'match_features_pipeline' retrieved from /opt/airflow/dags/prediction_features_pipeline.py
[2026-01-02T19:21:21.161+0000] {logging_mixin.py:188} INFO - [2026-01-02T19:21:21.161+0000] {dag.py:3036} INFO - Sync 1 DAGs
[2026-01-02T19:21:21.184+0000] {logging_mixin.py:188} INFO - [2026-01-02T19:21:21.184+0000] {dag.py:3823} INFO - Setting next_dagrun for match_features_pipeline to 2026-01-02 00:00:00+00:00, run_after=2026-01-03 00:00:00+00:00
[2026-01-02T19:21:21.204+0000] {processor.py:183} INFO - Processing /opt/airflow/dags/prediction_features_pipeline.py took 0.093 seconds
[2026-01-02T19:21:51.528+0000] {processor.py:161} INFO - Started process (PID=26486) to work on /opt/airflow/dags/prediction_features_pipeline.py
[2026-01-02T19:21:51.529+0000] {processor.py:830} INFO - Processing file /opt/airflow/dags/prediction_features_pipeline.py for tasks to queue
[2026-01-02T19:21:51.530+0000] {logging_mixin.py:188} INFO - [2026-01-02T19:21:51.530+0000] {dagbag.py:538} INFO - Filling up the DagBag from /opt/airflow/dags/prediction_features_pipeline.py
[2026-01-02T19:21:51.549+0000] {processor.py:840} INFO - DAG(s) 'match_features_pipeline' retrieved from /opt/airflow/dags/prediction_features_pipeline.py
[2026-01-02T19:21:51.573+0000] {logging_mixin.py:188} INFO - [2026-01-02T19:21:51.573+0000] {dag.py:3036} INFO - Sync 1 DAGs
[2026-01-02T19:21:51.596+0000] {logging_mixin.py:188} INFO - [2026-01-02T19:21:51.595+0000] {dag.py:3823} INFO - Setting next_dagrun for match_features_pipeline to 2026-01-02 00:00:00+00:00, run_after=2026-01-03 00:00:00+00:00
[2026-01-02T19:21:51.619+0000] {processor.py:183} INFO - Processing /opt/airflow/dags/prediction_features_pipeline.py took 0.094 seconds
[2026-01-02T19:22:22.014+0000] {processor.py:161} INFO - Started process (PID=26506) to work on /opt/airflow/dags/prediction_features_pipeline.py
[2026-01-02T19:22:22.015+0000] {processor.py:830} INFO - Processing file /opt/airflow/dags/prediction_features_pipeline.py for tasks to queue
[2026-01-02T19:22:22.016+0000] {logging_mixin.py:188} INFO - [2026-01-02T19:22:22.016+0000] {dagbag.py:538} INFO - Filling up the DagBag from /opt/airflow/dags/prediction_features_pipeline.py
[2026-01-02T19:22:22.036+0000] {processor.py:840} INFO - DAG(s) 'match_features_pipeline' retrieved from /opt/airflow/dags/prediction_features_pipeline.py
[2026-01-02T19:22:22.059+0000] {logging_mixin.py:188} INFO - [2026-01-02T19:22:22.059+0000] {dag.py:3036} INFO - Sync 1 DAGs
[2026-01-02T19:22:22.082+0000] {logging_mixin.py:188} INFO - [2026-01-02T19:22:22.082+0000] {dag.py:3823} INFO - Setting next_dagrun for match_features_pipeline to 2026-01-02 00:00:00+00:00, run_after=2026-01-03 00:00:00+00:00
[2026-01-02T19:22:22.111+0000] {processor.py:183} INFO - Processing /opt/airflow/dags/prediction_features_pipeline.py took 0.100 seconds
[2026-01-02T19:22:52.438+0000] {processor.py:161} INFO - Started process (PID=26526) to work on /opt/airflow/dags/prediction_features_pipeline.py
[2026-01-02T19:22:52.439+0000] {processor.py:830} INFO - Processing file /opt/airflow/dags/prediction_features_pipeline.py for tasks to queue
[2026-01-02T19:22:52.440+0000] {logging_mixin.py:188} INFO - [2026-01-02T19:22:52.440+0000] {dagbag.py:538} INFO - Filling up the DagBag from /opt/airflow/dags/prediction_features_pipeline.py
[2026-01-02T19:22:52.462+0000] {processor.py:840} INFO - DAG(s) 'match_features_pipeline' retrieved from /opt/airflow/dags/prediction_features_pipeline.py
[2026-01-02T19:22:52.486+0000] {logging_mixin.py:188} INFO - [2026-01-02T19:22:52.486+0000] {dag.py:3036} INFO - Sync 1 DAGs
[2026-01-02T19:22:52.509+0000] {logging_mixin.py:188} INFO - [2026-01-02T19:22:52.509+0000] {dag.py:3823} INFO - Setting next_dagrun for match_features_pipeline to 2026-01-02 00:00:00+00:00, run_after=2026-01-03 00:00:00+00:00
[2026-01-02T19:22:52.532+0000] {processor.py:183} INFO - Processing /opt/airflow/dags/prediction_features_pipeline.py took 0.097 seconds
[2026-01-02T19:23:22.880+0000] {processor.py:161} INFO - Started process (PID=26546) to work on /opt/airflow/dags/prediction_features_pipeline.py
[2026-01-02T19:23:22.882+0000] {processor.py:830} INFO - Processing file /opt/airflow/dags/prediction_features_pipeline.py for tasks to queue
[2026-01-02T19:23:22.883+0000] {logging_mixin.py:188} INFO - [2026-01-02T19:23:22.882+0000] {dagbag.py:538} INFO - Filling up the DagBag from /opt/airflow/dags/prediction_features_pipeline.py
[2026-01-02T19:23:22.905+0000] {processor.py:840} INFO - DAG(s) 'match_features_pipeline' retrieved from /opt/airflow/dags/prediction_features_pipeline.py
[2026-01-02T19:23:22.930+0000] {logging_mixin.py:188} INFO - [2026-01-02T19:23:22.930+0000] {dag.py:3036} INFO - Sync 1 DAGs
[2026-01-02T19:23:22.955+0000] {logging_mixin.py:188} INFO - [2026-01-02T19:23:22.955+0000] {dag.py:3823} INFO - Setting next_dagrun for match_features_pipeline to 2026-01-02 00:00:00+00:00, run_after=2026-01-03 00:00:00+00:00
[2026-01-02T19:23:22.976+0000] {processor.py:183} INFO - Processing /opt/airflow/dags/prediction_features_pipeline.py took 0.100 seconds
[2026-01-02T19:23:53.312+0000] {processor.py:161} INFO - Started process (PID=26566) to work on /opt/airflow/dags/prediction_features_pipeline.py
[2026-01-02T19:23:53.313+0000] {processor.py:830} INFO - Processing file /opt/airflow/dags/prediction_features_pipeline.py for tasks to queue
[2026-01-02T19:23:53.315+0000] {logging_mixin.py:188} INFO - [2026-01-02T19:23:53.314+0000] {dagbag.py:538} INFO - Filling up the DagBag from /opt/airflow/dags/prediction_features_pipeline.py
[2026-01-02T19:23:53.339+0000] {processor.py:840} INFO - DAG(s) 'match_features_pipeline' retrieved from /opt/airflow/dags/prediction_features_pipeline.py
[2026-01-02T19:23:53.372+0000] {logging_mixin.py:188} INFO - [2026-01-02T19:23:53.371+0000] {dag.py:3036} INFO - Sync 1 DAGs
[2026-01-02T19:23:53.403+0000] {logging_mixin.py:188} INFO - [2026-01-02T19:23:53.403+0000] {dag.py:3823} INFO - Setting next_dagrun for match_features_pipeline to 2026-01-02 00:00:00+00:00, run_after=2026-01-03 00:00:00+00:00
[2026-01-02T19:23:53.425+0000] {processor.py:183} INFO - Processing /opt/airflow/dags/prediction_features_pipeline.py took 0.116 seconds
[2026-01-02T19:24:23.878+0000] {processor.py:161} INFO - Started process (PID=26586) to work on /opt/airflow/dags/prediction_features_pipeline.py
[2026-01-02T19:24:23.879+0000] {processor.py:830} INFO - Processing file /opt/airflow/dags/prediction_features_pipeline.py for tasks to queue
[2026-01-02T19:24:23.881+0000] {logging_mixin.py:188} INFO - [2026-01-02T19:24:23.880+0000] {dagbag.py:538} INFO - Filling up the DagBag from /opt/airflow/dags/prediction_features_pipeline.py
[2026-01-02T19:24:23.901+0000] {processor.py:840} INFO - DAG(s) 'match_features_pipeline' retrieved from /opt/airflow/dags/prediction_features_pipeline.py
[2026-01-02T19:24:23.925+0000] {logging_mixin.py:188} INFO - [2026-01-02T19:24:23.925+0000] {dag.py:3036} INFO - Sync 1 DAGs
[2026-01-02T19:24:23.948+0000] {logging_mixin.py:188} INFO - [2026-01-02T19:24:23.948+0000] {dag.py:3823} INFO - Setting next_dagrun for match_features_pipeline to 2026-01-02 00:00:00+00:00, run_after=2026-01-03 00:00:00+00:00
[2026-01-02T19:24:23.971+0000] {processor.py:183} INFO - Processing /opt/airflow/dags/prediction_features_pipeline.py took 0.098 seconds
[2026-01-02T19:24:54.309+0000] {processor.py:161} INFO - Started process (PID=26606) to work on /opt/airflow/dags/prediction_features_pipeline.py
[2026-01-02T19:24:54.310+0000] {processor.py:830} INFO - Processing file /opt/airflow/dags/prediction_features_pipeline.py for tasks to queue
[2026-01-02T19:24:54.311+0000] {logging_mixin.py:188} INFO - [2026-01-02T19:24:54.311+0000] {dagbag.py:538} INFO - Filling up the DagBag from /opt/airflow/dags/prediction_features_pipeline.py
[2026-01-02T19:24:54.332+0000] {processor.py:840} INFO - DAG(s) 'match_features_pipeline' retrieved from /opt/airflow/dags/prediction_features_pipeline.py
[2026-01-02T19:24:54.356+0000] {logging_mixin.py:188} INFO - [2026-01-02T19:24:54.356+0000] {dag.py:3036} INFO - Sync 1 DAGs
[2026-01-02T19:24:54.380+0000] {logging_mixin.py:188} INFO - [2026-01-02T19:24:54.380+0000] {dag.py:3823} INFO - Setting next_dagrun for match_features_pipeline to 2026-01-02 00:00:00+00:00, run_after=2026-01-03 00:00:00+00:00
[2026-01-02T19:24:54.402+0000] {processor.py:183} INFO - Processing /opt/airflow/dags/prediction_features_pipeline.py took 0.097 seconds
[2026-01-02T19:25:24.743+0000] {processor.py:161} INFO - Started process (PID=26626) to work on /opt/airflow/dags/prediction_features_pipeline.py
[2026-01-02T19:25:24.745+0000] {processor.py:830} INFO - Processing file /opt/airflow/dags/prediction_features_pipeline.py for tasks to queue
[2026-01-02T19:25:24.747+0000] {logging_mixin.py:188} INFO - [2026-01-02T19:25:24.746+0000] {dagbag.py:538} INFO - Filling up the DagBag from /opt/airflow/dags/prediction_features_pipeline.py
[2026-01-02T19:25:24.774+0000] {processor.py:840} INFO - DAG(s) 'match_features_pipeline' retrieved from /opt/airflow/dags/prediction_features_pipeline.py
[2026-01-02T19:25:24.809+0000] {logging_mixin.py:188} INFO - [2026-01-02T19:25:24.808+0000] {dag.py:3036} INFO - Sync 1 DAGs
[2026-01-02T19:25:24.835+0000] {logging_mixin.py:188} INFO - [2026-01-02T19:25:24.835+0000] {dag.py:3823} INFO - Setting next_dagrun for match_features_pipeline to 2026-01-02 00:00:00+00:00, run_after=2026-01-03 00:00:00+00:00
[2026-01-02T19:25:24.857+0000] {processor.py:183} INFO - Processing /opt/airflow/dags/prediction_features_pipeline.py took 0.123 seconds
[2026-01-02T19:25:55.159+0000] {processor.py:161} INFO - Started process (PID=26646) to work on /opt/airflow/dags/prediction_features_pipeline.py
[2026-01-02T19:25:55.160+0000] {processor.py:830} INFO - Processing file /opt/airflow/dags/prediction_features_pipeline.py for tasks to queue
[2026-01-02T19:25:55.161+0000] {logging_mixin.py:188} INFO - [2026-01-02T19:25:55.161+0000] {dagbag.py:538} INFO - Filling up the DagBag from /opt/airflow/dags/prediction_features_pipeline.py
[2026-01-02T19:25:55.183+0000] {processor.py:840} INFO - DAG(s) 'match_features_pipeline' retrieved from /opt/airflow/dags/prediction_features_pipeline.py
[2026-01-02T19:25:55.208+0000] {logging_mixin.py:188} INFO - [2026-01-02T19:25:55.207+0000] {dag.py:3036} INFO - Sync 1 DAGs
[2026-01-02T19:25:55.233+0000] {logging_mixin.py:188} INFO - [2026-01-02T19:25:55.233+0000] {dag.py:3823} INFO - Setting next_dagrun for match_features_pipeline to 2026-01-02 00:00:00+00:00, run_after=2026-01-03 00:00:00+00:00
[2026-01-02T19:25:55.254+0000] {processor.py:183} INFO - Processing /opt/airflow/dags/prediction_features_pipeline.py took 0.098 seconds
[2026-01-02T19:26:25.700+0000] {processor.py:161} INFO - Started process (PID=26666) to work on /opt/airflow/dags/prediction_features_pipeline.py
[2026-01-02T19:26:25.702+0000] {processor.py:830} INFO - Processing file /opt/airflow/dags/prediction_features_pipeline.py for tasks to queue
[2026-01-02T19:26:25.703+0000] {logging_mixin.py:188} INFO - [2026-01-02T19:26:25.703+0000] {dagbag.py:538} INFO - Filling up the DagBag from /opt/airflow/dags/prediction_features_pipeline.py
[2026-01-02T19:26:25.725+0000] {processor.py:840} INFO - DAG(s) 'match_features_pipeline' retrieved from /opt/airflow/dags/prediction_features_pipeline.py
[2026-01-02T19:26:25.751+0000] {logging_mixin.py:188} INFO - [2026-01-02T19:26:25.751+0000] {dag.py:3036} INFO - Sync 1 DAGs
[2026-01-02T19:26:25.777+0000] {logging_mixin.py:188} INFO - [2026-01-02T19:26:25.777+0000] {dag.py:3823} INFO - Setting next_dagrun for match_features_pipeline to 2026-01-02 00:00:00+00:00, run_after=2026-01-03 00:00:00+00:00
[2026-01-02T19:26:25.802+0000] {processor.py:183} INFO - Processing /opt/airflow/dags/prediction_features_pipeline.py took 0.106 seconds
[2026-01-02T19:26:56.126+0000] {processor.py:161} INFO - Started process (PID=26686) to work on /opt/airflow/dags/prediction_features_pipeline.py
[2026-01-02T19:26:56.127+0000] {processor.py:830} INFO - Processing file /opt/airflow/dags/prediction_features_pipeline.py for tasks to queue
[2026-01-02T19:26:56.128+0000] {logging_mixin.py:188} INFO - [2026-01-02T19:26:56.128+0000] {dagbag.py:538} INFO - Filling up the DagBag from /opt/airflow/dags/prediction_features_pipeline.py
[2026-01-02T19:26:56.152+0000] {processor.py:840} INFO - DAG(s) 'match_features_pipeline' retrieved from /opt/airflow/dags/prediction_features_pipeline.py
[2026-01-02T19:26:56.178+0000] {logging_mixin.py:188} INFO - [2026-01-02T19:26:56.178+0000] {dag.py:3036} INFO - Sync 1 DAGs
[2026-01-02T19:26:56.204+0000] {logging_mixin.py:188} INFO - [2026-01-02T19:26:56.204+0000] {dag.py:3823} INFO - Setting next_dagrun for match_features_pipeline to 2026-01-02 00:00:00+00:00, run_after=2026-01-03 00:00:00+00:00
[2026-01-02T19:26:56.231+0000] {processor.py:183} INFO - Processing /opt/airflow/dags/prediction_features_pipeline.py took 0.108 seconds
[2026-01-02T19:27:26.611+0000] {processor.py:161} INFO - Started process (PID=26706) to work on /opt/airflow/dags/prediction_features_pipeline.py
[2026-01-02T19:27:26.612+0000] {processor.py:830} INFO - Processing file /opt/airflow/dags/prediction_features_pipeline.py for tasks to queue
[2026-01-02T19:27:26.613+0000] {logging_mixin.py:188} INFO - [2026-01-02T19:27:26.613+0000] {dagbag.py:538} INFO - Filling up the DagBag from /opt/airflow/dags/prediction_features_pipeline.py
[2026-01-02T19:27:26.633+0000] {processor.py:840} INFO - DAG(s) 'match_features_pipeline' retrieved from /opt/airflow/dags/prediction_features_pipeline.py
[2026-01-02T19:27:26.657+0000] {logging_mixin.py:188} INFO - [2026-01-02T19:27:26.657+0000] {dag.py:3036} INFO - Sync 1 DAGs
[2026-01-02T19:27:26.680+0000] {logging_mixin.py:188} INFO - [2026-01-02T19:27:26.680+0000] {dag.py:3823} INFO - Setting next_dagrun for match_features_pipeline to 2026-01-02 00:00:00+00:00, run_after=2026-01-03 00:00:00+00:00
[2026-01-02T19:27:26.704+0000] {processor.py:183} INFO - Processing /opt/airflow/dags/prediction_features_pipeline.py took 0.098 seconds
[2026-01-02T19:27:57.046+0000] {processor.py:161} INFO - Started process (PID=26726) to work on /opt/airflow/dags/prediction_features_pipeline.py
[2026-01-02T19:27:57.047+0000] {processor.py:830} INFO - Processing file /opt/airflow/dags/prediction_features_pipeline.py for tasks to queue
[2026-01-02T19:27:57.048+0000] {logging_mixin.py:188} INFO - [2026-01-02T19:27:57.048+0000] {dagbag.py:538} INFO - Filling up the DagBag from /opt/airflow/dags/prediction_features_pipeline.py
[2026-01-02T19:27:57.068+0000] {processor.py:840} INFO - DAG(s) 'match_features_pipeline' retrieved from /opt/airflow/dags/prediction_features_pipeline.py
[2026-01-02T19:27:57.092+0000] {logging_mixin.py:188} INFO - [2026-01-02T19:27:57.091+0000] {dag.py:3036} INFO - Sync 1 DAGs
[2026-01-02T19:27:57.114+0000] {logging_mixin.py:188} INFO - [2026-01-02T19:27:57.114+0000] {dag.py:3823} INFO - Setting next_dagrun for match_features_pipeline to 2026-01-02 00:00:00+00:00, run_after=2026-01-03 00:00:00+00:00
[2026-01-02T19:27:57.147+0000] {processor.py:183} INFO - Processing /opt/airflow/dags/prediction_features_pipeline.py took 0.104 seconds
[2026-01-02T19:28:27.460+0000] {processor.py:161} INFO - Started process (PID=26746) to work on /opt/airflow/dags/prediction_features_pipeline.py
[2026-01-02T19:28:27.462+0000] {processor.py:830} INFO - Processing file /opt/airflow/dags/prediction_features_pipeline.py for tasks to queue
[2026-01-02T19:28:27.463+0000] {logging_mixin.py:188} INFO - [2026-01-02T19:28:27.463+0000] {dagbag.py:538} INFO - Filling up the DagBag from /opt/airflow/dags/prediction_features_pipeline.py
[2026-01-02T19:28:27.488+0000] {processor.py:840} INFO - DAG(s) 'match_features_pipeline' retrieved from /opt/airflow/dags/prediction_features_pipeline.py
[2026-01-02T19:28:27.514+0000] {logging_mixin.py:188} INFO - [2026-01-02T19:28:27.514+0000] {dag.py:3036} INFO - Sync 1 DAGs
[2026-01-02T19:28:27.539+0000] {logging_mixin.py:188} INFO - [2026-01-02T19:28:27.539+0000] {dag.py:3823} INFO - Setting next_dagrun for match_features_pipeline to 2026-01-02 00:00:00+00:00, run_after=2026-01-03 00:00:00+00:00
[2026-01-02T19:28:27.562+0000] {processor.py:183} INFO - Processing /opt/airflow/dags/prediction_features_pipeline.py took 0.107 seconds
[2026-01-02T19:28:57.870+0000] {processor.py:161} INFO - Started process (PID=26766) to work on /opt/airflow/dags/prediction_features_pipeline.py
[2026-01-02T19:28:57.871+0000] {processor.py:830} INFO - Processing file /opt/airflow/dags/prediction_features_pipeline.py for tasks to queue
[2026-01-02T19:28:57.872+0000] {logging_mixin.py:188} INFO - [2026-01-02T19:28:57.872+0000] {dagbag.py:538} INFO - Filling up the DagBag from /opt/airflow/dags/prediction_features_pipeline.py
[2026-01-02T19:28:57.895+0000] {processor.py:840} INFO - DAG(s) 'match_features_pipeline' retrieved from /opt/airflow/dags/prediction_features_pipeline.py
[2026-01-02T19:28:57.920+0000] {logging_mixin.py:188} INFO - [2026-01-02T19:28:57.920+0000] {dag.py:3036} INFO - Sync 1 DAGs
[2026-01-02T19:28:57.944+0000] {logging_mixin.py:188} INFO - [2026-01-02T19:28:57.944+0000] {dag.py:3823} INFO - Setting next_dagrun for match_features_pipeline to 2026-01-02 00:00:00+00:00, run_after=2026-01-03 00:00:00+00:00
[2026-01-02T19:28:57.966+0000] {processor.py:183} INFO - Processing /opt/airflow/dags/prediction_features_pipeline.py took 0.099 seconds
[2026-01-02T19:29:28.284+0000] {processor.py:161} INFO - Started process (PID=26786) to work on /opt/airflow/dags/prediction_features_pipeline.py
[2026-01-02T19:29:28.285+0000] {processor.py:830} INFO - Processing file /opt/airflow/dags/prediction_features_pipeline.py for tasks to queue
[2026-01-02T19:29:28.286+0000] {logging_mixin.py:188} INFO - [2026-01-02T19:29:28.286+0000] {dagbag.py:538} INFO - Filling up the DagBag from /opt/airflow/dags/prediction_features_pipeline.py
[2026-01-02T19:29:28.309+0000] {processor.py:840} INFO - DAG(s) 'match_features_pipeline' retrieved from /opt/airflow/dags/prediction_features_pipeline.py
[2026-01-02T19:29:28.336+0000] {logging_mixin.py:188} INFO - [2026-01-02T19:29:28.335+0000] {dag.py:3036} INFO - Sync 1 DAGs
[2026-01-02T19:29:28.361+0000] {logging_mixin.py:188} INFO - [2026-01-02T19:29:28.361+0000] {dag.py:3823} INFO - Setting next_dagrun for match_features_pipeline to 2026-01-02 00:00:00+00:00, run_after=2026-01-03 00:00:00+00:00
[2026-01-02T19:29:28.382+0000] {processor.py:183} INFO - Processing /opt/airflow/dags/prediction_features_pipeline.py took 0.100 seconds
[2026-01-02T19:29:58.697+0000] {processor.py:161} INFO - Started process (PID=26806) to work on /opt/airflow/dags/prediction_features_pipeline.py
[2026-01-02T19:29:58.698+0000] {processor.py:830} INFO - Processing file /opt/airflow/dags/prediction_features_pipeline.py for tasks to queue
[2026-01-02T19:29:58.699+0000] {logging_mixin.py:188} INFO - [2026-01-02T19:29:58.699+0000] {dagbag.py:538} INFO - Filling up the DagBag from /opt/airflow/dags/prediction_features_pipeline.py
[2026-01-02T19:29:58.720+0000] {processor.py:840} INFO - DAG(s) 'match_features_pipeline' retrieved from /opt/airflow/dags/prediction_features_pipeline.py
[2026-01-02T19:29:58.745+0000] {logging_mixin.py:188} INFO - [2026-01-02T19:29:58.744+0000] {dag.py:3036} INFO - Sync 1 DAGs
[2026-01-02T19:29:58.768+0000] {logging_mixin.py:188} INFO - [2026-01-02T19:29:58.768+0000] {dag.py:3823} INFO - Setting next_dagrun for match_features_pipeline to 2026-01-02 00:00:00+00:00, run_after=2026-01-03 00:00:00+00:00
[2026-01-02T19:29:58.790+0000] {processor.py:183} INFO - Processing /opt/airflow/dags/prediction_features_pipeline.py took 0.095 seconds
[2026-01-02T19:30:29.122+0000] {processor.py:161} INFO - Started process (PID=26826) to work on /opt/airflow/dags/prediction_features_pipeline.py
[2026-01-02T19:30:29.124+0000] {processor.py:830} INFO - Processing file /opt/airflow/dags/prediction_features_pipeline.py for tasks to queue
[2026-01-02T19:30:29.125+0000] {logging_mixin.py:188} INFO - [2026-01-02T19:30:29.125+0000] {dagbag.py:538} INFO - Filling up the DagBag from /opt/airflow/dags/prediction_features_pipeline.py
[2026-01-02T19:30:29.154+0000] {processor.py:840} INFO - DAG(s) 'match_features_pipeline' retrieved from /opt/airflow/dags/prediction_features_pipeline.py
[2026-01-02T19:30:29.182+0000] {logging_mixin.py:188} INFO - [2026-01-02T19:30:29.182+0000] {dag.py:3036} INFO - Sync 1 DAGs
[2026-01-02T19:30:29.206+0000] {logging_mixin.py:188} INFO - [2026-01-02T19:30:29.206+0000] {dag.py:3823} INFO - Setting next_dagrun for match_features_pipeline to 2026-01-02 00:00:00+00:00, run_after=2026-01-03 00:00:00+00:00
[2026-01-02T19:30:29.226+0000] {processor.py:183} INFO - Processing /opt/airflow/dags/prediction_features_pipeline.py took 0.111 seconds
[2026-01-02T19:30:59.660+0000] {processor.py:161} INFO - Started process (PID=26846) to work on /opt/airflow/dags/prediction_features_pipeline.py
[2026-01-02T19:30:59.662+0000] {processor.py:830} INFO - Processing file /opt/airflow/dags/prediction_features_pipeline.py for tasks to queue
[2026-01-02T19:30:59.663+0000] {logging_mixin.py:188} INFO - [2026-01-02T19:30:59.663+0000] {dagbag.py:538} INFO - Filling up the DagBag from /opt/airflow/dags/prediction_features_pipeline.py
[2026-01-02T19:30:59.686+0000] {processor.py:840} INFO - DAG(s) 'match_features_pipeline' retrieved from /opt/airflow/dags/prediction_features_pipeline.py
[2026-01-02T19:30:59.712+0000] {logging_mixin.py:188} INFO - [2026-01-02T19:30:59.711+0000] {dag.py:3036} INFO - Sync 1 DAGs
[2026-01-02T19:30:59.736+0000] {logging_mixin.py:188} INFO - [2026-01-02T19:30:59.736+0000] {dag.py:3823} INFO - Setting next_dagrun for match_features_pipeline to 2026-01-02 00:00:00+00:00, run_after=2026-01-03 00:00:00+00:00
[2026-01-02T19:30:59.765+0000] {processor.py:183} INFO - Processing /opt/airflow/dags/prediction_features_pipeline.py took 0.110 seconds
[2026-01-02T19:31:30.084+0000] {processor.py:161} INFO - Started process (PID=26866) to work on /opt/airflow/dags/prediction_features_pipeline.py
[2026-01-02T19:31:30.086+0000] {processor.py:830} INFO - Processing file /opt/airflow/dags/prediction_features_pipeline.py for tasks to queue
[2026-01-02T19:31:30.087+0000] {logging_mixin.py:188} INFO - [2026-01-02T19:31:30.086+0000] {dagbag.py:538} INFO - Filling up the DagBag from /opt/airflow/dags/prediction_features_pipeline.py
[2026-01-02T19:31:30.108+0000] {processor.py:840} INFO - DAG(s) 'match_features_pipeline' retrieved from /opt/airflow/dags/prediction_features_pipeline.py
[2026-01-02T19:31:30.132+0000] {logging_mixin.py:188} INFO - [2026-01-02T19:31:30.132+0000] {dag.py:3036} INFO - Sync 1 DAGs
[2026-01-02T19:31:30.155+0000] {logging_mixin.py:188} INFO - [2026-01-02T19:31:30.155+0000] {dag.py:3823} INFO - Setting next_dagrun for match_features_pipeline to 2026-01-02 00:00:00+00:00, run_after=2026-01-03 00:00:00+00:00
[2026-01-02T19:31:30.179+0000] {processor.py:183} INFO - Processing /opt/airflow/dags/prediction_features_pipeline.py took 0.099 seconds
[2026-01-02T19:32:00.514+0000] {processor.py:161} INFO - Started process (PID=26886) to work on /opt/airflow/dags/prediction_features_pipeline.py
[2026-01-02T19:32:00.515+0000] {processor.py:830} INFO - Processing file /opt/airflow/dags/prediction_features_pipeline.py for tasks to queue
[2026-01-02T19:32:00.516+0000] {logging_mixin.py:188} INFO - [2026-01-02T19:32:00.516+0000] {dagbag.py:538} INFO - Filling up the DagBag from /opt/airflow/dags/prediction_features_pipeline.py
[2026-01-02T19:32:00.537+0000] {processor.py:840} INFO - DAG(s) 'match_features_pipeline' retrieved from /opt/airflow/dags/prediction_features_pipeline.py
[2026-01-02T19:32:00.561+0000] {logging_mixin.py:188} INFO - [2026-01-02T19:32:00.561+0000] {dag.py:3036} INFO - Sync 1 DAGs
[2026-01-02T19:32:00.584+0000] {logging_mixin.py:188} INFO - [2026-01-02T19:32:00.584+0000] {dag.py:3823} INFO - Setting next_dagrun for match_features_pipeline to 2026-01-02 00:00:00+00:00, run_after=2026-01-03 00:00:00+00:00
[2026-01-02T19:32:00.604+0000] {processor.py:183} INFO - Processing /opt/airflow/dags/prediction_features_pipeline.py took 0.093 seconds
[2026-01-02T19:32:31.016+0000] {processor.py:161} INFO - Started process (PID=26906) to work on /opt/airflow/dags/prediction_features_pipeline.py
[2026-01-02T19:32:31.017+0000] {processor.py:830} INFO - Processing file /opt/airflow/dags/prediction_features_pipeline.py for tasks to queue
[2026-01-02T19:32:31.018+0000] {logging_mixin.py:188} INFO - [2026-01-02T19:32:31.018+0000] {dagbag.py:538} INFO - Filling up the DagBag from /opt/airflow/dags/prediction_features_pipeline.py
[2026-01-02T19:32:31.039+0000] {processor.py:840} INFO - DAG(s) 'match_features_pipeline' retrieved from /opt/airflow/dags/prediction_features_pipeline.py
[2026-01-02T19:32:31.062+0000] {logging_mixin.py:188} INFO - [2026-01-02T19:32:31.062+0000] {dag.py:3036} INFO - Sync 1 DAGs
[2026-01-02T19:32:31.086+0000] {logging_mixin.py:188} INFO - [2026-01-02T19:32:31.085+0000] {dag.py:3823} INFO - Setting next_dagrun for match_features_pipeline to 2026-01-02 00:00:00+00:00, run_after=2026-01-03 00:00:00+00:00
[2026-01-02T19:32:31.105+0000] {processor.py:183} INFO - Processing /opt/airflow/dags/prediction_features_pipeline.py took 0.093 seconds
[2026-01-02T19:33:01.456+0000] {processor.py:161} INFO - Started process (PID=26926) to work on /opt/airflow/dags/prediction_features_pipeline.py
[2026-01-02T19:33:01.457+0000] {processor.py:830} INFO - Processing file /opt/airflow/dags/prediction_features_pipeline.py for tasks to queue
[2026-01-02T19:33:01.459+0000] {logging_mixin.py:188} INFO - [2026-01-02T19:33:01.458+0000] {dagbag.py:538} INFO - Filling up the DagBag from /opt/airflow/dags/prediction_features_pipeline.py
[2026-01-02T19:33:01.480+0000] {processor.py:840} INFO - DAG(s) 'match_features_pipeline' retrieved from /opt/airflow/dags/prediction_features_pipeline.py
[2026-01-02T19:33:01.504+0000] {logging_mixin.py:188} INFO - [2026-01-02T19:33:01.504+0000] {dag.py:3036} INFO - Sync 1 DAGs
[2026-01-02T19:33:01.528+0000] {logging_mixin.py:188} INFO - [2026-01-02T19:33:01.528+0000] {dag.py:3823} INFO - Setting next_dagrun for match_features_pipeline to 2026-01-02 00:00:00+00:00, run_after=2026-01-03 00:00:00+00:00
[2026-01-02T19:33:01.549+0000] {processor.py:183} INFO - Processing /opt/airflow/dags/prediction_features_pipeline.py took 0.096 seconds
[2026-01-02T19:33:31.882+0000] {processor.py:161} INFO - Started process (PID=26946) to work on /opt/airflow/dags/prediction_features_pipeline.py
[2026-01-02T19:33:31.883+0000] {processor.py:830} INFO - Processing file /opt/airflow/dags/prediction_features_pipeline.py for tasks to queue
[2026-01-02T19:33:31.884+0000] {logging_mixin.py:188} INFO - [2026-01-02T19:33:31.884+0000] {dagbag.py:538} INFO - Filling up the DagBag from /opt/airflow/dags/prediction_features_pipeline.py
[2026-01-02T19:33:31.905+0000] {processor.py:840} INFO - DAG(s) 'match_features_pipeline' retrieved from /opt/airflow/dags/prediction_features_pipeline.py
[2026-01-02T19:33:31.930+0000] {logging_mixin.py:188} INFO - [2026-01-02T19:33:31.930+0000] {dag.py:3036} INFO - Sync 1 DAGs
[2026-01-02T19:33:31.955+0000] {logging_mixin.py:188} INFO - [2026-01-02T19:33:31.955+0000] {dag.py:3823} INFO - Setting next_dagrun for match_features_pipeline to 2026-01-02 00:00:00+00:00, run_after=2026-01-03 00:00:00+00:00
[2026-01-02T19:33:31.981+0000] {processor.py:183} INFO - Processing /opt/airflow/dags/prediction_features_pipeline.py took 0.102 seconds
[2026-01-02T19:34:02.308+0000] {processor.py:161} INFO - Started process (PID=26966) to work on /opt/airflow/dags/prediction_features_pipeline.py
[2026-01-02T19:34:02.310+0000] {processor.py:830} INFO - Processing file /opt/airflow/dags/prediction_features_pipeline.py for tasks to queue
[2026-01-02T19:34:02.311+0000] {logging_mixin.py:188} INFO - [2026-01-02T19:34:02.310+0000] {dagbag.py:538} INFO - Filling up the DagBag from /opt/airflow/dags/prediction_features_pipeline.py
[2026-01-02T19:34:02.331+0000] {processor.py:840} INFO - DAG(s) 'match_features_pipeline' retrieved from /opt/airflow/dags/prediction_features_pipeline.py
[2026-01-02T19:34:02.355+0000] {logging_mixin.py:188} INFO - [2026-01-02T19:34:02.354+0000] {dag.py:3036} INFO - Sync 1 DAGs
[2026-01-02T19:34:02.378+0000] {logging_mixin.py:188} INFO - [2026-01-02T19:34:02.377+0000] {dag.py:3823} INFO - Setting next_dagrun for match_features_pipeline to 2026-01-02 00:00:00+00:00, run_after=2026-01-03 00:00:00+00:00
[2026-01-02T19:34:02.397+0000] {processor.py:183} INFO - Processing /opt/airflow/dags/prediction_features_pipeline.py took 0.092 seconds
[2026-01-02T19:34:32.749+0000] {processor.py:161} INFO - Started process (PID=26986) to work on /opt/airflow/dags/prediction_features_pipeline.py
[2026-01-02T19:34:32.751+0000] {processor.py:830} INFO - Processing file /opt/airflow/dags/prediction_features_pipeline.py for tasks to queue
[2026-01-02T19:34:32.752+0000] {logging_mixin.py:188} INFO - [2026-01-02T19:34:32.752+0000] {dagbag.py:538} INFO - Filling up the DagBag from /opt/airflow/dags/prediction_features_pipeline.py
[2026-01-02T19:34:32.772+0000] {processor.py:840} INFO - DAG(s) 'match_features_pipeline' retrieved from /opt/airflow/dags/prediction_features_pipeline.py
[2026-01-02T19:34:32.796+0000] {logging_mixin.py:188} INFO - [2026-01-02T19:34:32.795+0000] {dag.py:3036} INFO - Sync 1 DAGs
[2026-01-02T19:34:32.819+0000] {logging_mixin.py:188} INFO - [2026-01-02T19:34:32.819+0000] {dag.py:3823} INFO - Setting next_dagrun for match_features_pipeline to 2026-01-02 00:00:00+00:00, run_after=2026-01-03 00:00:00+00:00
[2026-01-02T19:34:32.845+0000] {processor.py:183} INFO - Processing /opt/airflow/dags/prediction_features_pipeline.py took 0.100 seconds
[2026-01-02T19:35:03.169+0000] {processor.py:161} INFO - Started process (PID=27006) to work on /opt/airflow/dags/prediction_features_pipeline.py
[2026-01-02T19:35:03.170+0000] {processor.py:830} INFO - Processing file /opt/airflow/dags/prediction_features_pipeline.py for tasks to queue
[2026-01-02T19:35:03.170+0000] {logging_mixin.py:188} INFO - [2026-01-02T19:35:03.170+0000] {dagbag.py:538} INFO - Filling up the DagBag from /opt/airflow/dags/prediction_features_pipeline.py
[2026-01-02T19:35:03.190+0000] {processor.py:840} INFO - DAG(s) 'match_features_pipeline' retrieved from /opt/airflow/dags/prediction_features_pipeline.py
[2026-01-02T19:35:03.213+0000] {logging_mixin.py:188} INFO - [2026-01-02T19:35:03.213+0000] {dag.py:3036} INFO - Sync 1 DAGs
[2026-01-02T19:35:03.237+0000] {logging_mixin.py:188} INFO - [2026-01-02T19:35:03.236+0000] {dag.py:3823} INFO - Setting next_dagrun for match_features_pipeline to 2026-01-02 00:00:00+00:00, run_after=2026-01-03 00:00:00+00:00
[2026-01-02T19:35:03.265+0000] {processor.py:183} INFO - Processing /opt/airflow/dags/prediction_features_pipeline.py took 0.099 seconds
[2026-01-02T19:35:33.586+0000] {processor.py:161} INFO - Started process (PID=27026) to work on /opt/airflow/dags/prediction_features_pipeline.py
[2026-01-02T19:35:33.587+0000] {processor.py:830} INFO - Processing file /opt/airflow/dags/prediction_features_pipeline.py for tasks to queue
[2026-01-02T19:35:33.588+0000] {logging_mixin.py:188} INFO - [2026-01-02T19:35:33.588+0000] {dagbag.py:538} INFO - Filling up the DagBag from /opt/airflow/dags/prediction_features_pipeline.py
[2026-01-02T19:35:33.610+0000] {processor.py:840} INFO - DAG(s) 'match_features_pipeline' retrieved from /opt/airflow/dags/prediction_features_pipeline.py
[2026-01-02T19:35:33.634+0000] {logging_mixin.py:188} INFO - [2026-01-02T19:35:33.634+0000] {dag.py:3036} INFO - Sync 1 DAGs
[2026-01-02T19:35:33.659+0000] {logging_mixin.py:188} INFO - [2026-01-02T19:35:33.659+0000] {dag.py:3823} INFO - Setting next_dagrun for match_features_pipeline to 2026-01-02 00:00:00+00:00, run_after=2026-01-03 00:00:00+00:00
[2026-01-02T19:35:33.682+0000] {processor.py:183} INFO - Processing /opt/airflow/dags/prediction_features_pipeline.py took 0.100 seconds
[2026-01-02T19:36:04.014+0000] {processor.py:161} INFO - Started process (PID=27046) to work on /opt/airflow/dags/prediction_features_pipeline.py
[2026-01-02T19:36:04.016+0000] {processor.py:830} INFO - Processing file /opt/airflow/dags/prediction_features_pipeline.py for tasks to queue
[2026-01-02T19:36:04.017+0000] {logging_mixin.py:188} INFO - [2026-01-02T19:36:04.016+0000] {dagbag.py:538} INFO - Filling up the DagBag from /opt/airflow/dags/prediction_features_pipeline.py
[2026-01-02T19:36:04.041+0000] {processor.py:840} INFO - DAG(s) 'match_features_pipeline' retrieved from /opt/airflow/dags/prediction_features_pipeline.py
[2026-01-02T19:36:04.068+0000] {logging_mixin.py:188} INFO - [2026-01-02T19:36:04.068+0000] {dag.py:3036} INFO - Sync 1 DAGs
[2026-01-02T19:36:04.095+0000] {logging_mixin.py:188} INFO - [2026-01-02T19:36:04.095+0000] {dag.py:3823} INFO - Setting next_dagrun for match_features_pipeline to 2026-01-02 00:00:00+00:00, run_after=2026-01-03 00:00:00+00:00
[2026-01-02T19:36:04.115+0000] {processor.py:183} INFO - Processing /opt/airflow/dags/prediction_features_pipeline.py took 0.105 seconds
[2026-01-02T19:36:34.554+0000] {processor.py:161} INFO - Started process (PID=27066) to work on /opt/airflow/dags/prediction_features_pipeline.py
[2026-01-02T19:36:34.555+0000] {processor.py:830} INFO - Processing file /opt/airflow/dags/prediction_features_pipeline.py for tasks to queue
[2026-01-02T19:36:34.557+0000] {logging_mixin.py:188} INFO - [2026-01-02T19:36:34.556+0000] {dagbag.py:538} INFO - Filling up the DagBag from /opt/airflow/dags/prediction_features_pipeline.py
[2026-01-02T19:36:34.577+0000] {processor.py:840} INFO - DAG(s) 'match_features_pipeline' retrieved from /opt/airflow/dags/prediction_features_pipeline.py
[2026-01-02T19:36:34.601+0000] {logging_mixin.py:188} INFO - [2026-01-02T19:36:34.601+0000] {dag.py:3036} INFO - Sync 1 DAGs
[2026-01-02T19:36:34.625+0000] {logging_mixin.py:188} INFO - [2026-01-02T19:36:34.624+0000] {dag.py:3823} INFO - Setting next_dagrun for match_features_pipeline to 2026-01-02 00:00:00+00:00, run_after=2026-01-03 00:00:00+00:00
[2026-01-02T19:36:34.643+0000] {processor.py:183} INFO - Processing /opt/airflow/dags/prediction_features_pipeline.py took 0.092 seconds
[2026-01-02T19:37:04.977+0000] {processor.py:161} INFO - Started process (PID=27086) to work on /opt/airflow/dags/prediction_features_pipeline.py
[2026-01-02T19:37:04.978+0000] {processor.py:830} INFO - Processing file /opt/airflow/dags/prediction_features_pipeline.py for tasks to queue
[2026-01-02T19:37:04.979+0000] {logging_mixin.py:188} INFO - [2026-01-02T19:37:04.979+0000] {dagbag.py:538} INFO - Filling up the DagBag from /opt/airflow/dags/prediction_features_pipeline.py
[2026-01-02T19:37:05.002+0000] {processor.py:840} INFO - DAG(s) 'match_features_pipeline' retrieved from /opt/airflow/dags/prediction_features_pipeline.py
[2026-01-02T19:37:05.027+0000] {logging_mixin.py:188} INFO - [2026-01-02T19:37:05.027+0000] {dag.py:3036} INFO - Sync 1 DAGs
[2026-01-02T19:37:05.052+0000] {logging_mixin.py:188} INFO - [2026-01-02T19:37:05.052+0000] {dag.py:3823} INFO - Setting next_dagrun for match_features_pipeline to 2026-01-02 00:00:00+00:00, run_after=2026-01-03 00:00:00+00:00
[2026-01-02T19:37:05.073+0000] {processor.py:183} INFO - Processing /opt/airflow/dags/prediction_features_pipeline.py took 0.100 seconds
[2026-01-02T19:37:35.577+0000] {processor.py:161} INFO - Started process (PID=27106) to work on /opt/airflow/dags/prediction_features_pipeline.py
[2026-01-02T19:37:35.579+0000] {processor.py:830} INFO - Processing file /opt/airflow/dags/prediction_features_pipeline.py for tasks to queue
[2026-01-02T19:37:35.580+0000] {logging_mixin.py:188} INFO - [2026-01-02T19:37:35.579+0000] {dagbag.py:538} INFO - Filling up the DagBag from /opt/airflow/dags/prediction_features_pipeline.py
[2026-01-02T19:37:35.600+0000] {processor.py:840} INFO - DAG(s) 'match_features_pipeline' retrieved from /opt/airflow/dags/prediction_features_pipeline.py
[2026-01-02T19:37:35.626+0000] {logging_mixin.py:188} INFO - [2026-01-02T19:37:35.626+0000] {dag.py:3036} INFO - Sync 1 DAGs
[2026-01-02T19:37:35.653+0000] {logging_mixin.py:188} INFO - [2026-01-02T19:37:35.652+0000] {dag.py:3823} INFO - Setting next_dagrun for match_features_pipeline to 2026-01-02 00:00:00+00:00, run_after=2026-01-03 00:00:00+00:00
[2026-01-02T19:37:35.672+0000] {processor.py:183} INFO - Processing /opt/airflow/dags/prediction_features_pipeline.py took 0.098 seconds
[2026-01-02T19:38:06.008+0000] {processor.py:161} INFO - Started process (PID=27126) to work on /opt/airflow/dags/prediction_features_pipeline.py
[2026-01-02T19:38:06.009+0000] {processor.py:830} INFO - Processing file /opt/airflow/dags/prediction_features_pipeline.py for tasks to queue
[2026-01-02T19:38:06.010+0000] {logging_mixin.py:188} INFO - [2026-01-02T19:38:06.010+0000] {dagbag.py:538} INFO - Filling up the DagBag from /opt/airflow/dags/prediction_features_pipeline.py
[2026-01-02T19:38:06.032+0000] {processor.py:840} INFO - DAG(s) 'match_features_pipeline' retrieved from /opt/airflow/dags/prediction_features_pipeline.py
[2026-01-02T19:38:06.058+0000] {logging_mixin.py:188} INFO - [2026-01-02T19:38:06.057+0000] {dag.py:3036} INFO - Sync 1 DAGs
[2026-01-02T19:38:06.083+0000] {logging_mixin.py:188} INFO - [2026-01-02T19:38:06.083+0000] {dag.py:3823} INFO - Setting next_dagrun for match_features_pipeline to 2026-01-02 00:00:00+00:00, run_after=2026-01-03 00:00:00+00:00
[2026-01-02T19:38:06.104+0000] {processor.py:183} INFO - Processing /opt/airflow/dags/prediction_features_pipeline.py took 0.099 seconds
[2026-01-02T19:38:36.447+0000] {processor.py:161} INFO - Started process (PID=27146) to work on /opt/airflow/dags/prediction_features_pipeline.py
[2026-01-02T19:38:36.448+0000] {processor.py:830} INFO - Processing file /opt/airflow/dags/prediction_features_pipeline.py for tasks to queue
[2026-01-02T19:38:36.449+0000] {logging_mixin.py:188} INFO - [2026-01-02T19:38:36.449+0000] {dagbag.py:538} INFO - Filling up the DagBag from /opt/airflow/dags/prediction_features_pipeline.py
[2026-01-02T19:38:36.471+0000] {processor.py:840} INFO - DAG(s) 'match_features_pipeline' retrieved from /opt/airflow/dags/prediction_features_pipeline.py
[2026-01-02T19:38:36.495+0000] {logging_mixin.py:188} INFO - [2026-01-02T19:38:36.495+0000] {dag.py:3036} INFO - Sync 1 DAGs
[2026-01-02T19:38:36.518+0000] {logging_mixin.py:188} INFO - [2026-01-02T19:38:36.518+0000] {dag.py:3823} INFO - Setting next_dagrun for match_features_pipeline to 2026-01-02 00:00:00+00:00, run_after=2026-01-03 00:00:00+00:00
[2026-01-02T19:38:36.537+0000] {processor.py:183} INFO - Processing /opt/airflow/dags/prediction_features_pipeline.py took 0.093 seconds
[2026-01-02T19:39:06.847+0000] {processor.py:161} INFO - Started process (PID=27166) to work on /opt/airflow/dags/prediction_features_pipeline.py
[2026-01-02T19:39:06.848+0000] {processor.py:830} INFO - Processing file /opt/airflow/dags/prediction_features_pipeline.py for tasks to queue
[2026-01-02T19:39:06.849+0000] {logging_mixin.py:188} INFO - [2026-01-02T19:39:06.849+0000] {dagbag.py:538} INFO - Filling up the DagBag from /opt/airflow/dags/prediction_features_pipeline.py
[2026-01-02T19:39:06.870+0000] {processor.py:840} INFO - DAG(s) 'match_features_pipeline' retrieved from /opt/airflow/dags/prediction_features_pipeline.py
[2026-01-02T19:39:06.894+0000] {logging_mixin.py:188} INFO - [2026-01-02T19:39:06.894+0000] {dag.py:3036} INFO - Sync 1 DAGs
[2026-01-02T19:39:06.916+0000] {logging_mixin.py:188} INFO - [2026-01-02T19:39:06.916+0000] {dag.py:3823} INFO - Setting next_dagrun for match_features_pipeline to 2026-01-02 00:00:00+00:00, run_after=2026-01-03 00:00:00+00:00
[2026-01-02T19:39:06.935+0000] {processor.py:183} INFO - Processing /opt/airflow/dags/prediction_features_pipeline.py took 0.091 seconds
[2026-01-02T19:39:37.287+0000] {processor.py:161} INFO - Started process (PID=27186) to work on /opt/airflow/dags/prediction_features_pipeline.py
[2026-01-02T19:39:37.288+0000] {processor.py:830} INFO - Processing file /opt/airflow/dags/prediction_features_pipeline.py for tasks to queue
[2026-01-02T19:39:37.289+0000] {logging_mixin.py:188} INFO - [2026-01-02T19:39:37.289+0000] {dagbag.py:538} INFO - Filling up the DagBag from /opt/airflow/dags/prediction_features_pipeline.py
[2026-01-02T19:39:37.310+0000] {processor.py:840} INFO - DAG(s) 'match_features_pipeline' retrieved from /opt/airflow/dags/prediction_features_pipeline.py
[2026-01-02T19:39:37.335+0000] {logging_mixin.py:188} INFO - [2026-01-02T19:39:37.335+0000] {dag.py:3036} INFO - Sync 1 DAGs
[2026-01-02T19:39:37.359+0000] {logging_mixin.py:188} INFO - [2026-01-02T19:39:37.358+0000] {dag.py:3823} INFO - Setting next_dagrun for match_features_pipeline to 2026-01-02 00:00:00+00:00, run_after=2026-01-03 00:00:00+00:00
[2026-01-02T19:39:37.380+0000] {processor.py:183} INFO - Processing /opt/airflow/dags/prediction_features_pipeline.py took 0.098 seconds
[2026-01-02T19:40:07.768+0000] {processor.py:161} INFO - Started process (PID=27206) to work on /opt/airflow/dags/prediction_features_pipeline.py
[2026-01-02T19:40:07.770+0000] {processor.py:830} INFO - Processing file /opt/airflow/dags/prediction_features_pipeline.py for tasks to queue
[2026-01-02T19:40:07.772+0000] {logging_mixin.py:188} INFO - [2026-01-02T19:40:07.771+0000] {dagbag.py:538} INFO - Filling up the DagBag from /opt/airflow/dags/prediction_features_pipeline.py
[2026-01-02T19:40:07.806+0000] {processor.py:840} INFO - DAG(s) 'match_features_pipeline' retrieved from /opt/airflow/dags/prediction_features_pipeline.py
[2026-01-02T19:40:07.842+0000] {logging_mixin.py:188} INFO - [2026-01-02T19:40:07.841+0000] {dag.py:3036} INFO - Sync 1 DAGs
[2026-01-02T19:40:07.881+0000] {logging_mixin.py:188} INFO - [2026-01-02T19:40:07.881+0000] {dag.py:3823} INFO - Setting next_dagrun for match_features_pipeline to 2026-01-02 00:00:00+00:00, run_after=2026-01-03 00:00:00+00:00
[2026-01-02T19:40:07.911+0000] {processor.py:183} INFO - Processing /opt/airflow/dags/prediction_features_pipeline.py took 0.148 seconds
[2026-01-02T19:40:38.368+0000] {processor.py:161} INFO - Started process (PID=27226) to work on /opt/airflow/dags/prediction_features_pipeline.py
[2026-01-02T19:40:38.369+0000] {processor.py:830} INFO - Processing file /opt/airflow/dags/prediction_features_pipeline.py for tasks to queue
[2026-01-02T19:40:38.370+0000] {logging_mixin.py:188} INFO - [2026-01-02T19:40:38.370+0000] {dagbag.py:538} INFO - Filling up the DagBag from /opt/airflow/dags/prediction_features_pipeline.py
[2026-01-02T19:40:38.391+0000] {processor.py:840} INFO - DAG(s) 'match_features_pipeline' retrieved from /opt/airflow/dags/prediction_features_pipeline.py
[2026-01-02T19:40:38.415+0000] {logging_mixin.py:188} INFO - [2026-01-02T19:40:38.415+0000] {dag.py:3036} INFO - Sync 1 DAGs
[2026-01-02T19:40:38.438+0000] {logging_mixin.py:188} INFO - [2026-01-02T19:40:38.438+0000] {dag.py:3823} INFO - Setting next_dagrun for match_features_pipeline to 2026-01-02 00:00:00+00:00, run_after=2026-01-03 00:00:00+00:00
[2026-01-02T19:40:38.456+0000] {processor.py:183} INFO - Processing /opt/airflow/dags/prediction_features_pipeline.py took 0.093 seconds
[2026-01-02T19:41:08.810+0000] {processor.py:161} INFO - Started process (PID=27246) to work on /opt/airflow/dags/prediction_features_pipeline.py
[2026-01-02T19:41:08.812+0000] {processor.py:830} INFO - Processing file /opt/airflow/dags/prediction_features_pipeline.py for tasks to queue
[2026-01-02T19:41:08.813+0000] {logging_mixin.py:188} INFO - [2026-01-02T19:41:08.812+0000] {dagbag.py:538} INFO - Filling up the DagBag from /opt/airflow/dags/prediction_features_pipeline.py
[2026-01-02T19:41:08.833+0000] {processor.py:840} INFO - DAG(s) 'match_features_pipeline' retrieved from /opt/airflow/dags/prediction_features_pipeline.py
[2026-01-02T19:41:08.857+0000] {logging_mixin.py:188} INFO - [2026-01-02T19:41:08.857+0000] {dag.py:3036} INFO - Sync 1 DAGs
[2026-01-02T19:41:08.881+0000] {logging_mixin.py:188} INFO - [2026-01-02T19:41:08.881+0000] {dag.py:3823} INFO - Setting next_dagrun for match_features_pipeline to 2026-01-02 00:00:00+00:00, run_after=2026-01-03 00:00:00+00:00
[2026-01-02T19:41:08.899+0000] {processor.py:183} INFO - Processing /opt/airflow/dags/prediction_features_pipeline.py took 0.092 seconds
[2026-01-02T19:41:39.249+0000] {processor.py:161} INFO - Started process (PID=27266) to work on /opt/airflow/dags/prediction_features_pipeline.py
[2026-01-02T19:41:39.251+0000] {processor.py:830} INFO - Processing file /opt/airflow/dags/prediction_features_pipeline.py for tasks to queue
[2026-01-02T19:41:39.253+0000] {logging_mixin.py:188} INFO - [2026-01-02T19:41:39.252+0000] {dagbag.py:538} INFO - Filling up the DagBag from /opt/airflow/dags/prediction_features_pipeline.py
[2026-01-02T19:41:39.275+0000] {processor.py:840} INFO - DAG(s) 'match_features_pipeline' retrieved from /opt/airflow/dags/prediction_features_pipeline.py
[2026-01-02T19:41:39.301+0000] {logging_mixin.py:188} INFO - [2026-01-02T19:41:39.300+0000] {dag.py:3036} INFO - Sync 1 DAGs
[2026-01-02T19:41:39.324+0000] {logging_mixin.py:188} INFO - [2026-01-02T19:41:39.324+0000] {dag.py:3823} INFO - Setting next_dagrun for match_features_pipeline to 2026-01-02 00:00:00+00:00, run_after=2026-01-03 00:00:00+00:00
[2026-01-02T19:41:39.343+0000] {processor.py:183} INFO - Processing /opt/airflow/dags/prediction_features_pipeline.py took 0.098 seconds
[2026-01-02T19:42:09.802+0000] {processor.py:161} INFO - Started process (PID=27286) to work on /opt/airflow/dags/prediction_features_pipeline.py
[2026-01-02T19:42:09.803+0000] {processor.py:830} INFO - Processing file /opt/airflow/dags/prediction_features_pipeline.py for tasks to queue
[2026-01-02T19:42:09.804+0000] {logging_mixin.py:188} INFO - [2026-01-02T19:42:09.804+0000] {dagbag.py:538} INFO - Filling up the DagBag from /opt/airflow/dags/prediction_features_pipeline.py
[2026-01-02T19:42:09.825+0000] {processor.py:840} INFO - DAG(s) 'match_features_pipeline' retrieved from /opt/airflow/dags/prediction_features_pipeline.py
[2026-01-02T19:42:09.849+0000] {logging_mixin.py:188} INFO - [2026-01-02T19:42:09.849+0000] {dag.py:3036} INFO - Sync 1 DAGs
[2026-01-02T19:42:09.872+0000] {logging_mixin.py:188} INFO - [2026-01-02T19:42:09.872+0000] {dag.py:3823} INFO - Setting next_dagrun for match_features_pipeline to 2026-01-02 00:00:00+00:00, run_after=2026-01-03 00:00:00+00:00
[2026-01-02T19:42:09.891+0000] {processor.py:183} INFO - Processing /opt/airflow/dags/prediction_features_pipeline.py took 0.092 seconds
[2026-01-02T19:42:40.294+0000] {processor.py:161} INFO - Started process (PID=27306) to work on /opt/airflow/dags/prediction_features_pipeline.py
[2026-01-02T19:42:40.296+0000] {processor.py:830} INFO - Processing file /opt/airflow/dags/prediction_features_pipeline.py for tasks to queue
[2026-01-02T19:42:40.296+0000] {logging_mixin.py:188} INFO - [2026-01-02T19:42:40.296+0000] {dagbag.py:538} INFO - Filling up the DagBag from /opt/airflow/dags/prediction_features_pipeline.py
[2026-01-02T19:42:40.316+0000] {processor.py:840} INFO - DAG(s) 'match_features_pipeline' retrieved from /opt/airflow/dags/prediction_features_pipeline.py
[2026-01-02T19:42:40.340+0000] {logging_mixin.py:188} INFO - [2026-01-02T19:42:40.340+0000] {dag.py:3036} INFO - Sync 1 DAGs
[2026-01-02T19:42:40.363+0000] {logging_mixin.py:188} INFO - [2026-01-02T19:42:40.363+0000] {dag.py:3823} INFO - Setting next_dagrun for match_features_pipeline to 2026-01-02 00:00:00+00:00, run_after=2026-01-03 00:00:00+00:00
[2026-01-02T19:42:40.389+0000] {processor.py:183} INFO - Processing /opt/airflow/dags/prediction_features_pipeline.py took 0.097 seconds
[2026-01-02T19:43:10.736+0000] {processor.py:161} INFO - Started process (PID=27326) to work on /opt/airflow/dags/prediction_features_pipeline.py
[2026-01-02T19:43:10.737+0000] {processor.py:830} INFO - Processing file /opt/airflow/dags/prediction_features_pipeline.py for tasks to queue
[2026-01-02T19:43:10.738+0000] {logging_mixin.py:188} INFO - [2026-01-02T19:43:10.738+0000] {dagbag.py:538} INFO - Filling up the DagBag from /opt/airflow/dags/prediction_features_pipeline.py
[2026-01-02T19:43:10.758+0000] {processor.py:840} INFO - DAG(s) 'match_features_pipeline' retrieved from /opt/airflow/dags/prediction_features_pipeline.py
[2026-01-02T19:43:10.782+0000] {logging_mixin.py:188} INFO - [2026-01-02T19:43:10.782+0000] {dag.py:3036} INFO - Sync 1 DAGs
[2026-01-02T19:43:10.807+0000] {logging_mixin.py:188} INFO - [2026-01-02T19:43:10.807+0000] {dag.py:3823} INFO - Setting next_dagrun for match_features_pipeline to 2026-01-02 00:00:00+00:00, run_after=2026-01-03 00:00:00+00:00
[2026-01-02T19:43:10.826+0000] {processor.py:183} INFO - Processing /opt/airflow/dags/prediction_features_pipeline.py took 0.093 seconds
[2026-01-02T19:43:41.260+0000] {processor.py:161} INFO - Started process (PID=27346) to work on /opt/airflow/dags/prediction_features_pipeline.py
[2026-01-02T19:43:41.261+0000] {processor.py:830} INFO - Processing file /opt/airflow/dags/prediction_features_pipeline.py for tasks to queue
[2026-01-02T19:43:41.262+0000] {logging_mixin.py:188} INFO - [2026-01-02T19:43:41.261+0000] {dagbag.py:538} INFO - Filling up the DagBag from /opt/airflow/dags/prediction_features_pipeline.py
[2026-01-02T19:43:41.282+0000] {processor.py:840} INFO - DAG(s) 'match_features_pipeline' retrieved from /opt/airflow/dags/prediction_features_pipeline.py
[2026-01-02T19:43:41.307+0000] {logging_mixin.py:188} INFO - [2026-01-02T19:43:41.307+0000] {dag.py:3036} INFO - Sync 1 DAGs
[2026-01-02T19:43:41.330+0000] {logging_mixin.py:188} INFO - [2026-01-02T19:43:41.330+0000] {dag.py:3823} INFO - Setting next_dagrun for match_features_pipeline to 2026-01-02 00:00:00+00:00, run_after=2026-01-03 00:00:00+00:00
[2026-01-02T19:43:41.354+0000] {processor.py:183} INFO - Processing /opt/airflow/dags/prediction_features_pipeline.py took 0.098 seconds
[2026-01-02T19:44:11.692+0000] {processor.py:161} INFO - Started process (PID=27366) to work on /opt/airflow/dags/prediction_features_pipeline.py
[2026-01-02T19:44:11.694+0000] {processor.py:830} INFO - Processing file /opt/airflow/dags/prediction_features_pipeline.py for tasks to queue
[2026-01-02T19:44:11.695+0000] {logging_mixin.py:188} INFO - [2026-01-02T19:44:11.695+0000] {dagbag.py:538} INFO - Filling up the DagBag from /opt/airflow/dags/prediction_features_pipeline.py
[2026-01-02T19:44:11.716+0000] {processor.py:840} INFO - DAG(s) 'match_features_pipeline' retrieved from /opt/airflow/dags/prediction_features_pipeline.py
[2026-01-02T19:44:11.740+0000] {logging_mixin.py:188} INFO - [2026-01-02T19:44:11.739+0000] {dag.py:3036} INFO - Sync 1 DAGs
[2026-01-02T19:44:11.763+0000] {logging_mixin.py:188} INFO - [2026-01-02T19:44:11.763+0000] {dag.py:3823} INFO - Setting next_dagrun for match_features_pipeline to 2026-01-02 00:00:00+00:00, run_after=2026-01-03 00:00:00+00:00
[2026-01-02T19:44:11.785+0000] {processor.py:183} INFO - Processing /opt/airflow/dags/prediction_features_pipeline.py took 0.096 seconds
[2026-01-02T19:44:42.113+0000] {processor.py:161} INFO - Started process (PID=27386) to work on /opt/airflow/dags/prediction_features_pipeline.py
[2026-01-02T19:44:42.114+0000] {processor.py:830} INFO - Processing file /opt/airflow/dags/prediction_features_pipeline.py for tasks to queue
[2026-01-02T19:44:42.115+0000] {logging_mixin.py:188} INFO - [2026-01-02T19:44:42.115+0000] {dagbag.py:538} INFO - Filling up the DagBag from /opt/airflow/dags/prediction_features_pipeline.py
[2026-01-02T19:44:42.136+0000] {processor.py:840} INFO - DAG(s) 'match_features_pipeline' retrieved from /opt/airflow/dags/prediction_features_pipeline.py
[2026-01-02T19:44:42.160+0000] {logging_mixin.py:188} INFO - [2026-01-02T19:44:42.160+0000] {dag.py:3036} INFO - Sync 1 DAGs
[2026-01-02T19:44:42.183+0000] {logging_mixin.py:188} INFO - [2026-01-02T19:44:42.183+0000] {dag.py:3823} INFO - Setting next_dagrun for match_features_pipeline to 2026-01-02 00:00:00+00:00, run_after=2026-01-03 00:00:00+00:00
[2026-01-02T19:44:42.206+0000] {processor.py:183} INFO - Processing /opt/airflow/dags/prediction_features_pipeline.py took 0.096 seconds
[2026-01-02T19:45:12.549+0000] {processor.py:161} INFO - Started process (PID=27406) to work on /opt/airflow/dags/prediction_features_pipeline.py
[2026-01-02T19:45:12.550+0000] {processor.py:830} INFO - Processing file /opt/airflow/dags/prediction_features_pipeline.py for tasks to queue
[2026-01-02T19:45:12.551+0000] {logging_mixin.py:188} INFO - [2026-01-02T19:45:12.551+0000] {dagbag.py:538} INFO - Filling up the DagBag from /opt/airflow/dags/prediction_features_pipeline.py
[2026-01-02T19:45:12.573+0000] {processor.py:840} INFO - DAG(s) 'match_features_pipeline' retrieved from /opt/airflow/dags/prediction_features_pipeline.py
[2026-01-02T19:45:12.596+0000] {logging_mixin.py:188} INFO - [2026-01-02T19:45:12.596+0000] {dag.py:3036} INFO - Sync 1 DAGs
[2026-01-02T19:45:12.619+0000] {logging_mixin.py:188} INFO - [2026-01-02T19:45:12.619+0000] {dag.py:3823} INFO - Setting next_dagrun for match_features_pipeline to 2026-01-02 00:00:00+00:00, run_after=2026-01-03 00:00:00+00:00
[2026-01-02T19:45:12.638+0000] {processor.py:183} INFO - Processing /opt/airflow/dags/prediction_features_pipeline.py took 0.092 seconds
[2026-01-02T19:45:43.088+0000] {processor.py:161} INFO - Started process (PID=27426) to work on /opt/airflow/dags/prediction_features_pipeline.py
[2026-01-02T19:45:43.089+0000] {processor.py:830} INFO - Processing file /opt/airflow/dags/prediction_features_pipeline.py for tasks to queue
[2026-01-02T19:45:43.090+0000] {logging_mixin.py:188} INFO - [2026-01-02T19:45:43.089+0000] {dagbag.py:538} INFO - Filling up the DagBag from /opt/airflow/dags/prediction_features_pipeline.py
[2026-01-02T19:45:43.112+0000] {processor.py:840} INFO - DAG(s) 'match_features_pipeline' retrieved from /opt/airflow/dags/prediction_features_pipeline.py
[2026-01-02T19:45:43.136+0000] {logging_mixin.py:188} INFO - [2026-01-02T19:45:43.136+0000] {dag.py:3036} INFO - Sync 1 DAGs
[2026-01-02T19:45:43.161+0000] {logging_mixin.py:188} INFO - [2026-01-02T19:45:43.161+0000] {dag.py:3823} INFO - Setting next_dagrun for match_features_pipeline to 2026-01-02 00:00:00+00:00, run_after=2026-01-03 00:00:00+00:00
[2026-01-02T19:45:43.182+0000] {processor.py:183} INFO - Processing /opt/airflow/dags/prediction_features_pipeline.py took 0.098 seconds
[2026-01-02T19:46:13.529+0000] {processor.py:161} INFO - Started process (PID=27446) to work on /opt/airflow/dags/prediction_features_pipeline.py
[2026-01-02T19:46:13.530+0000] {processor.py:830} INFO - Processing file /opt/airflow/dags/prediction_features_pipeline.py for tasks to queue
[2026-01-02T19:46:13.531+0000] {logging_mixin.py:188} INFO - [2026-01-02T19:46:13.531+0000] {dagbag.py:538} INFO - Filling up the DagBag from /opt/airflow/dags/prediction_features_pipeline.py
[2026-01-02T19:46:13.552+0000] {processor.py:840} INFO - DAG(s) 'match_features_pipeline' retrieved from /opt/airflow/dags/prediction_features_pipeline.py
[2026-01-02T19:46:13.576+0000] {logging_mixin.py:188} INFO - [2026-01-02T19:46:13.576+0000] {dag.py:3036} INFO - Sync 1 DAGs
[2026-01-02T19:46:13.600+0000] {logging_mixin.py:188} INFO - [2026-01-02T19:46:13.600+0000] {dag.py:3823} INFO - Setting next_dagrun for match_features_pipeline to 2026-01-02 00:00:00+00:00, run_after=2026-01-03 00:00:00+00:00
[2026-01-02T19:46:13.622+0000] {processor.py:183} INFO - Processing /opt/airflow/dags/prediction_features_pipeline.py took 0.097 seconds
[2026-01-02T19:46:43.959+0000] {processor.py:161} INFO - Started process (PID=27466) to work on /opt/airflow/dags/prediction_features_pipeline.py
[2026-01-02T19:46:43.960+0000] {processor.py:830} INFO - Processing file /opt/airflow/dags/prediction_features_pipeline.py for tasks to queue
[2026-01-02T19:46:43.961+0000] {logging_mixin.py:188} INFO - [2026-01-02T19:46:43.960+0000] {dagbag.py:538} INFO - Filling up the DagBag from /opt/airflow/dags/prediction_features_pipeline.py
[2026-01-02T19:46:43.982+0000] {processor.py:840} INFO - DAG(s) 'match_features_pipeline' retrieved from /opt/airflow/dags/prediction_features_pipeline.py
[2026-01-02T19:46:44.005+0000] {logging_mixin.py:188} INFO - [2026-01-02T19:46:44.005+0000] {dag.py:3036} INFO - Sync 1 DAGs
[2026-01-02T19:46:44.029+0000] {logging_mixin.py:188} INFO - [2026-01-02T19:46:44.029+0000] {dag.py:3823} INFO - Setting next_dagrun for match_features_pipeline to 2026-01-02 00:00:00+00:00, run_after=2026-01-03 00:00:00+00:00
[2026-01-02T19:46:44.048+0000] {processor.py:183} INFO - Processing /opt/airflow/dags/prediction_features_pipeline.py took 0.092 seconds
[2026-01-02T19:47:14.401+0000] {processor.py:161} INFO - Started process (PID=27486) to work on /opt/airflow/dags/prediction_features_pipeline.py
[2026-01-02T19:47:14.403+0000] {processor.py:830} INFO - Processing file /opt/airflow/dags/prediction_features_pipeline.py for tasks to queue
[2026-01-02T19:47:14.403+0000] {logging_mixin.py:188} INFO - [2026-01-02T19:47:14.403+0000] {dagbag.py:538} INFO - Filling up the DagBag from /opt/airflow/dags/prediction_features_pipeline.py
[2026-01-02T19:47:14.423+0000] {processor.py:840} INFO - DAG(s) 'match_features_pipeline' retrieved from /opt/airflow/dags/prediction_features_pipeline.py
[2026-01-02T19:47:14.446+0000] {logging_mixin.py:188} INFO - [2026-01-02T19:47:14.446+0000] {dag.py:3036} INFO - Sync 1 DAGs
[2026-01-02T19:47:14.469+0000] {logging_mixin.py:188} INFO - [2026-01-02T19:47:14.469+0000] {dag.py:3823} INFO - Setting next_dagrun for match_features_pipeline to 2026-01-02 00:00:00+00:00, run_after=2026-01-03 00:00:00+00:00
[2026-01-02T19:47:14.488+0000] {processor.py:183} INFO - Processing /opt/airflow/dags/prediction_features_pipeline.py took 0.090 seconds
[2026-01-02T19:47:44.997+0000] {processor.py:161} INFO - Started process (PID=27506) to work on /opt/airflow/dags/prediction_features_pipeline.py
[2026-01-02T19:47:44.998+0000] {processor.py:830} INFO - Processing file /opt/airflow/dags/prediction_features_pipeline.py for tasks to queue
[2026-01-02T19:47:44.999+0000] {logging_mixin.py:188} INFO - [2026-01-02T19:47:44.999+0000] {dagbag.py:538} INFO - Filling up the DagBag from /opt/airflow/dags/prediction_features_pipeline.py
[2026-01-02T19:47:45.019+0000] {processor.py:840} INFO - DAG(s) 'match_features_pipeline' retrieved from /opt/airflow/dags/prediction_features_pipeline.py
[2026-01-02T19:47:45.044+0000] {logging_mixin.py:188} INFO - [2026-01-02T19:47:45.043+0000] {dag.py:3036} INFO - Sync 1 DAGs
[2026-01-02T19:47:45.066+0000] {logging_mixin.py:188} INFO - [2026-01-02T19:47:45.066+0000] {dag.py:3823} INFO - Setting next_dagrun for match_features_pipeline to 2026-01-02 00:00:00+00:00, run_after=2026-01-03 00:00:00+00:00
[2026-01-02T19:47:45.090+0000] {processor.py:183} INFO - Processing /opt/airflow/dags/prediction_features_pipeline.py took 0.096 seconds
[2026-01-02T19:48:15.425+0000] {processor.py:161} INFO - Started process (PID=27526) to work on /opt/airflow/dags/prediction_features_pipeline.py
[2026-01-02T19:48:15.426+0000] {processor.py:830} INFO - Processing file /opt/airflow/dags/prediction_features_pipeline.py for tasks to queue
[2026-01-02T19:48:15.427+0000] {logging_mixin.py:188} INFO - [2026-01-02T19:48:15.426+0000] {dagbag.py:538} INFO - Filling up the DagBag from /opt/airflow/dags/prediction_features_pipeline.py
[2026-01-02T19:48:15.447+0000] {processor.py:840} INFO - DAG(s) 'match_features_pipeline' retrieved from /opt/airflow/dags/prediction_features_pipeline.py
[2026-01-02T19:48:15.471+0000] {logging_mixin.py:188} INFO - [2026-01-02T19:48:15.471+0000] {dag.py:3036} INFO - Sync 1 DAGs
[2026-01-02T19:48:15.494+0000] {logging_mixin.py:188} INFO - [2026-01-02T19:48:15.494+0000] {dag.py:3823} INFO - Setting next_dagrun for match_features_pipeline to 2026-01-02 00:00:00+00:00, run_after=2026-01-03 00:00:00+00:00
[2026-01-02T19:48:15.513+0000] {processor.py:183} INFO - Processing /opt/airflow/dags/prediction_features_pipeline.py took 0.092 seconds
[2026-01-02T19:48:45.963+0000] {processor.py:161} INFO - Started process (PID=27546) to work on /opt/airflow/dags/prediction_features_pipeline.py
[2026-01-02T19:48:45.964+0000] {processor.py:830} INFO - Processing file /opt/airflow/dags/prediction_features_pipeline.py for tasks to queue
[2026-01-02T19:48:45.966+0000] {logging_mixin.py:188} INFO - [2026-01-02T19:48:45.965+0000] {dagbag.py:538} INFO - Filling up the DagBag from /opt/airflow/dags/prediction_features_pipeline.py
[2026-01-02T19:48:45.989+0000] {processor.py:840} INFO - DAG(s) 'match_features_pipeline' retrieved from /opt/airflow/dags/prediction_features_pipeline.py
[2026-01-02T19:48:46.014+0000] {logging_mixin.py:188} INFO - [2026-01-02T19:48:46.014+0000] {dag.py:3036} INFO - Sync 1 DAGs
[2026-01-02T19:48:46.040+0000] {logging_mixin.py:188} INFO - [2026-01-02T19:48:46.040+0000] {dag.py:3823} INFO - Setting next_dagrun for match_features_pipeline to 2026-01-02 00:00:00+00:00, run_after=2026-01-03 00:00:00+00:00
[2026-01-02T19:48:46.060+0000] {processor.py:183} INFO - Processing /opt/airflow/dags/prediction_features_pipeline.py took 0.102 seconds
[2026-01-02T19:49:16.510+0000] {processor.py:161} INFO - Started process (PID=27566) to work on /opt/airflow/dags/prediction_features_pipeline.py
[2026-01-02T19:49:16.511+0000] {processor.py:830} INFO - Processing file /opt/airflow/dags/prediction_features_pipeline.py for tasks to queue
[2026-01-02T19:49:16.512+0000] {logging_mixin.py:188} INFO - [2026-01-02T19:49:16.512+0000] {dagbag.py:538} INFO - Filling up the DagBag from /opt/airflow/dags/prediction_features_pipeline.py
[2026-01-02T19:49:16.533+0000] {processor.py:840} INFO - DAG(s) 'match_features_pipeline' retrieved from /opt/airflow/dags/prediction_features_pipeline.py
[2026-01-02T19:49:16.556+0000] {logging_mixin.py:188} INFO - [2026-01-02T19:49:16.556+0000] {dag.py:3036} INFO - Sync 1 DAGs
[2026-01-02T19:49:16.581+0000] {logging_mixin.py:188} INFO - [2026-01-02T19:49:16.581+0000] {dag.py:3823} INFO - Setting next_dagrun for match_features_pipeline to 2026-01-02 00:00:00+00:00, run_after=2026-01-03 00:00:00+00:00
[2026-01-02T19:49:16.601+0000] {processor.py:183} INFO - Processing /opt/airflow/dags/prediction_features_pipeline.py took 0.094 seconds
[2026-01-02T19:49:46.946+0000] {processor.py:161} INFO - Started process (PID=27586) to work on /opt/airflow/dags/prediction_features_pipeline.py
[2026-01-02T19:49:46.947+0000] {processor.py:830} INFO - Processing file /opt/airflow/dags/prediction_features_pipeline.py for tasks to queue
[2026-01-02T19:49:46.948+0000] {logging_mixin.py:188} INFO - [2026-01-02T19:49:46.948+0000] {dagbag.py:538} INFO - Filling up the DagBag from /opt/airflow/dags/prediction_features_pipeline.py
[2026-01-02T19:49:46.969+0000] {processor.py:840} INFO - DAG(s) 'match_features_pipeline' retrieved from /opt/airflow/dags/prediction_features_pipeline.py
[2026-01-02T19:49:46.994+0000] {logging_mixin.py:188} INFO - [2026-01-02T19:49:46.994+0000] {dag.py:3036} INFO - Sync 1 DAGs
[2026-01-02T19:49:47.017+0000] {logging_mixin.py:188} INFO - [2026-01-02T19:49:47.017+0000] {dag.py:3823} INFO - Setting next_dagrun for match_features_pipeline to 2026-01-02 00:00:00+00:00, run_after=2026-01-03 00:00:00+00:00
[2026-01-02T19:49:47.041+0000] {processor.py:183} INFO - Processing /opt/airflow/dags/prediction_features_pipeline.py took 0.098 seconds
[2026-01-02T19:50:17.386+0000] {processor.py:161} INFO - Started process (PID=27606) to work on /opt/airflow/dags/prediction_features_pipeline.py
[2026-01-02T19:50:17.388+0000] {processor.py:830} INFO - Processing file /opt/airflow/dags/prediction_features_pipeline.py for tasks to queue
[2026-01-02T19:50:17.390+0000] {logging_mixin.py:188} INFO - [2026-01-02T19:50:17.389+0000] {dagbag.py:538} INFO - Filling up the DagBag from /opt/airflow/dags/prediction_features_pipeline.py
[2026-01-02T19:50:17.417+0000] {processor.py:840} INFO - DAG(s) 'match_features_pipeline' retrieved from /opt/airflow/dags/prediction_features_pipeline.py
[2026-01-02T19:50:17.445+0000] {logging_mixin.py:188} INFO - [2026-01-02T19:50:17.445+0000] {dag.py:3036} INFO - Sync 1 DAGs
[2026-01-02T19:50:17.476+0000] {logging_mixin.py:188} INFO - [2026-01-02T19:50:17.476+0000] {dag.py:3823} INFO - Setting next_dagrun for match_features_pipeline to 2026-01-02 00:00:00+00:00, run_after=2026-01-03 00:00:00+00:00
[2026-01-02T19:50:17.495+0000] {processor.py:183} INFO - Processing /opt/airflow/dags/prediction_features_pipeline.py took 0.114 seconds
[2026-01-02T19:50:47.933+0000] {processor.py:161} INFO - Started process (PID=27626) to work on /opt/airflow/dags/prediction_features_pipeline.py
[2026-01-02T19:50:47.934+0000] {processor.py:830} INFO - Processing file /opt/airflow/dags/prediction_features_pipeline.py for tasks to queue
[2026-01-02T19:50:47.935+0000] {logging_mixin.py:188} INFO - [2026-01-02T19:50:47.934+0000] {dagbag.py:538} INFO - Filling up the DagBag from /opt/airflow/dags/prediction_features_pipeline.py
[2026-01-02T19:50:47.955+0000] {processor.py:840} INFO - DAG(s) 'match_features_pipeline' retrieved from /opt/airflow/dags/prediction_features_pipeline.py
[2026-01-02T19:50:47.979+0000] {logging_mixin.py:188} INFO - [2026-01-02T19:50:47.979+0000] {dag.py:3036} INFO - Sync 1 DAGs
[2026-01-02T19:50:48.002+0000] {logging_mixin.py:188} INFO - [2026-01-02T19:50:48.002+0000] {dag.py:3823} INFO - Setting next_dagrun for match_features_pipeline to 2026-01-02 00:00:00+00:00, run_after=2026-01-03 00:00:00+00:00
[2026-01-02T19:50:48.021+0000] {processor.py:183} INFO - Processing /opt/airflow/dags/prediction_features_pipeline.py took 0.091 seconds
[2026-01-02T19:51:18.369+0000] {processor.py:161} INFO - Started process (PID=27646) to work on /opt/airflow/dags/prediction_features_pipeline.py
[2026-01-02T19:51:18.370+0000] {processor.py:830} INFO - Processing file /opt/airflow/dags/prediction_features_pipeline.py for tasks to queue
[2026-01-02T19:51:18.371+0000] {logging_mixin.py:188} INFO - [2026-01-02T19:51:18.371+0000] {dagbag.py:538} INFO - Filling up the DagBag from /opt/airflow/dags/prediction_features_pipeline.py
[2026-01-02T19:51:18.391+0000] {processor.py:840} INFO - DAG(s) 'match_features_pipeline' retrieved from /opt/airflow/dags/prediction_features_pipeline.py
[2026-01-02T19:51:18.415+0000] {logging_mixin.py:188} INFO - [2026-01-02T19:51:18.415+0000] {dag.py:3036} INFO - Sync 1 DAGs
[2026-01-02T19:51:18.438+0000] {logging_mixin.py:188} INFO - [2026-01-02T19:51:18.438+0000] {dag.py:3823} INFO - Setting next_dagrun for match_features_pipeline to 2026-01-02 00:00:00+00:00, run_after=2026-01-03 00:00:00+00:00
[2026-01-02T19:51:18.463+0000] {processor.py:183} INFO - Processing /opt/airflow/dags/prediction_features_pipeline.py took 0.096 seconds
[2026-01-02T19:51:48.801+0000] {processor.py:161} INFO - Started process (PID=27666) to work on /opt/airflow/dags/prediction_features_pipeline.py
[2026-01-02T19:51:48.802+0000] {processor.py:830} INFO - Processing file /opt/airflow/dags/prediction_features_pipeline.py for tasks to queue
[2026-01-02T19:51:48.803+0000] {logging_mixin.py:188} INFO - [2026-01-02T19:51:48.803+0000] {dagbag.py:538} INFO - Filling up the DagBag from /opt/airflow/dags/prediction_features_pipeline.py
[2026-01-02T19:51:48.824+0000] {processor.py:840} INFO - DAG(s) 'match_features_pipeline' retrieved from /opt/airflow/dags/prediction_features_pipeline.py
[2026-01-02T19:51:48.849+0000] {logging_mixin.py:188} INFO - [2026-01-02T19:51:48.849+0000] {dag.py:3036} INFO - Sync 1 DAGs
[2026-01-02T19:51:48.873+0000] {logging_mixin.py:188} INFO - [2026-01-02T19:51:48.873+0000] {dag.py:3823} INFO - Setting next_dagrun for match_features_pipeline to 2026-01-02 00:00:00+00:00, run_after=2026-01-03 00:00:00+00:00
[2026-01-02T19:51:48.896+0000] {processor.py:183} INFO - Processing /opt/airflow/dags/prediction_features_pipeline.py took 0.098 seconds
[2026-01-02T19:52:19.242+0000] {processor.py:161} INFO - Started process (PID=27686) to work on /opt/airflow/dags/prediction_features_pipeline.py
[2026-01-02T19:52:19.243+0000] {processor.py:830} INFO - Processing file /opt/airflow/dags/prediction_features_pipeline.py for tasks to queue
[2026-01-02T19:52:19.245+0000] {logging_mixin.py:188} INFO - [2026-01-02T19:52:19.245+0000] {dagbag.py:538} INFO - Filling up the DagBag from /opt/airflow/dags/prediction_features_pipeline.py
[2026-01-02T19:52:19.267+0000] {processor.py:840} INFO - DAG(s) 'match_features_pipeline' retrieved from /opt/airflow/dags/prediction_features_pipeline.py
[2026-01-02T19:52:19.296+0000] {logging_mixin.py:188} INFO - [2026-01-02T19:52:19.296+0000] {dag.py:3036} INFO - Sync 1 DAGs
[2026-01-02T19:52:19.321+0000] {logging_mixin.py:188} INFO - [2026-01-02T19:52:19.321+0000] {dag.py:3823} INFO - Setting next_dagrun for match_features_pipeline to 2026-01-02 00:00:00+00:00, run_after=2026-01-03 00:00:00+00:00
[2026-01-02T19:52:19.341+0000] {processor.py:183} INFO - Processing /opt/airflow/dags/prediction_features_pipeline.py took 0.103 seconds
[2026-01-02T19:52:49.724+0000] {processor.py:161} INFO - Started process (PID=27706) to work on /opt/airflow/dags/prediction_features_pipeline.py
[2026-01-02T19:52:49.725+0000] {processor.py:830} INFO - Processing file /opt/airflow/dags/prediction_features_pipeline.py for tasks to queue
[2026-01-02T19:52:49.726+0000] {logging_mixin.py:188} INFO - [2026-01-02T19:52:49.725+0000] {dagbag.py:538} INFO - Filling up the DagBag from /opt/airflow/dags/prediction_features_pipeline.py
[2026-01-02T19:52:49.746+0000] {processor.py:840} INFO - DAG(s) 'match_features_pipeline' retrieved from /opt/airflow/dags/prediction_features_pipeline.py
[2026-01-02T19:52:49.770+0000] {logging_mixin.py:188} INFO - [2026-01-02T19:52:49.770+0000] {dag.py:3036} INFO - Sync 1 DAGs
[2026-01-02T19:52:49.793+0000] {logging_mixin.py:188} INFO - [2026-01-02T19:52:49.793+0000] {dag.py:3823} INFO - Setting next_dagrun for match_features_pipeline to 2026-01-02 00:00:00+00:00, run_after=2026-01-03 00:00:00+00:00
[2026-01-02T19:52:49.812+0000] {processor.py:183} INFO - Processing /opt/airflow/dags/prediction_features_pipeline.py took 0.091 seconds
[2026-01-02T19:53:20.150+0000] {processor.py:161} INFO - Started process (PID=27726) to work on /opt/airflow/dags/prediction_features_pipeline.py
[2026-01-02T19:53:20.151+0000] {processor.py:830} INFO - Processing file /opt/airflow/dags/prediction_features_pipeline.py for tasks to queue
[2026-01-02T19:53:20.152+0000] {logging_mixin.py:188} INFO - [2026-01-02T19:53:20.152+0000] {dagbag.py:538} INFO - Filling up the DagBag from /opt/airflow/dags/prediction_features_pipeline.py
[2026-01-02T19:53:20.175+0000] {processor.py:840} INFO - DAG(s) 'match_features_pipeline' retrieved from /opt/airflow/dags/prediction_features_pipeline.py
[2026-01-02T19:53:20.199+0000] {logging_mixin.py:188} INFO - [2026-01-02T19:53:20.199+0000] {dag.py:3036} INFO - Sync 1 DAGs
[2026-01-02T19:53:20.223+0000] {logging_mixin.py:188} INFO - [2026-01-02T19:53:20.222+0000] {dag.py:3823} INFO - Setting next_dagrun for match_features_pipeline to 2026-01-02 00:00:00+00:00, run_after=2026-01-03 00:00:00+00:00
[2026-01-02T19:53:20.242+0000] {processor.py:183} INFO - Processing /opt/airflow/dags/prediction_features_pipeline.py took 0.096 seconds
[2026-01-02T19:53:50.685+0000] {processor.py:161} INFO - Started process (PID=27746) to work on /opt/airflow/dags/prediction_features_pipeline.py
[2026-01-02T19:53:50.687+0000] {processor.py:830} INFO - Processing file /opt/airflow/dags/prediction_features_pipeline.py for tasks to queue
[2026-01-02T19:53:50.688+0000] {logging_mixin.py:188} INFO - [2026-01-02T19:53:50.687+0000] {dagbag.py:538} INFO - Filling up the DagBag from /opt/airflow/dags/prediction_features_pipeline.py
[2026-01-02T19:53:50.711+0000] {processor.py:840} INFO - DAG(s) 'match_features_pipeline' retrieved from /opt/airflow/dags/prediction_features_pipeline.py
[2026-01-02T19:53:50.735+0000] {logging_mixin.py:188} INFO - [2026-01-02T19:53:50.735+0000] {dag.py:3036} INFO - Sync 1 DAGs
[2026-01-02T19:53:50.757+0000] {logging_mixin.py:188} INFO - [2026-01-02T19:53:50.757+0000] {dag.py:3823} INFO - Setting next_dagrun for match_features_pipeline to 2026-01-02 00:00:00+00:00, run_after=2026-01-03 00:00:00+00:00
[2026-01-02T19:53:50.777+0000] {processor.py:183} INFO - Processing /opt/airflow/dags/prediction_features_pipeline.py took 0.096 seconds
[2026-01-02T19:54:21.118+0000] {processor.py:161} INFO - Started process (PID=27766) to work on /opt/airflow/dags/prediction_features_pipeline.py
[2026-01-02T19:54:21.119+0000] {processor.py:830} INFO - Processing file /opt/airflow/dags/prediction_features_pipeline.py for tasks to queue
[2026-01-02T19:54:21.120+0000] {logging_mixin.py:188} INFO - [2026-01-02T19:54:21.120+0000] {dagbag.py:538} INFO - Filling up the DagBag from /opt/airflow/dags/prediction_features_pipeline.py
[2026-01-02T19:54:21.142+0000] {processor.py:840} INFO - DAG(s) 'match_features_pipeline' retrieved from /opt/airflow/dags/prediction_features_pipeline.py
[2026-01-02T19:54:21.167+0000] {logging_mixin.py:188} INFO - [2026-01-02T19:54:21.167+0000] {dag.py:3036} INFO - Sync 1 DAGs
[2026-01-02T19:54:21.193+0000] {logging_mixin.py:188} INFO - [2026-01-02T19:54:21.192+0000] {dag.py:3823} INFO - Setting next_dagrun for match_features_pipeline to 2026-01-02 00:00:00+00:00, run_after=2026-01-03 00:00:00+00:00
[2026-01-02T19:54:21.213+0000] {processor.py:183} INFO - Processing /opt/airflow/dags/prediction_features_pipeline.py took 0.100 seconds
[2026-01-02T19:54:51.564+0000] {processor.py:161} INFO - Started process (PID=27786) to work on /opt/airflow/dags/prediction_features_pipeline.py
[2026-01-02T19:54:51.565+0000] {processor.py:830} INFO - Processing file /opt/airflow/dags/prediction_features_pipeline.py for tasks to queue
[2026-01-02T19:54:51.566+0000] {logging_mixin.py:188} INFO - [2026-01-02T19:54:51.566+0000] {dagbag.py:538} INFO - Filling up the DagBag from /opt/airflow/dags/prediction_features_pipeline.py
[2026-01-02T19:54:51.588+0000] {processor.py:840} INFO - DAG(s) 'match_features_pipeline' retrieved from /opt/airflow/dags/prediction_features_pipeline.py
[2026-01-02T19:54:51.613+0000] {logging_mixin.py:188} INFO - [2026-01-02T19:54:51.612+0000] {dag.py:3036} INFO - Sync 1 DAGs
[2026-01-02T19:54:51.638+0000] {logging_mixin.py:188} INFO - [2026-01-02T19:54:51.637+0000] {dag.py:3823} INFO - Setting next_dagrun for match_features_pipeline to 2026-01-02 00:00:00+00:00, run_after=2026-01-03 00:00:00+00:00
[2026-01-02T19:54:51.659+0000] {processor.py:183} INFO - Processing /opt/airflow/dags/prediction_features_pipeline.py took 0.099 seconds
[2026-01-02T19:55:21.990+0000] {processor.py:161} INFO - Started process (PID=27806) to work on /opt/airflow/dags/prediction_features_pipeline.py
[2026-01-02T19:55:21.991+0000] {processor.py:830} INFO - Processing file /opt/airflow/dags/prediction_features_pipeline.py for tasks to queue
[2026-01-02T19:55:21.992+0000] {logging_mixin.py:188} INFO - [2026-01-02T19:55:21.992+0000] {dagbag.py:538} INFO - Filling up the DagBag from /opt/airflow/dags/prediction_features_pipeline.py
[2026-01-02T19:55:22.014+0000] {processor.py:840} INFO - DAG(s) 'match_features_pipeline' retrieved from /opt/airflow/dags/prediction_features_pipeline.py
[2026-01-02T19:55:22.039+0000] {logging_mixin.py:188} INFO - [2026-01-02T19:55:22.039+0000] {dag.py:3036} INFO - Sync 1 DAGs
[2026-01-02T19:55:22.064+0000] {logging_mixin.py:188} INFO - [2026-01-02T19:55:22.064+0000] {dag.py:3823} INFO - Setting next_dagrun for match_features_pipeline to 2026-01-02 00:00:00+00:00, run_after=2026-01-03 00:00:00+00:00
[2026-01-02T19:55:22.083+0000] {processor.py:183} INFO - Processing /opt/airflow/dags/prediction_features_pipeline.py took 0.097 seconds
[2026-01-02T19:55:52.527+0000] {processor.py:161} INFO - Started process (PID=27826) to work on /opt/airflow/dags/prediction_features_pipeline.py
[2026-01-02T19:55:52.528+0000] {processor.py:830} INFO - Processing file /opt/airflow/dags/prediction_features_pipeline.py for tasks to queue
[2026-01-02T19:55:52.529+0000] {logging_mixin.py:188} INFO - [2026-01-02T19:55:52.529+0000] {dagbag.py:538} INFO - Filling up the DagBag from /opt/airflow/dags/prediction_features_pipeline.py
[2026-01-02T19:55:52.551+0000] {processor.py:840} INFO - DAG(s) 'match_features_pipeline' retrieved from /opt/airflow/dags/prediction_features_pipeline.py
[2026-01-02T19:55:52.576+0000] {logging_mixin.py:188} INFO - [2026-01-02T19:55:52.576+0000] {dag.py:3036} INFO - Sync 1 DAGs
[2026-01-02T19:55:52.600+0000] {logging_mixin.py:188} INFO - [2026-01-02T19:55:52.599+0000] {dag.py:3823} INFO - Setting next_dagrun for match_features_pipeline to 2026-01-02 00:00:00+00:00, run_after=2026-01-03 00:00:00+00:00
[2026-01-02T19:55:52.618+0000] {processor.py:183} INFO - Processing /opt/airflow/dags/prediction_features_pipeline.py took 0.095 seconds
[2026-01-02T19:56:23.072+0000] {processor.py:161} INFO - Started process (PID=27846) to work on /opt/airflow/dags/prediction_features_pipeline.py
[2026-01-02T19:56:23.073+0000] {processor.py:830} INFO - Processing file /opt/airflow/dags/prediction_features_pipeline.py for tasks to queue
[2026-01-02T19:56:23.074+0000] {logging_mixin.py:188} INFO - [2026-01-02T19:56:23.074+0000] {dagbag.py:538} INFO - Filling up the DagBag from /opt/airflow/dags/prediction_features_pipeline.py
[2026-01-02T19:56:23.095+0000] {processor.py:840} INFO - DAG(s) 'match_features_pipeline' retrieved from /opt/airflow/dags/prediction_features_pipeline.py
[2026-01-02T19:56:23.120+0000] {logging_mixin.py:188} INFO - [2026-01-02T19:56:23.120+0000] {dag.py:3036} INFO - Sync 1 DAGs
[2026-01-02T19:56:23.143+0000] {logging_mixin.py:188} INFO - [2026-01-02T19:56:23.143+0000] {dag.py:3823} INFO - Setting next_dagrun for match_features_pipeline to 2026-01-02 00:00:00+00:00, run_after=2026-01-03 00:00:00+00:00
[2026-01-02T19:56:23.164+0000] {processor.py:183} INFO - Processing /opt/airflow/dags/prediction_features_pipeline.py took 0.096 seconds
[2026-01-02T19:56:53.498+0000] {processor.py:161} INFO - Started process (PID=27866) to work on /opt/airflow/dags/prediction_features_pipeline.py
[2026-01-02T19:56:53.499+0000] {processor.py:830} INFO - Processing file /opt/airflow/dags/prediction_features_pipeline.py for tasks to queue
[2026-01-02T19:56:53.500+0000] {logging_mixin.py:188} INFO - [2026-01-02T19:56:53.500+0000] {dagbag.py:538} INFO - Filling up the DagBag from /opt/airflow/dags/prediction_features_pipeline.py
[2026-01-02T19:56:53.520+0000] {processor.py:840} INFO - DAG(s) 'match_features_pipeline' retrieved from /opt/airflow/dags/prediction_features_pipeline.py
[2026-01-02T19:56:53.546+0000] {logging_mixin.py:188} INFO - [2026-01-02T19:56:53.545+0000] {dag.py:3036} INFO - Sync 1 DAGs
[2026-01-02T19:56:53.570+0000] {logging_mixin.py:188} INFO - [2026-01-02T19:56:53.569+0000] {dag.py:3823} INFO - Setting next_dagrun for match_features_pipeline to 2026-01-02 00:00:00+00:00, run_after=2026-01-03 00:00:00+00:00
[2026-01-02T19:56:53.590+0000] {processor.py:183} INFO - Processing /opt/airflow/dags/prediction_features_pipeline.py took 0.094 seconds
[2026-01-02T19:57:23.925+0000] {processor.py:161} INFO - Started process (PID=27886) to work on /opt/airflow/dags/prediction_features_pipeline.py
[2026-01-02T19:57:23.927+0000] {processor.py:830} INFO - Processing file /opt/airflow/dags/prediction_features_pipeline.py for tasks to queue
[2026-01-02T19:57:23.928+0000] {logging_mixin.py:188} INFO - [2026-01-02T19:57:23.927+0000] {dagbag.py:538} INFO - Filling up the DagBag from /opt/airflow/dags/prediction_features_pipeline.py
[2026-01-02T19:57:23.949+0000] {processor.py:840} INFO - DAG(s) 'match_features_pipeline' retrieved from /opt/airflow/dags/prediction_features_pipeline.py
[2026-01-02T19:57:23.974+0000] {logging_mixin.py:188} INFO - [2026-01-02T19:57:23.973+0000] {dag.py:3036} INFO - Sync 1 DAGs
[2026-01-02T19:57:23.997+0000] {logging_mixin.py:188} INFO - [2026-01-02T19:57:23.997+0000] {dag.py:3823} INFO - Setting next_dagrun for match_features_pipeline to 2026-01-02 00:00:00+00:00, run_after=2026-01-03 00:00:00+00:00
[2026-01-02T19:57:24.017+0000] {processor.py:183} INFO - Processing /opt/airflow/dags/prediction_features_pipeline.py took 0.094 seconds
[2026-01-02T19:57:54.519+0000] {processor.py:161} INFO - Started process (PID=27906) to work on /opt/airflow/dags/prediction_features_pipeline.py
[2026-01-02T19:57:54.520+0000] {processor.py:830} INFO - Processing file /opt/airflow/dags/prediction_features_pipeline.py for tasks to queue
[2026-01-02T19:57:54.522+0000] {logging_mixin.py:188} INFO - [2026-01-02T19:57:54.522+0000] {dagbag.py:538} INFO - Filling up the DagBag from /opt/airflow/dags/prediction_features_pipeline.py
[2026-01-02T19:57:54.543+0000] {processor.py:840} INFO - DAG(s) 'match_features_pipeline' retrieved from /opt/airflow/dags/prediction_features_pipeline.py
[2026-01-02T19:57:54.567+0000] {logging_mixin.py:188} INFO - [2026-01-02T19:57:54.566+0000] {dag.py:3036} INFO - Sync 1 DAGs
[2026-01-02T19:57:54.591+0000] {logging_mixin.py:188} INFO - [2026-01-02T19:57:54.590+0000] {dag.py:3823} INFO - Setting next_dagrun for match_features_pipeline to 2026-01-02 00:00:00+00:00, run_after=2026-01-03 00:00:00+00:00
[2026-01-02T19:57:54.616+0000] {processor.py:183} INFO - Processing /opt/airflow/dags/prediction_features_pipeline.py took 0.101 seconds
[2026-01-02T19:58:24.956+0000] {processor.py:161} INFO - Started process (PID=27926) to work on /opt/airflow/dags/prediction_features_pipeline.py
[2026-01-02T19:58:24.957+0000] {processor.py:830} INFO - Processing file /opt/airflow/dags/prediction_features_pipeline.py for tasks to queue
[2026-01-02T19:58:24.958+0000] {logging_mixin.py:188} INFO - [2026-01-02T19:58:24.958+0000] {dagbag.py:538} INFO - Filling up the DagBag from /opt/airflow/dags/prediction_features_pipeline.py
[2026-01-02T19:58:24.979+0000] {processor.py:840} INFO - DAG(s) 'match_features_pipeline' retrieved from /opt/airflow/dags/prediction_features_pipeline.py
[2026-01-02T19:58:25.003+0000] {logging_mixin.py:188} INFO - [2026-01-02T19:58:25.003+0000] {dag.py:3036} INFO - Sync 1 DAGs
[2026-01-02T19:58:25.026+0000] {logging_mixin.py:188} INFO - [2026-01-02T19:58:25.025+0000] {dag.py:3823} INFO - Setting next_dagrun for match_features_pipeline to 2026-01-02 00:00:00+00:00, run_after=2026-01-03 00:00:00+00:00
[2026-01-02T19:58:25.055+0000] {processor.py:183} INFO - Processing /opt/airflow/dags/prediction_features_pipeline.py took 0.103 seconds
[2026-01-02T19:58:55.385+0000] {processor.py:161} INFO - Started process (PID=27946) to work on /opt/airflow/dags/prediction_features_pipeline.py
[2026-01-02T19:58:55.386+0000] {processor.py:830} INFO - Processing file /opt/airflow/dags/prediction_features_pipeline.py for tasks to queue
[2026-01-02T19:58:55.387+0000] {logging_mixin.py:188} INFO - [2026-01-02T19:58:55.387+0000] {dagbag.py:538} INFO - Filling up the DagBag from /opt/airflow/dags/prediction_features_pipeline.py
[2026-01-02T19:58:55.409+0000] {processor.py:840} INFO - DAG(s) 'match_features_pipeline' retrieved from /opt/airflow/dags/prediction_features_pipeline.py
[2026-01-02T19:58:55.433+0000] {logging_mixin.py:188} INFO - [2026-01-02T19:58:55.433+0000] {dag.py:3036} INFO - Sync 1 DAGs
[2026-01-02T19:58:55.456+0000] {logging_mixin.py:188} INFO - [2026-01-02T19:58:55.456+0000] {dag.py:3823} INFO - Setting next_dagrun for match_features_pipeline to 2026-01-02 00:00:00+00:00, run_after=2026-01-03 00:00:00+00:00
[2026-01-02T19:58:55.475+0000] {processor.py:183} INFO - Processing /opt/airflow/dags/prediction_features_pipeline.py took 0.094 seconds
[2026-01-02T19:59:25.923+0000] {processor.py:161} INFO - Started process (PID=27966) to work on /opt/airflow/dags/prediction_features_pipeline.py
[2026-01-02T19:59:25.925+0000] {processor.py:830} INFO - Processing file /opt/airflow/dags/prediction_features_pipeline.py for tasks to queue
[2026-01-02T19:59:25.926+0000] {logging_mixin.py:188} INFO - [2026-01-02T19:59:25.925+0000] {dagbag.py:538} INFO - Filling up the DagBag from /opt/airflow/dags/prediction_features_pipeline.py
[2026-01-02T19:59:25.947+0000] {processor.py:840} INFO - DAG(s) 'match_features_pipeline' retrieved from /opt/airflow/dags/prediction_features_pipeline.py
[2026-01-02T19:59:25.971+0000] {logging_mixin.py:188} INFO - [2026-01-02T19:59:25.970+0000] {dag.py:3036} INFO - Sync 1 DAGs
[2026-01-02T19:59:25.993+0000] {logging_mixin.py:188} INFO - [2026-01-02T19:59:25.993+0000] {dag.py:3823} INFO - Setting next_dagrun for match_features_pipeline to 2026-01-02 00:00:00+00:00, run_after=2026-01-03 00:00:00+00:00
[2026-01-02T19:59:26.012+0000] {processor.py:183} INFO - Processing /opt/airflow/dags/prediction_features_pipeline.py took 0.092 seconds
[2026-01-02T19:59:56.357+0000] {processor.py:161} INFO - Started process (PID=27986) to work on /opt/airflow/dags/prediction_features_pipeline.py
[2026-01-02T19:59:56.358+0000] {processor.py:830} INFO - Processing file /opt/airflow/dags/prediction_features_pipeline.py for tasks to queue
[2026-01-02T19:59:56.359+0000] {logging_mixin.py:188} INFO - [2026-01-02T19:59:56.359+0000] {dagbag.py:538} INFO - Filling up the DagBag from /opt/airflow/dags/prediction_features_pipeline.py
[2026-01-02T19:59:56.379+0000] {processor.py:840} INFO - DAG(s) 'match_features_pipeline' retrieved from /opt/airflow/dags/prediction_features_pipeline.py
[2026-01-02T19:59:56.403+0000] {logging_mixin.py:188} INFO - [2026-01-02T19:59:56.403+0000] {dag.py:3036} INFO - Sync 1 DAGs
[2026-01-02T19:59:56.426+0000] {logging_mixin.py:188} INFO - [2026-01-02T19:59:56.426+0000] {dag.py:3823} INFO - Setting next_dagrun for match_features_pipeline to 2026-01-02 00:00:00+00:00, run_after=2026-01-03 00:00:00+00:00
[2026-01-02T19:59:56.451+0000] {processor.py:183} INFO - Processing /opt/airflow/dags/prediction_features_pipeline.py took 0.098 seconds
[2026-01-02T20:00:26.791+0000] {processor.py:161} INFO - Started process (PID=28006) to work on /opt/airflow/dags/prediction_features_pipeline.py
[2026-01-02T20:00:26.792+0000] {processor.py:830} INFO - Processing file /opt/airflow/dags/prediction_features_pipeline.py for tasks to queue
[2026-01-02T20:00:26.793+0000] {logging_mixin.py:188} INFO - [2026-01-02T20:00:26.793+0000] {dagbag.py:538} INFO - Filling up the DagBag from /opt/airflow/dags/prediction_features_pipeline.py
[2026-01-02T20:00:26.815+0000] {processor.py:840} INFO - DAG(s) 'match_features_pipeline' retrieved from /opt/airflow/dags/prediction_features_pipeline.py
[2026-01-02T20:00:26.838+0000] {logging_mixin.py:188} INFO - [2026-01-02T20:00:26.838+0000] {dag.py:3036} INFO - Sync 1 DAGs
[2026-01-02T20:00:26.862+0000] {logging_mixin.py:188} INFO - [2026-01-02T20:00:26.861+0000] {dag.py:3823} INFO - Setting next_dagrun for match_features_pipeline to 2026-01-02 00:00:00+00:00, run_after=2026-01-03 00:00:00+00:00
[2026-01-02T20:00:26.881+0000] {processor.py:183} INFO - Processing /opt/airflow/dags/prediction_features_pipeline.py took 0.094 seconds
[2026-01-02T20:00:57.311+0000] {processor.py:161} INFO - Started process (PID=28026) to work on /opt/airflow/dags/prediction_features_pipeline.py
[2026-01-02T20:00:57.313+0000] {processor.py:830} INFO - Processing file /opt/airflow/dags/prediction_features_pipeline.py for tasks to queue
[2026-01-02T20:00:57.314+0000] {logging_mixin.py:188} INFO - [2026-01-02T20:00:57.313+0000] {dagbag.py:538} INFO - Filling up the DagBag from /opt/airflow/dags/prediction_features_pipeline.py
[2026-01-02T20:00:57.337+0000] {processor.py:840} INFO - DAG(s) 'match_features_pipeline' retrieved from /opt/airflow/dags/prediction_features_pipeline.py
[2026-01-02T20:00:57.362+0000] {logging_mixin.py:188} INFO - [2026-01-02T20:00:57.362+0000] {dag.py:3036} INFO - Sync 1 DAGs
[2026-01-02T20:00:57.386+0000] {logging_mixin.py:188} INFO - [2026-01-02T20:00:57.386+0000] {dag.py:3823} INFO - Setting next_dagrun for match_features_pipeline to 2026-01-02 00:00:00+00:00, run_after=2026-01-03 00:00:00+00:00
[2026-01-02T20:00:57.404+0000] {processor.py:183} INFO - Processing /opt/airflow/dags/prediction_features_pipeline.py took 0.098 seconds
[2026-01-02T20:01:27.828+0000] {processor.py:161} INFO - Started process (PID=28046) to work on /opt/airflow/dags/prediction_features_pipeline.py
[2026-01-02T20:01:27.829+0000] {processor.py:830} INFO - Processing file /opt/airflow/dags/prediction_features_pipeline.py for tasks to queue
[2026-01-02T20:01:27.831+0000] {logging_mixin.py:188} INFO - [2026-01-02T20:01:27.830+0000] {dagbag.py:538} INFO - Filling up the DagBag from /opt/airflow/dags/prediction_features_pipeline.py
[2026-01-02T20:01:27.855+0000] {processor.py:840} INFO - DAG(s) 'match_features_pipeline' retrieved from /opt/airflow/dags/prediction_features_pipeline.py
[2026-01-02T20:01:27.884+0000] {logging_mixin.py:188} INFO - [2026-01-02T20:01:27.884+0000] {dag.py:3036} INFO - Sync 1 DAGs
[2026-01-02T20:01:27.911+0000] {logging_mixin.py:188} INFO - [2026-01-02T20:01:27.911+0000] {dag.py:3823} INFO - Setting next_dagrun for match_features_pipeline to 2026-01-02 00:00:00+00:00, run_after=2026-01-03 00:00:00+00:00
[2026-01-02T20:01:27.933+0000] {processor.py:183} INFO - Processing /opt/airflow/dags/prediction_features_pipeline.py took 0.110 seconds
[2026-01-02T20:01:58.249+0000] {processor.py:161} INFO - Started process (PID=28066) to work on /opt/airflow/dags/prediction_features_pipeline.py
[2026-01-02T20:01:58.250+0000] {processor.py:830} INFO - Processing file /opt/airflow/dags/prediction_features_pipeline.py for tasks to queue
[2026-01-02T20:01:58.251+0000] {logging_mixin.py:188} INFO - [2026-01-02T20:01:58.251+0000] {dagbag.py:538} INFO - Filling up the DagBag from /opt/airflow/dags/prediction_features_pipeline.py
[2026-01-02T20:01:58.273+0000] {processor.py:840} INFO - DAG(s) 'match_features_pipeline' retrieved from /opt/airflow/dags/prediction_features_pipeline.py
[2026-01-02T20:01:58.300+0000] {logging_mixin.py:188} INFO - [2026-01-02T20:01:58.300+0000] {dag.py:3036} INFO - Sync 1 DAGs
[2026-01-02T20:01:58.326+0000] {logging_mixin.py:188} INFO - [2026-01-02T20:01:58.326+0000] {dag.py:3823} INFO - Setting next_dagrun for match_features_pipeline to 2026-01-02 00:00:00+00:00, run_after=2026-01-03 00:00:00+00:00
[2026-01-02T20:01:58.354+0000] {processor.py:183} INFO - Processing /opt/airflow/dags/prediction_features_pipeline.py took 0.109 seconds
[2026-01-02T20:02:28.744+0000] {processor.py:161} INFO - Started process (PID=28086) to work on /opt/airflow/dags/prediction_features_pipeline.py
[2026-01-02T20:02:28.746+0000] {processor.py:830} INFO - Processing file /opt/airflow/dags/prediction_features_pipeline.py for tasks to queue
[2026-01-02T20:02:28.747+0000] {logging_mixin.py:188} INFO - [2026-01-02T20:02:28.747+0000] {dagbag.py:538} INFO - Filling up the DagBag from /opt/airflow/dags/prediction_features_pipeline.py
[2026-01-02T20:02:28.773+0000] {processor.py:840} INFO - DAG(s) 'match_features_pipeline' retrieved from /opt/airflow/dags/prediction_features_pipeline.py
[2026-01-02T20:02:28.799+0000] {logging_mixin.py:188} INFO - [2026-01-02T20:02:28.798+0000] {dag.py:3036} INFO - Sync 1 DAGs
[2026-01-02T20:02:28.825+0000] {logging_mixin.py:188} INFO - [2026-01-02T20:02:28.825+0000] {dag.py:3823} INFO - Setting next_dagrun for match_features_pipeline to 2026-01-02 00:00:00+00:00, run_after=2026-01-03 00:00:00+00:00
[2026-01-02T20:02:28.858+0000] {processor.py:183} INFO - Processing /opt/airflow/dags/prediction_features_pipeline.py took 0.118 seconds
[2026-01-02T20:02:59.285+0000] {processor.py:161} INFO - Started process (PID=28106) to work on /opt/airflow/dags/prediction_features_pipeline.py
[2026-01-02T20:02:59.286+0000] {processor.py:830} INFO - Processing file /opt/airflow/dags/prediction_features_pipeline.py for tasks to queue
[2026-01-02T20:02:59.287+0000] {logging_mixin.py:188} INFO - [2026-01-02T20:02:59.287+0000] {dagbag.py:538} INFO - Filling up the DagBag from /opt/airflow/dags/prediction_features_pipeline.py
[2026-01-02T20:02:59.310+0000] {processor.py:840} INFO - DAG(s) 'match_features_pipeline' retrieved from /opt/airflow/dags/prediction_features_pipeline.py
[2026-01-02T20:02:59.338+0000] {logging_mixin.py:188} INFO - [2026-01-02T20:02:59.337+0000] {dag.py:3036} INFO - Sync 1 DAGs
[2026-01-02T20:02:59.365+0000] {logging_mixin.py:188} INFO - [2026-01-02T20:02:59.364+0000] {dag.py:3823} INFO - Setting next_dagrun for match_features_pipeline to 2026-01-02 00:00:00+00:00, run_after=2026-01-03 00:00:00+00:00
[2026-01-02T20:02:59.385+0000] {processor.py:183} INFO - Processing /opt/airflow/dags/prediction_features_pipeline.py took 0.104 seconds
[2026-01-02T20:03:29.699+0000] {processor.py:161} INFO - Started process (PID=28126) to work on /opt/airflow/dags/prediction_features_pipeline.py
[2026-01-02T20:03:29.701+0000] {processor.py:830} INFO - Processing file /opt/airflow/dags/prediction_features_pipeline.py for tasks to queue
[2026-01-02T20:03:29.702+0000] {logging_mixin.py:188} INFO - [2026-01-02T20:03:29.702+0000] {dagbag.py:538} INFO - Filling up the DagBag from /opt/airflow/dags/prediction_features_pipeline.py
[2026-01-02T20:03:29.725+0000] {processor.py:840} INFO - DAG(s) 'match_features_pipeline' retrieved from /opt/airflow/dags/prediction_features_pipeline.py
[2026-01-02T20:03:29.751+0000] {logging_mixin.py:188} INFO - [2026-01-02T20:03:29.751+0000] {dag.py:3036} INFO - Sync 1 DAGs
[2026-01-02T20:03:29.776+0000] {logging_mixin.py:188} INFO - [2026-01-02T20:03:29.776+0000] {dag.py:3823} INFO - Setting next_dagrun for match_features_pipeline to 2026-01-02 00:00:00+00:00, run_after=2026-01-03 00:00:00+00:00
[2026-01-02T20:03:29.801+0000] {processor.py:183} INFO - Processing /opt/airflow/dags/prediction_features_pipeline.py took 0.106 seconds
[2026-01-02T20:04:00.116+0000] {processor.py:161} INFO - Started process (PID=28146) to work on /opt/airflow/dags/prediction_features_pipeline.py
[2026-01-02T20:04:00.117+0000] {processor.py:830} INFO - Processing file /opt/airflow/dags/prediction_features_pipeline.py for tasks to queue
[2026-01-02T20:04:00.119+0000] {logging_mixin.py:188} INFO - [2026-01-02T20:04:00.118+0000] {dagbag.py:538} INFO - Filling up the DagBag from /opt/airflow/dags/prediction_features_pipeline.py
[2026-01-02T20:04:00.142+0000] {processor.py:840} INFO - DAG(s) 'match_features_pipeline' retrieved from /opt/airflow/dags/prediction_features_pipeline.py
[2026-01-02T20:04:00.169+0000] {logging_mixin.py:188} INFO - [2026-01-02T20:04:00.168+0000] {dag.py:3036} INFO - Sync 1 DAGs
[2026-01-02T20:04:00.193+0000] {logging_mixin.py:188} INFO - [2026-01-02T20:04:00.193+0000] {dag.py:3823} INFO - Setting next_dagrun for match_features_pipeline to 2026-01-02 00:00:00+00:00, run_after=2026-01-03 00:00:00+00:00
[2026-01-02T20:04:00.215+0000] {processor.py:183} INFO - Processing /opt/airflow/dags/prediction_features_pipeline.py took 0.103 seconds
[2026-01-02T20:04:30.638+0000] {processor.py:161} INFO - Started process (PID=28166) to work on /opt/airflow/dags/prediction_features_pipeline.py
[2026-01-02T20:04:30.640+0000] {processor.py:830} INFO - Processing file /opt/airflow/dags/prediction_features_pipeline.py for tasks to queue
[2026-01-02T20:04:30.641+0000] {logging_mixin.py:188} INFO - [2026-01-02T20:04:30.641+0000] {dagbag.py:538} INFO - Filling up the DagBag from /opt/airflow/dags/prediction_features_pipeline.py
[2026-01-02T20:04:30.663+0000] {processor.py:840} INFO - DAG(s) 'match_features_pipeline' retrieved from /opt/airflow/dags/prediction_features_pipeline.py
[2026-01-02T20:04:30.688+0000] {logging_mixin.py:188} INFO - [2026-01-02T20:04:30.688+0000] {dag.py:3036} INFO - Sync 1 DAGs
[2026-01-02T20:04:30.715+0000] {logging_mixin.py:188} INFO - [2026-01-02T20:04:30.715+0000] {dag.py:3823} INFO - Setting next_dagrun for match_features_pipeline to 2026-01-02 00:00:00+00:00, run_after=2026-01-03 00:00:00+00:00
[2026-01-02T20:04:30.736+0000] {processor.py:183} INFO - Processing /opt/airflow/dags/prediction_features_pipeline.py took 0.101 seconds
[2026-01-02T20:05:01.162+0000] {processor.py:161} INFO - Started process (PID=28186) to work on /opt/airflow/dags/prediction_features_pipeline.py
[2026-01-02T20:05:01.163+0000] {processor.py:830} INFO - Processing file /opt/airflow/dags/prediction_features_pipeline.py for tasks to queue
[2026-01-02T20:05:01.165+0000] {logging_mixin.py:188} INFO - [2026-01-02T20:05:01.164+0000] {dagbag.py:538} INFO - Filling up the DagBag from /opt/airflow/dags/prediction_features_pipeline.py
[2026-01-02T20:05:01.189+0000] {processor.py:840} INFO - DAG(s) 'match_features_pipeline' retrieved from /opt/airflow/dags/prediction_features_pipeline.py
[2026-01-02T20:05:01.218+0000] {logging_mixin.py:188} INFO - [2026-01-02T20:05:01.218+0000] {dag.py:3036} INFO - Sync 1 DAGs
[2026-01-02T20:05:01.245+0000] {logging_mixin.py:188} INFO - [2026-01-02T20:05:01.245+0000] {dag.py:3823} INFO - Setting next_dagrun for match_features_pipeline to 2026-01-02 00:00:00+00:00, run_after=2026-01-03 00:00:00+00:00
[2026-01-02T20:05:01.268+0000] {processor.py:183} INFO - Processing /opt/airflow/dags/prediction_features_pipeline.py took 0.112 seconds
[2026-01-02T20:05:31.570+0000] {processor.py:161} INFO - Started process (PID=28206) to work on /opt/airflow/dags/prediction_features_pipeline.py
[2026-01-02T20:05:31.571+0000] {processor.py:830} INFO - Processing file /opt/airflow/dags/prediction_features_pipeline.py for tasks to queue
[2026-01-02T20:05:31.573+0000] {logging_mixin.py:188} INFO - [2026-01-02T20:05:31.572+0000] {dagbag.py:538} INFO - Filling up the DagBag from /opt/airflow/dags/prediction_features_pipeline.py
[2026-01-02T20:05:31.595+0000] {processor.py:840} INFO - DAG(s) 'match_features_pipeline' retrieved from /opt/airflow/dags/prediction_features_pipeline.py
[2026-01-02T20:05:31.621+0000] {logging_mixin.py:188} INFO - [2026-01-02T20:05:31.621+0000] {dag.py:3036} INFO - Sync 1 DAGs
[2026-01-02T20:05:31.646+0000] {logging_mixin.py:188} INFO - [2026-01-02T20:05:31.646+0000] {dag.py:3823} INFO - Setting next_dagrun for match_features_pipeline to 2026-01-02 00:00:00+00:00, run_after=2026-01-03 00:00:00+00:00
[2026-01-02T20:05:31.669+0000] {processor.py:183} INFO - Processing /opt/airflow/dags/prediction_features_pipeline.py took 0.104 seconds
[2026-01-02T20:06:01.974+0000] {processor.py:161} INFO - Started process (PID=28226) to work on /opt/airflow/dags/prediction_features_pipeline.py
[2026-01-02T20:06:01.975+0000] {processor.py:830} INFO - Processing file /opt/airflow/dags/prediction_features_pipeline.py for tasks to queue
[2026-01-02T20:06:01.977+0000] {logging_mixin.py:188} INFO - [2026-01-02T20:06:01.976+0000] {dagbag.py:538} INFO - Filling up the DagBag from /opt/airflow/dags/prediction_features_pipeline.py
[2026-01-02T20:06:02.000+0000] {processor.py:840} INFO - DAG(s) 'match_features_pipeline' retrieved from /opt/airflow/dags/prediction_features_pipeline.py
[2026-01-02T20:06:02.028+0000] {logging_mixin.py:188} INFO - [2026-01-02T20:06:02.027+0000] {dag.py:3036} INFO - Sync 1 DAGs
[2026-01-02T20:06:02.056+0000] {logging_mixin.py:188} INFO - [2026-01-02T20:06:02.055+0000] {dag.py:3823} INFO - Setting next_dagrun for match_features_pipeline to 2026-01-02 00:00:00+00:00, run_after=2026-01-03 00:00:00+00:00
[2026-01-02T20:06:02.079+0000] {processor.py:183} INFO - Processing /opt/airflow/dags/prediction_features_pipeline.py took 0.109 seconds
[2026-01-02T20:06:32.394+0000] {processor.py:161} INFO - Started process (PID=28246) to work on /opt/airflow/dags/prediction_features_pipeline.py
[2026-01-02T20:06:32.395+0000] {processor.py:830} INFO - Processing file /opt/airflow/dags/prediction_features_pipeline.py for tasks to queue
[2026-01-02T20:06:32.397+0000] {logging_mixin.py:188} INFO - [2026-01-02T20:06:32.396+0000] {dagbag.py:538} INFO - Filling up the DagBag from /opt/airflow/dags/prediction_features_pipeline.py
[2026-01-02T20:06:32.420+0000] {processor.py:840} INFO - DAG(s) 'match_features_pipeline' retrieved from /opt/airflow/dags/prediction_features_pipeline.py
[2026-01-02T20:06:32.446+0000] {logging_mixin.py:188} INFO - [2026-01-02T20:06:32.446+0000] {dag.py:3036} INFO - Sync 1 DAGs
[2026-01-02T20:06:32.471+0000] {logging_mixin.py:188} INFO - [2026-01-02T20:06:32.471+0000] {dag.py:3823} INFO - Setting next_dagrun for match_features_pipeline to 2026-01-02 00:00:00+00:00, run_after=2026-01-03 00:00:00+00:00
[2026-01-02T20:06:32.491+0000] {processor.py:183} INFO - Processing /opt/airflow/dags/prediction_features_pipeline.py took 0.101 seconds
[2026-01-02T20:07:02.911+0000] {processor.py:161} INFO - Started process (PID=28266) to work on /opt/airflow/dags/prediction_features_pipeline.py
[2026-01-02T20:07:02.913+0000] {processor.py:830} INFO - Processing file /opt/airflow/dags/prediction_features_pipeline.py for tasks to queue
[2026-01-02T20:07:02.914+0000] {logging_mixin.py:188} INFO - [2026-01-02T20:07:02.913+0000] {dagbag.py:538} INFO - Filling up the DagBag from /opt/airflow/dags/prediction_features_pipeline.py
[2026-01-02T20:07:02.937+0000] {processor.py:840} INFO - DAG(s) 'match_features_pipeline' retrieved from /opt/airflow/dags/prediction_features_pipeline.py
[2026-01-02T20:07:02.962+0000] {logging_mixin.py:188} INFO - [2026-01-02T20:07:02.962+0000] {dag.py:3036} INFO - Sync 1 DAGs
[2026-01-02T20:07:02.987+0000] {logging_mixin.py:188} INFO - [2026-01-02T20:07:02.987+0000] {dag.py:3823} INFO - Setting next_dagrun for match_features_pipeline to 2026-01-02 00:00:00+00:00, run_after=2026-01-03 00:00:00+00:00
[2026-01-02T20:07:03.010+0000] {processor.py:183} INFO - Processing /opt/airflow/dags/prediction_features_pipeline.py took 0.103 seconds
[2026-01-02T20:07:33.401+0000] {processor.py:161} INFO - Started process (PID=28286) to work on /opt/airflow/dags/prediction_features_pipeline.py
[2026-01-02T20:07:33.403+0000] {processor.py:830} INFO - Processing file /opt/airflow/dags/prediction_features_pipeline.py for tasks to queue
[2026-01-02T20:07:33.404+0000] {logging_mixin.py:188} INFO - [2026-01-02T20:07:33.404+0000] {dagbag.py:538} INFO - Filling up the DagBag from /opt/airflow/dags/prediction_features_pipeline.py
[2026-01-02T20:07:33.426+0000] {processor.py:840} INFO - DAG(s) 'match_features_pipeline' retrieved from /opt/airflow/dags/prediction_features_pipeline.py
[2026-01-02T20:07:33.454+0000] {logging_mixin.py:188} INFO - [2026-01-02T20:07:33.454+0000] {dag.py:3036} INFO - Sync 1 DAGs
[2026-01-02T20:07:33.479+0000] {logging_mixin.py:188} INFO - [2026-01-02T20:07:33.478+0000] {dag.py:3823} INFO - Setting next_dagrun for match_features_pipeline to 2026-01-02 00:00:00+00:00, run_after=2026-01-03 00:00:00+00:00
[2026-01-02T20:07:33.499+0000] {processor.py:183} INFO - Processing /opt/airflow/dags/prediction_features_pipeline.py took 0.102 seconds
[2026-01-02T20:08:03.811+0000] {processor.py:161} INFO - Started process (PID=28306) to work on /opt/airflow/dags/prediction_features_pipeline.py
[2026-01-02T20:08:03.813+0000] {processor.py:830} INFO - Processing file /opt/airflow/dags/prediction_features_pipeline.py for tasks to queue
[2026-01-02T20:08:03.814+0000] {logging_mixin.py:188} INFO - [2026-01-02T20:08:03.814+0000] {dagbag.py:538} INFO - Filling up the DagBag from /opt/airflow/dags/prediction_features_pipeline.py
[2026-01-02T20:08:03.838+0000] {processor.py:840} INFO - DAG(s) 'match_features_pipeline' retrieved from /opt/airflow/dags/prediction_features_pipeline.py
[2026-01-02T20:08:03.863+0000] {logging_mixin.py:188} INFO - [2026-01-02T20:08:03.863+0000] {dag.py:3036} INFO - Sync 1 DAGs
[2026-01-02T20:08:03.888+0000] {logging_mixin.py:188} INFO - [2026-01-02T20:08:03.888+0000] {dag.py:3823} INFO - Setting next_dagrun for match_features_pipeline to 2026-01-02 00:00:00+00:00, run_after=2026-01-03 00:00:00+00:00
[2026-01-02T20:08:03.915+0000] {processor.py:183} INFO - Processing /opt/airflow/dags/prediction_features_pipeline.py took 0.107 seconds
[2026-01-02T20:08:34.223+0000] {processor.py:161} INFO - Started process (PID=28326) to work on /opt/airflow/dags/prediction_features_pipeline.py
[2026-01-02T20:08:34.224+0000] {processor.py:830} INFO - Processing file /opt/airflow/dags/prediction_features_pipeline.py for tasks to queue
[2026-01-02T20:08:34.225+0000] {logging_mixin.py:188} INFO - [2026-01-02T20:08:34.225+0000] {dagbag.py:538} INFO - Filling up the DagBag from /opt/airflow/dags/prediction_features_pipeline.py
[2026-01-02T20:08:34.248+0000] {processor.py:840} INFO - DAG(s) 'match_features_pipeline' retrieved from /opt/airflow/dags/prediction_features_pipeline.py
[2026-01-02T20:08:34.276+0000] {logging_mixin.py:188} INFO - [2026-01-02T20:08:34.276+0000] {dag.py:3036} INFO - Sync 1 DAGs
[2026-01-02T20:08:34.303+0000] {logging_mixin.py:188} INFO - [2026-01-02T20:08:34.303+0000] {dag.py:3823} INFO - Setting next_dagrun for match_features_pipeline to 2026-01-02 00:00:00+00:00, run_after=2026-01-03 00:00:00+00:00
[2026-01-02T20:08:34.327+0000] {processor.py:183} INFO - Processing /opt/airflow/dags/prediction_features_pipeline.py took 0.108 seconds
[2026-01-02T20:09:04.630+0000] {processor.py:161} INFO - Started process (PID=28346) to work on /opt/airflow/dags/prediction_features_pipeline.py
[2026-01-02T20:09:04.632+0000] {processor.py:830} INFO - Processing file /opt/airflow/dags/prediction_features_pipeline.py for tasks to queue
[2026-01-02T20:09:04.633+0000] {logging_mixin.py:188} INFO - [2026-01-02T20:09:04.633+0000] {dagbag.py:538} INFO - Filling up the DagBag from /opt/airflow/dags/prediction_features_pipeline.py
[2026-01-02T20:09:04.657+0000] {processor.py:840} INFO - DAG(s) 'match_features_pipeline' retrieved from /opt/airflow/dags/prediction_features_pipeline.py
[2026-01-02T20:09:04.681+0000] {logging_mixin.py:188} INFO - [2026-01-02T20:09:04.681+0000] {dag.py:3036} INFO - Sync 1 DAGs
[2026-01-02T20:09:04.707+0000] {logging_mixin.py:188} INFO - [2026-01-02T20:09:04.706+0000] {dag.py:3823} INFO - Setting next_dagrun for match_features_pipeline to 2026-01-02 00:00:00+00:00, run_after=2026-01-03 00:00:00+00:00
[2026-01-02T20:09:04.727+0000] {processor.py:183} INFO - Processing /opt/airflow/dags/prediction_features_pipeline.py took 0.101 seconds
[2026-01-02T20:09:35.055+0000] {processor.py:161} INFO - Started process (PID=28366) to work on /opt/airflow/dags/prediction_features_pipeline.py
[2026-01-02T20:09:35.057+0000] {processor.py:830} INFO - Processing file /opt/airflow/dags/prediction_features_pipeline.py for tasks to queue
[2026-01-02T20:09:35.058+0000] {logging_mixin.py:188} INFO - [2026-01-02T20:09:35.058+0000] {dagbag.py:538} INFO - Filling up the DagBag from /opt/airflow/dags/prediction_features_pipeline.py
[2026-01-02T20:09:35.083+0000] {processor.py:840} INFO - DAG(s) 'match_features_pipeline' retrieved from /opt/airflow/dags/prediction_features_pipeline.py
[2026-01-02T20:09:35.111+0000] {logging_mixin.py:188} INFO - [2026-01-02T20:09:35.111+0000] {dag.py:3036} INFO - Sync 1 DAGs
[2026-01-02T20:09:35.138+0000] {logging_mixin.py:188} INFO - [2026-01-02T20:09:35.138+0000] {dag.py:3823} INFO - Setting next_dagrun for match_features_pipeline to 2026-01-02 00:00:00+00:00, run_after=2026-01-03 00:00:00+00:00
[2026-01-02T20:09:35.160+0000] {processor.py:183} INFO - Processing /opt/airflow/dags/prediction_features_pipeline.py took 0.109 seconds
[2026-01-02T20:10:05.575+0000] {processor.py:161} INFO - Started process (PID=28386) to work on /opt/airflow/dags/prediction_features_pipeline.py
[2026-01-02T20:10:05.577+0000] {processor.py:830} INFO - Processing file /opt/airflow/dags/prediction_features_pipeline.py for tasks to queue
[2026-01-02T20:10:05.577+0000] {logging_mixin.py:188} INFO - [2026-01-02T20:10:05.577+0000] {dagbag.py:538} INFO - Filling up the DagBag from /opt/airflow/dags/prediction_features_pipeline.py
[2026-01-02T20:10:05.600+0000] {processor.py:840} INFO - DAG(s) 'match_features_pipeline' retrieved from /opt/airflow/dags/prediction_features_pipeline.py
[2026-01-02T20:10:05.627+0000] {logging_mixin.py:188} INFO - [2026-01-02T20:10:05.627+0000] {dag.py:3036} INFO - Sync 1 DAGs
[2026-01-02T20:10:05.657+0000] {logging_mixin.py:188} INFO - [2026-01-02T20:10:05.656+0000] {dag.py:3823} INFO - Setting next_dagrun for match_features_pipeline to 2026-01-02 00:00:00+00:00, run_after=2026-01-03 00:00:00+00:00
[2026-01-02T20:10:05.679+0000] {processor.py:183} INFO - Processing /opt/airflow/dags/prediction_features_pipeline.py took 0.107 seconds
[2026-01-02T20:10:35.985+0000] {processor.py:161} INFO - Started process (PID=28406) to work on /opt/airflow/dags/prediction_features_pipeline.py
[2026-01-02T20:10:35.986+0000] {processor.py:830} INFO - Processing file /opt/airflow/dags/prediction_features_pipeline.py for tasks to queue
[2026-01-02T20:10:35.988+0000] {logging_mixin.py:188} INFO - [2026-01-02T20:10:35.987+0000] {dagbag.py:538} INFO - Filling up the DagBag from /opt/airflow/dags/prediction_features_pipeline.py
[2026-01-02T20:10:36.011+0000] {processor.py:840} INFO - DAG(s) 'match_features_pipeline' retrieved from /opt/airflow/dags/prediction_features_pipeline.py
[2026-01-02T20:10:36.036+0000] {logging_mixin.py:188} INFO - [2026-01-02T20:10:36.036+0000] {dag.py:3036} INFO - Sync 1 DAGs
[2026-01-02T20:10:36.062+0000] {logging_mixin.py:188} INFO - [2026-01-02T20:10:36.061+0000] {dag.py:3823} INFO - Setting next_dagrun for match_features_pipeline to 2026-01-02 00:00:00+00:00, run_after=2026-01-03 00:00:00+00:00
[2026-01-02T20:10:36.088+0000] {processor.py:183} INFO - Processing /opt/airflow/dags/prediction_features_pipeline.py took 0.107 seconds
[2026-01-02T20:11:06.417+0000] {processor.py:161} INFO - Started process (PID=28426) to work on /opt/airflow/dags/prediction_features_pipeline.py
[2026-01-02T20:11:06.419+0000] {processor.py:830} INFO - Processing file /opt/airflow/dags/prediction_features_pipeline.py for tasks to queue
[2026-01-02T20:11:06.420+0000] {logging_mixin.py:188} INFO - [2026-01-02T20:11:06.420+0000] {dagbag.py:538} INFO - Filling up the DagBag from /opt/airflow/dags/prediction_features_pipeline.py
[2026-01-02T20:11:06.443+0000] {processor.py:840} INFO - DAG(s) 'match_features_pipeline' retrieved from /opt/airflow/dags/prediction_features_pipeline.py
[2026-01-02T20:11:06.470+0000] {logging_mixin.py:188} INFO - [2026-01-02T20:11:06.470+0000] {dag.py:3036} INFO - Sync 1 DAGs
[2026-01-02T20:11:06.495+0000] {logging_mixin.py:188} INFO - [2026-01-02T20:11:06.495+0000] {dag.py:3823} INFO - Setting next_dagrun for match_features_pipeline to 2026-01-02 00:00:00+00:00, run_after=2026-01-03 00:00:00+00:00
[2026-01-02T20:11:06.517+0000] {processor.py:183} INFO - Processing /opt/airflow/dags/prediction_features_pipeline.py took 0.106 seconds
[2026-01-02T20:11:36.826+0000] {processor.py:161} INFO - Started process (PID=28446) to work on /opt/airflow/dags/prediction_features_pipeline.py
[2026-01-02T20:11:36.828+0000] {processor.py:830} INFO - Processing file /opt/airflow/dags/prediction_features_pipeline.py for tasks to queue
[2026-01-02T20:11:36.829+0000] {logging_mixin.py:188} INFO - [2026-01-02T20:11:36.829+0000] {dagbag.py:538} INFO - Filling up the DagBag from /opt/airflow/dags/prediction_features_pipeline.py
[2026-01-02T20:11:36.853+0000] {processor.py:840} INFO - DAG(s) 'match_features_pipeline' retrieved from /opt/airflow/dags/prediction_features_pipeline.py
[2026-01-02T20:11:36.880+0000] {logging_mixin.py:188} INFO - [2026-01-02T20:11:36.880+0000] {dag.py:3036} INFO - Sync 1 DAGs
[2026-01-02T20:11:36.906+0000] {logging_mixin.py:188} INFO - [2026-01-02T20:11:36.905+0000] {dag.py:3823} INFO - Setting next_dagrun for match_features_pipeline to 2026-01-02 00:00:00+00:00, run_after=2026-01-03 00:00:00+00:00
[2026-01-02T20:11:36.927+0000] {processor.py:183} INFO - Processing /opt/airflow/dags/prediction_features_pipeline.py took 0.105 seconds
[2026-01-02T20:12:07.381+0000] {processor.py:161} INFO - Started process (PID=28466) to work on /opt/airflow/dags/prediction_features_pipeline.py
[2026-01-02T20:12:07.382+0000] {processor.py:830} INFO - Processing file /opt/airflow/dags/prediction_features_pipeline.py for tasks to queue
[2026-01-02T20:12:07.383+0000] {logging_mixin.py:188} INFO - [2026-01-02T20:12:07.383+0000] {dagbag.py:538} INFO - Filling up the DagBag from /opt/airflow/dags/prediction_features_pipeline.py
[2026-01-02T20:12:07.406+0000] {processor.py:840} INFO - DAG(s) 'match_features_pipeline' retrieved from /opt/airflow/dags/prediction_features_pipeline.py
[2026-01-02T20:12:07.432+0000] {logging_mixin.py:188} INFO - [2026-01-02T20:12:07.431+0000] {dag.py:3036} INFO - Sync 1 DAGs
[2026-01-02T20:12:07.457+0000] {logging_mixin.py:188} INFO - [2026-01-02T20:12:07.457+0000] {dag.py:3823} INFO - Setting next_dagrun for match_features_pipeline to 2026-01-02 00:00:00+00:00, run_after=2026-01-03 00:00:00+00:00
[2026-01-02T20:12:07.478+0000] {processor.py:183} INFO - Processing /opt/airflow/dags/prediction_features_pipeline.py took 0.102 seconds
[2026-01-02T20:12:37.885+0000] {processor.py:161} INFO - Started process (PID=28486) to work on /opt/airflow/dags/prediction_features_pipeline.py
[2026-01-02T20:12:37.887+0000] {processor.py:830} INFO - Processing file /opt/airflow/dags/prediction_features_pipeline.py for tasks to queue
[2026-01-02T20:12:37.888+0000] {logging_mixin.py:188} INFO - [2026-01-02T20:12:37.888+0000] {dagbag.py:538} INFO - Filling up the DagBag from /opt/airflow/dags/prediction_features_pipeline.py
[2026-01-02T20:12:37.915+0000] {processor.py:840} INFO - DAG(s) 'match_features_pipeline' retrieved from /opt/airflow/dags/prediction_features_pipeline.py
[2026-01-02T20:12:37.943+0000] {logging_mixin.py:188} INFO - [2026-01-02T20:12:37.943+0000] {dag.py:3036} INFO - Sync 1 DAGs
[2026-01-02T20:12:37.967+0000] {logging_mixin.py:188} INFO - [2026-01-02T20:12:37.967+0000] {dag.py:3823} INFO - Setting next_dagrun for match_features_pipeline to 2026-01-02 00:00:00+00:00, run_after=2026-01-03 00:00:00+00:00
[2026-01-02T20:12:37.995+0000] {processor.py:183} INFO - Processing /opt/airflow/dags/prediction_features_pipeline.py took 0.114 seconds
[2026-01-02T20:13:08.305+0000] {processor.py:161} INFO - Started process (PID=28506) to work on /opt/airflow/dags/prediction_features_pipeline.py
[2026-01-02T20:13:08.307+0000] {processor.py:830} INFO - Processing file /opt/airflow/dags/prediction_features_pipeline.py for tasks to queue
[2026-01-02T20:13:08.308+0000] {logging_mixin.py:188} INFO - [2026-01-02T20:13:08.308+0000] {dagbag.py:538} INFO - Filling up the DagBag from /opt/airflow/dags/prediction_features_pipeline.py
[2026-01-02T20:13:08.333+0000] {processor.py:840} INFO - DAG(s) 'match_features_pipeline' retrieved from /opt/airflow/dags/prediction_features_pipeline.py
[2026-01-02T20:13:08.360+0000] {logging_mixin.py:188} INFO - [2026-01-02T20:13:08.359+0000] {dag.py:3036} INFO - Sync 1 DAGs
[2026-01-02T20:13:08.385+0000] {logging_mixin.py:188} INFO - [2026-01-02T20:13:08.384+0000] {dag.py:3823} INFO - Setting next_dagrun for match_features_pipeline to 2026-01-02 00:00:00+00:00, run_after=2026-01-03 00:00:00+00:00
[2026-01-02T20:13:08.406+0000] {processor.py:183} INFO - Processing /opt/airflow/dags/prediction_features_pipeline.py took 0.105 seconds
[2026-01-02T20:13:38.827+0000] {processor.py:161} INFO - Started process (PID=28526) to work on /opt/airflow/dags/prediction_features_pipeline.py
[2026-01-02T20:13:38.828+0000] {processor.py:830} INFO - Processing file /opt/airflow/dags/prediction_features_pipeline.py for tasks to queue
[2026-01-02T20:13:38.829+0000] {logging_mixin.py:188} INFO - [2026-01-02T20:13:38.829+0000] {dagbag.py:538} INFO - Filling up the DagBag from /opt/airflow/dags/prediction_features_pipeline.py
[2026-01-02T20:13:38.851+0000] {processor.py:840} INFO - DAG(s) 'match_features_pipeline' retrieved from /opt/airflow/dags/prediction_features_pipeline.py
[2026-01-02T20:13:38.875+0000] {logging_mixin.py:188} INFO - [2026-01-02T20:13:38.875+0000] {dag.py:3036} INFO - Sync 1 DAGs
[2026-01-02T20:13:38.898+0000] {logging_mixin.py:188} INFO - [2026-01-02T20:13:38.898+0000] {dag.py:3823} INFO - Setting next_dagrun for match_features_pipeline to 2026-01-02 00:00:00+00:00, run_after=2026-01-03 00:00:00+00:00
[2026-01-02T20:13:38.919+0000] {processor.py:183} INFO - Processing /opt/airflow/dags/prediction_features_pipeline.py took 0.097 seconds
[2026-01-02T20:14:09.335+0000] {processor.py:161} INFO - Started process (PID=28546) to work on /opt/airflow/dags/prediction_features_pipeline.py
[2026-01-02T20:14:09.336+0000] {processor.py:830} INFO - Processing file /opt/airflow/dags/prediction_features_pipeline.py for tasks to queue
[2026-01-02T20:14:09.339+0000] {logging_mixin.py:188} INFO - [2026-01-02T20:14:09.338+0000] {dagbag.py:538} INFO - Filling up the DagBag from /opt/airflow/dags/prediction_features_pipeline.py
[2026-01-02T20:14:09.363+0000] {processor.py:840} INFO - DAG(s) 'match_features_pipeline' retrieved from /opt/airflow/dags/prediction_features_pipeline.py
[2026-01-02T20:14:09.390+0000] {logging_mixin.py:188} INFO - [2026-01-02T20:14:09.390+0000] {dag.py:3036} INFO - Sync 1 DAGs
[2026-01-02T20:14:09.417+0000] {logging_mixin.py:188} INFO - [2026-01-02T20:14:09.417+0000] {dag.py:3823} INFO - Setting next_dagrun for match_features_pipeline to 2026-01-02 00:00:00+00:00, run_after=2026-01-03 00:00:00+00:00
[2026-01-02T20:14:09.441+0000] {processor.py:183} INFO - Processing /opt/airflow/dags/prediction_features_pipeline.py took 0.109 seconds
[2026-01-02T20:14:39.866+0000] {processor.py:161} INFO - Started process (PID=28566) to work on /opt/airflow/dags/prediction_features_pipeline.py
[2026-01-02T20:14:39.868+0000] {processor.py:830} INFO - Processing file /opt/airflow/dags/prediction_features_pipeline.py for tasks to queue
[2026-01-02T20:14:39.869+0000] {logging_mixin.py:188} INFO - [2026-01-02T20:14:39.869+0000] {dagbag.py:538} INFO - Filling up the DagBag from /opt/airflow/dags/prediction_features_pipeline.py
[2026-01-02T20:14:39.891+0000] {processor.py:840} INFO - DAG(s) 'match_features_pipeline' retrieved from /opt/airflow/dags/prediction_features_pipeline.py
[2026-01-02T20:14:39.915+0000] {logging_mixin.py:188} INFO - [2026-01-02T20:14:39.915+0000] {dag.py:3036} INFO - Sync 1 DAGs
[2026-01-02T20:14:39.940+0000] {logging_mixin.py:188} INFO - [2026-01-02T20:14:39.939+0000] {dag.py:3823} INFO - Setting next_dagrun for match_features_pipeline to 2026-01-02 00:00:00+00:00, run_after=2026-01-03 00:00:00+00:00
[2026-01-02T20:14:39.965+0000] {processor.py:183} INFO - Processing /opt/airflow/dags/prediction_features_pipeline.py took 0.102 seconds
[2026-01-02T20:15:10.275+0000] {processor.py:161} INFO - Started process (PID=28586) to work on /opt/airflow/dags/prediction_features_pipeline.py
[2026-01-02T20:15:10.277+0000] {processor.py:830} INFO - Processing file /opt/airflow/dags/prediction_features_pipeline.py for tasks to queue
[2026-01-02T20:15:10.278+0000] {logging_mixin.py:188} INFO - [2026-01-02T20:15:10.278+0000] {dagbag.py:538} INFO - Filling up the DagBag from /opt/airflow/dags/prediction_features_pipeline.py
[2026-01-02T20:15:10.299+0000] {processor.py:840} INFO - DAG(s) 'match_features_pipeline' retrieved from /opt/airflow/dags/prediction_features_pipeline.py
[2026-01-02T20:15:10.325+0000] {logging_mixin.py:188} INFO - [2026-01-02T20:15:10.325+0000] {dag.py:3036} INFO - Sync 1 DAGs
[2026-01-02T20:15:10.351+0000] {logging_mixin.py:188} INFO - [2026-01-02T20:15:10.351+0000] {dag.py:3823} INFO - Setting next_dagrun for match_features_pipeline to 2026-01-02 00:00:00+00:00, run_after=2026-01-03 00:00:00+00:00
[2026-01-02T20:15:10.383+0000] {processor.py:183} INFO - Processing /opt/airflow/dags/prediction_features_pipeline.py took 0.112 seconds
[2026-01-02T20:15:40.677+0000] {processor.py:161} INFO - Started process (PID=28606) to work on /opt/airflow/dags/prediction_features_pipeline.py
[2026-01-02T20:15:40.678+0000] {processor.py:830} INFO - Processing file /opt/airflow/dags/prediction_features_pipeline.py for tasks to queue
[2026-01-02T20:15:40.680+0000] {logging_mixin.py:188} INFO - [2026-01-02T20:15:40.679+0000] {dagbag.py:538} INFO - Filling up the DagBag from /opt/airflow/dags/prediction_features_pipeline.py
[2026-01-02T20:15:40.701+0000] {processor.py:840} INFO - DAG(s) 'match_features_pipeline' retrieved from /opt/airflow/dags/prediction_features_pipeline.py
[2026-01-02T20:15:40.728+0000] {logging_mixin.py:188} INFO - [2026-01-02T20:15:40.728+0000] {dag.py:3036} INFO - Sync 1 DAGs
[2026-01-02T20:15:40.753+0000] {logging_mixin.py:188} INFO - [2026-01-02T20:15:40.753+0000] {dag.py:3823} INFO - Setting next_dagrun for match_features_pipeline to 2026-01-02 00:00:00+00:00, run_after=2026-01-03 00:00:00+00:00
[2026-01-02T20:15:40.773+0000] {processor.py:183} INFO - Processing /opt/airflow/dags/prediction_features_pipeline.py took 0.100 seconds
[2026-01-02T20:16:11.076+0000] {processor.py:161} INFO - Started process (PID=28626) to work on /opt/airflow/dags/prediction_features_pipeline.py
[2026-01-02T20:16:11.078+0000] {processor.py:830} INFO - Processing file /opt/airflow/dags/prediction_features_pipeline.py for tasks to queue
[2026-01-02T20:16:11.079+0000] {logging_mixin.py:188} INFO - [2026-01-02T20:16:11.078+0000] {dagbag.py:538} INFO - Filling up the DagBag from /opt/airflow/dags/prediction_features_pipeline.py
[2026-01-02T20:16:11.102+0000] {processor.py:840} INFO - DAG(s) 'match_features_pipeline' retrieved from /opt/airflow/dags/prediction_features_pipeline.py
[2026-01-02T20:16:11.128+0000] {logging_mixin.py:188} INFO - [2026-01-02T20:16:11.128+0000] {dag.py:3036} INFO - Sync 1 DAGs
[2026-01-02T20:16:11.153+0000] {logging_mixin.py:188} INFO - [2026-01-02T20:16:11.153+0000] {dag.py:3823} INFO - Setting next_dagrun for match_features_pipeline to 2026-01-02 00:00:00+00:00, run_after=2026-01-03 00:00:00+00:00
[2026-01-02T20:16:11.173+0000] {processor.py:183} INFO - Processing /opt/airflow/dags/prediction_features_pipeline.py took 0.100 seconds
[2026-01-02T20:16:41.593+0000] {processor.py:161} INFO - Started process (PID=28646) to work on /opt/airflow/dags/prediction_features_pipeline.py
[2026-01-02T20:16:41.594+0000] {processor.py:830} INFO - Processing file /opt/airflow/dags/prediction_features_pipeline.py for tasks to queue
[2026-01-02T20:16:41.596+0000] {logging_mixin.py:188} INFO - [2026-01-02T20:16:41.595+0000] {dagbag.py:538} INFO - Filling up the DagBag from /opt/airflow/dags/prediction_features_pipeline.py
[2026-01-02T20:16:41.618+0000] {processor.py:840} INFO - DAG(s) 'match_features_pipeline' retrieved from /opt/airflow/dags/prediction_features_pipeline.py
[2026-01-02T20:16:41.644+0000] {logging_mixin.py:188} INFO - [2026-01-02T20:16:41.643+0000] {dag.py:3036} INFO - Sync 1 DAGs
[2026-01-02T20:16:41.668+0000] {logging_mixin.py:188} INFO - [2026-01-02T20:16:41.668+0000] {dag.py:3823} INFO - Setting next_dagrun for match_features_pipeline to 2026-01-02 00:00:00+00:00, run_after=2026-01-03 00:00:00+00:00
[2026-01-02T20:16:41.690+0000] {processor.py:183} INFO - Processing /opt/airflow/dags/prediction_features_pipeline.py took 0.102 seconds
[2026-01-02T20:17:11.994+0000] {processor.py:161} INFO - Started process (PID=28666) to work on /opt/airflow/dags/prediction_features_pipeline.py
[2026-01-02T20:17:11.996+0000] {processor.py:830} INFO - Processing file /opt/airflow/dags/prediction_features_pipeline.py for tasks to queue
[2026-01-02T20:17:11.997+0000] {logging_mixin.py:188} INFO - [2026-01-02T20:17:11.997+0000] {dagbag.py:538} INFO - Filling up the DagBag from /opt/airflow/dags/prediction_features_pipeline.py
[2026-01-02T20:17:12.022+0000] {processor.py:840} INFO - DAG(s) 'match_features_pipeline' retrieved from /opt/airflow/dags/prediction_features_pipeline.py
[2026-01-02T20:17:12.051+0000] {logging_mixin.py:188} INFO - [2026-01-02T20:17:12.051+0000] {dag.py:3036} INFO - Sync 1 DAGs
[2026-01-02T20:17:12.096+0000] {logging_mixin.py:188} INFO - [2026-01-02T20:17:12.096+0000] {dag.py:3823} INFO - Setting next_dagrun for match_features_pipeline to 2026-01-02 00:00:00+00:00, run_after=2026-01-03 00:00:00+00:00
[2026-01-02T20:17:12.118+0000] {processor.py:183} INFO - Processing /opt/airflow/dags/prediction_features_pipeline.py took 0.128 seconds
[2026-01-02T20:17:42.481+0000] {processor.py:161} INFO - Started process (PID=28686) to work on /opt/airflow/dags/prediction_features_pipeline.py
[2026-01-02T20:17:42.482+0000] {processor.py:830} INFO - Processing file /opt/airflow/dags/prediction_features_pipeline.py for tasks to queue
[2026-01-02T20:17:42.483+0000] {logging_mixin.py:188} INFO - [2026-01-02T20:17:42.483+0000] {dagbag.py:538} INFO - Filling up the DagBag from /opt/airflow/dags/prediction_features_pipeline.py
[2026-01-02T20:17:42.505+0000] {processor.py:840} INFO - DAG(s) 'match_features_pipeline' retrieved from /opt/airflow/dags/prediction_features_pipeline.py
[2026-01-02T20:17:42.531+0000] {logging_mixin.py:188} INFO - [2026-01-02T20:17:42.531+0000] {dag.py:3036} INFO - Sync 1 DAGs
[2026-01-02T20:17:42.556+0000] {logging_mixin.py:188} INFO - [2026-01-02T20:17:42.555+0000] {dag.py:3823} INFO - Setting next_dagrun for match_features_pipeline to 2026-01-02 00:00:00+00:00, run_after=2026-01-03 00:00:00+00:00
[2026-01-02T20:17:42.579+0000] {processor.py:183} INFO - Processing /opt/airflow/dags/prediction_features_pipeline.py took 0.102 seconds
[2026-01-02T20:18:12.892+0000] {processor.py:161} INFO - Started process (PID=28706) to work on /opt/airflow/dags/prediction_features_pipeline.py
[2026-01-02T20:18:12.894+0000] {processor.py:830} INFO - Processing file /opt/airflow/dags/prediction_features_pipeline.py for tasks to queue
[2026-01-02T20:18:12.895+0000] {logging_mixin.py:188} INFO - [2026-01-02T20:18:12.895+0000] {dagbag.py:538} INFO - Filling up the DagBag from /opt/airflow/dags/prediction_features_pipeline.py
[2026-01-02T20:18:12.918+0000] {processor.py:840} INFO - DAG(s) 'match_features_pipeline' retrieved from /opt/airflow/dags/prediction_features_pipeline.py
[2026-01-02T20:18:12.942+0000] {logging_mixin.py:188} INFO - [2026-01-02T20:18:12.942+0000] {dag.py:3036} INFO - Sync 1 DAGs
[2026-01-02T20:18:12.969+0000] {logging_mixin.py:188} INFO - [2026-01-02T20:18:12.968+0000] {dag.py:3823} INFO - Setting next_dagrun for match_features_pipeline to 2026-01-02 00:00:00+00:00, run_after=2026-01-03 00:00:00+00:00
[2026-01-02T20:18:12.988+0000] {processor.py:183} INFO - Processing /opt/airflow/dags/prediction_features_pipeline.py took 0.100 seconds
[2026-01-02T20:18:43.303+0000] {processor.py:161} INFO - Started process (PID=28726) to work on /opt/airflow/dags/prediction_features_pipeline.py
[2026-01-02T20:18:43.305+0000] {processor.py:830} INFO - Processing file /opt/airflow/dags/prediction_features_pipeline.py for tasks to queue
[2026-01-02T20:18:43.306+0000] {logging_mixin.py:188} INFO - [2026-01-02T20:18:43.306+0000] {dagbag.py:538} INFO - Filling up the DagBag from /opt/airflow/dags/prediction_features_pipeline.py
[2026-01-02T20:18:43.332+0000] {processor.py:840} INFO - DAG(s) 'match_features_pipeline' retrieved from /opt/airflow/dags/prediction_features_pipeline.py
[2026-01-02T20:18:43.361+0000] {logging_mixin.py:188} INFO - [2026-01-02T20:18:43.361+0000] {dag.py:3036} INFO - Sync 1 DAGs
[2026-01-02T20:18:43.390+0000] {logging_mixin.py:188} INFO - [2026-01-02T20:18:43.389+0000] {dag.py:3823} INFO - Setting next_dagrun for match_features_pipeline to 2026-01-02 00:00:00+00:00, run_after=2026-01-03 00:00:00+00:00
[2026-01-02T20:18:43.412+0000] {processor.py:183} INFO - Processing /opt/airflow/dags/prediction_features_pipeline.py took 0.113 seconds
[2026-01-02T20:19:13.823+0000] {processor.py:161} INFO - Started process (PID=28746) to work on /opt/airflow/dags/prediction_features_pipeline.py
[2026-01-02T20:19:13.824+0000] {processor.py:830} INFO - Processing file /opt/airflow/dags/prediction_features_pipeline.py for tasks to queue
[2026-01-02T20:19:13.825+0000] {logging_mixin.py:188} INFO - [2026-01-02T20:19:13.825+0000] {dagbag.py:538} INFO - Filling up the DagBag from /opt/airflow/dags/prediction_features_pipeline.py
[2026-01-02T20:19:13.849+0000] {processor.py:840} INFO - DAG(s) 'match_features_pipeline' retrieved from /opt/airflow/dags/prediction_features_pipeline.py
[2026-01-02T20:19:13.874+0000] {logging_mixin.py:188} INFO - [2026-01-02T20:19:13.874+0000] {dag.py:3036} INFO - Sync 1 DAGs
[2026-01-02T20:19:13.898+0000] {logging_mixin.py:188} INFO - [2026-01-02T20:19:13.898+0000] {dag.py:3823} INFO - Setting next_dagrun for match_features_pipeline to 2026-01-02 00:00:00+00:00, run_after=2026-01-03 00:00:00+00:00
[2026-01-02T20:19:13.921+0000] {processor.py:183} INFO - Processing /opt/airflow/dags/prediction_features_pipeline.py took 0.102 seconds
[2026-01-02T20:19:44.219+0000] {processor.py:161} INFO - Started process (PID=28766) to work on /opt/airflow/dags/prediction_features_pipeline.py
[2026-01-02T20:19:44.221+0000] {processor.py:830} INFO - Processing file /opt/airflow/dags/prediction_features_pipeline.py for tasks to queue
[2026-01-02T20:19:44.222+0000] {logging_mixin.py:188} INFO - [2026-01-02T20:19:44.221+0000] {dagbag.py:538} INFO - Filling up the DagBag from /opt/airflow/dags/prediction_features_pipeline.py
[2026-01-02T20:19:44.244+0000] {processor.py:840} INFO - DAG(s) 'match_features_pipeline' retrieved from /opt/airflow/dags/prediction_features_pipeline.py
[2026-01-02T20:19:44.270+0000] {logging_mixin.py:188} INFO - [2026-01-02T20:19:44.270+0000] {dag.py:3036} INFO - Sync 1 DAGs
[2026-01-02T20:19:44.295+0000] {logging_mixin.py:188} INFO - [2026-01-02T20:19:44.295+0000] {dag.py:3823} INFO - Setting next_dagrun for match_features_pipeline to 2026-01-02 00:00:00+00:00, run_after=2026-01-03 00:00:00+00:00
[2026-01-02T20:19:44.315+0000] {processor.py:183} INFO - Processing /opt/airflow/dags/prediction_features_pipeline.py took 0.100 seconds
[2026-01-02T20:20:14.618+0000] {processor.py:161} INFO - Started process (PID=28786) to work on /opt/airflow/dags/prediction_features_pipeline.py
[2026-01-02T20:20:14.620+0000] {processor.py:830} INFO - Processing file /opt/airflow/dags/prediction_features_pipeline.py for tasks to queue
[2026-01-02T20:20:14.621+0000] {logging_mixin.py:188} INFO - [2026-01-02T20:20:14.620+0000] {dagbag.py:538} INFO - Filling up the DagBag from /opt/airflow/dags/prediction_features_pipeline.py
[2026-01-02T20:20:14.642+0000] {processor.py:840} INFO - DAG(s) 'match_features_pipeline' retrieved from /opt/airflow/dags/prediction_features_pipeline.py
[2026-01-02T20:20:14.669+0000] {logging_mixin.py:188} INFO - [2026-01-02T20:20:14.668+0000] {dag.py:3036} INFO - Sync 1 DAGs
[2026-01-02T20:20:14.693+0000] {logging_mixin.py:188} INFO - [2026-01-02T20:20:14.693+0000] {dag.py:3823} INFO - Setting next_dagrun for match_features_pipeline to 2026-01-02 00:00:00+00:00, run_after=2026-01-03 00:00:00+00:00
[2026-01-02T20:20:14.717+0000] {processor.py:183} INFO - Processing /opt/airflow/dags/prediction_features_pipeline.py took 0.103 seconds
[2026-01-02T20:20:45.020+0000] {processor.py:161} INFO - Started process (PID=28806) to work on /opt/airflow/dags/prediction_features_pipeline.py
[2026-01-02T20:20:45.021+0000] {processor.py:830} INFO - Processing file /opt/airflow/dags/prediction_features_pipeline.py for tasks to queue
[2026-01-02T20:20:45.023+0000] {logging_mixin.py:188} INFO - [2026-01-02T20:20:45.022+0000] {dagbag.py:538} INFO - Filling up the DagBag from /opt/airflow/dags/prediction_features_pipeline.py
[2026-01-02T20:20:45.045+0000] {processor.py:840} INFO - DAG(s) 'match_features_pipeline' retrieved from /opt/airflow/dags/prediction_features_pipeline.py
[2026-01-02T20:20:45.071+0000] {logging_mixin.py:188} INFO - [2026-01-02T20:20:45.071+0000] {dag.py:3036} INFO - Sync 1 DAGs
[2026-01-02T20:20:45.095+0000] {logging_mixin.py:188} INFO - [2026-01-02T20:20:45.095+0000] {dag.py:3823} INFO - Setting next_dagrun for match_features_pipeline to 2026-01-02 00:00:00+00:00, run_after=2026-01-03 00:00:00+00:00
[2026-01-02T20:20:45.116+0000] {processor.py:183} INFO - Processing /opt/airflow/dags/prediction_features_pipeline.py took 0.100 seconds
[2026-01-02T20:21:15.529+0000] {processor.py:161} INFO - Started process (PID=28826) to work on /opt/airflow/dags/prediction_features_pipeline.py
[2026-01-02T20:21:15.530+0000] {processor.py:830} INFO - Processing file /opt/airflow/dags/prediction_features_pipeline.py for tasks to queue
[2026-01-02T20:21:15.532+0000] {logging_mixin.py:188} INFO - [2026-01-02T20:21:15.531+0000] {dagbag.py:538} INFO - Filling up the DagBag from /opt/airflow/dags/prediction_features_pipeline.py
[2026-01-02T20:21:15.554+0000] {processor.py:840} INFO - DAG(s) 'match_features_pipeline' retrieved from /opt/airflow/dags/prediction_features_pipeline.py
[2026-01-02T20:21:15.579+0000] {logging_mixin.py:188} INFO - [2026-01-02T20:21:15.579+0000] {dag.py:3036} INFO - Sync 1 DAGs
[2026-01-02T20:21:15.604+0000] {logging_mixin.py:188} INFO - [2026-01-02T20:21:15.603+0000] {dag.py:3823} INFO - Setting next_dagrun for match_features_pipeline to 2026-01-02 00:00:00+00:00, run_after=2026-01-03 00:00:00+00:00
[2026-01-02T20:21:15.624+0000] {processor.py:183} INFO - Processing /opt/airflow/dags/prediction_features_pipeline.py took 0.100 seconds
[2026-01-02T20:21:45.938+0000] {processor.py:161} INFO - Started process (PID=28846) to work on /opt/airflow/dags/prediction_features_pipeline.py
[2026-01-02T20:21:45.940+0000] {processor.py:830} INFO - Processing file /opt/airflow/dags/prediction_features_pipeline.py for tasks to queue
[2026-01-02T20:21:45.941+0000] {logging_mixin.py:188} INFO - [2026-01-02T20:21:45.940+0000] {dagbag.py:538} INFO - Filling up the DagBag from /opt/airflow/dags/prediction_features_pipeline.py
[2026-01-02T20:21:45.967+0000] {processor.py:840} INFO - DAG(s) 'match_features_pipeline' retrieved from /opt/airflow/dags/prediction_features_pipeline.py
[2026-01-02T20:21:45.992+0000] {logging_mixin.py:188} INFO - [2026-01-02T20:21:45.991+0000] {dag.py:3036} INFO - Sync 1 DAGs
[2026-01-02T20:21:46.017+0000] {logging_mixin.py:188} INFO - [2026-01-02T20:21:46.016+0000] {dag.py:3823} INFO - Setting next_dagrun for match_features_pipeline to 2026-01-02 00:00:00+00:00, run_after=2026-01-03 00:00:00+00:00
[2026-01-02T20:21:46.037+0000] {processor.py:183} INFO - Processing /opt/airflow/dags/prediction_features_pipeline.py took 0.102 seconds
[2026-01-02T20:22:16.478+0000] {processor.py:161} INFO - Started process (PID=28866) to work on /opt/airflow/dags/prediction_features_pipeline.py
[2026-01-02T20:22:16.479+0000] {processor.py:830} INFO - Processing file /opt/airflow/dags/prediction_features_pipeline.py for tasks to queue
[2026-01-02T20:22:16.480+0000] {logging_mixin.py:188} INFO - [2026-01-02T20:22:16.480+0000] {dagbag.py:538} INFO - Filling up the DagBag from /opt/airflow/dags/prediction_features_pipeline.py
[2026-01-02T20:22:16.505+0000] {processor.py:840} INFO - DAG(s) 'match_features_pipeline' retrieved from /opt/airflow/dags/prediction_features_pipeline.py
[2026-01-02T20:22:16.532+0000] {logging_mixin.py:188} INFO - [2026-01-02T20:22:16.532+0000] {dag.py:3036} INFO - Sync 1 DAGs
[2026-01-02T20:22:16.558+0000] {logging_mixin.py:188} INFO - [2026-01-02T20:22:16.558+0000] {dag.py:3823} INFO - Setting next_dagrun for match_features_pipeline to 2026-01-02 00:00:00+00:00, run_after=2026-01-03 00:00:00+00:00
[2026-01-02T20:22:16.580+0000] {processor.py:183} INFO - Processing /opt/airflow/dags/prediction_features_pipeline.py took 0.106 seconds
[2026-01-02T20:22:47.081+0000] {processor.py:161} INFO - Started process (PID=28886) to work on /opt/airflow/dags/prediction_features_pipeline.py
[2026-01-02T20:22:47.082+0000] {processor.py:830} INFO - Processing file /opt/airflow/dags/prediction_features_pipeline.py for tasks to queue
[2026-01-02T20:22:47.084+0000] {logging_mixin.py:188} INFO - [2026-01-02T20:22:47.083+0000] {dagbag.py:538} INFO - Filling up the DagBag from /opt/airflow/dags/prediction_features_pipeline.py
[2026-01-02T20:22:47.106+0000] {processor.py:840} INFO - DAG(s) 'match_features_pipeline' retrieved from /opt/airflow/dags/prediction_features_pipeline.py
[2026-01-02T20:22:47.131+0000] {logging_mixin.py:188} INFO - [2026-01-02T20:22:47.131+0000] {dag.py:3036} INFO - Sync 1 DAGs
[2026-01-02T20:22:47.157+0000] {logging_mixin.py:188} INFO - [2026-01-02T20:22:47.157+0000] {dag.py:3823} INFO - Setting next_dagrun for match_features_pipeline to 2026-01-02 00:00:00+00:00, run_after=2026-01-03 00:00:00+00:00
[2026-01-02T20:22:47.178+0000] {processor.py:183} INFO - Processing /opt/airflow/dags/prediction_features_pipeline.py took 0.100 seconds
[2026-01-02T20:23:17.492+0000] {processor.py:161} INFO - Started process (PID=28906) to work on /opt/airflow/dags/prediction_features_pipeline.py
[2026-01-02T20:23:17.494+0000] {processor.py:830} INFO - Processing file /opt/airflow/dags/prediction_features_pipeline.py for tasks to queue
[2026-01-02T20:23:17.495+0000] {logging_mixin.py:188} INFO - [2026-01-02T20:23:17.495+0000] {dagbag.py:538} INFO - Filling up the DagBag from /opt/airflow/dags/prediction_features_pipeline.py
[2026-01-02T20:23:17.520+0000] {processor.py:840} INFO - DAG(s) 'match_features_pipeline' retrieved from /opt/airflow/dags/prediction_features_pipeline.py
[2026-01-02T20:23:17.546+0000] {logging_mixin.py:188} INFO - [2026-01-02T20:23:17.546+0000] {dag.py:3036} INFO - Sync 1 DAGs
[2026-01-02T20:23:17.573+0000] {logging_mixin.py:188} INFO - [2026-01-02T20:23:17.573+0000] {dag.py:3823} INFO - Setting next_dagrun for match_features_pipeline to 2026-01-02 00:00:00+00:00, run_after=2026-01-03 00:00:00+00:00
[2026-01-02T20:23:17.595+0000] {processor.py:183} INFO - Processing /opt/airflow/dags/prediction_features_pipeline.py took 0.106 seconds
[2026-01-02T20:23:47.892+0000] {processor.py:161} INFO - Started process (PID=28926) to work on /opt/airflow/dags/prediction_features_pipeline.py
[2026-01-02T20:23:47.893+0000] {processor.py:830} INFO - Processing file /opt/airflow/dags/prediction_features_pipeline.py for tasks to queue
[2026-01-02T20:23:47.894+0000] {logging_mixin.py:188} INFO - [2026-01-02T20:23:47.894+0000] {dagbag.py:538} INFO - Filling up the DagBag from /opt/airflow/dags/prediction_features_pipeline.py
[2026-01-02T20:23:47.916+0000] {processor.py:840} INFO - DAG(s) 'match_features_pipeline' retrieved from /opt/airflow/dags/prediction_features_pipeline.py
[2026-01-02T20:23:47.941+0000] {logging_mixin.py:188} INFO - [2026-01-02T20:23:47.941+0000] {dag.py:3036} INFO - Sync 1 DAGs
[2026-01-02T20:23:47.965+0000] {logging_mixin.py:188} INFO - [2026-01-02T20:23:47.965+0000] {dag.py:3823} INFO - Setting next_dagrun for match_features_pipeline to 2026-01-02 00:00:00+00:00, run_after=2026-01-03 00:00:00+00:00
[2026-01-02T20:23:47.988+0000] {processor.py:183} INFO - Processing /opt/airflow/dags/prediction_features_pipeline.py took 0.099 seconds
[2026-01-02T20:24:18.301+0000] {processor.py:161} INFO - Started process (PID=28946) to work on /opt/airflow/dags/prediction_features_pipeline.py
[2026-01-02T20:24:18.303+0000] {processor.py:830} INFO - Processing file /opt/airflow/dags/prediction_features_pipeline.py for tasks to queue
[2026-01-02T20:24:18.304+0000] {logging_mixin.py:188} INFO - [2026-01-02T20:24:18.304+0000] {dagbag.py:538} INFO - Filling up the DagBag from /opt/airflow/dags/prediction_features_pipeline.py
[2026-01-02T20:24:18.327+0000] {processor.py:840} INFO - DAG(s) 'match_features_pipeline' retrieved from /opt/airflow/dags/prediction_features_pipeline.py
[2026-01-02T20:24:18.352+0000] {logging_mixin.py:188} INFO - [2026-01-02T20:24:18.352+0000] {dag.py:3036} INFO - Sync 1 DAGs
[2026-01-02T20:24:18.377+0000] {logging_mixin.py:188} INFO - [2026-01-02T20:24:18.377+0000] {dag.py:3823} INFO - Setting next_dagrun for match_features_pipeline to 2026-01-02 00:00:00+00:00, run_after=2026-01-03 00:00:00+00:00
[2026-01-02T20:24:18.402+0000] {processor.py:183} INFO - Processing /opt/airflow/dags/prediction_features_pipeline.py took 0.105 seconds
[2026-01-02T20:24:48.717+0000] {processor.py:161} INFO - Started process (PID=28966) to work on /opt/airflow/dags/prediction_features_pipeline.py
[2026-01-02T20:24:48.718+0000] {processor.py:830} INFO - Processing file /opt/airflow/dags/prediction_features_pipeline.py for tasks to queue
[2026-01-02T20:24:48.720+0000] {logging_mixin.py:188} INFO - [2026-01-02T20:24:48.719+0000] {dagbag.py:538} INFO - Filling up the DagBag from /opt/airflow/dags/prediction_features_pipeline.py
[2026-01-02T20:24:48.744+0000] {processor.py:840} INFO - DAG(s) 'match_features_pipeline' retrieved from /opt/airflow/dags/prediction_features_pipeline.py
[2026-01-02T20:24:48.769+0000] {logging_mixin.py:188} INFO - [2026-01-02T20:24:48.769+0000] {dag.py:3036} INFO - Sync 1 DAGs
[2026-01-02T20:24:48.794+0000] {logging_mixin.py:188} INFO - [2026-01-02T20:24:48.794+0000] {dag.py:3823} INFO - Setting next_dagrun for match_features_pipeline to 2026-01-02 00:00:00+00:00, run_after=2026-01-03 00:00:00+00:00
[2026-01-02T20:24:48.815+0000] {processor.py:183} INFO - Processing /opt/airflow/dags/prediction_features_pipeline.py took 0.102 seconds
[2026-01-02T20:25:19.126+0000] {processor.py:161} INFO - Started process (PID=28986) to work on /opt/airflow/dags/prediction_features_pipeline.py
[2026-01-02T20:25:19.127+0000] {processor.py:830} INFO - Processing file /opt/airflow/dags/prediction_features_pipeline.py for tasks to queue
[2026-01-02T20:25:19.128+0000] {logging_mixin.py:188} INFO - [2026-01-02T20:25:19.128+0000] {dagbag.py:538} INFO - Filling up the DagBag from /opt/airflow/dags/prediction_features_pipeline.py
[2026-01-02T20:25:19.150+0000] {processor.py:840} INFO - DAG(s) 'match_features_pipeline' retrieved from /opt/airflow/dags/prediction_features_pipeline.py
[2026-01-02T20:25:19.175+0000] {logging_mixin.py:188} INFO - [2026-01-02T20:25:19.175+0000] {dag.py:3036} INFO - Sync 1 DAGs
[2026-01-02T20:25:19.200+0000] {logging_mixin.py:188} INFO - [2026-01-02T20:25:19.200+0000] {dag.py:3823} INFO - Setting next_dagrun for match_features_pipeline to 2026-01-02 00:00:00+00:00, run_after=2026-01-03 00:00:00+00:00
[2026-01-02T20:25:19.227+0000] {processor.py:183} INFO - Processing /opt/airflow/dags/prediction_features_pipeline.py took 0.106 seconds
[2026-01-02T20:25:49.545+0000] {processor.py:161} INFO - Started process (PID=29006) to work on /opt/airflow/dags/prediction_features_pipeline.py
[2026-01-02T20:25:49.546+0000] {processor.py:830} INFO - Processing file /opt/airflow/dags/prediction_features_pipeline.py for tasks to queue
[2026-01-02T20:25:49.547+0000] {logging_mixin.py:188} INFO - [2026-01-02T20:25:49.547+0000] {dagbag.py:538} INFO - Filling up the DagBag from /opt/airflow/dags/prediction_features_pipeline.py
[2026-01-02T20:25:49.571+0000] {processor.py:840} INFO - DAG(s) 'match_features_pipeline' retrieved from /opt/airflow/dags/prediction_features_pipeline.py
[2026-01-02T20:25:49.596+0000] {logging_mixin.py:188} INFO - [2026-01-02T20:25:49.595+0000] {dag.py:3036} INFO - Sync 1 DAGs
[2026-01-02T20:25:49.620+0000] {logging_mixin.py:188} INFO - [2026-01-02T20:25:49.620+0000] {dag.py:3823} INFO - Setting next_dagrun for match_features_pipeline to 2026-01-02 00:00:00+00:00, run_after=2026-01-03 00:00:00+00:00
[2026-01-02T20:25:49.640+0000] {processor.py:183} INFO - Processing /opt/airflow/dags/prediction_features_pipeline.py took 0.099 seconds
[2026-01-02T20:26:19.957+0000] {processor.py:161} INFO - Started process (PID=29026) to work on /opt/airflow/dags/prediction_features_pipeline.py
[2026-01-02T20:26:19.958+0000] {processor.py:830} INFO - Processing file /opt/airflow/dags/prediction_features_pipeline.py for tasks to queue
[2026-01-02T20:26:19.959+0000] {logging_mixin.py:188} INFO - [2026-01-02T20:26:19.959+0000] {dagbag.py:538} INFO - Filling up the DagBag from /opt/airflow/dags/prediction_features_pipeline.py
[2026-01-02T20:26:19.980+0000] {processor.py:840} INFO - DAG(s) 'match_features_pipeline' retrieved from /opt/airflow/dags/prediction_features_pipeline.py
[2026-01-02T20:26:20.006+0000] {logging_mixin.py:188} INFO - [2026-01-02T20:26:20.006+0000] {dag.py:3036} INFO - Sync 1 DAGs
[2026-01-02T20:26:20.031+0000] {logging_mixin.py:188} INFO - [2026-01-02T20:26:20.031+0000] {dag.py:3823} INFO - Setting next_dagrun for match_features_pipeline to 2026-01-02 00:00:00+00:00, run_after=2026-01-03 00:00:00+00:00
[2026-01-02T20:26:20.053+0000] {processor.py:183} INFO - Processing /opt/airflow/dags/prediction_features_pipeline.py took 0.101 seconds
[2026-01-02T20:26:50.469+0000] {processor.py:161} INFO - Started process (PID=29046) to work on /opt/airflow/dags/prediction_features_pipeline.py
[2026-01-02T20:26:50.471+0000] {processor.py:830} INFO - Processing file /opt/airflow/dags/prediction_features_pipeline.py for tasks to queue
[2026-01-02T20:26:50.472+0000] {logging_mixin.py:188} INFO - [2026-01-02T20:26:50.472+0000] {dagbag.py:538} INFO - Filling up the DagBag from /opt/airflow/dags/prediction_features_pipeline.py
[2026-01-02T20:26:50.495+0000] {processor.py:840} INFO - DAG(s) 'match_features_pipeline' retrieved from /opt/airflow/dags/prediction_features_pipeline.py
[2026-01-02T20:26:50.522+0000] {logging_mixin.py:188} INFO - [2026-01-02T20:26:50.522+0000] {dag.py:3036} INFO - Sync 1 DAGs
[2026-01-02T20:26:50.548+0000] {logging_mixin.py:188} INFO - [2026-01-02T20:26:50.547+0000] {dag.py:3823} INFO - Setting next_dagrun for match_features_pipeline to 2026-01-02 00:00:00+00:00, run_after=2026-01-03 00:00:00+00:00
[2026-01-02T20:26:50.569+0000] {processor.py:183} INFO - Processing /opt/airflow/dags/prediction_features_pipeline.py took 0.104 seconds
[2026-01-02T20:27:20.885+0000] {processor.py:161} INFO - Started process (PID=29066) to work on /opt/airflow/dags/prediction_features_pipeline.py
[2026-01-02T20:27:20.887+0000] {processor.py:830} INFO - Processing file /opt/airflow/dags/prediction_features_pipeline.py for tasks to queue
[2026-01-02T20:27:20.888+0000] {logging_mixin.py:188} INFO - [2026-01-02T20:27:20.888+0000] {dagbag.py:538} INFO - Filling up the DagBag from /opt/airflow/dags/prediction_features_pipeline.py
[2026-01-02T20:27:20.911+0000] {processor.py:840} INFO - DAG(s) 'match_features_pipeline' retrieved from /opt/airflow/dags/prediction_features_pipeline.py
[2026-01-02T20:27:20.938+0000] {logging_mixin.py:188} INFO - [2026-01-02T20:27:20.938+0000] {dag.py:3036} INFO - Sync 1 DAGs
[2026-01-02T20:27:20.965+0000] {logging_mixin.py:188} INFO - [2026-01-02T20:27:20.965+0000] {dag.py:3823} INFO - Setting next_dagrun for match_features_pipeline to 2026-01-02 00:00:00+00:00, run_after=2026-01-03 00:00:00+00:00
[2026-01-02T20:27:20.987+0000] {processor.py:183} INFO - Processing /opt/airflow/dags/prediction_features_pipeline.py took 0.106 seconds
[2026-01-02T20:27:51.473+0000] {processor.py:161} INFO - Started process (PID=29086) to work on /opt/airflow/dags/prediction_features_pipeline.py
[2026-01-02T20:27:51.475+0000] {processor.py:830} INFO - Processing file /opt/airflow/dags/prediction_features_pipeline.py for tasks to queue
[2026-01-02T20:27:51.476+0000] {logging_mixin.py:188} INFO - [2026-01-02T20:27:51.476+0000] {dagbag.py:538} INFO - Filling up the DagBag from /opt/airflow/dags/prediction_features_pipeline.py
[2026-01-02T20:27:51.500+0000] {processor.py:840} INFO - DAG(s) 'match_features_pipeline' retrieved from /opt/airflow/dags/prediction_features_pipeline.py
[2026-01-02T20:27:51.526+0000] {logging_mixin.py:188} INFO - [2026-01-02T20:27:51.526+0000] {dag.py:3036} INFO - Sync 1 DAGs
[2026-01-02T20:27:51.552+0000] {logging_mixin.py:188} INFO - [2026-01-02T20:27:51.552+0000] {dag.py:3823} INFO - Setting next_dagrun for match_features_pipeline to 2026-01-02 00:00:00+00:00, run_after=2026-01-03 00:00:00+00:00
[2026-01-02T20:27:51.575+0000] {processor.py:183} INFO - Processing /opt/airflow/dags/prediction_features_pipeline.py took 0.106 seconds
[2026-01-02T20:28:22.001+0000] {processor.py:161} INFO - Started process (PID=29106) to work on /opt/airflow/dags/prediction_features_pipeline.py
[2026-01-02T20:28:22.003+0000] {processor.py:830} INFO - Processing file /opt/airflow/dags/prediction_features_pipeline.py for tasks to queue
[2026-01-02T20:28:22.004+0000] {logging_mixin.py:188} INFO - [2026-01-02T20:28:22.004+0000] {dagbag.py:538} INFO - Filling up the DagBag from /opt/airflow/dags/prediction_features_pipeline.py
[2026-01-02T20:28:22.027+0000] {processor.py:840} INFO - DAG(s) 'match_features_pipeline' retrieved from /opt/airflow/dags/prediction_features_pipeline.py
[2026-01-02T20:28:22.052+0000] {logging_mixin.py:188} INFO - [2026-01-02T20:28:22.052+0000] {dag.py:3036} INFO - Sync 1 DAGs
[2026-01-02T20:28:22.077+0000] {logging_mixin.py:188} INFO - [2026-01-02T20:28:22.077+0000] {dag.py:3823} INFO - Setting next_dagrun for match_features_pipeline to 2026-01-02 00:00:00+00:00, run_after=2026-01-03 00:00:00+00:00
[2026-01-02T20:28:22.097+0000] {processor.py:183} INFO - Processing /opt/airflow/dags/prediction_features_pipeline.py took 0.100 seconds
[2026-01-02T20:28:52.404+0000] {processor.py:161} INFO - Started process (PID=29126) to work on /opt/airflow/dags/prediction_features_pipeline.py
[2026-01-02T20:28:52.406+0000] {processor.py:830} INFO - Processing file /opt/airflow/dags/prediction_features_pipeline.py for tasks to queue
[2026-01-02T20:28:52.407+0000] {logging_mixin.py:188} INFO - [2026-01-02T20:28:52.406+0000] {dagbag.py:538} INFO - Filling up the DagBag from /opt/airflow/dags/prediction_features_pipeline.py
[2026-01-02T20:28:52.428+0000] {processor.py:840} INFO - DAG(s) 'match_features_pipeline' retrieved from /opt/airflow/dags/prediction_features_pipeline.py
[2026-01-02T20:28:52.454+0000] {logging_mixin.py:188} INFO - [2026-01-02T20:28:52.454+0000] {dag.py:3036} INFO - Sync 1 DAGs
[2026-01-02T20:28:52.482+0000] {logging_mixin.py:188} INFO - [2026-01-02T20:28:52.481+0000] {dag.py:3823} INFO - Setting next_dagrun for match_features_pipeline to 2026-01-02 00:00:00+00:00, run_after=2026-01-03 00:00:00+00:00
[2026-01-02T20:28:52.503+0000] {processor.py:183} INFO - Processing /opt/airflow/dags/prediction_features_pipeline.py took 0.102 seconds
[2026-01-02T20:29:22.916+0000] {processor.py:161} INFO - Started process (PID=29146) to work on /opt/airflow/dags/prediction_features_pipeline.py
[2026-01-02T20:29:22.917+0000] {processor.py:830} INFO - Processing file /opt/airflow/dags/prediction_features_pipeline.py for tasks to queue
[2026-01-02T20:29:22.919+0000] {logging_mixin.py:188} INFO - [2026-01-02T20:29:22.918+0000] {dagbag.py:538} INFO - Filling up the DagBag from /opt/airflow/dags/prediction_features_pipeline.py
[2026-01-02T20:29:22.941+0000] {processor.py:840} INFO - DAG(s) 'match_features_pipeline' retrieved from /opt/airflow/dags/prediction_features_pipeline.py
[2026-01-02T20:29:22.967+0000] {logging_mixin.py:188} INFO - [2026-01-02T20:29:22.967+0000] {dag.py:3036} INFO - Sync 1 DAGs
[2026-01-02T20:29:22.993+0000] {logging_mixin.py:188} INFO - [2026-01-02T20:29:22.993+0000] {dag.py:3823} INFO - Setting next_dagrun for match_features_pipeline to 2026-01-02 00:00:00+00:00, run_after=2026-01-03 00:00:00+00:00
[2026-01-02T20:29:23.017+0000] {processor.py:183} INFO - Processing /opt/airflow/dags/prediction_features_pipeline.py took 0.105 seconds
[2026-01-02T20:29:53.351+0000] {processor.py:161} INFO - Started process (PID=29166) to work on /opt/airflow/dags/prediction_features_pipeline.py
[2026-01-02T20:29:53.352+0000] {processor.py:830} INFO - Processing file /opt/airflow/dags/prediction_features_pipeline.py for tasks to queue
[2026-01-02T20:29:53.354+0000] {logging_mixin.py:188} INFO - [2026-01-02T20:29:53.353+0000] {dagbag.py:538} INFO - Filling up the DagBag from /opt/airflow/dags/prediction_features_pipeline.py
[2026-01-02T20:29:53.375+0000] {processor.py:840} INFO - DAG(s) 'match_features_pipeline' retrieved from /opt/airflow/dags/prediction_features_pipeline.py
[2026-01-02T20:29:53.400+0000] {logging_mixin.py:188} INFO - [2026-01-02T20:29:53.400+0000] {dag.py:3036} INFO - Sync 1 DAGs
[2026-01-02T20:29:53.425+0000] {logging_mixin.py:188} INFO - [2026-01-02T20:29:53.425+0000] {dag.py:3823} INFO - Setting next_dagrun for match_features_pipeline to 2026-01-02 00:00:00+00:00, run_after=2026-01-03 00:00:00+00:00
[2026-01-02T20:29:53.446+0000] {processor.py:183} INFO - Processing /opt/airflow/dags/prediction_features_pipeline.py took 0.099 seconds
[2026-01-02T20:30:23.753+0000] {processor.py:161} INFO - Started process (PID=29186) to work on /opt/airflow/dags/prediction_features_pipeline.py
[2026-01-02T20:30:23.754+0000] {processor.py:830} INFO - Processing file /opt/airflow/dags/prediction_features_pipeline.py for tasks to queue
[2026-01-02T20:30:23.756+0000] {logging_mixin.py:188} INFO - [2026-01-02T20:30:23.756+0000] {dagbag.py:538} INFO - Filling up the DagBag from /opt/airflow/dags/prediction_features_pipeline.py
[2026-01-02T20:30:23.779+0000] {processor.py:840} INFO - DAG(s) 'match_features_pipeline' retrieved from /opt/airflow/dags/prediction_features_pipeline.py
[2026-01-02T20:30:23.805+0000] {logging_mixin.py:188} INFO - [2026-01-02T20:30:23.804+0000] {dag.py:3036} INFO - Sync 1 DAGs
[2026-01-02T20:30:23.829+0000] {logging_mixin.py:188} INFO - [2026-01-02T20:30:23.829+0000] {dag.py:3823} INFO - Setting next_dagrun for match_features_pipeline to 2026-01-02 00:00:00+00:00, run_after=2026-01-03 00:00:00+00:00
[2026-01-02T20:30:23.848+0000] {processor.py:183} INFO - Processing /opt/airflow/dags/prediction_features_pipeline.py took 0.099 seconds
[2026-01-02T20:30:54.277+0000] {processor.py:161} INFO - Started process (PID=29206) to work on /opt/airflow/dags/prediction_features_pipeline.py
[2026-01-02T20:30:54.278+0000] {processor.py:830} INFO - Processing file /opt/airflow/dags/prediction_features_pipeline.py for tasks to queue
[2026-01-02T20:30:54.279+0000] {logging_mixin.py:188} INFO - [2026-01-02T20:30:54.279+0000] {dagbag.py:538} INFO - Filling up the DagBag from /opt/airflow/dags/prediction_features_pipeline.py
[2026-01-02T20:30:54.301+0000] {processor.py:840} INFO - DAG(s) 'match_features_pipeline' retrieved from /opt/airflow/dags/prediction_features_pipeline.py
[2026-01-02T20:30:54.326+0000] {logging_mixin.py:188} INFO - [2026-01-02T20:30:54.326+0000] {dag.py:3036} INFO - Sync 1 DAGs
[2026-01-02T20:30:54.351+0000] {logging_mixin.py:188} INFO - [2026-01-02T20:30:54.351+0000] {dag.py:3823} INFO - Setting next_dagrun for match_features_pipeline to 2026-01-02 00:00:00+00:00, run_after=2026-01-03 00:00:00+00:00
[2026-01-02T20:30:54.378+0000] {processor.py:183} INFO - Processing /opt/airflow/dags/prediction_features_pipeline.py took 0.104 seconds
[2026-01-02T20:31:24.676+0000] {processor.py:161} INFO - Started process (PID=29226) to work on /opt/airflow/dags/prediction_features_pipeline.py
[2026-01-02T20:31:24.678+0000] {processor.py:830} INFO - Processing file /opt/airflow/dags/prediction_features_pipeline.py for tasks to queue
[2026-01-02T20:31:24.679+0000] {logging_mixin.py:188} INFO - [2026-01-02T20:31:24.679+0000] {dagbag.py:538} INFO - Filling up the DagBag from /opt/airflow/dags/prediction_features_pipeline.py
[2026-01-02T20:31:24.701+0000] {processor.py:840} INFO - DAG(s) 'match_features_pipeline' retrieved from /opt/airflow/dags/prediction_features_pipeline.py
[2026-01-02T20:31:24.727+0000] {logging_mixin.py:188} INFO - [2026-01-02T20:31:24.726+0000] {dag.py:3036} INFO - Sync 1 DAGs
[2026-01-02T20:31:24.752+0000] {logging_mixin.py:188} INFO - [2026-01-02T20:31:24.751+0000] {dag.py:3823} INFO - Setting next_dagrun for match_features_pipeline to 2026-01-02 00:00:00+00:00, run_after=2026-01-03 00:00:00+00:00
[2026-01-02T20:31:24.772+0000] {processor.py:183} INFO - Processing /opt/airflow/dags/prediction_features_pipeline.py took 0.100 seconds
[2026-01-02T20:31:55.080+0000] {processor.py:161} INFO - Started process (PID=29246) to work on /opt/airflow/dags/prediction_features_pipeline.py
[2026-01-02T20:31:55.081+0000] {processor.py:830} INFO - Processing file /opt/airflow/dags/prediction_features_pipeline.py for tasks to queue
[2026-01-02T20:31:55.082+0000] {logging_mixin.py:188} INFO - [2026-01-02T20:31:55.082+0000] {dagbag.py:538} INFO - Filling up the DagBag from /opt/airflow/dags/prediction_features_pipeline.py
[2026-01-02T20:31:55.104+0000] {processor.py:840} INFO - DAG(s) 'match_features_pipeline' retrieved from /opt/airflow/dags/prediction_features_pipeline.py
[2026-01-02T20:31:55.129+0000] {logging_mixin.py:188} INFO - [2026-01-02T20:31:55.129+0000] {dag.py:3036} INFO - Sync 1 DAGs
[2026-01-02T20:31:55.154+0000] {logging_mixin.py:188} INFO - [2026-01-02T20:31:55.153+0000] {dag.py:3823} INFO - Setting next_dagrun for match_features_pipeline to 2026-01-02 00:00:00+00:00, run_after=2026-01-03 00:00:00+00:00
[2026-01-02T20:31:55.180+0000] {processor.py:183} INFO - Processing /opt/airflow/dags/prediction_features_pipeline.py took 0.102 seconds
[2026-01-02T20:32:25.486+0000] {processor.py:161} INFO - Started process (PID=29266) to work on /opt/airflow/dags/prediction_features_pipeline.py
[2026-01-02T20:32:25.487+0000] {processor.py:830} INFO - Processing file /opt/airflow/dags/prediction_features_pipeline.py for tasks to queue
[2026-01-02T20:32:25.489+0000] {logging_mixin.py:188} INFO - [2026-01-02T20:32:25.488+0000] {dagbag.py:538} INFO - Filling up the DagBag from /opt/airflow/dags/prediction_features_pipeline.py
[2026-01-02T20:32:25.510+0000] {processor.py:840} INFO - DAG(s) 'match_features_pipeline' retrieved from /opt/airflow/dags/prediction_features_pipeline.py
[2026-01-02T20:32:25.537+0000] {logging_mixin.py:188} INFO - [2026-01-02T20:32:25.537+0000] {dag.py:3036} INFO - Sync 1 DAGs
[2026-01-02T20:32:25.563+0000] {logging_mixin.py:188} INFO - [2026-01-02T20:32:25.563+0000] {dag.py:3823} INFO - Setting next_dagrun for match_features_pipeline to 2026-01-02 00:00:00+00:00, run_after=2026-01-03 00:00:00+00:00
[2026-01-02T20:32:25.583+0000] {processor.py:183} INFO - Processing /opt/airflow/dags/prediction_features_pipeline.py took 0.101 seconds
[2026-01-02T20:32:55.946+0000] {processor.py:161} INFO - Started process (PID=29286) to work on /opt/airflow/dags/prediction_features_pipeline.py
[2026-01-02T20:32:55.947+0000] {processor.py:830} INFO - Processing file /opt/airflow/dags/prediction_features_pipeline.py for tasks to queue
[2026-01-02T20:32:55.948+0000] {logging_mixin.py:188} INFO - [2026-01-02T20:32:55.948+0000] {dagbag.py:538} INFO - Filling up the DagBag from /opt/airflow/dags/prediction_features_pipeline.py
[2026-01-02T20:32:55.972+0000] {processor.py:840} INFO - DAG(s) 'match_features_pipeline' retrieved from /opt/airflow/dags/prediction_features_pipeline.py
[2026-01-02T20:32:55.998+0000] {logging_mixin.py:188} INFO - [2026-01-02T20:32:55.998+0000] {dag.py:3036} INFO - Sync 1 DAGs
[2026-01-02T20:32:56.023+0000] {logging_mixin.py:188} INFO - [2026-01-02T20:32:56.023+0000] {dag.py:3823} INFO - Setting next_dagrun for match_features_pipeline to 2026-01-02 00:00:00+00:00, run_after=2026-01-03 00:00:00+00:00
[2026-01-02T20:32:56.045+0000] {processor.py:183} INFO - Processing /opt/airflow/dags/prediction_features_pipeline.py took 0.103 seconds
[2026-01-02T20:33:26.465+0000] {processor.py:161} INFO - Started process (PID=29306) to work on /opt/airflow/dags/prediction_features_pipeline.py
[2026-01-02T20:33:26.466+0000] {processor.py:830} INFO - Processing file /opt/airflow/dags/prediction_features_pipeline.py for tasks to queue
[2026-01-02T20:33:26.468+0000] {logging_mixin.py:188} INFO - [2026-01-02T20:33:26.467+0000] {dagbag.py:538} INFO - Filling up the DagBag from /opt/airflow/dags/prediction_features_pipeline.py
[2026-01-02T20:33:26.490+0000] {processor.py:840} INFO - DAG(s) 'match_features_pipeline' retrieved from /opt/airflow/dags/prediction_features_pipeline.py
[2026-01-02T20:33:26.516+0000] {logging_mixin.py:188} INFO - [2026-01-02T20:33:26.515+0000] {dag.py:3036} INFO - Sync 1 DAGs
[2026-01-02T20:33:26.541+0000] {logging_mixin.py:188} INFO - [2026-01-02T20:33:26.541+0000] {dag.py:3823} INFO - Setting next_dagrun for match_features_pipeline to 2026-01-02 00:00:00+00:00, run_after=2026-01-03 00:00:00+00:00
[2026-01-02T20:33:26.562+0000] {processor.py:183} INFO - Processing /opt/airflow/dags/prediction_features_pipeline.py took 0.101 seconds
[2026-01-02T20:33:56.969+0000] {processor.py:161} INFO - Started process (PID=29326) to work on /opt/airflow/dags/prediction_features_pipeline.py
[2026-01-02T20:33:56.970+0000] {processor.py:830} INFO - Processing file /opt/airflow/dags/prediction_features_pipeline.py for tasks to queue
[2026-01-02T20:33:56.971+0000] {logging_mixin.py:188} INFO - [2026-01-02T20:33:56.971+0000] {dagbag.py:538} INFO - Filling up the DagBag from /opt/airflow/dags/prediction_features_pipeline.py
[2026-01-02T20:33:56.995+0000] {processor.py:840} INFO - DAG(s) 'match_features_pipeline' retrieved from /opt/airflow/dags/prediction_features_pipeline.py
[2026-01-02T20:33:57.023+0000] {logging_mixin.py:188} INFO - [2026-01-02T20:33:57.022+0000] {dag.py:3036} INFO - Sync 1 DAGs
[2026-01-02T20:33:57.053+0000] {logging_mixin.py:188} INFO - [2026-01-02T20:33:57.052+0000] {dag.py:3823} INFO - Setting next_dagrun for match_features_pipeline to 2026-01-02 00:00:00+00:00, run_after=2026-01-03 00:00:00+00:00
[2026-01-02T20:33:57.072+0000] {processor.py:183} INFO - Processing /opt/airflow/dags/prediction_features_pipeline.py took 0.107 seconds
[2026-01-02T20:34:27.369+0000] {processor.py:161} INFO - Started process (PID=29346) to work on /opt/airflow/dags/prediction_features_pipeline.py
[2026-01-02T20:34:27.370+0000] {processor.py:830} INFO - Processing file /opt/airflow/dags/prediction_features_pipeline.py for tasks to queue
[2026-01-02T20:34:27.371+0000] {logging_mixin.py:188} INFO - [2026-01-02T20:34:27.371+0000] {dagbag.py:538} INFO - Filling up the DagBag from /opt/airflow/dags/prediction_features_pipeline.py
[2026-01-02T20:34:27.396+0000] {processor.py:840} INFO - DAG(s) 'match_features_pipeline' retrieved from /opt/airflow/dags/prediction_features_pipeline.py
[2026-01-02T20:34:27.427+0000] {logging_mixin.py:188} INFO - [2026-01-02T20:34:27.427+0000] {dag.py:3036} INFO - Sync 1 DAGs
[2026-01-02T20:34:27.454+0000] {logging_mixin.py:188} INFO - [2026-01-02T20:34:27.454+0000] {dag.py:3823} INFO - Setting next_dagrun for match_features_pipeline to 2026-01-02 00:00:00+00:00, run_after=2026-01-03 00:00:00+00:00
[2026-01-02T20:34:27.477+0000] {processor.py:183} INFO - Processing /opt/airflow/dags/prediction_features_pipeline.py took 0.113 seconds
[2026-01-02T20:34:57.777+0000] {processor.py:161} INFO - Started process (PID=29366) to work on /opt/airflow/dags/prediction_features_pipeline.py
[2026-01-02T20:34:57.778+0000] {processor.py:830} INFO - Processing file /opt/airflow/dags/prediction_features_pipeline.py for tasks to queue
[2026-01-02T20:34:57.780+0000] {logging_mixin.py:188} INFO - [2026-01-02T20:34:57.779+0000] {dagbag.py:538} INFO - Filling up the DagBag from /opt/airflow/dags/prediction_features_pipeline.py
[2026-01-02T20:34:57.802+0000] {processor.py:840} INFO - DAG(s) 'match_features_pipeline' retrieved from /opt/airflow/dags/prediction_features_pipeline.py
[2026-01-02T20:34:57.828+0000] {logging_mixin.py:188} INFO - [2026-01-02T20:34:57.828+0000] {dag.py:3036} INFO - Sync 1 DAGs
[2026-01-02T20:34:57.854+0000] {logging_mixin.py:188} INFO - [2026-01-02T20:34:57.854+0000] {dag.py:3823} INFO - Setting next_dagrun for match_features_pipeline to 2026-01-02 00:00:00+00:00, run_after=2026-01-03 00:00:00+00:00
[2026-01-02T20:34:57.875+0000] {processor.py:183} INFO - Processing /opt/airflow/dags/prediction_features_pipeline.py took 0.102 seconds
[2026-01-02T20:35:28.192+0000] {processor.py:161} INFO - Started process (PID=29386) to work on /opt/airflow/dags/prediction_features_pipeline.py
[2026-01-02T20:35:28.194+0000] {processor.py:830} INFO - Processing file /opt/airflow/dags/prediction_features_pipeline.py for tasks to queue
[2026-01-02T20:35:28.195+0000] {logging_mixin.py:188} INFO - [2026-01-02T20:35:28.195+0000] {dagbag.py:538} INFO - Filling up the DagBag from /opt/airflow/dags/prediction_features_pipeline.py
[2026-01-02T20:35:28.217+0000] {processor.py:840} INFO - DAG(s) 'match_features_pipeline' retrieved from /opt/airflow/dags/prediction_features_pipeline.py
[2026-01-02T20:35:28.244+0000] {logging_mixin.py:188} INFO - [2026-01-02T20:35:28.244+0000] {dag.py:3036} INFO - Sync 1 DAGs
[2026-01-02T20:35:28.269+0000] {logging_mixin.py:188} INFO - [2026-01-02T20:35:28.269+0000] {dag.py:3823} INFO - Setting next_dagrun for match_features_pipeline to 2026-01-02 00:00:00+00:00, run_after=2026-01-03 00:00:00+00:00
[2026-01-02T20:35:28.294+0000] {processor.py:183} INFO - Processing /opt/airflow/dags/prediction_features_pipeline.py took 0.106 seconds
[2026-01-02T20:35:58.610+0000] {processor.py:161} INFO - Started process (PID=29406) to work on /opt/airflow/dags/prediction_features_pipeline.py
[2026-01-02T20:35:58.612+0000] {processor.py:830} INFO - Processing file /opt/airflow/dags/prediction_features_pipeline.py for tasks to queue
[2026-01-02T20:35:58.613+0000] {logging_mixin.py:188} INFO - [2026-01-02T20:35:58.613+0000] {dagbag.py:538} INFO - Filling up the DagBag from /opt/airflow/dags/prediction_features_pipeline.py
[2026-01-02T20:35:58.635+0000] {processor.py:840} INFO - DAG(s) 'match_features_pipeline' retrieved from /opt/airflow/dags/prediction_features_pipeline.py
[2026-01-02T20:35:58.660+0000] {logging_mixin.py:188} INFO - [2026-01-02T20:35:58.660+0000] {dag.py:3036} INFO - Sync 1 DAGs
[2026-01-02T20:35:58.686+0000] {logging_mixin.py:188} INFO - [2026-01-02T20:35:58.686+0000] {dag.py:3823} INFO - Setting next_dagrun for match_features_pipeline to 2026-01-02 00:00:00+00:00, run_after=2026-01-03 00:00:00+00:00
[2026-01-02T20:35:58.708+0000] {processor.py:183} INFO - Processing /opt/airflow/dags/prediction_features_pipeline.py took 0.101 seconds
[2026-01-02T20:36:29.015+0000] {processor.py:161} INFO - Started process (PID=29426) to work on /opt/airflow/dags/prediction_features_pipeline.py
[2026-01-02T20:36:29.016+0000] {processor.py:830} INFO - Processing file /opt/airflow/dags/prediction_features_pipeline.py for tasks to queue
[2026-01-02T20:36:29.017+0000] {logging_mixin.py:188} INFO - [2026-01-02T20:36:29.017+0000] {dagbag.py:538} INFO - Filling up the DagBag from /opt/airflow/dags/prediction_features_pipeline.py
[2026-01-02T20:36:29.041+0000] {processor.py:840} INFO - DAG(s) 'match_features_pipeline' retrieved from /opt/airflow/dags/prediction_features_pipeline.py
[2026-01-02T20:36:29.068+0000] {logging_mixin.py:188} INFO - [2026-01-02T20:36:29.067+0000] {dag.py:3036} INFO - Sync 1 DAGs
[2026-01-02T20:36:29.097+0000] {logging_mixin.py:188} INFO - [2026-01-02T20:36:29.096+0000] {dag.py:3823} INFO - Setting next_dagrun for match_features_pipeline to 2026-01-02 00:00:00+00:00, run_after=2026-01-03 00:00:00+00:00
[2026-01-02T20:36:29.118+0000] {processor.py:183} INFO - Processing /opt/airflow/dags/prediction_features_pipeline.py took 0.108 seconds
[2026-01-02T20:36:59.551+0000] {processor.py:161} INFO - Started process (PID=29446) to work on /opt/airflow/dags/prediction_features_pipeline.py
[2026-01-02T20:36:59.552+0000] {processor.py:830} INFO - Processing file /opt/airflow/dags/prediction_features_pipeline.py for tasks to queue
[2026-01-02T20:36:59.554+0000] {logging_mixin.py:188} INFO - [2026-01-02T20:36:59.553+0000] {dagbag.py:538} INFO - Filling up the DagBag from /opt/airflow/dags/prediction_features_pipeline.py
[2026-01-02T20:36:59.576+0000] {processor.py:840} INFO - DAG(s) 'match_features_pipeline' retrieved from /opt/airflow/dags/prediction_features_pipeline.py
[2026-01-02T20:36:59.602+0000] {logging_mixin.py:188} INFO - [2026-01-02T20:36:59.601+0000] {dag.py:3036} INFO - Sync 1 DAGs
[2026-01-02T20:36:59.628+0000] {logging_mixin.py:188} INFO - [2026-01-02T20:36:59.628+0000] {dag.py:3823} INFO - Setting next_dagrun for match_features_pipeline to 2026-01-02 00:00:00+00:00, run_after=2026-01-03 00:00:00+00:00
[2026-01-02T20:36:59.650+0000] {processor.py:183} INFO - Processing /opt/airflow/dags/prediction_features_pipeline.py took 0.102 seconds
[2026-01-02T20:37:30.134+0000] {processor.py:161} INFO - Started process (PID=29466) to work on /opt/airflow/dags/prediction_features_pipeline.py
[2026-01-02T20:37:30.135+0000] {processor.py:830} INFO - Processing file /opt/airflow/dags/prediction_features_pipeline.py for tasks to queue
[2026-01-02T20:37:30.137+0000] {logging_mixin.py:188} INFO - [2026-01-02T20:37:30.136+0000] {dagbag.py:538} INFO - Filling up the DagBag from /opt/airflow/dags/prediction_features_pipeline.py
[2026-01-02T20:37:30.158+0000] {processor.py:840} INFO - DAG(s) 'match_features_pipeline' retrieved from /opt/airflow/dags/prediction_features_pipeline.py
[2026-01-02T20:37:30.184+0000] {logging_mixin.py:188} INFO - [2026-01-02T20:37:30.184+0000] {dag.py:3036} INFO - Sync 1 DAGs
[2026-01-02T20:37:30.210+0000] {logging_mixin.py:188} INFO - [2026-01-02T20:37:30.209+0000] {dag.py:3823} INFO - Setting next_dagrun for match_features_pipeline to 2026-01-02 00:00:00+00:00, run_after=2026-01-03 00:00:00+00:00
[2026-01-02T20:37:30.231+0000] {processor.py:183} INFO - Processing /opt/airflow/dags/prediction_features_pipeline.py took 0.102 seconds
[2026-01-02T20:38:00.655+0000] {processor.py:161} INFO - Started process (PID=29486) to work on /opt/airflow/dags/prediction_features_pipeline.py
[2026-01-02T20:38:00.656+0000] {processor.py:830} INFO - Processing file /opt/airflow/dags/prediction_features_pipeline.py for tasks to queue
[2026-01-02T20:38:00.657+0000] {logging_mixin.py:188} INFO - [2026-01-02T20:38:00.657+0000] {dagbag.py:538} INFO - Filling up the DagBag from /opt/airflow/dags/prediction_features_pipeline.py
[2026-01-02T20:38:00.679+0000] {processor.py:840} INFO - DAG(s) 'match_features_pipeline' retrieved from /opt/airflow/dags/prediction_features_pipeline.py
[2026-01-02T20:38:00.706+0000] {logging_mixin.py:188} INFO - [2026-01-02T20:38:00.706+0000] {dag.py:3036} INFO - Sync 1 DAGs
[2026-01-02T20:38:00.734+0000] {logging_mixin.py:188} INFO - [2026-01-02T20:38:00.734+0000] {dag.py:3823} INFO - Setting next_dagrun for match_features_pipeline to 2026-01-02 00:00:00+00:00, run_after=2026-01-03 00:00:00+00:00
[2026-01-02T20:38:00.756+0000] {processor.py:183} INFO - Processing /opt/airflow/dags/prediction_features_pipeline.py took 0.104 seconds
[2026-01-02T20:38:31.168+0000] {processor.py:161} INFO - Started process (PID=29506) to work on /opt/airflow/dags/prediction_features_pipeline.py
[2026-01-02T20:38:31.170+0000] {processor.py:830} INFO - Processing file /opt/airflow/dags/prediction_features_pipeline.py for tasks to queue
[2026-01-02T20:38:31.171+0000] {logging_mixin.py:188} INFO - [2026-01-02T20:38:31.171+0000] {dagbag.py:538} INFO - Filling up the DagBag from /opt/airflow/dags/prediction_features_pipeline.py
[2026-01-02T20:38:31.194+0000] {processor.py:840} INFO - DAG(s) 'match_features_pipeline' retrieved from /opt/airflow/dags/prediction_features_pipeline.py
[2026-01-02T20:38:31.220+0000] {logging_mixin.py:188} INFO - [2026-01-02T20:38:31.220+0000] {dag.py:3036} INFO - Sync 1 DAGs
[2026-01-02T20:38:31.246+0000] {logging_mixin.py:188} INFO - [2026-01-02T20:38:31.245+0000] {dag.py:3823} INFO - Setting next_dagrun for match_features_pipeline to 2026-01-02 00:00:00+00:00, run_after=2026-01-03 00:00:00+00:00
[2026-01-02T20:38:31.267+0000] {processor.py:183} INFO - Processing /opt/airflow/dags/prediction_features_pipeline.py took 0.103 seconds
[2026-01-02T20:39:01.574+0000] {processor.py:161} INFO - Started process (PID=29526) to work on /opt/airflow/dags/prediction_features_pipeline.py
[2026-01-02T20:39:01.576+0000] {processor.py:830} INFO - Processing file /opt/airflow/dags/prediction_features_pipeline.py for tasks to queue
[2026-01-02T20:39:01.577+0000] {logging_mixin.py:188} INFO - [2026-01-02T20:39:01.576+0000] {dagbag.py:538} INFO - Filling up the DagBag from /opt/airflow/dags/prediction_features_pipeline.py
[2026-01-02T20:39:01.599+0000] {processor.py:840} INFO - DAG(s) 'match_features_pipeline' retrieved from /opt/airflow/dags/prediction_features_pipeline.py
[2026-01-02T20:39:01.625+0000] {logging_mixin.py:188} INFO - [2026-01-02T20:39:01.625+0000] {dag.py:3036} INFO - Sync 1 DAGs
[2026-01-02T20:39:01.651+0000] {logging_mixin.py:188} INFO - [2026-01-02T20:39:01.650+0000] {dag.py:3823} INFO - Setting next_dagrun for match_features_pipeline to 2026-01-02 00:00:00+00:00, run_after=2026-01-03 00:00:00+00:00
[2026-01-02T20:39:01.672+0000] {processor.py:183} INFO - Processing /opt/airflow/dags/prediction_features_pipeline.py took 0.102 seconds
[2026-01-02T20:39:31.990+0000] {processor.py:161} INFO - Started process (PID=29546) to work on /opt/airflow/dags/prediction_features_pipeline.py
[2026-01-02T20:39:31.991+0000] {processor.py:830} INFO - Processing file /opt/airflow/dags/prediction_features_pipeline.py for tasks to queue
[2026-01-02T20:39:31.992+0000] {logging_mixin.py:188} INFO - [2026-01-02T20:39:31.992+0000] {dagbag.py:538} INFO - Filling up the DagBag from /opt/airflow/dags/prediction_features_pipeline.py
[2026-01-02T20:39:32.015+0000] {processor.py:840} INFO - DAG(s) 'match_features_pipeline' retrieved from /opt/airflow/dags/prediction_features_pipeline.py
[2026-01-02T20:39:32.042+0000] {logging_mixin.py:188} INFO - [2026-01-02T20:39:32.042+0000] {dag.py:3036} INFO - Sync 1 DAGs
[2026-01-02T20:39:32.068+0000] {logging_mixin.py:188} INFO - [2026-01-02T20:39:32.068+0000] {dag.py:3823} INFO - Setting next_dagrun for match_features_pipeline to 2026-01-02 00:00:00+00:00, run_after=2026-01-03 00:00:00+00:00
[2026-01-02T20:39:32.088+0000] {processor.py:183} INFO - Processing /opt/airflow/dags/prediction_features_pipeline.py took 0.102 seconds
[2026-01-02T20:40:02.401+0000] {processor.py:161} INFO - Started process (PID=29566) to work on /opt/airflow/dags/prediction_features_pipeline.py
[2026-01-02T20:40:02.403+0000] {processor.py:830} INFO - Processing file /opt/airflow/dags/prediction_features_pipeline.py for tasks to queue
[2026-01-02T20:40:02.404+0000] {logging_mixin.py:188} INFO - [2026-01-02T20:40:02.404+0000] {dagbag.py:538} INFO - Filling up the DagBag from /opt/airflow/dags/prediction_features_pipeline.py
[2026-01-02T20:40:02.427+0000] {processor.py:840} INFO - DAG(s) 'match_features_pipeline' retrieved from /opt/airflow/dags/prediction_features_pipeline.py
[2026-01-02T20:40:02.454+0000] {logging_mixin.py:188} INFO - [2026-01-02T20:40:02.454+0000] {dag.py:3036} INFO - Sync 1 DAGs
[2026-01-02T20:40:02.481+0000] {logging_mixin.py:188} INFO - [2026-01-02T20:40:02.481+0000] {dag.py:3823} INFO - Setting next_dagrun for match_features_pipeline to 2026-01-02 00:00:00+00:00, run_after=2026-01-03 00:00:00+00:00
[2026-01-02T20:40:02.502+0000] {processor.py:183} INFO - Processing /opt/airflow/dags/prediction_features_pipeline.py took 0.104 seconds
[2026-01-02T20:40:32.813+0000] {processor.py:161} INFO - Started process (PID=29586) to work on /opt/airflow/dags/prediction_features_pipeline.py
[2026-01-02T20:40:32.815+0000] {processor.py:830} INFO - Processing file /opt/airflow/dags/prediction_features_pipeline.py for tasks to queue
[2026-01-02T20:40:32.816+0000] {logging_mixin.py:188} INFO - [2026-01-02T20:40:32.816+0000] {dagbag.py:538} INFO - Filling up the DagBag from /opt/airflow/dags/prediction_features_pipeline.py
[2026-01-02T20:40:32.841+0000] {processor.py:840} INFO - DAG(s) 'match_features_pipeline' retrieved from /opt/airflow/dags/prediction_features_pipeline.py
[2026-01-02T20:40:32.869+0000] {logging_mixin.py:188} INFO - [2026-01-02T20:40:32.869+0000] {dag.py:3036} INFO - Sync 1 DAGs
[2026-01-02T20:40:32.895+0000] {logging_mixin.py:188} INFO - [2026-01-02T20:40:32.894+0000] {dag.py:3823} INFO - Setting next_dagrun for match_features_pipeline to 2026-01-02 00:00:00+00:00, run_after=2026-01-03 00:00:00+00:00
[2026-01-02T20:40:32.920+0000] {processor.py:183} INFO - Processing /opt/airflow/dags/prediction_features_pipeline.py took 0.112 seconds
[2026-01-02T20:41:03.338+0000] {processor.py:161} INFO - Started process (PID=29606) to work on /opt/airflow/dags/prediction_features_pipeline.py
[2026-01-02T20:41:03.340+0000] {processor.py:830} INFO - Processing file /opt/airflow/dags/prediction_features_pipeline.py for tasks to queue
[2026-01-02T20:41:03.341+0000] {logging_mixin.py:188} INFO - [2026-01-02T20:41:03.340+0000] {dagbag.py:538} INFO - Filling up the DagBag from /opt/airflow/dags/prediction_features_pipeline.py
[2026-01-02T20:41:03.363+0000] {processor.py:840} INFO - DAG(s) 'match_features_pipeline' retrieved from /opt/airflow/dags/prediction_features_pipeline.py
[2026-01-02T20:41:03.389+0000] {logging_mixin.py:188} INFO - [2026-01-02T20:41:03.389+0000] {dag.py:3036} INFO - Sync 1 DAGs
[2026-01-02T20:41:03.415+0000] {logging_mixin.py:188} INFO - [2026-01-02T20:41:03.415+0000] {dag.py:3823} INFO - Setting next_dagrun for match_features_pipeline to 2026-01-02 00:00:00+00:00, run_after=2026-01-03 00:00:00+00:00
[2026-01-02T20:41:03.437+0000] {processor.py:183} INFO - Processing /opt/airflow/dags/prediction_features_pipeline.py took 0.103 seconds
[2026-01-02T20:41:33.846+0000] {processor.py:161} INFO - Started process (PID=29626) to work on /opt/airflow/dags/prediction_features_pipeline.py
[2026-01-02T20:41:33.847+0000] {processor.py:830} INFO - Processing file /opt/airflow/dags/prediction_features_pipeline.py for tasks to queue
[2026-01-02T20:41:33.848+0000] {logging_mixin.py:188} INFO - [2026-01-02T20:41:33.848+0000] {dagbag.py:538} INFO - Filling up the DagBag from /opt/airflow/dags/prediction_features_pipeline.py
[2026-01-02T20:41:33.872+0000] {processor.py:840} INFO - DAG(s) 'match_features_pipeline' retrieved from /opt/airflow/dags/prediction_features_pipeline.py
[2026-01-02T20:41:33.897+0000] {logging_mixin.py:188} INFO - [2026-01-02T20:41:33.897+0000] {dag.py:3036} INFO - Sync 1 DAGs
[2026-01-02T20:41:33.924+0000] {logging_mixin.py:188} INFO - [2026-01-02T20:41:33.924+0000] {dag.py:3823} INFO - Setting next_dagrun for match_features_pipeline to 2026-01-02 00:00:00+00:00, run_after=2026-01-03 00:00:00+00:00
[2026-01-02T20:41:33.946+0000] {processor.py:183} INFO - Processing /opt/airflow/dags/prediction_features_pipeline.py took 0.104 seconds
[2026-01-02T20:42:04.368+0000] {processor.py:161} INFO - Started process (PID=29646) to work on /opt/airflow/dags/prediction_features_pipeline.py
[2026-01-02T20:42:04.369+0000] {processor.py:830} INFO - Processing file /opt/airflow/dags/prediction_features_pipeline.py for tasks to queue
[2026-01-02T20:42:04.371+0000] {logging_mixin.py:188} INFO - [2026-01-02T20:42:04.370+0000] {dagbag.py:538} INFO - Filling up the DagBag from /opt/airflow/dags/prediction_features_pipeline.py
[2026-01-02T20:42:04.392+0000] {processor.py:840} INFO - DAG(s) 'match_features_pipeline' retrieved from /opt/airflow/dags/prediction_features_pipeline.py
[2026-01-02T20:42:04.419+0000] {logging_mixin.py:188} INFO - [2026-01-02T20:42:04.418+0000] {dag.py:3036} INFO - Sync 1 DAGs
[2026-01-02T20:42:04.444+0000] {logging_mixin.py:188} INFO - [2026-01-02T20:42:04.444+0000] {dag.py:3823} INFO - Setting next_dagrun for match_features_pipeline to 2026-01-02 00:00:00+00:00, run_after=2026-01-03 00:00:00+00:00
[2026-01-02T20:42:04.466+0000] {processor.py:183} INFO - Processing /opt/airflow/dags/prediction_features_pipeline.py took 0.101 seconds
[2026-01-02T20:42:34.842+0000] {processor.py:161} INFO - Started process (PID=29666) to work on /opt/airflow/dags/prediction_features_pipeline.py
[2026-01-02T20:42:34.844+0000] {processor.py:830} INFO - Processing file /opt/airflow/dags/prediction_features_pipeline.py for tasks to queue
[2026-01-02T20:42:34.845+0000] {logging_mixin.py:188} INFO - [2026-01-02T20:42:34.845+0000] {dagbag.py:538} INFO - Filling up the DagBag from /opt/airflow/dags/prediction_features_pipeline.py
[2026-01-02T20:42:34.869+0000] {processor.py:840} INFO - DAG(s) 'match_features_pipeline' retrieved from /opt/airflow/dags/prediction_features_pipeline.py
[2026-01-02T20:42:34.895+0000] {logging_mixin.py:188} INFO - [2026-01-02T20:42:34.894+0000] {dag.py:3036} INFO - Sync 1 DAGs
[2026-01-02T20:42:34.923+0000] {logging_mixin.py:188} INFO - [2026-01-02T20:42:34.922+0000] {dag.py:3823} INFO - Setting next_dagrun for match_features_pipeline to 2026-01-02 00:00:00+00:00, run_after=2026-01-03 00:00:00+00:00
[2026-01-02T20:42:34.944+0000] {processor.py:183} INFO - Processing /opt/airflow/dags/prediction_features_pipeline.py took 0.106 seconds
[2026-01-02T20:43:05.288+0000] {processor.py:161} INFO - Started process (PID=29686) to work on /opt/airflow/dags/prediction_features_pipeline.py
[2026-01-02T20:43:05.290+0000] {processor.py:830} INFO - Processing file /opt/airflow/dags/prediction_features_pipeline.py for tasks to queue
[2026-01-02T20:43:05.292+0000] {logging_mixin.py:188} INFO - [2026-01-02T20:43:05.292+0000] {dagbag.py:538} INFO - Filling up the DagBag from /opt/airflow/dags/prediction_features_pipeline.py
[2026-01-02T20:43:05.316+0000] {processor.py:840} INFO - DAG(s) 'match_features_pipeline' retrieved from /opt/airflow/dags/prediction_features_pipeline.py
[2026-01-02T20:43:05.349+0000] {logging_mixin.py:188} INFO - [2026-01-02T20:43:05.348+0000] {dag.py:3036} INFO - Sync 1 DAGs
[2026-01-02T20:43:05.375+0000] {logging_mixin.py:188} INFO - [2026-01-02T20:43:05.375+0000] {dag.py:3823} INFO - Setting next_dagrun for match_features_pipeline to 2026-01-02 00:00:00+00:00, run_after=2026-01-03 00:00:00+00:00
[2026-01-02T20:43:05.396+0000] {processor.py:183} INFO - Processing /opt/airflow/dags/prediction_features_pipeline.py took 0.112 seconds
[2026-01-02T20:43:35.828+0000] {processor.py:161} INFO - Started process (PID=29706) to work on /opt/airflow/dags/prediction_features_pipeline.py
[2026-01-02T20:43:35.829+0000] {processor.py:830} INFO - Processing file /opt/airflow/dags/prediction_features_pipeline.py for tasks to queue
[2026-01-02T20:43:35.831+0000] {logging_mixin.py:188} INFO - [2026-01-02T20:43:35.830+0000] {dagbag.py:538} INFO - Filling up the DagBag from /opt/airflow/dags/prediction_features_pipeline.py
[2026-01-02T20:43:35.853+0000] {processor.py:840} INFO - DAG(s) 'match_features_pipeline' retrieved from /opt/airflow/dags/prediction_features_pipeline.py
[2026-01-02T20:43:35.880+0000] {logging_mixin.py:188} INFO - [2026-01-02T20:43:35.879+0000] {dag.py:3036} INFO - Sync 1 DAGs
[2026-01-02T20:43:35.905+0000] {logging_mixin.py:188} INFO - [2026-01-02T20:43:35.905+0000] {dag.py:3823} INFO - Setting next_dagrun for match_features_pipeline to 2026-01-02 00:00:00+00:00, run_after=2026-01-03 00:00:00+00:00
[2026-01-02T20:43:35.927+0000] {processor.py:183} INFO - Processing /opt/airflow/dags/prediction_features_pipeline.py took 0.103 seconds
[2026-01-02T20:44:06.235+0000] {processor.py:161} INFO - Started process (PID=29726) to work on /opt/airflow/dags/prediction_features_pipeline.py
[2026-01-02T20:44:06.237+0000] {processor.py:830} INFO - Processing file /opt/airflow/dags/prediction_features_pipeline.py for tasks to queue
[2026-01-02T20:44:06.238+0000] {logging_mixin.py:188} INFO - [2026-01-02T20:44:06.237+0000] {dagbag.py:538} INFO - Filling up the DagBag from /opt/airflow/dags/prediction_features_pipeline.py
[2026-01-02T20:44:06.262+0000] {processor.py:840} INFO - DAG(s) 'match_features_pipeline' retrieved from /opt/airflow/dags/prediction_features_pipeline.py
[2026-01-02T20:44:06.287+0000] {logging_mixin.py:188} INFO - [2026-01-02T20:44:06.287+0000] {dag.py:3036} INFO - Sync 1 DAGs
[2026-01-02T20:44:06.313+0000] {logging_mixin.py:188} INFO - [2026-01-02T20:44:06.313+0000] {dag.py:3823} INFO - Setting next_dagrun for match_features_pipeline to 2026-01-02 00:00:00+00:00, run_after=2026-01-03 00:00:00+00:00
[2026-01-02T20:44:06.334+0000] {processor.py:183} INFO - Processing /opt/airflow/dags/prediction_features_pipeline.py took 0.103 seconds
[2026-01-02T20:44:36.780+0000] {processor.py:161} INFO - Started process (PID=29746) to work on /opt/airflow/dags/prediction_features_pipeline.py
[2026-01-02T20:44:36.781+0000] {processor.py:830} INFO - Processing file /opt/airflow/dags/prediction_features_pipeline.py for tasks to queue
[2026-01-02T20:44:36.782+0000] {logging_mixin.py:188} INFO - [2026-01-02T20:44:36.782+0000] {dagbag.py:538} INFO - Filling up the DagBag from /opt/airflow/dags/prediction_features_pipeline.py
[2026-01-02T20:44:36.804+0000] {processor.py:840} INFO - DAG(s) 'match_features_pipeline' retrieved from /opt/airflow/dags/prediction_features_pipeline.py
[2026-01-02T20:44:36.830+0000] {logging_mixin.py:188} INFO - [2026-01-02T20:44:36.829+0000] {dag.py:3036} INFO - Sync 1 DAGs
[2026-01-02T20:44:36.854+0000] {logging_mixin.py:188} INFO - [2026-01-02T20:44:36.854+0000] {dag.py:3823} INFO - Setting next_dagrun for match_features_pipeline to 2026-01-02 00:00:00+00:00, run_after=2026-01-03 00:00:00+00:00
[2026-01-02T20:44:36.879+0000] {processor.py:183} INFO - Processing /opt/airflow/dags/prediction_features_pipeline.py took 0.102 seconds
[2026-01-02T20:45:07.203+0000] {processor.py:161} INFO - Started process (PID=29766) to work on /opt/airflow/dags/prediction_features_pipeline.py
[2026-01-02T20:45:07.204+0000] {processor.py:830} INFO - Processing file /opt/airflow/dags/prediction_features_pipeline.py for tasks to queue
[2026-01-02T20:45:07.206+0000] {logging_mixin.py:188} INFO - [2026-01-02T20:45:07.205+0000] {dagbag.py:538} INFO - Filling up the DagBag from /opt/airflow/dags/prediction_features_pipeline.py
[2026-01-02T20:45:07.228+0000] {processor.py:840} INFO - DAG(s) 'match_features_pipeline' retrieved from /opt/airflow/dags/prediction_features_pipeline.py
[2026-01-02T20:45:07.255+0000] {logging_mixin.py:188} INFO - [2026-01-02T20:45:07.254+0000] {dag.py:3036} INFO - Sync 1 DAGs
[2026-01-02T20:45:07.281+0000] {logging_mixin.py:188} INFO - [2026-01-02T20:45:07.280+0000] {dag.py:3823} INFO - Setting next_dagrun for match_features_pipeline to 2026-01-02 00:00:00+00:00, run_after=2026-01-03 00:00:00+00:00
[2026-01-02T20:45:07.301+0000] {processor.py:183} INFO - Processing /opt/airflow/dags/prediction_features_pipeline.py took 0.101 seconds
[2026-01-02T20:45:37.614+0000] {processor.py:161} INFO - Started process (PID=29786) to work on /opt/airflow/dags/prediction_features_pipeline.py
[2026-01-02T20:45:37.615+0000] {processor.py:830} INFO - Processing file /opt/airflow/dags/prediction_features_pipeline.py for tasks to queue
[2026-01-02T20:45:37.616+0000] {logging_mixin.py:188} INFO - [2026-01-02T20:45:37.616+0000] {dagbag.py:538} INFO - Filling up the DagBag from /opt/airflow/dags/prediction_features_pipeline.py
[2026-01-02T20:45:37.640+0000] {processor.py:840} INFO - DAG(s) 'match_features_pipeline' retrieved from /opt/airflow/dags/prediction_features_pipeline.py
[2026-01-02T20:45:37.667+0000] {logging_mixin.py:188} INFO - [2026-01-02T20:45:37.667+0000] {dag.py:3036} INFO - Sync 1 DAGs
[2026-01-02T20:45:37.694+0000] {logging_mixin.py:188} INFO - [2026-01-02T20:45:37.694+0000] {dag.py:3823} INFO - Setting next_dagrun for match_features_pipeline to 2026-01-02 00:00:00+00:00, run_after=2026-01-03 00:00:00+00:00
[2026-01-02T20:45:37.716+0000] {processor.py:183} INFO - Processing /opt/airflow/dags/prediction_features_pipeline.py took 0.105 seconds
[2026-01-02T20:46:08.033+0000] {processor.py:161} INFO - Started process (PID=29806) to work on /opt/airflow/dags/prediction_features_pipeline.py
[2026-01-02T20:46:08.034+0000] {processor.py:830} INFO - Processing file /opt/airflow/dags/prediction_features_pipeline.py for tasks to queue
[2026-01-02T20:46:08.035+0000] {logging_mixin.py:188} INFO - [2026-01-02T20:46:08.035+0000] {dagbag.py:538} INFO - Filling up the DagBag from /opt/airflow/dags/prediction_features_pipeline.py
[2026-01-02T20:46:08.057+0000] {processor.py:840} INFO - DAG(s) 'match_features_pipeline' retrieved from /opt/airflow/dags/prediction_features_pipeline.py
[2026-01-02T20:46:08.083+0000] {logging_mixin.py:188} INFO - [2026-01-02T20:46:08.083+0000] {dag.py:3036} INFO - Sync 1 DAGs
[2026-01-02T20:46:08.108+0000] {logging_mixin.py:188} INFO - [2026-01-02T20:46:08.108+0000] {dag.py:3823} INFO - Setting next_dagrun for match_features_pipeline to 2026-01-02 00:00:00+00:00, run_after=2026-01-03 00:00:00+00:00
[2026-01-02T20:46:08.134+0000] {processor.py:183} INFO - Processing /opt/airflow/dags/prediction_features_pipeline.py took 0.104 seconds
[2026-01-02T20:46:38.440+0000] {processor.py:161} INFO - Started process (PID=29826) to work on /opt/airflow/dags/prediction_features_pipeline.py
[2026-01-02T20:46:38.441+0000] {processor.py:830} INFO - Processing file /opt/airflow/dags/prediction_features_pipeline.py for tasks to queue
[2026-01-02T20:46:38.442+0000] {logging_mixin.py:188} INFO - [2026-01-02T20:46:38.442+0000] {dagbag.py:538} INFO - Filling up the DagBag from /opt/airflow/dags/prediction_features_pipeline.py
[2026-01-02T20:46:38.467+0000] {processor.py:840} INFO - DAG(s) 'match_features_pipeline' retrieved from /opt/airflow/dags/prediction_features_pipeline.py
[2026-01-02T20:46:38.492+0000] {logging_mixin.py:188} INFO - [2026-01-02T20:46:38.492+0000] {dag.py:3036} INFO - Sync 1 DAGs
[2026-01-02T20:46:38.519+0000] {logging_mixin.py:188} INFO - [2026-01-02T20:46:38.518+0000] {dag.py:3823} INFO - Setting next_dagrun for match_features_pipeline to 2026-01-02 00:00:00+00:00, run_after=2026-01-03 00:00:00+00:00
[2026-01-02T20:46:38.540+0000] {processor.py:183} INFO - Processing /opt/airflow/dags/prediction_features_pipeline.py took 0.104 seconds
[2026-01-02T20:47:08.851+0000] {processor.py:161} INFO - Started process (PID=29846) to work on /opt/airflow/dags/prediction_features_pipeline.py
[2026-01-02T20:47:08.852+0000] {processor.py:830} INFO - Processing file /opt/airflow/dags/prediction_features_pipeline.py for tasks to queue
[2026-01-02T20:47:08.853+0000] {logging_mixin.py:188} INFO - [2026-01-02T20:47:08.853+0000] {dagbag.py:538} INFO - Filling up the DagBag from /opt/airflow/dags/prediction_features_pipeline.py
[2026-01-02T20:47:08.873+0000] {processor.py:840} INFO - DAG(s) 'match_features_pipeline' retrieved from /opt/airflow/dags/prediction_features_pipeline.py
[2026-01-02T20:47:08.898+0000] {logging_mixin.py:188} INFO - [2026-01-02T20:47:08.898+0000] {dag.py:3036} INFO - Sync 1 DAGs
[2026-01-02T20:47:08.922+0000] {logging_mixin.py:188} INFO - [2026-01-02T20:47:08.921+0000] {dag.py:3823} INFO - Setting next_dagrun for match_features_pipeline to 2026-01-02 00:00:00+00:00, run_after=2026-01-03 00:00:00+00:00
[2026-01-02T20:47:08.943+0000] {processor.py:183} INFO - Processing /opt/airflow/dags/prediction_features_pipeline.py took 0.095 seconds
[2026-01-02T20:47:39.443+0000] {processor.py:161} INFO - Started process (PID=29866) to work on /opt/airflow/dags/prediction_features_pipeline.py
[2026-01-02T20:47:39.444+0000] {processor.py:830} INFO - Processing file /opt/airflow/dags/prediction_features_pipeline.py for tasks to queue
[2026-01-02T20:47:39.445+0000] {logging_mixin.py:188} INFO - [2026-01-02T20:47:39.445+0000] {dagbag.py:538} INFO - Filling up the DagBag from /opt/airflow/dags/prediction_features_pipeline.py
[2026-01-02T20:47:39.468+0000] {processor.py:840} INFO - DAG(s) 'match_features_pipeline' retrieved from /opt/airflow/dags/prediction_features_pipeline.py
[2026-01-02T20:47:39.493+0000] {logging_mixin.py:188} INFO - [2026-01-02T20:47:39.493+0000] {dag.py:3036} INFO - Sync 1 DAGs
[2026-01-02T20:47:39.517+0000] {logging_mixin.py:188} INFO - [2026-01-02T20:47:39.517+0000] {dag.py:3823} INFO - Setting next_dagrun for match_features_pipeline to 2026-01-02 00:00:00+00:00, run_after=2026-01-03 00:00:00+00:00
[2026-01-02T20:47:39.539+0000] {processor.py:183} INFO - Processing /opt/airflow/dags/prediction_features_pipeline.py took 0.099 seconds
[2026-01-02T20:48:09.856+0000] {processor.py:161} INFO - Started process (PID=29886) to work on /opt/airflow/dags/prediction_features_pipeline.py
[2026-01-02T20:48:09.858+0000] {processor.py:830} INFO - Processing file /opt/airflow/dags/prediction_features_pipeline.py for tasks to queue
[2026-01-02T20:48:09.859+0000] {logging_mixin.py:188} INFO - [2026-01-02T20:48:09.858+0000] {dagbag.py:538} INFO - Filling up the DagBag from /opt/airflow/dags/prediction_features_pipeline.py
[2026-01-02T20:48:09.880+0000] {processor.py:840} INFO - DAG(s) 'match_features_pipeline' retrieved from /opt/airflow/dags/prediction_features_pipeline.py
[2026-01-02T20:48:09.904+0000] {logging_mixin.py:188} INFO - [2026-01-02T20:48:09.904+0000] {dag.py:3036} INFO - Sync 1 DAGs
[2026-01-02T20:48:09.930+0000] {logging_mixin.py:188} INFO - [2026-01-02T20:48:09.929+0000] {dag.py:3823} INFO - Setting next_dagrun for match_features_pipeline to 2026-01-02 00:00:00+00:00, run_after=2026-01-03 00:00:00+00:00
[2026-01-02T20:48:09.950+0000] {processor.py:183} INFO - Processing /opt/airflow/dags/prediction_features_pipeline.py took 0.097 seconds
[2026-01-02T20:48:40.270+0000] {processor.py:161} INFO - Started process (PID=29906) to work on /opt/airflow/dags/prediction_features_pipeline.py
[2026-01-02T20:48:40.271+0000] {processor.py:830} INFO - Processing file /opt/airflow/dags/prediction_features_pipeline.py for tasks to queue
[2026-01-02T20:48:40.273+0000] {logging_mixin.py:188} INFO - [2026-01-02T20:48:40.272+0000] {dagbag.py:538} INFO - Filling up the DagBag from /opt/airflow/dags/prediction_features_pipeline.py
[2026-01-02T20:48:40.295+0000] {processor.py:840} INFO - DAG(s) 'match_features_pipeline' retrieved from /opt/airflow/dags/prediction_features_pipeline.py
[2026-01-02T20:48:40.322+0000] {logging_mixin.py:188} INFO - [2026-01-02T20:48:40.321+0000] {dag.py:3036} INFO - Sync 1 DAGs
[2026-01-02T20:48:40.348+0000] {logging_mixin.py:188} INFO - [2026-01-02T20:48:40.348+0000] {dag.py:3823} INFO - Setting next_dagrun for match_features_pipeline to 2026-01-02 00:00:00+00:00, run_after=2026-01-03 00:00:00+00:00
[2026-01-02T20:48:40.370+0000] {processor.py:183} INFO - Processing /opt/airflow/dags/prediction_features_pipeline.py took 0.102 seconds
[2026-01-02T20:49:10.692+0000] {processor.py:161} INFO - Started process (PID=29926) to work on /opt/airflow/dags/prediction_features_pipeline.py
[2026-01-02T20:49:10.693+0000] {processor.py:830} INFO - Processing file /opt/airflow/dags/prediction_features_pipeline.py for tasks to queue
[2026-01-02T20:49:10.695+0000] {logging_mixin.py:188} INFO - [2026-01-02T20:49:10.694+0000] {dagbag.py:538} INFO - Filling up the DagBag from /opt/airflow/dags/prediction_features_pipeline.py
[2026-01-02T20:49:10.719+0000] {processor.py:840} INFO - DAG(s) 'match_features_pipeline' retrieved from /opt/airflow/dags/prediction_features_pipeline.py
[2026-01-02T20:49:10.745+0000] {logging_mixin.py:188} INFO - [2026-01-02T20:49:10.745+0000] {dag.py:3036} INFO - Sync 1 DAGs
[2026-01-02T20:49:10.771+0000] {logging_mixin.py:188} INFO - [2026-01-02T20:49:10.770+0000] {dag.py:3823} INFO - Setting next_dagrun for match_features_pipeline to 2026-01-02 00:00:00+00:00, run_after=2026-01-03 00:00:00+00:00
[2026-01-02T20:49:10.791+0000] {processor.py:183} INFO - Processing /opt/airflow/dags/prediction_features_pipeline.py took 0.105 seconds
[2026-01-02T20:49:41.108+0000] {processor.py:161} INFO - Started process (PID=29946) to work on /opt/airflow/dags/prediction_features_pipeline.py
[2026-01-02T20:49:41.109+0000] {processor.py:830} INFO - Processing file /opt/airflow/dags/prediction_features_pipeline.py for tasks to queue
[2026-01-02T20:49:41.110+0000] {logging_mixin.py:188} INFO - [2026-01-02T20:49:41.110+0000] {dagbag.py:538} INFO - Filling up the DagBag from /opt/airflow/dags/prediction_features_pipeline.py
[2026-01-02T20:49:41.133+0000] {processor.py:840} INFO - DAG(s) 'match_features_pipeline' retrieved from /opt/airflow/dags/prediction_features_pipeline.py
[2026-01-02T20:49:41.160+0000] {logging_mixin.py:188} INFO - [2026-01-02T20:49:41.159+0000] {dag.py:3036} INFO - Sync 1 DAGs
[2026-01-02T20:49:41.183+0000] {logging_mixin.py:188} INFO - [2026-01-02T20:49:41.183+0000] {dag.py:3823} INFO - Setting next_dagrun for match_features_pipeline to 2026-01-02 00:00:00+00:00, run_after=2026-01-03 00:00:00+00:00
[2026-01-02T20:49:41.204+0000] {processor.py:183} INFO - Processing /opt/airflow/dags/prediction_features_pipeline.py took 0.100 seconds
[2026-01-02T20:50:11.530+0000] {processor.py:161} INFO - Started process (PID=29966) to work on /opt/airflow/dags/prediction_features_pipeline.py
[2026-01-02T20:50:11.531+0000] {processor.py:830} INFO - Processing file /opt/airflow/dags/prediction_features_pipeline.py for tasks to queue
[2026-01-02T20:50:11.532+0000] {logging_mixin.py:188} INFO - [2026-01-02T20:50:11.532+0000] {dagbag.py:538} INFO - Filling up the DagBag from /opt/airflow/dags/prediction_features_pipeline.py
[2026-01-02T20:50:11.555+0000] {processor.py:840} INFO - DAG(s) 'match_features_pipeline' retrieved from /opt/airflow/dags/prediction_features_pipeline.py
[2026-01-02T20:50:11.581+0000] {logging_mixin.py:188} INFO - [2026-01-02T20:50:11.581+0000] {dag.py:3036} INFO - Sync 1 DAGs
[2026-01-02T20:50:11.605+0000] {logging_mixin.py:188} INFO - [2026-01-02T20:50:11.604+0000] {dag.py:3823} INFO - Setting next_dagrun for match_features_pipeline to 2026-01-02 00:00:00+00:00, run_after=2026-01-03 00:00:00+00:00
[2026-01-02T20:50:11.627+0000] {processor.py:183} INFO - Processing /opt/airflow/dags/prediction_features_pipeline.py took 0.102 seconds
[2026-01-02T20:50:41.947+0000] {processor.py:161} INFO - Started process (PID=29986) to work on /opt/airflow/dags/prediction_features_pipeline.py
[2026-01-02T20:50:41.948+0000] {processor.py:830} INFO - Processing file /opt/airflow/dags/prediction_features_pipeline.py for tasks to queue
[2026-01-02T20:50:41.949+0000] {logging_mixin.py:188} INFO - [2026-01-02T20:50:41.949+0000] {dagbag.py:538} INFO - Filling up the DagBag from /opt/airflow/dags/prediction_features_pipeline.py
[2026-01-02T20:50:41.971+0000] {processor.py:840} INFO - DAG(s) 'match_features_pipeline' retrieved from /opt/airflow/dags/prediction_features_pipeline.py
[2026-01-02T20:50:41.998+0000] {logging_mixin.py:188} INFO - [2026-01-02T20:50:41.997+0000] {dag.py:3036} INFO - Sync 1 DAGs
[2026-01-02T20:50:42.022+0000] {logging_mixin.py:188} INFO - [2026-01-02T20:50:42.022+0000] {dag.py:3823} INFO - Setting next_dagrun for match_features_pipeline to 2026-01-02 00:00:00+00:00, run_after=2026-01-03 00:00:00+00:00
[2026-01-02T20:50:42.044+0000] {processor.py:183} INFO - Processing /opt/airflow/dags/prediction_features_pipeline.py took 0.101 seconds
[2026-01-02T20:51:12.371+0000] {processor.py:161} INFO - Started process (PID=30006) to work on /opt/airflow/dags/prediction_features_pipeline.py
[2026-01-02T20:51:12.372+0000] {processor.py:830} INFO - Processing file /opt/airflow/dags/prediction_features_pipeline.py for tasks to queue
[2026-01-02T20:51:12.373+0000] {logging_mixin.py:188} INFO - [2026-01-02T20:51:12.373+0000] {dagbag.py:538} INFO - Filling up the DagBag from /opt/airflow/dags/prediction_features_pipeline.py
[2026-01-02T20:51:12.396+0000] {processor.py:840} INFO - DAG(s) 'match_features_pipeline' retrieved from /opt/airflow/dags/prediction_features_pipeline.py
[2026-01-02T20:51:12.421+0000] {logging_mixin.py:188} INFO - [2026-01-02T20:51:12.421+0000] {dag.py:3036} INFO - Sync 1 DAGs
[2026-01-02T20:51:12.446+0000] {logging_mixin.py:188} INFO - [2026-01-02T20:51:12.446+0000] {dag.py:3823} INFO - Setting next_dagrun for match_features_pipeline to 2026-01-02 00:00:00+00:00, run_after=2026-01-03 00:00:00+00:00
[2026-01-02T20:51:12.474+0000] {processor.py:183} INFO - Processing /opt/airflow/dags/prediction_features_pipeline.py took 0.106 seconds
[2026-01-02T20:51:42.800+0000] {processor.py:161} INFO - Started process (PID=30026) to work on /opt/airflow/dags/prediction_features_pipeline.py
[2026-01-02T20:51:42.801+0000] {processor.py:830} INFO - Processing file /opt/airflow/dags/prediction_features_pipeline.py for tasks to queue
[2026-01-02T20:51:42.802+0000] {logging_mixin.py:188} INFO - [2026-01-02T20:51:42.802+0000] {dagbag.py:538} INFO - Filling up the DagBag from /opt/airflow/dags/prediction_features_pipeline.py
[2026-01-02T20:51:42.826+0000] {processor.py:840} INFO - DAG(s) 'match_features_pipeline' retrieved from /opt/airflow/dags/prediction_features_pipeline.py
[2026-01-02T20:51:42.854+0000] {logging_mixin.py:188} INFO - [2026-01-02T20:51:42.853+0000] {dag.py:3036} INFO - Sync 1 DAGs
[2026-01-02T20:51:42.882+0000] {logging_mixin.py:188} INFO - [2026-01-02T20:51:42.881+0000] {dag.py:3823} INFO - Setting next_dagrun for match_features_pipeline to 2026-01-02 00:00:00+00:00, run_after=2026-01-03 00:00:00+00:00
[2026-01-02T20:51:42.904+0000] {processor.py:183} INFO - Processing /opt/airflow/dags/prediction_features_pipeline.py took 0.108 seconds
[2026-01-02T20:52:13.217+0000] {processor.py:161} INFO - Started process (PID=30046) to work on /opt/airflow/dags/prediction_features_pipeline.py
[2026-01-02T20:52:13.218+0000] {processor.py:830} INFO - Processing file /opt/airflow/dags/prediction_features_pipeline.py for tasks to queue
[2026-01-02T20:52:13.219+0000] {logging_mixin.py:188} INFO - [2026-01-02T20:52:13.219+0000] {dagbag.py:538} INFO - Filling up the DagBag from /opt/airflow/dags/prediction_features_pipeline.py
[2026-01-02T20:52:13.241+0000] {processor.py:840} INFO - DAG(s) 'match_features_pipeline' retrieved from /opt/airflow/dags/prediction_features_pipeline.py
[2026-01-02T20:52:13.265+0000] {logging_mixin.py:188} INFO - [2026-01-02T20:52:13.265+0000] {dag.py:3036} INFO - Sync 1 DAGs
[2026-01-02T20:52:13.288+0000] {logging_mixin.py:188} INFO - [2026-01-02T20:52:13.288+0000] {dag.py:3823} INFO - Setting next_dagrun for match_features_pipeline to 2026-01-02 00:00:00+00:00, run_after=2026-01-03 00:00:00+00:00
[2026-01-02T20:52:13.307+0000] {processor.py:183} INFO - Processing /opt/airflow/dags/prediction_features_pipeline.py took 0.093 seconds
[2026-01-02T20:52:43.711+0000] {processor.py:161} INFO - Started process (PID=30066) to work on /opt/airflow/dags/prediction_features_pipeline.py
[2026-01-02T20:52:43.712+0000] {processor.py:830} INFO - Processing file /opt/airflow/dags/prediction_features_pipeline.py for tasks to queue
[2026-01-02T20:52:43.713+0000] {logging_mixin.py:188} INFO - [2026-01-02T20:52:43.713+0000] {dagbag.py:538} INFO - Filling up the DagBag from /opt/airflow/dags/prediction_features_pipeline.py
[2026-01-02T20:52:43.735+0000] {processor.py:840} INFO - DAG(s) 'match_features_pipeline' retrieved from /opt/airflow/dags/prediction_features_pipeline.py
[2026-01-02T20:52:43.757+0000] {logging_mixin.py:188} INFO - [2026-01-02T20:52:43.757+0000] {dag.py:3036} INFO - Sync 1 DAGs
[2026-01-02T20:52:43.780+0000] {logging_mixin.py:188} INFO - [2026-01-02T20:52:43.780+0000] {dag.py:3823} INFO - Setting next_dagrun for match_features_pipeline to 2026-01-02 00:00:00+00:00, run_after=2026-01-03 00:00:00+00:00
[2026-01-02T20:52:43.799+0000] {processor.py:183} INFO - Processing /opt/airflow/dags/prediction_features_pipeline.py took 0.092 seconds
[2026-01-02T20:53:14.254+0000] {processor.py:161} INFO - Started process (PID=30086) to work on /opt/airflow/dags/prediction_features_pipeline.py
[2026-01-02T20:53:14.256+0000] {processor.py:830} INFO - Processing file /opt/airflow/dags/prediction_features_pipeline.py for tasks to queue
[2026-01-02T20:53:14.257+0000] {logging_mixin.py:188} INFO - [2026-01-02T20:53:14.256+0000] {dagbag.py:538} INFO - Filling up the DagBag from /opt/airflow/dags/prediction_features_pipeline.py
[2026-01-02T20:53:14.278+0000] {processor.py:840} INFO - DAG(s) 'match_features_pipeline' retrieved from /opt/airflow/dags/prediction_features_pipeline.py
[2026-01-02T20:53:14.303+0000] {logging_mixin.py:188} INFO - [2026-01-02T20:53:14.302+0000] {dag.py:3036} INFO - Sync 1 DAGs
[2026-01-02T20:53:14.326+0000] {logging_mixin.py:188} INFO - [2026-01-02T20:53:14.326+0000] {dag.py:3823} INFO - Setting next_dagrun for match_features_pipeline to 2026-01-02 00:00:00+00:00, run_after=2026-01-03 00:00:00+00:00
[2026-01-02T20:53:14.348+0000] {processor.py:183} INFO - Processing /opt/airflow/dags/prediction_features_pipeline.py took 0.097 seconds
[2026-01-02T20:53:44.686+0000] {processor.py:161} INFO - Started process (PID=30106) to work on /opt/airflow/dags/prediction_features_pipeline.py
[2026-01-02T20:53:44.687+0000] {processor.py:830} INFO - Processing file /opt/airflow/dags/prediction_features_pipeline.py for tasks to queue
[2026-01-02T20:53:44.688+0000] {logging_mixin.py:188} INFO - [2026-01-02T20:53:44.688+0000] {dagbag.py:538} INFO - Filling up the DagBag from /opt/airflow/dags/prediction_features_pipeline.py
[2026-01-02T20:53:44.709+0000] {processor.py:840} INFO - DAG(s) 'match_features_pipeline' retrieved from /opt/airflow/dags/prediction_features_pipeline.py
[2026-01-02T20:53:44.733+0000] {logging_mixin.py:188} INFO - [2026-01-02T20:53:44.732+0000] {dag.py:3036} INFO - Sync 1 DAGs
[2026-01-02T20:53:44.757+0000] {logging_mixin.py:188} INFO - [2026-01-02T20:53:44.756+0000] {dag.py:3823} INFO - Setting next_dagrun for match_features_pipeline to 2026-01-02 00:00:00+00:00, run_after=2026-01-03 00:00:00+00:00
[2026-01-02T20:53:44.782+0000] {processor.py:183} INFO - Processing /opt/airflow/dags/prediction_features_pipeline.py took 0.100 seconds
[2026-01-02T20:54:15.112+0000] {processor.py:161} INFO - Started process (PID=30126) to work on /opt/airflow/dags/prediction_features_pipeline.py
[2026-01-02T20:54:15.113+0000] {processor.py:830} INFO - Processing file /opt/airflow/dags/prediction_features_pipeline.py for tasks to queue
[2026-01-02T20:54:15.114+0000] {logging_mixin.py:188} INFO - [2026-01-02T20:54:15.114+0000] {dagbag.py:538} INFO - Filling up the DagBag from /opt/airflow/dags/prediction_features_pipeline.py
[2026-01-02T20:54:15.136+0000] {processor.py:840} INFO - DAG(s) 'match_features_pipeline' retrieved from /opt/airflow/dags/prediction_features_pipeline.py
[2026-01-02T20:54:15.160+0000] {logging_mixin.py:188} INFO - [2026-01-02T20:54:15.160+0000] {dag.py:3036} INFO - Sync 1 DAGs
[2026-01-02T20:54:15.184+0000] {logging_mixin.py:188} INFO - [2026-01-02T20:54:15.183+0000] {dag.py:3823} INFO - Setting next_dagrun for match_features_pipeline to 2026-01-02 00:00:00+00:00, run_after=2026-01-03 00:00:00+00:00
[2026-01-02T20:54:15.203+0000] {processor.py:183} INFO - Processing /opt/airflow/dags/prediction_features_pipeline.py took 0.094 seconds
[2026-01-02T20:54:45.653+0000] {processor.py:161} INFO - Started process (PID=30146) to work on /opt/airflow/dags/prediction_features_pipeline.py
[2026-01-02T20:54:45.655+0000] {processor.py:830} INFO - Processing file /opt/airflow/dags/prediction_features_pipeline.py for tasks to queue
[2026-01-02T20:54:45.656+0000] {logging_mixin.py:188} INFO - [2026-01-02T20:54:45.655+0000] {dagbag.py:538} INFO - Filling up the DagBag from /opt/airflow/dags/prediction_features_pipeline.py
[2026-01-02T20:54:45.677+0000] {processor.py:840} INFO - DAG(s) 'match_features_pipeline' retrieved from /opt/airflow/dags/prediction_features_pipeline.py
[2026-01-02T20:54:45.700+0000] {logging_mixin.py:188} INFO - [2026-01-02T20:54:45.700+0000] {dag.py:3036} INFO - Sync 1 DAGs
[2026-01-02T20:54:45.723+0000] {logging_mixin.py:188} INFO - [2026-01-02T20:54:45.722+0000] {dag.py:3823} INFO - Setting next_dagrun for match_features_pipeline to 2026-01-02 00:00:00+00:00, run_after=2026-01-03 00:00:00+00:00
[2026-01-02T20:54:45.748+0000] {processor.py:183} INFO - Processing /opt/airflow/dags/prediction_features_pipeline.py took 0.098 seconds
[2026-01-02T20:55:16.081+0000] {processor.py:161} INFO - Started process (PID=30166) to work on /opt/airflow/dags/prediction_features_pipeline.py
[2026-01-02T20:55:16.082+0000] {processor.py:830} INFO - Processing file /opt/airflow/dags/prediction_features_pipeline.py for tasks to queue
[2026-01-02T20:55:16.084+0000] {logging_mixin.py:188} INFO - [2026-01-02T20:55:16.083+0000] {dagbag.py:538} INFO - Filling up the DagBag from /opt/airflow/dags/prediction_features_pipeline.py
[2026-01-02T20:55:16.105+0000] {processor.py:840} INFO - DAG(s) 'match_features_pipeline' retrieved from /opt/airflow/dags/prediction_features_pipeline.py
[2026-01-02T20:55:16.130+0000] {logging_mixin.py:188} INFO - [2026-01-02T20:55:16.129+0000] {dag.py:3036} INFO - Sync 1 DAGs
[2026-01-02T20:55:16.154+0000] {logging_mixin.py:188} INFO - [2026-01-02T20:55:16.154+0000] {dag.py:3823} INFO - Setting next_dagrun for match_features_pipeline to 2026-01-02 00:00:00+00:00, run_after=2026-01-03 00:00:00+00:00
[2026-01-02T20:55:16.177+0000] {processor.py:183} INFO - Processing /opt/airflow/dags/prediction_features_pipeline.py took 0.099 seconds
[2026-01-02T20:55:46.509+0000] {processor.py:161} INFO - Started process (PID=30186) to work on /opt/airflow/dags/prediction_features_pipeline.py
[2026-01-02T20:55:46.510+0000] {processor.py:830} INFO - Processing file /opt/airflow/dags/prediction_features_pipeline.py for tasks to queue
[2026-01-02T20:55:46.511+0000] {logging_mixin.py:188} INFO - [2026-01-02T20:55:46.511+0000] {dagbag.py:538} INFO - Filling up the DagBag from /opt/airflow/dags/prediction_features_pipeline.py
[2026-01-02T20:55:46.533+0000] {processor.py:840} INFO - DAG(s) 'match_features_pipeline' retrieved from /opt/airflow/dags/prediction_features_pipeline.py
[2026-01-02T20:55:46.557+0000] {logging_mixin.py:188} INFO - [2026-01-02T20:55:46.557+0000] {dag.py:3036} INFO - Sync 1 DAGs
[2026-01-02T20:55:46.581+0000] {logging_mixin.py:188} INFO - [2026-01-02T20:55:46.580+0000] {dag.py:3823} INFO - Setting next_dagrun for match_features_pipeline to 2026-01-02 00:00:00+00:00, run_after=2026-01-03 00:00:00+00:00
[2026-01-02T20:55:46.602+0000] {processor.py:183} INFO - Processing /opt/airflow/dags/prediction_features_pipeline.py took 0.097 seconds
[2026-01-02T20:56:16.923+0000] {processor.py:161} INFO - Started process (PID=30206) to work on /opt/airflow/dags/prediction_features_pipeline.py
[2026-01-02T20:56:16.924+0000] {processor.py:830} INFO - Processing file /opt/airflow/dags/prediction_features_pipeline.py for tasks to queue
[2026-01-02T20:56:16.926+0000] {logging_mixin.py:188} INFO - [2026-01-02T20:56:16.925+0000] {dagbag.py:538} INFO - Filling up the DagBag from /opt/airflow/dags/prediction_features_pipeline.py
[2026-01-02T20:56:16.948+0000] {processor.py:840} INFO - DAG(s) 'match_features_pipeline' retrieved from /opt/airflow/dags/prediction_features_pipeline.py
[2026-01-02T20:56:16.974+0000] {logging_mixin.py:188} INFO - [2026-01-02T20:56:16.973+0000] {dag.py:3036} INFO - Sync 1 DAGs
[2026-01-02T20:56:16.999+0000] {logging_mixin.py:188} INFO - [2026-01-02T20:56:16.998+0000] {dag.py:3823} INFO - Setting next_dagrun for match_features_pipeline to 2026-01-02 00:00:00+00:00, run_after=2026-01-03 00:00:00+00:00
[2026-01-02T20:56:17.022+0000] {processor.py:183} INFO - Processing /opt/airflow/dags/prediction_features_pipeline.py took 0.102 seconds
[2026-01-02T20:56:47.358+0000] {processor.py:161} INFO - Started process (PID=30226) to work on /opt/airflow/dags/prediction_features_pipeline.py
[2026-01-02T20:56:47.359+0000] {processor.py:830} INFO - Processing file /opt/airflow/dags/prediction_features_pipeline.py for tasks to queue
[2026-01-02T20:56:47.360+0000] {logging_mixin.py:188} INFO - [2026-01-02T20:56:47.359+0000] {dagbag.py:538} INFO - Filling up the DagBag from /opt/airflow/dags/prediction_features_pipeline.py
[2026-01-02T20:56:47.380+0000] {processor.py:840} INFO - DAG(s) 'match_features_pipeline' retrieved from /opt/airflow/dags/prediction_features_pipeline.py
[2026-01-02T20:56:47.404+0000] {logging_mixin.py:188} INFO - [2026-01-02T20:56:47.404+0000] {dag.py:3036} INFO - Sync 1 DAGs
[2026-01-02T20:56:47.429+0000] {logging_mixin.py:188} INFO - [2026-01-02T20:56:47.428+0000] {dag.py:3823} INFO - Setting next_dagrun for match_features_pipeline to 2026-01-02 00:00:00+00:00, run_after=2026-01-03 00:00:00+00:00
[2026-01-02T20:56:47.449+0000] {processor.py:183} INFO - Processing /opt/airflow/dags/prediction_features_pipeline.py took 0.095 seconds
[2026-01-02T20:57:17.761+0000] {processor.py:161} INFO - Started process (PID=30246) to work on /opt/airflow/dags/prediction_features_pipeline.py
[2026-01-02T20:57:17.762+0000] {processor.py:830} INFO - Processing file /opt/airflow/dags/prediction_features_pipeline.py for tasks to queue
[2026-01-02T20:57:17.763+0000] {logging_mixin.py:188} INFO - [2026-01-02T20:57:17.763+0000] {dagbag.py:538} INFO - Filling up the DagBag from /opt/airflow/dags/prediction_features_pipeline.py
[2026-01-02T20:57:17.784+0000] {processor.py:840} INFO - DAG(s) 'match_features_pipeline' retrieved from /opt/airflow/dags/prediction_features_pipeline.py
[2026-01-02T20:57:17.810+0000] {logging_mixin.py:188} INFO - [2026-01-02T20:57:17.810+0000] {dag.py:3036} INFO - Sync 1 DAGs
[2026-01-02T20:57:17.836+0000] {logging_mixin.py:188} INFO - [2026-01-02T20:57:17.835+0000] {dag.py:3823} INFO - Setting next_dagrun for match_features_pipeline to 2026-01-02 00:00:00+00:00, run_after=2026-01-03 00:00:00+00:00
[2026-01-02T20:57:17.860+0000] {processor.py:183} INFO - Processing /opt/airflow/dags/prediction_features_pipeline.py took 0.102 seconds
[2026-01-02T20:57:48.233+0000] {processor.py:161} INFO - Started process (PID=30266) to work on /opt/airflow/dags/prediction_features_pipeline.py
[2026-01-02T20:57:48.234+0000] {processor.py:830} INFO - Processing file /opt/airflow/dags/prediction_features_pipeline.py for tasks to queue
[2026-01-02T20:57:48.235+0000] {logging_mixin.py:188} INFO - [2026-01-02T20:57:48.235+0000] {dagbag.py:538} INFO - Filling up the DagBag from /opt/airflow/dags/prediction_features_pipeline.py
[2026-01-02T20:57:48.256+0000] {processor.py:840} INFO - DAG(s) 'match_features_pipeline' retrieved from /opt/airflow/dags/prediction_features_pipeline.py
[2026-01-02T20:57:48.279+0000] {logging_mixin.py:188} INFO - [2026-01-02T20:57:48.279+0000] {dag.py:3036} INFO - Sync 1 DAGs
[2026-01-02T20:57:48.303+0000] {logging_mixin.py:188} INFO - [2026-01-02T20:57:48.303+0000] {dag.py:3823} INFO - Setting next_dagrun for match_features_pipeline to 2026-01-02 00:00:00+00:00, run_after=2026-01-03 00:00:00+00:00
[2026-01-02T20:57:48.322+0000] {processor.py:183} INFO - Processing /opt/airflow/dags/prediction_features_pipeline.py took 0.092 seconds
[2026-01-02T20:58:18.665+0000] {processor.py:161} INFO - Started process (PID=30286) to work on /opt/airflow/dags/prediction_features_pipeline.py
[2026-01-02T20:58:18.666+0000] {processor.py:830} INFO - Processing file /opt/airflow/dags/prediction_features_pipeline.py for tasks to queue
[2026-01-02T20:58:18.667+0000] {logging_mixin.py:188} INFO - [2026-01-02T20:58:18.667+0000] {dagbag.py:538} INFO - Filling up the DagBag from /opt/airflow/dags/prediction_features_pipeline.py
[2026-01-02T20:58:18.689+0000] {processor.py:840} INFO - DAG(s) 'match_features_pipeline' retrieved from /opt/airflow/dags/prediction_features_pipeline.py
[2026-01-02T20:58:18.714+0000] {logging_mixin.py:188} INFO - [2026-01-02T20:58:18.714+0000] {dag.py:3036} INFO - Sync 1 DAGs
[2026-01-02T20:58:18.738+0000] {logging_mixin.py:188} INFO - [2026-01-02T20:58:18.737+0000] {dag.py:3823} INFO - Setting next_dagrun for match_features_pipeline to 2026-01-02 00:00:00+00:00, run_after=2026-01-03 00:00:00+00:00
[2026-01-02T20:58:18.757+0000] {processor.py:183} INFO - Processing /opt/airflow/dags/prediction_features_pipeline.py took 0.096 seconds
[2026-01-02T20:58:49.104+0000] {processor.py:161} INFO - Started process (PID=30306) to work on /opt/airflow/dags/prediction_features_pipeline.py
[2026-01-02T20:58:49.105+0000] {processor.py:830} INFO - Processing file /opt/airflow/dags/prediction_features_pipeline.py for tasks to queue
[2026-01-02T20:58:49.106+0000] {logging_mixin.py:188} INFO - [2026-01-02T20:58:49.106+0000] {dagbag.py:538} INFO - Filling up the DagBag from /opt/airflow/dags/prediction_features_pipeline.py
[2026-01-02T20:58:49.128+0000] {processor.py:840} INFO - DAG(s) 'match_features_pipeline' retrieved from /opt/airflow/dags/prediction_features_pipeline.py
[2026-01-02T20:58:49.151+0000] {logging_mixin.py:188} INFO - [2026-01-02T20:58:49.151+0000] {dag.py:3036} INFO - Sync 1 DAGs
[2026-01-02T20:58:49.174+0000] {logging_mixin.py:188} INFO - [2026-01-02T20:58:49.174+0000] {dag.py:3823} INFO - Setting next_dagrun for match_features_pipeline to 2026-01-02 00:00:00+00:00, run_after=2026-01-03 00:00:00+00:00
[2026-01-02T20:58:49.200+0000] {processor.py:183} INFO - Processing /opt/airflow/dags/prediction_features_pipeline.py took 0.100 seconds
[2026-01-02T20:59:19.538+0000] {processor.py:161} INFO - Started process (PID=30326) to work on /opt/airflow/dags/prediction_features_pipeline.py
[2026-01-02T20:59:19.539+0000] {processor.py:830} INFO - Processing file /opt/airflow/dags/prediction_features_pipeline.py for tasks to queue
[2026-01-02T20:59:19.540+0000] {logging_mixin.py:188} INFO - [2026-01-02T20:59:19.540+0000] {dagbag.py:538} INFO - Filling up the DagBag from /opt/airflow/dags/prediction_features_pipeline.py
[2026-01-02T20:59:19.561+0000] {processor.py:840} INFO - DAG(s) 'match_features_pipeline' retrieved from /opt/airflow/dags/prediction_features_pipeline.py
[2026-01-02T20:59:19.584+0000] {logging_mixin.py:188} INFO - [2026-01-02T20:59:19.584+0000] {dag.py:3036} INFO - Sync 1 DAGs
[2026-01-02T20:59:19.608+0000] {logging_mixin.py:188} INFO - [2026-01-02T20:59:19.608+0000] {dag.py:3823} INFO - Setting next_dagrun for match_features_pipeline to 2026-01-02 00:00:00+00:00, run_after=2026-01-03 00:00:00+00:00
[2026-01-02T20:59:19.627+0000] {processor.py:183} INFO - Processing /opt/airflow/dags/prediction_features_pipeline.py took 0.091 seconds
[2026-01-02T20:59:49.983+0000] {processor.py:161} INFO - Started process (PID=30346) to work on /opt/airflow/dags/prediction_features_pipeline.py
[2026-01-02T20:59:49.984+0000] {processor.py:830} INFO - Processing file /opt/airflow/dags/prediction_features_pipeline.py for tasks to queue
[2026-01-02T20:59:49.985+0000] {logging_mixin.py:188} INFO - [2026-01-02T20:59:49.985+0000] {dagbag.py:538} INFO - Filling up the DagBag from /opt/airflow/dags/prediction_features_pipeline.py
[2026-01-02T20:59:50.006+0000] {processor.py:840} INFO - DAG(s) 'match_features_pipeline' retrieved from /opt/airflow/dags/prediction_features_pipeline.py
[2026-01-02T20:59:50.029+0000] {logging_mixin.py:188} INFO - [2026-01-02T20:59:50.029+0000] {dag.py:3036} INFO - Sync 1 DAGs
[2026-01-02T20:59:50.052+0000] {logging_mixin.py:188} INFO - [2026-01-02T20:59:50.052+0000] {dag.py:3823} INFO - Setting next_dagrun for match_features_pipeline to 2026-01-02 00:00:00+00:00, run_after=2026-01-03 00:00:00+00:00
[2026-01-02T20:59:50.075+0000] {processor.py:183} INFO - Processing /opt/airflow/dags/prediction_features_pipeline.py took 0.095 seconds
[2026-01-02T21:00:20.416+0000] {processor.py:161} INFO - Started process (PID=30366) to work on /opt/airflow/dags/prediction_features_pipeline.py
[2026-01-02T21:00:20.418+0000] {processor.py:830} INFO - Processing file /opt/airflow/dags/prediction_features_pipeline.py for tasks to queue
[2026-01-02T21:00:20.419+0000] {logging_mixin.py:188} INFO - [2026-01-02T21:00:20.418+0000] {dagbag.py:538} INFO - Filling up the DagBag from /opt/airflow/dags/prediction_features_pipeline.py
[2026-01-02T21:00:20.440+0000] {processor.py:840} INFO - DAG(s) 'match_features_pipeline' retrieved from /opt/airflow/dags/prediction_features_pipeline.py
[2026-01-02T21:00:20.464+0000] {logging_mixin.py:188} INFO - [2026-01-02T21:00:20.463+0000] {dag.py:3036} INFO - Sync 1 DAGs
[2026-01-02T21:00:20.487+0000] {logging_mixin.py:188} INFO - [2026-01-02T21:00:20.487+0000] {dag.py:3823} INFO - Setting next_dagrun for match_features_pipeline to 2026-01-02 00:00:00+00:00, run_after=2026-01-03 00:00:00+00:00
[2026-01-02T21:00:20.505+0000] {processor.py:183} INFO - Processing /opt/airflow/dags/prediction_features_pipeline.py took 0.093 seconds
[2026-01-02T21:00:50.847+0000] {processor.py:161} INFO - Started process (PID=30386) to work on /opt/airflow/dags/prediction_features_pipeline.py
[2026-01-02T21:00:50.848+0000] {processor.py:830} INFO - Processing file /opt/airflow/dags/prediction_features_pipeline.py for tasks to queue
[2026-01-02T21:00:50.849+0000] {logging_mixin.py:188} INFO - [2026-01-02T21:00:50.849+0000] {dagbag.py:538} INFO - Filling up the DagBag from /opt/airflow/dags/prediction_features_pipeline.py
[2026-01-02T21:00:50.870+0000] {processor.py:840} INFO - DAG(s) 'match_features_pipeline' retrieved from /opt/airflow/dags/prediction_features_pipeline.py
[2026-01-02T21:00:50.894+0000] {logging_mixin.py:188} INFO - [2026-01-02T21:00:50.894+0000] {dag.py:3036} INFO - Sync 1 DAGs
[2026-01-02T21:00:50.918+0000] {logging_mixin.py:188} INFO - [2026-01-02T21:00:50.918+0000] {dag.py:3823} INFO - Setting next_dagrun for match_features_pipeline to 2026-01-02 00:00:00+00:00, run_after=2026-01-03 00:00:00+00:00
[2026-01-02T21:00:50.941+0000] {processor.py:183} INFO - Processing /opt/airflow/dags/prediction_features_pipeline.py took 0.097 seconds
[2026-01-02T21:01:21.276+0000] {processor.py:161} INFO - Started process (PID=30406) to work on /opt/airflow/dags/prediction_features_pipeline.py
[2026-01-02T21:01:21.278+0000] {processor.py:830} INFO - Processing file /opt/airflow/dags/prediction_features_pipeline.py for tasks to queue
[2026-01-02T21:01:21.279+0000] {logging_mixin.py:188} INFO - [2026-01-02T21:01:21.279+0000] {dagbag.py:538} INFO - Filling up the DagBag from /opt/airflow/dags/prediction_features_pipeline.py
[2026-01-02T21:01:21.302+0000] {processor.py:840} INFO - DAG(s) 'match_features_pipeline' retrieved from /opt/airflow/dags/prediction_features_pipeline.py
[2026-01-02T21:01:21.326+0000] {logging_mixin.py:188} INFO - [2026-01-02T21:01:21.326+0000] {dag.py:3036} INFO - Sync 1 DAGs
[2026-01-02T21:01:21.351+0000] {logging_mixin.py:188} INFO - [2026-01-02T21:01:21.351+0000] {dag.py:3823} INFO - Setting next_dagrun for match_features_pipeline to 2026-01-02 00:00:00+00:00, run_after=2026-01-03 00:00:00+00:00
[2026-01-02T21:01:21.371+0000] {processor.py:183} INFO - Processing /opt/airflow/dags/prediction_features_pipeline.py took 0.100 seconds
[2026-01-02T21:01:51.717+0000] {processor.py:161} INFO - Started process (PID=30426) to work on /opt/airflow/dags/prediction_features_pipeline.py
[2026-01-02T21:01:51.718+0000] {processor.py:830} INFO - Processing file /opt/airflow/dags/prediction_features_pipeline.py for tasks to queue
[2026-01-02T21:01:51.719+0000] {logging_mixin.py:188} INFO - [2026-01-02T21:01:51.718+0000] {dagbag.py:538} INFO - Filling up the DagBag from /opt/airflow/dags/prediction_features_pipeline.py
[2026-01-02T21:01:51.740+0000] {processor.py:840} INFO - DAG(s) 'match_features_pipeline' retrieved from /opt/airflow/dags/prediction_features_pipeline.py
[2026-01-02T21:01:51.764+0000] {logging_mixin.py:188} INFO - [2026-01-02T21:01:51.764+0000] {dag.py:3036} INFO - Sync 1 DAGs
[2026-01-02T21:01:51.788+0000] {logging_mixin.py:188} INFO - [2026-01-02T21:01:51.788+0000] {dag.py:3823} INFO - Setting next_dagrun for match_features_pipeline to 2026-01-02 00:00:00+00:00, run_after=2026-01-03 00:00:00+00:00
[2026-01-02T21:01:51.807+0000] {processor.py:183} INFO - Processing /opt/airflow/dags/prediction_features_pipeline.py took 0.093 seconds
[2026-01-02T21:02:22.146+0000] {processor.py:161} INFO - Started process (PID=30446) to work on /opt/airflow/dags/prediction_features_pipeline.py
[2026-01-02T21:02:22.147+0000] {processor.py:830} INFO - Processing file /opt/airflow/dags/prediction_features_pipeline.py for tasks to queue
[2026-01-02T21:02:22.148+0000] {logging_mixin.py:188} INFO - [2026-01-02T21:02:22.148+0000] {dagbag.py:538} INFO - Filling up the DagBag from /opt/airflow/dags/prediction_features_pipeline.py
[2026-01-02T21:02:22.170+0000] {processor.py:840} INFO - DAG(s) 'match_features_pipeline' retrieved from /opt/airflow/dags/prediction_features_pipeline.py
[2026-01-02T21:02:22.194+0000] {logging_mixin.py:188} INFO - [2026-01-02T21:02:22.194+0000] {dag.py:3036} INFO - Sync 1 DAGs
[2026-01-02T21:02:22.218+0000] {logging_mixin.py:188} INFO - [2026-01-02T21:02:22.218+0000] {dag.py:3823} INFO - Setting next_dagrun for match_features_pipeline to 2026-01-02 00:00:00+00:00, run_after=2026-01-03 00:00:00+00:00
[2026-01-02T21:02:22.243+0000] {processor.py:183} INFO - Processing /opt/airflow/dags/prediction_features_pipeline.py took 0.100 seconds
[2026-01-02T21:02:52.649+0000] {processor.py:161} INFO - Started process (PID=30466) to work on /opt/airflow/dags/prediction_features_pipeline.py
[2026-01-02T21:02:52.651+0000] {processor.py:830} INFO - Processing file /opt/airflow/dags/prediction_features_pipeline.py for tasks to queue
[2026-01-02T21:02:52.652+0000] {logging_mixin.py:188} INFO - [2026-01-02T21:02:52.652+0000] {dagbag.py:538} INFO - Filling up the DagBag from /opt/airflow/dags/prediction_features_pipeline.py
[2026-01-02T21:02:52.674+0000] {processor.py:840} INFO - DAG(s) 'match_features_pipeline' retrieved from /opt/airflow/dags/prediction_features_pipeline.py
[2026-01-02T21:02:52.699+0000] {logging_mixin.py:188} INFO - [2026-01-02T21:02:52.699+0000] {dag.py:3036} INFO - Sync 1 DAGs
[2026-01-02T21:02:52.722+0000] {logging_mixin.py:188} INFO - [2026-01-02T21:02:52.722+0000] {dag.py:3823} INFO - Setting next_dagrun for match_features_pipeline to 2026-01-02 00:00:00+00:00, run_after=2026-01-03 00:00:00+00:00
[2026-01-02T21:02:52.743+0000] {processor.py:183} INFO - Processing /opt/airflow/dags/prediction_features_pipeline.py took 0.097 seconds
[2026-01-02T21:03:23.085+0000] {processor.py:161} INFO - Started process (PID=30486) to work on /opt/airflow/dags/prediction_features_pipeline.py
[2026-01-02T21:03:23.086+0000] {processor.py:830} INFO - Processing file /opt/airflow/dags/prediction_features_pipeline.py for tasks to queue
[2026-01-02T21:03:23.087+0000] {logging_mixin.py:188} INFO - [2026-01-02T21:03:23.087+0000] {dagbag.py:538} INFO - Filling up the DagBag from /opt/airflow/dags/prediction_features_pipeline.py
[2026-01-02T21:03:23.108+0000] {processor.py:840} INFO - DAG(s) 'match_features_pipeline' retrieved from /opt/airflow/dags/prediction_features_pipeline.py
[2026-01-02T21:03:23.132+0000] {logging_mixin.py:188} INFO - [2026-01-02T21:03:23.131+0000] {dag.py:3036} INFO - Sync 1 DAGs
[2026-01-02T21:03:23.156+0000] {logging_mixin.py:188} INFO - [2026-01-02T21:03:23.155+0000] {dag.py:3823} INFO - Setting next_dagrun for match_features_pipeline to 2026-01-02 00:00:00+00:00, run_after=2026-01-03 00:00:00+00:00
[2026-01-02T21:03:23.174+0000] {processor.py:183} INFO - Processing /opt/airflow/dags/prediction_features_pipeline.py took 0.092 seconds
[2026-01-02T21:03:53.623+0000] {processor.py:161} INFO - Started process (PID=30506) to work on /opt/airflow/dags/prediction_features_pipeline.py
[2026-01-02T21:03:53.624+0000] {processor.py:830} INFO - Processing file /opt/airflow/dags/prediction_features_pipeline.py for tasks to queue
[2026-01-02T21:03:53.625+0000] {logging_mixin.py:188} INFO - [2026-01-02T21:03:53.625+0000] {dagbag.py:538} INFO - Filling up the DagBag from /opt/airflow/dags/prediction_features_pipeline.py
[2026-01-02T21:03:53.646+0000] {processor.py:840} INFO - DAG(s) 'match_features_pipeline' retrieved from /opt/airflow/dags/prediction_features_pipeline.py
[2026-01-02T21:03:53.671+0000] {logging_mixin.py:188} INFO - [2026-01-02T21:03:53.671+0000] {dag.py:3036} INFO - Sync 1 DAGs
[2026-01-02T21:03:53.694+0000] {logging_mixin.py:188} INFO - [2026-01-02T21:03:53.693+0000] {dag.py:3823} INFO - Setting next_dagrun for match_features_pipeline to 2026-01-02 00:00:00+00:00, run_after=2026-01-03 00:00:00+00:00
[2026-01-02T21:03:53.717+0000] {processor.py:183} INFO - Processing /opt/airflow/dags/prediction_features_pipeline.py took 0.096 seconds
[2026-01-02T21:04:24.068+0000] {processor.py:161} INFO - Started process (PID=30526) to work on /opt/airflow/dags/prediction_features_pipeline.py
[2026-01-02T21:04:24.069+0000] {processor.py:830} INFO - Processing file /opt/airflow/dags/prediction_features_pipeline.py for tasks to queue
[2026-01-02T21:04:24.070+0000] {logging_mixin.py:188} INFO - [2026-01-02T21:04:24.070+0000] {dagbag.py:538} INFO - Filling up the DagBag from /opt/airflow/dags/prediction_features_pipeline.py
[2026-01-02T21:04:24.091+0000] {processor.py:840} INFO - DAG(s) 'match_features_pipeline' retrieved from /opt/airflow/dags/prediction_features_pipeline.py
[2026-01-02T21:04:24.115+0000] {logging_mixin.py:188} INFO - [2026-01-02T21:04:24.115+0000] {dag.py:3036} INFO - Sync 1 DAGs
[2026-01-02T21:04:24.138+0000] {logging_mixin.py:188} INFO - [2026-01-02T21:04:24.138+0000] {dag.py:3823} INFO - Setting next_dagrun for match_features_pipeline to 2026-01-02 00:00:00+00:00, run_after=2026-01-03 00:00:00+00:00
[2026-01-02T21:04:24.159+0000] {processor.py:183} INFO - Processing /opt/airflow/dags/prediction_features_pipeline.py took 0.095 seconds
[2026-01-02T21:04:54.482+0000] {processor.py:161} INFO - Started process (PID=30546) to work on /opt/airflow/dags/prediction_features_pipeline.py
[2026-01-02T21:04:54.484+0000] {processor.py:830} INFO - Processing file /opt/airflow/dags/prediction_features_pipeline.py for tasks to queue
[2026-01-02T21:04:54.485+0000] {logging_mixin.py:188} INFO - [2026-01-02T21:04:54.484+0000] {dagbag.py:538} INFO - Filling up the DagBag from /opt/airflow/dags/prediction_features_pipeline.py
[2026-01-02T21:04:54.507+0000] {processor.py:840} INFO - DAG(s) 'match_features_pipeline' retrieved from /opt/airflow/dags/prediction_features_pipeline.py
[2026-01-02T21:04:54.530+0000] {logging_mixin.py:188} INFO - [2026-01-02T21:04:54.530+0000] {dag.py:3036} INFO - Sync 1 DAGs
[2026-01-02T21:04:54.554+0000] {logging_mixin.py:188} INFO - [2026-01-02T21:04:54.554+0000] {dag.py:3823} INFO - Setting next_dagrun for match_features_pipeline to 2026-01-02 00:00:00+00:00, run_after=2026-01-03 00:00:00+00:00
[2026-01-02T21:04:54.573+0000] {processor.py:183} INFO - Processing /opt/airflow/dags/prediction_features_pipeline.py took 0.094 seconds
[2026-01-02T21:05:25.023+0000] {processor.py:161} INFO - Started process (PID=30566) to work on /opt/airflow/dags/prediction_features_pipeline.py
[2026-01-02T21:05:25.025+0000] {processor.py:830} INFO - Processing file /opt/airflow/dags/prediction_features_pipeline.py for tasks to queue
[2026-01-02T21:05:25.026+0000] {logging_mixin.py:188} INFO - [2026-01-02T21:05:25.025+0000] {dagbag.py:538} INFO - Filling up the DagBag from /opt/airflow/dags/prediction_features_pipeline.py
[2026-01-02T21:05:25.047+0000] {processor.py:840} INFO - DAG(s) 'match_features_pipeline' retrieved from /opt/airflow/dags/prediction_features_pipeline.py
[2026-01-02T21:05:25.072+0000] {logging_mixin.py:188} INFO - [2026-01-02T21:05:25.071+0000] {dag.py:3036} INFO - Sync 1 DAGs
[2026-01-02T21:05:25.094+0000] {logging_mixin.py:188} INFO - [2026-01-02T21:05:25.094+0000] {dag.py:3823} INFO - Setting next_dagrun for match_features_pipeline to 2026-01-02 00:00:00+00:00, run_after=2026-01-03 00:00:00+00:00
[2026-01-02T21:05:25.121+0000] {processor.py:183} INFO - Processing /opt/airflow/dags/prediction_features_pipeline.py took 0.101 seconds
[2026-01-02T21:05:55.464+0000] {processor.py:161} INFO - Started process (PID=30586) to work on /opt/airflow/dags/prediction_features_pipeline.py
[2026-01-02T21:05:55.465+0000] {processor.py:830} INFO - Processing file /opt/airflow/dags/prediction_features_pipeline.py for tasks to queue
[2026-01-02T21:05:55.466+0000] {logging_mixin.py:188} INFO - [2026-01-02T21:05:55.466+0000] {dagbag.py:538} INFO - Filling up the DagBag from /opt/airflow/dags/prediction_features_pipeline.py
[2026-01-02T21:05:55.487+0000] {processor.py:840} INFO - DAG(s) 'match_features_pipeline' retrieved from /opt/airflow/dags/prediction_features_pipeline.py
[2026-01-02T21:05:55.512+0000] {logging_mixin.py:188} INFO - [2026-01-02T21:05:55.512+0000] {dag.py:3036} INFO - Sync 1 DAGs
[2026-01-02T21:05:55.536+0000] {logging_mixin.py:188} INFO - [2026-01-02T21:05:55.536+0000] {dag.py:3823} INFO - Setting next_dagrun for match_features_pipeline to 2026-01-02 00:00:00+00:00, run_after=2026-01-03 00:00:00+00:00
[2026-01-02T21:05:55.558+0000] {processor.py:183} INFO - Processing /opt/airflow/dags/prediction_features_pipeline.py took 0.099 seconds
[2026-01-02T21:06:25.903+0000] {processor.py:161} INFO - Started process (PID=30606) to work on /opt/airflow/dags/prediction_features_pipeline.py
[2026-01-02T21:06:25.904+0000] {processor.py:830} INFO - Processing file /opt/airflow/dags/prediction_features_pipeline.py for tasks to queue
[2026-01-02T21:06:25.905+0000] {logging_mixin.py:188} INFO - [2026-01-02T21:06:25.905+0000] {dagbag.py:538} INFO - Filling up the DagBag from /opt/airflow/dags/prediction_features_pipeline.py
[2026-01-02T21:06:25.926+0000] {processor.py:840} INFO - DAG(s) 'match_features_pipeline' retrieved from /opt/airflow/dags/prediction_features_pipeline.py
[2026-01-02T21:06:25.951+0000] {logging_mixin.py:188} INFO - [2026-01-02T21:06:25.951+0000] {dag.py:3036} INFO - Sync 1 DAGs
[2026-01-02T21:06:25.974+0000] {logging_mixin.py:188} INFO - [2026-01-02T21:06:25.974+0000] {dag.py:3823} INFO - Setting next_dagrun for match_features_pipeline to 2026-01-02 00:00:00+00:00, run_after=2026-01-03 00:00:00+00:00
[2026-01-02T21:06:25.993+0000] {processor.py:183} INFO - Processing /opt/airflow/dags/prediction_features_pipeline.py took 0.094 seconds
[2026-01-02T21:06:56.421+0000] {processor.py:161} INFO - Started process (PID=30626) to work on /opt/airflow/dags/prediction_features_pipeline.py
[2026-01-02T21:06:56.422+0000] {processor.py:830} INFO - Processing file /opt/airflow/dags/prediction_features_pipeline.py for tasks to queue
[2026-01-02T21:06:56.424+0000] {logging_mixin.py:188} INFO - [2026-01-02T21:06:56.423+0000] {dagbag.py:538} INFO - Filling up the DagBag from /opt/airflow/dags/prediction_features_pipeline.py
[2026-01-02T21:06:56.444+0000] {processor.py:840} INFO - DAG(s) 'match_features_pipeline' retrieved from /opt/airflow/dags/prediction_features_pipeline.py
[2026-01-02T21:06:56.468+0000] {logging_mixin.py:188} INFO - [2026-01-02T21:06:56.467+0000] {dag.py:3036} INFO - Sync 1 DAGs
[2026-01-02T21:06:56.491+0000] {logging_mixin.py:188} INFO - [2026-01-02T21:06:56.490+0000] {dag.py:3823} INFO - Setting next_dagrun for match_features_pipeline to 2026-01-02 00:00:00+00:00, run_after=2026-01-03 00:00:00+00:00
[2026-01-02T21:06:56.509+0000] {processor.py:183} INFO - Processing /opt/airflow/dags/prediction_features_pipeline.py took 0.091 seconds
[2026-01-02T21:07:26.956+0000] {processor.py:161} INFO - Started process (PID=30646) to work on /opt/airflow/dags/prediction_features_pipeline.py
[2026-01-02T21:07:26.957+0000] {processor.py:830} INFO - Processing file /opt/airflow/dags/prediction_features_pipeline.py for tasks to queue
[2026-01-02T21:07:26.958+0000] {logging_mixin.py:188} INFO - [2026-01-02T21:07:26.958+0000] {dagbag.py:538} INFO - Filling up the DagBag from /opt/airflow/dags/prediction_features_pipeline.py
[2026-01-02T21:07:26.979+0000] {processor.py:840} INFO - DAG(s) 'match_features_pipeline' retrieved from /opt/airflow/dags/prediction_features_pipeline.py
[2026-01-02T21:07:27.003+0000] {logging_mixin.py:188} INFO - [2026-01-02T21:07:27.003+0000] {dag.py:3036} INFO - Sync 1 DAGs
[2026-01-02T21:07:27.027+0000] {logging_mixin.py:188} INFO - [2026-01-02T21:07:27.027+0000] {dag.py:3823} INFO - Setting next_dagrun for match_features_pipeline to 2026-01-02 00:00:00+00:00, run_after=2026-01-03 00:00:00+00:00
[2026-01-02T21:07:27.052+0000] {processor.py:183} INFO - Processing /opt/airflow/dags/prediction_features_pipeline.py took 0.101 seconds
[2026-01-02T21:07:57.455+0000] {processor.py:161} INFO - Started process (PID=30666) to work on /opt/airflow/dags/prediction_features_pipeline.py
[2026-01-02T21:07:57.456+0000] {processor.py:830} INFO - Processing file /opt/airflow/dags/prediction_features_pipeline.py for tasks to queue
[2026-01-02T21:07:57.457+0000] {logging_mixin.py:188} INFO - [2026-01-02T21:07:57.457+0000] {dagbag.py:538} INFO - Filling up the DagBag from /opt/airflow/dags/prediction_features_pipeline.py
[2026-01-02T21:07:57.479+0000] {processor.py:840} INFO - DAG(s) 'match_features_pipeline' retrieved from /opt/airflow/dags/prediction_features_pipeline.py
[2026-01-02T21:07:57.502+0000] {logging_mixin.py:188} INFO - [2026-01-02T21:07:57.502+0000] {dag.py:3036} INFO - Sync 1 DAGs
[2026-01-02T21:07:57.525+0000] {logging_mixin.py:188} INFO - [2026-01-02T21:07:57.525+0000] {dag.py:3823} INFO - Setting next_dagrun for match_features_pipeline to 2026-01-02 00:00:00+00:00, run_after=2026-01-03 00:00:00+00:00
[2026-01-02T21:07:57.554+0000] {processor.py:183} INFO - Processing /opt/airflow/dags/prediction_features_pipeline.py took 0.102 seconds
[2026-01-02T21:08:27.892+0000] {processor.py:161} INFO - Started process (PID=30686) to work on /opt/airflow/dags/prediction_features_pipeline.py
[2026-01-02T21:08:27.893+0000] {processor.py:830} INFO - Processing file /opt/airflow/dags/prediction_features_pipeline.py for tasks to queue
[2026-01-02T21:08:27.894+0000] {logging_mixin.py:188} INFO - [2026-01-02T21:08:27.894+0000] {dagbag.py:538} INFO - Filling up the DagBag from /opt/airflow/dags/prediction_features_pipeline.py
[2026-01-02T21:08:27.914+0000] {processor.py:840} INFO - DAG(s) 'match_features_pipeline' retrieved from /opt/airflow/dags/prediction_features_pipeline.py
[2026-01-02T21:08:27.939+0000] {logging_mixin.py:188} INFO - [2026-01-02T21:08:27.939+0000] {dag.py:3036} INFO - Sync 1 DAGs
[2026-01-02T21:08:27.963+0000] {logging_mixin.py:188} INFO - [2026-01-02T21:08:27.962+0000] {dag.py:3823} INFO - Setting next_dagrun for match_features_pipeline to 2026-01-02 00:00:00+00:00, run_after=2026-01-03 00:00:00+00:00
[2026-01-02T21:08:27.982+0000] {processor.py:183} INFO - Processing /opt/airflow/dags/prediction_features_pipeline.py took 0.093 seconds
[2026-01-02T21:08:58.337+0000] {processor.py:161} INFO - Started process (PID=30706) to work on /opt/airflow/dags/prediction_features_pipeline.py
[2026-01-02T21:08:58.338+0000] {processor.py:830} INFO - Processing file /opt/airflow/dags/prediction_features_pipeline.py for tasks to queue
[2026-01-02T21:08:58.339+0000] {logging_mixin.py:188} INFO - [2026-01-02T21:08:58.338+0000] {dagbag.py:538} INFO - Filling up the DagBag from /opt/airflow/dags/prediction_features_pipeline.py
[2026-01-02T21:08:58.362+0000] {processor.py:840} INFO - DAG(s) 'match_features_pipeline' retrieved from /opt/airflow/dags/prediction_features_pipeline.py
[2026-01-02T21:08:58.386+0000] {logging_mixin.py:188} INFO - [2026-01-02T21:08:58.386+0000] {dag.py:3036} INFO - Sync 1 DAGs
[2026-01-02T21:08:58.413+0000] {logging_mixin.py:188} INFO - [2026-01-02T21:08:58.412+0000] {dag.py:3823} INFO - Setting next_dagrun for match_features_pipeline to 2026-01-02 00:00:00+00:00, run_after=2026-01-03 00:00:00+00:00
[2026-01-02T21:08:58.438+0000] {processor.py:183} INFO - Processing /opt/airflow/dags/prediction_features_pipeline.py took 0.104 seconds
[2026-01-02T21:09:28.752+0000] {processor.py:161} INFO - Started process (PID=30726) to work on /opt/airflow/dags/prediction_features_pipeline.py
[2026-01-02T21:09:28.754+0000] {processor.py:830} INFO - Processing file /opt/airflow/dags/prediction_features_pipeline.py for tasks to queue
[2026-01-02T21:09:28.755+0000] {logging_mixin.py:188} INFO - [2026-01-02T21:09:28.754+0000] {dagbag.py:538} INFO - Filling up the DagBag from /opt/airflow/dags/prediction_features_pipeline.py
[2026-01-02T21:09:28.776+0000] {processor.py:840} INFO - DAG(s) 'match_features_pipeline' retrieved from /opt/airflow/dags/prediction_features_pipeline.py
[2026-01-02T21:09:28.801+0000] {logging_mixin.py:188} INFO - [2026-01-02T21:09:28.800+0000] {dag.py:3036} INFO - Sync 1 DAGs
[2026-01-02T21:09:28.824+0000] {logging_mixin.py:188} INFO - [2026-01-02T21:09:28.824+0000] {dag.py:3823} INFO - Setting next_dagrun for match_features_pipeline to 2026-01-02 00:00:00+00:00, run_after=2026-01-03 00:00:00+00:00
[2026-01-02T21:09:28.843+0000] {processor.py:183} INFO - Processing /opt/airflow/dags/prediction_features_pipeline.py took 0.095 seconds
[2026-01-02T21:09:59.182+0000] {processor.py:161} INFO - Started process (PID=30746) to work on /opt/airflow/dags/prediction_features_pipeline.py
[2026-01-02T21:09:59.182+0000] {processor.py:830} INFO - Processing file /opt/airflow/dags/prediction_features_pipeline.py for tasks to queue
[2026-01-02T21:09:59.183+0000] {logging_mixin.py:188} INFO - [2026-01-02T21:09:59.183+0000] {dagbag.py:538} INFO - Filling up the DagBag from /opt/airflow/dags/prediction_features_pipeline.py
[2026-01-02T21:09:59.204+0000] {processor.py:840} INFO - DAG(s) 'match_features_pipeline' retrieved from /opt/airflow/dags/prediction_features_pipeline.py
[2026-01-02T21:09:59.227+0000] {logging_mixin.py:188} INFO - [2026-01-02T21:09:59.226+0000] {dag.py:3036} INFO - Sync 1 DAGs
[2026-01-02T21:09:59.250+0000] {logging_mixin.py:188} INFO - [2026-01-02T21:09:59.250+0000] {dag.py:3823} INFO - Setting next_dagrun for match_features_pipeline to 2026-01-02 00:00:00+00:00, run_after=2026-01-03 00:00:00+00:00
[2026-01-02T21:09:59.274+0000] {processor.py:183} INFO - Processing /opt/airflow/dags/prediction_features_pipeline.py took 0.096 seconds
[2026-01-02T21:10:29.608+0000] {processor.py:161} INFO - Started process (PID=30766) to work on /opt/airflow/dags/prediction_features_pipeline.py
[2026-01-02T21:10:29.609+0000] {processor.py:830} INFO - Processing file /opt/airflow/dags/prediction_features_pipeline.py for tasks to queue
[2026-01-02T21:10:29.610+0000] {logging_mixin.py:188} INFO - [2026-01-02T21:10:29.610+0000] {dagbag.py:538} INFO - Filling up the DagBag from /opt/airflow/dags/prediction_features_pipeline.py
[2026-01-02T21:10:29.630+0000] {processor.py:840} INFO - DAG(s) 'match_features_pipeline' retrieved from /opt/airflow/dags/prediction_features_pipeline.py
[2026-01-02T21:10:29.655+0000] {logging_mixin.py:188} INFO - [2026-01-02T21:10:29.655+0000] {dag.py:3036} INFO - Sync 1 DAGs
[2026-01-02T21:10:29.679+0000] {logging_mixin.py:188} INFO - [2026-01-02T21:10:29.679+0000] {dag.py:3823} INFO - Setting next_dagrun for match_features_pipeline to 2026-01-02 00:00:00+00:00, run_after=2026-01-03 00:00:00+00:00
[2026-01-02T21:10:29.700+0000] {processor.py:183} INFO - Processing /opt/airflow/dags/prediction_features_pipeline.py took 0.095 seconds
[2026-01-02T21:11:00.050+0000] {processor.py:161} INFO - Started process (PID=30786) to work on /opt/airflow/dags/prediction_features_pipeline.py
[2026-01-02T21:11:00.051+0000] {processor.py:830} INFO - Processing file /opt/airflow/dags/prediction_features_pipeline.py for tasks to queue
[2026-01-02T21:11:00.052+0000] {logging_mixin.py:188} INFO - [2026-01-02T21:11:00.052+0000] {dagbag.py:538} INFO - Filling up the DagBag from /opt/airflow/dags/prediction_features_pipeline.py
[2026-01-02T21:11:00.074+0000] {processor.py:840} INFO - DAG(s) 'match_features_pipeline' retrieved from /opt/airflow/dags/prediction_features_pipeline.py
[2026-01-02T21:11:00.098+0000] {logging_mixin.py:188} INFO - [2026-01-02T21:11:00.098+0000] {dag.py:3036} INFO - Sync 1 DAGs
[2026-01-02T21:11:00.122+0000] {logging_mixin.py:188} INFO - [2026-01-02T21:11:00.122+0000] {dag.py:3823} INFO - Setting next_dagrun for match_features_pipeline to 2026-01-02 00:00:00+00:00, run_after=2026-01-03 00:00:00+00:00
[2026-01-02T21:11:00.141+0000] {processor.py:183} INFO - Processing /opt/airflow/dags/prediction_features_pipeline.py took 0.094 seconds
[2026-01-02T21:11:30.581+0000] {processor.py:161} INFO - Started process (PID=30806) to work on /opt/airflow/dags/prediction_features_pipeline.py
[2026-01-02T21:11:30.582+0000] {processor.py:830} INFO - Processing file /opt/airflow/dags/prediction_features_pipeline.py for tasks to queue
[2026-01-02T21:11:30.583+0000] {logging_mixin.py:188} INFO - [2026-01-02T21:11:30.583+0000] {dagbag.py:538} INFO - Filling up the DagBag from /opt/airflow/dags/prediction_features_pipeline.py
[2026-01-02T21:11:30.604+0000] {processor.py:840} INFO - DAG(s) 'match_features_pipeline' retrieved from /opt/airflow/dags/prediction_features_pipeline.py
[2026-01-02T21:11:30.628+0000] {logging_mixin.py:188} INFO - [2026-01-02T21:11:30.628+0000] {dag.py:3036} INFO - Sync 1 DAGs
[2026-01-02T21:11:30.653+0000] {logging_mixin.py:188} INFO - [2026-01-02T21:11:30.653+0000] {dag.py:3823} INFO - Setting next_dagrun for match_features_pipeline to 2026-01-02 00:00:00+00:00, run_after=2026-01-03 00:00:00+00:00
[2026-01-02T21:11:30.672+0000] {processor.py:183} INFO - Processing /opt/airflow/dags/prediction_features_pipeline.py took 0.094 seconds
[2026-01-02T21:12:01.014+0000] {processor.py:161} INFO - Started process (PID=30826) to work on /opt/airflow/dags/prediction_features_pipeline.py
[2026-01-02T21:12:01.015+0000] {processor.py:830} INFO - Processing file /opt/airflow/dags/prediction_features_pipeline.py for tasks to queue
[2026-01-02T21:12:01.016+0000] {logging_mixin.py:188} INFO - [2026-01-02T21:12:01.016+0000] {dagbag.py:538} INFO - Filling up the DagBag from /opt/airflow/dags/prediction_features_pipeline.py
[2026-01-02T21:12:01.037+0000] {processor.py:840} INFO - DAG(s) 'match_features_pipeline' retrieved from /opt/airflow/dags/prediction_features_pipeline.py
[2026-01-02T21:12:01.062+0000] {logging_mixin.py:188} INFO - [2026-01-02T21:12:01.062+0000] {dag.py:3036} INFO - Sync 1 DAGs
[2026-01-02T21:12:01.085+0000] {logging_mixin.py:188} INFO - [2026-01-02T21:12:01.085+0000] {dag.py:3823} INFO - Setting next_dagrun for match_features_pipeline to 2026-01-02 00:00:00+00:00, run_after=2026-01-03 00:00:00+00:00
[2026-01-02T21:12:01.103+0000] {processor.py:183} INFO - Processing /opt/airflow/dags/prediction_features_pipeline.py took 0.093 seconds
[2026-01-02T21:12:31.439+0000] {processor.py:161} INFO - Started process (PID=30846) to work on /opt/airflow/dags/prediction_features_pipeline.py
[2026-01-02T21:12:31.441+0000] {processor.py:830} INFO - Processing file /opt/airflow/dags/prediction_features_pipeline.py for tasks to queue
[2026-01-02T21:12:31.442+0000] {logging_mixin.py:188} INFO - [2026-01-02T21:12:31.441+0000] {dagbag.py:538} INFO - Filling up the DagBag from /opt/airflow/dags/prediction_features_pipeline.py
[2026-01-02T21:12:31.464+0000] {processor.py:840} INFO - DAG(s) 'match_features_pipeline' retrieved from /opt/airflow/dags/prediction_features_pipeline.py
[2026-01-02T21:12:31.489+0000] {logging_mixin.py:188} INFO - [2026-01-02T21:12:31.489+0000] {dag.py:3036} INFO - Sync 1 DAGs
[2026-01-02T21:12:31.514+0000] {logging_mixin.py:188} INFO - [2026-01-02T21:12:31.514+0000] {dag.py:3823} INFO - Setting next_dagrun for match_features_pipeline to 2026-01-02 00:00:00+00:00, run_after=2026-01-03 00:00:00+00:00
[2026-01-02T21:12:31.534+0000] {processor.py:183} INFO - Processing /opt/airflow/dags/prediction_features_pipeline.py took 0.097 seconds
[2026-01-02T21:13:02.046+0000] {processor.py:161} INFO - Started process (PID=30866) to work on /opt/airflow/dags/prediction_features_pipeline.py
[2026-01-02T21:13:02.047+0000] {processor.py:830} INFO - Processing file /opt/airflow/dags/prediction_features_pipeline.py for tasks to queue
[2026-01-02T21:13:02.048+0000] {logging_mixin.py:188} INFO - [2026-01-02T21:13:02.048+0000] {dagbag.py:538} INFO - Filling up the DagBag from /opt/airflow/dags/prediction_features_pipeline.py
[2026-01-02T21:13:02.069+0000] {processor.py:840} INFO - DAG(s) 'match_features_pipeline' retrieved from /opt/airflow/dags/prediction_features_pipeline.py
[2026-01-02T21:13:02.095+0000] {logging_mixin.py:188} INFO - [2026-01-02T21:13:02.095+0000] {dag.py:3036} INFO - Sync 1 DAGs
[2026-01-02T21:13:02.120+0000] {logging_mixin.py:188} INFO - [2026-01-02T21:13:02.120+0000] {dag.py:3823} INFO - Setting next_dagrun for match_features_pipeline to 2026-01-02 00:00:00+00:00, run_after=2026-01-03 00:00:00+00:00
[2026-01-02T21:13:02.141+0000] {processor.py:183} INFO - Processing /opt/airflow/dags/prediction_features_pipeline.py took 0.099 seconds
[2026-01-02T21:13:32.484+0000] {processor.py:161} INFO - Started process (PID=30886) to work on /opt/airflow/dags/prediction_features_pipeline.py
[2026-01-02T21:13:32.485+0000] {processor.py:830} INFO - Processing file /opt/airflow/dags/prediction_features_pipeline.py for tasks to queue
[2026-01-02T21:13:32.486+0000] {logging_mixin.py:188} INFO - [2026-01-02T21:13:32.486+0000] {dagbag.py:538} INFO - Filling up the DagBag from /opt/airflow/dags/prediction_features_pipeline.py
[2026-01-02T21:13:32.508+0000] {processor.py:840} INFO - DAG(s) 'match_features_pipeline' retrieved from /opt/airflow/dags/prediction_features_pipeline.py
[2026-01-02T21:13:32.531+0000] {logging_mixin.py:188} INFO - [2026-01-02T21:13:32.531+0000] {dag.py:3036} INFO - Sync 1 DAGs
[2026-01-02T21:13:32.555+0000] {logging_mixin.py:188} INFO - [2026-01-02T21:13:32.555+0000] {dag.py:3823} INFO - Setting next_dagrun for match_features_pipeline to 2026-01-02 00:00:00+00:00, run_after=2026-01-03 00:00:00+00:00
[2026-01-02T21:13:32.578+0000] {processor.py:183} INFO - Processing /opt/airflow/dags/prediction_features_pipeline.py took 0.098 seconds
[2026-01-02T21:14:02.915+0000] {processor.py:161} INFO - Started process (PID=30906) to work on /opt/airflow/dags/prediction_features_pipeline.py
[2026-01-02T21:14:02.916+0000] {processor.py:830} INFO - Processing file /opt/airflow/dags/prediction_features_pipeline.py for tasks to queue
[2026-01-02T21:14:02.917+0000] {logging_mixin.py:188} INFO - [2026-01-02T21:14:02.917+0000] {dagbag.py:538} INFO - Filling up the DagBag from /opt/airflow/dags/prediction_features_pipeline.py
[2026-01-02T21:14:02.938+0000] {processor.py:840} INFO - DAG(s) 'match_features_pipeline' retrieved from /opt/airflow/dags/prediction_features_pipeline.py
[2026-01-02T21:14:02.962+0000] {logging_mixin.py:188} INFO - [2026-01-02T21:14:02.962+0000] {dag.py:3036} INFO - Sync 1 DAGs
[2026-01-02T21:14:02.986+0000] {logging_mixin.py:188} INFO - [2026-01-02T21:14:02.986+0000] {dag.py:3823} INFO - Setting next_dagrun for match_features_pipeline to 2026-01-02 00:00:00+00:00, run_after=2026-01-03 00:00:00+00:00
[2026-01-02T21:14:03.009+0000] {processor.py:183} INFO - Processing /opt/airflow/dags/prediction_features_pipeline.py took 0.098 seconds
[2026-01-02T21:14:33.333+0000] {processor.py:161} INFO - Started process (PID=30926) to work on /opt/airflow/dags/prediction_features_pipeline.py
[2026-01-02T21:14:33.335+0000] {processor.py:830} INFO - Processing file /opt/airflow/dags/prediction_features_pipeline.py for tasks to queue
[2026-01-02T21:14:33.336+0000] {logging_mixin.py:188} INFO - [2026-01-02T21:14:33.335+0000] {dagbag.py:538} INFO - Filling up the DagBag from /opt/airflow/dags/prediction_features_pipeline.py
[2026-01-02T21:14:33.357+0000] {processor.py:840} INFO - DAG(s) 'match_features_pipeline' retrieved from /opt/airflow/dags/prediction_features_pipeline.py
[2026-01-02T21:14:33.381+0000] {logging_mixin.py:188} INFO - [2026-01-02T21:14:33.381+0000] {dag.py:3036} INFO - Sync 1 DAGs
[2026-01-02T21:14:33.405+0000] {logging_mixin.py:188} INFO - [2026-01-02T21:14:33.404+0000] {dag.py:3823} INFO - Setting next_dagrun for match_features_pipeline to 2026-01-02 00:00:00+00:00, run_after=2026-01-03 00:00:00+00:00
[2026-01-02T21:14:33.424+0000] {processor.py:183} INFO - Processing /opt/airflow/dags/prediction_features_pipeline.py took 0.095 seconds
[2026-01-02T21:15:03.762+0000] {processor.py:161} INFO - Started process (PID=30946) to work on /opt/airflow/dags/prediction_features_pipeline.py
[2026-01-02T21:15:03.764+0000] {processor.py:830} INFO - Processing file /opt/airflow/dags/prediction_features_pipeline.py for tasks to queue
[2026-01-02T21:15:03.765+0000] {logging_mixin.py:188} INFO - [2026-01-02T21:15:03.765+0000] {dagbag.py:538} INFO - Filling up the DagBag from /opt/airflow/dags/prediction_features_pipeline.py
[2026-01-02T21:15:03.788+0000] {processor.py:840} INFO - DAG(s) 'match_features_pipeline' retrieved from /opt/airflow/dags/prediction_features_pipeline.py
[2026-01-02T21:15:03.812+0000] {logging_mixin.py:188} INFO - [2026-01-02T21:15:03.812+0000] {dag.py:3036} INFO - Sync 1 DAGs
[2026-01-02T21:15:03.836+0000] {logging_mixin.py:188} INFO - [2026-01-02T21:15:03.836+0000] {dag.py:3823} INFO - Setting next_dagrun for match_features_pipeline to 2026-01-02 00:00:00+00:00, run_after=2026-01-03 00:00:00+00:00
[2026-01-02T21:15:03.857+0000] {processor.py:183} INFO - Processing /opt/airflow/dags/prediction_features_pipeline.py took 0.098 seconds
[2026-01-02T21:15:34.188+0000] {processor.py:161} INFO - Started process (PID=30966) to work on /opt/airflow/dags/prediction_features_pipeline.py
[2026-01-02T21:15:34.189+0000] {processor.py:830} INFO - Processing file /opt/airflow/dags/prediction_features_pipeline.py for tasks to queue
[2026-01-02T21:15:34.191+0000] {logging_mixin.py:188} INFO - [2026-01-02T21:15:34.190+0000] {dagbag.py:538} INFO - Filling up the DagBag from /opt/airflow/dags/prediction_features_pipeline.py
[2026-01-02T21:15:34.212+0000] {processor.py:840} INFO - DAG(s) 'match_features_pipeline' retrieved from /opt/airflow/dags/prediction_features_pipeline.py
[2026-01-02T21:15:34.236+0000] {logging_mixin.py:188} INFO - [2026-01-02T21:15:34.235+0000] {dag.py:3036} INFO - Sync 1 DAGs
[2026-01-02T21:15:34.259+0000] {logging_mixin.py:188} INFO - [2026-01-02T21:15:34.259+0000] {dag.py:3823} INFO - Setting next_dagrun for match_features_pipeline to 2026-01-02 00:00:00+00:00, run_after=2026-01-03 00:00:00+00:00
[2026-01-02T21:15:34.280+0000] {processor.py:183} INFO - Processing /opt/airflow/dags/prediction_features_pipeline.py took 0.095 seconds
[2026-01-02T21:16:04.612+0000] {processor.py:161} INFO - Started process (PID=30986) to work on /opt/airflow/dags/prediction_features_pipeline.py
[2026-01-02T21:16:04.613+0000] {processor.py:830} INFO - Processing file /opt/airflow/dags/prediction_features_pipeline.py for tasks to queue
[2026-01-02T21:16:04.614+0000] {logging_mixin.py:188} INFO - [2026-01-02T21:16:04.613+0000] {dagbag.py:538} INFO - Filling up the DagBag from /opt/airflow/dags/prediction_features_pipeline.py
[2026-01-02T21:16:04.636+0000] {processor.py:840} INFO - DAG(s) 'match_features_pipeline' retrieved from /opt/airflow/dags/prediction_features_pipeline.py
[2026-01-02T21:16:04.661+0000] {logging_mixin.py:188} INFO - [2026-01-02T21:16:04.661+0000] {dag.py:3036} INFO - Sync 1 DAGs
[2026-01-02T21:16:04.686+0000] {logging_mixin.py:188} INFO - [2026-01-02T21:16:04.686+0000] {dag.py:3823} INFO - Setting next_dagrun for match_features_pipeline to 2026-01-02 00:00:00+00:00, run_after=2026-01-03 00:00:00+00:00
[2026-01-02T21:16:04.709+0000] {processor.py:183} INFO - Processing /opt/airflow/dags/prediction_features_pipeline.py took 0.101 seconds
[2026-01-02T21:16:35.022+0000] {processor.py:161} INFO - Started process (PID=31006) to work on /opt/airflow/dags/prediction_features_pipeline.py
[2026-01-02T21:16:35.023+0000] {processor.py:830} INFO - Processing file /opt/airflow/dags/prediction_features_pipeline.py for tasks to queue
[2026-01-02T21:16:35.025+0000] {logging_mixin.py:188} INFO - [2026-01-02T21:16:35.025+0000] {dagbag.py:538} INFO - Filling up the DagBag from /opt/airflow/dags/prediction_features_pipeline.py
[2026-01-02T21:16:35.047+0000] {processor.py:840} INFO - DAG(s) 'match_features_pipeline' retrieved from /opt/airflow/dags/prediction_features_pipeline.py
[2026-01-02T21:16:35.074+0000] {logging_mixin.py:188} INFO - [2026-01-02T21:16:35.073+0000] {dag.py:3036} INFO - Sync 1 DAGs
[2026-01-02T21:16:35.098+0000] {logging_mixin.py:188} INFO - [2026-01-02T21:16:35.098+0000] {dag.py:3823} INFO - Setting next_dagrun for match_features_pipeline to 2026-01-02 00:00:00+00:00, run_after=2026-01-03 00:00:00+00:00
[2026-01-02T21:16:35.123+0000] {processor.py:183} INFO - Processing /opt/airflow/dags/prediction_features_pipeline.py took 0.104 seconds
[2026-01-02T21:17:05.440+0000] {processor.py:161} INFO - Started process (PID=31026) to work on /opt/airflow/dags/prediction_features_pipeline.py
[2026-01-02T21:17:05.441+0000] {processor.py:830} INFO - Processing file /opt/airflow/dags/prediction_features_pipeline.py for tasks to queue
[2026-01-02T21:17:05.443+0000] {logging_mixin.py:188} INFO - [2026-01-02T21:17:05.442+0000] {dagbag.py:538} INFO - Filling up the DagBag from /opt/airflow/dags/prediction_features_pipeline.py
[2026-01-02T21:17:05.465+0000] {processor.py:840} INFO - DAG(s) 'match_features_pipeline' retrieved from /opt/airflow/dags/prediction_features_pipeline.py
[2026-01-02T21:17:05.492+0000] {logging_mixin.py:188} INFO - [2026-01-02T21:17:05.492+0000] {dag.py:3036} INFO - Sync 1 DAGs
[2026-01-02T21:17:05.515+0000] {logging_mixin.py:188} INFO - [2026-01-02T21:17:05.515+0000] {dag.py:3823} INFO - Setting next_dagrun for match_features_pipeline to 2026-01-02 00:00:00+00:00, run_after=2026-01-03 00:00:00+00:00
[2026-01-02T21:17:05.538+0000] {processor.py:183} INFO - Processing /opt/airflow/dags/prediction_features_pipeline.py took 0.102 seconds
[2026-01-02T21:17:36.039+0000] {processor.py:161} INFO - Started process (PID=31046) to work on /opt/airflow/dags/prediction_features_pipeline.py
[2026-01-02T21:17:36.040+0000] {processor.py:830} INFO - Processing file /opt/airflow/dags/prediction_features_pipeline.py for tasks to queue
[2026-01-02T21:17:36.042+0000] {logging_mixin.py:188} INFO - [2026-01-02T21:17:36.041+0000] {dagbag.py:538} INFO - Filling up the DagBag from /opt/airflow/dags/prediction_features_pipeline.py
[2026-01-02T21:17:36.065+0000] {processor.py:840} INFO - DAG(s) 'match_features_pipeline' retrieved from /opt/airflow/dags/prediction_features_pipeline.py
[2026-01-02T21:17:36.093+0000] {logging_mixin.py:188} INFO - [2026-01-02T21:17:36.092+0000] {dag.py:3036} INFO - Sync 1 DAGs
[2026-01-02T21:17:36.118+0000] {logging_mixin.py:188} INFO - [2026-01-02T21:17:36.117+0000] {dag.py:3823} INFO - Setting next_dagrun for match_features_pipeline to 2026-01-02 00:00:00+00:00, run_after=2026-01-03 00:00:00+00:00
[2026-01-02T21:17:36.142+0000] {processor.py:183} INFO - Processing /opt/airflow/dags/prediction_features_pipeline.py took 0.109 seconds
[2026-01-02T21:18:06.452+0000] {processor.py:161} INFO - Started process (PID=31066) to work on /opt/airflow/dags/prediction_features_pipeline.py
[2026-01-02T21:18:06.454+0000] {processor.py:830} INFO - Processing file /opt/airflow/dags/prediction_features_pipeline.py for tasks to queue
[2026-01-02T21:18:06.455+0000] {logging_mixin.py:188} INFO - [2026-01-02T21:18:06.455+0000] {dagbag.py:538} INFO - Filling up the DagBag from /opt/airflow/dags/prediction_features_pipeline.py
[2026-01-02T21:18:06.478+0000] {processor.py:840} INFO - DAG(s) 'match_features_pipeline' retrieved from /opt/airflow/dags/prediction_features_pipeline.py
[2026-01-02T21:18:06.504+0000] {logging_mixin.py:188} INFO - [2026-01-02T21:18:06.504+0000] {dag.py:3036} INFO - Sync 1 DAGs
[2026-01-02T21:18:06.529+0000] {logging_mixin.py:188} INFO - [2026-01-02T21:18:06.528+0000] {dag.py:3823} INFO - Setting next_dagrun for match_features_pipeline to 2026-01-02 00:00:00+00:00, run_after=2026-01-03 00:00:00+00:00
[2026-01-02T21:18:06.555+0000] {processor.py:183} INFO - Processing /opt/airflow/dags/prediction_features_pipeline.py took 0.107 seconds
[2026-01-02T21:18:36.868+0000] {processor.py:161} INFO - Started process (PID=31086) to work on /opt/airflow/dags/prediction_features_pipeline.py
[2026-01-02T21:18:36.869+0000] {processor.py:830} INFO - Processing file /opt/airflow/dags/prediction_features_pipeline.py for tasks to queue
[2026-01-02T21:18:36.871+0000] {logging_mixin.py:188} INFO - [2026-01-02T21:18:36.870+0000] {dagbag.py:538} INFO - Filling up the DagBag from /opt/airflow/dags/prediction_features_pipeline.py
[2026-01-02T21:18:36.894+0000] {processor.py:840} INFO - DAG(s) 'match_features_pipeline' retrieved from /opt/airflow/dags/prediction_features_pipeline.py
[2026-01-02T21:18:36.919+0000] {logging_mixin.py:188} INFO - [2026-01-02T21:18:36.918+0000] {dag.py:3036} INFO - Sync 1 DAGs
[2026-01-02T21:18:36.944+0000] {logging_mixin.py:188} INFO - [2026-01-02T21:18:36.944+0000] {dag.py:3823} INFO - Setting next_dagrun for match_features_pipeline to 2026-01-02 00:00:00+00:00, run_after=2026-01-03 00:00:00+00:00
[2026-01-02T21:18:36.969+0000] {processor.py:183} INFO - Processing /opt/airflow/dags/prediction_features_pipeline.py took 0.105 seconds
[2026-01-02T21:19:07.286+0000] {processor.py:161} INFO - Started process (PID=31106) to work on /opt/airflow/dags/prediction_features_pipeline.py
[2026-01-02T21:19:07.287+0000] {processor.py:830} INFO - Processing file /opt/airflow/dags/prediction_features_pipeline.py for tasks to queue
[2026-01-02T21:19:07.288+0000] {logging_mixin.py:188} INFO - [2026-01-02T21:19:07.287+0000] {dagbag.py:538} INFO - Filling up the DagBag from /opt/airflow/dags/prediction_features_pipeline.py
[2026-01-02T21:19:07.309+0000] {processor.py:840} INFO - DAG(s) 'match_features_pipeline' retrieved from /opt/airflow/dags/prediction_features_pipeline.py
[2026-01-02T21:19:07.335+0000] {logging_mixin.py:188} INFO - [2026-01-02T21:19:07.335+0000] {dag.py:3036} INFO - Sync 1 DAGs
[2026-01-02T21:19:07.362+0000] {logging_mixin.py:188} INFO - [2026-01-02T21:19:07.361+0000] {dag.py:3823} INFO - Setting next_dagrun for match_features_pipeline to 2026-01-02 00:00:00+00:00, run_after=2026-01-03 00:00:00+00:00
[2026-01-02T21:19:07.384+0000] {processor.py:183} INFO - Processing /opt/airflow/dags/prediction_features_pipeline.py took 0.101 seconds
[2026-01-02T21:19:37.686+0000] {processor.py:161} INFO - Started process (PID=31126) to work on /opt/airflow/dags/prediction_features_pipeline.py
[2026-01-02T21:19:37.687+0000] {processor.py:830} INFO - Processing file /opt/airflow/dags/prediction_features_pipeline.py for tasks to queue
[2026-01-02T21:19:37.688+0000] {logging_mixin.py:188} INFO - [2026-01-02T21:19:37.688+0000] {dagbag.py:538} INFO - Filling up the DagBag from /opt/airflow/dags/prediction_features_pipeline.py
[2026-01-02T21:19:37.708+0000] {processor.py:840} INFO - DAG(s) 'match_features_pipeline' retrieved from /opt/airflow/dags/prediction_features_pipeline.py
[2026-01-02T21:19:37.733+0000] {logging_mixin.py:188} INFO - [2026-01-02T21:19:37.733+0000] {dag.py:3036} INFO - Sync 1 DAGs
[2026-01-02T21:19:37.760+0000] {logging_mixin.py:188} INFO - [2026-01-02T21:19:37.760+0000] {dag.py:3823} INFO - Setting next_dagrun for match_features_pipeline to 2026-01-02 00:00:00+00:00, run_after=2026-01-03 00:00:00+00:00
[2026-01-02T21:19:37.781+0000] {processor.py:183} INFO - Processing /opt/airflow/dags/prediction_features_pipeline.py took 0.098 seconds
[2026-01-02T21:20:08.084+0000] {processor.py:161} INFO - Started process (PID=31146) to work on /opt/airflow/dags/prediction_features_pipeline.py
[2026-01-02T21:20:08.085+0000] {processor.py:830} INFO - Processing file /opt/airflow/dags/prediction_features_pipeline.py for tasks to queue
[2026-01-02T21:20:08.087+0000] {logging_mixin.py:188} INFO - [2026-01-02T21:20:08.086+0000] {dagbag.py:538} INFO - Filling up the DagBag from /opt/airflow/dags/prediction_features_pipeline.py
[2026-01-02T21:20:08.110+0000] {processor.py:840} INFO - DAG(s) 'match_features_pipeline' retrieved from /opt/airflow/dags/prediction_features_pipeline.py
[2026-01-02T21:20:08.137+0000] {logging_mixin.py:188} INFO - [2026-01-02T21:20:08.137+0000] {dag.py:3036} INFO - Sync 1 DAGs
[2026-01-02T21:20:08.165+0000] {logging_mixin.py:188} INFO - [2026-01-02T21:20:08.165+0000] {dag.py:3823} INFO - Setting next_dagrun for match_features_pipeline to 2026-01-02 00:00:00+00:00, run_after=2026-01-03 00:00:00+00:00
[2026-01-02T21:20:08.188+0000] {processor.py:183} INFO - Processing /opt/airflow/dags/prediction_features_pipeline.py took 0.108 seconds
[2026-01-02T21:20:38.628+0000] {processor.py:161} INFO - Started process (PID=31166) to work on /opt/airflow/dags/prediction_features_pipeline.py
[2026-01-02T21:20:38.629+0000] {processor.py:830} INFO - Processing file /opt/airflow/dags/prediction_features_pipeline.py for tasks to queue
[2026-01-02T21:20:38.630+0000] {logging_mixin.py:188} INFO - [2026-01-02T21:20:38.630+0000] {dagbag.py:538} INFO - Filling up the DagBag from /opt/airflow/dags/prediction_features_pipeline.py
[2026-01-02T21:20:38.652+0000] {processor.py:840} INFO - DAG(s) 'match_features_pipeline' retrieved from /opt/airflow/dags/prediction_features_pipeline.py
[2026-01-02T21:20:38.679+0000] {logging_mixin.py:188} INFO - [2026-01-02T21:20:38.678+0000] {dag.py:3036} INFO - Sync 1 DAGs
[2026-01-02T21:20:38.703+0000] {logging_mixin.py:188} INFO - [2026-01-02T21:20:38.703+0000] {dag.py:3823} INFO - Setting next_dagrun for match_features_pipeline to 2026-01-02 00:00:00+00:00, run_after=2026-01-03 00:00:00+00:00
[2026-01-02T21:20:38.727+0000] {processor.py:183} INFO - Processing /opt/airflow/dags/prediction_features_pipeline.py took 0.105 seconds
[2026-01-02T21:21:09.062+0000] {processor.py:161} INFO - Started process (PID=31186) to work on /opt/airflow/dags/prediction_features_pipeline.py
[2026-01-02T21:21:09.063+0000] {processor.py:830} INFO - Processing file /opt/airflow/dags/prediction_features_pipeline.py for tasks to queue
[2026-01-02T21:21:09.065+0000] {logging_mixin.py:188} INFO - [2026-01-02T21:21:09.064+0000] {dagbag.py:538} INFO - Filling up the DagBag from /opt/airflow/dags/prediction_features_pipeline.py
[2026-01-02T21:21:09.087+0000] {processor.py:840} INFO - DAG(s) 'match_features_pipeline' retrieved from /opt/airflow/dags/prediction_features_pipeline.py
[2026-01-02T21:21:09.116+0000] {logging_mixin.py:188} INFO - [2026-01-02T21:21:09.115+0000] {dag.py:3036} INFO - Sync 1 DAGs
[2026-01-02T21:21:09.143+0000] {logging_mixin.py:188} INFO - [2026-01-02T21:21:09.142+0000] {dag.py:3823} INFO - Setting next_dagrun for match_features_pipeline to 2026-01-02 00:00:00+00:00, run_after=2026-01-03 00:00:00+00:00
[2026-01-02T21:21:09.166+0000] {processor.py:183} INFO - Processing /opt/airflow/dags/prediction_features_pipeline.py took 0.108 seconds
[2026-01-02T21:21:39.501+0000] {processor.py:161} INFO - Started process (PID=31206) to work on /opt/airflow/dags/prediction_features_pipeline.py
[2026-01-02T21:21:39.503+0000] {processor.py:830} INFO - Processing file /opt/airflow/dags/prediction_features_pipeline.py for tasks to queue
[2026-01-02T21:21:39.504+0000] {logging_mixin.py:188} INFO - [2026-01-02T21:21:39.503+0000] {dagbag.py:538} INFO - Filling up the DagBag from /opt/airflow/dags/prediction_features_pipeline.py
[2026-01-02T21:21:39.525+0000] {processor.py:840} INFO - DAG(s) 'match_features_pipeline' retrieved from /opt/airflow/dags/prediction_features_pipeline.py
[2026-01-02T21:21:39.551+0000] {logging_mixin.py:188} INFO - [2026-01-02T21:21:39.551+0000] {dag.py:3036} INFO - Sync 1 DAGs
[2026-01-02T21:21:39.577+0000] {logging_mixin.py:188} INFO - [2026-01-02T21:21:39.577+0000] {dag.py:3823} INFO - Setting next_dagrun for match_features_pipeline to 2026-01-02 00:00:00+00:00, run_after=2026-01-03 00:00:00+00:00
[2026-01-02T21:21:39.601+0000] {processor.py:183} INFO - Processing /opt/airflow/dags/prediction_features_pipeline.py took 0.103 seconds
[2026-01-02T21:22:09.924+0000] {processor.py:161} INFO - Started process (PID=31226) to work on /opt/airflow/dags/prediction_features_pipeline.py
[2026-01-02T21:22:09.926+0000] {processor.py:830} INFO - Processing file /opt/airflow/dags/prediction_features_pipeline.py for tasks to queue
[2026-01-02T21:22:09.927+0000] {logging_mixin.py:188} INFO - [2026-01-02T21:22:09.927+0000] {dagbag.py:538} INFO - Filling up the DagBag from /opt/airflow/dags/prediction_features_pipeline.py
[2026-01-02T21:22:09.951+0000] {processor.py:840} INFO - DAG(s) 'match_features_pipeline' retrieved from /opt/airflow/dags/prediction_features_pipeline.py
[2026-01-02T21:22:09.978+0000] {logging_mixin.py:188} INFO - [2026-01-02T21:22:09.977+0000] {dag.py:3036} INFO - Sync 1 DAGs
[2026-01-02T21:22:10.003+0000] {logging_mixin.py:188} INFO - [2026-01-02T21:22:10.003+0000] {dag.py:3823} INFO - Setting next_dagrun for match_features_pipeline to 2026-01-02 00:00:00+00:00, run_after=2026-01-03 00:00:00+00:00
[2026-01-02T21:22:10.023+0000] {processor.py:183} INFO - Processing /opt/airflow/dags/prediction_features_pipeline.py took 0.103 seconds
[2026-01-02T21:22:40.407+0000] {processor.py:161} INFO - Started process (PID=31246) to work on /opt/airflow/dags/prediction_features_pipeline.py
[2026-01-02T21:22:40.409+0000] {processor.py:830} INFO - Processing file /opt/airflow/dags/prediction_features_pipeline.py for tasks to queue
[2026-01-02T21:22:40.410+0000] {logging_mixin.py:188} INFO - [2026-01-02T21:22:40.409+0000] {dagbag.py:538} INFO - Filling up the DagBag from /opt/airflow/dags/prediction_features_pipeline.py
[2026-01-02T21:22:40.433+0000] {processor.py:840} INFO - DAG(s) 'match_features_pipeline' retrieved from /opt/airflow/dags/prediction_features_pipeline.py
[2026-01-02T21:22:40.460+0000] {logging_mixin.py:188} INFO - [2026-01-02T21:22:40.459+0000] {dag.py:3036} INFO - Sync 1 DAGs
[2026-01-02T21:22:40.486+0000] {logging_mixin.py:188} INFO - [2026-01-02T21:22:40.485+0000] {dag.py:3823} INFO - Setting next_dagrun for match_features_pipeline to 2026-01-02 00:00:00+00:00, run_after=2026-01-03 00:00:00+00:00
[2026-01-02T21:22:40.506+0000] {processor.py:183} INFO - Processing /opt/airflow/dags/prediction_features_pipeline.py took 0.102 seconds
[2026-01-02T21:23:10.933+0000] {processor.py:161} INFO - Started process (PID=31266) to work on /opt/airflow/dags/prediction_features_pipeline.py
[2026-01-02T21:23:10.934+0000] {processor.py:830} INFO - Processing file /opt/airflow/dags/prediction_features_pipeline.py for tasks to queue
[2026-01-02T21:23:10.935+0000] {logging_mixin.py:188} INFO - [2026-01-02T21:23:10.935+0000] {dagbag.py:538} INFO - Filling up the DagBag from /opt/airflow/dags/prediction_features_pipeline.py
[2026-01-02T21:23:10.959+0000] {processor.py:840} INFO - DAG(s) 'match_features_pipeline' retrieved from /opt/airflow/dags/prediction_features_pipeline.py
[2026-01-02T21:23:10.985+0000] {logging_mixin.py:188} INFO - [2026-01-02T21:23:10.985+0000] {dag.py:3036} INFO - Sync 1 DAGs
[2026-01-02T21:23:11.010+0000] {logging_mixin.py:188} INFO - [2026-01-02T21:23:11.010+0000] {dag.py:3823} INFO - Setting next_dagrun for match_features_pipeline to 2026-01-02 00:00:00+00:00, run_after=2026-01-03 00:00:00+00:00
[2026-01-02T21:23:11.034+0000] {processor.py:183} INFO - Processing /opt/airflow/dags/prediction_features_pipeline.py took 0.106 seconds
[2026-01-02T21:23:41.347+0000] {processor.py:161} INFO - Started process (PID=31286) to work on /opt/airflow/dags/prediction_features_pipeline.py
[2026-01-02T21:23:41.348+0000] {processor.py:830} INFO - Processing file /opt/airflow/dags/prediction_features_pipeline.py for tasks to queue
[2026-01-02T21:23:41.350+0000] {logging_mixin.py:188} INFO - [2026-01-02T21:23:41.349+0000] {dagbag.py:538} INFO - Filling up the DagBag from /opt/airflow/dags/prediction_features_pipeline.py
[2026-01-02T21:23:41.372+0000] {processor.py:840} INFO - DAG(s) 'match_features_pipeline' retrieved from /opt/airflow/dags/prediction_features_pipeline.py
[2026-01-02T21:23:41.399+0000] {logging_mixin.py:188} INFO - [2026-01-02T21:23:41.399+0000] {dag.py:3036} INFO - Sync 1 DAGs
[2026-01-02T21:23:41.422+0000] {logging_mixin.py:188} INFO - [2026-01-02T21:23:41.422+0000] {dag.py:3823} INFO - Setting next_dagrun for match_features_pipeline to 2026-01-02 00:00:00+00:00, run_after=2026-01-03 00:00:00+00:00
[2026-01-02T21:23:41.445+0000] {processor.py:183} INFO - Processing /opt/airflow/dags/prediction_features_pipeline.py took 0.104 seconds
[2026-01-02T21:24:11.761+0000] {processor.py:161} INFO - Started process (PID=31306) to work on /opt/airflow/dags/prediction_features_pipeline.py
[2026-01-02T21:24:11.763+0000] {processor.py:830} INFO - Processing file /opt/airflow/dags/prediction_features_pipeline.py for tasks to queue
[2026-01-02T21:24:11.764+0000] {logging_mixin.py:188} INFO - [2026-01-02T21:24:11.764+0000] {dagbag.py:538} INFO - Filling up the DagBag from /opt/airflow/dags/prediction_features_pipeline.py
[2026-01-02T21:24:11.787+0000] {processor.py:840} INFO - DAG(s) 'match_features_pipeline' retrieved from /opt/airflow/dags/prediction_features_pipeline.py
[2026-01-02T21:24:11.813+0000] {logging_mixin.py:188} INFO - [2026-01-02T21:24:11.813+0000] {dag.py:3036} INFO - Sync 1 DAGs
[2026-01-02T21:24:11.839+0000] {logging_mixin.py:188} INFO - [2026-01-02T21:24:11.838+0000] {dag.py:3823} INFO - Setting next_dagrun for match_features_pipeline to 2026-01-02 00:00:00+00:00, run_after=2026-01-03 00:00:00+00:00
[2026-01-02T21:24:11.863+0000] {processor.py:183} INFO - Processing /opt/airflow/dags/prediction_features_pipeline.py took 0.107 seconds
[2026-01-02T21:24:42.183+0000] {processor.py:161} INFO - Started process (PID=31326) to work on /opt/airflow/dags/prediction_features_pipeline.py
[2026-01-02T21:24:42.185+0000] {processor.py:830} INFO - Processing file /opt/airflow/dags/prediction_features_pipeline.py for tasks to queue
[2026-01-02T21:24:42.186+0000] {logging_mixin.py:188} INFO - [2026-01-02T21:24:42.186+0000] {dagbag.py:538} INFO - Filling up the DagBag from /opt/airflow/dags/prediction_features_pipeline.py
[2026-01-02T21:24:42.208+0000] {processor.py:840} INFO - DAG(s) 'match_features_pipeline' retrieved from /opt/airflow/dags/prediction_features_pipeline.py
[2026-01-02T21:24:42.234+0000] {logging_mixin.py:188} INFO - [2026-01-02T21:24:42.234+0000] {dag.py:3036} INFO - Sync 1 DAGs
[2026-01-02T21:24:42.259+0000] {logging_mixin.py:188} INFO - [2026-01-02T21:24:42.259+0000] {dag.py:3823} INFO - Setting next_dagrun for match_features_pipeline to 2026-01-02 00:00:00+00:00, run_after=2026-01-03 00:00:00+00:00
[2026-01-02T21:24:42.285+0000] {processor.py:183} INFO - Processing /opt/airflow/dags/prediction_features_pipeline.py took 0.106 seconds
[2026-01-02T21:25:12.609+0000] {processor.py:161} INFO - Started process (PID=31346) to work on /opt/airflow/dags/prediction_features_pipeline.py
[2026-01-02T21:25:12.611+0000] {processor.py:830} INFO - Processing file /opt/airflow/dags/prediction_features_pipeline.py for tasks to queue
[2026-01-02T21:25:12.612+0000] {logging_mixin.py:188} INFO - [2026-01-02T21:25:12.611+0000] {dagbag.py:538} INFO - Filling up the DagBag from /opt/airflow/dags/prediction_features_pipeline.py
[2026-01-02T21:25:12.635+0000] {processor.py:840} INFO - DAG(s) 'match_features_pipeline' retrieved from /opt/airflow/dags/prediction_features_pipeline.py
[2026-01-02T21:25:12.660+0000] {logging_mixin.py:188} INFO - [2026-01-02T21:25:12.660+0000] {dag.py:3036} INFO - Sync 1 DAGs
[2026-01-02T21:25:12.687+0000] {logging_mixin.py:188} INFO - [2026-01-02T21:25:12.686+0000] {dag.py:3823} INFO - Setting next_dagrun for match_features_pipeline to 2026-01-02 00:00:00+00:00, run_after=2026-01-03 00:00:00+00:00
[2026-01-02T21:25:12.707+0000] {processor.py:183} INFO - Processing /opt/airflow/dags/prediction_features_pipeline.py took 0.102 seconds
[2026-01-02T21:25:43.039+0000] {processor.py:161} INFO - Started process (PID=31366) to work on /opt/airflow/dags/prediction_features_pipeline.py
[2026-01-02T21:25:43.040+0000] {processor.py:830} INFO - Processing file /opt/airflow/dags/prediction_features_pipeline.py for tasks to queue
[2026-01-02T21:25:43.041+0000] {logging_mixin.py:188} INFO - [2026-01-02T21:25:43.041+0000] {dagbag.py:538} INFO - Filling up the DagBag from /opt/airflow/dags/prediction_features_pipeline.py
[2026-01-02T21:25:43.066+0000] {processor.py:840} INFO - DAG(s) 'match_features_pipeline' retrieved from /opt/airflow/dags/prediction_features_pipeline.py
[2026-01-02T21:25:43.095+0000] {logging_mixin.py:188} INFO - [2026-01-02T21:25:43.095+0000] {dag.py:3036} INFO - Sync 1 DAGs
[2026-01-02T21:25:43.125+0000] {logging_mixin.py:188} INFO - [2026-01-02T21:25:43.125+0000] {dag.py:3823} INFO - Setting next_dagrun for match_features_pipeline to 2026-01-02 00:00:00+00:00, run_after=2026-01-03 00:00:00+00:00
[2026-01-02T21:25:43.152+0000] {processor.py:183} INFO - Processing /opt/airflow/dags/prediction_features_pipeline.py took 0.118 seconds
[2026-01-02T21:26:13.578+0000] {processor.py:161} INFO - Started process (PID=31386) to work on /opt/airflow/dags/prediction_features_pipeline.py
[2026-01-02T21:26:13.579+0000] {processor.py:830} INFO - Processing file /opt/airflow/dags/prediction_features_pipeline.py for tasks to queue
[2026-01-02T21:26:13.580+0000] {logging_mixin.py:188} INFO - [2026-01-02T21:26:13.580+0000] {dagbag.py:538} INFO - Filling up the DagBag from /opt/airflow/dags/prediction_features_pipeline.py
[2026-01-02T21:26:13.606+0000] {processor.py:840} INFO - DAG(s) 'match_features_pipeline' retrieved from /opt/airflow/dags/prediction_features_pipeline.py
[2026-01-02T21:26:13.633+0000] {logging_mixin.py:188} INFO - [2026-01-02T21:26:13.633+0000] {dag.py:3036} INFO - Sync 1 DAGs
[2026-01-02T21:26:13.659+0000] {logging_mixin.py:188} INFO - [2026-01-02T21:26:13.658+0000] {dag.py:3823} INFO - Setting next_dagrun for match_features_pipeline to 2026-01-02 00:00:00+00:00, run_after=2026-01-03 00:00:00+00:00
[2026-01-02T21:26:13.680+0000] {processor.py:183} INFO - Processing /opt/airflow/dags/prediction_features_pipeline.py took 0.106 seconds
[2026-01-02T21:26:43.988+0000] {processor.py:161} INFO - Started process (PID=31406) to work on /opt/airflow/dags/prediction_features_pipeline.py
[2026-01-02T21:26:43.989+0000] {processor.py:830} INFO - Processing file /opt/airflow/dags/prediction_features_pipeline.py for tasks to queue
[2026-01-02T21:26:43.990+0000] {logging_mixin.py:188} INFO - [2026-01-02T21:26:43.990+0000] {dagbag.py:538} INFO - Filling up the DagBag from /opt/airflow/dags/prediction_features_pipeline.py
[2026-01-02T21:26:44.013+0000] {processor.py:840} INFO - DAG(s) 'match_features_pipeline' retrieved from /opt/airflow/dags/prediction_features_pipeline.py
[2026-01-02T21:26:44.039+0000] {logging_mixin.py:188} INFO - [2026-01-02T21:26:44.039+0000] {dag.py:3036} INFO - Sync 1 DAGs
[2026-01-02T21:26:44.063+0000] {logging_mixin.py:188} INFO - [2026-01-02T21:26:44.063+0000] {dag.py:3823} INFO - Setting next_dagrun for match_features_pipeline to 2026-01-02 00:00:00+00:00, run_after=2026-01-03 00:00:00+00:00
[2026-01-02T21:26:44.085+0000] {processor.py:183} INFO - Processing /opt/airflow/dags/prediction_features_pipeline.py took 0.101 seconds
[2026-01-02T21:27:14.398+0000] {processor.py:161} INFO - Started process (PID=31426) to work on /opt/airflow/dags/prediction_features_pipeline.py
[2026-01-02T21:27:14.399+0000] {processor.py:830} INFO - Processing file /opt/airflow/dags/prediction_features_pipeline.py for tasks to queue
[2026-01-02T21:27:14.401+0000] {logging_mixin.py:188} INFO - [2026-01-02T21:27:14.400+0000] {dagbag.py:538} INFO - Filling up the DagBag from /opt/airflow/dags/prediction_features_pipeline.py
[2026-01-02T21:27:14.424+0000] {processor.py:840} INFO - DAG(s) 'match_features_pipeline' retrieved from /opt/airflow/dags/prediction_features_pipeline.py
[2026-01-02T21:27:14.449+0000] {logging_mixin.py:188} INFO - [2026-01-02T21:27:14.449+0000] {dag.py:3036} INFO - Sync 1 DAGs
[2026-01-02T21:27:14.474+0000] {logging_mixin.py:188} INFO - [2026-01-02T21:27:14.474+0000] {dag.py:3823} INFO - Setting next_dagrun for match_features_pipeline to 2026-01-02 00:00:00+00:00, run_after=2026-01-03 00:00:00+00:00
[2026-01-02T21:27:14.499+0000] {processor.py:183} INFO - Processing /opt/airflow/dags/prediction_features_pipeline.py took 0.105 seconds
[2026-01-02T21:27:44.878+0000] {processor.py:161} INFO - Started process (PID=31446) to work on /opt/airflow/dags/prediction_features_pipeline.py
[2026-01-02T21:27:44.879+0000] {processor.py:830} INFO - Processing file /opt/airflow/dags/prediction_features_pipeline.py for tasks to queue
[2026-01-02T21:27:44.881+0000] {logging_mixin.py:188} INFO - [2026-01-02T21:27:44.880+0000] {dagbag.py:538} INFO - Filling up the DagBag from /opt/airflow/dags/prediction_features_pipeline.py
[2026-01-02T21:27:44.904+0000] {processor.py:840} INFO - DAG(s) 'match_features_pipeline' retrieved from /opt/airflow/dags/prediction_features_pipeline.py
[2026-01-02T21:27:44.928+0000] {logging_mixin.py:188} INFO - [2026-01-02T21:27:44.928+0000] {dag.py:3036} INFO - Sync 1 DAGs
[2026-01-02T21:27:44.954+0000] {logging_mixin.py:188} INFO - [2026-01-02T21:27:44.954+0000] {dag.py:3823} INFO - Setting next_dagrun for match_features_pipeline to 2026-01-02 00:00:00+00:00, run_after=2026-01-03 00:00:00+00:00
[2026-01-02T21:27:44.976+0000] {processor.py:183} INFO - Processing /opt/airflow/dags/prediction_features_pipeline.py took 0.103 seconds
[2026-01-02T21:28:15.291+0000] {processor.py:161} INFO - Started process (PID=31466) to work on /opt/airflow/dags/prediction_features_pipeline.py
[2026-01-02T21:28:15.293+0000] {processor.py:830} INFO - Processing file /opt/airflow/dags/prediction_features_pipeline.py for tasks to queue
[2026-01-02T21:28:15.294+0000] {logging_mixin.py:188} INFO - [2026-01-02T21:28:15.293+0000] {dagbag.py:538} INFO - Filling up the DagBag from /opt/airflow/dags/prediction_features_pipeline.py
[2026-01-02T21:28:15.317+0000] {processor.py:840} INFO - DAG(s) 'match_features_pipeline' retrieved from /opt/airflow/dags/prediction_features_pipeline.py
[2026-01-02T21:28:15.343+0000] {logging_mixin.py:188} INFO - [2026-01-02T21:28:15.342+0000] {dag.py:3036} INFO - Sync 1 DAGs
[2026-01-02T21:28:15.369+0000] {logging_mixin.py:188} INFO - [2026-01-02T21:28:15.368+0000] {dag.py:3823} INFO - Setting next_dagrun for match_features_pipeline to 2026-01-02 00:00:00+00:00, run_after=2026-01-03 00:00:00+00:00
[2026-01-02T21:28:15.388+0000] {processor.py:183} INFO - Processing /opt/airflow/dags/prediction_features_pipeline.py took 0.100 seconds
[2026-01-02T21:28:45.701+0000] {processor.py:161} INFO - Started process (PID=31486) to work on /opt/airflow/dags/prediction_features_pipeline.py
[2026-01-02T21:28:45.703+0000] {processor.py:830} INFO - Processing file /opt/airflow/dags/prediction_features_pipeline.py for tasks to queue
[2026-01-02T21:28:45.704+0000] {logging_mixin.py:188} INFO - [2026-01-02T21:28:45.703+0000] {dagbag.py:538} INFO - Filling up the DagBag from /opt/airflow/dags/prediction_features_pipeline.py
[2026-01-02T21:28:45.727+0000] {processor.py:840} INFO - DAG(s) 'match_features_pipeline' retrieved from /opt/airflow/dags/prediction_features_pipeline.py
[2026-01-02T21:28:45.753+0000] {logging_mixin.py:188} INFO - [2026-01-02T21:28:45.753+0000] {dag.py:3036} INFO - Sync 1 DAGs
[2026-01-02T21:28:45.777+0000] {logging_mixin.py:188} INFO - [2026-01-02T21:28:45.777+0000] {dag.py:3823} INFO - Setting next_dagrun for match_features_pipeline to 2026-01-02 00:00:00+00:00, run_after=2026-01-03 00:00:00+00:00
[2026-01-02T21:28:45.799+0000] {processor.py:183} INFO - Processing /opt/airflow/dags/prediction_features_pipeline.py took 0.101 seconds
[2026-01-02T21:29:16.116+0000] {processor.py:161} INFO - Started process (PID=31506) to work on /opt/airflow/dags/prediction_features_pipeline.py
[2026-01-02T21:29:16.117+0000] {processor.py:830} INFO - Processing file /opt/airflow/dags/prediction_features_pipeline.py for tasks to queue
[2026-01-02T21:29:16.119+0000] {logging_mixin.py:188} INFO - [2026-01-02T21:29:16.118+0000] {dagbag.py:538} INFO - Filling up the DagBag from /opt/airflow/dags/prediction_features_pipeline.py
[2026-01-02T21:29:16.142+0000] {processor.py:840} INFO - DAG(s) 'match_features_pipeline' retrieved from /opt/airflow/dags/prediction_features_pipeline.py
[2026-01-02T21:29:16.167+0000] {logging_mixin.py:188} INFO - [2026-01-02T21:29:16.167+0000] {dag.py:3036} INFO - Sync 1 DAGs
[2026-01-02T21:29:16.191+0000] {logging_mixin.py:188} INFO - [2026-01-02T21:29:16.191+0000] {dag.py:3823} INFO - Setting next_dagrun for match_features_pipeline to 2026-01-02 00:00:00+00:00, run_after=2026-01-03 00:00:00+00:00
[2026-01-02T21:29:16.214+0000] {processor.py:183} INFO - Processing /opt/airflow/dags/prediction_features_pipeline.py took 0.102 seconds
[2026-01-02T21:29:46.533+0000] {processor.py:161} INFO - Started process (PID=31526) to work on /opt/airflow/dags/prediction_features_pipeline.py
[2026-01-02T21:29:46.534+0000] {processor.py:830} INFO - Processing file /opt/airflow/dags/prediction_features_pipeline.py for tasks to queue
[2026-01-02T21:29:46.535+0000] {logging_mixin.py:188} INFO - [2026-01-02T21:29:46.535+0000] {dagbag.py:538} INFO - Filling up the DagBag from /opt/airflow/dags/prediction_features_pipeline.py
[2026-01-02T21:29:46.560+0000] {processor.py:840} INFO - DAG(s) 'match_features_pipeline' retrieved from /opt/airflow/dags/prediction_features_pipeline.py
[2026-01-02T21:29:46.589+0000] {logging_mixin.py:188} INFO - [2026-01-02T21:29:46.589+0000] {dag.py:3036} INFO - Sync 1 DAGs
[2026-01-02T21:29:46.620+0000] {logging_mixin.py:188} INFO - [2026-01-02T21:29:46.619+0000] {dag.py:3823} INFO - Setting next_dagrun for match_features_pipeline to 2026-01-02 00:00:00+00:00, run_after=2026-01-03 00:00:00+00:00
[2026-01-02T21:29:46.644+0000] {processor.py:183} INFO - Processing /opt/airflow/dags/prediction_features_pipeline.py took 0.117 seconds
[2026-01-02T21:30:17.070+0000] {processor.py:161} INFO - Started process (PID=31546) to work on /opt/airflow/dags/prediction_features_pipeline.py
[2026-01-02T21:30:17.071+0000] {processor.py:830} INFO - Processing file /opt/airflow/dags/prediction_features_pipeline.py for tasks to queue
[2026-01-02T21:30:17.072+0000] {logging_mixin.py:188} INFO - [2026-01-02T21:30:17.072+0000] {dagbag.py:538} INFO - Filling up the DagBag from /opt/airflow/dags/prediction_features_pipeline.py
[2026-01-02T21:30:17.095+0000] {processor.py:840} INFO - DAG(s) 'match_features_pipeline' retrieved from /opt/airflow/dags/prediction_features_pipeline.py
[2026-01-02T21:30:17.121+0000] {logging_mixin.py:188} INFO - [2026-01-02T21:30:17.121+0000] {dag.py:3036} INFO - Sync 1 DAGs
[2026-01-02T21:30:17.147+0000] {logging_mixin.py:188} INFO - [2026-01-02T21:30:17.147+0000] {dag.py:3823} INFO - Setting next_dagrun for match_features_pipeline to 2026-01-02 00:00:00+00:00, run_after=2026-01-03 00:00:00+00:00
[2026-01-02T21:30:17.168+0000] {processor.py:183} INFO - Processing /opt/airflow/dags/prediction_features_pipeline.py took 0.103 seconds
[2026-01-02T21:30:47.478+0000] {processor.py:161} INFO - Started process (PID=31566) to work on /opt/airflow/dags/prediction_features_pipeline.py
[2026-01-02T21:30:47.480+0000] {processor.py:830} INFO - Processing file /opt/airflow/dags/prediction_features_pipeline.py for tasks to queue
[2026-01-02T21:30:47.481+0000] {logging_mixin.py:188} INFO - [2026-01-02T21:30:47.480+0000] {dagbag.py:538} INFO - Filling up the DagBag from /opt/airflow/dags/prediction_features_pipeline.py
[2026-01-02T21:30:47.504+0000] {processor.py:840} INFO - DAG(s) 'match_features_pipeline' retrieved from /opt/airflow/dags/prediction_features_pipeline.py
[2026-01-02T21:30:47.530+0000] {logging_mixin.py:188} INFO - [2026-01-02T21:30:47.530+0000] {dag.py:3036} INFO - Sync 1 DAGs
[2026-01-02T21:30:47.555+0000] {logging_mixin.py:188} INFO - [2026-01-02T21:30:47.555+0000] {dag.py:3823} INFO - Setting next_dagrun for match_features_pipeline to 2026-01-02 00:00:00+00:00, run_after=2026-01-03 00:00:00+00:00
[2026-01-02T21:30:47.575+0000] {processor.py:183} INFO - Processing /opt/airflow/dags/prediction_features_pipeline.py took 0.101 seconds
[2026-01-02T21:31:17.997+0000] {processor.py:161} INFO - Started process (PID=31586) to work on /opt/airflow/dags/prediction_features_pipeline.py
[2026-01-02T21:31:17.999+0000] {processor.py:830} INFO - Processing file /opt/airflow/dags/prediction_features_pipeline.py for tasks to queue
[2026-01-02T21:31:18.000+0000] {logging_mixin.py:188} INFO - [2026-01-02T21:31:18.000+0000] {dagbag.py:538} INFO - Filling up the DagBag from /opt/airflow/dags/prediction_features_pipeline.py
[2026-01-02T21:31:18.023+0000] {processor.py:840} INFO - DAG(s) 'match_features_pipeline' retrieved from /opt/airflow/dags/prediction_features_pipeline.py
[2026-01-02T21:31:18.052+0000] {logging_mixin.py:188} INFO - [2026-01-02T21:31:18.051+0000] {dag.py:3036} INFO - Sync 1 DAGs
[2026-01-02T21:31:18.078+0000] {logging_mixin.py:188} INFO - [2026-01-02T21:31:18.078+0000] {dag.py:3823} INFO - Setting next_dagrun for match_features_pipeline to 2026-01-02 00:00:00+00:00, run_after=2026-01-03 00:00:00+00:00
[2026-01-02T21:31:18.102+0000] {processor.py:183} INFO - Processing /opt/airflow/dags/prediction_features_pipeline.py took 0.108 seconds
[2026-01-02T21:31:48.409+0000] {processor.py:161} INFO - Started process (PID=31606) to work on /opt/airflow/dags/prediction_features_pipeline.py
[2026-01-02T21:31:48.410+0000] {processor.py:830} INFO - Processing file /opt/airflow/dags/prediction_features_pipeline.py for tasks to queue
[2026-01-02T21:31:48.411+0000] {logging_mixin.py:188} INFO - [2026-01-02T21:31:48.411+0000] {dagbag.py:538} INFO - Filling up the DagBag from /opt/airflow/dags/prediction_features_pipeline.py
[2026-01-02T21:31:48.437+0000] {processor.py:840} INFO - DAG(s) 'match_features_pipeline' retrieved from /opt/airflow/dags/prediction_features_pipeline.py
[2026-01-02T21:31:48.465+0000] {logging_mixin.py:188} INFO - [2026-01-02T21:31:48.464+0000] {dag.py:3036} INFO - Sync 1 DAGs
[2026-01-02T21:31:48.495+0000] {logging_mixin.py:188} INFO - [2026-01-02T21:31:48.494+0000] {dag.py:3823} INFO - Setting next_dagrun for match_features_pipeline to 2026-01-02 00:00:00+00:00, run_after=2026-01-03 00:00:00+00:00
[2026-01-02T21:31:48.519+0000] {processor.py:183} INFO - Processing /opt/airflow/dags/prediction_features_pipeline.py took 0.115 seconds
[2026-01-02T21:32:18.847+0000] {processor.py:161} INFO - Started process (PID=31626) to work on /opt/airflow/dags/prediction_features_pipeline.py
[2026-01-02T21:32:18.849+0000] {processor.py:830} INFO - Processing file /opt/airflow/dags/prediction_features_pipeline.py for tasks to queue
[2026-01-02T21:32:18.850+0000] {logging_mixin.py:188} INFO - [2026-01-02T21:32:18.850+0000] {dagbag.py:538} INFO - Filling up the DagBag from /opt/airflow/dags/prediction_features_pipeline.py
[2026-01-02T21:32:18.873+0000] {processor.py:840} INFO - DAG(s) 'match_features_pipeline' retrieved from /opt/airflow/dags/prediction_features_pipeline.py
[2026-01-02T21:32:18.900+0000] {logging_mixin.py:188} INFO - [2026-01-02T21:32:18.899+0000] {dag.py:3036} INFO - Sync 1 DAGs
[2026-01-02T21:32:18.927+0000] {logging_mixin.py:188} INFO - [2026-01-02T21:32:18.927+0000] {dag.py:3823} INFO - Setting next_dagrun for match_features_pipeline to 2026-01-02 00:00:00+00:00, run_after=2026-01-03 00:00:00+00:00
[2026-01-02T21:32:18.950+0000] {processor.py:183} INFO - Processing /opt/airflow/dags/prediction_features_pipeline.py took 0.106 seconds
[2026-01-02T21:32:49.330+0000] {processor.py:161} INFO - Started process (PID=31646) to work on /opt/airflow/dags/prediction_features_pipeline.py
[2026-01-02T21:32:49.331+0000] {processor.py:830} INFO - Processing file /opt/airflow/dags/prediction_features_pipeline.py for tasks to queue
[2026-01-02T21:32:49.332+0000] {logging_mixin.py:188} INFO - [2026-01-02T21:32:49.332+0000] {dagbag.py:538} INFO - Filling up the DagBag from /opt/airflow/dags/prediction_features_pipeline.py
[2026-01-02T21:32:49.354+0000] {processor.py:840} INFO - DAG(s) 'match_features_pipeline' retrieved from /opt/airflow/dags/prediction_features_pipeline.py
[2026-01-02T21:32:49.381+0000] {logging_mixin.py:188} INFO - [2026-01-02T21:32:49.380+0000] {dag.py:3036} INFO - Sync 1 DAGs
[2026-01-02T21:32:49.408+0000] {logging_mixin.py:188} INFO - [2026-01-02T21:32:49.408+0000] {dag.py:3823} INFO - Setting next_dagrun for match_features_pipeline to 2026-01-02 00:00:00+00:00, run_after=2026-01-03 00:00:00+00:00
[2026-01-02T21:32:49.431+0000] {processor.py:183} INFO - Processing /opt/airflow/dags/prediction_features_pipeline.py took 0.106 seconds
[2026-01-02T21:33:19.892+0000] {processor.py:161} INFO - Started process (PID=31666) to work on /opt/airflow/dags/prediction_features_pipeline.py
[2026-01-02T21:33:19.893+0000] {processor.py:830} INFO - Processing file /opt/airflow/dags/prediction_features_pipeline.py for tasks to queue
[2026-01-02T21:33:19.894+0000] {logging_mixin.py:188} INFO - [2026-01-02T21:33:19.894+0000] {dagbag.py:538} INFO - Filling up the DagBag from /opt/airflow/dags/prediction_features_pipeline.py
[2026-01-02T21:33:19.915+0000] {processor.py:840} INFO - DAG(s) 'match_features_pipeline' retrieved from /opt/airflow/dags/prediction_features_pipeline.py
[2026-01-02T21:33:19.941+0000] {logging_mixin.py:188} INFO - [2026-01-02T21:33:19.941+0000] {dag.py:3036} INFO - Sync 1 DAGs
[2026-01-02T21:33:19.967+0000] {logging_mixin.py:188} INFO - [2026-01-02T21:33:19.966+0000] {dag.py:3823} INFO - Setting next_dagrun for match_features_pipeline to 2026-01-02 00:00:00+00:00, run_after=2026-01-03 00:00:00+00:00
[2026-01-02T21:33:19.985+0000] {processor.py:183} INFO - Processing /opt/airflow/dags/prediction_features_pipeline.py took 0.098 seconds
[2026-01-02T21:33:50.441+0000] {processor.py:161} INFO - Started process (PID=31686) to work on /opt/airflow/dags/prediction_features_pipeline.py
[2026-01-02T21:33:50.443+0000] {processor.py:830} INFO - Processing file /opt/airflow/dags/prediction_features_pipeline.py for tasks to queue
[2026-01-02T21:33:50.444+0000] {logging_mixin.py:188} INFO - [2026-01-02T21:33:50.443+0000] {dagbag.py:538} INFO - Filling up the DagBag from /opt/airflow/dags/prediction_features_pipeline.py
[2026-01-02T21:33:50.465+0000] {processor.py:840} INFO - DAG(s) 'match_features_pipeline' retrieved from /opt/airflow/dags/prediction_features_pipeline.py
[2026-01-02T21:33:50.488+0000] {logging_mixin.py:188} INFO - [2026-01-02T21:33:50.488+0000] {dag.py:3036} INFO - Sync 1 DAGs
[2026-01-02T21:33:50.511+0000] {logging_mixin.py:188} INFO - [2026-01-02T21:33:50.511+0000] {dag.py:3823} INFO - Setting next_dagrun for match_features_pipeline to 2026-01-02 00:00:00+00:00, run_after=2026-01-03 00:00:00+00:00
[2026-01-02T21:33:50.540+0000] {processor.py:183} INFO - Processing /opt/airflow/dags/prediction_features_pipeline.py took 0.103 seconds
[2026-01-02T21:34:20.887+0000] {processor.py:161} INFO - Started process (PID=31706) to work on /opt/airflow/dags/prediction_features_pipeline.py
[2026-01-02T21:34:20.888+0000] {processor.py:830} INFO - Processing file /opt/airflow/dags/prediction_features_pipeline.py for tasks to queue
[2026-01-02T21:34:20.889+0000] {logging_mixin.py:188} INFO - [2026-01-02T21:34:20.889+0000] {dagbag.py:538} INFO - Filling up the DagBag from /opt/airflow/dags/prediction_features_pipeline.py
[2026-01-02T21:34:20.911+0000] {processor.py:840} INFO - DAG(s) 'match_features_pipeline' retrieved from /opt/airflow/dags/prediction_features_pipeline.py
[2026-01-02T21:34:20.935+0000] {logging_mixin.py:188} INFO - [2026-01-02T21:34:20.934+0000] {dag.py:3036} INFO - Sync 1 DAGs
[2026-01-02T21:34:20.957+0000] {logging_mixin.py:188} INFO - [2026-01-02T21:34:20.957+0000] {dag.py:3823} INFO - Setting next_dagrun for match_features_pipeline to 2026-01-02 00:00:00+00:00, run_after=2026-01-03 00:00:00+00:00
[2026-01-02T21:34:20.980+0000] {processor.py:183} INFO - Processing /opt/airflow/dags/prediction_features_pipeline.py took 0.097 seconds
[2026-01-02T21:34:51.338+0000] {processor.py:161} INFO - Started process (PID=31726) to work on /opt/airflow/dags/prediction_features_pipeline.py
[2026-01-02T21:34:51.339+0000] {processor.py:830} INFO - Processing file /opt/airflow/dags/prediction_features_pipeline.py for tasks to queue
[2026-01-02T21:34:51.340+0000] {logging_mixin.py:188} INFO - [2026-01-02T21:34:51.339+0000] {dagbag.py:538} INFO - Filling up the DagBag from /opt/airflow/dags/prediction_features_pipeline.py
[2026-01-02T21:34:51.361+0000] {processor.py:840} INFO - DAG(s) 'match_features_pipeline' retrieved from /opt/airflow/dags/prediction_features_pipeline.py
[2026-01-02T21:34:51.384+0000] {logging_mixin.py:188} INFO - [2026-01-02T21:34:51.384+0000] {dag.py:3036} INFO - Sync 1 DAGs
[2026-01-02T21:34:51.408+0000] {logging_mixin.py:188} INFO - [2026-01-02T21:34:51.407+0000] {dag.py:3823} INFO - Setting next_dagrun for match_features_pipeline to 2026-01-02 00:00:00+00:00, run_after=2026-01-03 00:00:00+00:00
[2026-01-02T21:34:51.426+0000] {processor.py:183} INFO - Processing /opt/airflow/dags/prediction_features_pipeline.py took 0.092 seconds
[2026-01-02T21:35:21.864+0000] {processor.py:161} INFO - Started process (PID=31746) to work on /opt/airflow/dags/prediction_features_pipeline.py
[2026-01-02T21:35:21.866+0000] {processor.py:830} INFO - Processing file /opt/airflow/dags/prediction_features_pipeline.py for tasks to queue
[2026-01-02T21:35:21.867+0000] {logging_mixin.py:188} INFO - [2026-01-02T21:35:21.866+0000] {dagbag.py:538} INFO - Filling up the DagBag from /opt/airflow/dags/prediction_features_pipeline.py
[2026-01-02T21:35:21.888+0000] {processor.py:840} INFO - DAG(s) 'match_features_pipeline' retrieved from /opt/airflow/dags/prediction_features_pipeline.py
[2026-01-02T21:35:21.911+0000] {logging_mixin.py:188} INFO - [2026-01-02T21:35:21.911+0000] {dag.py:3036} INFO - Sync 1 DAGs
[2026-01-02T21:35:21.934+0000] {logging_mixin.py:188} INFO - [2026-01-02T21:35:21.934+0000] {dag.py:3823} INFO - Setting next_dagrun for match_features_pipeline to 2026-01-02 00:00:00+00:00, run_after=2026-01-03 00:00:00+00:00
[2026-01-02T21:35:21.953+0000] {processor.py:183} INFO - Processing /opt/airflow/dags/prediction_features_pipeline.py took 0.093 seconds
[2026-01-02T21:35:52.303+0000] {processor.py:161} INFO - Started process (PID=31766) to work on /opt/airflow/dags/prediction_features_pipeline.py
[2026-01-02T21:35:52.304+0000] {processor.py:830} INFO - Processing file /opt/airflow/dags/prediction_features_pipeline.py for tasks to queue
[2026-01-02T21:35:52.305+0000] {logging_mixin.py:188} INFO - [2026-01-02T21:35:52.305+0000] {dagbag.py:538} INFO - Filling up the DagBag from /opt/airflow/dags/prediction_features_pipeline.py
[2026-01-02T21:35:52.327+0000] {processor.py:840} INFO - DAG(s) 'match_features_pipeline' retrieved from /opt/airflow/dags/prediction_features_pipeline.py
[2026-01-02T21:35:52.350+0000] {logging_mixin.py:188} INFO - [2026-01-02T21:35:52.350+0000] {dag.py:3036} INFO - Sync 1 DAGs
[2026-01-02T21:35:52.374+0000] {logging_mixin.py:188} INFO - [2026-01-02T21:35:52.374+0000] {dag.py:3823} INFO - Setting next_dagrun for match_features_pipeline to 2026-01-02 00:00:00+00:00, run_after=2026-01-03 00:00:00+00:00
[2026-01-02T21:35:52.397+0000] {processor.py:183} INFO - Processing /opt/airflow/dags/prediction_features_pipeline.py took 0.098 seconds
[2026-01-02T21:36:22.736+0000] {processor.py:161} INFO - Started process (PID=31786) to work on /opt/airflow/dags/prediction_features_pipeline.py
[2026-01-02T21:36:22.738+0000] {processor.py:830} INFO - Processing file /opt/airflow/dags/prediction_features_pipeline.py for tasks to queue
[2026-01-02T21:36:22.739+0000] {logging_mixin.py:188} INFO - [2026-01-02T21:36:22.738+0000] {dagbag.py:538} INFO - Filling up the DagBag from /opt/airflow/dags/prediction_features_pipeline.py
[2026-01-02T21:36:22.760+0000] {processor.py:840} INFO - DAG(s) 'match_features_pipeline' retrieved from /opt/airflow/dags/prediction_features_pipeline.py
[2026-01-02T21:36:22.784+0000] {logging_mixin.py:188} INFO - [2026-01-02T21:36:22.784+0000] {dag.py:3036} INFO - Sync 1 DAGs
[2026-01-02T21:36:22.808+0000] {logging_mixin.py:188} INFO - [2026-01-02T21:36:22.808+0000] {dag.py:3823} INFO - Setting next_dagrun for match_features_pipeline to 2026-01-02 00:00:00+00:00, run_after=2026-01-03 00:00:00+00:00
[2026-01-02T21:36:22.827+0000] {processor.py:183} INFO - Processing /opt/airflow/dags/prediction_features_pipeline.py took 0.095 seconds
[2026-01-02T21:36:53.287+0000] {processor.py:161} INFO - Started process (PID=31806) to work on /opt/airflow/dags/prediction_features_pipeline.py
[2026-01-02T21:36:53.288+0000] {processor.py:830} INFO - Processing file /opt/airflow/dags/prediction_features_pipeline.py for tasks to queue
[2026-01-02T21:36:53.289+0000] {logging_mixin.py:188} INFO - [2026-01-02T21:36:53.289+0000] {dagbag.py:538} INFO - Filling up the DagBag from /opt/airflow/dags/prediction_features_pipeline.py
[2026-01-02T21:36:53.309+0000] {processor.py:840} INFO - DAG(s) 'match_features_pipeline' retrieved from /opt/airflow/dags/prediction_features_pipeline.py
[2026-01-02T21:36:53.333+0000] {logging_mixin.py:188} INFO - [2026-01-02T21:36:53.332+0000] {dag.py:3036} INFO - Sync 1 DAGs
[2026-01-02T21:36:53.356+0000] {logging_mixin.py:188} INFO - [2026-01-02T21:36:53.356+0000] {dag.py:3823} INFO - Setting next_dagrun for match_features_pipeline to 2026-01-02 00:00:00+00:00, run_after=2026-01-03 00:00:00+00:00
[2026-01-02T21:36:53.382+0000] {processor.py:183} INFO - Processing /opt/airflow/dags/prediction_features_pipeline.py took 0.098 seconds
[2026-01-02T21:37:23.728+0000] {processor.py:161} INFO - Started process (PID=31826) to work on /opt/airflow/dags/prediction_features_pipeline.py
[2026-01-02T21:37:23.730+0000] {processor.py:830} INFO - Processing file /opt/airflow/dags/prediction_features_pipeline.py for tasks to queue
[2026-01-02T21:37:23.731+0000] {logging_mixin.py:188} INFO - [2026-01-02T21:37:23.730+0000] {dagbag.py:538} INFO - Filling up the DagBag from /opt/airflow/dags/prediction_features_pipeline.py
[2026-01-02T21:37:23.751+0000] {processor.py:840} INFO - DAG(s) 'match_features_pipeline' retrieved from /opt/airflow/dags/prediction_features_pipeline.py
[2026-01-02T21:37:23.775+0000] {logging_mixin.py:188} INFO - [2026-01-02T21:37:23.775+0000] {dag.py:3036} INFO - Sync 1 DAGs
[2026-01-02T21:37:23.799+0000] {logging_mixin.py:188} INFO - [2026-01-02T21:37:23.798+0000] {dag.py:3823} INFO - Setting next_dagrun for match_features_pipeline to 2026-01-02 00:00:00+00:00, run_after=2026-01-03 00:00:00+00:00
[2026-01-02T21:37:23.822+0000] {processor.py:183} INFO - Processing /opt/airflow/dags/prediction_features_pipeline.py took 0.097 seconds
[2026-01-02T21:37:54.218+0000] {processor.py:161} INFO - Started process (PID=31846) to work on /opt/airflow/dags/prediction_features_pipeline.py
[2026-01-02T21:37:54.220+0000] {processor.py:830} INFO - Processing file /opt/airflow/dags/prediction_features_pipeline.py for tasks to queue
[2026-01-02T21:37:54.221+0000] {logging_mixin.py:188} INFO - [2026-01-02T21:37:54.220+0000] {dagbag.py:538} INFO - Filling up the DagBag from /opt/airflow/dags/prediction_features_pipeline.py
[2026-01-02T21:37:54.242+0000] {processor.py:840} INFO - DAG(s) 'match_features_pipeline' retrieved from /opt/airflow/dags/prediction_features_pipeline.py
[2026-01-02T21:37:54.267+0000] {logging_mixin.py:188} INFO - [2026-01-02T21:37:54.267+0000] {dag.py:3036} INFO - Sync 1 DAGs
[2026-01-02T21:37:54.291+0000] {logging_mixin.py:188} INFO - [2026-01-02T21:37:54.291+0000] {dag.py:3823} INFO - Setting next_dagrun for match_features_pipeline to 2026-01-02 00:00:00+00:00, run_after=2026-01-03 00:00:00+00:00
[2026-01-02T21:37:54.311+0000] {processor.py:183} INFO - Processing /opt/airflow/dags/prediction_features_pipeline.py took 0.097 seconds
[2026-01-02T21:38:24.648+0000] {processor.py:161} INFO - Started process (PID=31866) to work on /opt/airflow/dags/prediction_features_pipeline.py
[2026-01-02T21:38:24.649+0000] {processor.py:830} INFO - Processing file /opt/airflow/dags/prediction_features_pipeline.py for tasks to queue
[2026-01-02T21:38:24.650+0000] {logging_mixin.py:188} INFO - [2026-01-02T21:38:24.650+0000] {dagbag.py:538} INFO - Filling up the DagBag from /opt/airflow/dags/prediction_features_pipeline.py
[2026-01-02T21:38:24.672+0000] {processor.py:840} INFO - DAG(s) 'match_features_pipeline' retrieved from /opt/airflow/dags/prediction_features_pipeline.py
[2026-01-02T21:38:24.696+0000] {logging_mixin.py:188} INFO - [2026-01-02T21:38:24.695+0000] {dag.py:3036} INFO - Sync 1 DAGs
[2026-01-02T21:38:24.719+0000] {logging_mixin.py:188} INFO - [2026-01-02T21:38:24.719+0000] {dag.py:3823} INFO - Setting next_dagrun for match_features_pipeline to 2026-01-02 00:00:00+00:00, run_after=2026-01-03 00:00:00+00:00
[2026-01-02T21:38:24.739+0000] {processor.py:183} INFO - Processing /opt/airflow/dags/prediction_features_pipeline.py took 0.095 seconds
[2026-01-02T21:38:55.073+0000] {processor.py:161} INFO - Started process (PID=31886) to work on /opt/airflow/dags/prediction_features_pipeline.py
[2026-01-02T21:38:55.074+0000] {processor.py:830} INFO - Processing file /opt/airflow/dags/prediction_features_pipeline.py for tasks to queue
[2026-01-02T21:38:55.075+0000] {logging_mixin.py:188} INFO - [2026-01-02T21:38:55.075+0000] {dagbag.py:538} INFO - Filling up the DagBag from /opt/airflow/dags/prediction_features_pipeline.py
[2026-01-02T21:38:55.097+0000] {processor.py:840} INFO - DAG(s) 'match_features_pipeline' retrieved from /opt/airflow/dags/prediction_features_pipeline.py
[2026-01-02T21:38:55.120+0000] {logging_mixin.py:188} INFO - [2026-01-02T21:38:55.120+0000] {dag.py:3036} INFO - Sync 1 DAGs
[2026-01-02T21:38:55.143+0000] {logging_mixin.py:188} INFO - [2026-01-02T21:38:55.143+0000] {dag.py:3823} INFO - Setting next_dagrun for match_features_pipeline to 2026-01-02 00:00:00+00:00, run_after=2026-01-03 00:00:00+00:00
[2026-01-02T21:38:55.172+0000] {processor.py:183} INFO - Processing /opt/airflow/dags/prediction_features_pipeline.py took 0.102 seconds
[2026-01-02T21:39:25.513+0000] {processor.py:161} INFO - Started process (PID=31906) to work on /opt/airflow/dags/prediction_features_pipeline.py
[2026-01-02T21:39:25.514+0000] {processor.py:830} INFO - Processing file /opt/airflow/dags/prediction_features_pipeline.py for tasks to queue
[2026-01-02T21:39:25.515+0000] {logging_mixin.py:188} INFO - [2026-01-02T21:39:25.515+0000] {dagbag.py:538} INFO - Filling up the DagBag from /opt/airflow/dags/prediction_features_pipeline.py
[2026-01-02T21:39:25.537+0000] {processor.py:840} INFO - DAG(s) 'match_features_pipeline' retrieved from /opt/airflow/dags/prediction_features_pipeline.py
[2026-01-02T21:39:25.561+0000] {logging_mixin.py:188} INFO - [2026-01-02T21:39:25.561+0000] {dag.py:3036} INFO - Sync 1 DAGs
[2026-01-02T21:39:25.585+0000] {logging_mixin.py:188} INFO - [2026-01-02T21:39:25.585+0000] {dag.py:3823} INFO - Setting next_dagrun for match_features_pipeline to 2026-01-02 00:00:00+00:00, run_after=2026-01-03 00:00:00+00:00
[2026-01-02T21:39:25.604+0000] {processor.py:183} INFO - Processing /opt/airflow/dags/prediction_features_pipeline.py took 0.095 seconds
[2026-01-02T21:39:56.052+0000] {processor.py:161} INFO - Started process (PID=31926) to work on /opt/airflow/dags/prediction_features_pipeline.py
[2026-01-02T21:39:56.053+0000] {processor.py:830} INFO - Processing file /opt/airflow/dags/prediction_features_pipeline.py for tasks to queue
[2026-01-02T21:39:56.054+0000] {logging_mixin.py:188} INFO - [2026-01-02T21:39:56.054+0000] {dagbag.py:538} INFO - Filling up the DagBag from /opt/airflow/dags/prediction_features_pipeline.py
[2026-01-02T21:39:56.075+0000] {processor.py:840} INFO - DAG(s) 'match_features_pipeline' retrieved from /opt/airflow/dags/prediction_features_pipeline.py
[2026-01-02T21:39:56.100+0000] {logging_mixin.py:188} INFO - [2026-01-02T21:39:56.099+0000] {dag.py:3036} INFO - Sync 1 DAGs
[2026-01-02T21:39:56.123+0000] {logging_mixin.py:188} INFO - [2026-01-02T21:39:56.123+0000] {dag.py:3823} INFO - Setting next_dagrun for match_features_pipeline to 2026-01-02 00:00:00+00:00, run_after=2026-01-03 00:00:00+00:00
[2026-01-02T21:39:56.143+0000] {processor.py:183} INFO - Processing /opt/airflow/dags/prediction_features_pipeline.py took 0.095 seconds
[2026-01-02T21:40:26.482+0000] {processor.py:161} INFO - Started process (PID=31946) to work on /opt/airflow/dags/prediction_features_pipeline.py
[2026-01-02T21:40:26.483+0000] {processor.py:830} INFO - Processing file /opt/airflow/dags/prediction_features_pipeline.py for tasks to queue
[2026-01-02T21:40:26.484+0000] {logging_mixin.py:188} INFO - [2026-01-02T21:40:26.484+0000] {dagbag.py:538} INFO - Filling up the DagBag from /opt/airflow/dags/prediction_features_pipeline.py
[2026-01-02T21:40:26.505+0000] {processor.py:840} INFO - DAG(s) 'match_features_pipeline' retrieved from /opt/airflow/dags/prediction_features_pipeline.py
[2026-01-02T21:40:26.529+0000] {logging_mixin.py:188} INFO - [2026-01-02T21:40:26.529+0000] {dag.py:3036} INFO - Sync 1 DAGs
[2026-01-02T21:40:26.552+0000] {logging_mixin.py:188} INFO - [2026-01-02T21:40:26.552+0000] {dag.py:3823} INFO - Setting next_dagrun for match_features_pipeline to 2026-01-02 00:00:00+00:00, run_after=2026-01-03 00:00:00+00:00
[2026-01-02T21:40:26.571+0000] {processor.py:183} INFO - Processing /opt/airflow/dags/prediction_features_pipeline.py took 0.093 seconds
[2026-01-02T21:40:56.907+0000] {processor.py:161} INFO - Started process (PID=31966) to work on /opt/airflow/dags/prediction_features_pipeline.py
[2026-01-02T21:40:56.908+0000] {processor.py:830} INFO - Processing file /opt/airflow/dags/prediction_features_pipeline.py for tasks to queue
[2026-01-02T21:40:56.909+0000] {logging_mixin.py:188} INFO - [2026-01-02T21:40:56.908+0000] {dagbag.py:538} INFO - Filling up the DagBag from /opt/airflow/dags/prediction_features_pipeline.py
[2026-01-02T21:40:56.929+0000] {processor.py:840} INFO - DAG(s) 'match_features_pipeline' retrieved from /opt/airflow/dags/prediction_features_pipeline.py
[2026-01-02T21:40:56.952+0000] {logging_mixin.py:188} INFO - [2026-01-02T21:40:56.952+0000] {dag.py:3036} INFO - Sync 1 DAGs
[2026-01-02T21:40:56.975+0000] {logging_mixin.py:188} INFO - [2026-01-02T21:40:56.975+0000] {dag.py:3823} INFO - Setting next_dagrun for match_features_pipeline to 2026-01-02 00:00:00+00:00, run_after=2026-01-03 00:00:00+00:00
[2026-01-02T21:40:56.995+0000] {processor.py:183} INFO - Processing /opt/airflow/dags/prediction_features_pipeline.py took 0.091 seconds
[2026-01-02T21:41:27.352+0000] {processor.py:161} INFO - Started process (PID=31986) to work on /opt/airflow/dags/prediction_features_pipeline.py
[2026-01-02T21:41:27.353+0000] {processor.py:830} INFO - Processing file /opt/airflow/dags/prediction_features_pipeline.py for tasks to queue
[2026-01-02T21:41:27.354+0000] {logging_mixin.py:188} INFO - [2026-01-02T21:41:27.354+0000] {dagbag.py:538} INFO - Filling up the DagBag from /opt/airflow/dags/prediction_features_pipeline.py
[2026-01-02T21:41:27.376+0000] {processor.py:840} INFO - DAG(s) 'match_features_pipeline' retrieved from /opt/airflow/dags/prediction_features_pipeline.py
[2026-01-02T21:41:27.402+0000] {logging_mixin.py:188} INFO - [2026-01-02T21:41:27.402+0000] {dag.py:3036} INFO - Sync 1 DAGs
[2026-01-02T21:41:27.430+0000] {logging_mixin.py:188} INFO - [2026-01-02T21:41:27.430+0000] {dag.py:3823} INFO - Setting next_dagrun for match_features_pipeline to 2026-01-02 00:00:00+00:00, run_after=2026-01-03 00:00:00+00:00
[2026-01-02T21:41:27.454+0000] {processor.py:183} INFO - Processing /opt/airflow/dags/prediction_features_pipeline.py took 0.106 seconds
[2026-01-02T21:41:57.783+0000] {processor.py:161} INFO - Started process (PID=32006) to work on /opt/airflow/dags/prediction_features_pipeline.py
[2026-01-02T21:41:57.784+0000] {processor.py:830} INFO - Processing file /opt/airflow/dags/prediction_features_pipeline.py for tasks to queue
[2026-01-02T21:41:57.785+0000] {logging_mixin.py:188} INFO - [2026-01-02T21:41:57.785+0000] {dagbag.py:538} INFO - Filling up the DagBag from /opt/airflow/dags/prediction_features_pipeline.py
[2026-01-02T21:41:57.806+0000] {processor.py:840} INFO - DAG(s) 'match_features_pipeline' retrieved from /opt/airflow/dags/prediction_features_pipeline.py
[2026-01-02T21:41:57.831+0000] {logging_mixin.py:188} INFO - [2026-01-02T21:41:57.831+0000] {dag.py:3036} INFO - Sync 1 DAGs
[2026-01-02T21:41:57.855+0000] {logging_mixin.py:188} INFO - [2026-01-02T21:41:57.855+0000] {dag.py:3823} INFO - Setting next_dagrun for match_features_pipeline to 2026-01-02 00:00:00+00:00, run_after=2026-01-03 00:00:00+00:00
[2026-01-02T21:41:57.879+0000] {processor.py:183} INFO - Processing /opt/airflow/dags/prediction_features_pipeline.py took 0.098 seconds
[2026-01-02T21:42:28.220+0000] {processor.py:161} INFO - Started process (PID=32026) to work on /opt/airflow/dags/prediction_features_pipeline.py
[2026-01-02T21:42:28.221+0000] {processor.py:830} INFO - Processing file /opt/airflow/dags/prediction_features_pipeline.py for tasks to queue
[2026-01-02T21:42:28.222+0000] {logging_mixin.py:188} INFO - [2026-01-02T21:42:28.222+0000] {dagbag.py:538} INFO - Filling up the DagBag from /opt/airflow/dags/prediction_features_pipeline.py
[2026-01-02T21:42:28.244+0000] {processor.py:840} INFO - DAG(s) 'match_features_pipeline' retrieved from /opt/airflow/dags/prediction_features_pipeline.py
[2026-01-02T21:42:28.270+0000] {logging_mixin.py:188} INFO - [2026-01-02T21:42:28.270+0000] {dag.py:3036} INFO - Sync 1 DAGs
[2026-01-02T21:42:28.295+0000] {logging_mixin.py:188} INFO - [2026-01-02T21:42:28.295+0000] {dag.py:3823} INFO - Setting next_dagrun for match_features_pipeline to 2026-01-02 00:00:00+00:00, run_after=2026-01-03 00:00:00+00:00
[2026-01-02T21:42:28.318+0000] {processor.py:183} INFO - Processing /opt/airflow/dags/prediction_features_pipeline.py took 0.103 seconds
[2026-01-02T21:42:58.724+0000] {processor.py:161} INFO - Started process (PID=32046) to work on /opt/airflow/dags/prediction_features_pipeline.py
[2026-01-02T21:42:58.725+0000] {processor.py:830} INFO - Processing file /opt/airflow/dags/prediction_features_pipeline.py for tasks to queue
[2026-01-02T21:42:58.726+0000] {logging_mixin.py:188} INFO - [2026-01-02T21:42:58.726+0000] {dagbag.py:538} INFO - Filling up the DagBag from /opt/airflow/dags/prediction_features_pipeline.py
[2026-01-02T21:42:58.746+0000] {processor.py:840} INFO - DAG(s) 'match_features_pipeline' retrieved from /opt/airflow/dags/prediction_features_pipeline.py
[2026-01-02T21:42:58.770+0000] {logging_mixin.py:188} INFO - [2026-01-02T21:42:58.770+0000] {dag.py:3036} INFO - Sync 1 DAGs
[2026-01-02T21:42:58.794+0000] {logging_mixin.py:188} INFO - [2026-01-02T21:42:58.793+0000] {dag.py:3823} INFO - Setting next_dagrun for match_features_pipeline to 2026-01-02 00:00:00+00:00, run_after=2026-01-03 00:00:00+00:00
[2026-01-02T21:42:58.816+0000] {processor.py:183} INFO - Processing /opt/airflow/dags/prediction_features_pipeline.py took 0.097 seconds
[2026-01-02T21:43:29.147+0000] {processor.py:161} INFO - Started process (PID=32066) to work on /opt/airflow/dags/prediction_features_pipeline.py
[2026-01-02T21:43:29.148+0000] {processor.py:830} INFO - Processing file /opt/airflow/dags/prediction_features_pipeline.py for tasks to queue
[2026-01-02T21:43:29.149+0000] {logging_mixin.py:188} INFO - [2026-01-02T21:43:29.148+0000] {dagbag.py:538} INFO - Filling up the DagBag from /opt/airflow/dags/prediction_features_pipeline.py
[2026-01-02T21:43:29.170+0000] {processor.py:840} INFO - DAG(s) 'match_features_pipeline' retrieved from /opt/airflow/dags/prediction_features_pipeline.py
[2026-01-02T21:43:29.194+0000] {logging_mixin.py:188} INFO - [2026-01-02T21:43:29.194+0000] {dag.py:3036} INFO - Sync 1 DAGs
[2026-01-02T21:43:29.217+0000] {logging_mixin.py:188} INFO - [2026-01-02T21:43:29.217+0000] {dag.py:3823} INFO - Setting next_dagrun for match_features_pipeline to 2026-01-02 00:00:00+00:00, run_after=2026-01-03 00:00:00+00:00
[2026-01-02T21:43:29.247+0000] {processor.py:183} INFO - Processing /opt/airflow/dags/prediction_features_pipeline.py took 0.104 seconds
[2026-01-02T21:43:59.582+0000] {processor.py:161} INFO - Started process (PID=32086) to work on /opt/airflow/dags/prediction_features_pipeline.py
[2026-01-02T21:43:59.583+0000] {processor.py:830} INFO - Processing file /opt/airflow/dags/prediction_features_pipeline.py for tasks to queue
[2026-01-02T21:43:59.584+0000] {logging_mixin.py:188} INFO - [2026-01-02T21:43:59.584+0000] {dagbag.py:538} INFO - Filling up the DagBag from /opt/airflow/dags/prediction_features_pipeline.py
[2026-01-02T21:43:59.606+0000] {processor.py:840} INFO - DAG(s) 'match_features_pipeline' retrieved from /opt/airflow/dags/prediction_features_pipeline.py
[2026-01-02T21:43:59.629+0000] {logging_mixin.py:188} INFO - [2026-01-02T21:43:59.629+0000] {dag.py:3036} INFO - Sync 1 DAGs
[2026-01-02T21:43:59.652+0000] {logging_mixin.py:188} INFO - [2026-01-02T21:43:59.652+0000] {dag.py:3823} INFO - Setting next_dagrun for match_features_pipeline to 2026-01-02 00:00:00+00:00, run_after=2026-01-03 00:00:00+00:00
[2026-01-02T21:43:59.682+0000] {processor.py:183} INFO - Processing /opt/airflow/dags/prediction_features_pipeline.py took 0.104 seconds
[2026-01-02T21:44:30.007+0000] {processor.py:161} INFO - Started process (PID=32106) to work on /opt/airflow/dags/prediction_features_pipeline.py
[2026-01-02T21:44:30.008+0000] {processor.py:830} INFO - Processing file /opt/airflow/dags/prediction_features_pipeline.py for tasks to queue
[2026-01-02T21:44:30.009+0000] {logging_mixin.py:188} INFO - [2026-01-02T21:44:30.009+0000] {dagbag.py:538} INFO - Filling up the DagBag from /opt/airflow/dags/prediction_features_pipeline.py
[2026-01-02T21:44:30.033+0000] {processor.py:840} INFO - DAG(s) 'match_features_pipeline' retrieved from /opt/airflow/dags/prediction_features_pipeline.py
[2026-01-02T21:44:30.059+0000] {logging_mixin.py:188} INFO - [2026-01-02T21:44:30.058+0000] {dag.py:3036} INFO - Sync 1 DAGs
[2026-01-02T21:44:30.085+0000] {logging_mixin.py:188} INFO - [2026-01-02T21:44:30.085+0000] {dag.py:3823} INFO - Setting next_dagrun for match_features_pipeline to 2026-01-02 00:00:00+00:00, run_after=2026-01-03 00:00:00+00:00
[2026-01-02T21:44:30.107+0000] {processor.py:183} INFO - Processing /opt/airflow/dags/prediction_features_pipeline.py took 0.104 seconds
[2026-01-02T21:45:00.436+0000] {processor.py:161} INFO - Started process (PID=32126) to work on /opt/airflow/dags/prediction_features_pipeline.py
[2026-01-02T21:45:00.438+0000] {processor.py:830} INFO - Processing file /opt/airflow/dags/prediction_features_pipeline.py for tasks to queue
[2026-01-02T21:45:00.439+0000] {logging_mixin.py:188} INFO - [2026-01-02T21:45:00.439+0000] {dagbag.py:538} INFO - Filling up the DagBag from /opt/airflow/dags/prediction_features_pipeline.py
[2026-01-02T21:45:00.463+0000] {processor.py:840} INFO - DAG(s) 'match_features_pipeline' retrieved from /opt/airflow/dags/prediction_features_pipeline.py
[2026-01-02T21:45:00.487+0000] {logging_mixin.py:188} INFO - [2026-01-02T21:45:00.487+0000] {dag.py:3036} INFO - Sync 1 DAGs
[2026-01-02T21:45:00.511+0000] {logging_mixin.py:188} INFO - [2026-01-02T21:45:00.511+0000] {dag.py:3823} INFO - Setting next_dagrun for match_features_pipeline to 2026-01-02 00:00:00+00:00, run_after=2026-01-03 00:00:00+00:00
[2026-01-02T21:45:00.531+0000] {processor.py:183} INFO - Processing /opt/airflow/dags/prediction_features_pipeline.py took 0.099 seconds
[2026-01-02T21:45:30.870+0000] {processor.py:161} INFO - Started process (PID=32146) to work on /opt/airflow/dags/prediction_features_pipeline.py
[2026-01-02T21:45:30.871+0000] {processor.py:830} INFO - Processing file /opt/airflow/dags/prediction_features_pipeline.py for tasks to queue
[2026-01-02T21:45:30.873+0000] {logging_mixin.py:188} INFO - [2026-01-02T21:45:30.872+0000] {dagbag.py:538} INFO - Filling up the DagBag from /opt/airflow/dags/prediction_features_pipeline.py
[2026-01-02T21:45:30.895+0000] {processor.py:840} INFO - DAG(s) 'match_features_pipeline' retrieved from /opt/airflow/dags/prediction_features_pipeline.py
[2026-01-02T21:45:30.918+0000] {logging_mixin.py:188} INFO - [2026-01-02T21:45:30.918+0000] {dag.py:3036} INFO - Sync 1 DAGs
[2026-01-02T21:45:30.942+0000] {logging_mixin.py:188} INFO - [2026-01-02T21:45:30.941+0000] {dag.py:3823} INFO - Setting next_dagrun for match_features_pipeline to 2026-01-02 00:00:00+00:00, run_after=2026-01-03 00:00:00+00:00
[2026-01-02T21:45:30.960+0000] {processor.py:183} INFO - Processing /opt/airflow/dags/prediction_features_pipeline.py took 0.094 seconds
[2026-01-02T21:46:01.283+0000] {processor.py:161} INFO - Started process (PID=32166) to work on /opt/airflow/dags/prediction_features_pipeline.py
[2026-01-02T21:46:01.284+0000] {processor.py:830} INFO - Processing file /opt/airflow/dags/prediction_features_pipeline.py for tasks to queue
[2026-01-02T21:46:01.285+0000] {logging_mixin.py:188} INFO - [2026-01-02T21:46:01.285+0000] {dagbag.py:538} INFO - Filling up the DagBag from /opt/airflow/dags/prediction_features_pipeline.py
[2026-01-02T21:46:01.306+0000] {processor.py:840} INFO - DAG(s) 'match_features_pipeline' retrieved from /opt/airflow/dags/prediction_features_pipeline.py
[2026-01-02T21:46:01.330+0000] {logging_mixin.py:188} INFO - [2026-01-02T21:46:01.329+0000] {dag.py:3036} INFO - Sync 1 DAGs
[2026-01-02T21:46:01.353+0000] {logging_mixin.py:188} INFO - [2026-01-02T21:46:01.352+0000] {dag.py:3823} INFO - Setting next_dagrun for match_features_pipeline to 2026-01-02 00:00:00+00:00, run_after=2026-01-03 00:00:00+00:00
[2026-01-02T21:46:01.372+0000] {processor.py:183} INFO - Processing /opt/airflow/dags/prediction_features_pipeline.py took 0.091 seconds
[2026-01-02T21:46:31.826+0000] {processor.py:161} INFO - Started process (PID=32186) to work on /opt/airflow/dags/prediction_features_pipeline.py
[2026-01-02T21:46:31.827+0000] {processor.py:830} INFO - Processing file /opt/airflow/dags/prediction_features_pipeline.py for tasks to queue
[2026-01-02T21:46:31.828+0000] {logging_mixin.py:188} INFO - [2026-01-02T21:46:31.827+0000] {dagbag.py:538} INFO - Filling up the DagBag from /opt/airflow/dags/prediction_features_pipeline.py
[2026-01-02T21:46:31.849+0000] {processor.py:840} INFO - DAG(s) 'match_features_pipeline' retrieved from /opt/airflow/dags/prediction_features_pipeline.py
[2026-01-02T21:46:31.873+0000] {logging_mixin.py:188} INFO - [2026-01-02T21:46:31.873+0000] {dag.py:3036} INFO - Sync 1 DAGs
[2026-01-02T21:46:31.898+0000] {logging_mixin.py:188} INFO - [2026-01-02T21:46:31.897+0000] {dag.py:3823} INFO - Setting next_dagrun for match_features_pipeline to 2026-01-02 00:00:00+00:00, run_after=2026-01-03 00:00:00+00:00
[2026-01-02T21:46:31.920+0000] {processor.py:183} INFO - Processing /opt/airflow/dags/prediction_features_pipeline.py took 0.097 seconds
[2026-01-02T21:47:02.244+0000] {processor.py:161} INFO - Started process (PID=32206) to work on /opt/airflow/dags/prediction_features_pipeline.py
[2026-01-02T21:47:02.245+0000] {processor.py:830} INFO - Processing file /opt/airflow/dags/prediction_features_pipeline.py for tasks to queue
[2026-01-02T21:47:02.246+0000] {logging_mixin.py:188} INFO - [2026-01-02T21:47:02.246+0000] {dagbag.py:538} INFO - Filling up the DagBag from /opt/airflow/dags/prediction_features_pipeline.py
[2026-01-02T21:47:02.269+0000] {processor.py:840} INFO - DAG(s) 'match_features_pipeline' retrieved from /opt/airflow/dags/prediction_features_pipeline.py
[2026-01-02T21:47:02.293+0000] {logging_mixin.py:188} INFO - [2026-01-02T21:47:02.293+0000] {dag.py:3036} INFO - Sync 1 DAGs
[2026-01-02T21:47:02.316+0000] {logging_mixin.py:188} INFO - [2026-01-02T21:47:02.316+0000] {dag.py:3823} INFO - Setting next_dagrun for match_features_pipeline to 2026-01-02 00:00:00+00:00, run_after=2026-01-03 00:00:00+00:00
[2026-01-02T21:47:02.335+0000] {processor.py:183} INFO - Processing /opt/airflow/dags/prediction_features_pipeline.py took 0.095 seconds
[2026-01-02T21:47:32.684+0000] {processor.py:161} INFO - Started process (PID=32226) to work on /opt/airflow/dags/prediction_features_pipeline.py
[2026-01-02T21:47:32.685+0000] {processor.py:830} INFO - Processing file /opt/airflow/dags/prediction_features_pipeline.py for tasks to queue
[2026-01-02T21:47:32.686+0000] {logging_mixin.py:188} INFO - [2026-01-02T21:47:32.686+0000] {dagbag.py:538} INFO - Filling up the DagBag from /opt/airflow/dags/prediction_features_pipeline.py
[2026-01-02T21:47:32.707+0000] {processor.py:840} INFO - DAG(s) 'match_features_pipeline' retrieved from /opt/airflow/dags/prediction_features_pipeline.py
[2026-01-02T21:47:32.730+0000] {logging_mixin.py:188} INFO - [2026-01-02T21:47:32.730+0000] {dag.py:3036} INFO - Sync 1 DAGs
[2026-01-02T21:47:32.755+0000] {logging_mixin.py:188} INFO - [2026-01-02T21:47:32.754+0000] {dag.py:3823} INFO - Setting next_dagrun for match_features_pipeline to 2026-01-02 00:00:00+00:00, run_after=2026-01-03 00:00:00+00:00
[2026-01-02T21:47:32.781+0000] {processor.py:183} INFO - Processing /opt/airflow/dags/prediction_features_pipeline.py took 0.102 seconds
[2026-01-02T21:48:03.170+0000] {processor.py:161} INFO - Started process (PID=32246) to work on /opt/airflow/dags/prediction_features_pipeline.py
[2026-01-02T21:48:03.171+0000] {processor.py:830} INFO - Processing file /opt/airflow/dags/prediction_features_pipeline.py for tasks to queue
[2026-01-02T21:48:03.172+0000] {logging_mixin.py:188} INFO - [2026-01-02T21:48:03.172+0000] {dagbag.py:538} INFO - Filling up the DagBag from /opt/airflow/dags/prediction_features_pipeline.py
[2026-01-02T21:48:03.193+0000] {processor.py:840} INFO - DAG(s) 'match_features_pipeline' retrieved from /opt/airflow/dags/prediction_features_pipeline.py
[2026-01-02T21:48:03.217+0000] {logging_mixin.py:188} INFO - [2026-01-02T21:48:03.217+0000] {dag.py:3036} INFO - Sync 1 DAGs
[2026-01-02T21:48:03.241+0000] {logging_mixin.py:188} INFO - [2026-01-02T21:48:03.241+0000] {dag.py:3823} INFO - Setting next_dagrun for match_features_pipeline to 2026-01-02 00:00:00+00:00, run_after=2026-01-03 00:00:00+00:00
[2026-01-02T21:48:03.260+0000] {processor.py:183} INFO - Processing /opt/airflow/dags/prediction_features_pipeline.py took 0.093 seconds
[2026-01-02T21:48:33.596+0000] {processor.py:161} INFO - Started process (PID=32266) to work on /opt/airflow/dags/prediction_features_pipeline.py
[2026-01-02T21:48:33.597+0000] {processor.py:830} INFO - Processing file /opt/airflow/dags/prediction_features_pipeline.py for tasks to queue
[2026-01-02T21:48:33.598+0000] {logging_mixin.py:188} INFO - [2026-01-02T21:48:33.598+0000] {dagbag.py:538} INFO - Filling up the DagBag from /opt/airflow/dags/prediction_features_pipeline.py
[2026-01-02T21:48:33.619+0000] {processor.py:840} INFO - DAG(s) 'match_features_pipeline' retrieved from /opt/airflow/dags/prediction_features_pipeline.py
[2026-01-02T21:48:33.642+0000] {logging_mixin.py:188} INFO - [2026-01-02T21:48:33.641+0000] {dag.py:3036} INFO - Sync 1 DAGs
[2026-01-02T21:48:33.664+0000] {logging_mixin.py:188} INFO - [2026-01-02T21:48:33.664+0000] {dag.py:3823} INFO - Setting next_dagrun for match_features_pipeline to 2026-01-02 00:00:00+00:00, run_after=2026-01-03 00:00:00+00:00
[2026-01-02T21:48:33.683+0000] {processor.py:183} INFO - Processing /opt/airflow/dags/prediction_features_pipeline.py took 0.090 seconds
[2026-01-02T21:49:04.031+0000] {processor.py:161} INFO - Started process (PID=32286) to work on /opt/airflow/dags/prediction_features_pipeline.py
[2026-01-02T21:49:04.032+0000] {processor.py:830} INFO - Processing file /opt/airflow/dags/prediction_features_pipeline.py for tasks to queue
[2026-01-02T21:49:04.033+0000] {logging_mixin.py:188} INFO - [2026-01-02T21:49:04.033+0000] {dagbag.py:538} INFO - Filling up the DagBag from /opt/airflow/dags/prediction_features_pipeline.py
[2026-01-02T21:49:04.055+0000] {processor.py:840} INFO - DAG(s) 'match_features_pipeline' retrieved from /opt/airflow/dags/prediction_features_pipeline.py
[2026-01-02T21:49:04.077+0000] {logging_mixin.py:188} INFO - [2026-01-02T21:49:04.077+0000] {dag.py:3036} INFO - Sync 1 DAGs
[2026-01-02T21:49:04.100+0000] {logging_mixin.py:188} INFO - [2026-01-02T21:49:04.100+0000] {dag.py:3823} INFO - Setting next_dagrun for match_features_pipeline to 2026-01-02 00:00:00+00:00, run_after=2026-01-03 00:00:00+00:00
[2026-01-02T21:49:04.123+0000] {processor.py:183} INFO - Processing /opt/airflow/dags/prediction_features_pipeline.py took 0.096 seconds
[2026-01-02T21:49:34.464+0000] {processor.py:161} INFO - Started process (PID=32306) to work on /opt/airflow/dags/prediction_features_pipeline.py
[2026-01-02T21:49:34.465+0000] {processor.py:830} INFO - Processing file /opt/airflow/dags/prediction_features_pipeline.py for tasks to queue
[2026-01-02T21:49:34.466+0000] {logging_mixin.py:188} INFO - [2026-01-02T21:49:34.466+0000] {dagbag.py:538} INFO - Filling up the DagBag from /opt/airflow/dags/prediction_features_pipeline.py
[2026-01-02T21:49:34.488+0000] {processor.py:840} INFO - DAG(s) 'match_features_pipeline' retrieved from /opt/airflow/dags/prediction_features_pipeline.py
[2026-01-02T21:49:34.511+0000] {logging_mixin.py:188} INFO - [2026-01-02T21:49:34.511+0000] {dag.py:3036} INFO - Sync 1 DAGs
[2026-01-02T21:49:34.534+0000] {logging_mixin.py:188} INFO - [2026-01-02T21:49:34.534+0000] {dag.py:3823} INFO - Setting next_dagrun for match_features_pipeline to 2026-01-02 00:00:00+00:00, run_after=2026-01-03 00:00:00+00:00
[2026-01-02T21:49:34.558+0000] {processor.py:183} INFO - Processing /opt/airflow/dags/prediction_features_pipeline.py took 0.098 seconds
[2026-01-02T21:50:04.888+0000] {processor.py:161} INFO - Started process (PID=32326) to work on /opt/airflow/dags/prediction_features_pipeline.py
[2026-01-02T21:50:04.889+0000] {processor.py:830} INFO - Processing file /opt/airflow/dags/prediction_features_pipeline.py for tasks to queue
[2026-01-02T21:50:04.892+0000] {logging_mixin.py:188} INFO - [2026-01-02T21:50:04.892+0000] {dagbag.py:538} INFO - Filling up the DagBag from /opt/airflow/dags/prediction_features_pipeline.py
[2026-01-02T21:50:04.912+0000] {processor.py:840} INFO - DAG(s) 'match_features_pipeline' retrieved from /opt/airflow/dags/prediction_features_pipeline.py
[2026-01-02T21:50:04.936+0000] {logging_mixin.py:188} INFO - [2026-01-02T21:50:04.936+0000] {dag.py:3036} INFO - Sync 1 DAGs
[2026-01-02T21:50:04.960+0000] {logging_mixin.py:188} INFO - [2026-01-02T21:50:04.959+0000] {dag.py:3823} INFO - Setting next_dagrun for match_features_pipeline to 2026-01-02 00:00:00+00:00, run_after=2026-01-03 00:00:00+00:00
[2026-01-02T21:50:04.982+0000] {processor.py:183} INFO - Processing /opt/airflow/dags/prediction_features_pipeline.py took 0.098 seconds
[2026-01-02T21:50:35.291+0000] {processor.py:161} INFO - Started process (PID=32346) to work on /opt/airflow/dags/prediction_features_pipeline.py
[2026-01-02T21:50:35.292+0000] {processor.py:830} INFO - Processing file /opt/airflow/dags/prediction_features_pipeline.py for tasks to queue
[2026-01-02T21:50:35.294+0000] {logging_mixin.py:188} INFO - [2026-01-02T21:50:35.293+0000] {dagbag.py:538} INFO - Filling up the DagBag from /opt/airflow/dags/prediction_features_pipeline.py
[2026-01-02T21:50:35.314+0000] {processor.py:840} INFO - DAG(s) 'match_features_pipeline' retrieved from /opt/airflow/dags/prediction_features_pipeline.py
[2026-01-02T21:50:35.336+0000] {logging_mixin.py:188} INFO - [2026-01-02T21:50:35.336+0000] {dag.py:3036} INFO - Sync 1 DAGs
[2026-01-02T21:50:35.360+0000] {logging_mixin.py:188} INFO - [2026-01-02T21:50:35.360+0000] {dag.py:3823} INFO - Setting next_dagrun for match_features_pipeline to 2026-01-02 00:00:00+00:00, run_after=2026-01-03 00:00:00+00:00
[2026-01-02T21:50:35.384+0000] {processor.py:183} INFO - Processing /opt/airflow/dags/prediction_features_pipeline.py took 0.097 seconds
[2026-01-02T21:51:05.713+0000] {processor.py:161} INFO - Started process (PID=32366) to work on /opt/airflow/dags/prediction_features_pipeline.py
[2026-01-02T21:51:05.715+0000] {processor.py:830} INFO - Processing file /opt/airflow/dags/prediction_features_pipeline.py for tasks to queue
[2026-01-02T21:51:05.716+0000] {logging_mixin.py:188} INFO - [2026-01-02T21:51:05.716+0000] {dagbag.py:538} INFO - Filling up the DagBag from /opt/airflow/dags/prediction_features_pipeline.py
[2026-01-02T21:51:05.737+0000] {processor.py:840} INFO - DAG(s) 'match_features_pipeline' retrieved from /opt/airflow/dags/prediction_features_pipeline.py
[2026-01-02T21:51:05.762+0000] {logging_mixin.py:188} INFO - [2026-01-02T21:51:05.762+0000] {dag.py:3036} INFO - Sync 1 DAGs
[2026-01-02T21:51:05.786+0000] {logging_mixin.py:188} INFO - [2026-01-02T21:51:05.785+0000] {dag.py:3823} INFO - Setting next_dagrun for match_features_pipeline to 2026-01-02 00:00:00+00:00, run_after=2026-01-03 00:00:00+00:00
[2026-01-02T21:51:05.807+0000] {processor.py:183} INFO - Processing /opt/airflow/dags/prediction_features_pipeline.py took 0.097 seconds
[2026-01-02T21:51:36.146+0000] {processor.py:161} INFO - Started process (PID=32386) to work on /opt/airflow/dags/prediction_features_pipeline.py
[2026-01-02T21:51:36.148+0000] {processor.py:830} INFO - Processing file /opt/airflow/dags/prediction_features_pipeline.py for tasks to queue
[2026-01-02T21:51:36.149+0000] {logging_mixin.py:188} INFO - [2026-01-02T21:51:36.148+0000] {dagbag.py:538} INFO - Filling up the DagBag from /opt/airflow/dags/prediction_features_pipeline.py
[2026-01-02T21:51:36.171+0000] {processor.py:840} INFO - DAG(s) 'match_features_pipeline' retrieved from /opt/airflow/dags/prediction_features_pipeline.py
[2026-01-02T21:51:36.196+0000] {logging_mixin.py:188} INFO - [2026-01-02T21:51:36.195+0000] {dag.py:3036} INFO - Sync 1 DAGs
[2026-01-02T21:51:36.219+0000] {logging_mixin.py:188} INFO - [2026-01-02T21:51:36.219+0000] {dag.py:3823} INFO - Setting next_dagrun for match_features_pipeline to 2026-01-02 00:00:00+00:00, run_after=2026-01-03 00:00:00+00:00
[2026-01-02T21:51:36.238+0000] {processor.py:183} INFO - Processing /opt/airflow/dags/prediction_features_pipeline.py took 0.096 seconds
[2026-01-02T21:52:06.554+0000] {processor.py:161} INFO - Started process (PID=32406) to work on /opt/airflow/dags/prediction_features_pipeline.py
[2026-01-02T21:52:06.556+0000] {processor.py:830} INFO - Processing file /opt/airflow/dags/prediction_features_pipeline.py for tasks to queue
[2026-01-02T21:52:06.557+0000] {logging_mixin.py:188} INFO - [2026-01-02T21:52:06.557+0000] {dagbag.py:538} INFO - Filling up the DagBag from /opt/airflow/dags/prediction_features_pipeline.py
[2026-01-02T21:52:06.578+0000] {processor.py:840} INFO - DAG(s) 'match_features_pipeline' retrieved from /opt/airflow/dags/prediction_features_pipeline.py
[2026-01-02T21:52:06.603+0000] {logging_mixin.py:188} INFO - [2026-01-02T21:52:06.602+0000] {dag.py:3036} INFO - Sync 1 DAGs
[2026-01-02T21:52:06.628+0000] {logging_mixin.py:188} INFO - [2026-01-02T21:52:06.627+0000] {dag.py:3823} INFO - Setting next_dagrun for match_features_pipeline to 2026-01-02 00:00:00+00:00, run_after=2026-01-03 00:00:00+00:00
[2026-01-02T21:52:06.648+0000] {processor.py:183} INFO - Processing /opt/airflow/dags/prediction_features_pipeline.py took 0.097 seconds
[2026-01-02T21:52:37.059+0000] {processor.py:161} INFO - Started process (PID=32426) to work on /opt/airflow/dags/prediction_features_pipeline.py
[2026-01-02T21:52:37.060+0000] {processor.py:830} INFO - Processing file /opt/airflow/dags/prediction_features_pipeline.py for tasks to queue
[2026-01-02T21:52:37.061+0000] {logging_mixin.py:188} INFO - [2026-01-02T21:52:37.061+0000] {dagbag.py:538} INFO - Filling up the DagBag from /opt/airflow/dags/prediction_features_pipeline.py
[2026-01-02T21:52:37.083+0000] {processor.py:840} INFO - DAG(s) 'match_features_pipeline' retrieved from /opt/airflow/dags/prediction_features_pipeline.py
[2026-01-02T21:52:37.106+0000] {logging_mixin.py:188} INFO - [2026-01-02T21:52:37.106+0000] {dag.py:3036} INFO - Sync 1 DAGs
[2026-01-02T21:52:37.129+0000] {logging_mixin.py:188} INFO - [2026-01-02T21:52:37.129+0000] {dag.py:3823} INFO - Setting next_dagrun for match_features_pipeline to 2026-01-02 00:00:00+00:00, run_after=2026-01-03 00:00:00+00:00
[2026-01-02T21:52:37.156+0000] {processor.py:183} INFO - Processing /opt/airflow/dags/prediction_features_pipeline.py took 0.101 seconds
[2026-01-02T21:53:07.483+0000] {processor.py:161} INFO - Started process (PID=32446) to work on /opt/airflow/dags/prediction_features_pipeline.py
[2026-01-02T21:53:07.484+0000] {processor.py:830} INFO - Processing file /opt/airflow/dags/prediction_features_pipeline.py for tasks to queue
[2026-01-02T21:53:07.486+0000] {logging_mixin.py:188} INFO - [2026-01-02T21:53:07.486+0000] {dagbag.py:538} INFO - Filling up the DagBag from /opt/airflow/dags/prediction_features_pipeline.py
[2026-01-02T21:53:07.507+0000] {processor.py:840} INFO - DAG(s) 'match_features_pipeline' retrieved from /opt/airflow/dags/prediction_features_pipeline.py
[2026-01-02T21:53:07.530+0000] {logging_mixin.py:188} INFO - [2026-01-02T21:53:07.530+0000] {dag.py:3036} INFO - Sync 1 DAGs
[2026-01-02T21:53:07.554+0000] {logging_mixin.py:188} INFO - [2026-01-02T21:53:07.553+0000] {dag.py:3823} INFO - Setting next_dagrun for match_features_pipeline to 2026-01-02 00:00:00+00:00, run_after=2026-01-03 00:00:00+00:00
[2026-01-02T21:53:07.578+0000] {processor.py:183} INFO - Processing /opt/airflow/dags/prediction_features_pipeline.py took 0.099 seconds
[2026-01-02T21:53:37.921+0000] {processor.py:161} INFO - Started process (PID=32466) to work on /opt/airflow/dags/prediction_features_pipeline.py
[2026-01-02T21:53:37.923+0000] {processor.py:830} INFO - Processing file /opt/airflow/dags/prediction_features_pipeline.py for tasks to queue
[2026-01-02T21:53:37.924+0000] {logging_mixin.py:188} INFO - [2026-01-02T21:53:37.923+0000] {dagbag.py:538} INFO - Filling up the DagBag from /opt/airflow/dags/prediction_features_pipeline.py
[2026-01-02T21:53:37.945+0000] {processor.py:840} INFO - DAG(s) 'match_features_pipeline' retrieved from /opt/airflow/dags/prediction_features_pipeline.py
[2026-01-02T21:53:37.970+0000] {logging_mixin.py:188} INFO - [2026-01-02T21:53:37.969+0000] {dag.py:3036} INFO - Sync 1 DAGs
[2026-01-02T21:53:37.994+0000] {logging_mixin.py:188} INFO - [2026-01-02T21:53:37.994+0000] {dag.py:3823} INFO - Setting next_dagrun for match_features_pipeline to 2026-01-02 00:00:00+00:00, run_after=2026-01-03 00:00:00+00:00
[2026-01-02T21:53:38.027+0000] {processor.py:183} INFO - Processing /opt/airflow/dags/prediction_features_pipeline.py took 0.109 seconds
[2026-01-02T21:54:08.456+0000] {processor.py:161} INFO - Started process (PID=32486) to work on /opt/airflow/dags/prediction_features_pipeline.py
[2026-01-02T21:54:08.457+0000] {processor.py:830} INFO - Processing file /opt/airflow/dags/prediction_features_pipeline.py for tasks to queue
[2026-01-02T21:54:08.458+0000] {logging_mixin.py:188} INFO - [2026-01-02T21:54:08.458+0000] {dagbag.py:538} INFO - Filling up the DagBag from /opt/airflow/dags/prediction_features_pipeline.py
[2026-01-02T21:54:08.479+0000] {processor.py:840} INFO - DAG(s) 'match_features_pipeline' retrieved from /opt/airflow/dags/prediction_features_pipeline.py
[2026-01-02T21:54:08.502+0000] {logging_mixin.py:188} INFO - [2026-01-02T21:54:08.502+0000] {dag.py:3036} INFO - Sync 1 DAGs
[2026-01-02T21:54:08.525+0000] {logging_mixin.py:188} INFO - [2026-01-02T21:54:08.525+0000] {dag.py:3823} INFO - Setting next_dagrun for match_features_pipeline to 2026-01-02 00:00:00+00:00, run_after=2026-01-03 00:00:00+00:00
[2026-01-02T21:54:08.544+0000] {processor.py:183} INFO - Processing /opt/airflow/dags/prediction_features_pipeline.py took 0.092 seconds
[2026-01-02T21:54:38.896+0000] {processor.py:161} INFO - Started process (PID=32506) to work on /opt/airflow/dags/prediction_features_pipeline.py
[2026-01-02T21:54:38.897+0000] {processor.py:830} INFO - Processing file /opt/airflow/dags/prediction_features_pipeline.py for tasks to queue
[2026-01-02T21:54:38.898+0000] {logging_mixin.py:188} INFO - [2026-01-02T21:54:38.897+0000] {dagbag.py:538} INFO - Filling up the DagBag from /opt/airflow/dags/prediction_features_pipeline.py
[2026-01-02T21:54:38.919+0000] {processor.py:840} INFO - DAG(s) 'match_features_pipeline' retrieved from /opt/airflow/dags/prediction_features_pipeline.py
[2026-01-02T21:54:38.942+0000] {logging_mixin.py:188} INFO - [2026-01-02T21:54:38.941+0000] {dag.py:3036} INFO - Sync 1 DAGs
[2026-01-02T21:54:38.965+0000] {logging_mixin.py:188} INFO - [2026-01-02T21:54:38.965+0000] {dag.py:3823} INFO - Setting next_dagrun for match_features_pipeline to 2026-01-02 00:00:00+00:00, run_after=2026-01-03 00:00:00+00:00
[2026-01-02T21:54:38.988+0000] {processor.py:183} INFO - Processing /opt/airflow/dags/prediction_features_pipeline.py took 0.095 seconds
[2026-01-02T21:55:09.332+0000] {processor.py:161} INFO - Started process (PID=32526) to work on /opt/airflow/dags/prediction_features_pipeline.py
[2026-01-02T21:55:09.334+0000] {processor.py:830} INFO - Processing file /opt/airflow/dags/prediction_features_pipeline.py for tasks to queue
[2026-01-02T21:55:09.335+0000] {logging_mixin.py:188} INFO - [2026-01-02T21:55:09.335+0000] {dagbag.py:538} INFO - Filling up the DagBag from /opt/airflow/dags/prediction_features_pipeline.py
[2026-01-02T21:55:09.356+0000] {processor.py:840} INFO - DAG(s) 'match_features_pipeline' retrieved from /opt/airflow/dags/prediction_features_pipeline.py
[2026-01-02T21:55:09.377+0000] {logging_mixin.py:188} INFO - [2026-01-02T21:55:09.377+0000] {dag.py:3036} INFO - Sync 1 DAGs
[2026-01-02T21:55:09.401+0000] {logging_mixin.py:188} INFO - [2026-01-02T21:55:09.401+0000] {dag.py:3823} INFO - Setting next_dagrun for match_features_pipeline to 2026-01-02 00:00:00+00:00, run_after=2026-01-03 00:00:00+00:00
[2026-01-02T21:55:09.423+0000] {processor.py:183} INFO - Processing /opt/airflow/dags/prediction_features_pipeline.py took 0.095 seconds
[2026-01-02T21:55:39.775+0000] {processor.py:161} INFO - Started process (PID=32546) to work on /opt/airflow/dags/prediction_features_pipeline.py
[2026-01-02T21:55:39.777+0000] {processor.py:830} INFO - Processing file /opt/airflow/dags/prediction_features_pipeline.py for tasks to queue
[2026-01-02T21:55:39.778+0000] {logging_mixin.py:188} INFO - [2026-01-02T21:55:39.777+0000] {dagbag.py:538} INFO - Filling up the DagBag from /opt/airflow/dags/prediction_features_pipeline.py
[2026-01-02T21:55:39.799+0000] {processor.py:840} INFO - DAG(s) 'match_features_pipeline' retrieved from /opt/airflow/dags/prediction_features_pipeline.py
[2026-01-02T21:55:39.822+0000] {logging_mixin.py:188} INFO - [2026-01-02T21:55:39.821+0000] {dag.py:3036} INFO - Sync 1 DAGs
[2026-01-02T21:55:39.845+0000] {logging_mixin.py:188} INFO - [2026-01-02T21:55:39.844+0000] {dag.py:3823} INFO - Setting next_dagrun for match_features_pipeline to 2026-01-02 00:00:00+00:00, run_after=2026-01-03 00:00:00+00:00
[2026-01-02T21:55:39.871+0000] {processor.py:183} INFO - Processing /opt/airflow/dags/prediction_features_pipeline.py took 0.099 seconds
[2026-01-02T21:56:10.200+0000] {processor.py:161} INFO - Started process (PID=32566) to work on /opt/airflow/dags/prediction_features_pipeline.py
[2026-01-02T21:56:10.201+0000] {processor.py:830} INFO - Processing file /opt/airflow/dags/prediction_features_pipeline.py for tasks to queue
[2026-01-02T21:56:10.202+0000] {logging_mixin.py:188} INFO - [2026-01-02T21:56:10.202+0000] {dagbag.py:538} INFO - Filling up the DagBag from /opt/airflow/dags/prediction_features_pipeline.py
[2026-01-02T21:56:10.224+0000] {processor.py:840} INFO - DAG(s) 'match_features_pipeline' retrieved from /opt/airflow/dags/prediction_features_pipeline.py
[2026-01-02T21:56:10.247+0000] {logging_mixin.py:188} INFO - [2026-01-02T21:56:10.247+0000] {dag.py:3036} INFO - Sync 1 DAGs
[2026-01-02T21:56:10.272+0000] {logging_mixin.py:188} INFO - [2026-01-02T21:56:10.272+0000] {dag.py:3823} INFO - Setting next_dagrun for match_features_pipeline to 2026-01-02 00:00:00+00:00, run_after=2026-01-03 00:00:00+00:00
[2026-01-02T21:56:10.291+0000] {processor.py:183} INFO - Processing /opt/airflow/dags/prediction_features_pipeline.py took 0.095 seconds
[2026-01-02T21:56:40.628+0000] {processor.py:161} INFO - Started process (PID=32586) to work on /opt/airflow/dags/prediction_features_pipeline.py
[2026-01-02T21:56:40.629+0000] {processor.py:830} INFO - Processing file /opt/airflow/dags/prediction_features_pipeline.py for tasks to queue
[2026-01-02T21:56:40.630+0000] {logging_mixin.py:188} INFO - [2026-01-02T21:56:40.630+0000] {dagbag.py:538} INFO - Filling up the DagBag from /opt/airflow/dags/prediction_features_pipeline.py
[2026-01-02T21:56:40.652+0000] {processor.py:840} INFO - DAG(s) 'match_features_pipeline' retrieved from /opt/airflow/dags/prediction_features_pipeline.py
[2026-01-02T21:56:40.678+0000] {logging_mixin.py:188} INFO - [2026-01-02T21:56:40.678+0000] {dag.py:3036} INFO - Sync 1 DAGs
[2026-01-02T21:56:40.701+0000] {logging_mixin.py:188} INFO - [2026-01-02T21:56:40.701+0000] {dag.py:3823} INFO - Setting next_dagrun for match_features_pipeline to 2026-01-02 00:00:00+00:00, run_after=2026-01-03 00:00:00+00:00
[2026-01-02T21:56:40.720+0000] {processor.py:183} INFO - Processing /opt/airflow/dags/prediction_features_pipeline.py took 0.096 seconds
[2026-01-02T21:57:11.168+0000] {processor.py:161} INFO - Started process (PID=32606) to work on /opt/airflow/dags/prediction_features_pipeline.py
[2026-01-02T21:57:11.169+0000] {processor.py:830} INFO - Processing file /opt/airflow/dags/prediction_features_pipeline.py for tasks to queue
[2026-01-02T21:57:11.170+0000] {logging_mixin.py:188} INFO - [2026-01-02T21:57:11.170+0000] {dagbag.py:538} INFO - Filling up the DagBag from /opt/airflow/dags/prediction_features_pipeline.py
[2026-01-02T21:57:11.191+0000] {processor.py:840} INFO - DAG(s) 'match_features_pipeline' retrieved from /opt/airflow/dags/prediction_features_pipeline.py
[2026-01-02T21:57:11.215+0000] {logging_mixin.py:188} INFO - [2026-01-02T21:57:11.215+0000] {dag.py:3036} INFO - Sync 1 DAGs
[2026-01-02T21:57:11.239+0000] {logging_mixin.py:188} INFO - [2026-01-02T21:57:11.238+0000] {dag.py:3823} INFO - Setting next_dagrun for match_features_pipeline to 2026-01-02 00:00:00+00:00, run_after=2026-01-03 00:00:00+00:00
[2026-01-02T21:57:11.262+0000] {processor.py:183} INFO - Processing /opt/airflow/dags/prediction_features_pipeline.py took 0.099 seconds
[2026-01-02T21:57:41.661+0000] {processor.py:161} INFO - Started process (PID=32626) to work on /opt/airflow/dags/prediction_features_pipeline.py
[2026-01-02T21:57:41.663+0000] {processor.py:830} INFO - Processing file /opt/airflow/dags/prediction_features_pipeline.py for tasks to queue
[2026-01-02T21:57:41.664+0000] {logging_mixin.py:188} INFO - [2026-01-02T21:57:41.664+0000] {dagbag.py:538} INFO - Filling up the DagBag from /opt/airflow/dags/prediction_features_pipeline.py
[2026-01-02T21:57:41.686+0000] {processor.py:840} INFO - DAG(s) 'match_features_pipeline' retrieved from /opt/airflow/dags/prediction_features_pipeline.py
[2026-01-02T21:57:41.710+0000] {logging_mixin.py:188} INFO - [2026-01-02T21:57:41.710+0000] {dag.py:3036} INFO - Sync 1 DAGs
[2026-01-02T21:57:41.734+0000] {logging_mixin.py:188} INFO - [2026-01-02T21:57:41.733+0000] {dag.py:3823} INFO - Setting next_dagrun for match_features_pipeline to 2026-01-02 00:00:00+00:00, run_after=2026-01-03 00:00:00+00:00
[2026-01-02T21:57:41.752+0000] {processor.py:183} INFO - Processing /opt/airflow/dags/prediction_features_pipeline.py took 0.095 seconds
[2026-01-02T21:58:12.202+0000] {processor.py:161} INFO - Started process (PID=32646) to work on /opt/airflow/dags/prediction_features_pipeline.py
[2026-01-02T21:58:12.203+0000] {processor.py:830} INFO - Processing file /opt/airflow/dags/prediction_features_pipeline.py for tasks to queue
[2026-01-02T21:58:12.205+0000] {logging_mixin.py:188} INFO - [2026-01-02T21:58:12.204+0000] {dagbag.py:538} INFO - Filling up the DagBag from /opt/airflow/dags/prediction_features_pipeline.py
[2026-01-02T21:58:12.226+0000] {processor.py:840} INFO - DAG(s) 'match_features_pipeline' retrieved from /opt/airflow/dags/prediction_features_pipeline.py
[2026-01-02T21:58:12.250+0000] {logging_mixin.py:188} INFO - [2026-01-02T21:58:12.250+0000] {dag.py:3036} INFO - Sync 1 DAGs
[2026-01-02T21:58:12.274+0000] {logging_mixin.py:188} INFO - [2026-01-02T21:58:12.273+0000] {dag.py:3823} INFO - Setting next_dagrun for match_features_pipeline to 2026-01-02 00:00:00+00:00, run_after=2026-01-03 00:00:00+00:00
[2026-01-02T21:58:12.293+0000] {processor.py:183} INFO - Processing /opt/airflow/dags/prediction_features_pipeline.py took 0.095 seconds
[2026-01-02T21:58:42.742+0000] {processor.py:161} INFO - Started process (PID=32666) to work on /opt/airflow/dags/prediction_features_pipeline.py
[2026-01-02T21:58:42.743+0000] {processor.py:830} INFO - Processing file /opt/airflow/dags/prediction_features_pipeline.py for tasks to queue
[2026-01-02T21:58:42.744+0000] {logging_mixin.py:188} INFO - [2026-01-02T21:58:42.744+0000] {dagbag.py:538} INFO - Filling up the DagBag from /opt/airflow/dags/prediction_features_pipeline.py
[2026-01-02T21:58:42.765+0000] {processor.py:840} INFO - DAG(s) 'match_features_pipeline' retrieved from /opt/airflow/dags/prediction_features_pipeline.py
[2026-01-02T21:58:42.789+0000] {logging_mixin.py:188} INFO - [2026-01-02T21:58:42.789+0000] {dag.py:3036} INFO - Sync 1 DAGs
[2026-01-02T21:58:42.813+0000] {logging_mixin.py:188} INFO - [2026-01-02T21:58:42.813+0000] {dag.py:3823} INFO - Setting next_dagrun for match_features_pipeline to 2026-01-02 00:00:00+00:00, run_after=2026-01-03 00:00:00+00:00
[2026-01-02T21:58:42.831+0000] {processor.py:183} INFO - Processing /opt/airflow/dags/prediction_features_pipeline.py took 0.093 seconds
[2026-01-02T21:59:13.171+0000] {processor.py:161} INFO - Started process (PID=32686) to work on /opt/airflow/dags/prediction_features_pipeline.py
[2026-01-02T21:59:13.173+0000] {processor.py:830} INFO - Processing file /opt/airflow/dags/prediction_features_pipeline.py for tasks to queue
[2026-01-02T21:59:13.174+0000] {logging_mixin.py:188} INFO - [2026-01-02T21:59:13.174+0000] {dagbag.py:538} INFO - Filling up the DagBag from /opt/airflow/dags/prediction_features_pipeline.py
[2026-01-02T21:59:13.196+0000] {processor.py:840} INFO - DAG(s) 'match_features_pipeline' retrieved from /opt/airflow/dags/prediction_features_pipeline.py
[2026-01-02T21:59:13.221+0000] {logging_mixin.py:188} INFO - [2026-01-02T21:59:13.221+0000] {dag.py:3036} INFO - Sync 1 DAGs
[2026-01-02T21:59:13.246+0000] {logging_mixin.py:188} INFO - [2026-01-02T21:59:13.245+0000] {dag.py:3823} INFO - Setting next_dagrun for match_features_pipeline to 2026-01-02 00:00:00+00:00, run_after=2026-01-03 00:00:00+00:00
[2026-01-02T21:59:13.269+0000] {processor.py:183} INFO - Processing /opt/airflow/dags/prediction_features_pipeline.py took 0.101 seconds
[2026-01-02T21:59:43.574+0000] {processor.py:161} INFO - Started process (PID=32706) to work on /opt/airflow/dags/prediction_features_pipeline.py
[2026-01-02T21:59:43.575+0000] {processor.py:830} INFO - Processing file /opt/airflow/dags/prediction_features_pipeline.py for tasks to queue
[2026-01-02T21:59:43.576+0000] {logging_mixin.py:188} INFO - [2026-01-02T21:59:43.576+0000] {dagbag.py:538} INFO - Filling up the DagBag from /opt/airflow/dags/prediction_features_pipeline.py
[2026-01-02T21:59:43.599+0000] {processor.py:840} INFO - DAG(s) 'match_features_pipeline' retrieved from /opt/airflow/dags/prediction_features_pipeline.py
[2026-01-02T21:59:43.624+0000] {logging_mixin.py:188} INFO - [2026-01-02T21:59:43.624+0000] {dag.py:3036} INFO - Sync 1 DAGs
[2026-01-02T21:59:43.649+0000] {logging_mixin.py:188} INFO - [2026-01-02T21:59:43.649+0000] {dag.py:3823} INFO - Setting next_dagrun for match_features_pipeline to 2026-01-02 00:00:00+00:00, run_after=2026-01-03 00:00:00+00:00
[2026-01-02T21:59:43.671+0000] {processor.py:183} INFO - Processing /opt/airflow/dags/prediction_features_pipeline.py took 0.101 seconds
[2026-01-02T22:00:14.099+0000] {processor.py:161} INFO - Started process (PID=32726) to work on /opt/airflow/dags/prediction_features_pipeline.py
[2026-01-02T22:00:14.100+0000] {processor.py:830} INFO - Processing file /opt/airflow/dags/prediction_features_pipeline.py for tasks to queue
[2026-01-02T22:00:14.101+0000] {logging_mixin.py:188} INFO - [2026-01-02T22:00:14.101+0000] {dagbag.py:538} INFO - Filling up the DagBag from /opt/airflow/dags/prediction_features_pipeline.py
[2026-01-02T22:00:14.123+0000] {processor.py:840} INFO - DAG(s) 'match_features_pipeline' retrieved from /opt/airflow/dags/prediction_features_pipeline.py
[2026-01-02T22:00:14.149+0000] {logging_mixin.py:188} INFO - [2026-01-02T22:00:14.149+0000] {dag.py:3036} INFO - Sync 1 DAGs
[2026-01-02T22:00:14.172+0000] {logging_mixin.py:188} INFO - [2026-01-02T22:00:14.172+0000] {dag.py:3823} INFO - Setting next_dagrun for match_features_pipeline to 2026-01-02 00:00:00+00:00, run_after=2026-01-03 00:00:00+00:00
[2026-01-02T22:00:14.192+0000] {processor.py:183} INFO - Processing /opt/airflow/dags/prediction_features_pipeline.py took 0.097 seconds
[2026-01-02T22:00:44.621+0000] {processor.py:161} INFO - Started process (PID=32746) to work on /opt/airflow/dags/prediction_features_pipeline.py
[2026-01-02T22:00:44.622+0000] {processor.py:830} INFO - Processing file /opt/airflow/dags/prediction_features_pipeline.py for tasks to queue
[2026-01-02T22:00:44.624+0000] {logging_mixin.py:188} INFO - [2026-01-02T22:00:44.623+0000] {dagbag.py:538} INFO - Filling up the DagBag from /opt/airflow/dags/prediction_features_pipeline.py
[2026-01-02T22:00:44.645+0000] {processor.py:840} INFO - DAG(s) 'match_features_pipeline' retrieved from /opt/airflow/dags/prediction_features_pipeline.py
[2026-01-02T22:00:44.669+0000] {logging_mixin.py:188} INFO - [2026-01-02T22:00:44.669+0000] {dag.py:3036} INFO - Sync 1 DAGs
[2026-01-02T22:00:44.693+0000] {logging_mixin.py:188} INFO - [2026-01-02T22:00:44.693+0000] {dag.py:3823} INFO - Setting next_dagrun for match_features_pipeline to 2026-01-02 00:00:00+00:00, run_after=2026-01-03 00:00:00+00:00
[2026-01-02T22:00:44.721+0000] {processor.py:183} INFO - Processing /opt/airflow/dags/prediction_features_pipeline.py took 0.104 seconds
[2026-01-02T22:01:15.038+0000] {processor.py:161} INFO - Started process (PID=32766) to work on /opt/airflow/dags/prediction_features_pipeline.py
[2026-01-02T22:01:15.040+0000] {processor.py:830} INFO - Processing file /opt/airflow/dags/prediction_features_pipeline.py for tasks to queue
[2026-01-02T22:01:15.041+0000] {logging_mixin.py:188} INFO - [2026-01-02T22:01:15.040+0000] {dagbag.py:538} INFO - Filling up the DagBag from /opt/airflow/dags/prediction_features_pipeline.py
[2026-01-02T22:01:15.063+0000] {processor.py:840} INFO - DAG(s) 'match_features_pipeline' retrieved from /opt/airflow/dags/prediction_features_pipeline.py
[2026-01-02T22:01:15.089+0000] {logging_mixin.py:188} INFO - [2026-01-02T22:01:15.089+0000] {dag.py:3036} INFO - Sync 1 DAGs
[2026-01-02T22:01:15.115+0000] {logging_mixin.py:188} INFO - [2026-01-02T22:01:15.115+0000] {dag.py:3823} INFO - Setting next_dagrun for match_features_pipeline to 2026-01-02 00:00:00+00:00, run_after=2026-01-03 00:00:00+00:00
[2026-01-02T22:01:15.136+0000] {processor.py:183} INFO - Processing /opt/airflow/dags/prediction_features_pipeline.py took 0.100 seconds
[2026-01-02T22:01:45.453+0000] {processor.py:161} INFO - Started process (PID=32786) to work on /opt/airflow/dags/prediction_features_pipeline.py
[2026-01-02T22:01:45.454+0000] {processor.py:830} INFO - Processing file /opt/airflow/dags/prediction_features_pipeline.py for tasks to queue
[2026-01-02T22:01:45.455+0000] {logging_mixin.py:188} INFO - [2026-01-02T22:01:45.455+0000] {dagbag.py:538} INFO - Filling up the DagBag from /opt/airflow/dags/prediction_features_pipeline.py
[2026-01-02T22:01:45.478+0000] {processor.py:840} INFO - DAG(s) 'match_features_pipeline' retrieved from /opt/airflow/dags/prediction_features_pipeline.py
[2026-01-02T22:01:45.503+0000] {logging_mixin.py:188} INFO - [2026-01-02T22:01:45.503+0000] {dag.py:3036} INFO - Sync 1 DAGs
[2026-01-02T22:01:45.526+0000] {logging_mixin.py:188} INFO - [2026-01-02T22:01:45.526+0000] {dag.py:3823} INFO - Setting next_dagrun for match_features_pipeline to 2026-01-02 00:00:00+00:00, run_after=2026-01-03 00:00:00+00:00
[2026-01-02T22:01:45.545+0000] {processor.py:183} INFO - Processing /opt/airflow/dags/prediction_features_pipeline.py took 0.096 seconds
[2026-01-02T22:02:15.859+0000] {processor.py:161} INFO - Started process (PID=32806) to work on /opt/airflow/dags/prediction_features_pipeline.py
[2026-01-02T22:02:15.860+0000] {processor.py:830} INFO - Processing file /opt/airflow/dags/prediction_features_pipeline.py for tasks to queue
[2026-01-02T22:02:15.861+0000] {logging_mixin.py:188} INFO - [2026-01-02T22:02:15.861+0000] {dagbag.py:538} INFO - Filling up the DagBag from /opt/airflow/dags/prediction_features_pipeline.py
[2026-01-02T22:02:15.885+0000] {processor.py:840} INFO - DAG(s) 'match_features_pipeline' retrieved from /opt/airflow/dags/prediction_features_pipeline.py
[2026-01-02T22:02:15.911+0000] {logging_mixin.py:188} INFO - [2026-01-02T22:02:15.911+0000] {dag.py:3036} INFO - Sync 1 DAGs
[2026-01-02T22:02:15.936+0000] {logging_mixin.py:188} INFO - [2026-01-02T22:02:15.936+0000] {dag.py:3823} INFO - Setting next_dagrun for match_features_pipeline to 2026-01-02 00:00:00+00:00, run_after=2026-01-03 00:00:00+00:00
[2026-01-02T22:02:15.959+0000] {processor.py:183} INFO - Processing /opt/airflow/dags/prediction_features_pipeline.py took 0.103 seconds
[2026-01-02T22:02:46.331+0000] {processor.py:161} INFO - Started process (PID=32826) to work on /opt/airflow/dags/prediction_features_pipeline.py
[2026-01-02T22:02:46.333+0000] {processor.py:830} INFO - Processing file /opt/airflow/dags/prediction_features_pipeline.py for tasks to queue
[2026-01-02T22:02:46.334+0000] {logging_mixin.py:188} INFO - [2026-01-02T22:02:46.333+0000] {dagbag.py:538} INFO - Filling up the DagBag from /opt/airflow/dags/prediction_features_pipeline.py
[2026-01-02T22:02:46.355+0000] {processor.py:840} INFO - DAG(s) 'match_features_pipeline' retrieved from /opt/airflow/dags/prediction_features_pipeline.py
[2026-01-02T22:02:46.379+0000] {logging_mixin.py:188} INFO - [2026-01-02T22:02:46.379+0000] {dag.py:3036} INFO - Sync 1 DAGs
[2026-01-02T22:02:46.403+0000] {logging_mixin.py:188} INFO - [2026-01-02T22:02:46.403+0000] {dag.py:3823} INFO - Setting next_dagrun for match_features_pipeline to 2026-01-02 00:00:00+00:00, run_after=2026-01-03 00:00:00+00:00
[2026-01-02T22:02:46.425+0000] {processor.py:183} INFO - Processing /opt/airflow/dags/prediction_features_pipeline.py took 0.097 seconds
[2026-01-02T22:03:16.750+0000] {processor.py:161} INFO - Started process (PID=32846) to work on /opt/airflow/dags/prediction_features_pipeline.py
[2026-01-02T22:03:16.751+0000] {processor.py:830} INFO - Processing file /opt/airflow/dags/prediction_features_pipeline.py for tasks to queue
[2026-01-02T22:03:16.752+0000] {logging_mixin.py:188} INFO - [2026-01-02T22:03:16.752+0000] {dagbag.py:538} INFO - Filling up the DagBag from /opt/airflow/dags/prediction_features_pipeline.py
[2026-01-02T22:03:16.775+0000] {processor.py:840} INFO - DAG(s) 'match_features_pipeline' retrieved from /opt/airflow/dags/prediction_features_pipeline.py
[2026-01-02T22:03:16.802+0000] {logging_mixin.py:188} INFO - [2026-01-02T22:03:16.801+0000] {dag.py:3036} INFO - Sync 1 DAGs
[2026-01-02T22:03:16.828+0000] {logging_mixin.py:188} INFO - [2026-01-02T22:03:16.828+0000] {dag.py:3823} INFO - Setting next_dagrun for match_features_pipeline to 2026-01-02 00:00:00+00:00, run_after=2026-01-03 00:00:00+00:00
[2026-01-02T22:03:16.849+0000] {processor.py:183} INFO - Processing /opt/airflow/dags/prediction_features_pipeline.py took 0.102 seconds
[2026-01-02T22:03:47.295+0000] {processor.py:161} INFO - Started process (PID=32866) to work on /opt/airflow/dags/prediction_features_pipeline.py
[2026-01-02T22:03:47.296+0000] {processor.py:830} INFO - Processing file /opt/airflow/dags/prediction_features_pipeline.py for tasks to queue
[2026-01-02T22:03:47.297+0000] {logging_mixin.py:188} INFO - [2026-01-02T22:03:47.297+0000] {dagbag.py:538} INFO - Filling up the DagBag from /opt/airflow/dags/prediction_features_pipeline.py
[2026-01-02T22:03:47.319+0000] {processor.py:840} INFO - DAG(s) 'match_features_pipeline' retrieved from /opt/airflow/dags/prediction_features_pipeline.py
[2026-01-02T22:03:47.343+0000] {logging_mixin.py:188} INFO - [2026-01-02T22:03:47.343+0000] {dag.py:3036} INFO - Sync 1 DAGs
[2026-01-02T22:03:47.366+0000] {logging_mixin.py:188} INFO - [2026-01-02T22:03:47.366+0000] {dag.py:3823} INFO - Setting next_dagrun for match_features_pipeline to 2026-01-02 00:00:00+00:00, run_after=2026-01-03 00:00:00+00:00
[2026-01-02T22:03:47.388+0000] {processor.py:183} INFO - Processing /opt/airflow/dags/prediction_features_pipeline.py took 0.097 seconds
[2026-01-02T22:04:17.723+0000] {processor.py:161} INFO - Started process (PID=32886) to work on /opt/airflow/dags/prediction_features_pipeline.py
[2026-01-02T22:04:17.724+0000] {processor.py:830} INFO - Processing file /opt/airflow/dags/prediction_features_pipeline.py for tasks to queue
[2026-01-02T22:04:17.726+0000] {logging_mixin.py:188} INFO - [2026-01-02T22:04:17.725+0000] {dagbag.py:538} INFO - Filling up the DagBag from /opt/airflow/dags/prediction_features_pipeline.py
[2026-01-02T22:04:17.750+0000] {processor.py:840} INFO - DAG(s) 'match_features_pipeline' retrieved from /opt/airflow/dags/prediction_features_pipeline.py
[2026-01-02T22:04:17.774+0000] {logging_mixin.py:188} INFO - [2026-01-02T22:04:17.774+0000] {dag.py:3036} INFO - Sync 1 DAGs
[2026-01-02T22:04:17.799+0000] {logging_mixin.py:188} INFO - [2026-01-02T22:04:17.799+0000] {dag.py:3823} INFO - Setting next_dagrun for match_features_pipeline to 2026-01-02 00:00:00+00:00, run_after=2026-01-03 00:00:00+00:00
[2026-01-02T22:04:17.819+0000] {processor.py:183} INFO - Processing /opt/airflow/dags/prediction_features_pipeline.py took 0.101 seconds
[2026-01-02T22:04:48.121+0000] {processor.py:161} INFO - Started process (PID=32906) to work on /opt/airflow/dags/prediction_features_pipeline.py
[2026-01-02T22:04:48.122+0000] {processor.py:830} INFO - Processing file /opt/airflow/dags/prediction_features_pipeline.py for tasks to queue
[2026-01-02T22:04:48.123+0000] {logging_mixin.py:188} INFO - [2026-01-02T22:04:48.123+0000] {dagbag.py:538} INFO - Filling up the DagBag from /opt/airflow/dags/prediction_features_pipeline.py
[2026-01-02T22:04:48.145+0000] {processor.py:840} INFO - DAG(s) 'match_features_pipeline' retrieved from /opt/airflow/dags/prediction_features_pipeline.py
[2026-01-02T22:04:48.169+0000] {logging_mixin.py:188} INFO - [2026-01-02T22:04:48.169+0000] {dag.py:3036} INFO - Sync 1 DAGs
[2026-01-02T22:04:48.192+0000] {logging_mixin.py:188} INFO - [2026-01-02T22:04:48.192+0000] {dag.py:3823} INFO - Setting next_dagrun for match_features_pipeline to 2026-01-02 00:00:00+00:00, run_after=2026-01-03 00:00:00+00:00
[2026-01-02T22:04:48.218+0000] {processor.py:183} INFO - Processing /opt/airflow/dags/prediction_features_pipeline.py took 0.101 seconds
[2026-01-02T22:05:18.558+0000] {processor.py:161} INFO - Started process (PID=32926) to work on /opt/airflow/dags/prediction_features_pipeline.py
[2026-01-02T22:05:18.559+0000] {processor.py:830} INFO - Processing file /opt/airflow/dags/prediction_features_pipeline.py for tasks to queue
[2026-01-02T22:05:18.561+0000] {logging_mixin.py:188} INFO - [2026-01-02T22:05:18.560+0000] {dagbag.py:538} INFO - Filling up the DagBag from /opt/airflow/dags/prediction_features_pipeline.py
[2026-01-02T22:05:18.582+0000] {processor.py:840} INFO - DAG(s) 'match_features_pipeline' retrieved from /opt/airflow/dags/prediction_features_pipeline.py
[2026-01-02T22:05:18.606+0000] {logging_mixin.py:188} INFO - [2026-01-02T22:05:18.606+0000] {dag.py:3036} INFO - Sync 1 DAGs
[2026-01-02T22:05:18.629+0000] {logging_mixin.py:188} INFO - [2026-01-02T22:05:18.629+0000] {dag.py:3823} INFO - Setting next_dagrun for match_features_pipeline to 2026-01-02 00:00:00+00:00, run_after=2026-01-03 00:00:00+00:00
[2026-01-02T22:05:18.660+0000] {processor.py:183} INFO - Processing /opt/airflow/dags/prediction_features_pipeline.py took 0.107 seconds
[2026-01-02T22:05:48.995+0000] {processor.py:161} INFO - Started process (PID=32946) to work on /opt/airflow/dags/prediction_features_pipeline.py
[2026-01-02T22:05:48.996+0000] {processor.py:830} INFO - Processing file /opt/airflow/dags/prediction_features_pipeline.py for tasks to queue
[2026-01-02T22:05:48.997+0000] {logging_mixin.py:188} INFO - [2026-01-02T22:05:48.997+0000] {dagbag.py:538} INFO - Filling up the DagBag from /opt/airflow/dags/prediction_features_pipeline.py
[2026-01-02T22:05:49.019+0000] {processor.py:840} INFO - DAG(s) 'match_features_pipeline' retrieved from /opt/airflow/dags/prediction_features_pipeline.py
[2026-01-02T22:05:49.042+0000] {logging_mixin.py:188} INFO - [2026-01-02T22:05:49.042+0000] {dag.py:3036} INFO - Sync 1 DAGs
[2026-01-02T22:05:49.065+0000] {logging_mixin.py:188} INFO - [2026-01-02T22:05:49.065+0000] {dag.py:3823} INFO - Setting next_dagrun for match_features_pipeline to 2026-01-02 00:00:00+00:00, run_after=2026-01-03 00:00:00+00:00
[2026-01-02T22:05:49.089+0000] {processor.py:183} INFO - Processing /opt/airflow/dags/prediction_features_pipeline.py took 0.098 seconds
[2026-01-02T22:06:19.422+0000] {processor.py:161} INFO - Started process (PID=32966) to work on /opt/airflow/dags/prediction_features_pipeline.py
[2026-01-02T22:06:19.423+0000] {processor.py:830} INFO - Processing file /opt/airflow/dags/prediction_features_pipeline.py for tasks to queue
[2026-01-02T22:06:19.425+0000] {logging_mixin.py:188} INFO - [2026-01-02T22:06:19.424+0000] {dagbag.py:538} INFO - Filling up the DagBag from /opt/airflow/dags/prediction_features_pipeline.py
[2026-01-02T22:06:19.446+0000] {processor.py:840} INFO - DAG(s) 'match_features_pipeline' retrieved from /opt/airflow/dags/prediction_features_pipeline.py
[2026-01-02T22:06:19.470+0000] {logging_mixin.py:188} INFO - [2026-01-02T22:06:19.469+0000] {dag.py:3036} INFO - Sync 1 DAGs
[2026-01-02T22:06:19.493+0000] {logging_mixin.py:188} INFO - [2026-01-02T22:06:19.492+0000] {dag.py:3823} INFO - Setting next_dagrun for match_features_pipeline to 2026-01-02 00:00:00+00:00, run_after=2026-01-03 00:00:00+00:00
[2026-01-02T22:06:19.511+0000] {processor.py:183} INFO - Processing /opt/airflow/dags/prediction_features_pipeline.py took 0.093 seconds
[2026-01-02T22:06:49.951+0000] {processor.py:161} INFO - Started process (PID=32986) to work on /opt/airflow/dags/prediction_features_pipeline.py
[2026-01-02T22:06:49.953+0000] {processor.py:830} INFO - Processing file /opt/airflow/dags/prediction_features_pipeline.py for tasks to queue
[2026-01-02T22:06:49.954+0000] {logging_mixin.py:188} INFO - [2026-01-02T22:06:49.953+0000] {dagbag.py:538} INFO - Filling up the DagBag from /opt/airflow/dags/prediction_features_pipeline.py
[2026-01-02T22:06:49.978+0000] {processor.py:840} INFO - DAG(s) 'match_features_pipeline' retrieved from /opt/airflow/dags/prediction_features_pipeline.py
[2026-01-02T22:06:50.005+0000] {logging_mixin.py:188} INFO - [2026-01-02T22:06:50.005+0000] {dag.py:3036} INFO - Sync 1 DAGs
[2026-01-02T22:06:50.032+0000] {logging_mixin.py:188} INFO - [2026-01-02T22:06:50.031+0000] {dag.py:3823} INFO - Setting next_dagrun for match_features_pipeline to 2026-01-02 00:00:00+00:00, run_after=2026-01-03 00:00:00+00:00
[2026-01-02T22:06:50.052+0000] {processor.py:183} INFO - Processing /opt/airflow/dags/prediction_features_pipeline.py took 0.106 seconds
[2026-01-02T22:07:21.404+0000] {processor.py:161} INFO - Started process (PID=33006) to work on /opt/airflow/dags/prediction_features_pipeline.py
[2026-01-02T22:07:21.433+0000] {processor.py:830} INFO - Processing file /opt/airflow/dags/prediction_features_pipeline.py for tasks to queue
[2026-01-02T22:07:21.473+0000] {logging_mixin.py:188} INFO - [2026-01-02T22:07:21.465+0000] {dagbag.py:538} INFO - Filling up the DagBag from /opt/airflow/dags/prediction_features_pipeline.py
[2026-01-02T22:07:22.352+0000] {processor.py:840} INFO - DAG(s) 'match_features_pipeline' retrieved from /opt/airflow/dags/prediction_features_pipeline.py
[2026-01-02T22:07:23.085+0000] {logging_mixin.py:188} INFO - [2026-01-02T22:07:23.082+0000] {dag.py:3036} INFO - Sync 1 DAGs
[2026-01-02T22:07:24.060+0000] {logging_mixin.py:188} INFO - [2026-01-02T22:07:24.048+0000] {dag.py:3823} INFO - Setting next_dagrun for match_features_pipeline to 2026-01-02 00:00:00+00:00, run_after=2026-01-03 00:00:00+00:00
[2026-01-02T22:07:26.068+0000] {processor.py:183} INFO - Processing /opt/airflow/dags/prediction_features_pipeline.py took 3.638 seconds
[2026-01-02T22:07:57.232+0000] {processor.py:161} INFO - Started process (PID=33028) to work on /opt/airflow/dags/prediction_features_pipeline.py
[2026-01-02T22:07:57.234+0000] {processor.py:830} INFO - Processing file /opt/airflow/dags/prediction_features_pipeline.py for tasks to queue
[2026-01-02T22:07:57.235+0000] {logging_mixin.py:188} INFO - [2026-01-02T22:07:57.234+0000] {dagbag.py:538} INFO - Filling up the DagBag from /opt/airflow/dags/prediction_features_pipeline.py
[2026-01-02T22:07:57.254+0000] {processor.py:840} INFO - DAG(s) 'match_features_pipeline' retrieved from /opt/airflow/dags/prediction_features_pipeline.py
[2026-01-02T22:07:57.279+0000] {logging_mixin.py:188} INFO - [2026-01-02T22:07:57.279+0000] {dag.py:3036} INFO - Sync 1 DAGs
[2026-01-02T22:07:57.306+0000] {logging_mixin.py:188} INFO - [2026-01-02T22:07:57.306+0000] {dag.py:3823} INFO - Setting next_dagrun for match_features_pipeline to 2026-01-02 00:00:00+00:00, run_after=2026-01-03 00:00:00+00:00
[2026-01-02T22:07:57.342+0000] {processor.py:183} INFO - Processing /opt/airflow/dags/prediction_features_pipeline.py took 0.113 seconds
[2026-01-02T22:08:27.768+0000] {processor.py:161} INFO - Started process (PID=33048) to work on /opt/airflow/dags/prediction_features_pipeline.py
[2026-01-02T22:08:27.769+0000] {processor.py:830} INFO - Processing file /opt/airflow/dags/prediction_features_pipeline.py for tasks to queue
[2026-01-02T22:08:27.770+0000] {logging_mixin.py:188} INFO - [2026-01-02T22:08:27.770+0000] {dagbag.py:538} INFO - Filling up the DagBag from /opt/airflow/dags/prediction_features_pipeline.py
[2026-01-02T22:08:27.788+0000] {processor.py:840} INFO - DAG(s) 'match_features_pipeline' retrieved from /opt/airflow/dags/prediction_features_pipeline.py
[2026-01-02T22:08:27.810+0000] {logging_mixin.py:188} INFO - [2026-01-02T22:08:27.810+0000] {dag.py:3036} INFO - Sync 1 DAGs
[2026-01-02T22:08:27.832+0000] {logging_mixin.py:188} INFO - [2026-01-02T22:08:27.832+0000] {dag.py:3823} INFO - Setting next_dagrun for match_features_pipeline to 2026-01-02 00:00:00+00:00, run_after=2026-01-03 00:00:00+00:00
[2026-01-02T22:08:27.853+0000] {processor.py:183} INFO - Processing /opt/airflow/dags/prediction_features_pipeline.py took 0.089 seconds
[2026-01-02T22:08:58.358+0000] {processor.py:161} INFO - Started process (PID=33068) to work on /opt/airflow/dags/prediction_features_pipeline.py
[2026-01-02T22:08:58.370+0000] {processor.py:830} INFO - Processing file /opt/airflow/dags/prediction_features_pipeline.py for tasks to queue
[2026-01-02T22:08:58.379+0000] {logging_mixin.py:188} INFO - [2026-01-02T22:08:58.377+0000] {dagbag.py:538} INFO - Filling up the DagBag from /opt/airflow/dags/prediction_features_pipeline.py
[2026-01-02T22:08:58.461+0000] {processor.py:840} INFO - DAG(s) 'match_features_pipeline' retrieved from /opt/airflow/dags/prediction_features_pipeline.py
[2026-01-02T22:08:58.574+0000] {logging_mixin.py:188} INFO - [2026-01-02T22:08:58.572+0000] {dag.py:3036} INFO - Sync 1 DAGs
[2026-01-02T22:08:58.958+0000] {logging_mixin.py:188} INFO - [2026-01-02T22:08:58.956+0000] {dag.py:3823} INFO - Setting next_dagrun for match_features_pipeline to 2026-01-02 00:00:00+00:00, run_after=2026-01-03 00:00:00+00:00
[2026-01-02T22:08:59.240+0000] {processor.py:183} INFO - Processing /opt/airflow/dags/prediction_features_pipeline.py took 0.907 seconds
[2026-01-02T22:09:30.322+0000] {processor.py:161} INFO - Started process (PID=33088) to work on /opt/airflow/dags/prediction_features_pipeline.py
[2026-01-02T22:09:30.323+0000] {processor.py:830} INFO - Processing file /opt/airflow/dags/prediction_features_pipeline.py for tasks to queue
[2026-01-02T22:09:30.324+0000] {logging_mixin.py:188} INFO - [2026-01-02T22:09:30.324+0000] {dagbag.py:538} INFO - Filling up the DagBag from /opt/airflow/dags/prediction_features_pipeline.py
[2026-01-02T22:09:30.349+0000] {processor.py:840} INFO - DAG(s) 'match_features_pipeline' retrieved from /opt/airflow/dags/prediction_features_pipeline.py
[2026-01-02T22:09:30.376+0000] {logging_mixin.py:188} INFO - [2026-01-02T22:09:30.376+0000] {dag.py:3036} INFO - Sync 1 DAGs
[2026-01-02T22:09:30.404+0000] {logging_mixin.py:188} INFO - [2026-01-02T22:09:30.404+0000] {dag.py:3823} INFO - Setting next_dagrun for match_features_pipeline to 2026-01-02 00:00:00+00:00, run_after=2026-01-03 00:00:00+00:00
[2026-01-02T22:09:30.429+0000] {processor.py:183} INFO - Processing /opt/airflow/dags/prediction_features_pipeline.py took 0.109 seconds
[2026-01-02T22:10:00.985+0000] {processor.py:161} INFO - Started process (PID=33108) to work on /opt/airflow/dags/prediction_features_pipeline.py
[2026-01-02T22:10:00.987+0000] {processor.py:830} INFO - Processing file /opt/airflow/dags/prediction_features_pipeline.py for tasks to queue
[2026-01-02T22:10:00.988+0000] {logging_mixin.py:188} INFO - [2026-01-02T22:10:00.988+0000] {dagbag.py:538} INFO - Filling up the DagBag from /opt/airflow/dags/prediction_features_pipeline.py
[2026-01-02T22:10:01.014+0000] {processor.py:840} INFO - DAG(s) 'match_features_pipeline' retrieved from /opt/airflow/dags/prediction_features_pipeline.py
[2026-01-02T22:10:01.049+0000] {logging_mixin.py:188} INFO - [2026-01-02T22:10:01.049+0000] {dag.py:3036} INFO - Sync 1 DAGs
[2026-01-02T22:10:01.078+0000] {logging_mixin.py:188} INFO - [2026-01-02T22:10:01.078+0000] {dag.py:3823} INFO - Setting next_dagrun for match_features_pipeline to 2026-01-02 00:00:00+00:00, run_after=2026-01-03 00:00:00+00:00
[2026-01-02T22:10:01.100+0000] {processor.py:183} INFO - Processing /opt/airflow/dags/prediction_features_pipeline.py took 0.119 seconds
[2026-01-02T22:15:10.366+0000] {processor.py:161} INFO - Started process (PID=33127) to work on /opt/airflow/dags/prediction_features_pipeline.py
[2026-01-02T22:15:10.368+0000] {processor.py:830} INFO - Processing file /opt/airflow/dags/prediction_features_pipeline.py for tasks to queue
[2026-01-02T22:15:10.370+0000] {logging_mixin.py:188} INFO - [2026-01-02T22:15:10.369+0000] {dagbag.py:538} INFO - Filling up the DagBag from /opt/airflow/dags/prediction_features_pipeline.py
[2026-01-02T22:15:10.397+0000] {processor.py:840} INFO - DAG(s) 'match_features_pipeline' retrieved from /opt/airflow/dags/prediction_features_pipeline.py
[2026-01-02T22:15:10.431+0000] {logging_mixin.py:188} INFO - [2026-01-02T22:15:10.430+0000] {dag.py:3036} INFO - Sync 1 DAGs
[2026-01-02T22:15:10.461+0000] {logging_mixin.py:188} INFO - [2026-01-02T22:15:10.461+0000] {dag.py:3823} INFO - Setting next_dagrun for match_features_pipeline to 2026-01-02 00:00:00+00:00, run_after=2026-01-03 00:00:00+00:00
[2026-01-02T22:15:10.484+0000] {processor.py:183} INFO - Processing /opt/airflow/dags/prediction_features_pipeline.py took 0.123 seconds
[2026-01-02T22:15:40.996+0000] {processor.py:161} INFO - Started process (PID=33148) to work on /opt/airflow/dags/prediction_features_pipeline.py
[2026-01-02T22:15:40.997+0000] {processor.py:830} INFO - Processing file /opt/airflow/dags/prediction_features_pipeline.py for tasks to queue
[2026-01-02T22:15:40.999+0000] {logging_mixin.py:188} INFO - [2026-01-02T22:15:40.998+0000] {dagbag.py:538} INFO - Filling up the DagBag from /opt/airflow/dags/prediction_features_pipeline.py
[2026-01-02T22:15:41.022+0000] {processor.py:840} INFO - DAG(s) 'match_features_pipeline' retrieved from /opt/airflow/dags/prediction_features_pipeline.py
[2026-01-02T22:15:41.049+0000] {logging_mixin.py:188} INFO - [2026-01-02T22:15:41.048+0000] {dag.py:3036} INFO - Sync 1 DAGs
[2026-01-02T22:15:41.073+0000] {logging_mixin.py:188} INFO - [2026-01-02T22:15:41.072+0000] {dag.py:3823} INFO - Setting next_dagrun for match_features_pipeline to 2026-01-02 00:00:00+00:00, run_after=2026-01-03 00:00:00+00:00
[2026-01-02T22:15:41.100+0000] {processor.py:183} INFO - Processing /opt/airflow/dags/prediction_features_pipeline.py took 0.110 seconds
[2026-01-02T22:16:11.537+0000] {processor.py:161} INFO - Started process (PID=33168) to work on /opt/airflow/dags/prediction_features_pipeline.py
[2026-01-02T22:16:11.538+0000] {processor.py:830} INFO - Processing file /opt/airflow/dags/prediction_features_pipeline.py for tasks to queue
[2026-01-02T22:16:11.539+0000] {logging_mixin.py:188} INFO - [2026-01-02T22:16:11.539+0000] {dagbag.py:538} INFO - Filling up the DagBag from /opt/airflow/dags/prediction_features_pipeline.py
[2026-01-02T22:16:11.561+0000] {processor.py:840} INFO - DAG(s) 'match_features_pipeline' retrieved from /opt/airflow/dags/prediction_features_pipeline.py
[2026-01-02T22:16:11.586+0000] {logging_mixin.py:188} INFO - [2026-01-02T22:16:11.586+0000] {dag.py:3036} INFO - Sync 1 DAGs
[2026-01-02T22:16:11.610+0000] {logging_mixin.py:188} INFO - [2026-01-02T22:16:11.610+0000] {dag.py:3823} INFO - Setting next_dagrun for match_features_pipeline to 2026-01-02 00:00:00+00:00, run_after=2026-01-03 00:00:00+00:00
[2026-01-02T22:16:11.629+0000] {processor.py:183} INFO - Processing /opt/airflow/dags/prediction_features_pipeline.py took 0.096 seconds
[2026-01-02T22:16:42.099+0000] {processor.py:161} INFO - Started process (PID=33188) to work on /opt/airflow/dags/prediction_features_pipeline.py
[2026-01-02T22:16:42.101+0000] {processor.py:830} INFO - Processing file /opt/airflow/dags/prediction_features_pipeline.py for tasks to queue
[2026-01-02T22:16:42.102+0000] {logging_mixin.py:188} INFO - [2026-01-02T22:16:42.102+0000] {dagbag.py:538} INFO - Filling up the DagBag from /opt/airflow/dags/prediction_features_pipeline.py
[2026-01-02T22:16:42.124+0000] {processor.py:840} INFO - DAG(s) 'match_features_pipeline' retrieved from /opt/airflow/dags/prediction_features_pipeline.py
[2026-01-02T22:16:42.149+0000] {logging_mixin.py:188} INFO - [2026-01-02T22:16:42.149+0000] {dag.py:3036} INFO - Sync 1 DAGs
[2026-01-02T22:16:42.176+0000] {logging_mixin.py:188} INFO - [2026-01-02T22:16:42.175+0000] {dag.py:3823} INFO - Setting next_dagrun for match_features_pipeline to 2026-01-02 00:00:00+00:00, run_after=2026-01-03 00:00:00+00:00
[2026-01-02T22:16:42.196+0000] {processor.py:183} INFO - Processing /opt/airflow/dags/prediction_features_pipeline.py took 0.100 seconds
[2026-01-02T22:17:12.660+0000] {processor.py:161} INFO - Started process (PID=33208) to work on /opt/airflow/dags/prediction_features_pipeline.py
[2026-01-02T22:17:12.662+0000] {processor.py:830} INFO - Processing file /opt/airflow/dags/prediction_features_pipeline.py for tasks to queue
[2026-01-02T22:17:12.663+0000] {logging_mixin.py:188} INFO - [2026-01-02T22:17:12.662+0000] {dagbag.py:538} INFO - Filling up the DagBag from /opt/airflow/dags/prediction_features_pipeline.py
[2026-01-02T22:17:12.685+0000] {processor.py:840} INFO - DAG(s) 'match_features_pipeline' retrieved from /opt/airflow/dags/prediction_features_pipeline.py
[2026-01-02T22:17:12.711+0000] {logging_mixin.py:188} INFO - [2026-01-02T22:17:12.711+0000] {dag.py:3036} INFO - Sync 1 DAGs
[2026-01-02T22:17:12.737+0000] {logging_mixin.py:188} INFO - [2026-01-02T22:17:12.737+0000] {dag.py:3823} INFO - Setting next_dagrun for match_features_pipeline to 2026-01-02 00:00:00+00:00, run_after=2026-01-03 00:00:00+00:00
[2026-01-02T22:17:12.760+0000] {processor.py:183} INFO - Processing /opt/airflow/dags/prediction_features_pipeline.py took 0.104 seconds
[2026-01-02T22:17:43.259+0000] {processor.py:161} INFO - Started process (PID=33228) to work on /opt/airflow/dags/prediction_features_pipeline.py
[2026-01-02T22:17:43.260+0000] {processor.py:830} INFO - Processing file /opt/airflow/dags/prediction_features_pipeline.py for tasks to queue
[2026-01-02T22:17:43.261+0000] {logging_mixin.py:188} INFO - [2026-01-02T22:17:43.261+0000] {dagbag.py:538} INFO - Filling up the DagBag from /opt/airflow/dags/prediction_features_pipeline.py
[2026-01-02T22:17:43.284+0000] {processor.py:840} INFO - DAG(s) 'match_features_pipeline' retrieved from /opt/airflow/dags/prediction_features_pipeline.py
[2026-01-02T22:17:43.309+0000] {logging_mixin.py:188} INFO - [2026-01-02T22:17:43.309+0000] {dag.py:3036} INFO - Sync 1 DAGs
[2026-01-02T22:17:43.333+0000] {logging_mixin.py:188} INFO - [2026-01-02T22:17:43.333+0000] {dag.py:3823} INFO - Setting next_dagrun for match_features_pipeline to 2026-01-02 00:00:00+00:00, run_after=2026-01-03 00:00:00+00:00
[2026-01-02T22:17:43.352+0000] {processor.py:183} INFO - Processing /opt/airflow/dags/prediction_features_pipeline.py took 0.097 seconds
[2026-01-02T22:18:13.832+0000] {processor.py:161} INFO - Started process (PID=33248) to work on /opt/airflow/dags/prediction_features_pipeline.py
[2026-01-02T22:18:13.833+0000] {processor.py:830} INFO - Processing file /opt/airflow/dags/prediction_features_pipeline.py for tasks to queue
[2026-01-02T22:18:13.834+0000] {logging_mixin.py:188} INFO - [2026-01-02T22:18:13.834+0000] {dagbag.py:538} INFO - Filling up the DagBag from /opt/airflow/dags/prediction_features_pipeline.py
[2026-01-02T22:18:13.856+0000] {processor.py:840} INFO - DAG(s) 'match_features_pipeline' retrieved from /opt/airflow/dags/prediction_features_pipeline.py
[2026-01-02T22:18:13.882+0000] {logging_mixin.py:188} INFO - [2026-01-02T22:18:13.881+0000] {dag.py:3036} INFO - Sync 1 DAGs
[2026-01-02T22:18:13.907+0000] {logging_mixin.py:188} INFO - [2026-01-02T22:18:13.907+0000] {dag.py:3823} INFO - Setting next_dagrun for match_features_pipeline to 2026-01-02 00:00:00+00:00, run_after=2026-01-03 00:00:00+00:00
[2026-01-02T22:18:13.928+0000] {processor.py:183} INFO - Processing /opt/airflow/dags/prediction_features_pipeline.py took 0.101 seconds
[2026-01-02T22:18:44.414+0000] {processor.py:161} INFO - Started process (PID=33268) to work on /opt/airflow/dags/prediction_features_pipeline.py
[2026-01-02T22:18:44.415+0000] {processor.py:830} INFO - Processing file /opt/airflow/dags/prediction_features_pipeline.py for tasks to queue
[2026-01-02T22:18:44.417+0000] {logging_mixin.py:188} INFO - [2026-01-02T22:18:44.416+0000] {dagbag.py:538} INFO - Filling up the DagBag from /opt/airflow/dags/prediction_features_pipeline.py
[2026-01-02T22:18:44.440+0000] {processor.py:840} INFO - DAG(s) 'match_features_pipeline' retrieved from /opt/airflow/dags/prediction_features_pipeline.py
[2026-01-02T22:18:44.464+0000] {logging_mixin.py:188} INFO - [2026-01-02T22:18:44.464+0000] {dag.py:3036} INFO - Sync 1 DAGs
[2026-01-02T22:18:44.488+0000] {logging_mixin.py:188} INFO - [2026-01-02T22:18:44.488+0000] {dag.py:3823} INFO - Setting next_dagrun for match_features_pipeline to 2026-01-02 00:00:00+00:00, run_after=2026-01-03 00:00:00+00:00
[2026-01-02T22:18:44.509+0000] {processor.py:183} INFO - Processing /opt/airflow/dags/prediction_features_pipeline.py took 0.099 seconds
[2026-01-02T22:19:15.010+0000] {processor.py:161} INFO - Started process (PID=33288) to work on /opt/airflow/dags/prediction_features_pipeline.py
[2026-01-02T22:19:15.011+0000] {processor.py:830} INFO - Processing file /opt/airflow/dags/prediction_features_pipeline.py for tasks to queue
[2026-01-02T22:19:15.012+0000] {logging_mixin.py:188} INFO - [2026-01-02T22:19:15.012+0000] {dagbag.py:538} INFO - Filling up the DagBag from /opt/airflow/dags/prediction_features_pipeline.py
[2026-01-02T22:19:15.033+0000] {processor.py:840} INFO - DAG(s) 'match_features_pipeline' retrieved from /opt/airflow/dags/prediction_features_pipeline.py
[2026-01-02T22:19:15.059+0000] {logging_mixin.py:188} INFO - [2026-01-02T22:19:15.058+0000] {dag.py:3036} INFO - Sync 1 DAGs
[2026-01-02T22:19:15.083+0000] {logging_mixin.py:188} INFO - [2026-01-02T22:19:15.082+0000] {dag.py:3823} INFO - Setting next_dagrun for match_features_pipeline to 2026-01-02 00:00:00+00:00, run_after=2026-01-03 00:00:00+00:00
[2026-01-02T22:19:15.102+0000] {processor.py:183} INFO - Processing /opt/airflow/dags/prediction_features_pipeline.py took 0.096 seconds
[2026-01-02T22:19:45.581+0000] {processor.py:161} INFO - Started process (PID=33308) to work on /opt/airflow/dags/prediction_features_pipeline.py
[2026-01-02T22:19:45.582+0000] {processor.py:830} INFO - Processing file /opt/airflow/dags/prediction_features_pipeline.py for tasks to queue
[2026-01-02T22:19:45.583+0000] {logging_mixin.py:188} INFO - [2026-01-02T22:19:45.583+0000] {dagbag.py:538} INFO - Filling up the DagBag from /opt/airflow/dags/prediction_features_pipeline.py
[2026-01-02T22:19:45.604+0000] {processor.py:840} INFO - DAG(s) 'match_features_pipeline' retrieved from /opt/airflow/dags/prediction_features_pipeline.py
[2026-01-02T22:19:45.628+0000] {logging_mixin.py:188} INFO - [2026-01-02T22:19:45.628+0000] {dag.py:3036} INFO - Sync 1 DAGs
[2026-01-02T22:19:45.651+0000] {logging_mixin.py:188} INFO - [2026-01-02T22:19:45.650+0000] {dag.py:3823} INFO - Setting next_dagrun for match_features_pipeline to 2026-01-02 00:00:00+00:00, run_after=2026-01-03 00:00:00+00:00
[2026-01-02T22:19:45.669+0000] {processor.py:183} INFO - Processing /opt/airflow/dags/prediction_features_pipeline.py took 0.091 seconds
[2026-01-02T22:20:16.239+0000] {processor.py:161} INFO - Started process (PID=33328) to work on /opt/airflow/dags/prediction_features_pipeline.py
[2026-01-02T22:20:16.240+0000] {processor.py:830} INFO - Processing file /opt/airflow/dags/prediction_features_pipeline.py for tasks to queue
[2026-01-02T22:20:16.241+0000] {logging_mixin.py:188} INFO - [2026-01-02T22:20:16.241+0000] {dagbag.py:538} INFO - Filling up the DagBag from /opt/airflow/dags/prediction_features_pipeline.py
[2026-01-02T22:20:16.264+0000] {processor.py:840} INFO - DAG(s) 'match_features_pipeline' retrieved from /opt/airflow/dags/prediction_features_pipeline.py
[2026-01-02T22:20:16.289+0000] {logging_mixin.py:188} INFO - [2026-01-02T22:20:16.288+0000] {dag.py:3036} INFO - Sync 1 DAGs
[2026-01-02T22:20:16.314+0000] {logging_mixin.py:188} INFO - [2026-01-02T22:20:16.313+0000] {dag.py:3823} INFO - Setting next_dagrun for match_features_pipeline to 2026-01-02 00:00:00+00:00, run_after=2026-01-03 00:00:00+00:00
[2026-01-02T22:20:16.334+0000] {processor.py:183} INFO - Processing /opt/airflow/dags/prediction_features_pipeline.py took 0.098 seconds
[2026-01-02T22:20:46.820+0000] {processor.py:161} INFO - Started process (PID=33348) to work on /opt/airflow/dags/prediction_features_pipeline.py
[2026-01-02T22:20:46.821+0000] {processor.py:830} INFO - Processing file /opt/airflow/dags/prediction_features_pipeline.py for tasks to queue
[2026-01-02T22:20:46.822+0000] {logging_mixin.py:188} INFO - [2026-01-02T22:20:46.822+0000] {dagbag.py:538} INFO - Filling up the DagBag from /opt/airflow/dags/prediction_features_pipeline.py
[2026-01-02T22:20:46.844+0000] {processor.py:840} INFO - DAG(s) 'match_features_pipeline' retrieved from /opt/airflow/dags/prediction_features_pipeline.py
[2026-01-02T22:20:46.870+0000] {logging_mixin.py:188} INFO - [2026-01-02T22:20:46.870+0000] {dag.py:3036} INFO - Sync 1 DAGs
[2026-01-02T22:20:46.895+0000] {logging_mixin.py:188} INFO - [2026-01-02T22:20:46.894+0000] {dag.py:3823} INFO - Setting next_dagrun for match_features_pipeline to 2026-01-02 00:00:00+00:00, run_after=2026-01-03 00:00:00+00:00
[2026-01-02T22:20:46.913+0000] {processor.py:183} INFO - Processing /opt/airflow/dags/prediction_features_pipeline.py took 0.097 seconds
[2026-01-02T22:21:17.408+0000] {processor.py:161} INFO - Started process (PID=33368) to work on /opt/airflow/dags/prediction_features_pipeline.py
[2026-01-02T22:21:17.410+0000] {processor.py:830} INFO - Processing file /opt/airflow/dags/prediction_features_pipeline.py for tasks to queue
[2026-01-02T22:21:17.411+0000] {logging_mixin.py:188} INFO - [2026-01-02T22:21:17.410+0000] {dagbag.py:538} INFO - Filling up the DagBag from /opt/airflow/dags/prediction_features_pipeline.py
[2026-01-02T22:21:17.433+0000] {processor.py:840} INFO - DAG(s) 'match_features_pipeline' retrieved from /opt/airflow/dags/prediction_features_pipeline.py
[2026-01-02T22:21:17.459+0000] {logging_mixin.py:188} INFO - [2026-01-02T22:21:17.459+0000] {dag.py:3036} INFO - Sync 1 DAGs
[2026-01-02T22:21:17.484+0000] {logging_mixin.py:188} INFO - [2026-01-02T22:21:17.484+0000] {dag.py:3823} INFO - Setting next_dagrun for match_features_pipeline to 2026-01-02 00:00:00+00:00, run_after=2026-01-03 00:00:00+00:00
[2026-01-02T22:21:17.503+0000] {processor.py:183} INFO - Processing /opt/airflow/dags/prediction_features_pipeline.py took 0.100 seconds
[2026-01-02T22:21:47.987+0000] {processor.py:161} INFO - Started process (PID=33388) to work on /opt/airflow/dags/prediction_features_pipeline.py
[2026-01-02T22:21:47.988+0000] {processor.py:830} INFO - Processing file /opt/airflow/dags/prediction_features_pipeline.py for tasks to queue
[2026-01-02T22:21:47.989+0000] {logging_mixin.py:188} INFO - [2026-01-02T22:21:47.989+0000] {dagbag.py:538} INFO - Filling up the DagBag from /opt/airflow/dags/prediction_features_pipeline.py
[2026-01-02T22:21:48.011+0000] {processor.py:840} INFO - DAG(s) 'match_features_pipeline' retrieved from /opt/airflow/dags/prediction_features_pipeline.py
[2026-01-02T22:21:48.036+0000] {logging_mixin.py:188} INFO - [2026-01-02T22:21:48.036+0000] {dag.py:3036} INFO - Sync 1 DAGs
[2026-01-02T22:21:48.060+0000] {logging_mixin.py:188} INFO - [2026-01-02T22:21:48.060+0000] {dag.py:3823} INFO - Setting next_dagrun for match_features_pipeline to 2026-01-02 00:00:00+00:00, run_after=2026-01-03 00:00:00+00:00
[2026-01-02T22:21:48.082+0000] {processor.py:183} INFO - Processing /opt/airflow/dags/prediction_features_pipeline.py took 0.099 seconds
[2026-01-02T22:22:18.571+0000] {processor.py:161} INFO - Started process (PID=33408) to work on /opt/airflow/dags/prediction_features_pipeline.py
[2026-01-02T22:22:18.572+0000] {processor.py:830} INFO - Processing file /opt/airflow/dags/prediction_features_pipeline.py for tasks to queue
[2026-01-02T22:22:18.573+0000] {logging_mixin.py:188} INFO - [2026-01-02T22:22:18.573+0000] {dagbag.py:538} INFO - Filling up the DagBag from /opt/airflow/dags/prediction_features_pipeline.py
[2026-01-02T22:22:18.594+0000] {processor.py:840} INFO - DAG(s) 'match_features_pipeline' retrieved from /opt/airflow/dags/prediction_features_pipeline.py
[2026-01-02T22:22:18.619+0000] {logging_mixin.py:188} INFO - [2026-01-02T22:22:18.619+0000] {dag.py:3036} INFO - Sync 1 DAGs
[2026-01-02T22:22:18.642+0000] {logging_mixin.py:188} INFO - [2026-01-02T22:22:18.642+0000] {dag.py:3823} INFO - Setting next_dagrun for match_features_pipeline to 2026-01-02 00:00:00+00:00, run_after=2026-01-03 00:00:00+00:00
[2026-01-02T22:22:18.662+0000] {processor.py:183} INFO - Processing /opt/airflow/dags/prediction_features_pipeline.py took 0.095 seconds
[2026-01-02T22:22:49.150+0000] {processor.py:161} INFO - Started process (PID=33428) to work on /opt/airflow/dags/prediction_features_pipeline.py
[2026-01-02T22:22:49.151+0000] {processor.py:830} INFO - Processing file /opt/airflow/dags/prediction_features_pipeline.py for tasks to queue
[2026-01-02T22:22:49.153+0000] {logging_mixin.py:188} INFO - [2026-01-02T22:22:49.152+0000] {dagbag.py:538} INFO - Filling up the DagBag from /opt/airflow/dags/prediction_features_pipeline.py
[2026-01-02T22:22:49.175+0000] {processor.py:840} INFO - DAG(s) 'match_features_pipeline' retrieved from /opt/airflow/dags/prediction_features_pipeline.py
[2026-01-02T22:22:49.201+0000] {logging_mixin.py:188} INFO - [2026-01-02T22:22:49.201+0000] {dag.py:3036} INFO - Sync 1 DAGs
[2026-01-02T22:22:49.224+0000] {logging_mixin.py:188} INFO - [2026-01-02T22:22:49.224+0000] {dag.py:3823} INFO - Setting next_dagrun for match_features_pipeline to 2026-01-02 00:00:00+00:00, run_after=2026-01-03 00:00:00+00:00
[2026-01-02T22:22:49.244+0000] {processor.py:183} INFO - Processing /opt/airflow/dags/prediction_features_pipeline.py took 0.097 seconds
[2026-01-02T22:23:19.739+0000] {processor.py:161} INFO - Started process (PID=33448) to work on /opt/airflow/dags/prediction_features_pipeline.py
[2026-01-02T22:23:19.740+0000] {processor.py:830} INFO - Processing file /opt/airflow/dags/prediction_features_pipeline.py for tasks to queue
[2026-01-02T22:23:19.741+0000] {logging_mixin.py:188} INFO - [2026-01-02T22:23:19.741+0000] {dagbag.py:538} INFO - Filling up the DagBag from /opt/airflow/dags/prediction_features_pipeline.py
[2026-01-02T22:23:19.765+0000] {processor.py:840} INFO - DAG(s) 'match_features_pipeline' retrieved from /opt/airflow/dags/prediction_features_pipeline.py
[2026-01-02T22:23:19.795+0000] {logging_mixin.py:188} INFO - [2026-01-02T22:23:19.795+0000] {dag.py:3036} INFO - Sync 1 DAGs
[2026-01-02T22:23:19.820+0000] {logging_mixin.py:188} INFO - [2026-01-02T22:23:19.820+0000] {dag.py:3823} INFO - Setting next_dagrun for match_features_pipeline to 2026-01-02 00:00:00+00:00, run_after=2026-01-03 00:00:00+00:00
[2026-01-02T22:23:19.840+0000] {processor.py:183} INFO - Processing /opt/airflow/dags/prediction_features_pipeline.py took 0.104 seconds
[2026-01-02T22:23:50.333+0000] {processor.py:161} INFO - Started process (PID=33468) to work on /opt/airflow/dags/prediction_features_pipeline.py
[2026-01-02T22:23:50.334+0000] {processor.py:830} INFO - Processing file /opt/airflow/dags/prediction_features_pipeline.py for tasks to queue
[2026-01-02T22:23:50.336+0000] {logging_mixin.py:188} INFO - [2026-01-02T22:23:50.335+0000] {dagbag.py:538} INFO - Filling up the DagBag from /opt/airflow/dags/prediction_features_pipeline.py
[2026-01-02T22:23:50.359+0000] {processor.py:840} INFO - DAG(s) 'match_features_pipeline' retrieved from /opt/airflow/dags/prediction_features_pipeline.py
[2026-01-02T22:23:50.385+0000] {logging_mixin.py:188} INFO - [2026-01-02T22:23:50.385+0000] {dag.py:3036} INFO - Sync 1 DAGs
[2026-01-02T22:23:50.411+0000] {logging_mixin.py:188} INFO - [2026-01-02T22:23:50.411+0000] {dag.py:3823} INFO - Setting next_dagrun for match_features_pipeline to 2026-01-02 00:00:00+00:00, run_after=2026-01-03 00:00:00+00:00
[2026-01-02T22:23:50.444+0000] {processor.py:183} INFO - Processing /opt/airflow/dags/prediction_features_pipeline.py took 0.115 seconds
[2026-01-02T22:24:20.872+0000] {processor.py:161} INFO - Started process (PID=33488) to work on /opt/airflow/dags/prediction_features_pipeline.py
[2026-01-02T22:24:20.873+0000] {processor.py:830} INFO - Processing file /opt/airflow/dags/prediction_features_pipeline.py for tasks to queue
[2026-01-02T22:24:20.874+0000] {logging_mixin.py:188} INFO - [2026-01-02T22:24:20.874+0000] {dagbag.py:538} INFO - Filling up the DagBag from /opt/airflow/dags/prediction_features_pipeline.py
[2026-01-02T22:24:20.897+0000] {processor.py:840} INFO - DAG(s) 'match_features_pipeline' retrieved from /opt/airflow/dags/prediction_features_pipeline.py
[2026-01-02T22:24:20.923+0000] {logging_mixin.py:188} INFO - [2026-01-02T22:24:20.923+0000] {dag.py:3036} INFO - Sync 1 DAGs
[2026-01-02T22:24:20.948+0000] {logging_mixin.py:188} INFO - [2026-01-02T22:24:20.948+0000] {dag.py:3823} INFO - Setting next_dagrun for match_features_pipeline to 2026-01-02 00:00:00+00:00, run_after=2026-01-03 00:00:00+00:00
[2026-01-02T22:24:20.968+0000] {processor.py:183} INFO - Processing /opt/airflow/dags/prediction_features_pipeline.py took 0.100 seconds
[2026-01-02T22:24:51.457+0000] {processor.py:161} INFO - Started process (PID=33508) to work on /opt/airflow/dags/prediction_features_pipeline.py
[2026-01-02T22:24:51.458+0000] {processor.py:830} INFO - Processing file /opt/airflow/dags/prediction_features_pipeline.py for tasks to queue
[2026-01-02T22:24:51.459+0000] {logging_mixin.py:188} INFO - [2026-01-02T22:24:51.459+0000] {dagbag.py:538} INFO - Filling up the DagBag from /opt/airflow/dags/prediction_features_pipeline.py
[2026-01-02T22:24:51.481+0000] {processor.py:840} INFO - DAG(s) 'match_features_pipeline' retrieved from /opt/airflow/dags/prediction_features_pipeline.py
[2026-01-02T22:24:51.505+0000] {logging_mixin.py:188} INFO - [2026-01-02T22:24:51.505+0000] {dag.py:3036} INFO - Sync 1 DAGs
[2026-01-02T22:24:51.529+0000] {logging_mixin.py:188} INFO - [2026-01-02T22:24:51.529+0000] {dag.py:3823} INFO - Setting next_dagrun for match_features_pipeline to 2026-01-02 00:00:00+00:00, run_after=2026-01-03 00:00:00+00:00
[2026-01-02T22:24:51.551+0000] {processor.py:183} INFO - Processing /opt/airflow/dags/prediction_features_pipeline.py took 0.097 seconds
[2026-01-02T22:25:22.067+0000] {processor.py:161} INFO - Started process (PID=33528) to work on /opt/airflow/dags/prediction_features_pipeline.py
[2026-01-02T22:25:22.069+0000] {processor.py:830} INFO - Processing file /opt/airflow/dags/prediction_features_pipeline.py for tasks to queue
[2026-01-02T22:25:22.070+0000] {logging_mixin.py:188} INFO - [2026-01-02T22:25:22.069+0000] {dagbag.py:538} INFO - Filling up the DagBag from /opt/airflow/dags/prediction_features_pipeline.py
[2026-01-02T22:25:22.091+0000] {processor.py:840} INFO - DAG(s) 'match_features_pipeline' retrieved from /opt/airflow/dags/prediction_features_pipeline.py
[2026-01-02T22:25:22.115+0000] {logging_mixin.py:188} INFO - [2026-01-02T22:25:22.115+0000] {dag.py:3036} INFO - Sync 1 DAGs
[2026-01-02T22:25:22.139+0000] {logging_mixin.py:188} INFO - [2026-01-02T22:25:22.138+0000] {dag.py:3823} INFO - Setting next_dagrun for match_features_pipeline to 2026-01-02 00:00:00+00:00, run_after=2026-01-03 00:00:00+00:00
[2026-01-02T22:25:22.169+0000] {processor.py:183} INFO - Processing /opt/airflow/dags/prediction_features_pipeline.py took 0.105 seconds
[2026-01-02T22:25:52.595+0000] {processor.py:161} INFO - Started process (PID=33548) to work on /opt/airflow/dags/prediction_features_pipeline.py
[2026-01-02T22:25:52.597+0000] {processor.py:830} INFO - Processing file /opt/airflow/dags/prediction_features_pipeline.py for tasks to queue
[2026-01-02T22:25:52.598+0000] {logging_mixin.py:188} INFO - [2026-01-02T22:25:52.598+0000] {dagbag.py:538} INFO - Filling up the DagBag from /opt/airflow/dags/prediction_features_pipeline.py
[2026-01-02T22:25:52.622+0000] {processor.py:840} INFO - DAG(s) 'match_features_pipeline' retrieved from /opt/airflow/dags/prediction_features_pipeline.py
[2026-01-02T22:25:52.647+0000] {logging_mixin.py:188} INFO - [2026-01-02T22:25:52.647+0000] {dag.py:3036} INFO - Sync 1 DAGs
[2026-01-02T22:25:52.672+0000] {logging_mixin.py:188} INFO - [2026-01-02T22:25:52.671+0000] {dag.py:3823} INFO - Setting next_dagrun for match_features_pipeline to 2026-01-02 00:00:00+00:00, run_after=2026-01-03 00:00:00+00:00
[2026-01-02T22:25:52.692+0000] {processor.py:183} INFO - Processing /opt/airflow/dags/prediction_features_pipeline.py took 0.100 seconds
[2026-01-02T22:26:23.180+0000] {processor.py:161} INFO - Started process (PID=33568) to work on /opt/airflow/dags/prediction_features_pipeline.py
[2026-01-02T22:26:23.181+0000] {processor.py:830} INFO - Processing file /opt/airflow/dags/prediction_features_pipeline.py for tasks to queue
[2026-01-02T22:26:23.182+0000] {logging_mixin.py:188} INFO - [2026-01-02T22:26:23.182+0000] {dagbag.py:538} INFO - Filling up the DagBag from /opt/airflow/dags/prediction_features_pipeline.py
[2026-01-02T22:26:23.203+0000] {processor.py:840} INFO - DAG(s) 'match_features_pipeline' retrieved from /opt/airflow/dags/prediction_features_pipeline.py
[2026-01-02T22:26:23.227+0000] {logging_mixin.py:188} INFO - [2026-01-02T22:26:23.227+0000] {dag.py:3036} INFO - Sync 1 DAGs
[2026-01-02T22:26:23.251+0000] {logging_mixin.py:188} INFO - [2026-01-02T22:26:23.251+0000] {dag.py:3823} INFO - Setting next_dagrun for match_features_pipeline to 2026-01-02 00:00:00+00:00, run_after=2026-01-03 00:00:00+00:00
[2026-01-02T22:26:23.271+0000] {processor.py:183} INFO - Processing /opt/airflow/dags/prediction_features_pipeline.py took 0.095 seconds
[2026-01-02T22:26:53.757+0000] {processor.py:161} INFO - Started process (PID=33588) to work on /opt/airflow/dags/prediction_features_pipeline.py
[2026-01-02T22:26:53.759+0000] {processor.py:830} INFO - Processing file /opt/airflow/dags/prediction_features_pipeline.py for tasks to queue
[2026-01-02T22:26:53.760+0000] {logging_mixin.py:188} INFO - [2026-01-02T22:26:53.760+0000] {dagbag.py:538} INFO - Filling up the DagBag from /opt/airflow/dags/prediction_features_pipeline.py
[2026-01-02T22:26:53.782+0000] {processor.py:840} INFO - DAG(s) 'match_features_pipeline' retrieved from /opt/airflow/dags/prediction_features_pipeline.py
[2026-01-02T22:26:53.807+0000] {logging_mixin.py:188} INFO - [2026-01-02T22:26:53.807+0000] {dag.py:3036} INFO - Sync 1 DAGs
[2026-01-02T22:26:53.832+0000] {logging_mixin.py:188} INFO - [2026-01-02T22:26:53.832+0000] {dag.py:3823} INFO - Setting next_dagrun for match_features_pipeline to 2026-01-02 00:00:00+00:00, run_after=2026-01-03 00:00:00+00:00
[2026-01-02T22:26:53.853+0000] {processor.py:183} INFO - Processing /opt/airflow/dags/prediction_features_pipeline.py took 0.100 seconds
[2026-01-02T22:27:24.303+0000] {processor.py:161} INFO - Started process (PID=33608) to work on /opt/airflow/dags/prediction_features_pipeline.py
[2026-01-02T22:27:24.305+0000] {processor.py:830} INFO - Processing file /opt/airflow/dags/prediction_features_pipeline.py for tasks to queue
[2026-01-02T22:27:24.306+0000] {logging_mixin.py:188} INFO - [2026-01-02T22:27:24.306+0000] {dagbag.py:538} INFO - Filling up the DagBag from /opt/airflow/dags/prediction_features_pipeline.py
[2026-01-02T22:27:24.329+0000] {processor.py:840} INFO - DAG(s) 'match_features_pipeline' retrieved from /opt/airflow/dags/prediction_features_pipeline.py
[2026-01-02T22:27:24.356+0000] {logging_mixin.py:188} INFO - [2026-01-02T22:27:24.356+0000] {dag.py:3036} INFO - Sync 1 DAGs
[2026-01-02T22:27:24.382+0000] {logging_mixin.py:188} INFO - [2026-01-02T22:27:24.382+0000] {dag.py:3823} INFO - Setting next_dagrun for match_features_pipeline to 2026-01-02 00:00:00+00:00, run_after=2026-01-03 00:00:00+00:00
[2026-01-02T22:27:24.401+0000] {processor.py:183} INFO - Processing /opt/airflow/dags/prediction_features_pipeline.py took 0.102 seconds
[2026-01-02T22:27:54.839+0000] {processor.py:161} INFO - Started process (PID=33628) to work on /opt/airflow/dags/prediction_features_pipeline.py
[2026-01-02T22:27:54.840+0000] {processor.py:830} INFO - Processing file /opt/airflow/dags/prediction_features_pipeline.py for tasks to queue
[2026-01-02T22:27:54.841+0000] {logging_mixin.py:188} INFO - [2026-01-02T22:27:54.840+0000] {dagbag.py:538} INFO - Filling up the DagBag from /opt/airflow/dags/prediction_features_pipeline.py
[2026-01-02T22:27:54.861+0000] {processor.py:840} INFO - DAG(s) 'match_features_pipeline' retrieved from /opt/airflow/dags/prediction_features_pipeline.py
[2026-01-02T22:27:54.885+0000] {logging_mixin.py:188} INFO - [2026-01-02T22:27:54.885+0000] {dag.py:3036} INFO - Sync 1 DAGs
[2026-01-02T22:27:54.908+0000] {logging_mixin.py:188} INFO - [2026-01-02T22:27:54.908+0000] {dag.py:3823} INFO - Setting next_dagrun for match_features_pipeline to 2026-01-02 00:00:00+00:00, run_after=2026-01-03 00:00:00+00:00
[2026-01-02T22:27:54.927+0000] {processor.py:183} INFO - Processing /opt/airflow/dags/prediction_features_pipeline.py took 0.091 seconds
[2026-01-02T22:28:25.423+0000] {processor.py:161} INFO - Started process (PID=33648) to work on /opt/airflow/dags/prediction_features_pipeline.py
[2026-01-02T22:28:25.424+0000] {processor.py:830} INFO - Processing file /opt/airflow/dags/prediction_features_pipeline.py for tasks to queue
[2026-01-02T22:28:25.425+0000] {logging_mixin.py:188} INFO - [2026-01-02T22:28:25.425+0000] {dagbag.py:538} INFO - Filling up the DagBag from /opt/airflow/dags/prediction_features_pipeline.py
[2026-01-02T22:28:25.447+0000] {processor.py:840} INFO - DAG(s) 'match_features_pipeline' retrieved from /opt/airflow/dags/prediction_features_pipeline.py
[2026-01-02T22:28:25.471+0000] {logging_mixin.py:188} INFO - [2026-01-02T22:28:25.471+0000] {dag.py:3036} INFO - Sync 1 DAGs
[2026-01-02T22:28:25.495+0000] {logging_mixin.py:188} INFO - [2026-01-02T22:28:25.495+0000] {dag.py:3823} INFO - Setting next_dagrun for match_features_pipeline to 2026-01-02 00:00:00+00:00, run_after=2026-01-03 00:00:00+00:00
[2026-01-02T22:28:25.520+0000] {processor.py:183} INFO - Processing /opt/airflow/dags/prediction_features_pipeline.py took 0.101 seconds
[2026-01-02T22:28:55.952+0000] {processor.py:161} INFO - Started process (PID=33668) to work on /opt/airflow/dags/prediction_features_pipeline.py
[2026-01-02T22:28:55.953+0000] {processor.py:830} INFO - Processing file /opt/airflow/dags/prediction_features_pipeline.py for tasks to queue
[2026-01-02T22:28:55.954+0000] {logging_mixin.py:188} INFO - [2026-01-02T22:28:55.954+0000] {dagbag.py:538} INFO - Filling up the DagBag from /opt/airflow/dags/prediction_features_pipeline.py
[2026-01-02T22:28:55.977+0000] {processor.py:840} INFO - DAG(s) 'match_features_pipeline' retrieved from /opt/airflow/dags/prediction_features_pipeline.py
[2026-01-02T22:28:56.003+0000] {logging_mixin.py:188} INFO - [2026-01-02T22:28:56.003+0000] {dag.py:3036} INFO - Sync 1 DAGs
[2026-01-02T22:28:56.030+0000] {logging_mixin.py:188} INFO - [2026-01-02T22:28:56.029+0000] {dag.py:3823} INFO - Setting next_dagrun for match_features_pipeline to 2026-01-02 00:00:00+00:00, run_after=2026-01-03 00:00:00+00:00
[2026-01-02T22:28:56.050+0000] {processor.py:183} INFO - Processing /opt/airflow/dags/prediction_features_pipeline.py took 0.101 seconds
[2026-01-02T22:29:26.479+0000] {processor.py:161} INFO - Started process (PID=33688) to work on /opt/airflow/dags/prediction_features_pipeline.py
[2026-01-02T22:29:26.481+0000] {processor.py:830} INFO - Processing file /opt/airflow/dags/prediction_features_pipeline.py for tasks to queue
[2026-01-02T22:29:26.482+0000] {logging_mixin.py:188} INFO - [2026-01-02T22:29:26.481+0000] {dagbag.py:538} INFO - Filling up the DagBag from /opt/airflow/dags/prediction_features_pipeline.py
[2026-01-02T22:29:26.505+0000] {processor.py:840} INFO - DAG(s) 'match_features_pipeline' retrieved from /opt/airflow/dags/prediction_features_pipeline.py
[2026-01-02T22:29:26.532+0000] {logging_mixin.py:188} INFO - [2026-01-02T22:29:26.531+0000] {dag.py:3036} INFO - Sync 1 DAGs
[2026-01-02T22:29:26.557+0000] {logging_mixin.py:188} INFO - [2026-01-02T22:29:26.556+0000] {dag.py:3823} INFO - Setting next_dagrun for match_features_pipeline to 2026-01-02 00:00:00+00:00, run_after=2026-01-03 00:00:00+00:00
[2026-01-02T22:29:26.577+0000] {processor.py:183} INFO - Processing /opt/airflow/dags/prediction_features_pipeline.py took 0.101 seconds
[2026-01-02T22:29:57.075+0000] {processor.py:161} INFO - Started process (PID=33708) to work on /opt/airflow/dags/prediction_features_pipeline.py
[2026-01-02T22:29:57.077+0000] {processor.py:830} INFO - Processing file /opt/airflow/dags/prediction_features_pipeline.py for tasks to queue
[2026-01-02T22:29:57.078+0000] {logging_mixin.py:188} INFO - [2026-01-02T22:29:57.077+0000] {dagbag.py:538} INFO - Filling up the DagBag from /opt/airflow/dags/prediction_features_pipeline.py
[2026-01-02T22:29:57.099+0000] {processor.py:840} INFO - DAG(s) 'match_features_pipeline' retrieved from /opt/airflow/dags/prediction_features_pipeline.py
[2026-01-02T22:29:57.124+0000] {logging_mixin.py:188} INFO - [2026-01-02T22:29:57.124+0000] {dag.py:3036} INFO - Sync 1 DAGs
[2026-01-02T22:29:57.147+0000] {logging_mixin.py:188} INFO - [2026-01-02T22:29:57.147+0000] {dag.py:3823} INFO - Setting next_dagrun for match_features_pipeline to 2026-01-02 00:00:00+00:00, run_after=2026-01-03 00:00:00+00:00
[2026-01-02T22:29:57.167+0000] {processor.py:183} INFO - Processing /opt/airflow/dags/prediction_features_pipeline.py took 0.094 seconds
[2026-01-02T22:30:27.714+0000] {processor.py:161} INFO - Started process (PID=33728) to work on /opt/airflow/dags/prediction_features_pipeline.py
[2026-01-02T22:30:27.716+0000] {processor.py:830} INFO - Processing file /opt/airflow/dags/prediction_features_pipeline.py for tasks to queue
[2026-01-02T22:30:27.717+0000] {logging_mixin.py:188} INFO - [2026-01-02T22:30:27.716+0000] {dagbag.py:538} INFO - Filling up the DagBag from /opt/airflow/dags/prediction_features_pipeline.py
[2026-01-02T22:30:27.738+0000] {processor.py:840} INFO - DAG(s) 'match_features_pipeline' retrieved from /opt/airflow/dags/prediction_features_pipeline.py
[2026-01-02T22:30:27.762+0000] {logging_mixin.py:188} INFO - [2026-01-02T22:30:27.762+0000] {dag.py:3036} INFO - Sync 1 DAGs
[2026-01-02T22:30:27.787+0000] {logging_mixin.py:188} INFO - [2026-01-02T22:30:27.786+0000] {dag.py:3823} INFO - Setting next_dagrun for match_features_pipeline to 2026-01-02 00:00:00+00:00, run_after=2026-01-03 00:00:00+00:00
[2026-01-02T22:30:27.809+0000] {processor.py:183} INFO - Processing /opt/airflow/dags/prediction_features_pipeline.py took 0.098 seconds
[2026-01-02T22:30:58.226+0000] {processor.py:161} INFO - Started process (PID=33748) to work on /opt/airflow/dags/prediction_features_pipeline.py
[2026-01-02T22:30:58.227+0000] {processor.py:830} INFO - Processing file /opt/airflow/dags/prediction_features_pipeline.py for tasks to queue
[2026-01-02T22:30:58.228+0000] {logging_mixin.py:188} INFO - [2026-01-02T22:30:58.228+0000] {dagbag.py:538} INFO - Filling up the DagBag from /opt/airflow/dags/prediction_features_pipeline.py
[2026-01-02T22:30:58.249+0000] {processor.py:840} INFO - DAG(s) 'match_features_pipeline' retrieved from /opt/airflow/dags/prediction_features_pipeline.py
[2026-01-02T22:30:58.273+0000] {logging_mixin.py:188} INFO - [2026-01-02T22:30:58.273+0000] {dag.py:3036} INFO - Sync 1 DAGs
[2026-01-02T22:30:58.296+0000] {logging_mixin.py:188} INFO - [2026-01-02T22:30:58.296+0000] {dag.py:3823} INFO - Setting next_dagrun for match_features_pipeline to 2026-01-02 00:00:00+00:00, run_after=2026-01-03 00:00:00+00:00
[2026-01-02T22:30:58.315+0000] {processor.py:183} INFO - Processing /opt/airflow/dags/prediction_features_pipeline.py took 0.093 seconds
[2026-01-02T22:31:28.780+0000] {processor.py:161} INFO - Started process (PID=33768) to work on /opt/airflow/dags/prediction_features_pipeline.py
[2026-01-02T22:31:28.782+0000] {processor.py:830} INFO - Processing file /opt/airflow/dags/prediction_features_pipeline.py for tasks to queue
[2026-01-02T22:31:28.783+0000] {logging_mixin.py:188} INFO - [2026-01-02T22:31:28.783+0000] {dagbag.py:538} INFO - Filling up the DagBag from /opt/airflow/dags/prediction_features_pipeline.py
[2026-01-02T22:31:28.805+0000] {processor.py:840} INFO - DAG(s) 'match_features_pipeline' retrieved from /opt/airflow/dags/prediction_features_pipeline.py
[2026-01-02T22:31:28.830+0000] {logging_mixin.py:188} INFO - [2026-01-02T22:31:28.830+0000] {dag.py:3036} INFO - Sync 1 DAGs
[2026-01-02T22:31:28.854+0000] {logging_mixin.py:188} INFO - [2026-01-02T22:31:28.854+0000] {dag.py:3823} INFO - Setting next_dagrun for match_features_pipeline to 2026-01-02 00:00:00+00:00, run_after=2026-01-03 00:00:00+00:00
[2026-01-02T22:31:28.881+0000] {processor.py:183} INFO - Processing /opt/airflow/dags/prediction_features_pipeline.py took 0.104 seconds
[2026-01-02T22:31:59.827+0000] {processor.py:161} INFO - Started process (PID=33788) to work on /opt/airflow/dags/prediction_features_pipeline.py
[2026-01-02T22:31:59.836+0000] {processor.py:830} INFO - Processing file /opt/airflow/dags/prediction_features_pipeline.py for tasks to queue
[2026-01-02T22:31:59.846+0000] {logging_mixin.py:188} INFO - [2026-01-02T22:31:59.841+0000] {dagbag.py:538} INFO - Filling up the DagBag from /opt/airflow/dags/prediction_features_pipeline.py
[2026-01-02T22:32:00.013+0000] {processor.py:840} INFO - DAG(s) 'match_features_pipeline' retrieved from /opt/airflow/dags/prediction_features_pipeline.py
[2026-01-02T22:32:00.256+0000] {logging_mixin.py:188} INFO - [2026-01-02T22:32:00.254+0000] {dag.py:3036} INFO - Sync 1 DAGs
[2026-01-02T22:32:00.748+0000] {logging_mixin.py:188} INFO - [2026-01-02T22:32:00.742+0000] {dag.py:3823} INFO - Setting next_dagrun for match_features_pipeline to 2026-01-02 00:00:00+00:00, run_after=2026-01-03 00:00:00+00:00
[2026-01-02T22:32:01.098+0000] {processor.py:183} INFO - Processing /opt/airflow/dags/prediction_features_pipeline.py took 1.306 seconds
