[2026-01-02T02:53:33.259+0000] {processor.py:161} INFO - Started process (PID=25093) to work on /opt/airflow/dags/rugby_pipeline.py
[2026-01-02T02:53:33.268+0000] {processor.py:830} INFO - Processing file /opt/airflow/dags/rugby_pipeline.py for tasks to queue
[2026-01-02T02:53:33.272+0000] {logging_mixin.py:188} INFO - [2026-01-02T02:53:33.271+0000] {dagbag.py:538} INFO - Filling up the DagBag from /opt/airflow/dags/rugby_pipeline.py
[2026-01-02T02:53:33.488+0000] {processor.py:840} INFO - DAG(s) 'rugby_pipeline' retrieved from /opt/airflow/dags/rugby_pipeline.py
[2026-01-02T02:53:33.602+0000] {logging_mixin.py:188} INFO - [2026-01-02T02:53:33.601+0000] {dag.py:3036} INFO - Sync 1 DAGs
[2026-01-02T02:53:33.701+0000] {logging_mixin.py:188} INFO - [2026-01-02T02:53:33.701+0000] {dag.py:3823} INFO - Setting next_dagrun for rugby_pipeline to 2026-01-01 00:00:00+00:00, run_after=2026-01-02 00:00:00+00:00
[2026-01-02T02:53:33.823+0000] {processor.py:183} INFO - Processing /opt/airflow/dags/rugby_pipeline.py took 0.582 seconds
[2026-01-02T18:47:20.487+0000] {processor.py:161} INFO - Started process (PID=25115) to work on /opt/airflow/dags/rugby_pipeline.py
[2026-01-02T18:47:20.511+0000] {processor.py:830} INFO - Processing file /opt/airflow/dags/rugby_pipeline.py for tasks to queue
[2026-01-02T18:47:20.524+0000] {logging_mixin.py:188} INFO - [2026-01-02T18:47:20.523+0000] {dagbag.py:538} INFO - Filling up the DagBag from /opt/airflow/dags/rugby_pipeline.py
[2026-01-02T18:47:20.690+0000] {processor.py:840} INFO - DAG(s) 'rugby_pipeline' retrieved from /opt/airflow/dags/rugby_pipeline.py
[2026-01-02T18:47:20.777+0000] {logging_mixin.py:188} INFO - [2026-01-02T18:47:20.771+0000] {dag.py:3036} INFO - Sync 1 DAGs
[2026-01-02T18:47:20.852+0000] {logging_mixin.py:188} INFO - [2026-01-02T18:47:20.851+0000] {dag.py:3823} INFO - Setting next_dagrun for rugby_pipeline to 2026-01-01 00:00:00+00:00, run_after=2026-01-02 00:00:00+00:00
[2026-01-02T18:47:20.916+0000] {processor.py:183} INFO - Processing /opt/airflow/dags/rugby_pipeline.py took 0.445 seconds
[2026-01-02T18:47:51.632+0000] {processor.py:161} INFO - Started process (PID=25135) to work on /opt/airflow/dags/rugby_pipeline.py
[2026-01-02T18:47:51.633+0000] {processor.py:830} INFO - Processing file /opt/airflow/dags/rugby_pipeline.py for tasks to queue
[2026-01-02T18:47:51.634+0000] {logging_mixin.py:188} INFO - [2026-01-02T18:47:51.634+0000] {dagbag.py:538} INFO - Filling up the DagBag from /opt/airflow/dags/rugby_pipeline.py
[2026-01-02T18:47:51.652+0000] {processor.py:840} INFO - DAG(s) 'rugby_pipeline' retrieved from /opt/airflow/dags/rugby_pipeline.py
[2026-01-02T18:47:51.677+0000] {logging_mixin.py:188} INFO - [2026-01-02T18:47:51.677+0000] {dag.py:3036} INFO - Sync 1 DAGs
[2026-01-02T18:47:51.700+0000] {logging_mixin.py:188} INFO - [2026-01-02T18:47:51.700+0000] {dag.py:3823} INFO - Setting next_dagrun for rugby_pipeline to 2026-01-01 00:00:00+00:00, run_after=2026-01-02 00:00:00+00:00
[2026-01-02T18:47:51.717+0000] {processor.py:183} INFO - Processing /opt/airflow/dags/rugby_pipeline.py took 0.089 seconds
[2026-01-02T18:48:22.126+0000] {processor.py:161} INFO - Started process (PID=25155) to work on /opt/airflow/dags/rugby_pipeline.py
[2026-01-02T18:48:22.127+0000] {processor.py:830} INFO - Processing file /opt/airflow/dags/rugby_pipeline.py for tasks to queue
[2026-01-02T18:48:22.128+0000] {logging_mixin.py:188} INFO - [2026-01-02T18:48:22.128+0000] {dagbag.py:538} INFO - Filling up the DagBag from /opt/airflow/dags/rugby_pipeline.py
[2026-01-02T18:48:22.147+0000] {processor.py:840} INFO - DAG(s) 'rugby_pipeline' retrieved from /opt/airflow/dags/rugby_pipeline.py
[2026-01-02T18:48:22.167+0000] {logging_mixin.py:188} INFO - [2026-01-02T18:48:22.167+0000] {dag.py:3036} INFO - Sync 1 DAGs
[2026-01-02T18:48:22.188+0000] {logging_mixin.py:188} INFO - [2026-01-02T18:48:22.187+0000] {dag.py:3823} INFO - Setting next_dagrun for rugby_pipeline to 2026-01-01 00:00:00+00:00, run_after=2026-01-02 00:00:00+00:00
[2026-01-02T18:48:22.205+0000] {processor.py:183} INFO - Processing /opt/airflow/dags/rugby_pipeline.py took 0.083 seconds
[2026-01-02T18:48:52.627+0000] {processor.py:161} INFO - Started process (PID=25175) to work on /opt/airflow/dags/rugby_pipeline.py
[2026-01-02T18:48:52.628+0000] {processor.py:830} INFO - Processing file /opt/airflow/dags/rugby_pipeline.py for tasks to queue
[2026-01-02T18:48:52.630+0000] {logging_mixin.py:188} INFO - [2026-01-02T18:48:52.629+0000] {dagbag.py:538} INFO - Filling up the DagBag from /opt/airflow/dags/rugby_pipeline.py
[2026-01-02T18:48:52.649+0000] {processor.py:840} INFO - DAG(s) 'rugby_pipeline' retrieved from /opt/airflow/dags/rugby_pipeline.py
[2026-01-02T18:48:52.670+0000] {logging_mixin.py:188} INFO - [2026-01-02T18:48:52.670+0000] {dag.py:3036} INFO - Sync 1 DAGs
[2026-01-02T18:48:52.691+0000] {logging_mixin.py:188} INFO - [2026-01-02T18:48:52.690+0000] {dag.py:3823} INFO - Setting next_dagrun for rugby_pipeline to 2026-01-01 00:00:00+00:00, run_after=2026-01-02 00:00:00+00:00
[2026-01-02T18:48:52.708+0000] {processor.py:183} INFO - Processing /opt/airflow/dags/rugby_pipeline.py took 0.084 seconds
[2026-01-02T18:49:23.258+0000] {processor.py:161} INFO - Started process (PID=25195) to work on /opt/airflow/dags/rugby_pipeline.py
[2026-01-02T18:49:23.259+0000] {processor.py:830} INFO - Processing file /opt/airflow/dags/rugby_pipeline.py for tasks to queue
[2026-01-02T18:49:23.260+0000] {logging_mixin.py:188} INFO - [2026-01-02T18:49:23.260+0000] {dagbag.py:538} INFO - Filling up the DagBag from /opt/airflow/dags/rugby_pipeline.py
[2026-01-02T18:49:23.285+0000] {processor.py:840} INFO - DAG(s) 'rugby_pipeline' retrieved from /opt/airflow/dags/rugby_pipeline.py
[2026-01-02T18:49:23.313+0000] {logging_mixin.py:188} INFO - [2026-01-02T18:49:23.313+0000] {dag.py:3036} INFO - Sync 1 DAGs
[2026-01-02T18:49:23.339+0000] {logging_mixin.py:188} INFO - [2026-01-02T18:49:23.339+0000] {dag.py:3823} INFO - Setting next_dagrun for rugby_pipeline to 2026-01-01 00:00:00+00:00, run_after=2026-01-02 00:00:00+00:00
[2026-01-02T18:49:23.362+0000] {processor.py:183} INFO - Processing /opt/airflow/dags/rugby_pipeline.py took 0.109 seconds
[2026-01-02T18:49:53.779+0000] {processor.py:161} INFO - Started process (PID=25215) to work on /opt/airflow/dags/rugby_pipeline.py
[2026-01-02T18:49:53.780+0000] {processor.py:830} INFO - Processing file /opt/airflow/dags/rugby_pipeline.py for tasks to queue
[2026-01-02T18:49:53.781+0000] {logging_mixin.py:188} INFO - [2026-01-02T18:49:53.781+0000] {dagbag.py:538} INFO - Filling up the DagBag from /opt/airflow/dags/rugby_pipeline.py
[2026-01-02T18:49:53.800+0000] {processor.py:840} INFO - DAG(s) 'rugby_pipeline' retrieved from /opt/airflow/dags/rugby_pipeline.py
[2026-01-02T18:49:53.822+0000] {logging_mixin.py:188} INFO - [2026-01-02T18:49:53.821+0000] {dag.py:3036} INFO - Sync 1 DAGs
[2026-01-02T18:49:53.843+0000] {logging_mixin.py:188} INFO - [2026-01-02T18:49:53.843+0000] {dag.py:3823} INFO - Setting next_dagrun for rugby_pipeline to 2026-01-01 00:00:00+00:00, run_after=2026-01-02 00:00:00+00:00
[2026-01-02T18:49:53.871+0000] {processor.py:183} INFO - Processing /opt/airflow/dags/rugby_pipeline.py took 0.095 seconds
[2026-01-02T18:50:24.203+0000] {processor.py:161} INFO - Started process (PID=25235) to work on /opt/airflow/dags/rugby_pipeline.py
[2026-01-02T18:50:24.204+0000] {processor.py:830} INFO - Processing file /opt/airflow/dags/rugby_pipeline.py for tasks to queue
[2026-01-02T18:50:24.205+0000] {logging_mixin.py:188} INFO - [2026-01-02T18:50:24.205+0000] {dagbag.py:538} INFO - Filling up the DagBag from /opt/airflow/dags/rugby_pipeline.py
[2026-01-02T18:50:24.224+0000] {processor.py:840} INFO - DAG(s) 'rugby_pipeline' retrieved from /opt/airflow/dags/rugby_pipeline.py
[2026-01-02T18:50:24.247+0000] {logging_mixin.py:188} INFO - [2026-01-02T18:50:24.247+0000] {dag.py:3036} INFO - Sync 1 DAGs
[2026-01-02T18:50:24.270+0000] {logging_mixin.py:188} INFO - [2026-01-02T18:50:24.270+0000] {dag.py:3823} INFO - Setting next_dagrun for rugby_pipeline to 2026-01-01 00:00:00+00:00, run_after=2026-01-02 00:00:00+00:00
[2026-01-02T18:50:24.298+0000] {processor.py:183} INFO - Processing /opt/airflow/dags/rugby_pipeline.py took 0.099 seconds
[2026-01-02T18:50:54.621+0000] {processor.py:161} INFO - Started process (PID=25255) to work on /opt/airflow/dags/rugby_pipeline.py
[2026-01-02T18:50:54.622+0000] {processor.py:830} INFO - Processing file /opt/airflow/dags/rugby_pipeline.py for tasks to queue
[2026-01-02T18:50:54.623+0000] {logging_mixin.py:188} INFO - [2026-01-02T18:50:54.623+0000] {dagbag.py:538} INFO - Filling up the DagBag from /opt/airflow/dags/rugby_pipeline.py
[2026-01-02T18:50:54.643+0000] {processor.py:840} INFO - DAG(s) 'rugby_pipeline' retrieved from /opt/airflow/dags/rugby_pipeline.py
[2026-01-02T18:50:54.665+0000] {logging_mixin.py:188} INFO - [2026-01-02T18:50:54.665+0000] {dag.py:3036} INFO - Sync 1 DAGs
[2026-01-02T18:50:54.686+0000] {logging_mixin.py:188} INFO - [2026-01-02T18:50:54.686+0000] {dag.py:3823} INFO - Setting next_dagrun for rugby_pipeline to 2026-01-01 00:00:00+00:00, run_after=2026-01-02 00:00:00+00:00
[2026-01-02T18:50:54.704+0000] {processor.py:183} INFO - Processing /opt/airflow/dags/rugby_pipeline.py took 0.086 seconds
[2026-01-02T18:51:25.036+0000] {processor.py:161} INFO - Started process (PID=25275) to work on /opt/airflow/dags/rugby_pipeline.py
[2026-01-02T18:51:25.037+0000] {processor.py:830} INFO - Processing file /opt/airflow/dags/rugby_pipeline.py for tasks to queue
[2026-01-02T18:51:25.038+0000] {logging_mixin.py:188} INFO - [2026-01-02T18:51:25.038+0000] {dagbag.py:538} INFO - Filling up the DagBag from /opt/airflow/dags/rugby_pipeline.py
[2026-01-02T18:51:25.057+0000] {processor.py:840} INFO - DAG(s) 'rugby_pipeline' retrieved from /opt/airflow/dags/rugby_pipeline.py
[2026-01-02T18:51:25.077+0000] {logging_mixin.py:188} INFO - [2026-01-02T18:51:25.077+0000] {dag.py:3036} INFO - Sync 1 DAGs
[2026-01-02T18:51:25.097+0000] {logging_mixin.py:188} INFO - [2026-01-02T18:51:25.097+0000] {dag.py:3823} INFO - Setting next_dagrun for rugby_pipeline to 2026-01-01 00:00:00+00:00, run_after=2026-01-02 00:00:00+00:00
[2026-01-02T18:51:25.126+0000] {processor.py:183} INFO - Processing /opt/airflow/dags/rugby_pipeline.py took 0.094 seconds
[2026-01-02T18:51:55.580+0000] {processor.py:161} INFO - Started process (PID=25295) to work on /opt/airflow/dags/rugby_pipeline.py
[2026-01-02T18:51:55.581+0000] {processor.py:830} INFO - Processing file /opt/airflow/dags/rugby_pipeline.py for tasks to queue
[2026-01-02T18:51:55.583+0000] {logging_mixin.py:188} INFO - [2026-01-02T18:51:55.582+0000] {dagbag.py:538} INFO - Filling up the DagBag from /opt/airflow/dags/rugby_pipeline.py
[2026-01-02T18:51:55.603+0000] {processor.py:840} INFO - DAG(s) 'rugby_pipeline' retrieved from /opt/airflow/dags/rugby_pipeline.py
[2026-01-02T18:51:55.626+0000] {logging_mixin.py:188} INFO - [2026-01-02T18:51:55.626+0000] {dag.py:3036} INFO - Sync 1 DAGs
[2026-01-02T18:51:55.647+0000] {logging_mixin.py:188} INFO - [2026-01-02T18:51:55.647+0000] {dag.py:3823} INFO - Setting next_dagrun for rugby_pipeline to 2026-01-01 00:00:00+00:00, run_after=2026-01-02 00:00:00+00:00
[2026-01-02T18:51:55.665+0000] {processor.py:183} INFO - Processing /opt/airflow/dags/rugby_pipeline.py took 0.089 seconds
[2026-01-02T18:52:26.056+0000] {processor.py:161} INFO - Started process (PID=25315) to work on /opt/airflow/dags/rugby_pipeline.py
[2026-01-02T18:52:26.057+0000] {processor.py:830} INFO - Processing file /opt/airflow/dags/rugby_pipeline.py for tasks to queue
[2026-01-02T18:52:26.058+0000] {logging_mixin.py:188} INFO - [2026-01-02T18:52:26.058+0000] {dagbag.py:538} INFO - Filling up the DagBag from /opt/airflow/dags/rugby_pipeline.py
[2026-01-02T18:52:26.079+0000] {processor.py:840} INFO - DAG(s) 'rugby_pipeline' retrieved from /opt/airflow/dags/rugby_pipeline.py
[2026-01-02T18:52:26.102+0000] {logging_mixin.py:188} INFO - [2026-01-02T18:52:26.102+0000] {dag.py:3036} INFO - Sync 1 DAGs
[2026-01-02T18:52:26.126+0000] {logging_mixin.py:188} INFO - [2026-01-02T18:52:26.125+0000] {dag.py:3823} INFO - Setting next_dagrun for rugby_pipeline to 2026-01-01 00:00:00+00:00, run_after=2026-01-02 00:00:00+00:00
[2026-01-02T18:52:26.144+0000] {processor.py:183} INFO - Processing /opt/airflow/dags/rugby_pipeline.py took 0.093 seconds
[2026-01-02T18:52:56.462+0000] {processor.py:161} INFO - Started process (PID=25341) to work on /opt/airflow/dags/rugby_pipeline.py
[2026-01-02T18:52:56.463+0000] {processor.py:830} INFO - Processing file /opt/airflow/dags/rugby_pipeline.py for tasks to queue
[2026-01-02T18:52:56.464+0000] {logging_mixin.py:188} INFO - [2026-01-02T18:52:56.463+0000] {dagbag.py:538} INFO - Filling up the DagBag from /opt/airflow/dags/rugby_pipeline.py
[2026-01-02T18:52:56.483+0000] {processor.py:840} INFO - DAG(s) 'rugby_pipeline' retrieved from /opt/airflow/dags/rugby_pipeline.py
[2026-01-02T18:52:56.505+0000] {logging_mixin.py:188} INFO - [2026-01-02T18:52:56.504+0000] {dag.py:3036} INFO - Sync 1 DAGs
[2026-01-02T18:52:56.525+0000] {logging_mixin.py:188} INFO - [2026-01-02T18:52:56.525+0000] {dag.py:3823} INFO - Setting next_dagrun for rugby_pipeline to 2026-01-02 00:00:00+00:00, run_after=2026-01-03 00:00:00+00:00
[2026-01-02T18:52:56.543+0000] {processor.py:183} INFO - Processing /opt/airflow/dags/rugby_pipeline.py took 0.085 seconds
[2026-01-02T18:53:26.871+0000] {processor.py:161} INFO - Started process (PID=25363) to work on /opt/airflow/dags/rugby_pipeline.py
[2026-01-02T18:53:26.872+0000] {processor.py:830} INFO - Processing file /opt/airflow/dags/rugby_pipeline.py for tasks to queue
[2026-01-02T18:53:26.873+0000] {logging_mixin.py:188} INFO - [2026-01-02T18:53:26.873+0000] {dagbag.py:538} INFO - Filling up the DagBag from /opt/airflow/dags/rugby_pipeline.py
[2026-01-02T18:53:26.894+0000] {processor.py:840} INFO - DAG(s) 'rugby_pipeline' retrieved from /opt/airflow/dags/rugby_pipeline.py
[2026-01-02T18:53:26.918+0000] {logging_mixin.py:188} INFO - [2026-01-02T18:53:26.917+0000] {dag.py:3036} INFO - Sync 1 DAGs
[2026-01-02T18:53:26.940+0000] {logging_mixin.py:188} INFO - [2026-01-02T18:53:26.940+0000] {dag.py:3823} INFO - Setting next_dagrun for rugby_pipeline to 2026-01-02 00:00:00+00:00, run_after=2026-01-03 00:00:00+00:00
[2026-01-02T18:53:26.970+0000] {processor.py:183} INFO - Processing /opt/airflow/dags/rugby_pipeline.py took 0.102 seconds
[2026-01-02T18:53:57.294+0000] {processor.py:161} INFO - Started process (PID=25383) to work on /opt/airflow/dags/rugby_pipeline.py
[2026-01-02T18:53:57.295+0000] {processor.py:830} INFO - Processing file /opt/airflow/dags/rugby_pipeline.py for tasks to queue
[2026-01-02T18:53:57.297+0000] {logging_mixin.py:188} INFO - [2026-01-02T18:53:57.296+0000] {dagbag.py:538} INFO - Filling up the DagBag from /opt/airflow/dags/rugby_pipeline.py
[2026-01-02T18:53:57.317+0000] {processor.py:840} INFO - DAG(s) 'rugby_pipeline' retrieved from /opt/airflow/dags/rugby_pipeline.py
[2026-01-02T18:53:57.339+0000] {logging_mixin.py:188} INFO - [2026-01-02T18:53:57.339+0000] {dag.py:3036} INFO - Sync 1 DAGs
[2026-01-02T18:53:57.361+0000] {logging_mixin.py:188} INFO - [2026-01-02T18:53:57.360+0000] {dag.py:3823} INFO - Setting next_dagrun for rugby_pipeline to 2026-01-02 00:00:00+00:00, run_after=2026-01-03 00:00:00+00:00
[2026-01-02T18:53:57.380+0000] {processor.py:183} INFO - Processing /opt/airflow/dags/rugby_pipeline.py took 0.090 seconds
[2026-01-02T18:54:27.755+0000] {processor.py:161} INFO - Started process (PID=25403) to work on /opt/airflow/dags/rugby_pipeline.py
[2026-01-02T18:54:27.756+0000] {processor.py:830} INFO - Processing file /opt/airflow/dags/rugby_pipeline.py for tasks to queue
[2026-01-02T18:54:27.758+0000] {logging_mixin.py:188} INFO - [2026-01-02T18:54:27.757+0000] {dagbag.py:538} INFO - Filling up the DagBag from /opt/airflow/dags/rugby_pipeline.py
[2026-01-02T18:54:27.779+0000] {processor.py:840} INFO - DAG(s) 'rugby_pipeline' retrieved from /opt/airflow/dags/rugby_pipeline.py
[2026-01-02T18:54:27.802+0000] {logging_mixin.py:188} INFO - [2026-01-02T18:54:27.802+0000] {dag.py:3036} INFO - Sync 1 DAGs
[2026-01-02T18:54:27.826+0000] {logging_mixin.py:188} INFO - [2026-01-02T18:54:27.826+0000] {dag.py:3823} INFO - Setting next_dagrun for rugby_pipeline to 2026-01-02 00:00:00+00:00, run_after=2026-01-03 00:00:00+00:00
[2026-01-02T18:54:27.847+0000] {processor.py:183} INFO - Processing /opt/airflow/dags/rugby_pipeline.py took 0.096 seconds
[2026-01-02T18:54:58.162+0000] {processor.py:161} INFO - Started process (PID=25423) to work on /opt/airflow/dags/rugby_pipeline.py
[2026-01-02T18:54:58.163+0000] {processor.py:830} INFO - Processing file /opt/airflow/dags/rugby_pipeline.py for tasks to queue
[2026-01-02T18:54:58.164+0000] {logging_mixin.py:188} INFO - [2026-01-02T18:54:58.164+0000] {dagbag.py:538} INFO - Filling up the DagBag from /opt/airflow/dags/rugby_pipeline.py
[2026-01-02T18:54:58.184+0000] {processor.py:840} INFO - DAG(s) 'rugby_pipeline' retrieved from /opt/airflow/dags/rugby_pipeline.py
[2026-01-02T18:54:58.206+0000] {logging_mixin.py:188} INFO - [2026-01-02T18:54:58.205+0000] {dag.py:3036} INFO - Sync 1 DAGs
[2026-01-02T18:54:58.227+0000] {logging_mixin.py:188} INFO - [2026-01-02T18:54:58.227+0000] {dag.py:3823} INFO - Setting next_dagrun for rugby_pipeline to 2026-01-02 00:00:00+00:00, run_after=2026-01-03 00:00:00+00:00
[2026-01-02T18:54:58.256+0000] {processor.py:183} INFO - Processing /opt/airflow/dags/rugby_pipeline.py took 0.098 seconds
[2026-01-02T18:55:28.683+0000] {processor.py:161} INFO - Started process (PID=25443) to work on /opt/airflow/dags/rugby_pipeline.py
[2026-01-02T18:55:28.684+0000] {processor.py:830} INFO - Processing file /opt/airflow/dags/rugby_pipeline.py for tasks to queue
[2026-01-02T18:55:28.685+0000] {logging_mixin.py:188} INFO - [2026-01-02T18:55:28.685+0000] {dagbag.py:538} INFO - Filling up the DagBag from /opt/airflow/dags/rugby_pipeline.py
[2026-01-02T18:55:28.705+0000] {processor.py:840} INFO - DAG(s) 'rugby_pipeline' retrieved from /opt/airflow/dags/rugby_pipeline.py
[2026-01-02T18:55:28.726+0000] {logging_mixin.py:188} INFO - [2026-01-02T18:55:28.726+0000] {dag.py:3036} INFO - Sync 1 DAGs
[2026-01-02T18:55:28.748+0000] {logging_mixin.py:188} INFO - [2026-01-02T18:55:28.748+0000] {dag.py:3823} INFO - Setting next_dagrun for rugby_pipeline to 2026-01-02 00:00:00+00:00, run_after=2026-01-03 00:00:00+00:00
[2026-01-02T18:55:28.766+0000] {processor.py:183} INFO - Processing /opt/airflow/dags/rugby_pipeline.py took 0.087 seconds
[2026-01-02T18:55:59.200+0000] {processor.py:161} INFO - Started process (PID=25463) to work on /opt/airflow/dags/rugby_pipeline.py
[2026-01-02T18:55:59.201+0000] {processor.py:830} INFO - Processing file /opt/airflow/dags/rugby_pipeline.py for tasks to queue
[2026-01-02T18:55:59.202+0000] {logging_mixin.py:188} INFO - [2026-01-02T18:55:59.202+0000] {dagbag.py:538} INFO - Filling up the DagBag from /opt/airflow/dags/rugby_pipeline.py
[2026-01-02T18:55:59.221+0000] {processor.py:840} INFO - DAG(s) 'rugby_pipeline' retrieved from /opt/airflow/dags/rugby_pipeline.py
[2026-01-02T18:55:59.242+0000] {logging_mixin.py:188} INFO - [2026-01-02T18:55:59.242+0000] {dag.py:3036} INFO - Sync 1 DAGs
[2026-01-02T18:55:59.264+0000] {logging_mixin.py:188} INFO - [2026-01-02T18:55:59.263+0000] {dag.py:3823} INFO - Setting next_dagrun for rugby_pipeline to 2026-01-02 00:00:00+00:00, run_after=2026-01-03 00:00:00+00:00
[2026-01-02T18:55:59.292+0000] {processor.py:183} INFO - Processing /opt/airflow/dags/rugby_pipeline.py took 0.095 seconds
[2026-01-02T18:56:29.731+0000] {processor.py:161} INFO - Started process (PID=25486) to work on /opt/airflow/dags/rugby_pipeline.py
[2026-01-02T18:56:29.732+0000] {processor.py:830} INFO - Processing file /opt/airflow/dags/rugby_pipeline.py for tasks to queue
[2026-01-02T18:56:29.733+0000] {logging_mixin.py:188} INFO - [2026-01-02T18:56:29.733+0000] {dagbag.py:538} INFO - Filling up the DagBag from /opt/airflow/dags/rugby_pipeline.py
[2026-01-02T18:56:29.755+0000] {processor.py:840} INFO - DAG(s) 'rugby_pipeline' retrieved from /opt/airflow/dags/rugby_pipeline.py
[2026-01-02T18:56:29.780+0000] {logging_mixin.py:188} INFO - [2026-01-02T18:56:29.780+0000] {dag.py:3036} INFO - Sync 1 DAGs
[2026-01-02T18:56:29.801+0000] {logging_mixin.py:188} INFO - [2026-01-02T18:56:29.801+0000] {dag.py:3823} INFO - Setting next_dagrun for rugby_pipeline to 2026-01-02 00:00:00+00:00, run_after=2026-01-03 00:00:00+00:00
[2026-01-02T18:56:29.831+0000] {processor.py:183} INFO - Processing /opt/airflow/dags/rugby_pipeline.py took 0.107 seconds
[2026-01-02T18:57:00.256+0000] {processor.py:161} INFO - Started process (PID=25508) to work on /opt/airflow/dags/rugby_pipeline.py
[2026-01-02T18:57:00.257+0000] {processor.py:830} INFO - Processing file /opt/airflow/dags/rugby_pipeline.py for tasks to queue
[2026-01-02T18:57:00.258+0000] {logging_mixin.py:188} INFO - [2026-01-02T18:57:00.258+0000] {dagbag.py:538} INFO - Filling up the DagBag from /opt/airflow/dags/rugby_pipeline.py
[2026-01-02T18:57:00.277+0000] {processor.py:840} INFO - DAG(s) 'rugby_pipeline' retrieved from /opt/airflow/dags/rugby_pipeline.py
[2026-01-02T18:57:00.300+0000] {logging_mixin.py:188} INFO - [2026-01-02T18:57:00.299+0000] {dag.py:3036} INFO - Sync 1 DAGs
[2026-01-02T18:57:00.320+0000] {logging_mixin.py:188} INFO - [2026-01-02T18:57:00.320+0000] {dag.py:3823} INFO - Setting next_dagrun for rugby_pipeline to 2026-01-02 00:00:00+00:00, run_after=2026-01-03 00:00:00+00:00
[2026-01-02T18:57:00.350+0000] {processor.py:183} INFO - Processing /opt/airflow/dags/rugby_pipeline.py took 0.097 seconds
[2026-01-02T18:57:30.726+0000] {processor.py:161} INFO - Started process (PID=25528) to work on /opt/airflow/dags/rugby_pipeline.py
[2026-01-02T18:57:30.727+0000] {processor.py:830} INFO - Processing file /opt/airflow/dags/rugby_pipeline.py for tasks to queue
[2026-01-02T18:57:30.728+0000] {logging_mixin.py:188} INFO - [2026-01-02T18:57:30.727+0000] {dagbag.py:538} INFO - Filling up the DagBag from /opt/airflow/dags/rugby_pipeline.py
[2026-01-02T18:57:30.747+0000] {processor.py:840} INFO - DAG(s) 'rugby_pipeline' retrieved from /opt/airflow/dags/rugby_pipeline.py
[2026-01-02T18:57:30.768+0000] {logging_mixin.py:188} INFO - [2026-01-02T18:57:30.768+0000] {dag.py:3036} INFO - Sync 1 DAGs
[2026-01-02T18:57:30.789+0000] {logging_mixin.py:188} INFO - [2026-01-02T18:57:30.789+0000] {dag.py:3823} INFO - Setting next_dagrun for rugby_pipeline to 2026-01-02 00:00:00+00:00, run_after=2026-01-03 00:00:00+00:00
[2026-01-02T18:57:30.807+0000] {processor.py:183} INFO - Processing /opt/airflow/dags/rugby_pipeline.py took 0.084 seconds
[2026-01-02T18:58:01.241+0000] {processor.py:161} INFO - Started process (PID=25548) to work on /opt/airflow/dags/rugby_pipeline.py
[2026-01-02T18:58:01.242+0000] {processor.py:830} INFO - Processing file /opt/airflow/dags/rugby_pipeline.py for tasks to queue
[2026-01-02T18:58:01.243+0000] {logging_mixin.py:188} INFO - [2026-01-02T18:58:01.243+0000] {dagbag.py:538} INFO - Filling up the DagBag from /opt/airflow/dags/rugby_pipeline.py
[2026-01-02T18:58:01.261+0000] {processor.py:840} INFO - DAG(s) 'rugby_pipeline' retrieved from /opt/airflow/dags/rugby_pipeline.py
[2026-01-02T18:58:01.282+0000] {logging_mixin.py:188} INFO - [2026-01-02T18:58:01.282+0000] {dag.py:3036} INFO - Sync 1 DAGs
[2026-01-02T18:58:01.303+0000] {logging_mixin.py:188} INFO - [2026-01-02T18:58:01.303+0000] {dag.py:3823} INFO - Setting next_dagrun for rugby_pipeline to 2026-01-02 00:00:00+00:00, run_after=2026-01-03 00:00:00+00:00
[2026-01-02T18:58:01.322+0000] {processor.py:183} INFO - Processing /opt/airflow/dags/rugby_pipeline.py took 0.084 seconds
[2026-01-02T18:58:31.644+0000] {processor.py:161} INFO - Started process (PID=25568) to work on /opt/airflow/dags/rugby_pipeline.py
[2026-01-02T18:58:31.646+0000] {processor.py:830} INFO - Processing file /opt/airflow/dags/rugby_pipeline.py for tasks to queue
[2026-01-02T18:58:31.648+0000] {logging_mixin.py:188} INFO - [2026-01-02T18:58:31.647+0000] {dagbag.py:538} INFO - Filling up the DagBag from /opt/airflow/dags/rugby_pipeline.py
[2026-01-02T18:58:31.669+0000] {processor.py:840} INFO - DAG(s) 'rugby_pipeline' retrieved from /opt/airflow/dags/rugby_pipeline.py
[2026-01-02T18:58:31.695+0000] {logging_mixin.py:188} INFO - [2026-01-02T18:58:31.695+0000] {dag.py:3036} INFO - Sync 1 DAGs
[2026-01-02T18:58:31.718+0000] {logging_mixin.py:188} INFO - [2026-01-02T18:58:31.717+0000] {dag.py:3823} INFO - Setting next_dagrun for rugby_pipeline to 2026-01-02 00:00:00+00:00, run_after=2026-01-03 00:00:00+00:00
[2026-01-02T18:58:31.736+0000] {processor.py:183} INFO - Processing /opt/airflow/dags/rugby_pipeline.py took 0.095 seconds
[2026-01-02T18:59:02.080+0000] {processor.py:161} INFO - Started process (PID=25588) to work on /opt/airflow/dags/rugby_pipeline.py
[2026-01-02T18:59:02.081+0000] {processor.py:830} INFO - Processing file /opt/airflow/dags/rugby_pipeline.py for tasks to queue
[2026-01-02T18:59:02.082+0000] {logging_mixin.py:188} INFO - [2026-01-02T18:59:02.082+0000] {dagbag.py:538} INFO - Filling up the DagBag from /opt/airflow/dags/rugby_pipeline.py
[2026-01-02T18:59:02.101+0000] {processor.py:840} INFO - DAG(s) 'rugby_pipeline' retrieved from /opt/airflow/dags/rugby_pipeline.py
[2026-01-02T18:59:02.122+0000] {logging_mixin.py:188} INFO - [2026-01-02T18:59:02.122+0000] {dag.py:3036} INFO - Sync 1 DAGs
[2026-01-02T18:59:02.143+0000] {logging_mixin.py:188} INFO - [2026-01-02T18:59:02.143+0000] {dag.py:3823} INFO - Setting next_dagrun for rugby_pipeline to 2026-01-02 00:00:00+00:00, run_after=2026-01-03 00:00:00+00:00
[2026-01-02T18:59:02.172+0000] {processor.py:183} INFO - Processing /opt/airflow/dags/rugby_pipeline.py took 0.095 seconds
[2026-01-02T18:59:32.493+0000] {processor.py:161} INFO - Started process (PID=25613) to work on /opt/airflow/dags/rugby_pipeline.py
[2026-01-02T18:59:32.495+0000] {processor.py:830} INFO - Processing file /opt/airflow/dags/rugby_pipeline.py for tasks to queue
[2026-01-02T18:59:32.496+0000] {logging_mixin.py:188} INFO - [2026-01-02T18:59:32.495+0000] {dagbag.py:538} INFO - Filling up the DagBag from /opt/airflow/dags/rugby_pipeline.py
[2026-01-02T18:59:32.518+0000] {processor.py:840} INFO - DAG(s) 'rugby_pipeline' retrieved from /opt/airflow/dags/rugby_pipeline.py
[2026-01-02T18:59:32.543+0000] {logging_mixin.py:188} INFO - [2026-01-02T18:59:32.543+0000] {dag.py:3036} INFO - Sync 1 DAGs
[2026-01-02T18:59:32.567+0000] {logging_mixin.py:188} INFO - [2026-01-02T18:59:32.567+0000] {dag.py:3823} INFO - Setting next_dagrun for rugby_pipeline to 2026-01-02 00:00:00+00:00, run_after=2026-01-03 00:00:00+00:00
[2026-01-02T18:59:32.588+0000] {processor.py:183} INFO - Processing /opt/airflow/dags/rugby_pipeline.py took 0.098 seconds
[2026-01-02T19:00:02.915+0000] {processor.py:161} INFO - Started process (PID=25633) to work on /opt/airflow/dags/rugby_pipeline.py
[2026-01-02T19:00:02.916+0000] {processor.py:830} INFO - Processing file /opt/airflow/dags/rugby_pipeline.py for tasks to queue
[2026-01-02T19:00:02.917+0000] {logging_mixin.py:188} INFO - [2026-01-02T19:00:02.916+0000] {dagbag.py:538} INFO - Filling up the DagBag from /opt/airflow/dags/rugby_pipeline.py
[2026-01-02T19:00:02.936+0000] {processor.py:840} INFO - DAG(s) 'rugby_pipeline' retrieved from /opt/airflow/dags/rugby_pipeline.py
[2026-01-02T19:00:02.957+0000] {logging_mixin.py:188} INFO - [2026-01-02T19:00:02.957+0000] {dag.py:3036} INFO - Sync 1 DAGs
[2026-01-02T19:00:02.979+0000] {logging_mixin.py:188} INFO - [2026-01-02T19:00:02.979+0000] {dag.py:3823} INFO - Setting next_dagrun for rugby_pipeline to 2026-01-02 00:00:00+00:00, run_after=2026-01-03 00:00:00+00:00
[2026-01-02T19:00:02.998+0000] {processor.py:183} INFO - Processing /opt/airflow/dags/rugby_pipeline.py took 0.087 seconds
[2026-01-02T19:00:33.439+0000] {processor.py:161} INFO - Started process (PID=25653) to work on /opt/airflow/dags/rugby_pipeline.py
[2026-01-02T19:00:33.440+0000] {processor.py:830} INFO - Processing file /opt/airflow/dags/rugby_pipeline.py for tasks to queue
[2026-01-02T19:00:33.441+0000] {logging_mixin.py:188} INFO - [2026-01-02T19:00:33.441+0000] {dagbag.py:538} INFO - Filling up the DagBag from /opt/airflow/dags/rugby_pipeline.py
[2026-01-02T19:00:33.461+0000] {processor.py:840} INFO - DAG(s) 'rugby_pipeline' retrieved from /opt/airflow/dags/rugby_pipeline.py
[2026-01-02T19:00:33.482+0000] {logging_mixin.py:188} INFO - [2026-01-02T19:00:33.482+0000] {dag.py:3036} INFO - Sync 1 DAGs
[2026-01-02T19:00:33.504+0000] {logging_mixin.py:188} INFO - [2026-01-02T19:00:33.504+0000] {dag.py:3823} INFO - Setting next_dagrun for rugby_pipeline to 2026-01-02 00:00:00+00:00, run_after=2026-01-03 00:00:00+00:00
[2026-01-02T19:00:33.534+0000] {processor.py:183} INFO - Processing /opt/airflow/dags/rugby_pipeline.py took 0.098 seconds
[2026-01-02T19:01:03.959+0000] {processor.py:161} INFO - Started process (PID=25673) to work on /opt/airflow/dags/rugby_pipeline.py
[2026-01-02T19:01:03.961+0000] {processor.py:830} INFO - Processing file /opt/airflow/dags/rugby_pipeline.py for tasks to queue
[2026-01-02T19:01:03.962+0000] {logging_mixin.py:188} INFO - [2026-01-02T19:01:03.961+0000] {dagbag.py:538} INFO - Filling up the DagBag from /opt/airflow/dags/rugby_pipeline.py
[2026-01-02T19:01:03.981+0000] {processor.py:840} INFO - DAG(s) 'rugby_pipeline' retrieved from /opt/airflow/dags/rugby_pipeline.py
[2026-01-02T19:01:04.001+0000] {logging_mixin.py:188} INFO - [2026-01-02T19:01:04.001+0000] {dag.py:3036} INFO - Sync 1 DAGs
[2026-01-02T19:01:04.023+0000] {logging_mixin.py:188} INFO - [2026-01-02T19:01:04.023+0000] {dag.py:3823} INFO - Setting next_dagrun for rugby_pipeline to 2026-01-02 00:00:00+00:00, run_after=2026-01-03 00:00:00+00:00
[2026-01-02T19:01:04.039+0000] {processor.py:183} INFO - Processing /opt/airflow/dags/rugby_pipeline.py took 0.084 seconds
[2026-01-02T19:01:34.390+0000] {processor.py:161} INFO - Started process (PID=25693) to work on /opt/airflow/dags/rugby_pipeline.py
[2026-01-02T19:01:34.391+0000] {processor.py:830} INFO - Processing file /opt/airflow/dags/rugby_pipeline.py for tasks to queue
[2026-01-02T19:01:34.392+0000] {logging_mixin.py:188} INFO - [2026-01-02T19:01:34.392+0000] {dagbag.py:538} INFO - Filling up the DagBag from /opt/airflow/dags/rugby_pipeline.py
[2026-01-02T19:01:34.412+0000] {processor.py:840} INFO - DAG(s) 'rugby_pipeline' retrieved from /opt/airflow/dags/rugby_pipeline.py
[2026-01-02T19:01:34.432+0000] {logging_mixin.py:188} INFO - [2026-01-02T19:01:34.432+0000] {dag.py:3036} INFO - Sync 1 DAGs
[2026-01-02T19:01:34.454+0000] {logging_mixin.py:188} INFO - [2026-01-02T19:01:34.454+0000] {dag.py:3823} INFO - Setting next_dagrun for rugby_pipeline to 2026-01-02 00:00:00+00:00, run_after=2026-01-03 00:00:00+00:00
[2026-01-02T19:01:34.482+0000] {processor.py:183} INFO - Processing /opt/airflow/dags/rugby_pipeline.py took 0.095 seconds
[2026-01-02T19:02:04.796+0000] {processor.py:161} INFO - Started process (PID=25713) to work on /opt/airflow/dags/rugby_pipeline.py
[2026-01-02T19:02:04.797+0000] {processor.py:830} INFO - Processing file /opt/airflow/dags/rugby_pipeline.py for tasks to queue
[2026-01-02T19:02:04.798+0000] {logging_mixin.py:188} INFO - [2026-01-02T19:02:04.798+0000] {dagbag.py:538} INFO - Filling up the DagBag from /opt/airflow/dags/rugby_pipeline.py
[2026-01-02T19:02:04.817+0000] {processor.py:840} INFO - DAG(s) 'rugby_pipeline' retrieved from /opt/airflow/dags/rugby_pipeline.py
[2026-01-02T19:02:04.838+0000] {logging_mixin.py:188} INFO - [2026-01-02T19:02:04.838+0000] {dag.py:3036} INFO - Sync 1 DAGs
[2026-01-02T19:02:04.858+0000] {logging_mixin.py:188} INFO - [2026-01-02T19:02:04.858+0000] {dag.py:3823} INFO - Setting next_dagrun for rugby_pipeline to 2026-01-02 00:00:00+00:00, run_after=2026-01-03 00:00:00+00:00
[2026-01-02T19:02:04.875+0000] {processor.py:183} INFO - Processing /opt/airflow/dags/rugby_pipeline.py took 0.082 seconds
[2026-01-02T19:02:35.294+0000] {processor.py:161} INFO - Started process (PID=25733) to work on /opt/airflow/dags/rugby_pipeline.py
[2026-01-02T19:02:35.295+0000] {processor.py:830} INFO - Processing file /opt/airflow/dags/rugby_pipeline.py for tasks to queue
[2026-01-02T19:02:35.296+0000] {logging_mixin.py:188} INFO - [2026-01-02T19:02:35.295+0000] {dagbag.py:538} INFO - Filling up the DagBag from /opt/airflow/dags/rugby_pipeline.py
[2026-01-02T19:02:35.315+0000] {processor.py:840} INFO - DAG(s) 'rugby_pipeline' retrieved from /opt/airflow/dags/rugby_pipeline.py
[2026-01-02T19:02:35.336+0000] {logging_mixin.py:188} INFO - [2026-01-02T19:02:35.335+0000] {dag.py:3036} INFO - Sync 1 DAGs
[2026-01-02T19:02:35.357+0000] {logging_mixin.py:188} INFO - [2026-01-02T19:02:35.356+0000] {dag.py:3823} INFO - Setting next_dagrun for rugby_pipeline to 2026-01-02 00:00:00+00:00, run_after=2026-01-03 00:00:00+00:00
[2026-01-02T19:02:35.374+0000] {processor.py:183} INFO - Processing /opt/airflow/dags/rugby_pipeline.py took 0.084 seconds
[2026-01-02T19:03:05.700+0000] {processor.py:161} INFO - Started process (PID=25753) to work on /opt/airflow/dags/rugby_pipeline.py
[2026-01-02T19:03:05.701+0000] {processor.py:830} INFO - Processing file /opt/airflow/dags/rugby_pipeline.py for tasks to queue
[2026-01-02T19:03:05.702+0000] {logging_mixin.py:188} INFO - [2026-01-02T19:03:05.702+0000] {dagbag.py:538} INFO - Filling up the DagBag from /opt/airflow/dags/rugby_pipeline.py
[2026-01-02T19:03:05.721+0000] {processor.py:840} INFO - DAG(s) 'rugby_pipeline' retrieved from /opt/airflow/dags/rugby_pipeline.py
[2026-01-02T19:03:05.742+0000] {logging_mixin.py:188} INFO - [2026-01-02T19:03:05.742+0000] {dag.py:3036} INFO - Sync 1 DAGs
[2026-01-02T19:03:05.762+0000] {logging_mixin.py:188} INFO - [2026-01-02T19:03:05.762+0000] {dag.py:3823} INFO - Setting next_dagrun for rugby_pipeline to 2026-01-02 00:00:00+00:00, run_after=2026-01-03 00:00:00+00:00
[2026-01-02T19:03:05.791+0000] {processor.py:183} INFO - Processing /opt/airflow/dags/rugby_pipeline.py took 0.095 seconds
[2026-01-02T19:03:36.236+0000] {processor.py:161} INFO - Started process (PID=25773) to work on /opt/airflow/dags/rugby_pipeline.py
[2026-01-02T19:03:36.238+0000] {processor.py:830} INFO - Processing file /opt/airflow/dags/rugby_pipeline.py for tasks to queue
[2026-01-02T19:03:36.239+0000] {logging_mixin.py:188} INFO - [2026-01-02T19:03:36.238+0000] {dagbag.py:538} INFO - Filling up the DagBag from /opt/airflow/dags/rugby_pipeline.py
[2026-01-02T19:03:36.258+0000] {processor.py:840} INFO - DAG(s) 'rugby_pipeline' retrieved from /opt/airflow/dags/rugby_pipeline.py
[2026-01-02T19:03:36.278+0000] {logging_mixin.py:188} INFO - [2026-01-02T19:03:36.278+0000] {dag.py:3036} INFO - Sync 1 DAGs
[2026-01-02T19:03:36.299+0000] {logging_mixin.py:188} INFO - [2026-01-02T19:03:36.299+0000] {dag.py:3823} INFO - Setting next_dagrun for rugby_pipeline to 2026-01-02 00:00:00+00:00, run_after=2026-01-03 00:00:00+00:00
[2026-01-02T19:03:36.316+0000] {processor.py:183} INFO - Processing /opt/airflow/dags/rugby_pipeline.py took 0.083 seconds
[2026-01-02T19:04:06.653+0000] {processor.py:161} INFO - Started process (PID=25793) to work on /opt/airflow/dags/rugby_pipeline.py
[2026-01-02T19:04:06.654+0000] {processor.py:830} INFO - Processing file /opt/airflow/dags/rugby_pipeline.py for tasks to queue
[2026-01-02T19:04:06.655+0000] {logging_mixin.py:188} INFO - [2026-01-02T19:04:06.655+0000] {dagbag.py:538} INFO - Filling up the DagBag from /opt/airflow/dags/rugby_pipeline.py
[2026-01-02T19:04:06.675+0000] {processor.py:840} INFO - DAG(s) 'rugby_pipeline' retrieved from /opt/airflow/dags/rugby_pipeline.py
[2026-01-02T19:04:06.695+0000] {logging_mixin.py:188} INFO - [2026-01-02T19:04:06.695+0000] {dag.py:3036} INFO - Sync 1 DAGs
[2026-01-02T19:04:06.716+0000] {logging_mixin.py:188} INFO - [2026-01-02T19:04:06.716+0000] {dag.py:3823} INFO - Setting next_dagrun for rugby_pipeline to 2026-01-02 00:00:00+00:00, run_after=2026-01-03 00:00:00+00:00
[2026-01-02T19:04:06.744+0000] {processor.py:183} INFO - Processing /opt/airflow/dags/rugby_pipeline.py took 0.094 seconds
[2026-01-02T19:04:37.200+0000] {processor.py:161} INFO - Started process (PID=25813) to work on /opt/airflow/dags/rugby_pipeline.py
[2026-01-02T19:04:37.202+0000] {processor.py:830} INFO - Processing file /opt/airflow/dags/rugby_pipeline.py for tasks to queue
[2026-01-02T19:04:37.203+0000] {logging_mixin.py:188} INFO - [2026-01-02T19:04:37.202+0000] {dagbag.py:538} INFO - Filling up the DagBag from /opt/airflow/dags/rugby_pipeline.py
[2026-01-02T19:04:37.222+0000] {processor.py:840} INFO - DAG(s) 'rugby_pipeline' retrieved from /opt/airflow/dags/rugby_pipeline.py
[2026-01-02T19:04:37.244+0000] {logging_mixin.py:188} INFO - [2026-01-02T19:04:37.243+0000] {dag.py:3036} INFO - Sync 1 DAGs
[2026-01-02T19:04:37.264+0000] {logging_mixin.py:188} INFO - [2026-01-02T19:04:37.264+0000] {dag.py:3823} INFO - Setting next_dagrun for rugby_pipeline to 2026-01-02 00:00:00+00:00, run_after=2026-01-03 00:00:00+00:00
[2026-01-02T19:04:37.292+0000] {processor.py:183} INFO - Processing /opt/airflow/dags/rugby_pipeline.py took 0.095 seconds
[2026-01-02T19:05:07.609+0000] {processor.py:161} INFO - Started process (PID=25833) to work on /opt/airflow/dags/rugby_pipeline.py
[2026-01-02T19:05:07.611+0000] {processor.py:830} INFO - Processing file /opt/airflow/dags/rugby_pipeline.py for tasks to queue
[2026-01-02T19:05:07.611+0000] {logging_mixin.py:188} INFO - [2026-01-02T19:05:07.611+0000] {dagbag.py:538} INFO - Filling up the DagBag from /opt/airflow/dags/rugby_pipeline.py
[2026-01-02T19:05:07.629+0000] {processor.py:840} INFO - DAG(s) 'rugby_pipeline' retrieved from /opt/airflow/dags/rugby_pipeline.py
[2026-01-02T19:05:07.651+0000] {logging_mixin.py:188} INFO - [2026-01-02T19:05:07.650+0000] {dag.py:3036} INFO - Sync 1 DAGs
[2026-01-02T19:05:07.671+0000] {logging_mixin.py:188} INFO - [2026-01-02T19:05:07.671+0000] {dag.py:3823} INFO - Setting next_dagrun for rugby_pipeline to 2026-01-02 00:00:00+00:00, run_after=2026-01-03 00:00:00+00:00
[2026-01-02T19:05:07.699+0000] {processor.py:183} INFO - Processing /opt/airflow/dags/rugby_pipeline.py took 0.094 seconds
[2026-01-02T19:05:38.147+0000] {processor.py:161} INFO - Started process (PID=25853) to work on /opt/airflow/dags/rugby_pipeline.py
[2026-01-02T19:05:38.148+0000] {processor.py:830} INFO - Processing file /opt/airflow/dags/rugby_pipeline.py for tasks to queue
[2026-01-02T19:05:38.149+0000] {logging_mixin.py:188} INFO - [2026-01-02T19:05:38.148+0000] {dagbag.py:538} INFO - Filling up the DagBag from /opt/airflow/dags/rugby_pipeline.py
[2026-01-02T19:05:38.167+0000] {processor.py:840} INFO - DAG(s) 'rugby_pipeline' retrieved from /opt/airflow/dags/rugby_pipeline.py
[2026-01-02T19:05:38.188+0000] {logging_mixin.py:188} INFO - [2026-01-02T19:05:38.187+0000] {dag.py:3036} INFO - Sync 1 DAGs
[2026-01-02T19:05:38.208+0000] {logging_mixin.py:188} INFO - [2026-01-02T19:05:38.207+0000] {dag.py:3823} INFO - Setting next_dagrun for rugby_pipeline to 2026-01-02 00:00:00+00:00, run_after=2026-01-03 00:00:00+00:00
[2026-01-02T19:05:38.224+0000] {processor.py:183} INFO - Processing /opt/airflow/dags/rugby_pipeline.py took 0.081 seconds
[2026-01-02T19:06:08.562+0000] {processor.py:161} INFO - Started process (PID=25873) to work on /opt/airflow/dags/rugby_pipeline.py
[2026-01-02T19:06:08.563+0000] {processor.py:830} INFO - Processing file /opt/airflow/dags/rugby_pipeline.py for tasks to queue
[2026-01-02T19:06:08.564+0000] {logging_mixin.py:188} INFO - [2026-01-02T19:06:08.564+0000] {dagbag.py:538} INFO - Filling up the DagBag from /opt/airflow/dags/rugby_pipeline.py
[2026-01-02T19:06:08.583+0000] {processor.py:840} INFO - DAG(s) 'rugby_pipeline' retrieved from /opt/airflow/dags/rugby_pipeline.py
[2026-01-02T19:06:08.604+0000] {logging_mixin.py:188} INFO - [2026-01-02T19:06:08.604+0000] {dag.py:3036} INFO - Sync 1 DAGs
[2026-01-02T19:06:08.625+0000] {logging_mixin.py:188} INFO - [2026-01-02T19:06:08.624+0000] {dag.py:3823} INFO - Setting next_dagrun for rugby_pipeline to 2026-01-02 00:00:00+00:00, run_after=2026-01-03 00:00:00+00:00
[2026-01-02T19:06:08.643+0000] {processor.py:183} INFO - Processing /opt/airflow/dags/rugby_pipeline.py took 0.084 seconds
[2026-01-02T19:06:38.995+0000] {processor.py:161} INFO - Started process (PID=25893) to work on /opt/airflow/dags/rugby_pipeline.py
[2026-01-02T19:06:38.996+0000] {processor.py:830} INFO - Processing file /opt/airflow/dags/rugby_pipeline.py for tasks to queue
[2026-01-02T19:06:38.997+0000] {logging_mixin.py:188} INFO - [2026-01-02T19:06:38.997+0000] {dagbag.py:538} INFO - Filling up the DagBag from /opt/airflow/dags/rugby_pipeline.py
[2026-01-02T19:06:39.016+0000] {processor.py:840} INFO - DAG(s) 'rugby_pipeline' retrieved from /opt/airflow/dags/rugby_pipeline.py
[2026-01-02T19:06:39.037+0000] {logging_mixin.py:188} INFO - [2026-01-02T19:06:39.037+0000] {dag.py:3036} INFO - Sync 1 DAGs
[2026-01-02T19:06:39.057+0000] {logging_mixin.py:188} INFO - [2026-01-02T19:06:39.057+0000] {dag.py:3823} INFO - Setting next_dagrun for rugby_pipeline to 2026-01-02 00:00:00+00:00, run_after=2026-01-03 00:00:00+00:00
[2026-01-02T19:06:39.087+0000] {processor.py:183} INFO - Processing /opt/airflow/dags/rugby_pipeline.py took 0.095 seconds
[2026-01-02T19:07:09.432+0000] {processor.py:161} INFO - Started process (PID=25913) to work on /opt/airflow/dags/rugby_pipeline.py
[2026-01-02T19:07:09.434+0000] {processor.py:830} INFO - Processing file /opt/airflow/dags/rugby_pipeline.py for tasks to queue
[2026-01-02T19:07:09.435+0000] {logging_mixin.py:188} INFO - [2026-01-02T19:07:09.434+0000] {dagbag.py:538} INFO - Filling up the DagBag from /opt/airflow/dags/rugby_pipeline.py
[2026-01-02T19:07:09.454+0000] {processor.py:840} INFO - DAG(s) 'rugby_pipeline' retrieved from /opt/airflow/dags/rugby_pipeline.py
[2026-01-02T19:07:09.475+0000] {logging_mixin.py:188} INFO - [2026-01-02T19:07:09.475+0000] {dag.py:3036} INFO - Sync 1 DAGs
[2026-01-02T19:07:09.495+0000] {logging_mixin.py:188} INFO - [2026-01-02T19:07:09.495+0000] {dag.py:3823} INFO - Setting next_dagrun for rugby_pipeline to 2026-01-02 00:00:00+00:00, run_after=2026-01-03 00:00:00+00:00
[2026-01-02T19:07:09.513+0000] {processor.py:183} INFO - Processing /opt/airflow/dags/rugby_pipeline.py took 0.084 seconds
[2026-01-02T19:07:39.929+0000] {processor.py:161} INFO - Started process (PID=25933) to work on /opt/airflow/dags/rugby_pipeline.py
[2026-01-02T19:07:39.930+0000] {processor.py:830} INFO - Processing file /opt/airflow/dags/rugby_pipeline.py for tasks to queue
[2026-01-02T19:07:39.931+0000] {logging_mixin.py:188} INFO - [2026-01-02T19:07:39.931+0000] {dagbag.py:538} INFO - Filling up the DagBag from /opt/airflow/dags/rugby_pipeline.py
[2026-01-02T19:07:39.949+0000] {processor.py:840} INFO - DAG(s) 'rugby_pipeline' retrieved from /opt/airflow/dags/rugby_pipeline.py
[2026-01-02T19:07:39.970+0000] {logging_mixin.py:188} INFO - [2026-01-02T19:07:39.970+0000] {dag.py:3036} INFO - Sync 1 DAGs
[2026-01-02T19:07:39.990+0000] {logging_mixin.py:188} INFO - [2026-01-02T19:07:39.990+0000] {dag.py:3823} INFO - Setting next_dagrun for rugby_pipeline to 2026-01-02 00:00:00+00:00, run_after=2026-01-03 00:00:00+00:00
[2026-01-02T19:07:40.019+0000] {processor.py:183} INFO - Processing /opt/airflow/dags/rugby_pipeline.py took 0.094 seconds
[2026-01-02T19:08:10.366+0000] {processor.py:161} INFO - Started process (PID=25953) to work on /opt/airflow/dags/rugby_pipeline.py
[2026-01-02T19:08:10.367+0000] {processor.py:830} INFO - Processing file /opt/airflow/dags/rugby_pipeline.py for tasks to queue
[2026-01-02T19:08:10.368+0000] {logging_mixin.py:188} INFO - [2026-01-02T19:08:10.368+0000] {dagbag.py:538} INFO - Filling up the DagBag from /opt/airflow/dags/rugby_pipeline.py
[2026-01-02T19:08:10.386+0000] {processor.py:840} INFO - DAG(s) 'rugby_pipeline' retrieved from /opt/airflow/dags/rugby_pipeline.py
[2026-01-02T19:08:10.412+0000] {logging_mixin.py:188} INFO - [2026-01-02T19:08:10.412+0000] {dag.py:3036} INFO - Sync 1 DAGs
[2026-01-02T19:08:10.432+0000] {logging_mixin.py:188} INFO - [2026-01-02T19:08:10.432+0000] {dag.py:3823} INFO - Setting next_dagrun for rugby_pipeline to 2026-01-02 00:00:00+00:00, run_after=2026-01-03 00:00:00+00:00
[2026-01-02T19:08:10.461+0000] {processor.py:183} INFO - Processing /opt/airflow/dags/rugby_pipeline.py took 0.099 seconds
[2026-01-02T19:08:40.881+0000] {processor.py:161} INFO - Started process (PID=25973) to work on /opt/airflow/dags/rugby_pipeline.py
[2026-01-02T19:08:40.882+0000] {processor.py:830} INFO - Processing file /opt/airflow/dags/rugby_pipeline.py for tasks to queue
[2026-01-02T19:08:40.883+0000] {logging_mixin.py:188} INFO - [2026-01-02T19:08:40.882+0000] {dagbag.py:538} INFO - Filling up the DagBag from /opt/airflow/dags/rugby_pipeline.py
[2026-01-02T19:08:40.902+0000] {processor.py:840} INFO - DAG(s) 'rugby_pipeline' retrieved from /opt/airflow/dags/rugby_pipeline.py
[2026-01-02T19:08:40.926+0000] {logging_mixin.py:188} INFO - [2026-01-02T19:08:40.926+0000] {dag.py:3036} INFO - Sync 1 DAGs
[2026-01-02T19:08:40.946+0000] {logging_mixin.py:188} INFO - [2026-01-02T19:08:40.946+0000] {dag.py:3823} INFO - Setting next_dagrun for rugby_pipeline to 2026-01-02 00:00:00+00:00, run_after=2026-01-03 00:00:00+00:00
[2026-01-02T19:08:40.964+0000] {processor.py:183} INFO - Processing /opt/airflow/dags/rugby_pipeline.py took 0.087 seconds
[2026-01-02T19:09:11.307+0000] {processor.py:161} INFO - Started process (PID=25993) to work on /opt/airflow/dags/rugby_pipeline.py
[2026-01-02T19:09:11.309+0000] {processor.py:830} INFO - Processing file /opt/airflow/dags/rugby_pipeline.py for tasks to queue
[2026-01-02T19:09:11.310+0000] {logging_mixin.py:188} INFO - [2026-01-02T19:09:11.309+0000] {dagbag.py:538} INFO - Filling up the DagBag from /opt/airflow/dags/rugby_pipeline.py
[2026-01-02T19:09:11.330+0000] {processor.py:840} INFO - DAG(s) 'rugby_pipeline' retrieved from /opt/airflow/dags/rugby_pipeline.py
[2026-01-02T19:09:11.352+0000] {logging_mixin.py:188} INFO - [2026-01-02T19:09:11.352+0000] {dag.py:3036} INFO - Sync 1 DAGs
[2026-01-02T19:09:11.375+0000] {logging_mixin.py:188} INFO - [2026-01-02T19:09:11.374+0000] {dag.py:3823} INFO - Setting next_dagrun for rugby_pipeline to 2026-01-02 00:00:00+00:00, run_after=2026-01-03 00:00:00+00:00
[2026-01-02T19:09:11.404+0000] {processor.py:183} INFO - Processing /opt/airflow/dags/rugby_pipeline.py took 0.100 seconds
[2026-01-02T19:09:41.753+0000] {processor.py:161} INFO - Started process (PID=26013) to work on /opt/airflow/dags/rugby_pipeline.py
[2026-01-02T19:09:41.755+0000] {processor.py:830} INFO - Processing file /opt/airflow/dags/rugby_pipeline.py for tasks to queue
[2026-01-02T19:09:41.756+0000] {logging_mixin.py:188} INFO - [2026-01-02T19:09:41.755+0000] {dagbag.py:538} INFO - Filling up the DagBag from /opt/airflow/dags/rugby_pipeline.py
[2026-01-02T19:09:41.775+0000] {processor.py:840} INFO - DAG(s) 'rugby_pipeline' retrieved from /opt/airflow/dags/rugby_pipeline.py
[2026-01-02T19:09:41.796+0000] {logging_mixin.py:188} INFO - [2026-01-02T19:09:41.796+0000] {dag.py:3036} INFO - Sync 1 DAGs
[2026-01-02T19:09:41.817+0000] {logging_mixin.py:188} INFO - [2026-01-02T19:09:41.817+0000] {dag.py:3823} INFO - Setting next_dagrun for rugby_pipeline to 2026-01-02 00:00:00+00:00, run_after=2026-01-03 00:00:00+00:00
[2026-01-02T19:09:41.835+0000] {processor.py:183} INFO - Processing /opt/airflow/dags/rugby_pipeline.py took 0.085 seconds
[2026-01-02T19:10:12.155+0000] {processor.py:161} INFO - Started process (PID=26033) to work on /opt/airflow/dags/rugby_pipeline.py
[2026-01-02T19:10:12.156+0000] {processor.py:830} INFO - Processing file /opt/airflow/dags/rugby_pipeline.py for tasks to queue
[2026-01-02T19:10:12.157+0000] {logging_mixin.py:188} INFO - [2026-01-02T19:10:12.157+0000] {dagbag.py:538} INFO - Filling up the DagBag from /opt/airflow/dags/rugby_pipeline.py
[2026-01-02T19:10:12.178+0000] {processor.py:840} INFO - DAG(s) 'rugby_pipeline' retrieved from /opt/airflow/dags/rugby_pipeline.py
[2026-01-02T19:10:12.202+0000] {logging_mixin.py:188} INFO - [2026-01-02T19:10:12.202+0000] {dag.py:3036} INFO - Sync 1 DAGs
[2026-01-02T19:10:12.227+0000] {logging_mixin.py:188} INFO - [2026-01-02T19:10:12.227+0000] {dag.py:3823} INFO - Setting next_dagrun for rugby_pipeline to 2026-01-02 00:00:00+00:00, run_after=2026-01-03 00:00:00+00:00
[2026-01-02T19:10:12.248+0000] {processor.py:183} INFO - Processing /opt/airflow/dags/rugby_pipeline.py took 0.096 seconds
[2026-01-02T19:10:42.576+0000] {processor.py:161} INFO - Started process (PID=26053) to work on /opt/airflow/dags/rugby_pipeline.py
[2026-01-02T19:10:42.577+0000] {processor.py:830} INFO - Processing file /opt/airflow/dags/rugby_pipeline.py for tasks to queue
[2026-01-02T19:10:42.578+0000] {logging_mixin.py:188} INFO - [2026-01-02T19:10:42.578+0000] {dagbag.py:538} INFO - Filling up the DagBag from /opt/airflow/dags/rugby_pipeline.py
[2026-01-02T19:10:42.597+0000] {processor.py:840} INFO - DAG(s) 'rugby_pipeline' retrieved from /opt/airflow/dags/rugby_pipeline.py
[2026-01-02T19:10:42.618+0000] {logging_mixin.py:188} INFO - [2026-01-02T19:10:42.617+0000] {dag.py:3036} INFO - Sync 1 DAGs
[2026-01-02T19:10:42.638+0000] {logging_mixin.py:188} INFO - [2026-01-02T19:10:42.638+0000] {dag.py:3823} INFO - Setting next_dagrun for rugby_pipeline to 2026-01-02 00:00:00+00:00, run_after=2026-01-03 00:00:00+00:00
[2026-01-02T19:10:42.667+0000] {processor.py:183} INFO - Processing /opt/airflow/dags/rugby_pipeline.py took 0.095 seconds
[2026-01-02T19:11:12.995+0000] {processor.py:161} INFO - Started process (PID=26073) to work on /opt/airflow/dags/rugby_pipeline.py
[2026-01-02T19:11:12.996+0000] {processor.py:830} INFO - Processing file /opt/airflow/dags/rugby_pipeline.py for tasks to queue
[2026-01-02T19:11:12.997+0000] {logging_mixin.py:188} INFO - [2026-01-02T19:11:12.997+0000] {dagbag.py:538} INFO - Filling up the DagBag from /opt/airflow/dags/rugby_pipeline.py
[2026-01-02T19:11:13.020+0000] {processor.py:840} INFO - DAG(s) 'rugby_pipeline' retrieved from /opt/airflow/dags/rugby_pipeline.py
[2026-01-02T19:11:13.042+0000] {logging_mixin.py:188} INFO - [2026-01-02T19:11:13.042+0000] {dag.py:3036} INFO - Sync 1 DAGs
[2026-01-02T19:11:13.064+0000] {logging_mixin.py:188} INFO - [2026-01-02T19:11:13.063+0000] {dag.py:3823} INFO - Setting next_dagrun for rugby_pipeline to 2026-01-02 00:00:00+00:00, run_after=2026-01-03 00:00:00+00:00
[2026-01-02T19:11:13.092+0000] {processor.py:183} INFO - Processing /opt/airflow/dags/rugby_pipeline.py took 0.101 seconds
[2026-01-02T19:11:43.430+0000] {processor.py:161} INFO - Started process (PID=26093) to work on /opt/airflow/dags/rugby_pipeline.py
[2026-01-02T19:11:43.431+0000] {processor.py:830} INFO - Processing file /opt/airflow/dags/rugby_pipeline.py for tasks to queue
[2026-01-02T19:11:43.432+0000] {logging_mixin.py:188} INFO - [2026-01-02T19:11:43.431+0000] {dagbag.py:538} INFO - Filling up the DagBag from /opt/airflow/dags/rugby_pipeline.py
[2026-01-02T19:11:43.451+0000] {processor.py:840} INFO - DAG(s) 'rugby_pipeline' retrieved from /opt/airflow/dags/rugby_pipeline.py
[2026-01-02T19:11:43.473+0000] {logging_mixin.py:188} INFO - [2026-01-02T19:11:43.472+0000] {dag.py:3036} INFO - Sync 1 DAGs
[2026-01-02T19:11:43.493+0000] {logging_mixin.py:188} INFO - [2026-01-02T19:11:43.493+0000] {dag.py:3823} INFO - Setting next_dagrun for rugby_pipeline to 2026-01-02 00:00:00+00:00, run_after=2026-01-03 00:00:00+00:00
[2026-01-02T19:11:43.511+0000] {processor.py:183} INFO - Processing /opt/airflow/dags/rugby_pipeline.py took 0.085 seconds
[2026-01-02T19:12:13.975+0000] {processor.py:161} INFO - Started process (PID=26113) to work on /opt/airflow/dags/rugby_pipeline.py
[2026-01-02T19:12:13.976+0000] {processor.py:830} INFO - Processing file /opt/airflow/dags/rugby_pipeline.py for tasks to queue
[2026-01-02T19:12:13.977+0000] {logging_mixin.py:188} INFO - [2026-01-02T19:12:13.977+0000] {dagbag.py:538} INFO - Filling up the DagBag from /opt/airflow/dags/rugby_pipeline.py
[2026-01-02T19:12:13.996+0000] {processor.py:840} INFO - DAG(s) 'rugby_pipeline' retrieved from /opt/airflow/dags/rugby_pipeline.py
[2026-01-02T19:12:14.017+0000] {logging_mixin.py:188} INFO - [2026-01-02T19:12:14.017+0000] {dag.py:3036} INFO - Sync 1 DAGs
[2026-01-02T19:12:14.038+0000] {logging_mixin.py:188} INFO - [2026-01-02T19:12:14.037+0000] {dag.py:3823} INFO - Setting next_dagrun for rugby_pipeline to 2026-01-02 00:00:00+00:00, run_after=2026-01-03 00:00:00+00:00
[2026-01-02T19:12:14.066+0000] {processor.py:183} INFO - Processing /opt/airflow/dags/rugby_pipeline.py took 0.094 seconds
[2026-01-02T19:12:44.455+0000] {processor.py:161} INFO - Started process (PID=26133) to work on /opt/airflow/dags/rugby_pipeline.py
[2026-01-02T19:12:44.456+0000] {processor.py:830} INFO - Processing file /opt/airflow/dags/rugby_pipeline.py for tasks to queue
[2026-01-02T19:12:44.457+0000] {logging_mixin.py:188} INFO - [2026-01-02T19:12:44.457+0000] {dagbag.py:538} INFO - Filling up the DagBag from /opt/airflow/dags/rugby_pipeline.py
[2026-01-02T19:12:44.477+0000] {processor.py:840} INFO - DAG(s) 'rugby_pipeline' retrieved from /opt/airflow/dags/rugby_pipeline.py
[2026-01-02T19:12:44.498+0000] {logging_mixin.py:188} INFO - [2026-01-02T19:12:44.498+0000] {dag.py:3036} INFO - Sync 1 DAGs
[2026-01-02T19:12:44.520+0000] {logging_mixin.py:188} INFO - [2026-01-02T19:12:44.520+0000] {dag.py:3823} INFO - Setting next_dagrun for rugby_pipeline to 2026-01-02 00:00:00+00:00, run_after=2026-01-03 00:00:00+00:00
[2026-01-02T19:12:44.550+0000] {processor.py:183} INFO - Processing /opt/airflow/dags/rugby_pipeline.py took 0.098 seconds
[2026-01-02T19:13:14.893+0000] {processor.py:161} INFO - Started process (PID=26153) to work on /opt/airflow/dags/rugby_pipeline.py
[2026-01-02T19:13:14.895+0000] {processor.py:830} INFO - Processing file /opt/airflow/dags/rugby_pipeline.py for tasks to queue
[2026-01-02T19:13:14.896+0000] {logging_mixin.py:188} INFO - [2026-01-02T19:13:14.895+0000] {dagbag.py:538} INFO - Filling up the DagBag from /opt/airflow/dags/rugby_pipeline.py
[2026-01-02T19:13:14.915+0000] {processor.py:840} INFO - DAG(s) 'rugby_pipeline' retrieved from /opt/airflow/dags/rugby_pipeline.py
[2026-01-02T19:13:14.936+0000] {logging_mixin.py:188} INFO - [2026-01-02T19:13:14.935+0000] {dag.py:3036} INFO - Sync 1 DAGs
[2026-01-02T19:13:14.956+0000] {logging_mixin.py:188} INFO - [2026-01-02T19:13:14.956+0000] {dag.py:3823} INFO - Setting next_dagrun for rugby_pipeline to 2026-01-02 00:00:00+00:00, run_after=2026-01-03 00:00:00+00:00
[2026-01-02T19:13:14.974+0000] {processor.py:183} INFO - Processing /opt/airflow/dags/rugby_pipeline.py took 0.083 seconds
[2026-01-02T19:13:45.428+0000] {processor.py:161} INFO - Started process (PID=26173) to work on /opt/airflow/dags/rugby_pipeline.py
[2026-01-02T19:13:45.429+0000] {processor.py:830} INFO - Processing file /opt/airflow/dags/rugby_pipeline.py for tasks to queue
[2026-01-02T19:13:45.430+0000] {logging_mixin.py:188} INFO - [2026-01-02T19:13:45.430+0000] {dagbag.py:538} INFO - Filling up the DagBag from /opt/airflow/dags/rugby_pipeline.py
[2026-01-02T19:13:45.450+0000] {processor.py:840} INFO - DAG(s) 'rugby_pipeline' retrieved from /opt/airflow/dags/rugby_pipeline.py
[2026-01-02T19:13:45.474+0000] {logging_mixin.py:188} INFO - [2026-01-02T19:13:45.474+0000] {dag.py:3036} INFO - Sync 1 DAGs
[2026-01-02T19:13:45.494+0000] {logging_mixin.py:188} INFO - [2026-01-02T19:13:45.494+0000] {dag.py:3823} INFO - Setting next_dagrun for rugby_pipeline to 2026-01-02 00:00:00+00:00, run_after=2026-01-03 00:00:00+00:00
[2026-01-02T19:13:45.525+0000] {processor.py:183} INFO - Processing /opt/airflow/dags/rugby_pipeline.py took 0.100 seconds
[2026-01-02T19:14:15.866+0000] {processor.py:161} INFO - Started process (PID=26193) to work on /opt/airflow/dags/rugby_pipeline.py
[2026-01-02T19:14:15.867+0000] {processor.py:830} INFO - Processing file /opt/airflow/dags/rugby_pipeline.py for tasks to queue
[2026-01-02T19:14:15.868+0000] {logging_mixin.py:188} INFO - [2026-01-02T19:14:15.868+0000] {dagbag.py:538} INFO - Filling up the DagBag from /opt/airflow/dags/rugby_pipeline.py
[2026-01-02T19:14:15.887+0000] {processor.py:840} INFO - DAG(s) 'rugby_pipeline' retrieved from /opt/airflow/dags/rugby_pipeline.py
[2026-01-02T19:14:15.911+0000] {logging_mixin.py:188} INFO - [2026-01-02T19:14:15.911+0000] {dag.py:3036} INFO - Sync 1 DAGs
[2026-01-02T19:14:15.932+0000] {logging_mixin.py:188} INFO - [2026-01-02T19:14:15.932+0000] {dag.py:3823} INFO - Setting next_dagrun for rugby_pipeline to 2026-01-02 00:00:00+00:00, run_after=2026-01-03 00:00:00+00:00
[2026-01-02T19:14:15.948+0000] {processor.py:183} INFO - Processing /opt/airflow/dags/rugby_pipeline.py took 0.086 seconds
[2026-01-02T19:14:46.397+0000] {processor.py:161} INFO - Started process (PID=26213) to work on /opt/airflow/dags/rugby_pipeline.py
[2026-01-02T19:14:46.398+0000] {processor.py:830} INFO - Processing file /opt/airflow/dags/rugby_pipeline.py for tasks to queue
[2026-01-02T19:14:46.399+0000] {logging_mixin.py:188} INFO - [2026-01-02T19:14:46.399+0000] {dagbag.py:538} INFO - Filling up the DagBag from /opt/airflow/dags/rugby_pipeline.py
[2026-01-02T19:14:46.418+0000] {processor.py:840} INFO - DAG(s) 'rugby_pipeline' retrieved from /opt/airflow/dags/rugby_pipeline.py
[2026-01-02T19:14:46.439+0000] {logging_mixin.py:188} INFO - [2026-01-02T19:14:46.439+0000] {dag.py:3036} INFO - Sync 1 DAGs
[2026-01-02T19:14:46.459+0000] {logging_mixin.py:188} INFO - [2026-01-02T19:14:46.458+0000] {dag.py:3823} INFO - Setting next_dagrun for rugby_pipeline to 2026-01-02 00:00:00+00:00, run_after=2026-01-03 00:00:00+00:00
[2026-01-02T19:14:46.487+0000] {processor.py:183} INFO - Processing /opt/airflow/dags/rugby_pipeline.py took 0.093 seconds
[2026-01-02T19:15:16.812+0000] {processor.py:161} INFO - Started process (PID=26233) to work on /opt/airflow/dags/rugby_pipeline.py
[2026-01-02T19:15:16.813+0000] {processor.py:830} INFO - Processing file /opt/airflow/dags/rugby_pipeline.py for tasks to queue
[2026-01-02T19:15:16.814+0000] {logging_mixin.py:188} INFO - [2026-01-02T19:15:16.814+0000] {dagbag.py:538} INFO - Filling up the DagBag from /opt/airflow/dags/rugby_pipeline.py
[2026-01-02T19:15:16.834+0000] {processor.py:840} INFO - DAG(s) 'rugby_pipeline' retrieved from /opt/airflow/dags/rugby_pipeline.py
[2026-01-02T19:15:16.857+0000] {logging_mixin.py:188} INFO - [2026-01-02T19:15:16.857+0000] {dag.py:3036} INFO - Sync 1 DAGs
[2026-01-02T19:15:16.878+0000] {logging_mixin.py:188} INFO - [2026-01-02T19:15:16.878+0000] {dag.py:3823} INFO - Setting next_dagrun for rugby_pipeline to 2026-01-02 00:00:00+00:00, run_after=2026-01-03 00:00:00+00:00
[2026-01-02T19:15:16.907+0000] {processor.py:183} INFO - Processing /opt/airflow/dags/rugby_pipeline.py took 0.099 seconds
[2026-01-02T19:15:47.342+0000] {processor.py:161} INFO - Started process (PID=26253) to work on /opt/airflow/dags/rugby_pipeline.py
[2026-01-02T19:15:47.343+0000] {processor.py:830} INFO - Processing file /opt/airflow/dags/rugby_pipeline.py for tasks to queue
[2026-01-02T19:15:47.345+0000] {logging_mixin.py:188} INFO - [2026-01-02T19:15:47.344+0000] {dagbag.py:538} INFO - Filling up the DagBag from /opt/airflow/dags/rugby_pipeline.py
[2026-01-02T19:15:47.365+0000] {processor.py:840} INFO - DAG(s) 'rugby_pipeline' retrieved from /opt/airflow/dags/rugby_pipeline.py
[2026-01-02T19:15:47.387+0000] {logging_mixin.py:188} INFO - [2026-01-02T19:15:47.387+0000] {dag.py:3036} INFO - Sync 1 DAGs
[2026-01-02T19:15:47.409+0000] {logging_mixin.py:188} INFO - [2026-01-02T19:15:47.409+0000] {dag.py:3823} INFO - Setting next_dagrun for rugby_pipeline to 2026-01-02 00:00:00+00:00, run_after=2026-01-03 00:00:00+00:00
[2026-01-02T19:15:47.428+0000] {processor.py:183} INFO - Processing /opt/airflow/dags/rugby_pipeline.py took 0.090 seconds
[2026-01-02T19:16:17.765+0000] {processor.py:161} INFO - Started process (PID=26273) to work on /opt/airflow/dags/rugby_pipeline.py
[2026-01-02T19:16:17.766+0000] {processor.py:830} INFO - Processing file /opt/airflow/dags/rugby_pipeline.py for tasks to queue
[2026-01-02T19:16:17.767+0000] {logging_mixin.py:188} INFO - [2026-01-02T19:16:17.767+0000] {dagbag.py:538} INFO - Filling up the DagBag from /opt/airflow/dags/rugby_pipeline.py
[2026-01-02T19:16:17.786+0000] {processor.py:840} INFO - DAG(s) 'rugby_pipeline' retrieved from /opt/airflow/dags/rugby_pipeline.py
[2026-01-02T19:16:17.808+0000] {logging_mixin.py:188} INFO - [2026-01-02T19:16:17.808+0000] {dag.py:3036} INFO - Sync 1 DAGs
[2026-01-02T19:16:17.828+0000] {logging_mixin.py:188} INFO - [2026-01-02T19:16:17.828+0000] {dag.py:3823} INFO - Setting next_dagrun for rugby_pipeline to 2026-01-02 00:00:00+00:00, run_after=2026-01-03 00:00:00+00:00
[2026-01-02T19:16:17.855+0000] {processor.py:183} INFO - Processing /opt/airflow/dags/rugby_pipeline.py took 0.093 seconds
[2026-01-02T19:16:48.197+0000] {processor.py:161} INFO - Started process (PID=26293) to work on /opt/airflow/dags/rugby_pipeline.py
[2026-01-02T19:16:48.198+0000] {processor.py:830} INFO - Processing file /opt/airflow/dags/rugby_pipeline.py for tasks to queue
[2026-01-02T19:16:48.199+0000] {logging_mixin.py:188} INFO - [2026-01-02T19:16:48.199+0000] {dagbag.py:538} INFO - Filling up the DagBag from /opt/airflow/dags/rugby_pipeline.py
[2026-01-02T19:16:48.219+0000] {processor.py:840} INFO - DAG(s) 'rugby_pipeline' retrieved from /opt/airflow/dags/rugby_pipeline.py
[2026-01-02T19:16:48.240+0000] {logging_mixin.py:188} INFO - [2026-01-02T19:16:48.240+0000] {dag.py:3036} INFO - Sync 1 DAGs
[2026-01-02T19:16:48.260+0000] {logging_mixin.py:188} INFO - [2026-01-02T19:16:48.260+0000] {dag.py:3823} INFO - Setting next_dagrun for rugby_pipeline to 2026-01-02 00:00:00+00:00, run_after=2026-01-03 00:00:00+00:00
[2026-01-02T19:16:48.277+0000] {processor.py:183} INFO - Processing /opt/airflow/dags/rugby_pipeline.py took 0.084 seconds
[2026-01-02T19:17:18.605+0000] {processor.py:161} INFO - Started process (PID=26313) to work on /opt/airflow/dags/rugby_pipeline.py
[2026-01-02T19:17:18.607+0000] {processor.py:830} INFO - Processing file /opt/airflow/dags/rugby_pipeline.py for tasks to queue
[2026-01-02T19:17:18.608+0000] {logging_mixin.py:188} INFO - [2026-01-02T19:17:18.607+0000] {dagbag.py:538} INFO - Filling up the DagBag from /opt/airflow/dags/rugby_pipeline.py
[2026-01-02T19:17:18.630+0000] {processor.py:840} INFO - DAG(s) 'rugby_pipeline' retrieved from /opt/airflow/dags/rugby_pipeline.py
[2026-01-02T19:17:18.654+0000] {logging_mixin.py:188} INFO - [2026-01-02T19:17:18.654+0000] {dag.py:3036} INFO - Sync 1 DAGs
[2026-01-02T19:17:18.683+0000] {logging_mixin.py:188} INFO - [2026-01-02T19:17:18.682+0000] {dag.py:3823} INFO - Setting next_dagrun for rugby_pipeline to 2026-01-02 00:00:00+00:00, run_after=2026-01-03 00:00:00+00:00
[2026-01-02T19:17:18.715+0000] {processor.py:183} INFO - Processing /opt/airflow/dags/rugby_pipeline.py took 0.113 seconds
[2026-01-02T19:17:49.235+0000] {processor.py:161} INFO - Started process (PID=26333) to work on /opt/airflow/dags/rugby_pipeline.py
[2026-01-02T19:17:49.236+0000] {processor.py:830} INFO - Processing file /opt/airflow/dags/rugby_pipeline.py for tasks to queue
[2026-01-02T19:17:49.237+0000] {logging_mixin.py:188} INFO - [2026-01-02T19:17:49.237+0000] {dagbag.py:538} INFO - Filling up the DagBag from /opt/airflow/dags/rugby_pipeline.py
[2026-01-02T19:17:49.256+0000] {processor.py:840} INFO - DAG(s) 'rugby_pipeline' retrieved from /opt/airflow/dags/rugby_pipeline.py
[2026-01-02T19:17:49.279+0000] {logging_mixin.py:188} INFO - [2026-01-02T19:17:49.278+0000] {dag.py:3036} INFO - Sync 1 DAGs
[2026-01-02T19:17:49.301+0000] {logging_mixin.py:188} INFO - [2026-01-02T19:17:49.301+0000] {dag.py:3823} INFO - Setting next_dagrun for rugby_pipeline to 2026-01-02 00:00:00+00:00, run_after=2026-01-03 00:00:00+00:00
[2026-01-02T19:17:49.320+0000] {processor.py:183} INFO - Processing /opt/airflow/dags/rugby_pipeline.py took 0.089 seconds
[2026-01-02T19:18:19.639+0000] {processor.py:161} INFO - Started process (PID=26353) to work on /opt/airflow/dags/rugby_pipeline.py
[2026-01-02T19:18:19.640+0000] {processor.py:830} INFO - Processing file /opt/airflow/dags/rugby_pipeline.py for tasks to queue
[2026-01-02T19:18:19.641+0000] {logging_mixin.py:188} INFO - [2026-01-02T19:18:19.641+0000] {dagbag.py:538} INFO - Filling up the DagBag from /opt/airflow/dags/rugby_pipeline.py
[2026-01-02T19:18:19.662+0000] {processor.py:840} INFO - DAG(s) 'rugby_pipeline' retrieved from /opt/airflow/dags/rugby_pipeline.py
[2026-01-02T19:18:19.683+0000] {logging_mixin.py:188} INFO - [2026-01-02T19:18:19.683+0000] {dag.py:3036} INFO - Sync 1 DAGs
[2026-01-02T19:18:19.705+0000] {logging_mixin.py:188} INFO - [2026-01-02T19:18:19.705+0000] {dag.py:3823} INFO - Setting next_dagrun for rugby_pipeline to 2026-01-02 00:00:00+00:00, run_after=2026-01-03 00:00:00+00:00
[2026-01-02T19:18:19.735+0000] {processor.py:183} INFO - Processing /opt/airflow/dags/rugby_pipeline.py took 0.100 seconds
[2026-01-02T19:18:50.049+0000] {processor.py:161} INFO - Started process (PID=26373) to work on /opt/airflow/dags/rugby_pipeline.py
[2026-01-02T19:18:50.051+0000] {processor.py:830} INFO - Processing file /opt/airflow/dags/rugby_pipeline.py for tasks to queue
[2026-01-02T19:18:50.052+0000] {logging_mixin.py:188} INFO - [2026-01-02T19:18:50.051+0000] {dagbag.py:538} INFO - Filling up the DagBag from /opt/airflow/dags/rugby_pipeline.py
[2026-01-02T19:18:50.073+0000] {processor.py:840} INFO - DAG(s) 'rugby_pipeline' retrieved from /opt/airflow/dags/rugby_pipeline.py
[2026-01-02T19:18:50.103+0000] {logging_mixin.py:188} INFO - [2026-01-02T19:18:50.102+0000] {dag.py:3036} INFO - Sync 1 DAGs
[2026-01-02T19:18:50.130+0000] {logging_mixin.py:188} INFO - [2026-01-02T19:18:50.130+0000] {dag.py:3823} INFO - Setting next_dagrun for rugby_pipeline to 2026-01-02 00:00:00+00:00, run_after=2026-01-03 00:00:00+00:00
[2026-01-02T19:18:50.151+0000] {processor.py:183} INFO - Processing /opt/airflow/dags/rugby_pipeline.py took 0.106 seconds
[2026-01-02T19:19:20.464+0000] {processor.py:161} INFO - Started process (PID=26393) to work on /opt/airflow/dags/rugby_pipeline.py
[2026-01-02T19:19:20.465+0000] {processor.py:830} INFO - Processing file /opt/airflow/dags/rugby_pipeline.py for tasks to queue
[2026-01-02T19:19:20.466+0000] {logging_mixin.py:188} INFO - [2026-01-02T19:19:20.466+0000] {dagbag.py:538} INFO - Filling up the DagBag from /opt/airflow/dags/rugby_pipeline.py
[2026-01-02T19:19:20.486+0000] {processor.py:840} INFO - DAG(s) 'rugby_pipeline' retrieved from /opt/airflow/dags/rugby_pipeline.py
[2026-01-02T19:19:20.508+0000] {logging_mixin.py:188} INFO - [2026-01-02T19:19:20.508+0000] {dag.py:3036} INFO - Sync 1 DAGs
[2026-01-02T19:19:20.528+0000] {logging_mixin.py:188} INFO - [2026-01-02T19:19:20.528+0000] {dag.py:3823} INFO - Setting next_dagrun for rugby_pipeline to 2026-01-02 00:00:00+00:00, run_after=2026-01-03 00:00:00+00:00
[2026-01-02T19:19:20.558+0000] {processor.py:183} INFO - Processing /opt/airflow/dags/rugby_pipeline.py took 0.097 seconds
[2026-01-02T19:19:50.871+0000] {processor.py:161} INFO - Started process (PID=26413) to work on /opt/airflow/dags/rugby_pipeline.py
[2026-01-02T19:19:50.872+0000] {processor.py:830} INFO - Processing file /opt/airflow/dags/rugby_pipeline.py for tasks to queue
[2026-01-02T19:19:50.873+0000] {logging_mixin.py:188} INFO - [2026-01-02T19:19:50.873+0000] {dagbag.py:538} INFO - Filling up the DagBag from /opt/airflow/dags/rugby_pipeline.py
[2026-01-02T19:19:50.893+0000] {processor.py:840} INFO - DAG(s) 'rugby_pipeline' retrieved from /opt/airflow/dags/rugby_pipeline.py
[2026-01-02T19:19:50.914+0000] {logging_mixin.py:188} INFO - [2026-01-02T19:19:50.913+0000] {dag.py:3036} INFO - Sync 1 DAGs
[2026-01-02T19:19:50.934+0000] {logging_mixin.py:188} INFO - [2026-01-02T19:19:50.934+0000] {dag.py:3823} INFO - Setting next_dagrun for rugby_pipeline to 2026-01-02 00:00:00+00:00, run_after=2026-01-03 00:00:00+00:00
[2026-01-02T19:19:50.964+0000] {processor.py:183} INFO - Processing /opt/airflow/dags/rugby_pipeline.py took 0.097 seconds
[2026-01-02T19:20:21.299+0000] {processor.py:161} INFO - Started process (PID=26433) to work on /opt/airflow/dags/rugby_pipeline.py
[2026-01-02T19:20:21.301+0000] {processor.py:830} INFO - Processing file /opt/airflow/dags/rugby_pipeline.py for tasks to queue
[2026-01-02T19:20:21.302+0000] {logging_mixin.py:188} INFO - [2026-01-02T19:20:21.301+0000] {dagbag.py:538} INFO - Filling up the DagBag from /opt/airflow/dags/rugby_pipeline.py
[2026-01-02T19:20:21.322+0000] {processor.py:840} INFO - DAG(s) 'rugby_pipeline' retrieved from /opt/airflow/dags/rugby_pipeline.py
[2026-01-02T19:20:21.347+0000] {logging_mixin.py:188} INFO - [2026-01-02T19:20:21.346+0000] {dag.py:3036} INFO - Sync 1 DAGs
[2026-01-02T19:20:21.367+0000] {logging_mixin.py:188} INFO - [2026-01-02T19:20:21.367+0000] {dag.py:3823} INFO - Setting next_dagrun for rugby_pipeline to 2026-01-02 00:00:00+00:00, run_after=2026-01-03 00:00:00+00:00
[2026-01-02T19:20:21.397+0000] {processor.py:183} INFO - Processing /opt/airflow/dags/rugby_pipeline.py took 0.102 seconds
[2026-01-02T19:20:51.726+0000] {processor.py:161} INFO - Started process (PID=26453) to work on /opt/airflow/dags/rugby_pipeline.py
[2026-01-02T19:20:51.727+0000] {processor.py:830} INFO - Processing file /opt/airflow/dags/rugby_pipeline.py for tasks to queue
[2026-01-02T19:20:51.728+0000] {logging_mixin.py:188} INFO - [2026-01-02T19:20:51.728+0000] {dagbag.py:538} INFO - Filling up the DagBag from /opt/airflow/dags/rugby_pipeline.py
[2026-01-02T19:20:51.748+0000] {processor.py:840} INFO - DAG(s) 'rugby_pipeline' retrieved from /opt/airflow/dags/rugby_pipeline.py
[2026-01-02T19:20:51.769+0000] {logging_mixin.py:188} INFO - [2026-01-02T19:20:51.769+0000] {dag.py:3036} INFO - Sync 1 DAGs
[2026-01-02T19:20:51.790+0000] {logging_mixin.py:188} INFO - [2026-01-02T19:20:51.790+0000] {dag.py:3823} INFO - Setting next_dagrun for rugby_pipeline to 2026-01-02 00:00:00+00:00, run_after=2026-01-03 00:00:00+00:00
[2026-01-02T19:20:51.807+0000] {processor.py:183} INFO - Processing /opt/airflow/dags/rugby_pipeline.py took 0.085 seconds
[2026-01-02T19:21:22.152+0000] {processor.py:161} INFO - Started process (PID=26473) to work on /opt/airflow/dags/rugby_pipeline.py
[2026-01-02T19:21:22.153+0000] {processor.py:830} INFO - Processing file /opt/airflow/dags/rugby_pipeline.py for tasks to queue
[2026-01-02T19:21:22.154+0000] {logging_mixin.py:188} INFO - [2026-01-02T19:21:22.154+0000] {dagbag.py:538} INFO - Filling up the DagBag from /opt/airflow/dags/rugby_pipeline.py
[2026-01-02T19:21:22.173+0000] {processor.py:840} INFO - DAG(s) 'rugby_pipeline' retrieved from /opt/airflow/dags/rugby_pipeline.py
[2026-01-02T19:21:22.194+0000] {logging_mixin.py:188} INFO - [2026-01-02T19:21:22.194+0000] {dag.py:3036} INFO - Sync 1 DAGs
[2026-01-02T19:21:22.215+0000] {logging_mixin.py:188} INFO - [2026-01-02T19:21:22.214+0000] {dag.py:3823} INFO - Setting next_dagrun for rugby_pipeline to 2026-01-02 00:00:00+00:00, run_after=2026-01-03 00:00:00+00:00
[2026-01-02T19:21:22.232+0000] {processor.py:183} INFO - Processing /opt/airflow/dags/rugby_pipeline.py took 0.084 seconds
[2026-01-02T19:21:52.567+0000] {processor.py:161} INFO - Started process (PID=26493) to work on /opt/airflow/dags/rugby_pipeline.py
[2026-01-02T19:21:52.568+0000] {processor.py:830} INFO - Processing file /opt/airflow/dags/rugby_pipeline.py for tasks to queue
[2026-01-02T19:21:52.569+0000] {logging_mixin.py:188} INFO - [2026-01-02T19:21:52.569+0000] {dagbag.py:538} INFO - Filling up the DagBag from /opt/airflow/dags/rugby_pipeline.py
[2026-01-02T19:21:52.588+0000] {processor.py:840} INFO - DAG(s) 'rugby_pipeline' retrieved from /opt/airflow/dags/rugby_pipeline.py
[2026-01-02T19:21:52.610+0000] {logging_mixin.py:188} INFO - [2026-01-02T19:21:52.610+0000] {dag.py:3036} INFO - Sync 1 DAGs
[2026-01-02T19:21:52.630+0000] {logging_mixin.py:188} INFO - [2026-01-02T19:21:52.630+0000] {dag.py:3823} INFO - Setting next_dagrun for rugby_pipeline to 2026-01-02 00:00:00+00:00, run_after=2026-01-03 00:00:00+00:00
[2026-01-02T19:21:52.659+0000] {processor.py:183} INFO - Processing /opt/airflow/dags/rugby_pipeline.py took 0.096 seconds
[2026-01-02T19:22:23.053+0000] {processor.py:161} INFO - Started process (PID=26513) to work on /opt/airflow/dags/rugby_pipeline.py
[2026-01-02T19:22:23.054+0000] {processor.py:830} INFO - Processing file /opt/airflow/dags/rugby_pipeline.py for tasks to queue
[2026-01-02T19:22:23.055+0000] {logging_mixin.py:188} INFO - [2026-01-02T19:22:23.055+0000] {dagbag.py:538} INFO - Filling up the DagBag from /opt/airflow/dags/rugby_pipeline.py
[2026-01-02T19:22:23.074+0000] {processor.py:840} INFO - DAG(s) 'rugby_pipeline' retrieved from /opt/airflow/dags/rugby_pipeline.py
[2026-01-02T19:22:23.095+0000] {logging_mixin.py:188} INFO - [2026-01-02T19:22:23.094+0000] {dag.py:3036} INFO - Sync 1 DAGs
[2026-01-02T19:22:23.115+0000] {logging_mixin.py:188} INFO - [2026-01-02T19:22:23.115+0000] {dag.py:3823} INFO - Setting next_dagrun for rugby_pipeline to 2026-01-02 00:00:00+00:00, run_after=2026-01-03 00:00:00+00:00
[2026-01-02T19:22:23.144+0000] {processor.py:183} INFO - Processing /opt/airflow/dags/rugby_pipeline.py took 0.094 seconds
[2026-01-02T19:22:53.478+0000] {processor.py:161} INFO - Started process (PID=26533) to work on /opt/airflow/dags/rugby_pipeline.py
[2026-01-02T19:22:53.480+0000] {processor.py:830} INFO - Processing file /opt/airflow/dags/rugby_pipeline.py for tasks to queue
[2026-01-02T19:22:53.481+0000] {logging_mixin.py:188} INFO - [2026-01-02T19:22:53.480+0000] {dagbag.py:538} INFO - Filling up the DagBag from /opt/airflow/dags/rugby_pipeline.py
[2026-01-02T19:22:53.502+0000] {processor.py:840} INFO - DAG(s) 'rugby_pipeline' retrieved from /opt/airflow/dags/rugby_pipeline.py
[2026-01-02T19:22:53.523+0000] {logging_mixin.py:188} INFO - [2026-01-02T19:22:53.523+0000] {dag.py:3036} INFO - Sync 1 DAGs
[2026-01-02T19:22:53.545+0000] {logging_mixin.py:188} INFO - [2026-01-02T19:22:53.544+0000] {dag.py:3823} INFO - Setting next_dagrun for rugby_pipeline to 2026-01-02 00:00:00+00:00, run_after=2026-01-03 00:00:00+00:00
[2026-01-02T19:22:53.572+0000] {processor.py:183} INFO - Processing /opt/airflow/dags/rugby_pipeline.py took 0.098 seconds
[2026-01-02T19:23:23.918+0000] {processor.py:161} INFO - Started process (PID=26553) to work on /opt/airflow/dags/rugby_pipeline.py
[2026-01-02T19:23:23.919+0000] {processor.py:830} INFO - Processing file /opt/airflow/dags/rugby_pipeline.py for tasks to queue
[2026-01-02T19:23:23.920+0000] {logging_mixin.py:188} INFO - [2026-01-02T19:23:23.920+0000] {dagbag.py:538} INFO - Filling up the DagBag from /opt/airflow/dags/rugby_pipeline.py
[2026-01-02T19:23:23.939+0000] {processor.py:840} INFO - DAG(s) 'rugby_pipeline' retrieved from /opt/airflow/dags/rugby_pipeline.py
[2026-01-02T19:23:23.960+0000] {logging_mixin.py:188} INFO - [2026-01-02T19:23:23.960+0000] {dag.py:3036} INFO - Sync 1 DAGs
[2026-01-02T19:23:23.983+0000] {logging_mixin.py:188} INFO - [2026-01-02T19:23:23.982+0000] {dag.py:3823} INFO - Setting next_dagrun for rugby_pipeline to 2026-01-02 00:00:00+00:00, run_after=2026-01-03 00:00:00+00:00
[2026-01-02T19:23:24.012+0000] {processor.py:183} INFO - Processing /opt/airflow/dags/rugby_pipeline.py took 0.098 seconds
[2026-01-02T19:23:54.479+0000] {processor.py:161} INFO - Started process (PID=26573) to work on /opt/airflow/dags/rugby_pipeline.py
[2026-01-02T19:23:54.480+0000] {processor.py:830} INFO - Processing file /opt/airflow/dags/rugby_pipeline.py for tasks to queue
[2026-01-02T19:23:54.481+0000] {logging_mixin.py:188} INFO - [2026-01-02T19:23:54.481+0000] {dagbag.py:538} INFO - Filling up the DagBag from /opt/airflow/dags/rugby_pipeline.py
[2026-01-02T19:23:54.500+0000] {processor.py:840} INFO - DAG(s) 'rugby_pipeline' retrieved from /opt/airflow/dags/rugby_pipeline.py
[2026-01-02T19:23:54.525+0000] {logging_mixin.py:188} INFO - [2026-01-02T19:23:54.525+0000] {dag.py:3036} INFO - Sync 1 DAGs
[2026-01-02T19:23:54.547+0000] {logging_mixin.py:188} INFO - [2026-01-02T19:23:54.546+0000] {dag.py:3823} INFO - Setting next_dagrun for rugby_pipeline to 2026-01-02 00:00:00+00:00, run_after=2026-01-03 00:00:00+00:00
[2026-01-02T19:23:54.565+0000] {processor.py:183} INFO - Processing /opt/airflow/dags/rugby_pipeline.py took 0.089 seconds
[2026-01-02T19:24:24.913+0000] {processor.py:161} INFO - Started process (PID=26593) to work on /opt/airflow/dags/rugby_pipeline.py
[2026-01-02T19:24:24.915+0000] {processor.py:830} INFO - Processing file /opt/airflow/dags/rugby_pipeline.py for tasks to queue
[2026-01-02T19:24:24.916+0000] {logging_mixin.py:188} INFO - [2026-01-02T19:24:24.915+0000] {dagbag.py:538} INFO - Filling up the DagBag from /opt/airflow/dags/rugby_pipeline.py
[2026-01-02T19:24:24.935+0000] {processor.py:840} INFO - DAG(s) 'rugby_pipeline' retrieved from /opt/airflow/dags/rugby_pipeline.py
[2026-01-02T19:24:24.956+0000] {logging_mixin.py:188} INFO - [2026-01-02T19:24:24.956+0000] {dag.py:3036} INFO - Sync 1 DAGs
[2026-01-02T19:24:24.977+0000] {logging_mixin.py:188} INFO - [2026-01-02T19:24:24.977+0000] {dag.py:3823} INFO - Setting next_dagrun for rugby_pipeline to 2026-01-02 00:00:00+00:00, run_after=2026-01-03 00:00:00+00:00
[2026-01-02T19:24:24.995+0000] {processor.py:183} INFO - Processing /opt/airflow/dags/rugby_pipeline.py took 0.085 seconds
[2026-01-02T19:24:55.349+0000] {processor.py:161} INFO - Started process (PID=26613) to work on /opt/airflow/dags/rugby_pipeline.py
[2026-01-02T19:24:55.350+0000] {processor.py:830} INFO - Processing file /opt/airflow/dags/rugby_pipeline.py for tasks to queue
[2026-01-02T19:24:55.351+0000] {logging_mixin.py:188} INFO - [2026-01-02T19:24:55.351+0000] {dagbag.py:538} INFO - Filling up the DagBag from /opt/airflow/dags/rugby_pipeline.py
[2026-01-02T19:24:55.370+0000] {processor.py:840} INFO - DAG(s) 'rugby_pipeline' retrieved from /opt/airflow/dags/rugby_pipeline.py
[2026-01-02T19:24:55.391+0000] {logging_mixin.py:188} INFO - [2026-01-02T19:24:55.391+0000] {dag.py:3036} INFO - Sync 1 DAGs
[2026-01-02T19:24:55.412+0000] {logging_mixin.py:188} INFO - [2026-01-02T19:24:55.411+0000] {dag.py:3823} INFO - Setting next_dagrun for rugby_pipeline to 2026-01-02 00:00:00+00:00, run_after=2026-01-03 00:00:00+00:00
[2026-01-02T19:24:55.429+0000] {processor.py:183} INFO - Processing /opt/airflow/dags/rugby_pipeline.py took 0.084 seconds
[2026-01-02T19:25:25.776+0000] {processor.py:161} INFO - Started process (PID=26633) to work on /opt/airflow/dags/rugby_pipeline.py
[2026-01-02T19:25:25.777+0000] {processor.py:830} INFO - Processing file /opt/airflow/dags/rugby_pipeline.py for tasks to queue
[2026-01-02T19:25:25.778+0000] {logging_mixin.py:188} INFO - [2026-01-02T19:25:25.778+0000] {dagbag.py:538} INFO - Filling up the DagBag from /opt/airflow/dags/rugby_pipeline.py
[2026-01-02T19:25:25.799+0000] {processor.py:840} INFO - DAG(s) 'rugby_pipeline' retrieved from /opt/airflow/dags/rugby_pipeline.py
[2026-01-02T19:25:25.822+0000] {logging_mixin.py:188} INFO - [2026-01-02T19:25:25.821+0000] {dag.py:3036} INFO - Sync 1 DAGs
[2026-01-02T19:25:25.847+0000] {logging_mixin.py:188} INFO - [2026-01-02T19:25:25.847+0000] {dag.py:3823} INFO - Setting next_dagrun for rugby_pipeline to 2026-01-02 00:00:00+00:00, run_after=2026-01-03 00:00:00+00:00
[2026-01-02T19:25:25.878+0000] {processor.py:183} INFO - Processing /opt/airflow/dags/rugby_pipeline.py took 0.106 seconds
[2026-01-02T19:25:56.305+0000] {processor.py:161} INFO - Started process (PID=26653) to work on /opt/airflow/dags/rugby_pipeline.py
[2026-01-02T19:25:56.307+0000] {processor.py:830} INFO - Processing file /opt/airflow/dags/rugby_pipeline.py for tasks to queue
[2026-01-02T19:25:56.308+0000] {logging_mixin.py:188} INFO - [2026-01-02T19:25:56.307+0000] {dagbag.py:538} INFO - Filling up the DagBag from /opt/airflow/dags/rugby_pipeline.py
[2026-01-02T19:25:56.328+0000] {processor.py:840} INFO - DAG(s) 'rugby_pipeline' retrieved from /opt/airflow/dags/rugby_pipeline.py
[2026-01-02T19:25:56.350+0000] {logging_mixin.py:188} INFO - [2026-01-02T19:25:56.350+0000] {dag.py:3036} INFO - Sync 1 DAGs
[2026-01-02T19:25:56.378+0000] {logging_mixin.py:188} INFO - [2026-01-02T19:25:56.378+0000] {dag.py:3823} INFO - Setting next_dagrun for rugby_pipeline to 2026-01-02 00:00:00+00:00, run_after=2026-01-03 00:00:00+00:00
[2026-01-02T19:25:56.408+0000] {processor.py:183} INFO - Processing /opt/airflow/dags/rugby_pipeline.py took 0.106 seconds
[2026-01-02T19:26:26.739+0000] {processor.py:161} INFO - Started process (PID=26673) to work on /opt/airflow/dags/rugby_pipeline.py
[2026-01-02T19:26:26.740+0000] {processor.py:830} INFO - Processing file /opt/airflow/dags/rugby_pipeline.py for tasks to queue
[2026-01-02T19:26:26.741+0000] {logging_mixin.py:188} INFO - [2026-01-02T19:26:26.741+0000] {dagbag.py:538} INFO - Filling up the DagBag from /opt/airflow/dags/rugby_pipeline.py
[2026-01-02T19:26:26.762+0000] {processor.py:840} INFO - DAG(s) 'rugby_pipeline' retrieved from /opt/airflow/dags/rugby_pipeline.py
[2026-01-02T19:26:26.785+0000] {logging_mixin.py:188} INFO - [2026-01-02T19:26:26.785+0000] {dag.py:3036} INFO - Sync 1 DAGs
[2026-01-02T19:26:26.807+0000] {logging_mixin.py:188} INFO - [2026-01-02T19:26:26.807+0000] {dag.py:3823} INFO - Setting next_dagrun for rugby_pipeline to 2026-01-02 00:00:00+00:00, run_after=2026-01-03 00:00:00+00:00
[2026-01-02T19:26:26.828+0000] {processor.py:183} INFO - Processing /opt/airflow/dags/rugby_pipeline.py took 0.093 seconds
[2026-01-02T19:26:57.164+0000] {processor.py:161} INFO - Started process (PID=26693) to work on /opt/airflow/dags/rugby_pipeline.py
[2026-01-02T19:26:57.165+0000] {processor.py:830} INFO - Processing file /opt/airflow/dags/rugby_pipeline.py for tasks to queue
[2026-01-02T19:26:57.166+0000] {logging_mixin.py:188} INFO - [2026-01-02T19:26:57.166+0000] {dagbag.py:538} INFO - Filling up the DagBag from /opt/airflow/dags/rugby_pipeline.py
[2026-01-02T19:26:57.187+0000] {processor.py:840} INFO - DAG(s) 'rugby_pipeline' retrieved from /opt/airflow/dags/rugby_pipeline.py
[2026-01-02T19:26:57.209+0000] {logging_mixin.py:188} INFO - [2026-01-02T19:26:57.209+0000] {dag.py:3036} INFO - Sync 1 DAGs
[2026-01-02T19:26:57.233+0000] {logging_mixin.py:188} INFO - [2026-01-02T19:26:57.233+0000] {dag.py:3823} INFO - Setting next_dagrun for rugby_pipeline to 2026-01-02 00:00:00+00:00, run_after=2026-01-03 00:00:00+00:00
[2026-01-02T19:26:57.265+0000] {processor.py:183} INFO - Processing /opt/airflow/dags/rugby_pipeline.py took 0.105 seconds
[2026-01-02T19:27:27.649+0000] {processor.py:161} INFO - Started process (PID=26713) to work on /opt/airflow/dags/rugby_pipeline.py
[2026-01-02T19:27:27.650+0000] {processor.py:830} INFO - Processing file /opt/airflow/dags/rugby_pipeline.py for tasks to queue
[2026-01-02T19:27:27.651+0000] {logging_mixin.py:188} INFO - [2026-01-02T19:27:27.650+0000] {dagbag.py:538} INFO - Filling up the DagBag from /opt/airflow/dags/rugby_pipeline.py
[2026-01-02T19:27:27.670+0000] {processor.py:840} INFO - DAG(s) 'rugby_pipeline' retrieved from /opt/airflow/dags/rugby_pipeline.py
[2026-01-02T19:27:27.691+0000] {logging_mixin.py:188} INFO - [2026-01-02T19:27:27.691+0000] {dag.py:3036} INFO - Sync 1 DAGs
[2026-01-02T19:27:27.712+0000] {logging_mixin.py:188} INFO - [2026-01-02T19:27:27.712+0000] {dag.py:3823} INFO - Setting next_dagrun for rugby_pipeline to 2026-01-02 00:00:00+00:00, run_after=2026-01-03 00:00:00+00:00
[2026-01-02T19:27:27.741+0000] {processor.py:183} INFO - Processing /opt/airflow/dags/rugby_pipeline.py took 0.096 seconds
[2026-01-02T19:27:58.084+0000] {processor.py:161} INFO - Started process (PID=26733) to work on /opt/airflow/dags/rugby_pipeline.py
[2026-01-02T19:27:58.086+0000] {processor.py:830} INFO - Processing file /opt/airflow/dags/rugby_pipeline.py for tasks to queue
[2026-01-02T19:27:58.086+0000] {logging_mixin.py:188} INFO - [2026-01-02T19:27:58.086+0000] {dagbag.py:538} INFO - Filling up the DagBag from /opt/airflow/dags/rugby_pipeline.py
[2026-01-02T19:27:58.105+0000] {processor.py:840} INFO - DAG(s) 'rugby_pipeline' retrieved from /opt/airflow/dags/rugby_pipeline.py
[2026-01-02T19:27:58.126+0000] {logging_mixin.py:188} INFO - [2026-01-02T19:27:58.126+0000] {dag.py:3036} INFO - Sync 1 DAGs
[2026-01-02T19:27:58.148+0000] {logging_mixin.py:188} INFO - [2026-01-02T19:27:58.148+0000] {dag.py:3823} INFO - Setting next_dagrun for rugby_pipeline to 2026-01-02 00:00:00+00:00, run_after=2026-01-03 00:00:00+00:00
[2026-01-02T19:27:58.166+0000] {processor.py:183} INFO - Processing /opt/airflow/dags/rugby_pipeline.py took 0.085 seconds
[2026-01-02T19:28:28.498+0000] {processor.py:161} INFO - Started process (PID=26753) to work on /opt/airflow/dags/rugby_pipeline.py
[2026-01-02T19:28:28.500+0000] {processor.py:830} INFO - Processing file /opt/airflow/dags/rugby_pipeline.py for tasks to queue
[2026-01-02T19:28:28.501+0000] {logging_mixin.py:188} INFO - [2026-01-02T19:28:28.501+0000] {dagbag.py:538} INFO - Filling up the DagBag from /opt/airflow/dags/rugby_pipeline.py
[2026-01-02T19:28:28.523+0000] {processor.py:840} INFO - DAG(s) 'rugby_pipeline' retrieved from /opt/airflow/dags/rugby_pipeline.py
[2026-01-02T19:28:28.549+0000] {logging_mixin.py:188} INFO - [2026-01-02T19:28:28.548+0000] {dag.py:3036} INFO - Sync 1 DAGs
[2026-01-02T19:28:28.572+0000] {logging_mixin.py:188} INFO - [2026-01-02T19:28:28.572+0000] {dag.py:3823} INFO - Setting next_dagrun for rugby_pipeline to 2026-01-02 00:00:00+00:00, run_after=2026-01-03 00:00:00+00:00
[2026-01-02T19:28:28.597+0000] {processor.py:183} INFO - Processing /opt/airflow/dags/rugby_pipeline.py took 0.105 seconds
[2026-01-02T19:28:58.909+0000] {processor.py:161} INFO - Started process (PID=26773) to work on /opt/airflow/dags/rugby_pipeline.py
[2026-01-02T19:28:58.910+0000] {processor.py:830} INFO - Processing file /opt/airflow/dags/rugby_pipeline.py for tasks to queue
[2026-01-02T19:28:58.911+0000] {logging_mixin.py:188} INFO - [2026-01-02T19:28:58.911+0000] {dagbag.py:538} INFO - Filling up the DagBag from /opt/airflow/dags/rugby_pipeline.py
[2026-01-02T19:28:58.931+0000] {processor.py:840} INFO - DAG(s) 'rugby_pipeline' retrieved from /opt/airflow/dags/rugby_pipeline.py
[2026-01-02T19:28:58.953+0000] {logging_mixin.py:188} INFO - [2026-01-02T19:28:58.953+0000] {dag.py:3036} INFO - Sync 1 DAGs
[2026-01-02T19:28:58.974+0000] {logging_mixin.py:188} INFO - [2026-01-02T19:28:58.974+0000] {dag.py:3823} INFO - Setting next_dagrun for rugby_pipeline to 2026-01-02 00:00:00+00:00, run_after=2026-01-03 00:00:00+00:00
[2026-01-02T19:28:59.004+0000] {processor.py:183} INFO - Processing /opt/airflow/dags/rugby_pipeline.py took 0.099 seconds
[2026-01-02T19:29:29.324+0000] {processor.py:161} INFO - Started process (PID=26793) to work on /opt/airflow/dags/rugby_pipeline.py
[2026-01-02T19:29:29.325+0000] {processor.py:830} INFO - Processing file /opt/airflow/dags/rugby_pipeline.py for tasks to queue
[2026-01-02T19:29:29.326+0000] {logging_mixin.py:188} INFO - [2026-01-02T19:29:29.326+0000] {dagbag.py:538} INFO - Filling up the DagBag from /opt/airflow/dags/rugby_pipeline.py
[2026-01-02T19:29:29.348+0000] {processor.py:840} INFO - DAG(s) 'rugby_pipeline' retrieved from /opt/airflow/dags/rugby_pipeline.py
[2026-01-02T19:29:29.370+0000] {logging_mixin.py:188} INFO - [2026-01-02T19:29:29.369+0000] {dag.py:3036} INFO - Sync 1 DAGs
[2026-01-02T19:29:29.392+0000] {logging_mixin.py:188} INFO - [2026-01-02T19:29:29.392+0000] {dag.py:3823} INFO - Setting next_dagrun for rugby_pipeline to 2026-01-02 00:00:00+00:00, run_after=2026-01-03 00:00:00+00:00
[2026-01-02T19:29:29.423+0000] {processor.py:183} INFO - Processing /opt/airflow/dags/rugby_pipeline.py took 0.102 seconds
[2026-01-02T19:29:59.735+0000] {processor.py:161} INFO - Started process (PID=26813) to work on /opt/airflow/dags/rugby_pipeline.py
[2026-01-02T19:29:59.736+0000] {processor.py:830} INFO - Processing file /opt/airflow/dags/rugby_pipeline.py for tasks to queue
[2026-01-02T19:29:59.737+0000] {logging_mixin.py:188} INFO - [2026-01-02T19:29:59.737+0000] {dagbag.py:538} INFO - Filling up the DagBag from /opt/airflow/dags/rugby_pipeline.py
[2026-01-02T19:29:59.757+0000] {processor.py:840} INFO - DAG(s) 'rugby_pipeline' retrieved from /opt/airflow/dags/rugby_pipeline.py
[2026-01-02T19:29:59.779+0000] {logging_mixin.py:188} INFO - [2026-01-02T19:29:59.778+0000] {dag.py:3036} INFO - Sync 1 DAGs
[2026-01-02T19:29:59.798+0000] {logging_mixin.py:188} INFO - [2026-01-02T19:29:59.798+0000] {dag.py:3823} INFO - Setting next_dagrun for rugby_pipeline to 2026-01-02 00:00:00+00:00, run_after=2026-01-03 00:00:00+00:00
[2026-01-02T19:29:59.826+0000] {processor.py:183} INFO - Processing /opt/airflow/dags/rugby_pipeline.py took 0.095 seconds
[2026-01-02T19:30:30.282+0000] {processor.py:161} INFO - Started process (PID=26833) to work on /opt/airflow/dags/rugby_pipeline.py
[2026-01-02T19:30:30.283+0000] {processor.py:830} INFO - Processing file /opt/airflow/dags/rugby_pipeline.py for tasks to queue
[2026-01-02T19:30:30.284+0000] {logging_mixin.py:188} INFO - [2026-01-02T19:30:30.284+0000] {dagbag.py:538} INFO - Filling up the DagBag from /opt/airflow/dags/rugby_pipeline.py
[2026-01-02T19:30:30.304+0000] {processor.py:840} INFO - DAG(s) 'rugby_pipeline' retrieved from /opt/airflow/dags/rugby_pipeline.py
[2026-01-02T19:30:30.326+0000] {logging_mixin.py:188} INFO - [2026-01-02T19:30:30.326+0000] {dag.py:3036} INFO - Sync 1 DAGs
[2026-01-02T19:30:30.348+0000] {logging_mixin.py:188} INFO - [2026-01-02T19:30:30.348+0000] {dag.py:3823} INFO - Setting next_dagrun for rugby_pipeline to 2026-01-02 00:00:00+00:00, run_after=2026-01-03 00:00:00+00:00
[2026-01-02T19:30:30.378+0000] {processor.py:183} INFO - Processing /opt/airflow/dags/rugby_pipeline.py took 0.100 seconds
[2026-01-02T19:31:00.701+0000] {processor.py:161} INFO - Started process (PID=26853) to work on /opt/airflow/dags/rugby_pipeline.py
[2026-01-02T19:31:00.702+0000] {processor.py:830} INFO - Processing file /opt/airflow/dags/rugby_pipeline.py for tasks to queue
[2026-01-02T19:31:00.703+0000] {logging_mixin.py:188} INFO - [2026-01-02T19:31:00.703+0000] {dagbag.py:538} INFO - Filling up the DagBag from /opt/airflow/dags/rugby_pipeline.py
[2026-01-02T19:31:00.722+0000] {processor.py:840} INFO - DAG(s) 'rugby_pipeline' retrieved from /opt/airflow/dags/rugby_pipeline.py
[2026-01-02T19:31:00.745+0000] {logging_mixin.py:188} INFO - [2026-01-02T19:31:00.745+0000] {dag.py:3036} INFO - Sync 1 DAGs
[2026-01-02T19:31:00.768+0000] {logging_mixin.py:188} INFO - [2026-01-02T19:31:00.768+0000] {dag.py:3823} INFO - Setting next_dagrun for rugby_pipeline to 2026-01-02 00:00:00+00:00, run_after=2026-01-03 00:00:00+00:00
[2026-01-02T19:31:00.786+0000] {processor.py:183} INFO - Processing /opt/airflow/dags/rugby_pipeline.py took 0.089 seconds
[2026-01-02T19:31:31.120+0000] {processor.py:161} INFO - Started process (PID=26873) to work on /opt/airflow/dags/rugby_pipeline.py
[2026-01-02T19:31:31.122+0000] {processor.py:830} INFO - Processing file /opt/airflow/dags/rugby_pipeline.py for tasks to queue
[2026-01-02T19:31:31.123+0000] {logging_mixin.py:188} INFO - [2026-01-02T19:31:31.122+0000] {dagbag.py:538} INFO - Filling up the DagBag from /opt/airflow/dags/rugby_pipeline.py
[2026-01-02T19:31:31.141+0000] {processor.py:840} INFO - DAG(s) 'rugby_pipeline' retrieved from /opt/airflow/dags/rugby_pipeline.py
[2026-01-02T19:31:31.163+0000] {logging_mixin.py:188} INFO - [2026-01-02T19:31:31.162+0000] {dag.py:3036} INFO - Sync 1 DAGs
[2026-01-02T19:31:31.183+0000] {logging_mixin.py:188} INFO - [2026-01-02T19:31:31.183+0000] {dag.py:3823} INFO - Setting next_dagrun for rugby_pipeline to 2026-01-02 00:00:00+00:00, run_after=2026-01-03 00:00:00+00:00
[2026-01-02T19:31:31.200+0000] {processor.py:183} INFO - Processing /opt/airflow/dags/rugby_pipeline.py took 0.083 seconds
[2026-01-02T19:32:01.552+0000] {processor.py:161} INFO - Started process (PID=26893) to work on /opt/airflow/dags/rugby_pipeline.py
[2026-01-02T19:32:01.553+0000] {processor.py:830} INFO - Processing file /opt/airflow/dags/rugby_pipeline.py for tasks to queue
[2026-01-02T19:32:01.554+0000] {logging_mixin.py:188} INFO - [2026-01-02T19:32:01.554+0000] {dagbag.py:538} INFO - Filling up the DagBag from /opt/airflow/dags/rugby_pipeline.py
[2026-01-02T19:32:01.574+0000] {processor.py:840} INFO - DAG(s) 'rugby_pipeline' retrieved from /opt/airflow/dags/rugby_pipeline.py
[2026-01-02T19:32:01.596+0000] {logging_mixin.py:188} INFO - [2026-01-02T19:32:01.596+0000] {dag.py:3036} INFO - Sync 1 DAGs
[2026-01-02T19:32:01.618+0000] {logging_mixin.py:188} INFO - [2026-01-02T19:32:01.617+0000] {dag.py:3823} INFO - Setting next_dagrun for rugby_pipeline to 2026-01-02 00:00:00+00:00, run_after=2026-01-03 00:00:00+00:00
[2026-01-02T19:32:01.634+0000] {processor.py:183} INFO - Processing /opt/airflow/dags/rugby_pipeline.py took 0.086 seconds
[2026-01-02T19:32:32.054+0000] {processor.py:161} INFO - Started process (PID=26913) to work on /opt/airflow/dags/rugby_pipeline.py
[2026-01-02T19:32:32.055+0000] {processor.py:830} INFO - Processing file /opt/airflow/dags/rugby_pipeline.py for tasks to queue
[2026-01-02T19:32:32.056+0000] {logging_mixin.py:188} INFO - [2026-01-02T19:32:32.056+0000] {dagbag.py:538} INFO - Filling up the DagBag from /opt/airflow/dags/rugby_pipeline.py
[2026-01-02T19:32:32.076+0000] {processor.py:840} INFO - DAG(s) 'rugby_pipeline' retrieved from /opt/airflow/dags/rugby_pipeline.py
[2026-01-02T19:32:32.096+0000] {logging_mixin.py:188} INFO - [2026-01-02T19:32:32.096+0000] {dag.py:3036} INFO - Sync 1 DAGs
[2026-01-02T19:32:32.118+0000] {logging_mixin.py:188} INFO - [2026-01-02T19:32:32.118+0000] {dag.py:3823} INFO - Setting next_dagrun for rugby_pipeline to 2026-01-02 00:00:00+00:00, run_after=2026-01-03 00:00:00+00:00
[2026-01-02T19:32:32.135+0000] {processor.py:183} INFO - Processing /opt/airflow/dags/rugby_pipeline.py took 0.085 seconds
[2026-01-02T19:33:02.496+0000] {processor.py:161} INFO - Started process (PID=26933) to work on /opt/airflow/dags/rugby_pipeline.py
[2026-01-02T19:33:02.497+0000] {processor.py:830} INFO - Processing file /opt/airflow/dags/rugby_pipeline.py for tasks to queue
[2026-01-02T19:33:02.498+0000] {logging_mixin.py:188} INFO - [2026-01-02T19:33:02.498+0000] {dagbag.py:538} INFO - Filling up the DagBag from /opt/airflow/dags/rugby_pipeline.py
[2026-01-02T19:33:02.517+0000] {processor.py:840} INFO - DAG(s) 'rugby_pipeline' retrieved from /opt/airflow/dags/rugby_pipeline.py
[2026-01-02T19:33:02.537+0000] {logging_mixin.py:188} INFO - [2026-01-02T19:33:02.537+0000] {dag.py:3036} INFO - Sync 1 DAGs
[2026-01-02T19:33:02.558+0000] {logging_mixin.py:188} INFO - [2026-01-02T19:33:02.557+0000] {dag.py:3823} INFO - Setting next_dagrun for rugby_pipeline to 2026-01-02 00:00:00+00:00, run_after=2026-01-03 00:00:00+00:00
[2026-01-02T19:33:02.586+0000] {processor.py:183} INFO - Processing /opt/airflow/dags/rugby_pipeline.py took 0.094 seconds
[2026-01-02T19:33:32.922+0000] {processor.py:161} INFO - Started process (PID=26953) to work on /opt/airflow/dags/rugby_pipeline.py
[2026-01-02T19:33:32.923+0000] {processor.py:830} INFO - Processing file /opt/airflow/dags/rugby_pipeline.py for tasks to queue
[2026-01-02T19:33:32.924+0000] {logging_mixin.py:188} INFO - [2026-01-02T19:33:32.923+0000] {dagbag.py:538} INFO - Filling up the DagBag from /opt/airflow/dags/rugby_pipeline.py
[2026-01-02T19:33:32.943+0000] {processor.py:840} INFO - DAG(s) 'rugby_pipeline' retrieved from /opt/airflow/dags/rugby_pipeline.py
[2026-01-02T19:33:32.963+0000] {logging_mixin.py:188} INFO - [2026-01-02T19:33:32.963+0000] {dag.py:3036} INFO - Sync 1 DAGs
[2026-01-02T19:33:32.984+0000] {logging_mixin.py:188} INFO - [2026-01-02T19:33:32.984+0000] {dag.py:3823} INFO - Setting next_dagrun for rugby_pipeline to 2026-01-02 00:00:00+00:00, run_after=2026-01-03 00:00:00+00:00
[2026-01-02T19:33:33.012+0000] {processor.py:183} INFO - Processing /opt/airflow/dags/rugby_pipeline.py took 0.093 seconds
[2026-01-02T19:34:03.347+0000] {processor.py:161} INFO - Started process (PID=26973) to work on /opt/airflow/dags/rugby_pipeline.py
[2026-01-02T19:34:03.348+0000] {processor.py:830} INFO - Processing file /opt/airflow/dags/rugby_pipeline.py for tasks to queue
[2026-01-02T19:34:03.349+0000] {logging_mixin.py:188} INFO - [2026-01-02T19:34:03.348+0000] {dagbag.py:538} INFO - Filling up the DagBag from /opt/airflow/dags/rugby_pipeline.py
[2026-01-02T19:34:03.367+0000] {processor.py:840} INFO - DAG(s) 'rugby_pipeline' retrieved from /opt/airflow/dags/rugby_pipeline.py
[2026-01-02T19:34:03.389+0000] {logging_mixin.py:188} INFO - [2026-01-02T19:34:03.389+0000] {dag.py:3036} INFO - Sync 1 DAGs
[2026-01-02T19:34:03.409+0000] {logging_mixin.py:188} INFO - [2026-01-02T19:34:03.409+0000] {dag.py:3823} INFO - Setting next_dagrun for rugby_pipeline to 2026-01-02 00:00:00+00:00, run_after=2026-01-03 00:00:00+00:00
[2026-01-02T19:34:03.426+0000] {processor.py:183} INFO - Processing /opt/airflow/dags/rugby_pipeline.py took 0.084 seconds
[2026-01-02T19:34:33.786+0000] {processor.py:161} INFO - Started process (PID=26993) to work on /opt/airflow/dags/rugby_pipeline.py
[2026-01-02T19:34:33.788+0000] {processor.py:830} INFO - Processing file /opt/airflow/dags/rugby_pipeline.py for tasks to queue
[2026-01-02T19:34:33.789+0000] {logging_mixin.py:188} INFO - [2026-01-02T19:34:33.788+0000] {dagbag.py:538} INFO - Filling up the DagBag from /opt/airflow/dags/rugby_pipeline.py
[2026-01-02T19:34:33.808+0000] {processor.py:840} INFO - DAG(s) 'rugby_pipeline' retrieved from /opt/airflow/dags/rugby_pipeline.py
[2026-01-02T19:34:33.830+0000] {logging_mixin.py:188} INFO - [2026-01-02T19:34:33.829+0000] {dag.py:3036} INFO - Sync 1 DAGs
[2026-01-02T19:34:33.850+0000] {logging_mixin.py:188} INFO - [2026-01-02T19:34:33.850+0000] {dag.py:3823} INFO - Setting next_dagrun for rugby_pipeline to 2026-01-02 00:00:00+00:00, run_after=2026-01-03 00:00:00+00:00
[2026-01-02T19:34:33.879+0000] {processor.py:183} INFO - Processing /opt/airflow/dags/rugby_pipeline.py took 0.096 seconds
[2026-01-02T19:35:04.208+0000] {processor.py:161} INFO - Started process (PID=27013) to work on /opt/airflow/dags/rugby_pipeline.py
[2026-01-02T19:35:04.209+0000] {processor.py:830} INFO - Processing file /opt/airflow/dags/rugby_pipeline.py for tasks to queue
[2026-01-02T19:35:04.210+0000] {logging_mixin.py:188} INFO - [2026-01-02T19:35:04.209+0000] {dagbag.py:538} INFO - Filling up the DagBag from /opt/airflow/dags/rugby_pipeline.py
[2026-01-02T19:35:04.229+0000] {processor.py:840} INFO - DAG(s) 'rugby_pipeline' retrieved from /opt/airflow/dags/rugby_pipeline.py
[2026-01-02T19:35:04.250+0000] {logging_mixin.py:188} INFO - [2026-01-02T19:35:04.250+0000] {dag.py:3036} INFO - Sync 1 DAGs
[2026-01-02T19:35:04.271+0000] {logging_mixin.py:188} INFO - [2026-01-02T19:35:04.271+0000] {dag.py:3823} INFO - Setting next_dagrun for rugby_pipeline to 2026-01-02 00:00:00+00:00, run_after=2026-01-03 00:00:00+00:00
[2026-01-02T19:35:04.299+0000] {processor.py:183} INFO - Processing /opt/airflow/dags/rugby_pipeline.py took 0.095 seconds
[2026-01-02T19:35:34.623+0000] {processor.py:161} INFO - Started process (PID=27033) to work on /opt/airflow/dags/rugby_pipeline.py
[2026-01-02T19:35:34.625+0000] {processor.py:830} INFO - Processing file /opt/airflow/dags/rugby_pipeline.py for tasks to queue
[2026-01-02T19:35:34.626+0000] {logging_mixin.py:188} INFO - [2026-01-02T19:35:34.625+0000] {dagbag.py:538} INFO - Filling up the DagBag from /opt/airflow/dags/rugby_pipeline.py
[2026-01-02T19:35:34.645+0000] {processor.py:840} INFO - DAG(s) 'rugby_pipeline' retrieved from /opt/airflow/dags/rugby_pipeline.py
[2026-01-02T19:35:34.667+0000] {logging_mixin.py:188} INFO - [2026-01-02T19:35:34.667+0000] {dag.py:3036} INFO - Sync 1 DAGs
[2026-01-02T19:35:34.688+0000] {logging_mixin.py:188} INFO - [2026-01-02T19:35:34.688+0000] {dag.py:3823} INFO - Setting next_dagrun for rugby_pipeline to 2026-01-02 00:00:00+00:00, run_after=2026-01-03 00:00:00+00:00
[2026-01-02T19:35:34.717+0000] {processor.py:183} INFO - Processing /opt/airflow/dags/rugby_pipeline.py took 0.097 seconds
[2026-01-02T19:36:05.168+0000] {processor.py:161} INFO - Started process (PID=27053) to work on /opt/airflow/dags/rugby_pipeline.py
[2026-01-02T19:36:05.169+0000] {processor.py:830} INFO - Processing file /opt/airflow/dags/rugby_pipeline.py for tasks to queue
[2026-01-02T19:36:05.170+0000] {logging_mixin.py:188} INFO - [2026-01-02T19:36:05.170+0000] {dagbag.py:538} INFO - Filling up the DagBag from /opt/airflow/dags/rugby_pipeline.py
[2026-01-02T19:36:05.190+0000] {processor.py:840} INFO - DAG(s) 'rugby_pipeline' retrieved from /opt/airflow/dags/rugby_pipeline.py
[2026-01-02T19:36:05.210+0000] {logging_mixin.py:188} INFO - [2026-01-02T19:36:05.210+0000] {dag.py:3036} INFO - Sync 1 DAGs
[2026-01-02T19:36:05.230+0000] {logging_mixin.py:188} INFO - [2026-01-02T19:36:05.230+0000] {dag.py:3823} INFO - Setting next_dagrun for rugby_pipeline to 2026-01-02 00:00:00+00:00, run_after=2026-01-03 00:00:00+00:00
[2026-01-02T19:36:05.260+0000] {processor.py:183} INFO - Processing /opt/airflow/dags/rugby_pipeline.py took 0.095 seconds
[2026-01-02T19:36:35.593+0000] {processor.py:161} INFO - Started process (PID=27073) to work on /opt/airflow/dags/rugby_pipeline.py
[2026-01-02T19:36:35.594+0000] {processor.py:830} INFO - Processing file /opt/airflow/dags/rugby_pipeline.py for tasks to queue
[2026-01-02T19:36:35.595+0000] {logging_mixin.py:188} INFO - [2026-01-02T19:36:35.595+0000] {dagbag.py:538} INFO - Filling up the DagBag from /opt/airflow/dags/rugby_pipeline.py
[2026-01-02T19:36:35.615+0000] {processor.py:840} INFO - DAG(s) 'rugby_pipeline' retrieved from /opt/airflow/dags/rugby_pipeline.py
[2026-01-02T19:36:35.636+0000] {logging_mixin.py:188} INFO - [2026-01-02T19:36:35.636+0000] {dag.py:3036} INFO - Sync 1 DAGs
[2026-01-02T19:36:35.657+0000] {logging_mixin.py:188} INFO - [2026-01-02T19:36:35.657+0000] {dag.py:3823} INFO - Setting next_dagrun for rugby_pipeline to 2026-01-02 00:00:00+00:00, run_after=2026-01-03 00:00:00+00:00
[2026-01-02T19:36:35.673+0000] {processor.py:183} INFO - Processing /opt/airflow/dags/rugby_pipeline.py took 0.083 seconds
[2026-01-02T19:37:06.126+0000] {processor.py:161} INFO - Started process (PID=27093) to work on /opt/airflow/dags/rugby_pipeline.py
[2026-01-02T19:37:06.127+0000] {processor.py:830} INFO - Processing file /opt/airflow/dags/rugby_pipeline.py for tasks to queue
[2026-01-02T19:37:06.128+0000] {logging_mixin.py:188} INFO - [2026-01-02T19:37:06.127+0000] {dagbag.py:538} INFO - Filling up the DagBag from /opt/airflow/dags/rugby_pipeline.py
[2026-01-02T19:37:06.148+0000] {processor.py:840} INFO - DAG(s) 'rugby_pipeline' retrieved from /opt/airflow/dags/rugby_pipeline.py
[2026-01-02T19:37:06.172+0000] {logging_mixin.py:188} INFO - [2026-01-02T19:37:06.172+0000] {dag.py:3036} INFO - Sync 1 DAGs
[2026-01-02T19:37:06.192+0000] {logging_mixin.py:188} INFO - [2026-01-02T19:37:06.192+0000] {dag.py:3823} INFO - Setting next_dagrun for rugby_pipeline to 2026-01-02 00:00:00+00:00, run_after=2026-01-03 00:00:00+00:00
[2026-01-02T19:37:06.209+0000] {processor.py:183} INFO - Processing /opt/airflow/dags/rugby_pipeline.py took 0.087 seconds
[2026-01-02T19:37:36.615+0000] {processor.py:161} INFO - Started process (PID=27113) to work on /opt/airflow/dags/rugby_pipeline.py
[2026-01-02T19:37:36.616+0000] {processor.py:830} INFO - Processing file /opt/airflow/dags/rugby_pipeline.py for tasks to queue
[2026-01-02T19:37:36.617+0000] {logging_mixin.py:188} INFO - [2026-01-02T19:37:36.617+0000] {dagbag.py:538} INFO - Filling up the DagBag from /opt/airflow/dags/rugby_pipeline.py
[2026-01-02T19:37:36.637+0000] {processor.py:840} INFO - DAG(s) 'rugby_pipeline' retrieved from /opt/airflow/dags/rugby_pipeline.py
[2026-01-02T19:37:36.658+0000] {logging_mixin.py:188} INFO - [2026-01-02T19:37:36.658+0000] {dag.py:3036} INFO - Sync 1 DAGs
[2026-01-02T19:37:36.680+0000] {logging_mixin.py:188} INFO - [2026-01-02T19:37:36.680+0000] {dag.py:3823} INFO - Setting next_dagrun for rugby_pipeline to 2026-01-02 00:00:00+00:00, run_after=2026-01-03 00:00:00+00:00
[2026-01-02T19:37:36.708+0000] {processor.py:183} INFO - Processing /opt/airflow/dags/rugby_pipeline.py took 0.096 seconds
[2026-01-02T19:38:07.045+0000] {processor.py:161} INFO - Started process (PID=27133) to work on /opt/airflow/dags/rugby_pipeline.py
[2026-01-02T19:38:07.046+0000] {processor.py:830} INFO - Processing file /opt/airflow/dags/rugby_pipeline.py for tasks to queue
[2026-01-02T19:38:07.047+0000] {logging_mixin.py:188} INFO - [2026-01-02T19:38:07.047+0000] {dagbag.py:538} INFO - Filling up the DagBag from /opt/airflow/dags/rugby_pipeline.py
[2026-01-02T19:38:07.067+0000] {processor.py:840} INFO - DAG(s) 'rugby_pipeline' retrieved from /opt/airflow/dags/rugby_pipeline.py
[2026-01-02T19:38:07.090+0000] {logging_mixin.py:188} INFO - [2026-01-02T19:38:07.090+0000] {dag.py:3036} INFO - Sync 1 DAGs
[2026-01-02T19:38:07.112+0000] {logging_mixin.py:188} INFO - [2026-01-02T19:38:07.112+0000] {dag.py:3823} INFO - Setting next_dagrun for rugby_pipeline to 2026-01-02 00:00:00+00:00, run_after=2026-01-03 00:00:00+00:00
[2026-01-02T19:38:07.142+0000] {processor.py:183} INFO - Processing /opt/airflow/dags/rugby_pipeline.py took 0.101 seconds
[2026-01-02T19:38:37.486+0000] {processor.py:161} INFO - Started process (PID=27153) to work on /opt/airflow/dags/rugby_pipeline.py
[2026-01-02T19:38:37.487+0000] {processor.py:830} INFO - Processing file /opt/airflow/dags/rugby_pipeline.py for tasks to queue
[2026-01-02T19:38:37.488+0000] {logging_mixin.py:188} INFO - [2026-01-02T19:38:37.487+0000] {dagbag.py:538} INFO - Filling up the DagBag from /opt/airflow/dags/rugby_pipeline.py
[2026-01-02T19:38:37.507+0000] {processor.py:840} INFO - DAG(s) 'rugby_pipeline' retrieved from /opt/airflow/dags/rugby_pipeline.py
[2026-01-02T19:38:37.528+0000] {logging_mixin.py:188} INFO - [2026-01-02T19:38:37.528+0000] {dag.py:3036} INFO - Sync 1 DAGs
[2026-01-02T19:38:37.548+0000] {logging_mixin.py:188} INFO - [2026-01-02T19:38:37.548+0000] {dag.py:3823} INFO - Setting next_dagrun for rugby_pipeline to 2026-01-02 00:00:00+00:00, run_after=2026-01-03 00:00:00+00:00
[2026-01-02T19:38:37.565+0000] {processor.py:183} INFO - Processing /opt/airflow/dags/rugby_pipeline.py took 0.083 seconds
[2026-01-02T19:39:07.887+0000] {processor.py:161} INFO - Started process (PID=27173) to work on /opt/airflow/dags/rugby_pipeline.py
[2026-01-02T19:39:07.888+0000] {processor.py:830} INFO - Processing file /opt/airflow/dags/rugby_pipeline.py for tasks to queue
[2026-01-02T19:39:07.889+0000] {logging_mixin.py:188} INFO - [2026-01-02T19:39:07.889+0000] {dagbag.py:538} INFO - Filling up the DagBag from /opt/airflow/dags/rugby_pipeline.py
[2026-01-02T19:39:07.909+0000] {processor.py:840} INFO - DAG(s) 'rugby_pipeline' retrieved from /opt/airflow/dags/rugby_pipeline.py
[2026-01-02T19:39:07.930+0000] {logging_mixin.py:188} INFO - [2026-01-02T19:39:07.930+0000] {dag.py:3036} INFO - Sync 1 DAGs
[2026-01-02T19:39:07.952+0000] {logging_mixin.py:188} INFO - [2026-01-02T19:39:07.952+0000] {dag.py:3823} INFO - Setting next_dagrun for rugby_pipeline to 2026-01-02 00:00:00+00:00, run_after=2026-01-03 00:00:00+00:00
[2026-01-02T19:39:07.981+0000] {processor.py:183} INFO - Processing /opt/airflow/dags/rugby_pipeline.py took 0.097 seconds
[2026-01-02T19:39:38.324+0000] {processor.py:161} INFO - Started process (PID=27193) to work on /opt/airflow/dags/rugby_pipeline.py
[2026-01-02T19:39:38.325+0000] {processor.py:830} INFO - Processing file /opt/airflow/dags/rugby_pipeline.py for tasks to queue
[2026-01-02T19:39:38.326+0000] {logging_mixin.py:188} INFO - [2026-01-02T19:39:38.326+0000] {dagbag.py:538} INFO - Filling up the DagBag from /opt/airflow/dags/rugby_pipeline.py
[2026-01-02T19:39:38.345+0000] {processor.py:840} INFO - DAG(s) 'rugby_pipeline' retrieved from /opt/airflow/dags/rugby_pipeline.py
[2026-01-02T19:39:38.367+0000] {logging_mixin.py:188} INFO - [2026-01-02T19:39:38.367+0000] {dag.py:3036} INFO - Sync 1 DAGs
[2026-01-02T19:39:38.388+0000] {logging_mixin.py:188} INFO - [2026-01-02T19:39:38.387+0000] {dag.py:3823} INFO - Setting next_dagrun for rugby_pipeline to 2026-01-02 00:00:00+00:00, run_after=2026-01-03 00:00:00+00:00
[2026-01-02T19:39:38.417+0000] {processor.py:183} INFO - Processing /opt/airflow/dags/rugby_pipeline.py took 0.097 seconds
[2026-01-02T19:40:08.975+0000] {processor.py:161} INFO - Started process (PID=27213) to work on /opt/airflow/dags/rugby_pipeline.py
[2026-01-02T19:40:08.977+0000] {processor.py:830} INFO - Processing file /opt/airflow/dags/rugby_pipeline.py for tasks to queue
[2026-01-02T19:40:08.978+0000] {logging_mixin.py:188} INFO - [2026-01-02T19:40:08.978+0000] {dagbag.py:538} INFO - Filling up the DagBag from /opt/airflow/dags/rugby_pipeline.py
[2026-01-02T19:40:09.002+0000] {processor.py:840} INFO - DAG(s) 'rugby_pipeline' retrieved from /opt/airflow/dags/rugby_pipeline.py
[2026-01-02T19:40:09.028+0000] {logging_mixin.py:188} INFO - [2026-01-02T19:40:09.028+0000] {dag.py:3036} INFO - Sync 1 DAGs
[2026-01-02T19:40:09.053+0000] {logging_mixin.py:188} INFO - [2026-01-02T19:40:09.052+0000] {dag.py:3823} INFO - Setting next_dagrun for rugby_pipeline to 2026-01-02 00:00:00+00:00, run_after=2026-01-03 00:00:00+00:00
[2026-01-02T19:40:09.074+0000] {processor.py:183} INFO - Processing /opt/airflow/dags/rugby_pipeline.py took 0.104 seconds
[2026-01-02T19:40:39.410+0000] {processor.py:161} INFO - Started process (PID=27233) to work on /opt/airflow/dags/rugby_pipeline.py
[2026-01-02T19:40:39.411+0000] {processor.py:830} INFO - Processing file /opt/airflow/dags/rugby_pipeline.py for tasks to queue
[2026-01-02T19:40:39.412+0000] {logging_mixin.py:188} INFO - [2026-01-02T19:40:39.412+0000] {dagbag.py:538} INFO - Filling up the DagBag from /opt/airflow/dags/rugby_pipeline.py
[2026-01-02T19:40:39.431+0000] {processor.py:840} INFO - DAG(s) 'rugby_pipeline' retrieved from /opt/airflow/dags/rugby_pipeline.py
[2026-01-02T19:40:39.452+0000] {logging_mixin.py:188} INFO - [2026-01-02T19:40:39.452+0000] {dag.py:3036} INFO - Sync 1 DAGs
[2026-01-02T19:40:39.474+0000] {logging_mixin.py:188} INFO - [2026-01-02T19:40:39.474+0000] {dag.py:3823} INFO - Setting next_dagrun for rugby_pipeline to 2026-01-02 00:00:00+00:00, run_after=2026-01-03 00:00:00+00:00
[2026-01-02T19:40:39.502+0000] {processor.py:183} INFO - Processing /opt/airflow/dags/rugby_pipeline.py took 0.096 seconds
[2026-01-02T19:41:09.847+0000] {processor.py:161} INFO - Started process (PID=27253) to work on /opt/airflow/dags/rugby_pipeline.py
[2026-01-02T19:41:09.848+0000] {processor.py:830} INFO - Processing file /opt/airflow/dags/rugby_pipeline.py for tasks to queue
[2026-01-02T19:41:09.849+0000] {logging_mixin.py:188} INFO - [2026-01-02T19:41:09.849+0000] {dagbag.py:538} INFO - Filling up the DagBag from /opt/airflow/dags/rugby_pipeline.py
[2026-01-02T19:41:09.868+0000] {processor.py:840} INFO - DAG(s) 'rugby_pipeline' retrieved from /opt/airflow/dags/rugby_pipeline.py
[2026-01-02T19:41:09.890+0000] {logging_mixin.py:188} INFO - [2026-01-02T19:41:09.890+0000] {dag.py:3036} INFO - Sync 1 DAGs
[2026-01-02T19:41:09.911+0000] {logging_mixin.py:188} INFO - [2026-01-02T19:41:09.911+0000] {dag.py:3823} INFO - Setting next_dagrun for rugby_pipeline to 2026-01-02 00:00:00+00:00, run_after=2026-01-03 00:00:00+00:00
[2026-01-02T19:41:09.930+0000] {processor.py:183} INFO - Processing /opt/airflow/dags/rugby_pipeline.py took 0.086 seconds
[2026-01-02T19:41:40.398+0000] {processor.py:161} INFO - Started process (PID=27273) to work on /opt/airflow/dags/rugby_pipeline.py
[2026-01-02T19:41:40.399+0000] {processor.py:830} INFO - Processing file /opt/airflow/dags/rugby_pipeline.py for tasks to queue
[2026-01-02T19:41:40.400+0000] {logging_mixin.py:188} INFO - [2026-01-02T19:41:40.400+0000] {dagbag.py:538} INFO - Filling up the DagBag from /opt/airflow/dags/rugby_pipeline.py
[2026-01-02T19:41:40.419+0000] {processor.py:840} INFO - DAG(s) 'rugby_pipeline' retrieved from /opt/airflow/dags/rugby_pipeline.py
[2026-01-02T19:41:40.446+0000] {logging_mixin.py:188} INFO - [2026-01-02T19:41:40.446+0000] {dag.py:3036} INFO - Sync 1 DAGs
[2026-01-02T19:41:40.466+0000] {logging_mixin.py:188} INFO - [2026-01-02T19:41:40.466+0000] {dag.py:3823} INFO - Setting next_dagrun for rugby_pipeline to 2026-01-02 00:00:00+00:00, run_after=2026-01-03 00:00:00+00:00
[2026-01-02T19:41:40.484+0000] {processor.py:183} INFO - Processing /opt/airflow/dags/rugby_pipeline.py took 0.089 seconds
[2026-01-02T19:42:10.840+0000] {processor.py:161} INFO - Started process (PID=27293) to work on /opt/airflow/dags/rugby_pipeline.py
[2026-01-02T19:42:10.842+0000] {processor.py:830} INFO - Processing file /opt/airflow/dags/rugby_pipeline.py for tasks to queue
[2026-01-02T19:42:10.843+0000] {logging_mixin.py:188} INFO - [2026-01-02T19:42:10.842+0000] {dagbag.py:538} INFO - Filling up the DagBag from /opt/airflow/dags/rugby_pipeline.py
[2026-01-02T19:42:10.862+0000] {processor.py:840} INFO - DAG(s) 'rugby_pipeline' retrieved from /opt/airflow/dags/rugby_pipeline.py
[2026-01-02T19:42:10.888+0000] {logging_mixin.py:188} INFO - [2026-01-02T19:42:10.888+0000] {dag.py:3036} INFO - Sync 1 DAGs
[2026-01-02T19:42:10.908+0000] {logging_mixin.py:188} INFO - [2026-01-02T19:42:10.908+0000] {dag.py:3823} INFO - Setting next_dagrun for rugby_pipeline to 2026-01-02 00:00:00+00:00, run_after=2026-01-03 00:00:00+00:00
[2026-01-02T19:42:10.936+0000] {processor.py:183} INFO - Processing /opt/airflow/dags/rugby_pipeline.py took 0.099 seconds
[2026-01-02T19:42:41.335+0000] {processor.py:161} INFO - Started process (PID=27313) to work on /opt/airflow/dags/rugby_pipeline.py
[2026-01-02T19:42:41.336+0000] {processor.py:830} INFO - Processing file /opt/airflow/dags/rugby_pipeline.py for tasks to queue
[2026-01-02T19:42:41.337+0000] {logging_mixin.py:188} INFO - [2026-01-02T19:42:41.337+0000] {dagbag.py:538} INFO - Filling up the DagBag from /opt/airflow/dags/rugby_pipeline.py
[2026-01-02T19:42:41.357+0000] {processor.py:840} INFO - DAG(s) 'rugby_pipeline' retrieved from /opt/airflow/dags/rugby_pipeline.py
[2026-01-02T19:42:41.378+0000] {logging_mixin.py:188} INFO - [2026-01-02T19:42:41.378+0000] {dag.py:3036} INFO - Sync 1 DAGs
[2026-01-02T19:42:41.399+0000] {logging_mixin.py:188} INFO - [2026-01-02T19:42:41.399+0000] {dag.py:3823} INFO - Setting next_dagrun for rugby_pipeline to 2026-01-02 00:00:00+00:00, run_after=2026-01-03 00:00:00+00:00
[2026-01-02T19:42:41.422+0000] {processor.py:183} INFO - Processing /opt/airflow/dags/rugby_pipeline.py took 0.090 seconds
[2026-01-02T19:43:11.876+0000] {processor.py:161} INFO - Started process (PID=27333) to work on /opt/airflow/dags/rugby_pipeline.py
[2026-01-02T19:43:11.877+0000] {processor.py:830} INFO - Processing file /opt/airflow/dags/rugby_pipeline.py for tasks to queue
[2026-01-02T19:43:11.878+0000] {logging_mixin.py:188} INFO - [2026-01-02T19:43:11.878+0000] {dagbag.py:538} INFO - Filling up the DagBag from /opt/airflow/dags/rugby_pipeline.py
[2026-01-02T19:43:11.896+0000] {processor.py:840} INFO - DAG(s) 'rugby_pipeline' retrieved from /opt/airflow/dags/rugby_pipeline.py
[2026-01-02T19:43:11.918+0000] {logging_mixin.py:188} INFO - [2026-01-02T19:43:11.917+0000] {dag.py:3036} INFO - Sync 1 DAGs
[2026-01-02T19:43:11.939+0000] {logging_mixin.py:188} INFO - [2026-01-02T19:43:11.939+0000] {dag.py:3823} INFO - Setting next_dagrun for rugby_pipeline to 2026-01-02 00:00:00+00:00, run_after=2026-01-03 00:00:00+00:00
[2026-01-02T19:43:11.956+0000] {processor.py:183} INFO - Processing /opt/airflow/dags/rugby_pipeline.py took 0.084 seconds
[2026-01-02T19:43:42.298+0000] {processor.py:161} INFO - Started process (PID=27353) to work on /opt/airflow/dags/rugby_pipeline.py
[2026-01-02T19:43:42.299+0000] {processor.py:830} INFO - Processing file /opt/airflow/dags/rugby_pipeline.py for tasks to queue
[2026-01-02T19:43:42.301+0000] {logging_mixin.py:188} INFO - [2026-01-02T19:43:42.300+0000] {dagbag.py:538} INFO - Filling up the DagBag from /opt/airflow/dags/rugby_pipeline.py
[2026-01-02T19:43:42.319+0000] {processor.py:840} INFO - DAG(s) 'rugby_pipeline' retrieved from /opt/airflow/dags/rugby_pipeline.py
[2026-01-02T19:43:42.340+0000] {logging_mixin.py:188} INFO - [2026-01-02T19:43:42.340+0000] {dag.py:3036} INFO - Sync 1 DAGs
[2026-01-02T19:43:42.360+0000] {logging_mixin.py:188} INFO - [2026-01-02T19:43:42.360+0000] {dag.py:3823} INFO - Setting next_dagrun for rugby_pipeline to 2026-01-02 00:00:00+00:00, run_after=2026-01-03 00:00:00+00:00
[2026-01-02T19:43:42.388+0000] {processor.py:183} INFO - Processing /opt/airflow/dags/rugby_pipeline.py took 0.093 seconds
[2026-01-02T19:44:12.729+0000] {processor.py:161} INFO - Started process (PID=27373) to work on /opt/airflow/dags/rugby_pipeline.py
[2026-01-02T19:44:12.730+0000] {processor.py:830} INFO - Processing file /opt/airflow/dags/rugby_pipeline.py for tasks to queue
[2026-01-02T19:44:12.731+0000] {logging_mixin.py:188} INFO - [2026-01-02T19:44:12.731+0000] {dagbag.py:538} INFO - Filling up the DagBag from /opt/airflow/dags/rugby_pipeline.py
[2026-01-02T19:44:12.751+0000] {processor.py:840} INFO - DAG(s) 'rugby_pipeline' retrieved from /opt/airflow/dags/rugby_pipeline.py
[2026-01-02T19:44:12.772+0000] {logging_mixin.py:188} INFO - [2026-01-02T19:44:12.772+0000] {dag.py:3036} INFO - Sync 1 DAGs
[2026-01-02T19:44:12.792+0000] {logging_mixin.py:188} INFO - [2026-01-02T19:44:12.792+0000] {dag.py:3823} INFO - Setting next_dagrun for rugby_pipeline to 2026-01-02 00:00:00+00:00, run_after=2026-01-03 00:00:00+00:00
[2026-01-02T19:44:12.808+0000] {processor.py:183} INFO - Processing /opt/airflow/dags/rugby_pipeline.py took 0.082 seconds
[2026-01-02T19:44:43.152+0000] {processor.py:161} INFO - Started process (PID=27393) to work on /opt/airflow/dags/rugby_pipeline.py
[2026-01-02T19:44:43.154+0000] {processor.py:830} INFO - Processing file /opt/airflow/dags/rugby_pipeline.py for tasks to queue
[2026-01-02T19:44:43.154+0000] {logging_mixin.py:188} INFO - [2026-01-02T19:44:43.154+0000] {dagbag.py:538} INFO - Filling up the DagBag from /opt/airflow/dags/rugby_pipeline.py
[2026-01-02T19:44:43.174+0000] {processor.py:840} INFO - DAG(s) 'rugby_pipeline' retrieved from /opt/airflow/dags/rugby_pipeline.py
[2026-01-02T19:44:43.195+0000] {logging_mixin.py:188} INFO - [2026-01-02T19:44:43.195+0000] {dag.py:3036} INFO - Sync 1 DAGs
[2026-01-02T19:44:43.216+0000] {logging_mixin.py:188} INFO - [2026-01-02T19:44:43.215+0000] {dag.py:3823} INFO - Setting next_dagrun for rugby_pipeline to 2026-01-02 00:00:00+00:00, run_after=2026-01-03 00:00:00+00:00
[2026-01-02T19:44:43.245+0000] {processor.py:183} INFO - Processing /opt/airflow/dags/rugby_pipeline.py took 0.096 seconds
[2026-01-02T19:45:13.691+0000] {processor.py:161} INFO - Started process (PID=27413) to work on /opt/airflow/dags/rugby_pipeline.py
[2026-01-02T19:45:13.692+0000] {processor.py:830} INFO - Processing file /opt/airflow/dags/rugby_pipeline.py for tasks to queue
[2026-01-02T19:45:13.694+0000] {logging_mixin.py:188} INFO - [2026-01-02T19:45:13.693+0000] {dagbag.py:538} INFO - Filling up the DagBag from /opt/airflow/dags/rugby_pipeline.py
[2026-01-02T19:45:13.713+0000] {processor.py:840} INFO - DAG(s) 'rugby_pipeline' retrieved from /opt/airflow/dags/rugby_pipeline.py
[2026-01-02T19:45:13.734+0000] {logging_mixin.py:188} INFO - [2026-01-02T19:45:13.734+0000] {dag.py:3036} INFO - Sync 1 DAGs
[2026-01-02T19:45:13.755+0000] {logging_mixin.py:188} INFO - [2026-01-02T19:45:13.754+0000] {dag.py:3823} INFO - Setting next_dagrun for rugby_pipeline to 2026-01-02 00:00:00+00:00, run_after=2026-01-03 00:00:00+00:00
[2026-01-02T19:45:13.772+0000] {processor.py:183} INFO - Processing /opt/airflow/dags/rugby_pipeline.py took 0.084 seconds
[2026-01-02T19:45:44.126+0000] {processor.py:161} INFO - Started process (PID=27433) to work on /opt/airflow/dags/rugby_pipeline.py
[2026-01-02T19:45:44.127+0000] {processor.py:830} INFO - Processing file /opt/airflow/dags/rugby_pipeline.py for tasks to queue
[2026-01-02T19:45:44.128+0000] {logging_mixin.py:188} INFO - [2026-01-02T19:45:44.128+0000] {dagbag.py:538} INFO - Filling up the DagBag from /opt/airflow/dags/rugby_pipeline.py
[2026-01-02T19:45:44.147+0000] {processor.py:840} INFO - DAG(s) 'rugby_pipeline' retrieved from /opt/airflow/dags/rugby_pipeline.py
[2026-01-02T19:45:44.168+0000] {logging_mixin.py:188} INFO - [2026-01-02T19:45:44.167+0000] {dag.py:3036} INFO - Sync 1 DAGs
[2026-01-02T19:45:44.188+0000] {logging_mixin.py:188} INFO - [2026-01-02T19:45:44.188+0000] {dag.py:3823} INFO - Setting next_dagrun for rugby_pipeline to 2026-01-02 00:00:00+00:00, run_after=2026-01-03 00:00:00+00:00
[2026-01-02T19:45:44.206+0000] {processor.py:183} INFO - Processing /opt/airflow/dags/rugby_pipeline.py took 0.083 seconds
[2026-01-02T19:46:14.566+0000] {processor.py:161} INFO - Started process (PID=27453) to work on /opt/airflow/dags/rugby_pipeline.py
[2026-01-02T19:46:14.568+0000] {processor.py:830} INFO - Processing file /opt/airflow/dags/rugby_pipeline.py for tasks to queue
[2026-01-02T19:46:14.569+0000] {logging_mixin.py:188} INFO - [2026-01-02T19:46:14.568+0000] {dagbag.py:538} INFO - Filling up the DagBag from /opt/airflow/dags/rugby_pipeline.py
[2026-01-02T19:46:14.590+0000] {processor.py:840} INFO - DAG(s) 'rugby_pipeline' retrieved from /opt/airflow/dags/rugby_pipeline.py
[2026-01-02T19:46:14.612+0000] {logging_mixin.py:188} INFO - [2026-01-02T19:46:14.612+0000] {dag.py:3036} INFO - Sync 1 DAGs
[2026-01-02T19:46:14.634+0000] {logging_mixin.py:188} INFO - [2026-01-02T19:46:14.634+0000] {dag.py:3823} INFO - Setting next_dagrun for rugby_pipeline to 2026-01-02 00:00:00+00:00, run_after=2026-01-03 00:00:00+00:00
[2026-01-02T19:46:14.664+0000] {processor.py:183} INFO - Processing /opt/airflow/dags/rugby_pipeline.py took 0.102 seconds
[2026-01-02T19:46:44.998+0000] {processor.py:161} INFO - Started process (PID=27473) to work on /opt/airflow/dags/rugby_pipeline.py
[2026-01-02T19:46:44.999+0000] {processor.py:830} INFO - Processing file /opt/airflow/dags/rugby_pipeline.py for tasks to queue
[2026-01-02T19:46:45.000+0000] {logging_mixin.py:188} INFO - [2026-01-02T19:46:45.000+0000] {dagbag.py:538} INFO - Filling up the DagBag from /opt/airflow/dags/rugby_pipeline.py
[2026-01-02T19:46:45.019+0000] {processor.py:840} INFO - DAG(s) 'rugby_pipeline' retrieved from /opt/airflow/dags/rugby_pipeline.py
[2026-01-02T19:46:45.040+0000] {logging_mixin.py:188} INFO - [2026-01-02T19:46:45.039+0000] {dag.py:3036} INFO - Sync 1 DAGs
[2026-01-02T19:46:45.061+0000] {logging_mixin.py:188} INFO - [2026-01-02T19:46:45.060+0000] {dag.py:3823} INFO - Setting next_dagrun for rugby_pipeline to 2026-01-02 00:00:00+00:00, run_after=2026-01-03 00:00:00+00:00
[2026-01-02T19:46:45.077+0000] {processor.py:183} INFO - Processing /opt/airflow/dags/rugby_pipeline.py took 0.083 seconds
[2026-01-02T19:47:15.542+0000] {processor.py:161} INFO - Started process (PID=27493) to work on /opt/airflow/dags/rugby_pipeline.py
[2026-01-02T19:47:15.544+0000] {processor.py:830} INFO - Processing file /opt/airflow/dags/rugby_pipeline.py for tasks to queue
[2026-01-02T19:47:15.545+0000] {logging_mixin.py:188} INFO - [2026-01-02T19:47:15.544+0000] {dagbag.py:538} INFO - Filling up the DagBag from /opt/airflow/dags/rugby_pipeline.py
[2026-01-02T19:47:15.563+0000] {processor.py:840} INFO - DAG(s) 'rugby_pipeline' retrieved from /opt/airflow/dags/rugby_pipeline.py
[2026-01-02T19:47:15.584+0000] {logging_mixin.py:188} INFO - [2026-01-02T19:47:15.584+0000] {dag.py:3036} INFO - Sync 1 DAGs
[2026-01-02T19:47:15.604+0000] {logging_mixin.py:188} INFO - [2026-01-02T19:47:15.604+0000] {dag.py:3823} INFO - Setting next_dagrun for rugby_pipeline to 2026-01-02 00:00:00+00:00, run_after=2026-01-03 00:00:00+00:00
[2026-01-02T19:47:15.622+0000] {processor.py:183} INFO - Processing /opt/airflow/dags/rugby_pipeline.py took 0.083 seconds
[2026-01-02T19:47:46.038+0000] {processor.py:161} INFO - Started process (PID=27513) to work on /opt/airflow/dags/rugby_pipeline.py
[2026-01-02T19:47:46.039+0000] {processor.py:830} INFO - Processing file /opt/airflow/dags/rugby_pipeline.py for tasks to queue
[2026-01-02T19:47:46.040+0000] {logging_mixin.py:188} INFO - [2026-01-02T19:47:46.039+0000] {dagbag.py:538} INFO - Filling up the DagBag from /opt/airflow/dags/rugby_pipeline.py
[2026-01-02T19:47:46.059+0000] {processor.py:840} INFO - DAG(s) 'rugby_pipeline' retrieved from /opt/airflow/dags/rugby_pipeline.py
[2026-01-02T19:47:46.080+0000] {logging_mixin.py:188} INFO - [2026-01-02T19:47:46.080+0000] {dag.py:3036} INFO - Sync 1 DAGs
[2026-01-02T19:47:46.100+0000] {logging_mixin.py:188} INFO - [2026-01-02T19:47:46.100+0000] {dag.py:3823} INFO - Setting next_dagrun for rugby_pipeline to 2026-01-02 00:00:00+00:00, run_after=2026-01-03 00:00:00+00:00
[2026-01-02T19:47:46.128+0000] {processor.py:183} INFO - Processing /opt/airflow/dags/rugby_pipeline.py took 0.094 seconds
[2026-01-02T19:48:16.569+0000] {processor.py:161} INFO - Started process (PID=27533) to work on /opt/airflow/dags/rugby_pipeline.py
[2026-01-02T19:48:16.571+0000] {processor.py:830} INFO - Processing file /opt/airflow/dags/rugby_pipeline.py for tasks to queue
[2026-01-02T19:48:16.572+0000] {logging_mixin.py:188} INFO - [2026-01-02T19:48:16.571+0000] {dagbag.py:538} INFO - Filling up the DagBag from /opt/airflow/dags/rugby_pipeline.py
[2026-01-02T19:48:16.591+0000] {processor.py:840} INFO - DAG(s) 'rugby_pipeline' retrieved from /opt/airflow/dags/rugby_pipeline.py
[2026-01-02T19:48:16.612+0000] {logging_mixin.py:188} INFO - [2026-01-02T19:48:16.612+0000] {dag.py:3036} INFO - Sync 1 DAGs
[2026-01-02T19:48:16.632+0000] {logging_mixin.py:188} INFO - [2026-01-02T19:48:16.632+0000] {dag.py:3823} INFO - Setting next_dagrun for rugby_pipeline to 2026-01-02 00:00:00+00:00, run_after=2026-01-03 00:00:00+00:00
[2026-01-02T19:48:16.663+0000] {processor.py:183} INFO - Processing /opt/airflow/dags/rugby_pipeline.py took 0.097 seconds
[2026-01-02T19:48:47.116+0000] {processor.py:161} INFO - Started process (PID=27553) to work on /opt/airflow/dags/rugby_pipeline.py
[2026-01-02T19:48:47.117+0000] {processor.py:830} INFO - Processing file /opt/airflow/dags/rugby_pipeline.py for tasks to queue
[2026-01-02T19:48:47.118+0000] {logging_mixin.py:188} INFO - [2026-01-02T19:48:47.117+0000] {dagbag.py:538} INFO - Filling up the DagBag from /opt/airflow/dags/rugby_pipeline.py
[2026-01-02T19:48:47.137+0000] {processor.py:840} INFO - DAG(s) 'rugby_pipeline' retrieved from /opt/airflow/dags/rugby_pipeline.py
[2026-01-02T19:48:47.158+0000] {logging_mixin.py:188} INFO - [2026-01-02T19:48:47.158+0000] {dag.py:3036} INFO - Sync 1 DAGs
[2026-01-02T19:48:47.180+0000] {logging_mixin.py:188} INFO - [2026-01-02T19:48:47.179+0000] {dag.py:3823} INFO - Setting next_dagrun for rugby_pipeline to 2026-01-02 00:00:00+00:00, run_after=2026-01-03 00:00:00+00:00
[2026-01-02T19:48:47.207+0000] {processor.py:183} INFO - Processing /opt/airflow/dags/rugby_pipeline.py took 0.095 seconds
[2026-01-02T19:49:17.550+0000] {processor.py:161} INFO - Started process (PID=27573) to work on /opt/airflow/dags/rugby_pipeline.py
[2026-01-02T19:49:17.551+0000] {processor.py:830} INFO - Processing file /opt/airflow/dags/rugby_pipeline.py for tasks to queue
[2026-01-02T19:49:17.552+0000] {logging_mixin.py:188} INFO - [2026-01-02T19:49:17.552+0000] {dagbag.py:538} INFO - Filling up the DagBag from /opt/airflow/dags/rugby_pipeline.py
[2026-01-02T19:49:17.571+0000] {processor.py:840} INFO - DAG(s) 'rugby_pipeline' retrieved from /opt/airflow/dags/rugby_pipeline.py
[2026-01-02T19:49:17.597+0000] {logging_mixin.py:188} INFO - [2026-01-02T19:49:17.597+0000] {dag.py:3036} INFO - Sync 1 DAGs
[2026-01-02T19:49:17.618+0000] {logging_mixin.py:188} INFO - [2026-01-02T19:49:17.618+0000] {dag.py:3823} INFO - Setting next_dagrun for rugby_pipeline to 2026-01-02 00:00:00+00:00, run_after=2026-01-03 00:00:00+00:00
[2026-01-02T19:49:17.636+0000] {processor.py:183} INFO - Processing /opt/airflow/dags/rugby_pipeline.py took 0.089 seconds
[2026-01-02T19:49:47.985+0000] {processor.py:161} INFO - Started process (PID=27593) to work on /opt/airflow/dags/rugby_pipeline.py
[2026-01-02T19:49:47.987+0000] {processor.py:830} INFO - Processing file /opt/airflow/dags/rugby_pipeline.py for tasks to queue
[2026-01-02T19:49:47.988+0000] {logging_mixin.py:188} INFO - [2026-01-02T19:49:47.987+0000] {dagbag.py:538} INFO - Filling up the DagBag from /opt/airflow/dags/rugby_pipeline.py
[2026-01-02T19:49:48.007+0000] {processor.py:840} INFO - DAG(s) 'rugby_pipeline' retrieved from /opt/airflow/dags/rugby_pipeline.py
[2026-01-02T19:49:48.027+0000] {logging_mixin.py:188} INFO - [2026-01-02T19:49:48.027+0000] {dag.py:3036} INFO - Sync 1 DAGs
[2026-01-02T19:49:48.048+0000] {logging_mixin.py:188} INFO - [2026-01-02T19:49:48.047+0000] {dag.py:3823} INFO - Setting next_dagrun for rugby_pipeline to 2026-01-02 00:00:00+00:00, run_after=2026-01-03 00:00:00+00:00
[2026-01-02T19:49:48.075+0000] {processor.py:183} INFO - Processing /opt/airflow/dags/rugby_pipeline.py took 0.093 seconds
[2026-01-02T19:50:18.548+0000] {processor.py:161} INFO - Started process (PID=27613) to work on /opt/airflow/dags/rugby_pipeline.py
[2026-01-02T19:50:18.550+0000] {processor.py:830} INFO - Processing file /opt/airflow/dags/rugby_pipeline.py for tasks to queue
[2026-01-02T19:50:18.550+0000] {logging_mixin.py:188} INFO - [2026-01-02T19:50:18.550+0000] {dagbag.py:538} INFO - Filling up the DagBag from /opt/airflow/dags/rugby_pipeline.py
[2026-01-02T19:50:18.569+0000] {processor.py:840} INFO - DAG(s) 'rugby_pipeline' retrieved from /opt/airflow/dags/rugby_pipeline.py
[2026-01-02T19:50:18.590+0000] {logging_mixin.py:188} INFO - [2026-01-02T19:50:18.589+0000] {dag.py:3036} INFO - Sync 1 DAGs
[2026-01-02T19:50:18.610+0000] {logging_mixin.py:188} INFO - [2026-01-02T19:50:18.610+0000] {dag.py:3823} INFO - Setting next_dagrun for rugby_pipeline to 2026-01-02 00:00:00+00:00, run_after=2026-01-03 00:00:00+00:00
[2026-01-02T19:50:18.640+0000] {processor.py:183} INFO - Processing /opt/airflow/dags/rugby_pipeline.py took 0.095 seconds
[2026-01-02T19:50:48.973+0000] {processor.py:161} INFO - Started process (PID=27633) to work on /opt/airflow/dags/rugby_pipeline.py
[2026-01-02T19:50:48.974+0000] {processor.py:830} INFO - Processing file /opt/airflow/dags/rugby_pipeline.py for tasks to queue
[2026-01-02T19:50:48.975+0000] {logging_mixin.py:188} INFO - [2026-01-02T19:50:48.975+0000] {dagbag.py:538} INFO - Filling up the DagBag from /opt/airflow/dags/rugby_pipeline.py
[2026-01-02T19:50:48.994+0000] {processor.py:840} INFO - DAG(s) 'rugby_pipeline' retrieved from /opt/airflow/dags/rugby_pipeline.py
[2026-01-02T19:50:49.014+0000] {logging_mixin.py:188} INFO - [2026-01-02T19:50:49.014+0000] {dag.py:3036} INFO - Sync 1 DAGs
[2026-01-02T19:50:49.035+0000] {logging_mixin.py:188} INFO - [2026-01-02T19:50:49.035+0000] {dag.py:3823} INFO - Setting next_dagrun for rugby_pipeline to 2026-01-02 00:00:00+00:00, run_after=2026-01-03 00:00:00+00:00
[2026-01-02T19:50:49.061+0000] {processor.py:183} INFO - Processing /opt/airflow/dags/rugby_pipeline.py took 0.091 seconds
[2026-01-02T19:51:19.409+0000] {processor.py:161} INFO - Started process (PID=27653) to work on /opt/airflow/dags/rugby_pipeline.py
[2026-01-02T19:51:19.410+0000] {processor.py:830} INFO - Processing file /opt/airflow/dags/rugby_pipeline.py for tasks to queue
[2026-01-02T19:51:19.411+0000] {logging_mixin.py:188} INFO - [2026-01-02T19:51:19.411+0000] {dagbag.py:538} INFO - Filling up the DagBag from /opt/airflow/dags/rugby_pipeline.py
[2026-01-02T19:51:19.437+0000] {processor.py:840} INFO - DAG(s) 'rugby_pipeline' retrieved from /opt/airflow/dags/rugby_pipeline.py
[2026-01-02T19:51:19.459+0000] {logging_mixin.py:188} INFO - [2026-01-02T19:51:19.459+0000] {dag.py:3036} INFO - Sync 1 DAGs
[2026-01-02T19:51:19.481+0000] {logging_mixin.py:188} INFO - [2026-01-02T19:51:19.480+0000] {dag.py:3823} INFO - Setting next_dagrun for rugby_pipeline to 2026-01-02 00:00:00+00:00, run_after=2026-01-03 00:00:00+00:00
[2026-01-02T19:51:19.499+0000] {processor.py:183} INFO - Processing /opt/airflow/dags/rugby_pipeline.py took 0.093 seconds
[2026-01-02T19:51:49.838+0000] {processor.py:161} INFO - Started process (PID=27673) to work on /opt/airflow/dags/rugby_pipeline.py
[2026-01-02T19:51:49.839+0000] {processor.py:830} INFO - Processing file /opt/airflow/dags/rugby_pipeline.py for tasks to queue
[2026-01-02T19:51:49.840+0000] {logging_mixin.py:188} INFO - [2026-01-02T19:51:49.840+0000] {dagbag.py:538} INFO - Filling up the DagBag from /opt/airflow/dags/rugby_pipeline.py
[2026-01-02T19:51:49.859+0000] {processor.py:840} INFO - DAG(s) 'rugby_pipeline' retrieved from /opt/airflow/dags/rugby_pipeline.py
[2026-01-02T19:51:49.881+0000] {logging_mixin.py:188} INFO - [2026-01-02T19:51:49.880+0000] {dag.py:3036} INFO - Sync 1 DAGs
[2026-01-02T19:51:49.902+0000] {logging_mixin.py:188} INFO - [2026-01-02T19:51:49.901+0000] {dag.py:3823} INFO - Setting next_dagrun for rugby_pipeline to 2026-01-02 00:00:00+00:00, run_after=2026-01-03 00:00:00+00:00
[2026-01-02T19:51:49.930+0000] {processor.py:183} INFO - Processing /opt/airflow/dags/rugby_pipeline.py took 0.095 seconds
[2026-01-02T19:52:20.282+0000] {processor.py:161} INFO - Started process (PID=27693) to work on /opt/airflow/dags/rugby_pipeline.py
[2026-01-02T19:52:20.284+0000] {processor.py:830} INFO - Processing file /opt/airflow/dags/rugby_pipeline.py for tasks to queue
[2026-01-02T19:52:20.285+0000] {logging_mixin.py:188} INFO - [2026-01-02T19:52:20.284+0000] {dagbag.py:538} INFO - Filling up the DagBag from /opt/airflow/dags/rugby_pipeline.py
[2026-01-02T19:52:20.304+0000] {processor.py:840} INFO - DAG(s) 'rugby_pipeline' retrieved from /opt/airflow/dags/rugby_pipeline.py
[2026-01-02T19:52:20.327+0000] {logging_mixin.py:188} INFO - [2026-01-02T19:52:20.327+0000] {dag.py:3036} INFO - Sync 1 DAGs
[2026-01-02T19:52:20.348+0000] {logging_mixin.py:188} INFO - [2026-01-02T19:52:20.348+0000] {dag.py:3823} INFO - Setting next_dagrun for rugby_pipeline to 2026-01-02 00:00:00+00:00, run_after=2026-01-03 00:00:00+00:00
[2026-01-02T19:52:20.378+0000] {processor.py:183} INFO - Processing /opt/airflow/dags/rugby_pipeline.py took 0.099 seconds
[2026-01-02T19:52:50.762+0000] {processor.py:161} INFO - Started process (PID=27713) to work on /opt/airflow/dags/rugby_pipeline.py
[2026-01-02T19:52:50.763+0000] {processor.py:830} INFO - Processing file /opt/airflow/dags/rugby_pipeline.py for tasks to queue
[2026-01-02T19:52:50.764+0000] {logging_mixin.py:188} INFO - [2026-01-02T19:52:50.764+0000] {dagbag.py:538} INFO - Filling up the DagBag from /opt/airflow/dags/rugby_pipeline.py
[2026-01-02T19:52:50.784+0000] {processor.py:840} INFO - DAG(s) 'rugby_pipeline' retrieved from /opt/airflow/dags/rugby_pipeline.py
[2026-01-02T19:52:50.804+0000] {logging_mixin.py:188} INFO - [2026-01-02T19:52:50.804+0000] {dag.py:3036} INFO - Sync 1 DAGs
[2026-01-02T19:52:50.825+0000] {logging_mixin.py:188} INFO - [2026-01-02T19:52:50.825+0000] {dag.py:3823} INFO - Setting next_dagrun for rugby_pipeline to 2026-01-02 00:00:00+00:00, run_after=2026-01-03 00:00:00+00:00
[2026-01-02T19:52:50.842+0000] {processor.py:183} INFO - Processing /opt/airflow/dags/rugby_pipeline.py took 0.084 seconds
[2026-01-02T19:53:21.295+0000] {processor.py:161} INFO - Started process (PID=27733) to work on /opt/airflow/dags/rugby_pipeline.py
[2026-01-02T19:53:21.296+0000] {processor.py:830} INFO - Processing file /opt/airflow/dags/rugby_pipeline.py for tasks to queue
[2026-01-02T19:53:21.297+0000] {logging_mixin.py:188} INFO - [2026-01-02T19:53:21.297+0000] {dagbag.py:538} INFO - Filling up the DagBag from /opt/airflow/dags/rugby_pipeline.py
[2026-01-02T19:53:21.317+0000] {processor.py:840} INFO - DAG(s) 'rugby_pipeline' retrieved from /opt/airflow/dags/rugby_pipeline.py
[2026-01-02T19:53:21.338+0000] {logging_mixin.py:188} INFO - [2026-01-02T19:53:21.337+0000] {dag.py:3036} INFO - Sync 1 DAGs
[2026-01-02T19:53:21.358+0000] {logging_mixin.py:188} INFO - [2026-01-02T19:53:21.358+0000] {dag.py:3823} INFO - Setting next_dagrun for rugby_pipeline to 2026-01-02 00:00:00+00:00, run_after=2026-01-03 00:00:00+00:00
[2026-01-02T19:53:21.387+0000] {processor.py:183} INFO - Processing /opt/airflow/dags/rugby_pipeline.py took 0.095 seconds
[2026-01-02T19:53:51.722+0000] {processor.py:161} INFO - Started process (PID=27753) to work on /opt/airflow/dags/rugby_pipeline.py
[2026-01-02T19:53:51.724+0000] {processor.py:830} INFO - Processing file /opt/airflow/dags/rugby_pipeline.py for tasks to queue
[2026-01-02T19:53:51.725+0000] {logging_mixin.py:188} INFO - [2026-01-02T19:53:51.724+0000] {dagbag.py:538} INFO - Filling up the DagBag from /opt/airflow/dags/rugby_pipeline.py
[2026-01-02T19:53:51.744+0000] {processor.py:840} INFO - DAG(s) 'rugby_pipeline' retrieved from /opt/airflow/dags/rugby_pipeline.py
[2026-01-02T19:53:51.765+0000] {logging_mixin.py:188} INFO - [2026-01-02T19:53:51.765+0000] {dag.py:3036} INFO - Sync 1 DAGs
[2026-01-02T19:53:51.786+0000] {logging_mixin.py:188} INFO - [2026-01-02T19:53:51.786+0000] {dag.py:3823} INFO - Setting next_dagrun for rugby_pipeline to 2026-01-02 00:00:00+00:00, run_after=2026-01-03 00:00:00+00:00
[2026-01-02T19:53:51.803+0000] {processor.py:183} INFO - Processing /opt/airflow/dags/rugby_pipeline.py took 0.084 seconds
[2026-01-02T19:54:22.157+0000] {processor.py:161} INFO - Started process (PID=27773) to work on /opt/airflow/dags/rugby_pipeline.py
[2026-01-02T19:54:22.158+0000] {processor.py:830} INFO - Processing file /opt/airflow/dags/rugby_pipeline.py for tasks to queue
[2026-01-02T19:54:22.159+0000] {logging_mixin.py:188} INFO - [2026-01-02T19:54:22.159+0000] {dagbag.py:538} INFO - Filling up the DagBag from /opt/airflow/dags/rugby_pipeline.py
[2026-01-02T19:54:22.179+0000] {processor.py:840} INFO - DAG(s) 'rugby_pipeline' retrieved from /opt/airflow/dags/rugby_pipeline.py
[2026-01-02T19:54:22.201+0000] {logging_mixin.py:188} INFO - [2026-01-02T19:54:22.200+0000] {dag.py:3036} INFO - Sync 1 DAGs
[2026-01-02T19:54:22.223+0000] {logging_mixin.py:188} INFO - [2026-01-02T19:54:22.223+0000] {dag.py:3823} INFO - Setting next_dagrun for rugby_pipeline to 2026-01-02 00:00:00+00:00, run_after=2026-01-03 00:00:00+00:00
[2026-01-02T19:54:22.240+0000] {processor.py:183} INFO - Processing /opt/airflow/dags/rugby_pipeline.py took 0.087 seconds
[2026-01-02T19:54:52.602+0000] {processor.py:161} INFO - Started process (PID=27793) to work on /opt/airflow/dags/rugby_pipeline.py
[2026-01-02T19:54:52.603+0000] {processor.py:830} INFO - Processing file /opt/airflow/dags/rugby_pipeline.py for tasks to queue
[2026-01-02T19:54:52.604+0000] {logging_mixin.py:188} INFO - [2026-01-02T19:54:52.604+0000] {dagbag.py:538} INFO - Filling up the DagBag from /opt/airflow/dags/rugby_pipeline.py
[2026-01-02T19:54:52.624+0000] {processor.py:840} INFO - DAG(s) 'rugby_pipeline' retrieved from /opt/airflow/dags/rugby_pipeline.py
[2026-01-02T19:54:52.645+0000] {logging_mixin.py:188} INFO - [2026-01-02T19:54:52.644+0000] {dag.py:3036} INFO - Sync 1 DAGs
[2026-01-02T19:54:52.667+0000] {logging_mixin.py:188} INFO - [2026-01-02T19:54:52.667+0000] {dag.py:3823} INFO - Setting next_dagrun for rugby_pipeline to 2026-01-02 00:00:00+00:00, run_after=2026-01-03 00:00:00+00:00
[2026-01-02T19:54:52.684+0000] {processor.py:183} INFO - Processing /opt/airflow/dags/rugby_pipeline.py took 0.086 seconds
[2026-01-02T19:55:23.137+0000] {processor.py:161} INFO - Started process (PID=27813) to work on /opt/airflow/dags/rugby_pipeline.py
[2026-01-02T19:55:23.138+0000] {processor.py:830} INFO - Processing file /opt/airflow/dags/rugby_pipeline.py for tasks to queue
[2026-01-02T19:55:23.139+0000] {logging_mixin.py:188} INFO - [2026-01-02T19:55:23.139+0000] {dagbag.py:538} INFO - Filling up the DagBag from /opt/airflow/dags/rugby_pipeline.py
[2026-01-02T19:55:23.158+0000] {processor.py:840} INFO - DAG(s) 'rugby_pipeline' retrieved from /opt/airflow/dags/rugby_pipeline.py
[2026-01-02T19:55:23.179+0000] {logging_mixin.py:188} INFO - [2026-01-02T19:55:23.179+0000] {dag.py:3036} INFO - Sync 1 DAGs
[2026-01-02T19:55:23.200+0000] {logging_mixin.py:188} INFO - [2026-01-02T19:55:23.199+0000] {dag.py:3823} INFO - Setting next_dagrun for rugby_pipeline to 2026-01-02 00:00:00+00:00, run_after=2026-01-03 00:00:00+00:00
[2026-01-02T19:55:23.228+0000] {processor.py:183} INFO - Processing /opt/airflow/dags/rugby_pipeline.py took 0.095 seconds
[2026-01-02T19:55:53.671+0000] {processor.py:161} INFO - Started process (PID=27833) to work on /opt/airflow/dags/rugby_pipeline.py
[2026-01-02T19:55:53.673+0000] {processor.py:830} INFO - Processing file /opt/airflow/dags/rugby_pipeline.py for tasks to queue
[2026-01-02T19:55:53.674+0000] {logging_mixin.py:188} INFO - [2026-01-02T19:55:53.673+0000] {dagbag.py:538} INFO - Filling up the DagBag from /opt/airflow/dags/rugby_pipeline.py
[2026-01-02T19:55:53.694+0000] {processor.py:840} INFO - DAG(s) 'rugby_pipeline' retrieved from /opt/airflow/dags/rugby_pipeline.py
[2026-01-02T19:55:53.716+0000] {logging_mixin.py:188} INFO - [2026-01-02T19:55:53.716+0000] {dag.py:3036} INFO - Sync 1 DAGs
[2026-01-02T19:55:53.737+0000] {logging_mixin.py:188} INFO - [2026-01-02T19:55:53.737+0000] {dag.py:3823} INFO - Setting next_dagrun for rugby_pipeline to 2026-01-02 00:00:00+00:00, run_after=2026-01-03 00:00:00+00:00
[2026-01-02T19:55:53.764+0000] {processor.py:183} INFO - Processing /opt/airflow/dags/rugby_pipeline.py took 0.097 seconds
[2026-01-02T19:56:24.109+0000] {processor.py:161} INFO - Started process (PID=27853) to work on /opt/airflow/dags/rugby_pipeline.py
[2026-01-02T19:56:24.111+0000] {processor.py:830} INFO - Processing file /opt/airflow/dags/rugby_pipeline.py for tasks to queue
[2026-01-02T19:56:24.112+0000] {logging_mixin.py:188} INFO - [2026-01-02T19:56:24.111+0000] {dagbag.py:538} INFO - Filling up the DagBag from /opt/airflow/dags/rugby_pipeline.py
[2026-01-02T19:56:24.131+0000] {processor.py:840} INFO - DAG(s) 'rugby_pipeline' retrieved from /opt/airflow/dags/rugby_pipeline.py
[2026-01-02T19:56:24.153+0000] {logging_mixin.py:188} INFO - [2026-01-02T19:56:24.152+0000] {dag.py:3036} INFO - Sync 1 DAGs
[2026-01-02T19:56:24.173+0000] {logging_mixin.py:188} INFO - [2026-01-02T19:56:24.173+0000] {dag.py:3823} INFO - Setting next_dagrun for rugby_pipeline to 2026-01-02 00:00:00+00:00, run_after=2026-01-03 00:00:00+00:00
[2026-01-02T19:56:24.191+0000] {processor.py:183} INFO - Processing /opt/airflow/dags/rugby_pipeline.py took 0.085 seconds
[2026-01-02T19:56:54.534+0000] {processor.py:161} INFO - Started process (PID=27873) to work on /opt/airflow/dags/rugby_pipeline.py
[2026-01-02T19:56:54.535+0000] {processor.py:830} INFO - Processing file /opt/airflow/dags/rugby_pipeline.py for tasks to queue
[2026-01-02T19:56:54.536+0000] {logging_mixin.py:188} INFO - [2026-01-02T19:56:54.536+0000] {dagbag.py:538} INFO - Filling up the DagBag from /opt/airflow/dags/rugby_pipeline.py
[2026-01-02T19:56:54.555+0000] {processor.py:840} INFO - DAG(s) 'rugby_pipeline' retrieved from /opt/airflow/dags/rugby_pipeline.py
[2026-01-02T19:56:54.576+0000] {logging_mixin.py:188} INFO - [2026-01-02T19:56:54.576+0000] {dag.py:3036} INFO - Sync 1 DAGs
[2026-01-02T19:56:54.597+0000] {logging_mixin.py:188} INFO - [2026-01-02T19:56:54.597+0000] {dag.py:3823} INFO - Setting next_dagrun for rugby_pipeline to 2026-01-02 00:00:00+00:00, run_after=2026-01-03 00:00:00+00:00
[2026-01-02T19:56:54.626+0000] {processor.py:183} INFO - Processing /opt/airflow/dags/rugby_pipeline.py took 0.095 seconds
[2026-01-02T19:57:25.065+0000] {processor.py:161} INFO - Started process (PID=27893) to work on /opt/airflow/dags/rugby_pipeline.py
[2026-01-02T19:57:25.066+0000] {processor.py:830} INFO - Processing file /opt/airflow/dags/rugby_pipeline.py for tasks to queue
[2026-01-02T19:57:25.067+0000] {logging_mixin.py:188} INFO - [2026-01-02T19:57:25.067+0000] {dagbag.py:538} INFO - Filling up the DagBag from /opt/airflow/dags/rugby_pipeline.py
[2026-01-02T19:57:25.089+0000] {processor.py:840} INFO - DAG(s) 'rugby_pipeline' retrieved from /opt/airflow/dags/rugby_pipeline.py
[2026-01-02T19:57:25.114+0000] {logging_mixin.py:188} INFO - [2026-01-02T19:57:25.113+0000] {dag.py:3036} INFO - Sync 1 DAGs
[2026-01-02T19:57:25.137+0000] {logging_mixin.py:188} INFO - [2026-01-02T19:57:25.137+0000] {dag.py:3823} INFO - Setting next_dagrun for rugby_pipeline to 2026-01-02 00:00:00+00:00, run_after=2026-01-03 00:00:00+00:00
[2026-01-02T19:57:25.166+0000] {processor.py:183} INFO - Processing /opt/airflow/dags/rugby_pipeline.py took 0.105 seconds
[2026-01-02T19:57:55.558+0000] {processor.py:161} INFO - Started process (PID=27913) to work on /opt/airflow/dags/rugby_pipeline.py
[2026-01-02T19:57:55.559+0000] {processor.py:830} INFO - Processing file /opt/airflow/dags/rugby_pipeline.py for tasks to queue
[2026-01-02T19:57:55.560+0000] {logging_mixin.py:188} INFO - [2026-01-02T19:57:55.560+0000] {dagbag.py:538} INFO - Filling up the DagBag from /opt/airflow/dags/rugby_pipeline.py
[2026-01-02T19:57:55.580+0000] {processor.py:840} INFO - DAG(s) 'rugby_pipeline' retrieved from /opt/airflow/dags/rugby_pipeline.py
[2026-01-02T19:57:55.606+0000] {logging_mixin.py:188} INFO - [2026-01-02T19:57:55.606+0000] {dag.py:3036} INFO - Sync 1 DAGs
[2026-01-02T19:57:55.626+0000] {logging_mixin.py:188} INFO - [2026-01-02T19:57:55.626+0000] {dag.py:3823} INFO - Setting next_dagrun for rugby_pipeline to 2026-01-02 00:00:00+00:00, run_after=2026-01-03 00:00:00+00:00
[2026-01-02T19:57:55.644+0000] {processor.py:183} INFO - Processing /opt/airflow/dags/rugby_pipeline.py took 0.090 seconds
[2026-01-02T19:58:25.995+0000] {processor.py:161} INFO - Started process (PID=27933) to work on /opt/airflow/dags/rugby_pipeline.py
[2026-01-02T19:58:25.996+0000] {processor.py:830} INFO - Processing file /opt/airflow/dags/rugby_pipeline.py for tasks to queue
[2026-01-02T19:58:25.997+0000] {logging_mixin.py:188} INFO - [2026-01-02T19:58:25.997+0000] {dagbag.py:538} INFO - Filling up the DagBag from /opt/airflow/dags/rugby_pipeline.py
[2026-01-02T19:58:26.015+0000] {processor.py:840} INFO - DAG(s) 'rugby_pipeline' retrieved from /opt/airflow/dags/rugby_pipeline.py
[2026-01-02T19:58:26.036+0000] {logging_mixin.py:188} INFO - [2026-01-02T19:58:26.036+0000] {dag.py:3036} INFO - Sync 1 DAGs
[2026-01-02T19:58:26.057+0000] {logging_mixin.py:188} INFO - [2026-01-02T19:58:26.056+0000] {dag.py:3823} INFO - Setting next_dagrun for rugby_pipeline to 2026-01-02 00:00:00+00:00, run_after=2026-01-03 00:00:00+00:00
[2026-01-02T19:58:26.085+0000] {processor.py:183} INFO - Processing /opt/airflow/dags/rugby_pipeline.py took 0.093 seconds
[2026-01-02T19:58:56.529+0000] {processor.py:161} INFO - Started process (PID=27953) to work on /opt/airflow/dags/rugby_pipeline.py
[2026-01-02T19:58:56.531+0000] {processor.py:830} INFO - Processing file /opt/airflow/dags/rugby_pipeline.py for tasks to queue
[2026-01-02T19:58:56.532+0000] {logging_mixin.py:188} INFO - [2026-01-02T19:58:56.531+0000] {dagbag.py:538} INFO - Filling up the DagBag from /opt/airflow/dags/rugby_pipeline.py
[2026-01-02T19:58:56.551+0000] {processor.py:840} INFO - DAG(s) 'rugby_pipeline' retrieved from /opt/airflow/dags/rugby_pipeline.py
[2026-01-02T19:58:56.572+0000] {logging_mixin.py:188} INFO - [2026-01-02T19:58:56.572+0000] {dag.py:3036} INFO - Sync 1 DAGs
[2026-01-02T19:58:56.592+0000] {logging_mixin.py:188} INFO - [2026-01-02T19:58:56.592+0000] {dag.py:3823} INFO - Setting next_dagrun for rugby_pipeline to 2026-01-02 00:00:00+00:00, run_after=2026-01-03 00:00:00+00:00
[2026-01-02T19:58:56.609+0000] {processor.py:183} INFO - Processing /opt/airflow/dags/rugby_pipeline.py took 0.083 seconds
[2026-01-02T19:59:26.964+0000] {processor.py:161} INFO - Started process (PID=27973) to work on /opt/airflow/dags/rugby_pipeline.py
[2026-01-02T19:59:26.965+0000] {processor.py:830} INFO - Processing file /opt/airflow/dags/rugby_pipeline.py for tasks to queue
[2026-01-02T19:59:26.966+0000] {logging_mixin.py:188} INFO - [2026-01-02T19:59:26.966+0000] {dagbag.py:538} INFO - Filling up the DagBag from /opt/airflow/dags/rugby_pipeline.py
[2026-01-02T19:59:26.985+0000] {processor.py:840} INFO - DAG(s) 'rugby_pipeline' retrieved from /opt/airflow/dags/rugby_pipeline.py
[2026-01-02T19:59:27.006+0000] {logging_mixin.py:188} INFO - [2026-01-02T19:59:27.005+0000] {dag.py:3036} INFO - Sync 1 DAGs
[2026-01-02T19:59:27.026+0000] {logging_mixin.py:188} INFO - [2026-01-02T19:59:27.026+0000] {dag.py:3823} INFO - Setting next_dagrun for rugby_pipeline to 2026-01-02 00:00:00+00:00, run_after=2026-01-03 00:00:00+00:00
[2026-01-02T19:59:27.044+0000] {processor.py:183} INFO - Processing /opt/airflow/dags/rugby_pipeline.py took 0.083 seconds
[2026-01-02T19:59:57.395+0000] {processor.py:161} INFO - Started process (PID=27993) to work on /opt/airflow/dags/rugby_pipeline.py
[2026-01-02T19:59:57.396+0000] {processor.py:830} INFO - Processing file /opt/airflow/dags/rugby_pipeline.py for tasks to queue
[2026-01-02T19:59:57.397+0000] {logging_mixin.py:188} INFO - [2026-01-02T19:59:57.397+0000] {dagbag.py:538} INFO - Filling up the DagBag from /opt/airflow/dags/rugby_pipeline.py
[2026-01-02T19:59:57.417+0000] {processor.py:840} INFO - DAG(s) 'rugby_pipeline' retrieved from /opt/airflow/dags/rugby_pipeline.py
[2026-01-02T19:59:57.440+0000] {logging_mixin.py:188} INFO - [2026-01-02T19:59:57.440+0000] {dag.py:3036} INFO - Sync 1 DAGs
[2026-01-02T19:59:57.461+0000] {logging_mixin.py:188} INFO - [2026-01-02T19:59:57.461+0000] {dag.py:3823} INFO - Setting next_dagrun for rugby_pipeline to 2026-01-02 00:00:00+00:00, run_after=2026-01-03 00:00:00+00:00
[2026-01-02T19:59:57.480+0000] {processor.py:183} INFO - Processing /opt/airflow/dags/rugby_pipeline.py took 0.088 seconds
[2026-01-02T20:00:27.936+0000] {processor.py:161} INFO - Started process (PID=28013) to work on /opt/airflow/dags/rugby_pipeline.py
[2026-01-02T20:00:27.937+0000] {processor.py:830} INFO - Processing file /opt/airflow/dags/rugby_pipeline.py for tasks to queue
[2026-01-02T20:00:27.938+0000] {logging_mixin.py:188} INFO - [2026-01-02T20:00:27.938+0000] {dagbag.py:538} INFO - Filling up the DagBag from /opt/airflow/dags/rugby_pipeline.py
[2026-01-02T20:00:27.958+0000] {processor.py:840} INFO - DAG(s) 'rugby_pipeline' retrieved from /opt/airflow/dags/rugby_pipeline.py
[2026-01-02T20:00:27.979+0000] {logging_mixin.py:188} INFO - [2026-01-02T20:00:27.978+0000] {dag.py:3036} INFO - Sync 1 DAGs
[2026-01-02T20:00:27.999+0000] {logging_mixin.py:188} INFO - [2026-01-02T20:00:27.998+0000] {dag.py:3823} INFO - Setting next_dagrun for rugby_pipeline to 2026-01-02 00:00:00+00:00, run_after=2026-01-03 00:00:00+00:00
[2026-01-02T20:00:28.029+0000] {processor.py:183} INFO - Processing /opt/airflow/dags/rugby_pipeline.py took 0.096 seconds
[2026-01-02T20:00:58.456+0000] {processor.py:161} INFO - Started process (PID=28033) to work on /opt/airflow/dags/rugby_pipeline.py
[2026-01-02T20:00:58.457+0000] {processor.py:830} INFO - Processing file /opt/airflow/dags/rugby_pipeline.py for tasks to queue
[2026-01-02T20:00:58.458+0000] {logging_mixin.py:188} INFO - [2026-01-02T20:00:58.458+0000] {dagbag.py:538} INFO - Filling up the DagBag from /opt/airflow/dags/rugby_pipeline.py
[2026-01-02T20:00:58.478+0000] {processor.py:840} INFO - DAG(s) 'rugby_pipeline' retrieved from /opt/airflow/dags/rugby_pipeline.py
[2026-01-02T20:00:58.499+0000] {logging_mixin.py:188} INFO - [2026-01-02T20:00:58.499+0000] {dag.py:3036} INFO - Sync 1 DAGs
[2026-01-02T20:00:58.519+0000] {logging_mixin.py:188} INFO - [2026-01-02T20:00:58.519+0000] {dag.py:3823} INFO - Setting next_dagrun for rugby_pipeline to 2026-01-02 00:00:00+00:00, run_after=2026-01-03 00:00:00+00:00
[2026-01-02T20:00:58.548+0000] {processor.py:183} INFO - Processing /opt/airflow/dags/rugby_pipeline.py took 0.096 seconds
[2026-01-02T20:01:28.863+0000] {processor.py:161} INFO - Started process (PID=28053) to work on /opt/airflow/dags/rugby_pipeline.py
[2026-01-02T20:01:28.864+0000] {processor.py:830} INFO - Processing file /opt/airflow/dags/rugby_pipeline.py for tasks to queue
[2026-01-02T20:01:28.865+0000] {logging_mixin.py:188} INFO - [2026-01-02T20:01:28.865+0000] {dagbag.py:538} INFO - Filling up the DagBag from /opt/airflow/dags/rugby_pipeline.py
[2026-01-02T20:01:28.885+0000] {processor.py:840} INFO - DAG(s) 'rugby_pipeline' retrieved from /opt/airflow/dags/rugby_pipeline.py
[2026-01-02T20:01:28.906+0000] {logging_mixin.py:188} INFO - [2026-01-02T20:01:28.906+0000] {dag.py:3036} INFO - Sync 1 DAGs
[2026-01-02T20:01:28.929+0000] {logging_mixin.py:188} INFO - [2026-01-02T20:01:28.928+0000] {dag.py:3823} INFO - Setting next_dagrun for rugby_pipeline to 2026-01-02 00:00:00+00:00, run_after=2026-01-03 00:00:00+00:00
[2026-01-02T20:01:28.946+0000] {processor.py:183} INFO - Processing /opt/airflow/dags/rugby_pipeline.py took 0.087 seconds
[2026-01-02T20:01:59.294+0000] {processor.py:161} INFO - Started process (PID=28073) to work on /opt/airflow/dags/rugby_pipeline.py
[2026-01-02T20:01:59.296+0000] {processor.py:830} INFO - Processing file /opt/airflow/dags/rugby_pipeline.py for tasks to queue
[2026-01-02T20:01:59.298+0000] {logging_mixin.py:188} INFO - [2026-01-02T20:01:59.298+0000] {dagbag.py:538} INFO - Filling up the DagBag from /opt/airflow/dags/rugby_pipeline.py
[2026-01-02T20:01:59.321+0000] {processor.py:840} INFO - DAG(s) 'rugby_pipeline' retrieved from /opt/airflow/dags/rugby_pipeline.py
[2026-01-02T20:01:59.350+0000] {logging_mixin.py:188} INFO - [2026-01-02T20:01:59.349+0000] {dag.py:3036} INFO - Sync 1 DAGs
[2026-01-02T20:01:59.374+0000] {logging_mixin.py:188} INFO - [2026-01-02T20:01:59.374+0000] {dag.py:3823} INFO - Setting next_dagrun for rugby_pipeline to 2026-01-02 00:00:00+00:00, run_after=2026-01-03 00:00:00+00:00
[2026-01-02T20:01:59.397+0000] {processor.py:183} INFO - Processing /opt/airflow/dags/rugby_pipeline.py took 0.109 seconds
[2026-01-02T20:02:29.908+0000] {processor.py:161} INFO - Started process (PID=28093) to work on /opt/airflow/dags/rugby_pipeline.py
[2026-01-02T20:02:29.909+0000] {processor.py:830} INFO - Processing file /opt/airflow/dags/rugby_pipeline.py for tasks to queue
[2026-01-02T20:02:29.911+0000] {logging_mixin.py:188} INFO - [2026-01-02T20:02:29.910+0000] {dagbag.py:538} INFO - Filling up the DagBag from /opt/airflow/dags/rugby_pipeline.py
[2026-01-02T20:02:29.931+0000] {processor.py:840} INFO - DAG(s) 'rugby_pipeline' retrieved from /opt/airflow/dags/rugby_pipeline.py
[2026-01-02T20:02:29.954+0000] {logging_mixin.py:188} INFO - [2026-01-02T20:02:29.954+0000] {dag.py:3036} INFO - Sync 1 DAGs
[2026-01-02T20:02:29.977+0000] {logging_mixin.py:188} INFO - [2026-01-02T20:02:29.977+0000] {dag.py:3823} INFO - Setting next_dagrun for rugby_pipeline to 2026-01-02 00:00:00+00:00, run_after=2026-01-03 00:00:00+00:00
[2026-01-02T20:02:29.997+0000] {processor.py:183} INFO - Processing /opt/airflow/dags/rugby_pipeline.py took 0.093 seconds
[2026-01-02T20:03:00.323+0000] {processor.py:161} INFO - Started process (PID=28113) to work on /opt/airflow/dags/rugby_pipeline.py
[2026-01-02T20:03:00.324+0000] {processor.py:830} INFO - Processing file /opt/airflow/dags/rugby_pipeline.py for tasks to queue
[2026-01-02T20:03:00.325+0000] {logging_mixin.py:188} INFO - [2026-01-02T20:03:00.325+0000] {dagbag.py:538} INFO - Filling up the DagBag from /opt/airflow/dags/rugby_pipeline.py
[2026-01-02T20:03:00.347+0000] {processor.py:840} INFO - DAG(s) 'rugby_pipeline' retrieved from /opt/airflow/dags/rugby_pipeline.py
[2026-01-02T20:03:00.375+0000] {logging_mixin.py:188} INFO - [2026-01-02T20:03:00.374+0000] {dag.py:3036} INFO - Sync 1 DAGs
[2026-01-02T20:03:00.397+0000] {logging_mixin.py:188} INFO - [2026-01-02T20:03:00.397+0000] {dag.py:3823} INFO - Setting next_dagrun for rugby_pipeline to 2026-01-02 00:00:00+00:00, run_after=2026-01-03 00:00:00+00:00
[2026-01-02T20:03:00.426+0000] {processor.py:183} INFO - Processing /opt/airflow/dags/rugby_pipeline.py took 0.107 seconds
[2026-01-02T20:03:30.741+0000] {processor.py:161} INFO - Started process (PID=28133) to work on /opt/airflow/dags/rugby_pipeline.py
[2026-01-02T20:03:30.743+0000] {processor.py:830} INFO - Processing file /opt/airflow/dags/rugby_pipeline.py for tasks to queue
[2026-01-02T20:03:30.744+0000] {logging_mixin.py:188} INFO - [2026-01-02T20:03:30.744+0000] {dagbag.py:538} INFO - Filling up the DagBag from /opt/airflow/dags/rugby_pipeline.py
[2026-01-02T20:03:30.768+0000] {processor.py:840} INFO - DAG(s) 'rugby_pipeline' retrieved from /opt/airflow/dags/rugby_pipeline.py
[2026-01-02T20:03:30.794+0000] {logging_mixin.py:188} INFO - [2026-01-02T20:03:30.794+0000] {dag.py:3036} INFO - Sync 1 DAGs
[2026-01-02T20:03:30.820+0000] {logging_mixin.py:188} INFO - [2026-01-02T20:03:30.819+0000] {dag.py:3823} INFO - Setting next_dagrun for rugby_pipeline to 2026-01-02 00:00:00+00:00, run_after=2026-01-03 00:00:00+00:00
[2026-01-02T20:03:30.841+0000] {processor.py:183} INFO - Processing /opt/airflow/dags/rugby_pipeline.py took 0.104 seconds
[2026-01-02T20:04:01.270+0000] {processor.py:161} INFO - Started process (PID=28153) to work on /opt/airflow/dags/rugby_pipeline.py
[2026-01-02T20:04:01.271+0000] {processor.py:830} INFO - Processing file /opt/airflow/dags/rugby_pipeline.py for tasks to queue
[2026-01-02T20:04:01.272+0000] {logging_mixin.py:188} INFO - [2026-01-02T20:04:01.271+0000] {dagbag.py:538} INFO - Filling up the DagBag from /opt/airflow/dags/rugby_pipeline.py
[2026-01-02T20:04:01.291+0000] {processor.py:840} INFO - DAG(s) 'rugby_pipeline' retrieved from /opt/airflow/dags/rugby_pipeline.py
[2026-01-02T20:04:01.317+0000] {logging_mixin.py:188} INFO - [2026-01-02T20:04:01.317+0000] {dag.py:3036} INFO - Sync 1 DAGs
[2026-01-02T20:04:01.340+0000] {logging_mixin.py:188} INFO - [2026-01-02T20:04:01.340+0000] {dag.py:3823} INFO - Setting next_dagrun for rugby_pipeline to 2026-01-02 00:00:00+00:00, run_after=2026-01-03 00:00:00+00:00
[2026-01-02T20:04:01.359+0000] {processor.py:183} INFO - Processing /opt/airflow/dags/rugby_pipeline.py took 0.093 seconds
[2026-01-02T20:04:31.784+0000] {processor.py:161} INFO - Started process (PID=28173) to work on /opt/airflow/dags/rugby_pipeline.py
[2026-01-02T20:04:31.785+0000] {processor.py:830} INFO - Processing file /opt/airflow/dags/rugby_pipeline.py for tasks to queue
[2026-01-02T20:04:31.786+0000] {logging_mixin.py:188} INFO - [2026-01-02T20:04:31.786+0000] {dagbag.py:538} INFO - Filling up the DagBag from /opt/airflow/dags/rugby_pipeline.py
[2026-01-02T20:04:31.807+0000] {processor.py:840} INFO - DAG(s) 'rugby_pipeline' retrieved from /opt/airflow/dags/rugby_pipeline.py
[2026-01-02T20:04:31.831+0000] {logging_mixin.py:188} INFO - [2026-01-02T20:04:31.831+0000] {dag.py:3036} INFO - Sync 1 DAGs
[2026-01-02T20:04:31.855+0000] {logging_mixin.py:188} INFO - [2026-01-02T20:04:31.855+0000] {dag.py:3823} INFO - Setting next_dagrun for rugby_pipeline to 2026-01-02 00:00:00+00:00, run_after=2026-01-03 00:00:00+00:00
[2026-01-02T20:04:31.885+0000] {processor.py:183} INFO - Processing /opt/airflow/dags/rugby_pipeline.py took 0.105 seconds
[2026-01-02T20:05:02.197+0000] {processor.py:161} INFO - Started process (PID=28193) to work on /opt/airflow/dags/rugby_pipeline.py
[2026-01-02T20:05:02.198+0000] {processor.py:830} INFO - Processing file /opt/airflow/dags/rugby_pipeline.py for tasks to queue
[2026-01-02T20:05:02.199+0000] {logging_mixin.py:188} INFO - [2026-01-02T20:05:02.199+0000] {dagbag.py:538} INFO - Filling up the DagBag from /opt/airflow/dags/rugby_pipeline.py
[2026-01-02T20:05:02.220+0000] {processor.py:840} INFO - DAG(s) 'rugby_pipeline' retrieved from /opt/airflow/dags/rugby_pipeline.py
[2026-01-02T20:05:02.242+0000] {logging_mixin.py:188} INFO - [2026-01-02T20:05:02.242+0000] {dag.py:3036} INFO - Sync 1 DAGs
[2026-01-02T20:05:02.264+0000] {logging_mixin.py:188} INFO - [2026-01-02T20:05:02.264+0000] {dag.py:3823} INFO - Setting next_dagrun for rugby_pipeline to 2026-01-02 00:00:00+00:00, run_after=2026-01-03 00:00:00+00:00
[2026-01-02T20:05:02.294+0000] {processor.py:183} INFO - Processing /opt/airflow/dags/rugby_pipeline.py took 0.102 seconds
[2026-01-02T20:05:32.608+0000] {processor.py:161} INFO - Started process (PID=28213) to work on /opt/airflow/dags/rugby_pipeline.py
[2026-01-02T20:05:32.609+0000] {processor.py:830} INFO - Processing file /opt/airflow/dags/rugby_pipeline.py for tasks to queue
[2026-01-02T20:05:32.610+0000] {logging_mixin.py:188} INFO - [2026-01-02T20:05:32.610+0000] {dagbag.py:538} INFO - Filling up the DagBag from /opt/airflow/dags/rugby_pipeline.py
[2026-01-02T20:05:32.631+0000] {processor.py:840} INFO - DAG(s) 'rugby_pipeline' retrieved from /opt/airflow/dags/rugby_pipeline.py
[2026-01-02T20:05:32.655+0000] {logging_mixin.py:188} INFO - [2026-01-02T20:05:32.655+0000] {dag.py:3036} INFO - Sync 1 DAGs
[2026-01-02T20:05:32.676+0000] {logging_mixin.py:188} INFO - [2026-01-02T20:05:32.676+0000] {dag.py:3823} INFO - Setting next_dagrun for rugby_pipeline to 2026-01-02 00:00:00+00:00, run_after=2026-01-03 00:00:00+00:00
[2026-01-02T20:05:32.706+0000] {processor.py:183} INFO - Processing /opt/airflow/dags/rugby_pipeline.py took 0.101 seconds
[2026-01-02T20:06:03.011+0000] {processor.py:161} INFO - Started process (PID=28233) to work on /opt/airflow/dags/rugby_pipeline.py
[2026-01-02T20:06:03.013+0000] {processor.py:830} INFO - Processing file /opt/airflow/dags/rugby_pipeline.py for tasks to queue
[2026-01-02T20:06:03.014+0000] {logging_mixin.py:188} INFO - [2026-01-02T20:06:03.014+0000] {dagbag.py:538} INFO - Filling up the DagBag from /opt/airflow/dags/rugby_pipeline.py
[2026-01-02T20:06:03.036+0000] {processor.py:840} INFO - DAG(s) 'rugby_pipeline' retrieved from /opt/airflow/dags/rugby_pipeline.py
[2026-01-02T20:06:03.059+0000] {logging_mixin.py:188} INFO - [2026-01-02T20:06:03.059+0000] {dag.py:3036} INFO - Sync 1 DAGs
[2026-01-02T20:06:03.083+0000] {logging_mixin.py:188} INFO - [2026-01-02T20:06:03.082+0000] {dag.py:3823} INFO - Setting next_dagrun for rugby_pipeline to 2026-01-02 00:00:00+00:00, run_after=2026-01-03 00:00:00+00:00
[2026-01-02T20:06:03.112+0000] {processor.py:183} INFO - Processing /opt/airflow/dags/rugby_pipeline.py took 0.104 seconds
[2026-01-02T20:06:33.546+0000] {processor.py:161} INFO - Started process (PID=28253) to work on /opt/airflow/dags/rugby_pipeline.py
[2026-01-02T20:06:33.547+0000] {processor.py:830} INFO - Processing file /opt/airflow/dags/rugby_pipeline.py for tasks to queue
[2026-01-02T20:06:33.549+0000] {logging_mixin.py:188} INFO - [2026-01-02T20:06:33.548+0000] {dagbag.py:538} INFO - Filling up the DagBag from /opt/airflow/dags/rugby_pipeline.py
[2026-01-02T20:06:33.570+0000] {processor.py:840} INFO - DAG(s) 'rugby_pipeline' retrieved from /opt/airflow/dags/rugby_pipeline.py
[2026-01-02T20:06:33.593+0000] {logging_mixin.py:188} INFO - [2026-01-02T20:06:33.592+0000] {dag.py:3036} INFO - Sync 1 DAGs
[2026-01-02T20:06:33.615+0000] {logging_mixin.py:188} INFO - [2026-01-02T20:06:33.614+0000] {dag.py:3823} INFO - Setting next_dagrun for rugby_pipeline to 2026-01-02 00:00:00+00:00, run_after=2026-01-03 00:00:00+00:00
[2026-01-02T20:06:33.634+0000] {processor.py:183} INFO - Processing /opt/airflow/dags/rugby_pipeline.py took 0.092 seconds
[2026-01-02T20:07:03.952+0000] {processor.py:161} INFO - Started process (PID=28273) to work on /opt/airflow/dags/rugby_pipeline.py
[2026-01-02T20:07:03.953+0000] {processor.py:830} INFO - Processing file /opt/airflow/dags/rugby_pipeline.py for tasks to queue
[2026-01-02T20:07:03.954+0000] {logging_mixin.py:188} INFO - [2026-01-02T20:07:03.954+0000] {dagbag.py:538} INFO - Filling up the DagBag from /opt/airflow/dags/rugby_pipeline.py
[2026-01-02T20:07:03.977+0000] {processor.py:840} INFO - DAG(s) 'rugby_pipeline' retrieved from /opt/airflow/dags/rugby_pipeline.py
[2026-01-02T20:07:04.000+0000] {logging_mixin.py:188} INFO - [2026-01-02T20:07:04.000+0000] {dag.py:3036} INFO - Sync 1 DAGs
[2026-01-02T20:07:04.025+0000] {logging_mixin.py:188} INFO - [2026-01-02T20:07:04.024+0000] {dag.py:3823} INFO - Setting next_dagrun for rugby_pipeline to 2026-01-02 00:00:00+00:00, run_after=2026-01-03 00:00:00+00:00
[2026-01-02T20:07:04.055+0000] {processor.py:183} INFO - Processing /opt/airflow/dags/rugby_pipeline.py took 0.107 seconds
[2026-01-02T20:07:34.439+0000] {processor.py:161} INFO - Started process (PID=28293) to work on /opt/airflow/dags/rugby_pipeline.py
[2026-01-02T20:07:34.441+0000] {processor.py:830} INFO - Processing file /opt/airflow/dags/rugby_pipeline.py for tasks to queue
[2026-01-02T20:07:34.442+0000] {logging_mixin.py:188} INFO - [2026-01-02T20:07:34.441+0000] {dagbag.py:538} INFO - Filling up the DagBag from /opt/airflow/dags/rugby_pipeline.py
[2026-01-02T20:07:34.463+0000] {processor.py:840} INFO - DAG(s) 'rugby_pipeline' retrieved from /opt/airflow/dags/rugby_pipeline.py
[2026-01-02T20:07:34.487+0000] {logging_mixin.py:188} INFO - [2026-01-02T20:07:34.486+0000] {dag.py:3036} INFO - Sync 1 DAGs
[2026-01-02T20:07:34.509+0000] {logging_mixin.py:188} INFO - [2026-01-02T20:07:34.509+0000] {dag.py:3823} INFO - Setting next_dagrun for rugby_pipeline to 2026-01-02 00:00:00+00:00, run_after=2026-01-03 00:00:00+00:00
[2026-01-02T20:07:34.541+0000] {processor.py:183} INFO - Processing /opt/airflow/dags/rugby_pipeline.py took 0.105 seconds
[2026-01-02T20:08:04.849+0000] {processor.py:161} INFO - Started process (PID=28313) to work on /opt/airflow/dags/rugby_pipeline.py
[2026-01-02T20:08:04.850+0000] {processor.py:830} INFO - Processing file /opt/airflow/dags/rugby_pipeline.py for tasks to queue
[2026-01-02T20:08:04.852+0000] {logging_mixin.py:188} INFO - [2026-01-02T20:08:04.851+0000] {dagbag.py:538} INFO - Filling up the DagBag from /opt/airflow/dags/rugby_pipeline.py
[2026-01-02T20:08:04.875+0000] {processor.py:840} INFO - DAG(s) 'rugby_pipeline' retrieved from /opt/airflow/dags/rugby_pipeline.py
[2026-01-02T20:08:04.897+0000] {logging_mixin.py:188} INFO - [2026-01-02T20:08:04.897+0000] {dag.py:3036} INFO - Sync 1 DAGs
[2026-01-02T20:08:04.921+0000] {logging_mixin.py:188} INFO - [2026-01-02T20:08:04.921+0000] {dag.py:3823} INFO - Setting next_dagrun for rugby_pipeline to 2026-01-02 00:00:00+00:00, run_after=2026-01-03 00:00:00+00:00
[2026-01-02T20:08:04.954+0000] {processor.py:183} INFO - Processing /opt/airflow/dags/rugby_pipeline.py took 0.109 seconds
[2026-01-02T20:08:35.261+0000] {processor.py:161} INFO - Started process (PID=28333) to work on /opt/airflow/dags/rugby_pipeline.py
[2026-01-02T20:08:35.263+0000] {processor.py:830} INFO - Processing file /opt/airflow/dags/rugby_pipeline.py for tasks to queue
[2026-01-02T20:08:35.264+0000] {logging_mixin.py:188} INFO - [2026-01-02T20:08:35.263+0000] {dagbag.py:538} INFO - Filling up the DagBag from /opt/airflow/dags/rugby_pipeline.py
[2026-01-02T20:08:35.284+0000] {processor.py:840} INFO - DAG(s) 'rugby_pipeline' retrieved from /opt/airflow/dags/rugby_pipeline.py
[2026-01-02T20:08:35.307+0000] {logging_mixin.py:188} INFO - [2026-01-02T20:08:35.307+0000] {dag.py:3036} INFO - Sync 1 DAGs
[2026-01-02T20:08:35.330+0000] {logging_mixin.py:188} INFO - [2026-01-02T20:08:35.329+0000] {dag.py:3823} INFO - Setting next_dagrun for rugby_pipeline to 2026-01-02 00:00:00+00:00, run_after=2026-01-03 00:00:00+00:00
[2026-01-02T20:08:35.359+0000] {processor.py:183} INFO - Processing /opt/airflow/dags/rugby_pipeline.py took 0.101 seconds
[2026-01-02T20:09:05.671+0000] {processor.py:161} INFO - Started process (PID=28353) to work on /opt/airflow/dags/rugby_pipeline.py
[2026-01-02T20:09:05.673+0000] {processor.py:830} INFO - Processing file /opt/airflow/dags/rugby_pipeline.py for tasks to queue
[2026-01-02T20:09:05.674+0000] {logging_mixin.py:188} INFO - [2026-01-02T20:09:05.673+0000] {dagbag.py:538} INFO - Filling up the DagBag from /opt/airflow/dags/rugby_pipeline.py
[2026-01-02T20:09:05.698+0000] {processor.py:840} INFO - DAG(s) 'rugby_pipeline' retrieved from /opt/airflow/dags/rugby_pipeline.py
[2026-01-02T20:09:05.725+0000] {logging_mixin.py:188} INFO - [2026-01-02T20:09:05.724+0000] {dag.py:3036} INFO - Sync 1 DAGs
[2026-01-02T20:09:05.748+0000] {logging_mixin.py:188} INFO - [2026-01-02T20:09:05.748+0000] {dag.py:3823} INFO - Setting next_dagrun for rugby_pipeline to 2026-01-02 00:00:00+00:00, run_after=2026-01-03 00:00:00+00:00
[2026-01-02T20:09:05.768+0000] {processor.py:183} INFO - Processing /opt/airflow/dags/rugby_pipeline.py took 0.102 seconds
[2026-01-02T20:09:36.210+0000] {processor.py:161} INFO - Started process (PID=28373) to work on /opt/airflow/dags/rugby_pipeline.py
[2026-01-02T20:09:36.212+0000] {processor.py:830} INFO - Processing file /opt/airflow/dags/rugby_pipeline.py for tasks to queue
[2026-01-02T20:09:36.213+0000] {logging_mixin.py:188} INFO - [2026-01-02T20:09:36.212+0000] {dagbag.py:538} INFO - Filling up the DagBag from /opt/airflow/dags/rugby_pipeline.py
[2026-01-02T20:09:36.233+0000] {processor.py:840} INFO - DAG(s) 'rugby_pipeline' retrieved from /opt/airflow/dags/rugby_pipeline.py
[2026-01-02T20:09:36.257+0000] {logging_mixin.py:188} INFO - [2026-01-02T20:09:36.257+0000] {dag.py:3036} INFO - Sync 1 DAGs
[2026-01-02T20:09:36.280+0000] {logging_mixin.py:188} INFO - [2026-01-02T20:09:36.279+0000] {dag.py:3823} INFO - Setting next_dagrun for rugby_pipeline to 2026-01-02 00:00:00+00:00, run_after=2026-01-03 00:00:00+00:00
[2026-01-02T20:09:36.310+0000] {processor.py:183} INFO - Processing /opt/airflow/dags/rugby_pipeline.py took 0.103 seconds
[2026-01-02T20:10:06.613+0000] {processor.py:161} INFO - Started process (PID=28393) to work on /opt/airflow/dags/rugby_pipeline.py
[2026-01-02T20:10:06.615+0000] {processor.py:830} INFO - Processing file /opt/airflow/dags/rugby_pipeline.py for tasks to queue
[2026-01-02T20:10:06.616+0000] {logging_mixin.py:188} INFO - [2026-01-02T20:10:06.615+0000] {dagbag.py:538} INFO - Filling up the DagBag from /opt/airflow/dags/rugby_pipeline.py
[2026-01-02T20:10:06.637+0000] {processor.py:840} INFO - DAG(s) 'rugby_pipeline' retrieved from /opt/airflow/dags/rugby_pipeline.py
[2026-01-02T20:10:06.660+0000] {logging_mixin.py:188} INFO - [2026-01-02T20:10:06.660+0000] {dag.py:3036} INFO - Sync 1 DAGs
[2026-01-02T20:10:06.683+0000] {logging_mixin.py:188} INFO - [2026-01-02T20:10:06.683+0000] {dag.py:3823} INFO - Setting next_dagrun for rugby_pipeline to 2026-01-02 00:00:00+00:00, run_after=2026-01-03 00:00:00+00:00
[2026-01-02T20:10:06.713+0000] {processor.py:183} INFO - Processing /opt/airflow/dags/rugby_pipeline.py took 0.103 seconds
[2026-01-02T20:10:37.025+0000] {processor.py:161} INFO - Started process (PID=28413) to work on /opt/airflow/dags/rugby_pipeline.py
[2026-01-02T20:10:37.026+0000] {processor.py:830} INFO - Processing file /opt/airflow/dags/rugby_pipeline.py for tasks to queue
[2026-01-02T20:10:37.027+0000] {logging_mixin.py:188} INFO - [2026-01-02T20:10:37.027+0000] {dagbag.py:538} INFO - Filling up the DagBag from /opt/airflow/dags/rugby_pipeline.py
[2026-01-02T20:10:37.047+0000] {processor.py:840} INFO - DAG(s) 'rugby_pipeline' retrieved from /opt/airflow/dags/rugby_pipeline.py
[2026-01-02T20:10:37.070+0000] {logging_mixin.py:188} INFO - [2026-01-02T20:10:37.069+0000] {dag.py:3036} INFO - Sync 1 DAGs
[2026-01-02T20:10:37.093+0000] {logging_mixin.py:188} INFO - [2026-01-02T20:10:37.092+0000] {dag.py:3823} INFO - Setting next_dagrun for rugby_pipeline to 2026-01-02 00:00:00+00:00, run_after=2026-01-03 00:00:00+00:00
[2026-01-02T20:10:37.123+0000] {processor.py:183} INFO - Processing /opt/airflow/dags/rugby_pipeline.py took 0.102 seconds
[2026-01-02T20:11:07.455+0000] {processor.py:161} INFO - Started process (PID=28433) to work on /opt/airflow/dags/rugby_pipeline.py
[2026-01-02T20:11:07.456+0000] {processor.py:830} INFO - Processing file /opt/airflow/dags/rugby_pipeline.py for tasks to queue
[2026-01-02T20:11:07.458+0000] {logging_mixin.py:188} INFO - [2026-01-02T20:11:07.457+0000] {dagbag.py:538} INFO - Filling up the DagBag from /opt/airflow/dags/rugby_pipeline.py
[2026-01-02T20:11:07.478+0000] {processor.py:840} INFO - DAG(s) 'rugby_pipeline' retrieved from /opt/airflow/dags/rugby_pipeline.py
[2026-01-02T20:11:07.500+0000] {logging_mixin.py:188} INFO - [2026-01-02T20:11:07.500+0000] {dag.py:3036} INFO - Sync 1 DAGs
[2026-01-02T20:11:07.522+0000] {logging_mixin.py:188} INFO - [2026-01-02T20:11:07.522+0000] {dag.py:3823} INFO - Setting next_dagrun for rugby_pipeline to 2026-01-02 00:00:00+00:00, run_after=2026-01-03 00:00:00+00:00
[2026-01-02T20:11:07.553+0000] {processor.py:183} INFO - Processing /opt/airflow/dags/rugby_pipeline.py took 0.102 seconds
[2026-01-02T20:11:37.985+0000] {processor.py:161} INFO - Started process (PID=28453) to work on /opt/airflow/dags/rugby_pipeline.py
[2026-01-02T20:11:37.986+0000] {processor.py:830} INFO - Processing file /opt/airflow/dags/rugby_pipeline.py for tasks to queue
[2026-01-02T20:11:37.987+0000] {logging_mixin.py:188} INFO - [2026-01-02T20:11:37.987+0000] {dagbag.py:538} INFO - Filling up the DagBag from /opt/airflow/dags/rugby_pipeline.py
[2026-01-02T20:11:38.014+0000] {processor.py:840} INFO - DAG(s) 'rugby_pipeline' retrieved from /opt/airflow/dags/rugby_pipeline.py
[2026-01-02T20:11:38.044+0000] {logging_mixin.py:188} INFO - [2026-01-02T20:11:38.044+0000] {dag.py:3036} INFO - Sync 1 DAGs
[2026-01-02T20:11:38.072+0000] {logging_mixin.py:188} INFO - [2026-01-02T20:11:38.072+0000] {dag.py:3823} INFO - Setting next_dagrun for rugby_pipeline to 2026-01-02 00:00:00+00:00, run_after=2026-01-03 00:00:00+00:00
[2026-01-02T20:11:38.092+0000] {processor.py:183} INFO - Processing /opt/airflow/dags/rugby_pipeline.py took 0.111 seconds
[2026-01-02T20:12:08.418+0000] {processor.py:161} INFO - Started process (PID=28473) to work on /opt/airflow/dags/rugby_pipeline.py
[2026-01-02T20:12:08.419+0000] {processor.py:830} INFO - Processing file /opt/airflow/dags/rugby_pipeline.py for tasks to queue
[2026-01-02T20:12:08.420+0000] {logging_mixin.py:188} INFO - [2026-01-02T20:12:08.420+0000] {dagbag.py:538} INFO - Filling up the DagBag from /opt/airflow/dags/rugby_pipeline.py
[2026-01-02T20:12:08.441+0000] {processor.py:840} INFO - DAG(s) 'rugby_pipeline' retrieved from /opt/airflow/dags/rugby_pipeline.py
[2026-01-02T20:12:08.463+0000] {logging_mixin.py:188} INFO - [2026-01-02T20:12:08.463+0000] {dag.py:3036} INFO - Sync 1 DAGs
[2026-01-02T20:12:08.486+0000] {logging_mixin.py:188} INFO - [2026-01-02T20:12:08.485+0000] {dag.py:3823} INFO - Setting next_dagrun for rugby_pipeline to 2026-01-02 00:00:00+00:00, run_after=2026-01-03 00:00:00+00:00
[2026-01-02T20:12:08.515+0000] {processor.py:183} INFO - Processing /opt/airflow/dags/rugby_pipeline.py took 0.100 seconds
[2026-01-02T20:12:38.925+0000] {processor.py:161} INFO - Started process (PID=28493) to work on /opt/airflow/dags/rugby_pipeline.py
[2026-01-02T20:12:38.926+0000] {processor.py:830} INFO - Processing file /opt/airflow/dags/rugby_pipeline.py for tasks to queue
[2026-01-02T20:12:38.927+0000] {logging_mixin.py:188} INFO - [2026-01-02T20:12:38.927+0000] {dagbag.py:538} INFO - Filling up the DagBag from /opt/airflow/dags/rugby_pipeline.py
[2026-01-02T20:12:38.950+0000] {processor.py:840} INFO - DAG(s) 'rugby_pipeline' retrieved from /opt/airflow/dags/rugby_pipeline.py
[2026-01-02T20:12:38.975+0000] {logging_mixin.py:188} INFO - [2026-01-02T20:12:38.975+0000] {dag.py:3036} INFO - Sync 1 DAGs
[2026-01-02T20:12:38.997+0000] {logging_mixin.py:188} INFO - [2026-01-02T20:12:38.997+0000] {dag.py:3823} INFO - Setting next_dagrun for rugby_pipeline to 2026-01-02 00:00:00+00:00, run_after=2026-01-03 00:00:00+00:00
[2026-01-02T20:12:39.017+0000] {processor.py:183} INFO - Processing /opt/airflow/dags/rugby_pipeline.py took 0.096 seconds
[2026-01-02T20:13:09.459+0000] {processor.py:161} INFO - Started process (PID=28513) to work on /opt/airflow/dags/rugby_pipeline.py
[2026-01-02T20:13:09.461+0000] {processor.py:830} INFO - Processing file /opt/airflow/dags/rugby_pipeline.py for tasks to queue
[2026-01-02T20:13:09.462+0000] {logging_mixin.py:188} INFO - [2026-01-02T20:13:09.461+0000] {dagbag.py:538} INFO - Filling up the DagBag from /opt/airflow/dags/rugby_pipeline.py
[2026-01-02T20:13:09.481+0000] {processor.py:840} INFO - DAG(s) 'rugby_pipeline' retrieved from /opt/airflow/dags/rugby_pipeline.py
[2026-01-02T20:13:09.502+0000] {logging_mixin.py:188} INFO - [2026-01-02T20:13:09.502+0000] {dag.py:3036} INFO - Sync 1 DAGs
[2026-01-02T20:13:09.526+0000] {logging_mixin.py:188} INFO - [2026-01-02T20:13:09.525+0000] {dag.py:3823} INFO - Setting next_dagrun for rugby_pipeline to 2026-01-02 00:00:00+00:00, run_after=2026-01-03 00:00:00+00:00
[2026-01-02T20:13:09.544+0000] {processor.py:183} INFO - Processing /opt/airflow/dags/rugby_pipeline.py took 0.089 seconds
[2026-01-02T20:13:39.974+0000] {processor.py:161} INFO - Started process (PID=28533) to work on /opt/airflow/dags/rugby_pipeline.py
[2026-01-02T20:13:39.976+0000] {processor.py:830} INFO - Processing file /opt/airflow/dags/rugby_pipeline.py for tasks to queue
[2026-01-02T20:13:39.977+0000] {logging_mixin.py:188} INFO - [2026-01-02T20:13:39.976+0000] {dagbag.py:538} INFO - Filling up the DagBag from /opt/airflow/dags/rugby_pipeline.py
[2026-01-02T20:13:39.995+0000] {processor.py:840} INFO - DAG(s) 'rugby_pipeline' retrieved from /opt/airflow/dags/rugby_pipeline.py
[2026-01-02T20:13:40.017+0000] {logging_mixin.py:188} INFO - [2026-01-02T20:13:40.017+0000] {dag.py:3036} INFO - Sync 1 DAGs
[2026-01-02T20:13:40.041+0000] {logging_mixin.py:188} INFO - [2026-01-02T20:13:40.041+0000] {dag.py:3823} INFO - Setting next_dagrun for rugby_pipeline to 2026-01-02 00:00:00+00:00, run_after=2026-01-03 00:00:00+00:00
[2026-01-02T20:13:40.063+0000] {processor.py:183} INFO - Processing /opt/airflow/dags/rugby_pipeline.py took 0.092 seconds
[2026-01-02T20:14:10.497+0000] {processor.py:161} INFO - Started process (PID=28553) to work on /opt/airflow/dags/rugby_pipeline.py
[2026-01-02T20:14:10.498+0000] {processor.py:830} INFO - Processing file /opt/airflow/dags/rugby_pipeline.py for tasks to queue
[2026-01-02T20:14:10.499+0000] {logging_mixin.py:188} INFO - [2026-01-02T20:14:10.499+0000] {dagbag.py:538} INFO - Filling up the DagBag from /opt/airflow/dags/rugby_pipeline.py
[2026-01-02T20:14:10.519+0000] {processor.py:840} INFO - DAG(s) 'rugby_pipeline' retrieved from /opt/airflow/dags/rugby_pipeline.py
[2026-01-02T20:14:10.546+0000] {logging_mixin.py:188} INFO - [2026-01-02T20:14:10.545+0000] {dag.py:3036} INFO - Sync 1 DAGs
[2026-01-02T20:14:10.569+0000] {logging_mixin.py:188} INFO - [2026-01-02T20:14:10.568+0000] {dag.py:3823} INFO - Setting next_dagrun for rugby_pipeline to 2026-01-02 00:00:00+00:00, run_after=2026-01-03 00:00:00+00:00
[2026-01-02T20:14:10.599+0000] {processor.py:183} INFO - Processing /opt/airflow/dags/rugby_pipeline.py took 0.107 seconds
[2026-01-02T20:14:40.903+0000] {processor.py:161} INFO - Started process (PID=28573) to work on /opt/airflow/dags/rugby_pipeline.py
[2026-01-02T20:14:40.904+0000] {processor.py:830} INFO - Processing file /opt/airflow/dags/rugby_pipeline.py for tasks to queue
[2026-01-02T20:14:40.905+0000] {logging_mixin.py:188} INFO - [2026-01-02T20:14:40.905+0000] {dagbag.py:538} INFO - Filling up the DagBag from /opt/airflow/dags/rugby_pipeline.py
[2026-01-02T20:14:40.926+0000] {processor.py:840} INFO - DAG(s) 'rugby_pipeline' retrieved from /opt/airflow/dags/rugby_pipeline.py
[2026-01-02T20:14:40.952+0000] {logging_mixin.py:188} INFO - [2026-01-02T20:14:40.952+0000] {dag.py:3036} INFO - Sync 1 DAGs
[2026-01-02T20:14:40.976+0000] {logging_mixin.py:188} INFO - [2026-01-02T20:14:40.976+0000] {dag.py:3823} INFO - Setting next_dagrun for rugby_pipeline to 2026-01-02 00:00:00+00:00, run_after=2026-01-03 00:00:00+00:00
[2026-01-02T20:14:41.006+0000] {processor.py:183} INFO - Processing /opt/airflow/dags/rugby_pipeline.py took 0.106 seconds
[2026-01-02T20:15:11.312+0000] {processor.py:161} INFO - Started process (PID=28593) to work on /opt/airflow/dags/rugby_pipeline.py
[2026-01-02T20:15:11.313+0000] {processor.py:830} INFO - Processing file /opt/airflow/dags/rugby_pipeline.py for tasks to queue
[2026-01-02T20:15:11.314+0000] {logging_mixin.py:188} INFO - [2026-01-02T20:15:11.314+0000] {dagbag.py:538} INFO - Filling up the DagBag from /opt/airflow/dags/rugby_pipeline.py
[2026-01-02T20:15:11.334+0000] {processor.py:840} INFO - DAG(s) 'rugby_pipeline' retrieved from /opt/airflow/dags/rugby_pipeline.py
[2026-01-02T20:15:11.358+0000] {logging_mixin.py:188} INFO - [2026-01-02T20:15:11.357+0000] {dag.py:3036} INFO - Sync 1 DAGs
[2026-01-02T20:15:11.381+0000] {logging_mixin.py:188} INFO - [2026-01-02T20:15:11.380+0000] {dag.py:3823} INFO - Setting next_dagrun for rugby_pipeline to 2026-01-02 00:00:00+00:00, run_after=2026-01-03 00:00:00+00:00
[2026-01-02T20:15:11.412+0000] {processor.py:183} INFO - Processing /opt/airflow/dags/rugby_pipeline.py took 0.104 seconds
[2026-01-02T20:15:41.715+0000] {processor.py:161} INFO - Started process (PID=28613) to work on /opt/airflow/dags/rugby_pipeline.py
[2026-01-02T20:15:41.716+0000] {processor.py:830} INFO - Processing file /opt/airflow/dags/rugby_pipeline.py for tasks to queue
[2026-01-02T20:15:41.717+0000] {logging_mixin.py:188} INFO - [2026-01-02T20:15:41.717+0000] {dagbag.py:538} INFO - Filling up the DagBag from /opt/airflow/dags/rugby_pipeline.py
[2026-01-02T20:15:41.739+0000] {processor.py:840} INFO - DAG(s) 'rugby_pipeline' retrieved from /opt/airflow/dags/rugby_pipeline.py
[2026-01-02T20:15:41.762+0000] {logging_mixin.py:188} INFO - [2026-01-02T20:15:41.762+0000] {dag.py:3036} INFO - Sync 1 DAGs
[2026-01-02T20:15:41.785+0000] {logging_mixin.py:188} INFO - [2026-01-02T20:15:41.784+0000] {dag.py:3823} INFO - Setting next_dagrun for rugby_pipeline to 2026-01-02 00:00:00+00:00, run_after=2026-01-03 00:00:00+00:00
[2026-01-02T20:15:41.815+0000] {processor.py:183} INFO - Processing /opt/airflow/dags/rugby_pipeline.py took 0.103 seconds
[2026-01-02T20:16:12.226+0000] {processor.py:161} INFO - Started process (PID=28633) to work on /opt/airflow/dags/rugby_pipeline.py
[2026-01-02T20:16:12.227+0000] {processor.py:830} INFO - Processing file /opt/airflow/dags/rugby_pipeline.py for tasks to queue
[2026-01-02T20:16:12.228+0000] {logging_mixin.py:188} INFO - [2026-01-02T20:16:12.228+0000] {dagbag.py:538} INFO - Filling up the DagBag from /opt/airflow/dags/rugby_pipeline.py
[2026-01-02T20:16:12.248+0000] {processor.py:840} INFO - DAG(s) 'rugby_pipeline' retrieved from /opt/airflow/dags/rugby_pipeline.py
[2026-01-02T20:16:12.270+0000] {logging_mixin.py:188} INFO - [2026-01-02T20:16:12.269+0000] {dag.py:3036} INFO - Sync 1 DAGs
[2026-01-02T20:16:12.290+0000] {logging_mixin.py:188} INFO - [2026-01-02T20:16:12.290+0000] {dag.py:3823} INFO - Setting next_dagrun for rugby_pipeline to 2026-01-02 00:00:00+00:00, run_after=2026-01-03 00:00:00+00:00
[2026-01-02T20:16:12.310+0000] {processor.py:183} INFO - Processing /opt/airflow/dags/rugby_pipeline.py took 0.089 seconds
[2026-01-02T20:16:42.629+0000] {processor.py:161} INFO - Started process (PID=28653) to work on /opt/airflow/dags/rugby_pipeline.py
[2026-01-02T20:16:42.630+0000] {processor.py:830} INFO - Processing file /opt/airflow/dags/rugby_pipeline.py for tasks to queue
[2026-01-02T20:16:42.631+0000] {logging_mixin.py:188} INFO - [2026-01-02T20:16:42.630+0000] {dagbag.py:538} INFO - Filling up the DagBag from /opt/airflow/dags/rugby_pipeline.py
[2026-01-02T20:16:42.651+0000] {processor.py:840} INFO - DAG(s) 'rugby_pipeline' retrieved from /opt/airflow/dags/rugby_pipeline.py
[2026-01-02T20:16:42.673+0000] {logging_mixin.py:188} INFO - [2026-01-02T20:16:42.672+0000] {dag.py:3036} INFO - Sync 1 DAGs
[2026-01-02T20:16:42.695+0000] {logging_mixin.py:188} INFO - [2026-01-02T20:16:42.695+0000] {dag.py:3823} INFO - Setting next_dagrun for rugby_pipeline to 2026-01-02 00:00:00+00:00, run_after=2026-01-03 00:00:00+00:00
[2026-01-02T20:16:42.725+0000] {processor.py:183} INFO - Processing /opt/airflow/dags/rugby_pipeline.py took 0.100 seconds
[2026-01-02T20:17:13.036+0000] {processor.py:161} INFO - Started process (PID=28673) to work on /opt/airflow/dags/rugby_pipeline.py
[2026-01-02T20:17:13.037+0000] {processor.py:830} INFO - Processing file /opt/airflow/dags/rugby_pipeline.py for tasks to queue
[2026-01-02T20:17:13.038+0000] {logging_mixin.py:188} INFO - [2026-01-02T20:17:13.038+0000] {dagbag.py:538} INFO - Filling up the DagBag from /opt/airflow/dags/rugby_pipeline.py
[2026-01-02T20:17:13.062+0000] {processor.py:840} INFO - DAG(s) 'rugby_pipeline' retrieved from /opt/airflow/dags/rugby_pipeline.py
[2026-01-02T20:17:13.087+0000] {logging_mixin.py:188} INFO - [2026-01-02T20:17:13.086+0000] {dag.py:3036} INFO - Sync 1 DAGs
[2026-01-02T20:17:13.111+0000] {logging_mixin.py:188} INFO - [2026-01-02T20:17:13.111+0000] {dag.py:3823} INFO - Setting next_dagrun for rugby_pipeline to 2026-01-02 00:00:00+00:00, run_after=2026-01-03 00:00:00+00:00
[2026-01-02T20:17:13.132+0000] {processor.py:183} INFO - Processing /opt/airflow/dags/rugby_pipeline.py took 0.100 seconds
[2026-01-02T20:17:43.516+0000] {processor.py:161} INFO - Started process (PID=28693) to work on /opt/airflow/dags/rugby_pipeline.py
[2026-01-02T20:17:43.518+0000] {processor.py:830} INFO - Processing file /opt/airflow/dags/rugby_pipeline.py for tasks to queue
[2026-01-02T20:17:43.519+0000] {logging_mixin.py:188} INFO - [2026-01-02T20:17:43.519+0000] {dagbag.py:538} INFO - Filling up the DagBag from /opt/airflow/dags/rugby_pipeline.py
[2026-01-02T20:17:43.539+0000] {processor.py:840} INFO - DAG(s) 'rugby_pipeline' retrieved from /opt/airflow/dags/rugby_pipeline.py
[2026-01-02T20:17:43.561+0000] {logging_mixin.py:188} INFO - [2026-01-02T20:17:43.561+0000] {dag.py:3036} INFO - Sync 1 DAGs
[2026-01-02T20:17:43.583+0000] {logging_mixin.py:188} INFO - [2026-01-02T20:17:43.583+0000] {dag.py:3823} INFO - Setting next_dagrun for rugby_pipeline to 2026-01-02 00:00:00+00:00, run_after=2026-01-03 00:00:00+00:00
[2026-01-02T20:17:43.601+0000] {processor.py:183} INFO - Processing /opt/airflow/dags/rugby_pipeline.py took 0.088 seconds
[2026-01-02T20:18:13.930+0000] {processor.py:161} INFO - Started process (PID=28713) to work on /opt/airflow/dags/rugby_pipeline.py
[2026-01-02T20:18:13.931+0000] {processor.py:830} INFO - Processing file /opt/airflow/dags/rugby_pipeline.py for tasks to queue
[2026-01-02T20:18:13.932+0000] {logging_mixin.py:188} INFO - [2026-01-02T20:18:13.932+0000] {dagbag.py:538} INFO - Filling up the DagBag from /opt/airflow/dags/rugby_pipeline.py
[2026-01-02T20:18:13.953+0000] {processor.py:840} INFO - DAG(s) 'rugby_pipeline' retrieved from /opt/airflow/dags/rugby_pipeline.py
[2026-01-02T20:18:13.975+0000] {logging_mixin.py:188} INFO - [2026-01-02T20:18:13.974+0000] {dag.py:3036} INFO - Sync 1 DAGs
[2026-01-02T20:18:13.996+0000] {logging_mixin.py:188} INFO - [2026-01-02T20:18:13.996+0000] {dag.py:3823} INFO - Setting next_dagrun for rugby_pipeline to 2026-01-02 00:00:00+00:00, run_after=2026-01-03 00:00:00+00:00
[2026-01-02T20:18:14.026+0000] {processor.py:183} INFO - Processing /opt/airflow/dags/rugby_pipeline.py took 0.100 seconds
[2026-01-02T20:18:44.466+0000] {processor.py:161} INFO - Started process (PID=28733) to work on /opt/airflow/dags/rugby_pipeline.py
[2026-01-02T20:18:44.468+0000] {processor.py:830} INFO - Processing file /opt/airflow/dags/rugby_pipeline.py for tasks to queue
[2026-01-02T20:18:44.469+0000] {logging_mixin.py:188} INFO - [2026-01-02T20:18:44.468+0000] {dagbag.py:538} INFO - Filling up the DagBag from /opt/airflow/dags/rugby_pipeline.py
[2026-01-02T20:18:44.490+0000] {processor.py:840} INFO - DAG(s) 'rugby_pipeline' retrieved from /opt/airflow/dags/rugby_pipeline.py
[2026-01-02T20:18:44.515+0000] {logging_mixin.py:188} INFO - [2026-01-02T20:18:44.514+0000] {dag.py:3036} INFO - Sync 1 DAGs
[2026-01-02T20:18:44.538+0000] {logging_mixin.py:188} INFO - [2026-01-02T20:18:44.538+0000] {dag.py:3823} INFO - Setting next_dagrun for rugby_pipeline to 2026-01-02 00:00:00+00:00, run_after=2026-01-03 00:00:00+00:00
[2026-01-02T20:18:44.559+0000] {processor.py:183} INFO - Processing /opt/airflow/dags/rugby_pipeline.py took 0.096 seconds
[2026-01-02T20:19:14.858+0000] {processor.py:161} INFO - Started process (PID=28753) to work on /opt/airflow/dags/rugby_pipeline.py
[2026-01-02T20:19:14.859+0000] {processor.py:830} INFO - Processing file /opt/airflow/dags/rugby_pipeline.py for tasks to queue
[2026-01-02T20:19:14.861+0000] {logging_mixin.py:188} INFO - [2026-01-02T20:19:14.860+0000] {dagbag.py:538} INFO - Filling up the DagBag from /opt/airflow/dags/rugby_pipeline.py
[2026-01-02T20:19:14.880+0000] {processor.py:840} INFO - DAG(s) 'rugby_pipeline' retrieved from /opt/airflow/dags/rugby_pipeline.py
[2026-01-02T20:19:14.901+0000] {logging_mixin.py:188} INFO - [2026-01-02T20:19:14.901+0000] {dag.py:3036} INFO - Sync 1 DAGs
[2026-01-02T20:19:14.923+0000] {logging_mixin.py:188} INFO - [2026-01-02T20:19:14.923+0000] {dag.py:3823} INFO - Setting next_dagrun for rugby_pipeline to 2026-01-02 00:00:00+00:00, run_after=2026-01-03 00:00:00+00:00
[2026-01-02T20:19:14.954+0000] {processor.py:183} INFO - Processing /opt/airflow/dags/rugby_pipeline.py took 0.100 seconds
[2026-01-02T20:19:45.255+0000] {processor.py:161} INFO - Started process (PID=28773) to work on /opt/airflow/dags/rugby_pipeline.py
[2026-01-02T20:19:45.256+0000] {processor.py:830} INFO - Processing file /opt/airflow/dags/rugby_pipeline.py for tasks to queue
[2026-01-02T20:19:45.257+0000] {logging_mixin.py:188} INFO - [2026-01-02T20:19:45.256+0000] {dagbag.py:538} INFO - Filling up the DagBag from /opt/airflow/dags/rugby_pipeline.py
[2026-01-02T20:19:45.276+0000] {processor.py:840} INFO - DAG(s) 'rugby_pipeline' retrieved from /opt/airflow/dags/rugby_pipeline.py
[2026-01-02T20:19:45.299+0000] {logging_mixin.py:188} INFO - [2026-01-02T20:19:45.299+0000] {dag.py:3036} INFO - Sync 1 DAGs
[2026-01-02T20:19:45.324+0000] {logging_mixin.py:188} INFO - [2026-01-02T20:19:45.323+0000] {dag.py:3823} INFO - Setting next_dagrun for rugby_pipeline to 2026-01-02 00:00:00+00:00, run_after=2026-01-03 00:00:00+00:00
[2026-01-02T20:19:45.343+0000] {processor.py:183} INFO - Processing /opt/airflow/dags/rugby_pipeline.py took 0.092 seconds
[2026-01-02T20:20:15.655+0000] {processor.py:161} INFO - Started process (PID=28793) to work on /opt/airflow/dags/rugby_pipeline.py
[2026-01-02T20:20:15.657+0000] {processor.py:830} INFO - Processing file /opt/airflow/dags/rugby_pipeline.py for tasks to queue
[2026-01-02T20:20:15.658+0000] {logging_mixin.py:188} INFO - [2026-01-02T20:20:15.658+0000] {dagbag.py:538} INFO - Filling up the DagBag from /opt/airflow/dags/rugby_pipeline.py
[2026-01-02T20:20:15.678+0000] {processor.py:840} INFO - DAG(s) 'rugby_pipeline' retrieved from /opt/airflow/dags/rugby_pipeline.py
[2026-01-02T20:20:15.700+0000] {logging_mixin.py:188} INFO - [2026-01-02T20:20:15.700+0000] {dag.py:3036} INFO - Sync 1 DAGs
[2026-01-02T20:20:15.722+0000] {logging_mixin.py:188} INFO - [2026-01-02T20:20:15.722+0000] {dag.py:3823} INFO - Setting next_dagrun for rugby_pipeline to 2026-01-02 00:00:00+00:00, run_after=2026-01-03 00:00:00+00:00
[2026-01-02T20:20:15.748+0000] {processor.py:183} INFO - Processing /opt/airflow/dags/rugby_pipeline.py took 0.096 seconds
[2026-01-02T20:20:46.172+0000] {processor.py:161} INFO - Started process (PID=28813) to work on /opt/airflow/dags/rugby_pipeline.py
[2026-01-02T20:20:46.174+0000] {processor.py:830} INFO - Processing file /opt/airflow/dags/rugby_pipeline.py for tasks to queue
[2026-01-02T20:20:46.175+0000] {logging_mixin.py:188} INFO - [2026-01-02T20:20:46.174+0000] {dagbag.py:538} INFO - Filling up the DagBag from /opt/airflow/dags/rugby_pipeline.py
[2026-01-02T20:20:46.196+0000] {processor.py:840} INFO - DAG(s) 'rugby_pipeline' retrieved from /opt/airflow/dags/rugby_pipeline.py
[2026-01-02T20:20:46.219+0000] {logging_mixin.py:188} INFO - [2026-01-02T20:20:46.219+0000] {dag.py:3036} INFO - Sync 1 DAGs
[2026-01-02T20:20:46.242+0000] {logging_mixin.py:188} INFO - [2026-01-02T20:20:46.242+0000] {dag.py:3823} INFO - Setting next_dagrun for rugby_pipeline to 2026-01-02 00:00:00+00:00, run_after=2026-01-03 00:00:00+00:00
[2026-01-02T20:20:46.266+0000] {processor.py:183} INFO - Processing /opt/airflow/dags/rugby_pipeline.py took 0.097 seconds
[2026-01-02T20:21:16.566+0000] {processor.py:161} INFO - Started process (PID=28833) to work on /opt/airflow/dags/rugby_pipeline.py
[2026-01-02T20:21:16.567+0000] {processor.py:830} INFO - Processing file /opt/airflow/dags/rugby_pipeline.py for tasks to queue
[2026-01-02T20:21:16.568+0000] {logging_mixin.py:188} INFO - [2026-01-02T20:21:16.567+0000] {dagbag.py:538} INFO - Filling up the DagBag from /opt/airflow/dags/rugby_pipeline.py
[2026-01-02T20:21:16.588+0000] {processor.py:840} INFO - DAG(s) 'rugby_pipeline' retrieved from /opt/airflow/dags/rugby_pipeline.py
[2026-01-02T20:21:16.610+0000] {logging_mixin.py:188} INFO - [2026-01-02T20:21:16.610+0000] {dag.py:3036} INFO - Sync 1 DAGs
[2026-01-02T20:21:16.632+0000] {logging_mixin.py:188} INFO - [2026-01-02T20:21:16.632+0000] {dag.py:3823} INFO - Setting next_dagrun for rugby_pipeline to 2026-01-02 00:00:00+00:00, run_after=2026-01-03 00:00:00+00:00
[2026-01-02T20:21:16.661+0000] {processor.py:183} INFO - Processing /opt/airflow/dags/rugby_pipeline.py took 0.100 seconds
[2026-01-02T20:21:47.097+0000] {processor.py:161} INFO - Started process (PID=28853) to work on /opt/airflow/dags/rugby_pipeline.py
[2026-01-02T20:21:47.098+0000] {processor.py:830} INFO - Processing file /opt/airflow/dags/rugby_pipeline.py for tasks to queue
[2026-01-02T20:21:47.099+0000] {logging_mixin.py:188} INFO - [2026-01-02T20:21:47.099+0000] {dagbag.py:538} INFO - Filling up the DagBag from /opt/airflow/dags/rugby_pipeline.py
[2026-01-02T20:21:47.122+0000] {processor.py:840} INFO - DAG(s) 'rugby_pipeline' retrieved from /opt/airflow/dags/rugby_pipeline.py
[2026-01-02T20:21:47.146+0000] {logging_mixin.py:188} INFO - [2026-01-02T20:21:47.145+0000] {dag.py:3036} INFO - Sync 1 DAGs
[2026-01-02T20:21:47.169+0000] {logging_mixin.py:188} INFO - [2026-01-02T20:21:47.169+0000] {dag.py:3823} INFO - Setting next_dagrun for rugby_pipeline to 2026-01-02 00:00:00+00:00, run_after=2026-01-03 00:00:00+00:00
[2026-01-02T20:21:47.188+0000] {processor.py:183} INFO - Processing /opt/airflow/dags/rugby_pipeline.py took 0.095 seconds
[2026-01-02T20:22:17.635+0000] {processor.py:161} INFO - Started process (PID=28873) to work on /opt/airflow/dags/rugby_pipeline.py
[2026-01-02T20:22:17.636+0000] {processor.py:830} INFO - Processing file /opt/airflow/dags/rugby_pipeline.py for tasks to queue
[2026-01-02T20:22:17.637+0000] {logging_mixin.py:188} INFO - [2026-01-02T20:22:17.637+0000] {dagbag.py:538} INFO - Filling up the DagBag from /opt/airflow/dags/rugby_pipeline.py
[2026-01-02T20:22:17.657+0000] {processor.py:840} INFO - DAG(s) 'rugby_pipeline' retrieved from /opt/airflow/dags/rugby_pipeline.py
[2026-01-02T20:22:17.688+0000] {logging_mixin.py:188} INFO - [2026-01-02T20:22:17.687+0000] {dag.py:3036} INFO - Sync 1 DAGs
[2026-01-02T20:22:17.722+0000] {logging_mixin.py:188} INFO - [2026-01-02T20:22:17.721+0000] {dag.py:3823} INFO - Setting next_dagrun for rugby_pipeline to 2026-01-02 00:00:00+00:00, run_after=2026-01-03 00:00:00+00:00
[2026-01-02T20:22:17.759+0000] {processor.py:183} INFO - Processing /opt/airflow/dags/rugby_pipeline.py took 0.128 seconds
[2026-01-02T20:22:48.119+0000] {processor.py:161} INFO - Started process (PID=28893) to work on /opt/airflow/dags/rugby_pipeline.py
[2026-01-02T20:22:48.120+0000] {processor.py:830} INFO - Processing file /opt/airflow/dags/rugby_pipeline.py for tasks to queue
[2026-01-02T20:22:48.121+0000] {logging_mixin.py:188} INFO - [2026-01-02T20:22:48.121+0000] {dagbag.py:538} INFO - Filling up the DagBag from /opt/airflow/dags/rugby_pipeline.py
[2026-01-02T20:22:48.142+0000] {processor.py:840} INFO - DAG(s) 'rugby_pipeline' retrieved from /opt/airflow/dags/rugby_pipeline.py
[2026-01-02T20:22:48.166+0000] {logging_mixin.py:188} INFO - [2026-01-02T20:22:48.166+0000] {dag.py:3036} INFO - Sync 1 DAGs
[2026-01-02T20:22:48.188+0000] {logging_mixin.py:188} INFO - [2026-01-02T20:22:48.188+0000] {dag.py:3823} INFO - Setting next_dagrun for rugby_pipeline to 2026-01-02 00:00:00+00:00, run_after=2026-01-03 00:00:00+00:00
[2026-01-02T20:22:48.220+0000] {processor.py:183} INFO - Processing /opt/airflow/dags/rugby_pipeline.py took 0.105 seconds
[2026-01-02T20:23:18.529+0000] {processor.py:161} INFO - Started process (PID=28913) to work on /opt/airflow/dags/rugby_pipeline.py
[2026-01-02T20:23:18.530+0000] {processor.py:830} INFO - Processing file /opt/airflow/dags/rugby_pipeline.py for tasks to queue
[2026-01-02T20:23:18.532+0000] {logging_mixin.py:188} INFO - [2026-01-02T20:23:18.531+0000] {dagbag.py:538} INFO - Filling up the DagBag from /opt/airflow/dags/rugby_pipeline.py
[2026-01-02T20:23:18.552+0000] {processor.py:840} INFO - DAG(s) 'rugby_pipeline' retrieved from /opt/airflow/dags/rugby_pipeline.py
[2026-01-02T20:23:18.574+0000] {logging_mixin.py:188} INFO - [2026-01-02T20:23:18.574+0000] {dag.py:3036} INFO - Sync 1 DAGs
[2026-01-02T20:23:18.595+0000] {logging_mixin.py:188} INFO - [2026-01-02T20:23:18.595+0000] {dag.py:3823} INFO - Setting next_dagrun for rugby_pipeline to 2026-01-02 00:00:00+00:00, run_after=2026-01-03 00:00:00+00:00
[2026-01-02T20:23:18.625+0000] {processor.py:183} INFO - Processing /opt/airflow/dags/rugby_pipeline.py took 0.099 seconds
[2026-01-02T20:23:48.930+0000] {processor.py:161} INFO - Started process (PID=28933) to work on /opt/airflow/dags/rugby_pipeline.py
[2026-01-02T20:23:48.932+0000] {processor.py:830} INFO - Processing file /opt/airflow/dags/rugby_pipeline.py for tasks to queue
[2026-01-02T20:23:48.933+0000] {logging_mixin.py:188} INFO - [2026-01-02T20:23:48.933+0000] {dagbag.py:538} INFO - Filling up the DagBag from /opt/airflow/dags/rugby_pipeline.py
[2026-01-02T20:23:48.954+0000] {processor.py:840} INFO - DAG(s) 'rugby_pipeline' retrieved from /opt/airflow/dags/rugby_pipeline.py
[2026-01-02T20:23:48.981+0000] {logging_mixin.py:188} INFO - [2026-01-02T20:23:48.981+0000] {dag.py:3036} INFO - Sync 1 DAGs
[2026-01-02T20:23:49.003+0000] {logging_mixin.py:188} INFO - [2026-01-02T20:23:49.003+0000] {dag.py:3823} INFO - Setting next_dagrun for rugby_pipeline to 2026-01-02 00:00:00+00:00, run_after=2026-01-03 00:00:00+00:00
[2026-01-02T20:23:49.033+0000] {processor.py:183} INFO - Processing /opt/airflow/dags/rugby_pipeline.py took 0.105 seconds
[2026-01-02T20:24:19.339+0000] {processor.py:161} INFO - Started process (PID=28953) to work on /opt/airflow/dags/rugby_pipeline.py
[2026-01-02T20:24:19.341+0000] {processor.py:830} INFO - Processing file /opt/airflow/dags/rugby_pipeline.py for tasks to queue
[2026-01-02T20:24:19.342+0000] {logging_mixin.py:188} INFO - [2026-01-02T20:24:19.341+0000] {dagbag.py:538} INFO - Filling up the DagBag from /opt/airflow/dags/rugby_pipeline.py
[2026-01-02T20:24:19.363+0000] {processor.py:840} INFO - DAG(s) 'rugby_pipeline' retrieved from /opt/airflow/dags/rugby_pipeline.py
[2026-01-02T20:24:19.386+0000] {logging_mixin.py:188} INFO - [2026-01-02T20:24:19.386+0000] {dag.py:3036} INFO - Sync 1 DAGs
[2026-01-02T20:24:19.407+0000] {logging_mixin.py:188} INFO - [2026-01-02T20:24:19.407+0000] {dag.py:3823} INFO - Setting next_dagrun for rugby_pipeline to 2026-01-02 00:00:00+00:00, run_after=2026-01-03 00:00:00+00:00
[2026-01-02T20:24:19.425+0000] {processor.py:183} INFO - Processing /opt/airflow/dags/rugby_pipeline.py took 0.089 seconds
[2026-01-02T20:24:49.755+0000] {processor.py:161} INFO - Started process (PID=28973) to work on /opt/airflow/dags/rugby_pipeline.py
[2026-01-02T20:24:49.756+0000] {processor.py:830} INFO - Processing file /opt/airflow/dags/rugby_pipeline.py for tasks to queue
[2026-01-02T20:24:49.757+0000] {logging_mixin.py:188} INFO - [2026-01-02T20:24:49.757+0000] {dagbag.py:538} INFO - Filling up the DagBag from /opt/airflow/dags/rugby_pipeline.py
[2026-01-02T20:24:49.778+0000] {processor.py:840} INFO - DAG(s) 'rugby_pipeline' retrieved from /opt/airflow/dags/rugby_pipeline.py
[2026-01-02T20:24:49.800+0000] {logging_mixin.py:188} INFO - [2026-01-02T20:24:49.800+0000] {dag.py:3036} INFO - Sync 1 DAGs
[2026-01-02T20:24:49.822+0000] {logging_mixin.py:188} INFO - [2026-01-02T20:24:49.822+0000] {dag.py:3823} INFO - Setting next_dagrun for rugby_pipeline to 2026-01-02 00:00:00+00:00, run_after=2026-01-03 00:00:00+00:00
[2026-01-02T20:24:49.851+0000] {processor.py:183} INFO - Processing /opt/airflow/dags/rugby_pipeline.py took 0.100 seconds
[2026-01-02T20:25:20.163+0000] {processor.py:161} INFO - Started process (PID=28993) to work on /opt/airflow/dags/rugby_pipeline.py
[2026-01-02T20:25:20.165+0000] {processor.py:830} INFO - Processing file /opt/airflow/dags/rugby_pipeline.py for tasks to queue
[2026-01-02T20:25:20.166+0000] {logging_mixin.py:188} INFO - [2026-01-02T20:25:20.165+0000] {dagbag.py:538} INFO - Filling up the DagBag from /opt/airflow/dags/rugby_pipeline.py
[2026-01-02T20:25:20.188+0000] {processor.py:840} INFO - DAG(s) 'rugby_pipeline' retrieved from /opt/airflow/dags/rugby_pipeline.py
[2026-01-02T20:25:20.211+0000] {logging_mixin.py:188} INFO - [2026-01-02T20:25:20.211+0000] {dag.py:3036} INFO - Sync 1 DAGs
[2026-01-02T20:25:20.236+0000] {logging_mixin.py:188} INFO - [2026-01-02T20:25:20.236+0000] {dag.py:3823} INFO - Setting next_dagrun for rugby_pipeline to 2026-01-02 00:00:00+00:00, run_after=2026-01-03 00:00:00+00:00
[2026-01-02T20:25:20.257+0000] {processor.py:183} INFO - Processing /opt/airflow/dags/rugby_pipeline.py took 0.097 seconds
[2026-01-02T20:25:50.583+0000] {processor.py:161} INFO - Started process (PID=29013) to work on /opt/airflow/dags/rugby_pipeline.py
[2026-01-02T20:25:50.585+0000] {processor.py:830} INFO - Processing file /opt/airflow/dags/rugby_pipeline.py for tasks to queue
[2026-01-02T20:25:50.586+0000] {logging_mixin.py:188} INFO - [2026-01-02T20:25:50.585+0000] {dagbag.py:538} INFO - Filling up the DagBag from /opt/airflow/dags/rugby_pipeline.py
[2026-01-02T20:25:50.607+0000] {processor.py:840} INFO - DAG(s) 'rugby_pipeline' retrieved from /opt/airflow/dags/rugby_pipeline.py
[2026-01-02T20:25:50.629+0000] {logging_mixin.py:188} INFO - [2026-01-02T20:25:50.629+0000] {dag.py:3036} INFO - Sync 1 DAGs
[2026-01-02T20:25:50.653+0000] {logging_mixin.py:188} INFO - [2026-01-02T20:25:50.653+0000] {dag.py:3823} INFO - Setting next_dagrun for rugby_pipeline to 2026-01-02 00:00:00+00:00, run_after=2026-01-03 00:00:00+00:00
[2026-01-02T20:25:50.684+0000] {processor.py:183} INFO - Processing /opt/airflow/dags/rugby_pipeline.py took 0.105 seconds
[2026-01-02T20:26:21.104+0000] {processor.py:161} INFO - Started process (PID=29033) to work on /opt/airflow/dags/rugby_pipeline.py
[2026-01-02T20:26:21.106+0000] {processor.py:830} INFO - Processing file /opt/airflow/dags/rugby_pipeline.py for tasks to queue
[2026-01-02T20:26:21.107+0000] {logging_mixin.py:188} INFO - [2026-01-02T20:26:21.106+0000] {dagbag.py:538} INFO - Filling up the DagBag from /opt/airflow/dags/rugby_pipeline.py
[2026-01-02T20:26:21.126+0000] {processor.py:840} INFO - DAG(s) 'rugby_pipeline' retrieved from /opt/airflow/dags/rugby_pipeline.py
[2026-01-02T20:26:21.151+0000] {logging_mixin.py:188} INFO - [2026-01-02T20:26:21.151+0000] {dag.py:3036} INFO - Sync 1 DAGs
[2026-01-02T20:26:21.174+0000] {logging_mixin.py:188} INFO - [2026-01-02T20:26:21.173+0000] {dag.py:3823} INFO - Setting next_dagrun for rugby_pipeline to 2026-01-02 00:00:00+00:00, run_after=2026-01-03 00:00:00+00:00
[2026-01-02T20:26:21.192+0000] {processor.py:183} INFO - Processing /opt/airflow/dags/rugby_pipeline.py took 0.092 seconds
[2026-01-02T20:26:51.509+0000] {processor.py:161} INFO - Started process (PID=29053) to work on /opt/airflow/dags/rugby_pipeline.py
[2026-01-02T20:26:51.510+0000] {processor.py:830} INFO - Processing file /opt/airflow/dags/rugby_pipeline.py for tasks to queue
[2026-01-02T20:26:51.511+0000] {logging_mixin.py:188} INFO - [2026-01-02T20:26:51.511+0000] {dagbag.py:538} INFO - Filling up the DagBag from /opt/airflow/dags/rugby_pipeline.py
[2026-01-02T20:26:51.534+0000] {processor.py:840} INFO - DAG(s) 'rugby_pipeline' retrieved from /opt/airflow/dags/rugby_pipeline.py
[2026-01-02T20:26:51.558+0000] {logging_mixin.py:188} INFO - [2026-01-02T20:26:51.557+0000] {dag.py:3036} INFO - Sync 1 DAGs
[2026-01-02T20:26:51.579+0000] {logging_mixin.py:188} INFO - [2026-01-02T20:26:51.579+0000] {dag.py:3823} INFO - Setting next_dagrun for rugby_pipeline to 2026-01-02 00:00:00+00:00, run_after=2026-01-03 00:00:00+00:00
[2026-01-02T20:26:51.598+0000] {processor.py:183} INFO - Processing /opt/airflow/dags/rugby_pipeline.py took 0.093 seconds
[2026-01-02T20:27:22.038+0000] {processor.py:161} INFO - Started process (PID=29073) to work on /opt/airflow/dags/rugby_pipeline.py
[2026-01-02T20:27:22.039+0000] {processor.py:830} INFO - Processing file /opt/airflow/dags/rugby_pipeline.py for tasks to queue
[2026-01-02T20:27:22.040+0000] {logging_mixin.py:188} INFO - [2026-01-02T20:27:22.040+0000] {dagbag.py:538} INFO - Filling up the DagBag from /opt/airflow/dags/rugby_pipeline.py
[2026-01-02T20:27:22.060+0000] {processor.py:840} INFO - DAG(s) 'rugby_pipeline' retrieved from /opt/airflow/dags/rugby_pipeline.py
[2026-01-02T20:27:22.081+0000] {logging_mixin.py:188} INFO - [2026-01-02T20:27:22.081+0000] {dag.py:3036} INFO - Sync 1 DAGs
[2026-01-02T20:27:22.102+0000] {logging_mixin.py:188} INFO - [2026-01-02T20:27:22.102+0000] {dag.py:3823} INFO - Setting next_dagrun for rugby_pipeline to 2026-01-02 00:00:00+00:00, run_after=2026-01-03 00:00:00+00:00
[2026-01-02T20:27:22.132+0000] {processor.py:183} INFO - Processing /opt/airflow/dags/rugby_pipeline.py took 0.098 seconds
[2026-01-02T20:27:52.627+0000] {processor.py:161} INFO - Started process (PID=29093) to work on /opt/airflow/dags/rugby_pipeline.py
[2026-01-02T20:27:52.629+0000] {processor.py:830} INFO - Processing file /opt/airflow/dags/rugby_pipeline.py for tasks to queue
[2026-01-02T20:27:52.630+0000] {logging_mixin.py:188} INFO - [2026-01-02T20:27:52.629+0000] {dagbag.py:538} INFO - Filling up the DagBag from /opt/airflow/dags/rugby_pipeline.py
[2026-01-02T20:27:52.650+0000] {processor.py:840} INFO - DAG(s) 'rugby_pipeline' retrieved from /opt/airflow/dags/rugby_pipeline.py
[2026-01-02T20:27:52.675+0000] {logging_mixin.py:188} INFO - [2026-01-02T20:27:52.675+0000] {dag.py:3036} INFO - Sync 1 DAGs
[2026-01-02T20:27:52.699+0000] {logging_mixin.py:188} INFO - [2026-01-02T20:27:52.699+0000] {dag.py:3823} INFO - Setting next_dagrun for rugby_pipeline to 2026-01-02 00:00:00+00:00, run_after=2026-01-03 00:00:00+00:00
[2026-01-02T20:27:52.730+0000] {processor.py:183} INFO - Processing /opt/airflow/dags/rugby_pipeline.py took 0.107 seconds
[2026-01-02T20:28:23.038+0000] {processor.py:161} INFO - Started process (PID=29113) to work on /opt/airflow/dags/rugby_pipeline.py
[2026-01-02T20:28:23.039+0000] {processor.py:830} INFO - Processing file /opt/airflow/dags/rugby_pipeline.py for tasks to queue
[2026-01-02T20:28:23.040+0000] {logging_mixin.py:188} INFO - [2026-01-02T20:28:23.040+0000] {dagbag.py:538} INFO - Filling up the DagBag from /opt/airflow/dags/rugby_pipeline.py
[2026-01-02T20:28:23.059+0000] {processor.py:840} INFO - DAG(s) 'rugby_pipeline' retrieved from /opt/airflow/dags/rugby_pipeline.py
[2026-01-02T20:28:23.081+0000] {logging_mixin.py:188} INFO - [2026-01-02T20:28:23.081+0000] {dag.py:3036} INFO - Sync 1 DAGs
[2026-01-02T20:28:23.103+0000] {logging_mixin.py:188} INFO - [2026-01-02T20:28:23.103+0000] {dag.py:3823} INFO - Setting next_dagrun for rugby_pipeline to 2026-01-02 00:00:00+00:00, run_after=2026-01-03 00:00:00+00:00
[2026-01-02T20:28:23.122+0000] {processor.py:183} INFO - Processing /opt/airflow/dags/rugby_pipeline.py took 0.089 seconds
[2026-01-02T20:28:53.552+0000] {processor.py:161} INFO - Started process (PID=29133) to work on /opt/airflow/dags/rugby_pipeline.py
[2026-01-02T20:28:53.554+0000] {processor.py:830} INFO - Processing file /opt/airflow/dags/rugby_pipeline.py for tasks to queue
[2026-01-02T20:28:53.555+0000] {logging_mixin.py:188} INFO - [2026-01-02T20:28:53.555+0000] {dagbag.py:538} INFO - Filling up the DagBag from /opt/airflow/dags/rugby_pipeline.py
[2026-01-02T20:28:53.575+0000] {processor.py:840} INFO - DAG(s) 'rugby_pipeline' retrieved from /opt/airflow/dags/rugby_pipeline.py
[2026-01-02T20:28:53.599+0000] {logging_mixin.py:188} INFO - [2026-01-02T20:28:53.598+0000] {dag.py:3036} INFO - Sync 1 DAGs
[2026-01-02T20:28:53.623+0000] {logging_mixin.py:188} INFO - [2026-01-02T20:28:53.623+0000] {dag.py:3823} INFO - Setting next_dagrun for rugby_pipeline to 2026-01-02 00:00:00+00:00, run_after=2026-01-03 00:00:00+00:00
[2026-01-02T20:28:53.654+0000] {processor.py:183} INFO - Processing /opt/airflow/dags/rugby_pipeline.py took 0.105 seconds
[2026-01-02T20:29:23.954+0000] {processor.py:161} INFO - Started process (PID=29153) to work on /opt/airflow/dags/rugby_pipeline.py
[2026-01-02T20:29:23.956+0000] {processor.py:830} INFO - Processing file /opt/airflow/dags/rugby_pipeline.py for tasks to queue
[2026-01-02T20:29:23.957+0000] {logging_mixin.py:188} INFO - [2026-01-02T20:29:23.957+0000] {dagbag.py:538} INFO - Filling up the DagBag from /opt/airflow/dags/rugby_pipeline.py
[2026-01-02T20:29:23.979+0000] {processor.py:840} INFO - DAG(s) 'rugby_pipeline' retrieved from /opt/airflow/dags/rugby_pipeline.py
[2026-01-02T20:29:24.001+0000] {logging_mixin.py:188} INFO - [2026-01-02T20:29:24.001+0000] {dag.py:3036} INFO - Sync 1 DAGs
[2026-01-02T20:29:24.023+0000] {logging_mixin.py:188} INFO - [2026-01-02T20:29:24.023+0000] {dag.py:3823} INFO - Setting next_dagrun for rugby_pipeline to 2026-01-02 00:00:00+00:00, run_after=2026-01-03 00:00:00+00:00
[2026-01-02T20:29:24.045+0000] {processor.py:183} INFO - Processing /opt/airflow/dags/rugby_pipeline.py took 0.094 seconds
[2026-01-02T20:29:54.386+0000] {processor.py:161} INFO - Started process (PID=29173) to work on /opt/airflow/dags/rugby_pipeline.py
[2026-01-02T20:29:54.387+0000] {processor.py:830} INFO - Processing file /opt/airflow/dags/rugby_pipeline.py for tasks to queue
[2026-01-02T20:29:54.389+0000] {logging_mixin.py:188} INFO - [2026-01-02T20:29:54.388+0000] {dagbag.py:538} INFO - Filling up the DagBag from /opt/airflow/dags/rugby_pipeline.py
[2026-01-02T20:29:54.409+0000] {processor.py:840} INFO - DAG(s) 'rugby_pipeline' retrieved from /opt/airflow/dags/rugby_pipeline.py
[2026-01-02T20:29:54.430+0000] {logging_mixin.py:188} INFO - [2026-01-02T20:29:54.430+0000] {dag.py:3036} INFO - Sync 1 DAGs
[2026-01-02T20:29:54.452+0000] {logging_mixin.py:188} INFO - [2026-01-02T20:29:54.451+0000] {dag.py:3823} INFO - Setting next_dagrun for rugby_pipeline to 2026-01-02 00:00:00+00:00, run_after=2026-01-03 00:00:00+00:00
[2026-01-02T20:29:54.481+0000] {processor.py:183} INFO - Processing /opt/airflow/dags/rugby_pipeline.py took 0.099 seconds
[2026-01-02T20:30:24.902+0000] {processor.py:161} INFO - Started process (PID=29193) to work on /opt/airflow/dags/rugby_pipeline.py
[2026-01-02T20:30:24.903+0000] {processor.py:830} INFO - Processing file /opt/airflow/dags/rugby_pipeline.py for tasks to queue
[2026-01-02T20:30:24.905+0000] {logging_mixin.py:188} INFO - [2026-01-02T20:30:24.904+0000] {dagbag.py:538} INFO - Filling up the DagBag from /opt/airflow/dags/rugby_pipeline.py
[2026-01-02T20:30:24.925+0000] {processor.py:840} INFO - DAG(s) 'rugby_pipeline' retrieved from /opt/airflow/dags/rugby_pipeline.py
[2026-01-02T20:30:24.947+0000] {logging_mixin.py:188} INFO - [2026-01-02T20:30:24.947+0000] {dag.py:3036} INFO - Sync 1 DAGs
[2026-01-02T20:30:24.968+0000] {logging_mixin.py:188} INFO - [2026-01-02T20:30:24.967+0000] {dag.py:3823} INFO - Setting next_dagrun for rugby_pipeline to 2026-01-02 00:00:00+00:00, run_after=2026-01-03 00:00:00+00:00
[2026-01-02T20:30:24.986+0000] {processor.py:183} INFO - Processing /opt/airflow/dags/rugby_pipeline.py took 0.088 seconds
[2026-01-02T20:30:55.313+0000] {processor.py:161} INFO - Started process (PID=29213) to work on /opt/airflow/dags/rugby_pipeline.py
[2026-01-02T20:30:55.314+0000] {processor.py:830} INFO - Processing file /opt/airflow/dags/rugby_pipeline.py for tasks to queue
[2026-01-02T20:30:55.315+0000] {logging_mixin.py:188} INFO - [2026-01-02T20:30:55.315+0000] {dagbag.py:538} INFO - Filling up the DagBag from /opt/airflow/dags/rugby_pipeline.py
[2026-01-02T20:30:55.336+0000] {processor.py:840} INFO - DAG(s) 'rugby_pipeline' retrieved from /opt/airflow/dags/rugby_pipeline.py
[2026-01-02T20:30:55.359+0000] {logging_mixin.py:188} INFO - [2026-01-02T20:30:55.358+0000] {dag.py:3036} INFO - Sync 1 DAGs
[2026-01-02T20:30:55.382+0000] {logging_mixin.py:188} INFO - [2026-01-02T20:30:55.381+0000] {dag.py:3823} INFO - Setting next_dagrun for rugby_pipeline to 2026-01-02 00:00:00+00:00, run_after=2026-01-03 00:00:00+00:00
[2026-01-02T20:30:55.405+0000] {processor.py:183} INFO - Processing /opt/airflow/dags/rugby_pipeline.py took 0.095 seconds
[2026-01-02T20:31:25.714+0000] {processor.py:161} INFO - Started process (PID=29233) to work on /opt/airflow/dags/rugby_pipeline.py
[2026-01-02T20:31:25.715+0000] {processor.py:830} INFO - Processing file /opt/airflow/dags/rugby_pipeline.py for tasks to queue
[2026-01-02T20:31:25.717+0000] {logging_mixin.py:188} INFO - [2026-01-02T20:31:25.716+0000] {dagbag.py:538} INFO - Filling up the DagBag from /opt/airflow/dags/rugby_pipeline.py
[2026-01-02T20:31:25.737+0000] {processor.py:840} INFO - DAG(s) 'rugby_pipeline' retrieved from /opt/airflow/dags/rugby_pipeline.py
[2026-01-02T20:31:25.760+0000] {logging_mixin.py:188} INFO - [2026-01-02T20:31:25.759+0000] {dag.py:3036} INFO - Sync 1 DAGs
[2026-01-02T20:31:25.783+0000] {logging_mixin.py:188} INFO - [2026-01-02T20:31:25.782+0000] {dag.py:3823} INFO - Setting next_dagrun for rugby_pipeline to 2026-01-02 00:00:00+00:00, run_after=2026-01-03 00:00:00+00:00
[2026-01-02T20:31:25.812+0000] {processor.py:183} INFO - Processing /opt/airflow/dags/rugby_pipeline.py took 0.102 seconds
[2026-01-02T20:31:56.118+0000] {processor.py:161} INFO - Started process (PID=29253) to work on /opt/airflow/dags/rugby_pipeline.py
[2026-01-02T20:31:56.119+0000] {processor.py:830} INFO - Processing file /opt/airflow/dags/rugby_pipeline.py for tasks to queue
[2026-01-02T20:31:56.120+0000] {logging_mixin.py:188} INFO - [2026-01-02T20:31:56.119+0000] {dagbag.py:538} INFO - Filling up the DagBag from /opt/airflow/dags/rugby_pipeline.py
[2026-01-02T20:31:56.139+0000] {processor.py:840} INFO - DAG(s) 'rugby_pipeline' retrieved from /opt/airflow/dags/rugby_pipeline.py
[2026-01-02T20:31:56.167+0000] {logging_mixin.py:188} INFO - [2026-01-02T20:31:56.167+0000] {dag.py:3036} INFO - Sync 1 DAGs
[2026-01-02T20:31:56.188+0000] {logging_mixin.py:188} INFO - [2026-01-02T20:31:56.188+0000] {dag.py:3823} INFO - Setting next_dagrun for rugby_pipeline to 2026-01-02 00:00:00+00:00, run_after=2026-01-03 00:00:00+00:00
[2026-01-02T20:31:56.217+0000] {processor.py:183} INFO - Processing /opt/airflow/dags/rugby_pipeline.py took 0.103 seconds
[2026-01-02T20:32:26.520+0000] {processor.py:161} INFO - Started process (PID=29273) to work on /opt/airflow/dags/rugby_pipeline.py
[2026-01-02T20:32:26.522+0000] {processor.py:830} INFO - Processing file /opt/airflow/dags/rugby_pipeline.py for tasks to queue
[2026-01-02T20:32:26.523+0000] {logging_mixin.py:188} INFO - [2026-01-02T20:32:26.523+0000] {dagbag.py:538} INFO - Filling up the DagBag from /opt/airflow/dags/rugby_pipeline.py
[2026-01-02T20:32:26.544+0000] {processor.py:840} INFO - DAG(s) 'rugby_pipeline' retrieved from /opt/airflow/dags/rugby_pipeline.py
[2026-01-02T20:32:26.572+0000] {logging_mixin.py:188} INFO - [2026-01-02T20:32:26.571+0000] {dag.py:3036} INFO - Sync 1 DAGs
[2026-01-02T20:32:26.593+0000] {logging_mixin.py:188} INFO - [2026-01-02T20:32:26.593+0000] {dag.py:3823} INFO - Setting next_dagrun for rugby_pipeline to 2026-01-02 00:00:00+00:00, run_after=2026-01-03 00:00:00+00:00
[2026-01-02T20:32:26.624+0000] {processor.py:183} INFO - Processing /opt/airflow/dags/rugby_pipeline.py took 0.107 seconds
[2026-01-02T20:32:57.099+0000] {processor.py:161} INFO - Started process (PID=29293) to work on /opt/airflow/dags/rugby_pipeline.py
[2026-01-02T20:32:57.100+0000] {processor.py:830} INFO - Processing file /opt/airflow/dags/rugby_pipeline.py for tasks to queue
[2026-01-02T20:32:57.101+0000] {logging_mixin.py:188} INFO - [2026-01-02T20:32:57.101+0000] {dagbag.py:538} INFO - Filling up the DagBag from /opt/airflow/dags/rugby_pipeline.py
[2026-01-02T20:32:57.122+0000] {processor.py:840} INFO - DAG(s) 'rugby_pipeline' retrieved from /opt/airflow/dags/rugby_pipeline.py
[2026-01-02T20:32:57.145+0000] {logging_mixin.py:188} INFO - [2026-01-02T20:32:57.144+0000] {dag.py:3036} INFO - Sync 1 DAGs
[2026-01-02T20:32:57.167+0000] {logging_mixin.py:188} INFO - [2026-01-02T20:32:57.166+0000] {dag.py:3823} INFO - Setting next_dagrun for rugby_pipeline to 2026-01-02 00:00:00+00:00, run_after=2026-01-03 00:00:00+00:00
[2026-01-02T20:32:57.201+0000] {processor.py:183} INFO - Processing /opt/airflow/dags/rugby_pipeline.py took 0.105 seconds
[2026-01-02T20:33:27.612+0000] {processor.py:161} INFO - Started process (PID=29313) to work on /opt/airflow/dags/rugby_pipeline.py
[2026-01-02T20:33:27.613+0000] {processor.py:830} INFO - Processing file /opt/airflow/dags/rugby_pipeline.py for tasks to queue
[2026-01-02T20:33:27.614+0000] {logging_mixin.py:188} INFO - [2026-01-02T20:33:27.614+0000] {dagbag.py:538} INFO - Filling up the DagBag from /opt/airflow/dags/rugby_pipeline.py
[2026-01-02T20:33:27.635+0000] {processor.py:840} INFO - DAG(s) 'rugby_pipeline' retrieved from /opt/airflow/dags/rugby_pipeline.py
[2026-01-02T20:33:27.658+0000] {logging_mixin.py:188} INFO - [2026-01-02T20:33:27.657+0000] {dag.py:3036} INFO - Sync 1 DAGs
[2026-01-02T20:33:27.680+0000] {logging_mixin.py:188} INFO - [2026-01-02T20:33:27.680+0000] {dag.py:3823} INFO - Setting next_dagrun for rugby_pipeline to 2026-01-02 00:00:00+00:00, run_after=2026-01-03 00:00:00+00:00
[2026-01-02T20:33:27.700+0000] {processor.py:183} INFO - Processing /opt/airflow/dags/rugby_pipeline.py took 0.092 seconds
[2026-01-02T20:33:58.005+0000] {processor.py:161} INFO - Started process (PID=29333) to work on /opt/airflow/dags/rugby_pipeline.py
[2026-01-02T20:33:58.006+0000] {processor.py:830} INFO - Processing file /opt/airflow/dags/rugby_pipeline.py for tasks to queue
[2026-01-02T20:33:58.008+0000] {logging_mixin.py:188} INFO - [2026-01-02T20:33:58.007+0000] {dagbag.py:538} INFO - Filling up the DagBag from /opt/airflow/dags/rugby_pipeline.py
[2026-01-02T20:33:58.030+0000] {processor.py:840} INFO - DAG(s) 'rugby_pipeline' retrieved from /opt/airflow/dags/rugby_pipeline.py
[2026-01-02T20:33:58.053+0000] {logging_mixin.py:188} INFO - [2026-01-02T20:33:58.053+0000] {dag.py:3036} INFO - Sync 1 DAGs
[2026-01-02T20:33:58.076+0000] {logging_mixin.py:188} INFO - [2026-01-02T20:33:58.075+0000] {dag.py:3823} INFO - Setting next_dagrun for rugby_pipeline to 2026-01-02 00:00:00+00:00, run_after=2026-01-03 00:00:00+00:00
[2026-01-02T20:33:58.097+0000] {processor.py:183} INFO - Processing /opt/airflow/dags/rugby_pipeline.py took 0.096 seconds
[2026-01-02T20:34:28.406+0000] {processor.py:161} INFO - Started process (PID=29353) to work on /opt/airflow/dags/rugby_pipeline.py
[2026-01-02T20:34:28.408+0000] {processor.py:830} INFO - Processing file /opt/airflow/dags/rugby_pipeline.py for tasks to queue
[2026-01-02T20:34:28.409+0000] {logging_mixin.py:188} INFO - [2026-01-02T20:34:28.409+0000] {dagbag.py:538} INFO - Filling up the DagBag from /opt/airflow/dags/rugby_pipeline.py
[2026-01-02T20:34:28.428+0000] {processor.py:840} INFO - DAG(s) 'rugby_pipeline' retrieved from /opt/airflow/dags/rugby_pipeline.py
[2026-01-02T20:34:28.450+0000] {logging_mixin.py:188} INFO - [2026-01-02T20:34:28.450+0000] {dag.py:3036} INFO - Sync 1 DAGs
[2026-01-02T20:34:28.472+0000] {logging_mixin.py:188} INFO - [2026-01-02T20:34:28.472+0000] {dag.py:3823} INFO - Setting next_dagrun for rugby_pipeline to 2026-01-02 00:00:00+00:00, run_after=2026-01-03 00:00:00+00:00
[2026-01-02T20:34:28.491+0000] {processor.py:183} INFO - Processing /opt/airflow/dags/rugby_pipeline.py took 0.089 seconds
[2026-01-02T20:34:58.813+0000] {processor.py:161} INFO - Started process (PID=29373) to work on /opt/airflow/dags/rugby_pipeline.py
[2026-01-02T20:34:58.814+0000] {processor.py:830} INFO - Processing file /opt/airflow/dags/rugby_pipeline.py for tasks to queue
[2026-01-02T20:34:58.815+0000] {logging_mixin.py:188} INFO - [2026-01-02T20:34:58.815+0000] {dagbag.py:538} INFO - Filling up the DagBag from /opt/airflow/dags/rugby_pipeline.py
[2026-01-02T20:34:58.836+0000] {processor.py:840} INFO - DAG(s) 'rugby_pipeline' retrieved from /opt/airflow/dags/rugby_pipeline.py
[2026-01-02T20:34:58.858+0000] {logging_mixin.py:188} INFO - [2026-01-02T20:34:58.858+0000] {dag.py:3036} INFO - Sync 1 DAGs
[2026-01-02T20:34:58.882+0000] {logging_mixin.py:188} INFO - [2026-01-02T20:34:58.882+0000] {dag.py:3823} INFO - Setting next_dagrun for rugby_pipeline to 2026-01-02 00:00:00+00:00, run_after=2026-01-03 00:00:00+00:00
[2026-01-02T20:34:58.901+0000] {processor.py:183} INFO - Processing /opt/airflow/dags/rugby_pipeline.py took 0.092 seconds
[2026-01-02T20:35:29.233+0000] {processor.py:161} INFO - Started process (PID=29393) to work on /opt/airflow/dags/rugby_pipeline.py
[2026-01-02T20:35:29.235+0000] {processor.py:830} INFO - Processing file /opt/airflow/dags/rugby_pipeline.py for tasks to queue
[2026-01-02T20:35:29.235+0000] {logging_mixin.py:188} INFO - [2026-01-02T20:35:29.235+0000] {dagbag.py:538} INFO - Filling up the DagBag from /opt/airflow/dags/rugby_pipeline.py
[2026-01-02T20:35:29.256+0000] {processor.py:840} INFO - DAG(s) 'rugby_pipeline' retrieved from /opt/airflow/dags/rugby_pipeline.py
[2026-01-02T20:35:29.278+0000] {logging_mixin.py:188} INFO - [2026-01-02T20:35:29.277+0000] {dag.py:3036} INFO - Sync 1 DAGs
[2026-01-02T20:35:29.300+0000] {logging_mixin.py:188} INFO - [2026-01-02T20:35:29.300+0000] {dag.py:3823} INFO - Setting next_dagrun for rugby_pipeline to 2026-01-02 00:00:00+00:00, run_after=2026-01-03 00:00:00+00:00
[2026-01-02T20:35:29.330+0000] {processor.py:183} INFO - Processing /opt/airflow/dags/rugby_pipeline.py took 0.100 seconds
[2026-01-02T20:35:59.650+0000] {processor.py:161} INFO - Started process (PID=29413) to work on /opt/airflow/dags/rugby_pipeline.py
[2026-01-02T20:35:59.651+0000] {processor.py:830} INFO - Processing file /opt/airflow/dags/rugby_pipeline.py for tasks to queue
[2026-01-02T20:35:59.652+0000] {logging_mixin.py:188} INFO - [2026-01-02T20:35:59.652+0000] {dagbag.py:538} INFO - Filling up the DagBag from /opt/airflow/dags/rugby_pipeline.py
[2026-01-02T20:35:59.672+0000] {processor.py:840} INFO - DAG(s) 'rugby_pipeline' retrieved from /opt/airflow/dags/rugby_pipeline.py
[2026-01-02T20:35:59.695+0000] {logging_mixin.py:188} INFO - [2026-01-02T20:35:59.694+0000] {dag.py:3036} INFO - Sync 1 DAGs
[2026-01-02T20:35:59.717+0000] {logging_mixin.py:188} INFO - [2026-01-02T20:35:59.717+0000] {dag.py:3823} INFO - Setting next_dagrun for rugby_pipeline to 2026-01-02 00:00:00+00:00, run_after=2026-01-03 00:00:00+00:00
[2026-01-02T20:35:59.747+0000] {processor.py:183} INFO - Processing /opt/airflow/dags/rugby_pipeline.py took 0.101 seconds
[2026-01-02T20:36:30.172+0000] {processor.py:161} INFO - Started process (PID=29433) to work on /opt/airflow/dags/rugby_pipeline.py
[2026-01-02T20:36:30.173+0000] {processor.py:830} INFO - Processing file /opt/airflow/dags/rugby_pipeline.py for tasks to queue
[2026-01-02T20:36:30.174+0000] {logging_mixin.py:188} INFO - [2026-01-02T20:36:30.174+0000] {dagbag.py:538} INFO - Filling up the DagBag from /opt/airflow/dags/rugby_pipeline.py
[2026-01-02T20:36:30.195+0000] {processor.py:840} INFO - DAG(s) 'rugby_pipeline' retrieved from /opt/airflow/dags/rugby_pipeline.py
[2026-01-02T20:36:30.218+0000] {logging_mixin.py:188} INFO - [2026-01-02T20:36:30.218+0000] {dag.py:3036} INFO - Sync 1 DAGs
[2026-01-02T20:36:30.241+0000] {logging_mixin.py:188} INFO - [2026-01-02T20:36:30.241+0000] {dag.py:3823} INFO - Setting next_dagrun for rugby_pipeline to 2026-01-02 00:00:00+00:00, run_after=2026-01-03 00:00:00+00:00
[2026-01-02T20:36:30.272+0000] {processor.py:183} INFO - Processing /opt/airflow/dags/rugby_pipeline.py took 0.103 seconds
[2026-01-02T20:37:00.705+0000] {processor.py:161} INFO - Started process (PID=29453) to work on /opt/airflow/dags/rugby_pipeline.py
[2026-01-02T20:37:00.706+0000] {processor.py:830} INFO - Processing file /opt/airflow/dags/rugby_pipeline.py for tasks to queue
[2026-01-02T20:37:00.707+0000] {logging_mixin.py:188} INFO - [2026-01-02T20:37:00.707+0000] {dagbag.py:538} INFO - Filling up the DagBag from /opt/airflow/dags/rugby_pipeline.py
[2026-01-02T20:37:00.729+0000] {processor.py:840} INFO - DAG(s) 'rugby_pipeline' retrieved from /opt/airflow/dags/rugby_pipeline.py
[2026-01-02T20:37:00.751+0000] {logging_mixin.py:188} INFO - [2026-01-02T20:37:00.751+0000] {dag.py:3036} INFO - Sync 1 DAGs
[2026-01-02T20:37:00.773+0000] {logging_mixin.py:188} INFO - [2026-01-02T20:37:00.773+0000] {dag.py:3823} INFO - Setting next_dagrun for rugby_pipeline to 2026-01-02 00:00:00+00:00, run_after=2026-01-03 00:00:00+00:00
[2026-01-02T20:37:00.790+0000] {processor.py:183} INFO - Processing /opt/airflow/dags/rugby_pipeline.py took 0.089 seconds
[2026-01-02T20:37:31.285+0000] {processor.py:161} INFO - Started process (PID=29473) to work on /opt/airflow/dags/rugby_pipeline.py
[2026-01-02T20:37:31.286+0000] {processor.py:830} INFO - Processing file /opt/airflow/dags/rugby_pipeline.py for tasks to queue
[2026-01-02T20:37:31.287+0000] {logging_mixin.py:188} INFO - [2026-01-02T20:37:31.287+0000] {dagbag.py:538} INFO - Filling up the DagBag from /opt/airflow/dags/rugby_pipeline.py
[2026-01-02T20:37:31.306+0000] {processor.py:840} INFO - DAG(s) 'rugby_pipeline' retrieved from /opt/airflow/dags/rugby_pipeline.py
[2026-01-02T20:37:31.330+0000] {logging_mixin.py:188} INFO - [2026-01-02T20:37:31.330+0000] {dag.py:3036} INFO - Sync 1 DAGs
[2026-01-02T20:37:31.354+0000] {logging_mixin.py:188} INFO - [2026-01-02T20:37:31.353+0000] {dag.py:3823} INFO - Setting next_dagrun for rugby_pipeline to 2026-01-02 00:00:00+00:00, run_after=2026-01-03 00:00:00+00:00
[2026-01-02T20:37:31.372+0000] {processor.py:183} INFO - Processing /opt/airflow/dags/rugby_pipeline.py took 0.091 seconds
[2026-01-02T20:38:01.807+0000] {processor.py:161} INFO - Started process (PID=29493) to work on /opt/airflow/dags/rugby_pipeline.py
[2026-01-02T20:38:01.808+0000] {processor.py:830} INFO - Processing file /opt/airflow/dags/rugby_pipeline.py for tasks to queue
[2026-01-02T20:38:01.809+0000] {logging_mixin.py:188} INFO - [2026-01-02T20:38:01.809+0000] {dagbag.py:538} INFO - Filling up the DagBag from /opt/airflow/dags/rugby_pipeline.py
[2026-01-02T20:38:01.830+0000] {processor.py:840} INFO - DAG(s) 'rugby_pipeline' retrieved from /opt/airflow/dags/rugby_pipeline.py
[2026-01-02T20:38:01.853+0000] {logging_mixin.py:188} INFO - [2026-01-02T20:38:01.852+0000] {dag.py:3036} INFO - Sync 1 DAGs
[2026-01-02T20:38:01.874+0000] {logging_mixin.py:188} INFO - [2026-01-02T20:38:01.874+0000] {dag.py:3823} INFO - Setting next_dagrun for rugby_pipeline to 2026-01-02 00:00:00+00:00, run_after=2026-01-03 00:00:00+00:00
[2026-01-02T20:38:01.904+0000] {processor.py:183} INFO - Processing /opt/airflow/dags/rugby_pipeline.py took 0.101 seconds
[2026-01-02T20:38:32.203+0000] {processor.py:161} INFO - Started process (PID=29513) to work on /opt/airflow/dags/rugby_pipeline.py
[2026-01-02T20:38:32.205+0000] {processor.py:830} INFO - Processing file /opt/airflow/dags/rugby_pipeline.py for tasks to queue
[2026-01-02T20:38:32.206+0000] {logging_mixin.py:188} INFO - [2026-01-02T20:38:32.205+0000] {dagbag.py:538} INFO - Filling up the DagBag from /opt/airflow/dags/rugby_pipeline.py
[2026-01-02T20:38:32.227+0000] {processor.py:840} INFO - DAG(s) 'rugby_pipeline' retrieved from /opt/airflow/dags/rugby_pipeline.py
[2026-01-02T20:38:32.250+0000] {logging_mixin.py:188} INFO - [2026-01-02T20:38:32.250+0000] {dag.py:3036} INFO - Sync 1 DAGs
[2026-01-02T20:38:32.274+0000] {logging_mixin.py:188} INFO - [2026-01-02T20:38:32.274+0000] {dag.py:3823} INFO - Setting next_dagrun for rugby_pipeline to 2026-01-02 00:00:00+00:00, run_after=2026-01-03 00:00:00+00:00
[2026-01-02T20:38:32.293+0000] {processor.py:183} INFO - Processing /opt/airflow/dags/rugby_pipeline.py took 0.093 seconds
[2026-01-02T20:39:02.611+0000] {processor.py:161} INFO - Started process (PID=29533) to work on /opt/airflow/dags/rugby_pipeline.py
[2026-01-02T20:39:02.612+0000] {processor.py:830} INFO - Processing file /opt/airflow/dags/rugby_pipeline.py for tasks to queue
[2026-01-02T20:39:02.613+0000] {logging_mixin.py:188} INFO - [2026-01-02T20:39:02.613+0000] {dagbag.py:538} INFO - Filling up the DagBag from /opt/airflow/dags/rugby_pipeline.py
[2026-01-02T20:39:02.636+0000] {processor.py:840} INFO - DAG(s) 'rugby_pipeline' retrieved from /opt/airflow/dags/rugby_pipeline.py
[2026-01-02T20:39:02.659+0000] {logging_mixin.py:188} INFO - [2026-01-02T20:39:02.659+0000] {dag.py:3036} INFO - Sync 1 DAGs
[2026-01-02T20:39:02.682+0000] {logging_mixin.py:188} INFO - [2026-01-02T20:39:02.682+0000] {dag.py:3823} INFO - Setting next_dagrun for rugby_pipeline to 2026-01-02 00:00:00+00:00, run_after=2026-01-03 00:00:00+00:00
[2026-01-02T20:39:02.702+0000] {processor.py:183} INFO - Processing /opt/airflow/dags/rugby_pipeline.py took 0.095 seconds
[2026-01-02T20:39:33.030+0000] {processor.py:161} INFO - Started process (PID=29553) to work on /opt/airflow/dags/rugby_pipeline.py
[2026-01-02T20:39:33.031+0000] {processor.py:830} INFO - Processing file /opt/airflow/dags/rugby_pipeline.py for tasks to queue
[2026-01-02T20:39:33.032+0000] {logging_mixin.py:188} INFO - [2026-01-02T20:39:33.032+0000] {dagbag.py:538} INFO - Filling up the DagBag from /opt/airflow/dags/rugby_pipeline.py
[2026-01-02T20:39:33.053+0000] {processor.py:840} INFO - DAG(s) 'rugby_pipeline' retrieved from /opt/airflow/dags/rugby_pipeline.py
[2026-01-02T20:39:33.075+0000] {logging_mixin.py:188} INFO - [2026-01-02T20:39:33.075+0000] {dag.py:3036} INFO - Sync 1 DAGs
[2026-01-02T20:39:33.097+0000] {logging_mixin.py:188} INFO - [2026-01-02T20:39:33.097+0000] {dag.py:3823} INFO - Setting next_dagrun for rugby_pipeline to 2026-01-02 00:00:00+00:00, run_after=2026-01-03 00:00:00+00:00
[2026-01-02T20:39:33.126+0000] {processor.py:183} INFO - Processing /opt/airflow/dags/rugby_pipeline.py took 0.100 seconds
[2026-01-02T20:40:03.438+0000] {processor.py:161} INFO - Started process (PID=29573) to work on /opt/airflow/dags/rugby_pipeline.py
[2026-01-02T20:40:03.439+0000] {processor.py:830} INFO - Processing file /opt/airflow/dags/rugby_pipeline.py for tasks to queue
[2026-01-02T20:40:03.440+0000] {logging_mixin.py:188} INFO - [2026-01-02T20:40:03.439+0000] {dagbag.py:538} INFO - Filling up the DagBag from /opt/airflow/dags/rugby_pipeline.py
[2026-01-02T20:40:03.461+0000] {processor.py:840} INFO - DAG(s) 'rugby_pipeline' retrieved from /opt/airflow/dags/rugby_pipeline.py
[2026-01-02T20:40:03.485+0000] {logging_mixin.py:188} INFO - [2026-01-02T20:40:03.484+0000] {dag.py:3036} INFO - Sync 1 DAGs
[2026-01-02T20:40:03.508+0000] {logging_mixin.py:188} INFO - [2026-01-02T20:40:03.508+0000] {dag.py:3823} INFO - Setting next_dagrun for rugby_pipeline to 2026-01-02 00:00:00+00:00, run_after=2026-01-03 00:00:00+00:00
[2026-01-02T20:40:03.528+0000] {processor.py:183} INFO - Processing /opt/airflow/dags/rugby_pipeline.py took 0.095 seconds
[2026-01-02T20:40:33.972+0000] {processor.py:161} INFO - Started process (PID=29593) to work on /opt/airflow/dags/rugby_pipeline.py
[2026-01-02T20:40:33.973+0000] {processor.py:830} INFO - Processing file /opt/airflow/dags/rugby_pipeline.py for tasks to queue
[2026-01-02T20:40:33.974+0000] {logging_mixin.py:188} INFO - [2026-01-02T20:40:33.974+0000] {dagbag.py:538} INFO - Filling up the DagBag from /opt/airflow/dags/rugby_pipeline.py
[2026-01-02T20:40:33.995+0000] {processor.py:840} INFO - DAG(s) 'rugby_pipeline' retrieved from /opt/airflow/dags/rugby_pipeline.py
[2026-01-02T20:40:34.019+0000] {logging_mixin.py:188} INFO - [2026-01-02T20:40:34.019+0000] {dag.py:3036} INFO - Sync 1 DAGs
[2026-01-02T20:40:34.042+0000] {logging_mixin.py:188} INFO - [2026-01-02T20:40:34.042+0000] {dag.py:3823} INFO - Setting next_dagrun for rugby_pipeline to 2026-01-02 00:00:00+00:00, run_after=2026-01-03 00:00:00+00:00
[2026-01-02T20:40:34.062+0000] {processor.py:183} INFO - Processing /opt/airflow/dags/rugby_pipeline.py took 0.095 seconds
[2026-01-02T20:41:04.488+0000] {processor.py:161} INFO - Started process (PID=29613) to work on /opt/airflow/dags/rugby_pipeline.py
[2026-01-02T20:41:04.489+0000] {processor.py:830} INFO - Processing file /opt/airflow/dags/rugby_pipeline.py for tasks to queue
[2026-01-02T20:41:04.490+0000] {logging_mixin.py:188} INFO - [2026-01-02T20:41:04.490+0000] {dagbag.py:538} INFO - Filling up the DagBag from /opt/airflow/dags/rugby_pipeline.py
[2026-01-02T20:41:04.509+0000] {processor.py:840} INFO - DAG(s) 'rugby_pipeline' retrieved from /opt/airflow/dags/rugby_pipeline.py
[2026-01-02T20:41:04.533+0000] {logging_mixin.py:188} INFO - [2026-01-02T20:41:04.532+0000] {dag.py:3036} INFO - Sync 1 DAGs
[2026-01-02T20:41:04.557+0000] {logging_mixin.py:188} INFO - [2026-01-02T20:41:04.557+0000] {dag.py:3823} INFO - Setting next_dagrun for rugby_pipeline to 2026-01-02 00:00:00+00:00, run_after=2026-01-03 00:00:00+00:00
[2026-01-02T20:41:04.577+0000] {processor.py:183} INFO - Processing /opt/airflow/dags/rugby_pipeline.py took 0.093 seconds
[2026-01-02T20:41:35.002+0000] {processor.py:161} INFO - Started process (PID=29633) to work on /opt/airflow/dags/rugby_pipeline.py
[2026-01-02T20:41:35.004+0000] {processor.py:830} INFO - Processing file /opt/airflow/dags/rugby_pipeline.py for tasks to queue
[2026-01-02T20:41:35.005+0000] {logging_mixin.py:188} INFO - [2026-01-02T20:41:35.004+0000] {dagbag.py:538} INFO - Filling up the DagBag from /opt/airflow/dags/rugby_pipeline.py
[2026-01-02T20:41:35.026+0000] {processor.py:840} INFO - DAG(s) 'rugby_pipeline' retrieved from /opt/airflow/dags/rugby_pipeline.py
[2026-01-02T20:41:35.049+0000] {logging_mixin.py:188} INFO - [2026-01-02T20:41:35.048+0000] {dag.py:3036} INFO - Sync 1 DAGs
[2026-01-02T20:41:35.074+0000] {logging_mixin.py:188} INFO - [2026-01-02T20:41:35.074+0000] {dag.py:3823} INFO - Setting next_dagrun for rugby_pipeline to 2026-01-02 00:00:00+00:00, run_after=2026-01-03 00:00:00+00:00
[2026-01-02T20:41:35.106+0000] {processor.py:183} INFO - Processing /opt/airflow/dags/rugby_pipeline.py took 0.108 seconds
[2026-01-02T20:42:05.406+0000] {processor.py:161} INFO - Started process (PID=29653) to work on /opt/airflow/dags/rugby_pipeline.py
[2026-01-02T20:42:05.408+0000] {processor.py:830} INFO - Processing file /opt/airflow/dags/rugby_pipeline.py for tasks to queue
[2026-01-02T20:42:05.409+0000] {logging_mixin.py:188} INFO - [2026-01-02T20:42:05.408+0000] {dagbag.py:538} INFO - Filling up the DagBag from /opt/airflow/dags/rugby_pipeline.py
[2026-01-02T20:42:05.429+0000] {processor.py:840} INFO - DAG(s) 'rugby_pipeline' retrieved from /opt/airflow/dags/rugby_pipeline.py
[2026-01-02T20:42:05.452+0000] {logging_mixin.py:188} INFO - [2026-01-02T20:42:05.452+0000] {dag.py:3036} INFO - Sync 1 DAGs
[2026-01-02T20:42:05.476+0000] {logging_mixin.py:188} INFO - [2026-01-02T20:42:05.476+0000] {dag.py:3823} INFO - Setting next_dagrun for rugby_pipeline to 2026-01-02 00:00:00+00:00, run_after=2026-01-03 00:00:00+00:00
[2026-01-02T20:42:05.508+0000] {processor.py:183} INFO - Processing /opt/airflow/dags/rugby_pipeline.py took 0.105 seconds
[2026-01-02T20:42:35.882+0000] {processor.py:161} INFO - Started process (PID=29673) to work on /opt/airflow/dags/rugby_pipeline.py
[2026-01-02T20:42:35.883+0000] {processor.py:830} INFO - Processing file /opt/airflow/dags/rugby_pipeline.py for tasks to queue
[2026-01-02T20:42:35.885+0000] {logging_mixin.py:188} INFO - [2026-01-02T20:42:35.884+0000] {dagbag.py:538} INFO - Filling up the DagBag from /opt/airflow/dags/rugby_pipeline.py
[2026-01-02T20:42:35.906+0000] {processor.py:840} INFO - DAG(s) 'rugby_pipeline' retrieved from /opt/airflow/dags/rugby_pipeline.py
[2026-01-02T20:42:35.929+0000] {logging_mixin.py:188} INFO - [2026-01-02T20:42:35.929+0000] {dag.py:3036} INFO - Sync 1 DAGs
[2026-01-02T20:42:35.952+0000] {logging_mixin.py:188} INFO - [2026-01-02T20:42:35.952+0000] {dag.py:3823} INFO - Setting next_dagrun for rugby_pipeline to 2026-01-02 00:00:00+00:00, run_after=2026-01-03 00:00:00+00:00
[2026-01-02T20:42:35.981+0000] {processor.py:183} INFO - Processing /opt/airflow/dags/rugby_pipeline.py took 0.103 seconds
[2026-01-02T20:43:06.449+0000] {processor.py:161} INFO - Started process (PID=29693) to work on /opt/airflow/dags/rugby_pipeline.py
[2026-01-02T20:43:06.451+0000] {processor.py:830} INFO - Processing file /opt/airflow/dags/rugby_pipeline.py for tasks to queue
[2026-01-02T20:43:06.452+0000] {logging_mixin.py:188} INFO - [2026-01-02T20:43:06.452+0000] {dagbag.py:538} INFO - Filling up the DagBag from /opt/airflow/dags/rugby_pipeline.py
[2026-01-02T20:43:06.473+0000] {processor.py:840} INFO - DAG(s) 'rugby_pipeline' retrieved from /opt/airflow/dags/rugby_pipeline.py
[2026-01-02T20:43:06.499+0000] {logging_mixin.py:188} INFO - [2026-01-02T20:43:06.499+0000] {dag.py:3036} INFO - Sync 1 DAGs
[2026-01-02T20:43:06.525+0000] {logging_mixin.py:188} INFO - [2026-01-02T20:43:06.525+0000] {dag.py:3823} INFO - Setting next_dagrun for rugby_pipeline to 2026-01-02 00:00:00+00:00, run_after=2026-01-03 00:00:00+00:00
[2026-01-02T20:43:06.545+0000] {processor.py:183} INFO - Processing /opt/airflow/dags/rugby_pipeline.py took 0.099 seconds
[2026-01-02T20:43:36.866+0000] {processor.py:161} INFO - Started process (PID=29713) to work on /opt/airflow/dags/rugby_pipeline.py
[2026-01-02T20:43:36.867+0000] {processor.py:830} INFO - Processing file /opt/airflow/dags/rugby_pipeline.py for tasks to queue
[2026-01-02T20:43:36.868+0000] {logging_mixin.py:188} INFO - [2026-01-02T20:43:36.868+0000] {dagbag.py:538} INFO - Filling up the DagBag from /opt/airflow/dags/rugby_pipeline.py
[2026-01-02T20:43:36.889+0000] {processor.py:840} INFO - DAG(s) 'rugby_pipeline' retrieved from /opt/airflow/dags/rugby_pipeline.py
[2026-01-02T20:43:36.913+0000] {logging_mixin.py:188} INFO - [2026-01-02T20:43:36.913+0000] {dag.py:3036} INFO - Sync 1 DAGs
[2026-01-02T20:43:36.935+0000] {logging_mixin.py:188} INFO - [2026-01-02T20:43:36.935+0000] {dag.py:3823} INFO - Setting next_dagrun for rugby_pipeline to 2026-01-02 00:00:00+00:00, run_after=2026-01-03 00:00:00+00:00
[2026-01-02T20:43:36.966+0000] {processor.py:183} INFO - Processing /opt/airflow/dags/rugby_pipeline.py took 0.103 seconds
[2026-01-02T20:44:07.393+0000] {processor.py:161} INFO - Started process (PID=29733) to work on /opt/airflow/dags/rugby_pipeline.py
[2026-01-02T20:44:07.395+0000] {processor.py:830} INFO - Processing file /opt/airflow/dags/rugby_pipeline.py for tasks to queue
[2026-01-02T20:44:07.396+0000] {logging_mixin.py:188} INFO - [2026-01-02T20:44:07.396+0000] {dagbag.py:538} INFO - Filling up the DagBag from /opt/airflow/dags/rugby_pipeline.py
[2026-01-02T20:44:07.422+0000] {processor.py:840} INFO - DAG(s) 'rugby_pipeline' retrieved from /opt/airflow/dags/rugby_pipeline.py
[2026-01-02T20:44:07.446+0000] {logging_mixin.py:188} INFO - [2026-01-02T20:44:07.446+0000] {dag.py:3036} INFO - Sync 1 DAGs
[2026-01-02T20:44:07.469+0000] {logging_mixin.py:188} INFO - [2026-01-02T20:44:07.469+0000] {dag.py:3823} INFO - Setting next_dagrun for rugby_pipeline to 2026-01-02 00:00:00+00:00, run_after=2026-01-03 00:00:00+00:00
[2026-01-02T20:44:07.490+0000] {processor.py:183} INFO - Processing /opt/airflow/dags/rugby_pipeline.py took 0.102 seconds
[2026-01-02T20:44:37.819+0000] {processor.py:161} INFO - Started process (PID=29753) to work on /opt/airflow/dags/rugby_pipeline.py
[2026-01-02T20:44:37.821+0000] {processor.py:830} INFO - Processing file /opt/airflow/dags/rugby_pipeline.py for tasks to queue
[2026-01-02T20:44:37.822+0000] {logging_mixin.py:188} INFO - [2026-01-02T20:44:37.821+0000] {dagbag.py:538} INFO - Filling up the DagBag from /opt/airflow/dags/rugby_pipeline.py
[2026-01-02T20:44:37.843+0000] {processor.py:840} INFO - DAG(s) 'rugby_pipeline' retrieved from /opt/airflow/dags/rugby_pipeline.py
[2026-01-02T20:44:37.866+0000] {logging_mixin.py:188} INFO - [2026-01-02T20:44:37.865+0000] {dag.py:3036} INFO - Sync 1 DAGs
[2026-01-02T20:44:37.888+0000] {logging_mixin.py:188} INFO - [2026-01-02T20:44:37.887+0000] {dag.py:3823} INFO - Setting next_dagrun for rugby_pipeline to 2026-01-02 00:00:00+00:00, run_after=2026-01-03 00:00:00+00:00
[2026-01-02T20:44:37.918+0000] {processor.py:183} INFO - Processing /opt/airflow/dags/rugby_pipeline.py took 0.103 seconds
[2026-01-02T20:45:08.242+0000] {processor.py:161} INFO - Started process (PID=29773) to work on /opt/airflow/dags/rugby_pipeline.py
[2026-01-02T20:45:08.244+0000] {processor.py:830} INFO - Processing file /opt/airflow/dags/rugby_pipeline.py for tasks to queue
[2026-01-02T20:45:08.245+0000] {logging_mixin.py:188} INFO - [2026-01-02T20:45:08.244+0000] {dagbag.py:538} INFO - Filling up the DagBag from /opt/airflow/dags/rugby_pipeline.py
[2026-01-02T20:45:08.266+0000] {processor.py:840} INFO - DAG(s) 'rugby_pipeline' retrieved from /opt/airflow/dags/rugby_pipeline.py
[2026-01-02T20:45:08.289+0000] {logging_mixin.py:188} INFO - [2026-01-02T20:45:08.288+0000] {dag.py:3036} INFO - Sync 1 DAGs
[2026-01-02T20:45:08.312+0000] {logging_mixin.py:188} INFO - [2026-01-02T20:45:08.312+0000] {dag.py:3823} INFO - Setting next_dagrun for rugby_pipeline to 2026-01-02 00:00:00+00:00, run_after=2026-01-03 00:00:00+00:00
[2026-01-02T20:45:08.342+0000] {processor.py:183} INFO - Processing /opt/airflow/dags/rugby_pipeline.py took 0.103 seconds
[2026-01-02T20:45:38.654+0000] {processor.py:161} INFO - Started process (PID=29793) to work on /opt/airflow/dags/rugby_pipeline.py
[2026-01-02T20:45:38.656+0000] {processor.py:830} INFO - Processing file /opt/airflow/dags/rugby_pipeline.py for tasks to queue
[2026-01-02T20:45:38.657+0000] {logging_mixin.py:188} INFO - [2026-01-02T20:45:38.656+0000] {dagbag.py:538} INFO - Filling up the DagBag from /opt/airflow/dags/rugby_pipeline.py
[2026-01-02T20:45:38.677+0000] {processor.py:840} INFO - DAG(s) 'rugby_pipeline' retrieved from /opt/airflow/dags/rugby_pipeline.py
[2026-01-02T20:45:38.699+0000] {logging_mixin.py:188} INFO - [2026-01-02T20:45:38.699+0000] {dag.py:3036} INFO - Sync 1 DAGs
[2026-01-02T20:45:38.722+0000] {logging_mixin.py:188} INFO - [2026-01-02T20:45:38.722+0000] {dag.py:3823} INFO - Setting next_dagrun for rugby_pipeline to 2026-01-02 00:00:00+00:00, run_after=2026-01-03 00:00:00+00:00
[2026-01-02T20:45:38.743+0000] {processor.py:183} INFO - Processing /opt/airflow/dags/rugby_pipeline.py took 0.093 seconds
[2026-01-02T20:46:09.071+0000] {processor.py:161} INFO - Started process (PID=29813) to work on /opt/airflow/dags/rugby_pipeline.py
[2026-01-02T20:46:09.073+0000] {processor.py:830} INFO - Processing file /opt/airflow/dags/rugby_pipeline.py for tasks to queue
[2026-01-02T20:46:09.074+0000] {logging_mixin.py:188} INFO - [2026-01-02T20:46:09.073+0000] {dagbag.py:538} INFO - Filling up the DagBag from /opt/airflow/dags/rugby_pipeline.py
[2026-01-02T20:46:09.094+0000] {processor.py:840} INFO - DAG(s) 'rugby_pipeline' retrieved from /opt/airflow/dags/rugby_pipeline.py
[2026-01-02T20:46:09.117+0000] {logging_mixin.py:188} INFO - [2026-01-02T20:46:09.117+0000] {dag.py:3036} INFO - Sync 1 DAGs
[2026-01-02T20:46:09.140+0000] {logging_mixin.py:188} INFO - [2026-01-02T20:46:09.140+0000] {dag.py:3823} INFO - Setting next_dagrun for rugby_pipeline to 2026-01-02 00:00:00+00:00, run_after=2026-01-03 00:00:00+00:00
[2026-01-02T20:46:09.171+0000] {processor.py:183} INFO - Processing /opt/airflow/dags/rugby_pipeline.py took 0.103 seconds
[2026-01-02T20:46:39.478+0000] {processor.py:161} INFO - Started process (PID=29833) to work on /opt/airflow/dags/rugby_pipeline.py
[2026-01-02T20:46:39.479+0000] {processor.py:830} INFO - Processing file /opt/airflow/dags/rugby_pipeline.py for tasks to queue
[2026-01-02T20:46:39.480+0000] {logging_mixin.py:188} INFO - [2026-01-02T20:46:39.480+0000] {dagbag.py:538} INFO - Filling up the DagBag from /opt/airflow/dags/rugby_pipeline.py
[2026-01-02T20:46:39.500+0000] {processor.py:840} INFO - DAG(s) 'rugby_pipeline' retrieved from /opt/airflow/dags/rugby_pipeline.py
[2026-01-02T20:46:39.526+0000] {logging_mixin.py:188} INFO - [2026-01-02T20:46:39.526+0000] {dag.py:3036} INFO - Sync 1 DAGs
[2026-01-02T20:46:39.552+0000] {logging_mixin.py:188} INFO - [2026-01-02T20:46:39.551+0000] {dag.py:3823} INFO - Setting next_dagrun for rugby_pipeline to 2026-01-02 00:00:00+00:00, run_after=2026-01-03 00:00:00+00:00
[2026-01-02T20:46:39.572+0000] {processor.py:183} INFO - Processing /opt/airflow/dags/rugby_pipeline.py took 0.099 seconds
[2026-01-02T20:47:09.999+0000] {processor.py:161} INFO - Started process (PID=29853) to work on /opt/airflow/dags/rugby_pipeline.py
[2026-01-02T20:47:10.000+0000] {processor.py:830} INFO - Processing file /opt/airflow/dags/rugby_pipeline.py for tasks to queue
[2026-01-02T20:47:10.001+0000] {logging_mixin.py:188} INFO - [2026-01-02T20:47:10.001+0000] {dagbag.py:538} INFO - Filling up the DagBag from /opt/airflow/dags/rugby_pipeline.py
[2026-01-02T20:47:10.021+0000] {processor.py:840} INFO - DAG(s) 'rugby_pipeline' retrieved from /opt/airflow/dags/rugby_pipeline.py
[2026-01-02T20:47:10.050+0000] {logging_mixin.py:188} INFO - [2026-01-02T20:47:10.049+0000] {dag.py:3036} INFO - Sync 1 DAGs
[2026-01-02T20:47:10.072+0000] {logging_mixin.py:188} INFO - [2026-01-02T20:47:10.071+0000] {dag.py:3823} INFO - Setting next_dagrun for rugby_pipeline to 2026-01-02 00:00:00+00:00, run_after=2026-01-03 00:00:00+00:00
[2026-01-02T20:47:10.092+0000] {processor.py:183} INFO - Processing /opt/airflow/dags/rugby_pipeline.py took 0.096 seconds
[2026-01-02T20:47:40.482+0000] {processor.py:161} INFO - Started process (PID=29873) to work on /opt/airflow/dags/rugby_pipeline.py
[2026-01-02T20:47:40.483+0000] {processor.py:830} INFO - Processing file /opt/airflow/dags/rugby_pipeline.py for tasks to queue
[2026-01-02T20:47:40.484+0000] {logging_mixin.py:188} INFO - [2026-01-02T20:47:40.484+0000] {dagbag.py:538} INFO - Filling up the DagBag from /opt/airflow/dags/rugby_pipeline.py
[2026-01-02T20:47:40.506+0000] {processor.py:840} INFO - DAG(s) 'rugby_pipeline' retrieved from /opt/airflow/dags/rugby_pipeline.py
[2026-01-02T20:47:40.534+0000] {logging_mixin.py:188} INFO - [2026-01-02T20:47:40.533+0000] {dag.py:3036} INFO - Sync 1 DAGs
[2026-01-02T20:47:40.557+0000] {logging_mixin.py:188} INFO - [2026-01-02T20:47:40.557+0000] {dag.py:3823} INFO - Setting next_dagrun for rugby_pipeline to 2026-01-02 00:00:00+00:00, run_after=2026-01-03 00:00:00+00:00
[2026-01-02T20:47:40.577+0000] {processor.py:183} INFO - Processing /opt/airflow/dags/rugby_pipeline.py took 0.099 seconds
[2026-01-02T20:48:10.894+0000] {processor.py:161} INFO - Started process (PID=29893) to work on /opt/airflow/dags/rugby_pipeline.py
[2026-01-02T20:48:10.896+0000] {processor.py:830} INFO - Processing file /opt/airflow/dags/rugby_pipeline.py for tasks to queue
[2026-01-02T20:48:10.897+0000] {logging_mixin.py:188} INFO - [2026-01-02T20:48:10.896+0000] {dagbag.py:538} INFO - Filling up the DagBag from /opt/airflow/dags/rugby_pipeline.py
[2026-01-02T20:48:10.917+0000] {processor.py:840} INFO - DAG(s) 'rugby_pipeline' retrieved from /opt/airflow/dags/rugby_pipeline.py
[2026-01-02T20:48:10.943+0000] {logging_mixin.py:188} INFO - [2026-01-02T20:48:10.943+0000] {dag.py:3036} INFO - Sync 1 DAGs
[2026-01-02T20:48:10.967+0000] {logging_mixin.py:188} INFO - [2026-01-02T20:48:10.966+0000] {dag.py:3823} INFO - Setting next_dagrun for rugby_pipeline to 2026-01-02 00:00:00+00:00, run_after=2026-01-03 00:00:00+00:00
[2026-01-02T20:48:10.985+0000] {processor.py:183} INFO - Processing /opt/airflow/dags/rugby_pipeline.py took 0.094 seconds
[2026-01-02T20:48:41.310+0000] {processor.py:161} INFO - Started process (PID=29913) to work on /opt/airflow/dags/rugby_pipeline.py
[2026-01-02T20:48:41.311+0000] {processor.py:830} INFO - Processing file /opt/airflow/dags/rugby_pipeline.py for tasks to queue
[2026-01-02T20:48:41.312+0000] {logging_mixin.py:188} INFO - [2026-01-02T20:48:41.312+0000] {dagbag.py:538} INFO - Filling up the DagBag from /opt/airflow/dags/rugby_pipeline.py
[2026-01-02T20:48:41.333+0000] {processor.py:840} INFO - DAG(s) 'rugby_pipeline' retrieved from /opt/airflow/dags/rugby_pipeline.py
[2026-01-02T20:48:41.357+0000] {logging_mixin.py:188} INFO - [2026-01-02T20:48:41.357+0000] {dag.py:3036} INFO - Sync 1 DAGs
[2026-01-02T20:48:41.379+0000] {logging_mixin.py:188} INFO - [2026-01-02T20:48:41.379+0000] {dag.py:3823} INFO - Setting next_dagrun for rugby_pipeline to 2026-01-02 00:00:00+00:00, run_after=2026-01-03 00:00:00+00:00
[2026-01-02T20:48:41.397+0000] {processor.py:183} INFO - Processing /opt/airflow/dags/rugby_pipeline.py took 0.092 seconds
[2026-01-02T20:49:11.729+0000] {processor.py:161} INFO - Started process (PID=29933) to work on /opt/airflow/dags/rugby_pipeline.py
[2026-01-02T20:49:11.730+0000] {processor.py:830} INFO - Processing file /opt/airflow/dags/rugby_pipeline.py for tasks to queue
[2026-01-02T20:49:11.732+0000] {logging_mixin.py:188} INFO - [2026-01-02T20:49:11.731+0000] {dagbag.py:538} INFO - Filling up the DagBag from /opt/airflow/dags/rugby_pipeline.py
[2026-01-02T20:49:11.755+0000] {processor.py:840} INFO - DAG(s) 'rugby_pipeline' retrieved from /opt/airflow/dags/rugby_pipeline.py
[2026-01-02T20:49:11.779+0000] {logging_mixin.py:188} INFO - [2026-01-02T20:49:11.779+0000] {dag.py:3036} INFO - Sync 1 DAGs
[2026-01-02T20:49:11.803+0000] {logging_mixin.py:188} INFO - [2026-01-02T20:49:11.803+0000] {dag.py:3823} INFO - Setting next_dagrun for rugby_pipeline to 2026-01-02 00:00:00+00:00, run_after=2026-01-03 00:00:00+00:00
[2026-01-02T20:49:11.824+0000] {processor.py:183} INFO - Processing /opt/airflow/dags/rugby_pipeline.py took 0.099 seconds
[2026-01-02T20:49:42.148+0000] {processor.py:161} INFO - Started process (PID=29953) to work on /opt/airflow/dags/rugby_pipeline.py
[2026-01-02T20:49:42.149+0000] {processor.py:830} INFO - Processing file /opt/airflow/dags/rugby_pipeline.py for tasks to queue
[2026-01-02T20:49:42.150+0000] {logging_mixin.py:188} INFO - [2026-01-02T20:49:42.150+0000] {dagbag.py:538} INFO - Filling up the DagBag from /opt/airflow/dags/rugby_pipeline.py
[2026-01-02T20:49:42.171+0000] {processor.py:840} INFO - DAG(s) 'rugby_pipeline' retrieved from /opt/airflow/dags/rugby_pipeline.py
[2026-01-02T20:49:42.194+0000] {logging_mixin.py:188} INFO - [2026-01-02T20:49:42.194+0000] {dag.py:3036} INFO - Sync 1 DAGs
[2026-01-02T20:49:42.217+0000] {logging_mixin.py:188} INFO - [2026-01-02T20:49:42.217+0000] {dag.py:3823} INFO - Setting next_dagrun for rugby_pipeline to 2026-01-02 00:00:00+00:00, run_after=2026-01-03 00:00:00+00:00
[2026-01-02T20:49:42.246+0000] {processor.py:183} INFO - Processing /opt/airflow/dags/rugby_pipeline.py took 0.103 seconds
[2026-01-02T20:50:12.568+0000] {processor.py:161} INFO - Started process (PID=29973) to work on /opt/airflow/dags/rugby_pipeline.py
[2026-01-02T20:50:12.570+0000] {processor.py:830} INFO - Processing file /opt/airflow/dags/rugby_pipeline.py for tasks to queue
[2026-01-02T20:50:12.571+0000] {logging_mixin.py:188} INFO - [2026-01-02T20:50:12.570+0000] {dagbag.py:538} INFO - Filling up the DagBag from /opt/airflow/dags/rugby_pipeline.py
[2026-01-02T20:50:12.593+0000] {processor.py:840} INFO - DAG(s) 'rugby_pipeline' retrieved from /opt/airflow/dags/rugby_pipeline.py
[2026-01-02T20:50:12.615+0000] {logging_mixin.py:188} INFO - [2026-01-02T20:50:12.615+0000] {dag.py:3036} INFO - Sync 1 DAGs
[2026-01-02T20:50:12.638+0000] {logging_mixin.py:188} INFO - [2026-01-02T20:50:12.637+0000] {dag.py:3823} INFO - Setting next_dagrun for rugby_pipeline to 2026-01-02 00:00:00+00:00, run_after=2026-01-03 00:00:00+00:00
[2026-01-02T20:50:12.669+0000] {processor.py:183} INFO - Processing /opt/airflow/dags/rugby_pipeline.py took 0.104 seconds
[2026-01-02T20:50:42.986+0000] {processor.py:161} INFO - Started process (PID=29993) to work on /opt/airflow/dags/rugby_pipeline.py
[2026-01-02T20:50:42.988+0000] {processor.py:830} INFO - Processing file /opt/airflow/dags/rugby_pipeline.py for tasks to queue
[2026-01-02T20:50:42.989+0000] {logging_mixin.py:188} INFO - [2026-01-02T20:50:42.988+0000] {dagbag.py:538} INFO - Filling up the DagBag from /opt/airflow/dags/rugby_pipeline.py
[2026-01-02T20:50:43.012+0000] {processor.py:840} INFO - DAG(s) 'rugby_pipeline' retrieved from /opt/airflow/dags/rugby_pipeline.py
[2026-01-02T20:50:43.037+0000] {logging_mixin.py:188} INFO - [2026-01-02T20:50:43.037+0000] {dag.py:3036} INFO - Sync 1 DAGs
[2026-01-02T20:50:43.059+0000] {logging_mixin.py:188} INFO - [2026-01-02T20:50:43.059+0000] {dag.py:3823} INFO - Setting next_dagrun for rugby_pipeline to 2026-01-02 00:00:00+00:00, run_after=2026-01-03 00:00:00+00:00
[2026-01-02T20:50:43.089+0000] {processor.py:183} INFO - Processing /opt/airflow/dags/rugby_pipeline.py took 0.107 seconds
[2026-01-02T20:51:13.411+0000] {processor.py:161} INFO - Started process (PID=30013) to work on /opt/airflow/dags/rugby_pipeline.py
[2026-01-02T20:51:13.412+0000] {processor.py:830} INFO - Processing file /opt/airflow/dags/rugby_pipeline.py for tasks to queue
[2026-01-02T20:51:13.413+0000] {logging_mixin.py:188} INFO - [2026-01-02T20:51:13.413+0000] {dagbag.py:538} INFO - Filling up the DagBag from /opt/airflow/dags/rugby_pipeline.py
[2026-01-02T20:51:13.434+0000] {processor.py:840} INFO - DAG(s) 'rugby_pipeline' retrieved from /opt/airflow/dags/rugby_pipeline.py
[2026-01-02T20:51:13.457+0000] {logging_mixin.py:188} INFO - [2026-01-02T20:51:13.456+0000] {dag.py:3036} INFO - Sync 1 DAGs
[2026-01-02T20:51:13.479+0000] {logging_mixin.py:188} INFO - [2026-01-02T20:51:13.479+0000] {dag.py:3823} INFO - Setting next_dagrun for rugby_pipeline to 2026-01-02 00:00:00+00:00, run_after=2026-01-03 00:00:00+00:00
[2026-01-02T20:51:13.500+0000] {processor.py:183} INFO - Processing /opt/airflow/dags/rugby_pipeline.py took 0.093 seconds
[2026-01-02T20:51:43.838+0000] {processor.py:161} INFO - Started process (PID=30033) to work on /opt/airflow/dags/rugby_pipeline.py
[2026-01-02T20:51:43.839+0000] {processor.py:830} INFO - Processing file /opt/airflow/dags/rugby_pipeline.py for tasks to queue
[2026-01-02T20:51:43.840+0000] {logging_mixin.py:188} INFO - [2026-01-02T20:51:43.840+0000] {dagbag.py:538} INFO - Filling up the DagBag from /opt/airflow/dags/rugby_pipeline.py
[2026-01-02T20:51:43.860+0000] {processor.py:840} INFO - DAG(s) 'rugby_pipeline' retrieved from /opt/airflow/dags/rugby_pipeline.py
[2026-01-02T20:51:43.883+0000] {logging_mixin.py:188} INFO - [2026-01-02T20:51:43.882+0000] {dag.py:3036} INFO - Sync 1 DAGs
[2026-01-02T20:51:43.903+0000] {logging_mixin.py:188} INFO - [2026-01-02T20:51:43.903+0000] {dag.py:3823} INFO - Setting next_dagrun for rugby_pipeline to 2026-01-02 00:00:00+00:00, run_after=2026-01-03 00:00:00+00:00
[2026-01-02T20:51:43.922+0000] {processor.py:183} INFO - Processing /opt/airflow/dags/rugby_pipeline.py took 0.087 seconds
[2026-01-02T20:52:14.255+0000] {processor.py:161} INFO - Started process (PID=30053) to work on /opt/airflow/dags/rugby_pipeline.py
[2026-01-02T20:52:14.256+0000] {processor.py:830} INFO - Processing file /opt/airflow/dags/rugby_pipeline.py for tasks to queue
[2026-01-02T20:52:14.257+0000] {logging_mixin.py:188} INFO - [2026-01-02T20:52:14.257+0000] {dagbag.py:538} INFO - Filling up the DagBag from /opt/airflow/dags/rugby_pipeline.py
[2026-01-02T20:52:14.278+0000] {processor.py:840} INFO - DAG(s) 'rugby_pipeline' retrieved from /opt/airflow/dags/rugby_pipeline.py
[2026-01-02T20:52:14.299+0000] {logging_mixin.py:188} INFO - [2026-01-02T20:52:14.299+0000] {dag.py:3036} INFO - Sync 1 DAGs
[2026-01-02T20:52:14.319+0000] {logging_mixin.py:188} INFO - [2026-01-02T20:52:14.319+0000] {dag.py:3823} INFO - Setting next_dagrun for rugby_pipeline to 2026-01-02 00:00:00+00:00, run_after=2026-01-03 00:00:00+00:00
[2026-01-02T20:52:14.336+0000] {processor.py:183} INFO - Processing /opt/airflow/dags/rugby_pipeline.py took 0.084 seconds
[2026-01-02T20:52:44.855+0000] {processor.py:161} INFO - Started process (PID=30073) to work on /opt/airflow/dags/rugby_pipeline.py
[2026-01-02T20:52:44.856+0000] {processor.py:830} INFO - Processing file /opt/airflow/dags/rugby_pipeline.py for tasks to queue
[2026-01-02T20:52:44.857+0000] {logging_mixin.py:188} INFO - [2026-01-02T20:52:44.857+0000] {dagbag.py:538} INFO - Filling up the DagBag from /opt/airflow/dags/rugby_pipeline.py
[2026-01-02T20:52:44.881+0000] {processor.py:840} INFO - DAG(s) 'rugby_pipeline' retrieved from /opt/airflow/dags/rugby_pipeline.py
[2026-01-02T20:52:44.900+0000] {logging_mixin.py:188} INFO - [2026-01-02T20:52:44.900+0000] {dag.py:3036} INFO - Sync 1 DAGs
[2026-01-02T20:52:44.921+0000] {logging_mixin.py:188} INFO - [2026-01-02T20:52:44.921+0000] {dag.py:3823} INFO - Setting next_dagrun for rugby_pipeline to 2026-01-02 00:00:00+00:00, run_after=2026-01-03 00:00:00+00:00
[2026-01-02T20:52:44.950+0000] {processor.py:183} INFO - Processing /opt/airflow/dags/rugby_pipeline.py took 0.099 seconds
[2026-01-02T20:53:15.294+0000] {processor.py:161} INFO - Started process (PID=30093) to work on /opt/airflow/dags/rugby_pipeline.py
[2026-01-02T20:53:15.295+0000] {processor.py:830} INFO - Processing file /opt/airflow/dags/rugby_pipeline.py for tasks to queue
[2026-01-02T20:53:15.296+0000] {logging_mixin.py:188} INFO - [2026-01-02T20:53:15.296+0000] {dagbag.py:538} INFO - Filling up the DagBag from /opt/airflow/dags/rugby_pipeline.py
[2026-01-02T20:53:15.315+0000] {processor.py:840} INFO - DAG(s) 'rugby_pipeline' retrieved from /opt/airflow/dags/rugby_pipeline.py
[2026-01-02T20:53:15.336+0000] {logging_mixin.py:188} INFO - [2026-01-02T20:53:15.336+0000] {dag.py:3036} INFO - Sync 1 DAGs
[2026-01-02T20:53:15.356+0000] {logging_mixin.py:188} INFO - [2026-01-02T20:53:15.356+0000] {dag.py:3823} INFO - Setting next_dagrun for rugby_pipeline to 2026-01-02 00:00:00+00:00, run_after=2026-01-03 00:00:00+00:00
[2026-01-02T20:53:15.386+0000] {processor.py:183} INFO - Processing /opt/airflow/dags/rugby_pipeline.py took 0.096 seconds
[2026-01-02T20:53:45.725+0000] {processor.py:161} INFO - Started process (PID=30113) to work on /opt/airflow/dags/rugby_pipeline.py
[2026-01-02T20:53:45.726+0000] {processor.py:830} INFO - Processing file /opt/airflow/dags/rugby_pipeline.py for tasks to queue
[2026-01-02T20:53:45.727+0000] {logging_mixin.py:188} INFO - [2026-01-02T20:53:45.726+0000] {dagbag.py:538} INFO - Filling up the DagBag from /opt/airflow/dags/rugby_pipeline.py
[2026-01-02T20:53:45.746+0000] {processor.py:840} INFO - DAG(s) 'rugby_pipeline' retrieved from /opt/airflow/dags/rugby_pipeline.py
[2026-01-02T20:53:45.767+0000] {logging_mixin.py:188} INFO - [2026-01-02T20:53:45.767+0000] {dag.py:3036} INFO - Sync 1 DAGs
[2026-01-02T20:53:45.789+0000] {logging_mixin.py:188} INFO - [2026-01-02T20:53:45.789+0000] {dag.py:3823} INFO - Setting next_dagrun for rugby_pipeline to 2026-01-02 00:00:00+00:00, run_after=2026-01-03 00:00:00+00:00
[2026-01-02T20:53:45.818+0000] {processor.py:183} INFO - Processing /opt/airflow/dags/rugby_pipeline.py took 0.097 seconds
[2026-01-02T20:54:16.258+0000] {processor.py:161} INFO - Started process (PID=30133) to work on /opt/airflow/dags/rugby_pipeline.py
[2026-01-02T20:54:16.259+0000] {processor.py:830} INFO - Processing file /opt/airflow/dags/rugby_pipeline.py for tasks to queue
[2026-01-02T20:54:16.260+0000] {logging_mixin.py:188} INFO - [2026-01-02T20:54:16.260+0000] {dagbag.py:538} INFO - Filling up the DagBag from /opt/airflow/dags/rugby_pipeline.py
[2026-01-02T20:54:16.281+0000] {processor.py:840} INFO - DAG(s) 'rugby_pipeline' retrieved from /opt/airflow/dags/rugby_pipeline.py
[2026-01-02T20:54:16.303+0000] {logging_mixin.py:188} INFO - [2026-01-02T20:54:16.303+0000] {dag.py:3036} INFO - Sync 1 DAGs
[2026-01-02T20:54:16.324+0000] {logging_mixin.py:188} INFO - [2026-01-02T20:54:16.323+0000] {dag.py:3823} INFO - Setting next_dagrun for rugby_pipeline to 2026-01-02 00:00:00+00:00, run_after=2026-01-03 00:00:00+00:00
[2026-01-02T20:54:16.343+0000] {processor.py:183} INFO - Processing /opt/airflow/dags/rugby_pipeline.py took 0.089 seconds
[2026-01-02T20:54:46.692+0000] {processor.py:161} INFO - Started process (PID=30153) to work on /opt/airflow/dags/rugby_pipeline.py
[2026-01-02T20:54:46.694+0000] {processor.py:830} INFO - Processing file /opt/airflow/dags/rugby_pipeline.py for tasks to queue
[2026-01-02T20:54:46.695+0000] {logging_mixin.py:188} INFO - [2026-01-02T20:54:46.694+0000] {dagbag.py:538} INFO - Filling up the DagBag from /opt/airflow/dags/rugby_pipeline.py
[2026-01-02T20:54:46.714+0000] {processor.py:840} INFO - DAG(s) 'rugby_pipeline' retrieved from /opt/airflow/dags/rugby_pipeline.py
[2026-01-02T20:54:46.735+0000] {logging_mixin.py:188} INFO - [2026-01-02T20:54:46.734+0000] {dag.py:3036} INFO - Sync 1 DAGs
[2026-01-02T20:54:46.755+0000] {logging_mixin.py:188} INFO - [2026-01-02T20:54:46.755+0000] {dag.py:3823} INFO - Setting next_dagrun for rugby_pipeline to 2026-01-02 00:00:00+00:00, run_after=2026-01-03 00:00:00+00:00
[2026-01-02T20:54:46.772+0000] {processor.py:183} INFO - Processing /opt/airflow/dags/rugby_pipeline.py took 0.083 seconds
[2026-01-02T20:55:17.118+0000] {processor.py:161} INFO - Started process (PID=30173) to work on /opt/airflow/dags/rugby_pipeline.py
[2026-01-02T20:55:17.120+0000] {processor.py:830} INFO - Processing file /opt/airflow/dags/rugby_pipeline.py for tasks to queue
[2026-01-02T20:55:17.121+0000] {logging_mixin.py:188} INFO - [2026-01-02T20:55:17.120+0000] {dagbag.py:538} INFO - Filling up the DagBag from /opt/airflow/dags/rugby_pipeline.py
[2026-01-02T20:55:17.141+0000] {processor.py:840} INFO - DAG(s) 'rugby_pipeline' retrieved from /opt/airflow/dags/rugby_pipeline.py
[2026-01-02T20:55:17.162+0000] {logging_mixin.py:188} INFO - [2026-01-02T20:55:17.162+0000] {dag.py:3036} INFO - Sync 1 DAGs
[2026-01-02T20:55:17.182+0000] {logging_mixin.py:188} INFO - [2026-01-02T20:55:17.182+0000] {dag.py:3823} INFO - Setting next_dagrun for rugby_pipeline to 2026-01-02 00:00:00+00:00, run_after=2026-01-03 00:00:00+00:00
[2026-01-02T20:55:17.210+0000] {processor.py:183} INFO - Processing /opt/airflow/dags/rugby_pipeline.py took 0.095 seconds
[2026-01-02T20:55:47.543+0000] {processor.py:161} INFO - Started process (PID=30193) to work on /opt/airflow/dags/rugby_pipeline.py
[2026-01-02T20:55:47.544+0000] {processor.py:830} INFO - Processing file /opt/airflow/dags/rugby_pipeline.py for tasks to queue
[2026-01-02T20:55:47.545+0000] {logging_mixin.py:188} INFO - [2026-01-02T20:55:47.545+0000] {dagbag.py:538} INFO - Filling up the DagBag from /opt/airflow/dags/rugby_pipeline.py
[2026-01-02T20:55:47.565+0000] {processor.py:840} INFO - DAG(s) 'rugby_pipeline' retrieved from /opt/airflow/dags/rugby_pipeline.py
[2026-01-02T20:55:47.586+0000] {logging_mixin.py:188} INFO - [2026-01-02T20:55:47.586+0000] {dag.py:3036} INFO - Sync 1 DAGs
[2026-01-02T20:55:47.607+0000] {logging_mixin.py:188} INFO - [2026-01-02T20:55:47.606+0000] {dag.py:3823} INFO - Setting next_dagrun for rugby_pipeline to 2026-01-02 00:00:00+00:00, run_after=2026-01-03 00:00:00+00:00
[2026-01-02T20:55:47.635+0000] {processor.py:183} INFO - Processing /opt/airflow/dags/rugby_pipeline.py took 0.095 seconds
[2026-01-02T20:56:17.979+0000] {processor.py:161} INFO - Started process (PID=30213) to work on /opt/airflow/dags/rugby_pipeline.py
[2026-01-02T20:56:17.980+0000] {processor.py:830} INFO - Processing file /opt/airflow/dags/rugby_pipeline.py for tasks to queue
[2026-01-02T20:56:17.982+0000] {logging_mixin.py:188} INFO - [2026-01-02T20:56:17.981+0000] {dagbag.py:538} INFO - Filling up the DagBag from /opt/airflow/dags/rugby_pipeline.py
[2026-01-02T20:56:18.012+0000] {processor.py:840} INFO - DAG(s) 'rugby_pipeline' retrieved from /opt/airflow/dags/rugby_pipeline.py
[2026-01-02T20:56:18.044+0000] {logging_mixin.py:188} INFO - [2026-01-02T20:56:18.044+0000] {dag.py:3036} INFO - Sync 1 DAGs
[2026-01-02T20:56:18.070+0000] {logging_mixin.py:188} INFO - [2026-01-02T20:56:18.069+0000] {dag.py:3823} INFO - Setting next_dagrun for rugby_pipeline to 2026-01-02 00:00:00+00:00, run_after=2026-01-03 00:00:00+00:00
[2026-01-02T20:56:18.087+0000] {processor.py:183} INFO - Processing /opt/airflow/dags/rugby_pipeline.py took 0.114 seconds
[2026-01-02T20:56:48.395+0000] {processor.py:161} INFO - Started process (PID=30233) to work on /opt/airflow/dags/rugby_pipeline.py
[2026-01-02T20:56:48.396+0000] {processor.py:830} INFO - Processing file /opt/airflow/dags/rugby_pipeline.py for tasks to queue
[2026-01-02T20:56:48.397+0000] {logging_mixin.py:188} INFO - [2026-01-02T20:56:48.397+0000] {dagbag.py:538} INFO - Filling up the DagBag from /opt/airflow/dags/rugby_pipeline.py
[2026-01-02T20:56:48.417+0000] {processor.py:840} INFO - DAG(s) 'rugby_pipeline' retrieved from /opt/airflow/dags/rugby_pipeline.py
[2026-01-02T20:56:48.439+0000] {logging_mixin.py:188} INFO - [2026-01-02T20:56:48.439+0000] {dag.py:3036} INFO - Sync 1 DAGs
[2026-01-02T20:56:48.461+0000] {logging_mixin.py:188} INFO - [2026-01-02T20:56:48.461+0000] {dag.py:3823} INFO - Setting next_dagrun for rugby_pipeline to 2026-01-02 00:00:00+00:00, run_after=2026-01-03 00:00:00+00:00
[2026-01-02T20:56:48.490+0000] {processor.py:183} INFO - Processing /opt/airflow/dags/rugby_pipeline.py took 0.098 seconds
[2026-01-02T20:57:18.798+0000] {processor.py:161} INFO - Started process (PID=30253) to work on /opt/airflow/dags/rugby_pipeline.py
[2026-01-02T20:57:18.800+0000] {processor.py:830} INFO - Processing file /opt/airflow/dags/rugby_pipeline.py for tasks to queue
[2026-01-02T20:57:18.801+0000] {logging_mixin.py:188} INFO - [2026-01-02T20:57:18.800+0000] {dagbag.py:538} INFO - Filling up the DagBag from /opt/airflow/dags/rugby_pipeline.py
[2026-01-02T20:57:18.822+0000] {processor.py:840} INFO - DAG(s) 'rugby_pipeline' retrieved from /opt/airflow/dags/rugby_pipeline.py
[2026-01-02T20:57:18.845+0000] {logging_mixin.py:188} INFO - [2026-01-02T20:57:18.845+0000] {dag.py:3036} INFO - Sync 1 DAGs
[2026-01-02T20:57:18.866+0000] {logging_mixin.py:188} INFO - [2026-01-02T20:57:18.865+0000] {dag.py:3823} INFO - Setting next_dagrun for rugby_pipeline to 2026-01-02 00:00:00+00:00, run_after=2026-01-03 00:00:00+00:00
[2026-01-02T20:57:18.894+0000] {processor.py:183} INFO - Processing /opt/airflow/dags/rugby_pipeline.py took 0.099 seconds
[2026-01-02T20:57:49.272+0000] {processor.py:161} INFO - Started process (PID=30273) to work on /opt/airflow/dags/rugby_pipeline.py
[2026-01-02T20:57:49.273+0000] {processor.py:830} INFO - Processing file /opt/airflow/dags/rugby_pipeline.py for tasks to queue
[2026-01-02T20:57:49.274+0000] {logging_mixin.py:188} INFO - [2026-01-02T20:57:49.274+0000] {dagbag.py:538} INFO - Filling up the DagBag from /opt/airflow/dags/rugby_pipeline.py
[2026-01-02T20:57:49.293+0000] {processor.py:840} INFO - DAG(s) 'rugby_pipeline' retrieved from /opt/airflow/dags/rugby_pipeline.py
[2026-01-02T20:57:49.314+0000] {logging_mixin.py:188} INFO - [2026-01-02T20:57:49.313+0000] {dag.py:3036} INFO - Sync 1 DAGs
[2026-01-02T20:57:49.334+0000] {logging_mixin.py:188} INFO - [2026-01-02T20:57:49.334+0000] {dag.py:3823} INFO - Setting next_dagrun for rugby_pipeline to 2026-01-02 00:00:00+00:00, run_after=2026-01-03 00:00:00+00:00
[2026-01-02T20:57:49.351+0000] {processor.py:183} INFO - Processing /opt/airflow/dags/rugby_pipeline.py took 0.083 seconds
[2026-01-02T20:58:19.705+0000] {processor.py:161} INFO - Started process (PID=30293) to work on /opt/airflow/dags/rugby_pipeline.py
[2026-01-02T20:58:19.706+0000] {processor.py:830} INFO - Processing file /opt/airflow/dags/rugby_pipeline.py for tasks to queue
[2026-01-02T20:58:19.707+0000] {logging_mixin.py:188} INFO - [2026-01-02T20:58:19.707+0000] {dagbag.py:538} INFO - Filling up the DagBag from /opt/airflow/dags/rugby_pipeline.py
[2026-01-02T20:58:19.727+0000] {processor.py:840} INFO - DAG(s) 'rugby_pipeline' retrieved from /opt/airflow/dags/rugby_pipeline.py
[2026-01-02T20:58:19.748+0000] {logging_mixin.py:188} INFO - [2026-01-02T20:58:19.748+0000] {dag.py:3036} INFO - Sync 1 DAGs
[2026-01-02T20:58:19.768+0000] {logging_mixin.py:188} INFO - [2026-01-02T20:58:19.768+0000] {dag.py:3823} INFO - Setting next_dagrun for rugby_pipeline to 2026-01-02 00:00:00+00:00, run_after=2026-01-03 00:00:00+00:00
[2026-01-02T20:58:19.796+0000] {processor.py:183} INFO - Processing /opt/airflow/dags/rugby_pipeline.py took 0.095 seconds
[2026-01-02T20:58:50.143+0000] {processor.py:161} INFO - Started process (PID=30313) to work on /opt/airflow/dags/rugby_pipeline.py
[2026-01-02T20:58:50.145+0000] {processor.py:830} INFO - Processing file /opt/airflow/dags/rugby_pipeline.py for tasks to queue
[2026-01-02T20:58:50.145+0000] {logging_mixin.py:188} INFO - [2026-01-02T20:58:50.145+0000] {dagbag.py:538} INFO - Filling up the DagBag from /opt/airflow/dags/rugby_pipeline.py
[2026-01-02T20:58:50.165+0000] {processor.py:840} INFO - DAG(s) 'rugby_pipeline' retrieved from /opt/airflow/dags/rugby_pipeline.py
[2026-01-02T20:58:50.186+0000] {logging_mixin.py:188} INFO - [2026-01-02T20:58:50.186+0000] {dag.py:3036} INFO - Sync 1 DAGs
[2026-01-02T20:58:50.207+0000] {logging_mixin.py:188} INFO - [2026-01-02T20:58:50.207+0000] {dag.py:3823} INFO - Setting next_dagrun for rugby_pipeline to 2026-01-02 00:00:00+00:00, run_after=2026-01-03 00:00:00+00:00
[2026-01-02T20:58:50.226+0000] {processor.py:183} INFO - Processing /opt/airflow/dags/rugby_pipeline.py took 0.086 seconds
[2026-01-02T20:59:20.579+0000] {processor.py:161} INFO - Started process (PID=30333) to work on /opt/airflow/dags/rugby_pipeline.py
[2026-01-02T20:59:20.580+0000] {processor.py:830} INFO - Processing file /opt/airflow/dags/rugby_pipeline.py for tasks to queue
[2026-01-02T20:59:20.581+0000] {logging_mixin.py:188} INFO - [2026-01-02T20:59:20.581+0000] {dagbag.py:538} INFO - Filling up the DagBag from /opt/airflow/dags/rugby_pipeline.py
[2026-01-02T20:59:20.601+0000] {processor.py:840} INFO - DAG(s) 'rugby_pipeline' retrieved from /opt/airflow/dags/rugby_pipeline.py
[2026-01-02T20:59:20.625+0000] {logging_mixin.py:188} INFO - [2026-01-02T20:59:20.625+0000] {dag.py:3036} INFO - Sync 1 DAGs
[2026-01-02T20:59:20.646+0000] {logging_mixin.py:188} INFO - [2026-01-02T20:59:20.646+0000] {dag.py:3823} INFO - Setting next_dagrun for rugby_pipeline to 2026-01-02 00:00:00+00:00, run_after=2026-01-03 00:00:00+00:00
[2026-01-02T20:59:20.675+0000] {processor.py:183} INFO - Processing /opt/airflow/dags/rugby_pipeline.py took 0.099 seconds
[2026-01-02T20:59:51.021+0000] {processor.py:161} INFO - Started process (PID=30353) to work on /opt/airflow/dags/rugby_pipeline.py
[2026-01-02T20:59:51.022+0000] {processor.py:830} INFO - Processing file /opt/airflow/dags/rugby_pipeline.py for tasks to queue
[2026-01-02T20:59:51.023+0000] {logging_mixin.py:188} INFO - [2026-01-02T20:59:51.023+0000] {dagbag.py:538} INFO - Filling up the DagBag from /opt/airflow/dags/rugby_pipeline.py
[2026-01-02T20:59:51.048+0000] {processor.py:840} INFO - DAG(s) 'rugby_pipeline' retrieved from /opt/airflow/dags/rugby_pipeline.py
[2026-01-02T20:59:51.070+0000] {logging_mixin.py:188} INFO - [2026-01-02T20:59:51.070+0000] {dag.py:3036} INFO - Sync 1 DAGs
[2026-01-02T20:59:51.092+0000] {logging_mixin.py:188} INFO - [2026-01-02T20:59:51.092+0000] {dag.py:3823} INFO - Setting next_dagrun for rugby_pipeline to 2026-01-02 00:00:00+00:00, run_after=2026-01-03 00:00:00+00:00
[2026-01-02T20:59:51.111+0000] {processor.py:183} INFO - Processing /opt/airflow/dags/rugby_pipeline.py took 0.093 seconds
[2026-01-02T21:00:21.453+0000] {processor.py:161} INFO - Started process (PID=30373) to work on /opt/airflow/dags/rugby_pipeline.py
[2026-01-02T21:00:21.454+0000] {processor.py:830} INFO - Processing file /opt/airflow/dags/rugby_pipeline.py for tasks to queue
[2026-01-02T21:00:21.455+0000] {logging_mixin.py:188} INFO - [2026-01-02T21:00:21.454+0000] {dagbag.py:538} INFO - Filling up the DagBag from /opt/airflow/dags/rugby_pipeline.py
[2026-01-02T21:00:21.474+0000] {processor.py:840} INFO - DAG(s) 'rugby_pipeline' retrieved from /opt/airflow/dags/rugby_pipeline.py
[2026-01-02T21:00:21.495+0000] {logging_mixin.py:188} INFO - [2026-01-02T21:00:21.495+0000] {dag.py:3036} INFO - Sync 1 DAGs
[2026-01-02T21:00:21.515+0000] {logging_mixin.py:188} INFO - [2026-01-02T21:00:21.515+0000] {dag.py:3823} INFO - Setting next_dagrun for rugby_pipeline to 2026-01-02 00:00:00+00:00, run_after=2026-01-03 00:00:00+00:00
[2026-01-02T21:00:21.533+0000] {processor.py:183} INFO - Processing /opt/airflow/dags/rugby_pipeline.py took 0.084 seconds
[2026-01-02T21:00:51.885+0000] {processor.py:161} INFO - Started process (PID=30393) to work on /opt/airflow/dags/rugby_pipeline.py
[2026-01-02T21:00:51.886+0000] {processor.py:830} INFO - Processing file /opt/airflow/dags/rugby_pipeline.py for tasks to queue
[2026-01-02T21:00:51.887+0000] {logging_mixin.py:188} INFO - [2026-01-02T21:00:51.887+0000] {dagbag.py:538} INFO - Filling up the DagBag from /opt/airflow/dags/rugby_pipeline.py
[2026-01-02T21:00:51.906+0000] {processor.py:840} INFO - DAG(s) 'rugby_pipeline' retrieved from /opt/airflow/dags/rugby_pipeline.py
[2026-01-02T21:00:51.927+0000] {logging_mixin.py:188} INFO - [2026-01-02T21:00:51.927+0000] {dag.py:3036} INFO - Sync 1 DAGs
[2026-01-02T21:00:51.947+0000] {logging_mixin.py:188} INFO - [2026-01-02T21:00:51.947+0000] {dag.py:3823} INFO - Setting next_dagrun for rugby_pipeline to 2026-01-02 00:00:00+00:00, run_after=2026-01-03 00:00:00+00:00
[2026-01-02T21:00:51.975+0000] {processor.py:183} INFO - Processing /opt/airflow/dags/rugby_pipeline.py took 0.094 seconds
[2026-01-02T21:01:22.314+0000] {processor.py:161} INFO - Started process (PID=30413) to work on /opt/airflow/dags/rugby_pipeline.py
[2026-01-02T21:01:22.315+0000] {processor.py:830} INFO - Processing file /opt/airflow/dags/rugby_pipeline.py for tasks to queue
[2026-01-02T21:01:22.316+0000] {logging_mixin.py:188} INFO - [2026-01-02T21:01:22.316+0000] {dagbag.py:538} INFO - Filling up the DagBag from /opt/airflow/dags/rugby_pipeline.py
[2026-01-02T21:01:22.336+0000] {processor.py:840} INFO - DAG(s) 'rugby_pipeline' retrieved from /opt/airflow/dags/rugby_pipeline.py
[2026-01-02T21:01:22.357+0000] {logging_mixin.py:188} INFO - [2026-01-02T21:01:22.357+0000] {dag.py:3036} INFO - Sync 1 DAGs
[2026-01-02T21:01:22.378+0000] {logging_mixin.py:188} INFO - [2026-01-02T21:01:22.378+0000] {dag.py:3823} INFO - Setting next_dagrun for rugby_pipeline to 2026-01-02 00:00:00+00:00, run_after=2026-01-03 00:00:00+00:00
[2026-01-02T21:01:22.409+0000] {processor.py:183} INFO - Processing /opt/airflow/dags/rugby_pipeline.py took 0.098 seconds
[2026-01-02T21:01:52.755+0000] {processor.py:161} INFO - Started process (PID=30433) to work on /opt/airflow/dags/rugby_pipeline.py
[2026-01-02T21:01:52.756+0000] {processor.py:830} INFO - Processing file /opt/airflow/dags/rugby_pipeline.py for tasks to queue
[2026-01-02T21:01:52.757+0000] {logging_mixin.py:188} INFO - [2026-01-02T21:01:52.757+0000] {dagbag.py:538} INFO - Filling up the DagBag from /opt/airflow/dags/rugby_pipeline.py
[2026-01-02T21:01:52.777+0000] {processor.py:840} INFO - DAG(s) 'rugby_pipeline' retrieved from /opt/airflow/dags/rugby_pipeline.py
[2026-01-02T21:01:52.798+0000] {logging_mixin.py:188} INFO - [2026-01-02T21:01:52.797+0000] {dag.py:3036} INFO - Sync 1 DAGs
[2026-01-02T21:01:52.818+0000] {logging_mixin.py:188} INFO - [2026-01-02T21:01:52.818+0000] {dag.py:3823} INFO - Setting next_dagrun for rugby_pipeline to 2026-01-02 00:00:00+00:00, run_after=2026-01-03 00:00:00+00:00
[2026-01-02T21:01:52.836+0000] {processor.py:183} INFO - Processing /opt/airflow/dags/rugby_pipeline.py took 0.084 seconds
[2026-01-02T21:02:23.187+0000] {processor.py:161} INFO - Started process (PID=30453) to work on /opt/airflow/dags/rugby_pipeline.py
[2026-01-02T21:02:23.188+0000] {processor.py:830} INFO - Processing file /opt/airflow/dags/rugby_pipeline.py for tasks to queue
[2026-01-02T21:02:23.189+0000] {logging_mixin.py:188} INFO - [2026-01-02T21:02:23.188+0000] {dagbag.py:538} INFO - Filling up the DagBag from /opt/airflow/dags/rugby_pipeline.py
[2026-01-02T21:02:23.208+0000] {processor.py:840} INFO - DAG(s) 'rugby_pipeline' retrieved from /opt/airflow/dags/rugby_pipeline.py
[2026-01-02T21:02:23.230+0000] {logging_mixin.py:188} INFO - [2026-01-02T21:02:23.229+0000] {dag.py:3036} INFO - Sync 1 DAGs
[2026-01-02T21:02:23.250+0000] {logging_mixin.py:188} INFO - [2026-01-02T21:02:23.250+0000] {dag.py:3823} INFO - Setting next_dagrun for rugby_pipeline to 2026-01-02 00:00:00+00:00, run_after=2026-01-03 00:00:00+00:00
[2026-01-02T21:02:23.267+0000] {processor.py:183} INFO - Processing /opt/airflow/dags/rugby_pipeline.py took 0.084 seconds
[2026-01-02T21:02:53.689+0000] {processor.py:161} INFO - Started process (PID=30473) to work on /opt/airflow/dags/rugby_pipeline.py
[2026-01-02T21:02:53.690+0000] {processor.py:830} INFO - Processing file /opt/airflow/dags/rugby_pipeline.py for tasks to queue
[2026-01-02T21:02:53.691+0000] {logging_mixin.py:188} INFO - [2026-01-02T21:02:53.691+0000] {dagbag.py:538} INFO - Filling up the DagBag from /opt/airflow/dags/rugby_pipeline.py
[2026-01-02T21:02:53.710+0000] {processor.py:840} INFO - DAG(s) 'rugby_pipeline' retrieved from /opt/airflow/dags/rugby_pipeline.py
[2026-01-02T21:02:53.731+0000] {logging_mixin.py:188} INFO - [2026-01-02T21:02:53.731+0000] {dag.py:3036} INFO - Sync 1 DAGs
[2026-01-02T21:02:53.751+0000] {logging_mixin.py:188} INFO - [2026-01-02T21:02:53.751+0000] {dag.py:3823} INFO - Setting next_dagrun for rugby_pipeline to 2026-01-02 00:00:00+00:00, run_after=2026-01-03 00:00:00+00:00
[2026-01-02T21:02:53.779+0000] {processor.py:183} INFO - Processing /opt/airflow/dags/rugby_pipeline.py took 0.094 seconds
[2026-01-02T21:03:24.222+0000] {processor.py:161} INFO - Started process (PID=30493) to work on /opt/airflow/dags/rugby_pipeline.py
[2026-01-02T21:03:24.224+0000] {processor.py:830} INFO - Processing file /opt/airflow/dags/rugby_pipeline.py for tasks to queue
[2026-01-02T21:03:24.225+0000] {logging_mixin.py:188} INFO - [2026-01-02T21:03:24.224+0000] {dagbag.py:538} INFO - Filling up the DagBag from /opt/airflow/dags/rugby_pipeline.py
[2026-01-02T21:03:24.244+0000] {processor.py:840} INFO - DAG(s) 'rugby_pipeline' retrieved from /opt/airflow/dags/rugby_pipeline.py
[2026-01-02T21:03:24.265+0000] {logging_mixin.py:188} INFO - [2026-01-02T21:03:24.265+0000] {dag.py:3036} INFO - Sync 1 DAGs
[2026-01-02T21:03:24.285+0000] {logging_mixin.py:188} INFO - [2026-01-02T21:03:24.285+0000] {dag.py:3823} INFO - Setting next_dagrun for rugby_pipeline to 2026-01-02 00:00:00+00:00, run_after=2026-01-03 00:00:00+00:00
[2026-01-02T21:03:24.302+0000] {processor.py:183} INFO - Processing /opt/airflow/dags/rugby_pipeline.py took 0.083 seconds
[2026-01-02T21:03:54.663+0000] {processor.py:161} INFO - Started process (PID=30513) to work on /opt/airflow/dags/rugby_pipeline.py
[2026-01-02T21:03:54.664+0000] {processor.py:830} INFO - Processing file /opt/airflow/dags/rugby_pipeline.py for tasks to queue
[2026-01-02T21:03:54.665+0000] {logging_mixin.py:188} INFO - [2026-01-02T21:03:54.664+0000] {dagbag.py:538} INFO - Filling up the DagBag from /opt/airflow/dags/rugby_pipeline.py
[2026-01-02T21:03:54.684+0000] {processor.py:840} INFO - DAG(s) 'rugby_pipeline' retrieved from /opt/airflow/dags/rugby_pipeline.py
[2026-01-02T21:03:54.708+0000] {logging_mixin.py:188} INFO - [2026-01-02T21:03:54.708+0000] {dag.py:3036} INFO - Sync 1 DAGs
[2026-01-02T21:03:54.729+0000] {logging_mixin.py:188} INFO - [2026-01-02T21:03:54.728+0000] {dag.py:3823} INFO - Setting next_dagrun for rugby_pipeline to 2026-01-02 00:00:00+00:00, run_after=2026-01-03 00:00:00+00:00
[2026-01-02T21:03:54.746+0000] {processor.py:183} INFO - Processing /opt/airflow/dags/rugby_pipeline.py took 0.087 seconds
[2026-01-02T21:04:25.105+0000] {processor.py:161} INFO - Started process (PID=30533) to work on /opt/airflow/dags/rugby_pipeline.py
[2026-01-02T21:04:25.106+0000] {processor.py:830} INFO - Processing file /opt/airflow/dags/rugby_pipeline.py for tasks to queue
[2026-01-02T21:04:25.107+0000] {logging_mixin.py:188} INFO - [2026-01-02T21:04:25.107+0000] {dagbag.py:538} INFO - Filling up the DagBag from /opt/airflow/dags/rugby_pipeline.py
[2026-01-02T21:04:25.127+0000] {processor.py:840} INFO - DAG(s) 'rugby_pipeline' retrieved from /opt/airflow/dags/rugby_pipeline.py
[2026-01-02T21:04:25.148+0000] {logging_mixin.py:188} INFO - [2026-01-02T21:04:25.147+0000] {dag.py:3036} INFO - Sync 1 DAGs
[2026-01-02T21:04:25.168+0000] {logging_mixin.py:188} INFO - [2026-01-02T21:04:25.168+0000] {dag.py:3823} INFO - Setting next_dagrun for rugby_pipeline to 2026-01-02 00:00:00+00:00, run_after=2026-01-03 00:00:00+00:00
[2026-01-02T21:04:25.186+0000] {processor.py:183} INFO - Processing /opt/airflow/dags/rugby_pipeline.py took 0.084 seconds
[2026-01-02T21:04:55.627+0000] {processor.py:161} INFO - Started process (PID=30553) to work on /opt/airflow/dags/rugby_pipeline.py
[2026-01-02T21:04:55.628+0000] {processor.py:830} INFO - Processing file /opt/airflow/dags/rugby_pipeline.py for tasks to queue
[2026-01-02T21:04:55.629+0000] {logging_mixin.py:188} INFO - [2026-01-02T21:04:55.629+0000] {dagbag.py:538} INFO - Filling up the DagBag from /opt/airflow/dags/rugby_pipeline.py
[2026-01-02T21:04:55.648+0000] {processor.py:840} INFO - DAG(s) 'rugby_pipeline' retrieved from /opt/airflow/dags/rugby_pipeline.py
[2026-01-02T21:04:55.669+0000] {logging_mixin.py:188} INFO - [2026-01-02T21:04:55.668+0000] {dag.py:3036} INFO - Sync 1 DAGs
[2026-01-02T21:04:55.691+0000] {logging_mixin.py:188} INFO - [2026-01-02T21:04:55.691+0000] {dag.py:3823} INFO - Setting next_dagrun for rugby_pipeline to 2026-01-02 00:00:00+00:00, run_after=2026-01-03 00:00:00+00:00
[2026-01-02T21:04:55.719+0000] {processor.py:183} INFO - Processing /opt/airflow/dags/rugby_pipeline.py took 0.095 seconds
[2026-01-02T21:05:26.059+0000] {processor.py:161} INFO - Started process (PID=30573) to work on /opt/airflow/dags/rugby_pipeline.py
[2026-01-02T21:05:26.060+0000] {processor.py:830} INFO - Processing file /opt/airflow/dags/rugby_pipeline.py for tasks to queue
[2026-01-02T21:05:26.061+0000] {logging_mixin.py:188} INFO - [2026-01-02T21:05:26.061+0000] {dagbag.py:538} INFO - Filling up the DagBag from /opt/airflow/dags/rugby_pipeline.py
[2026-01-02T21:05:26.081+0000] {processor.py:840} INFO - DAG(s) 'rugby_pipeline' retrieved from /opt/airflow/dags/rugby_pipeline.py
[2026-01-02T21:05:26.103+0000] {logging_mixin.py:188} INFO - [2026-01-02T21:05:26.103+0000] {dag.py:3036} INFO - Sync 1 DAGs
[2026-01-02T21:05:26.124+0000] {logging_mixin.py:188} INFO - [2026-01-02T21:05:26.124+0000] {dag.py:3823} INFO - Setting next_dagrun for rugby_pipeline to 2026-01-02 00:00:00+00:00, run_after=2026-01-03 00:00:00+00:00
[2026-01-02T21:05:26.143+0000] {processor.py:183} INFO - Processing /opt/airflow/dags/rugby_pipeline.py took 0.087 seconds
[2026-01-02T21:05:56.505+0000] {processor.py:161} INFO - Started process (PID=30593) to work on /opt/airflow/dags/rugby_pipeline.py
[2026-01-02T21:05:56.506+0000] {processor.py:830} INFO - Processing file /opt/airflow/dags/rugby_pipeline.py for tasks to queue
[2026-01-02T21:05:56.507+0000] {logging_mixin.py:188} INFO - [2026-01-02T21:05:56.507+0000] {dagbag.py:538} INFO - Filling up the DagBag from /opt/airflow/dags/rugby_pipeline.py
[2026-01-02T21:05:56.528+0000] {processor.py:840} INFO - DAG(s) 'rugby_pipeline' retrieved from /opt/airflow/dags/rugby_pipeline.py
[2026-01-02T21:05:56.554+0000] {logging_mixin.py:188} INFO - [2026-01-02T21:05:56.554+0000] {dag.py:3036} INFO - Sync 1 DAGs
[2026-01-02T21:05:56.575+0000] {logging_mixin.py:188} INFO - [2026-01-02T21:05:56.574+0000] {dag.py:3823} INFO - Setting next_dagrun for rugby_pipeline to 2026-01-02 00:00:00+00:00, run_after=2026-01-03 00:00:00+00:00
[2026-01-02T21:05:56.604+0000] {processor.py:183} INFO - Processing /opt/airflow/dags/rugby_pipeline.py took 0.102 seconds
[2026-01-02T21:06:27.044+0000] {processor.py:161} INFO - Started process (PID=30613) to work on /opt/airflow/dags/rugby_pipeline.py
[2026-01-02T21:06:27.045+0000] {processor.py:830} INFO - Processing file /opt/airflow/dags/rugby_pipeline.py for tasks to queue
[2026-01-02T21:06:27.047+0000] {logging_mixin.py:188} INFO - [2026-01-02T21:06:27.046+0000] {dagbag.py:538} INFO - Filling up the DagBag from /opt/airflow/dags/rugby_pipeline.py
[2026-01-02T21:06:27.065+0000] {processor.py:840} INFO - DAG(s) 'rugby_pipeline' retrieved from /opt/airflow/dags/rugby_pipeline.py
[2026-01-02T21:06:27.086+0000] {logging_mixin.py:188} INFO - [2026-01-02T21:06:27.086+0000] {dag.py:3036} INFO - Sync 1 DAGs
[2026-01-02T21:06:27.106+0000] {logging_mixin.py:188} INFO - [2026-01-02T21:06:27.106+0000] {dag.py:3823} INFO - Setting next_dagrun for rugby_pipeline to 2026-01-02 00:00:00+00:00, run_after=2026-01-03 00:00:00+00:00
[2026-01-02T21:06:27.135+0000] {processor.py:183} INFO - Processing /opt/airflow/dags/rugby_pipeline.py took 0.095 seconds
[2026-01-02T21:06:57.563+0000] {processor.py:161} INFO - Started process (PID=30633) to work on /opt/airflow/dags/rugby_pipeline.py
[2026-01-02T21:06:57.564+0000] {processor.py:830} INFO - Processing file /opt/airflow/dags/rugby_pipeline.py for tasks to queue
[2026-01-02T21:06:57.565+0000] {logging_mixin.py:188} INFO - [2026-01-02T21:06:57.565+0000] {dagbag.py:538} INFO - Filling up the DagBag from /opt/airflow/dags/rugby_pipeline.py
[2026-01-02T21:06:57.584+0000] {processor.py:840} INFO - DAG(s) 'rugby_pipeline' retrieved from /opt/airflow/dags/rugby_pipeline.py
[2026-01-02T21:06:57.605+0000] {logging_mixin.py:188} INFO - [2026-01-02T21:06:57.605+0000] {dag.py:3036} INFO - Sync 1 DAGs
[2026-01-02T21:06:57.626+0000] {logging_mixin.py:188} INFO - [2026-01-02T21:06:57.626+0000] {dag.py:3823} INFO - Setting next_dagrun for rugby_pipeline to 2026-01-02 00:00:00+00:00, run_after=2026-01-03 00:00:00+00:00
[2026-01-02T21:06:57.655+0000] {processor.py:183} INFO - Processing /opt/airflow/dags/rugby_pipeline.py took 0.095 seconds
[2026-01-02T21:07:27.994+0000] {processor.py:161} INFO - Started process (PID=30653) to work on /opt/airflow/dags/rugby_pipeline.py
[2026-01-02T21:07:27.995+0000] {processor.py:830} INFO - Processing file /opt/airflow/dags/rugby_pipeline.py for tasks to queue
[2026-01-02T21:07:27.996+0000] {logging_mixin.py:188} INFO - [2026-01-02T21:07:27.996+0000] {dagbag.py:538} INFO - Filling up the DagBag from /opt/airflow/dags/rugby_pipeline.py
[2026-01-02T21:07:28.015+0000] {processor.py:840} INFO - DAG(s) 'rugby_pipeline' retrieved from /opt/airflow/dags/rugby_pipeline.py
[2026-01-02T21:07:28.036+0000] {logging_mixin.py:188} INFO - [2026-01-02T21:07:28.036+0000] {dag.py:3036} INFO - Sync 1 DAGs
[2026-01-02T21:07:28.056+0000] {logging_mixin.py:188} INFO - [2026-01-02T21:07:28.056+0000] {dag.py:3823} INFO - Setting next_dagrun for rugby_pipeline to 2026-01-02 00:00:00+00:00, run_after=2026-01-03 00:00:00+00:00
[2026-01-02T21:07:28.086+0000] {processor.py:183} INFO - Processing /opt/airflow/dags/rugby_pipeline.py took 0.095 seconds
[2026-01-02T21:07:58.491+0000] {processor.py:161} INFO - Started process (PID=30673) to work on /opt/airflow/dags/rugby_pipeline.py
[2026-01-02T21:07:58.492+0000] {processor.py:830} INFO - Processing file /opt/airflow/dags/rugby_pipeline.py for tasks to queue
[2026-01-02T21:07:58.493+0000] {logging_mixin.py:188} INFO - [2026-01-02T21:07:58.493+0000] {dagbag.py:538} INFO - Filling up the DagBag from /opt/airflow/dags/rugby_pipeline.py
[2026-01-02T21:07:58.513+0000] {processor.py:840} INFO - DAG(s) 'rugby_pipeline' retrieved from /opt/airflow/dags/rugby_pipeline.py
[2026-01-02T21:07:58.534+0000] {logging_mixin.py:188} INFO - [2026-01-02T21:07:58.533+0000] {dag.py:3036} INFO - Sync 1 DAGs
[2026-01-02T21:07:58.554+0000] {logging_mixin.py:188} INFO - [2026-01-02T21:07:58.554+0000] {dag.py:3823} INFO - Setting next_dagrun for rugby_pipeline to 2026-01-02 00:00:00+00:00, run_after=2026-01-03 00:00:00+00:00
[2026-01-02T21:07:58.583+0000] {processor.py:183} INFO - Processing /opt/airflow/dags/rugby_pipeline.py took 0.095 seconds
[2026-01-02T21:08:28.932+0000] {processor.py:161} INFO - Started process (PID=30693) to work on /opt/airflow/dags/rugby_pipeline.py
[2026-01-02T21:08:28.934+0000] {processor.py:830} INFO - Processing file /opt/airflow/dags/rugby_pipeline.py for tasks to queue
[2026-01-02T21:08:28.935+0000] {logging_mixin.py:188} INFO - [2026-01-02T21:08:28.934+0000] {dagbag.py:538} INFO - Filling up the DagBag from /opt/airflow/dags/rugby_pipeline.py
[2026-01-02T21:08:28.954+0000] {processor.py:840} INFO - DAG(s) 'rugby_pipeline' retrieved from /opt/airflow/dags/rugby_pipeline.py
[2026-01-02T21:08:28.976+0000] {logging_mixin.py:188} INFO - [2026-01-02T21:08:28.976+0000] {dag.py:3036} INFO - Sync 1 DAGs
[2026-01-02T21:08:28.997+0000] {logging_mixin.py:188} INFO - [2026-01-02T21:08:28.997+0000] {dag.py:3823} INFO - Setting next_dagrun for rugby_pipeline to 2026-01-02 00:00:00+00:00, run_after=2026-01-03 00:00:00+00:00
[2026-01-02T21:08:29.024+0000] {processor.py:183} INFO - Processing /opt/airflow/dags/rugby_pipeline.py took 0.095 seconds
[2026-01-02T21:08:59.375+0000] {processor.py:161} INFO - Started process (PID=30713) to work on /opt/airflow/dags/rugby_pipeline.py
[2026-01-02T21:08:59.376+0000] {processor.py:830} INFO - Processing file /opt/airflow/dags/rugby_pipeline.py for tasks to queue
[2026-01-02T21:08:59.377+0000] {logging_mixin.py:188} INFO - [2026-01-02T21:08:59.377+0000] {dagbag.py:538} INFO - Filling up the DagBag from /opt/airflow/dags/rugby_pipeline.py
[2026-01-02T21:08:59.397+0000] {processor.py:840} INFO - DAG(s) 'rugby_pipeline' retrieved from /opt/airflow/dags/rugby_pipeline.py
[2026-01-02T21:08:59.417+0000] {logging_mixin.py:188} INFO - [2026-01-02T21:08:59.417+0000] {dag.py:3036} INFO - Sync 1 DAGs
[2026-01-02T21:08:59.437+0000] {logging_mixin.py:188} INFO - [2026-01-02T21:08:59.437+0000] {dag.py:3823} INFO - Setting next_dagrun for rugby_pipeline to 2026-01-02 00:00:00+00:00, run_after=2026-01-03 00:00:00+00:00
[2026-01-02T21:08:59.466+0000] {processor.py:183} INFO - Processing /opt/airflow/dags/rugby_pipeline.py took 0.095 seconds
[2026-01-02T21:09:29.789+0000] {processor.py:161} INFO - Started process (PID=30733) to work on /opt/airflow/dags/rugby_pipeline.py
[2026-01-02T21:09:29.790+0000] {processor.py:830} INFO - Processing file /opt/airflow/dags/rugby_pipeline.py for tasks to queue
[2026-01-02T21:09:29.792+0000] {logging_mixin.py:188} INFO - [2026-01-02T21:09:29.792+0000] {dagbag.py:538} INFO - Filling up the DagBag from /opt/airflow/dags/rugby_pipeline.py
[2026-01-02T21:09:29.811+0000] {processor.py:840} INFO - DAG(s) 'rugby_pipeline' retrieved from /opt/airflow/dags/rugby_pipeline.py
[2026-01-02T21:09:29.832+0000] {logging_mixin.py:188} INFO - [2026-01-02T21:09:29.832+0000] {dag.py:3036} INFO - Sync 1 DAGs
[2026-01-02T21:09:29.853+0000] {logging_mixin.py:188} INFO - [2026-01-02T21:09:29.853+0000] {dag.py:3823} INFO - Setting next_dagrun for rugby_pipeline to 2026-01-02 00:00:00+00:00, run_after=2026-01-03 00:00:00+00:00
[2026-01-02T21:09:29.870+0000] {processor.py:183} INFO - Processing /opt/airflow/dags/rugby_pipeline.py took 0.085 seconds
[2026-01-02T21:10:00.218+0000] {processor.py:161} INFO - Started process (PID=30753) to work on /opt/airflow/dags/rugby_pipeline.py
[2026-01-02T21:10:00.219+0000] {processor.py:830} INFO - Processing file /opt/airflow/dags/rugby_pipeline.py for tasks to queue
[2026-01-02T21:10:00.220+0000] {logging_mixin.py:188} INFO - [2026-01-02T21:10:00.220+0000] {dagbag.py:538} INFO - Filling up the DagBag from /opt/airflow/dags/rugby_pipeline.py
[2026-01-02T21:10:00.240+0000] {processor.py:840} INFO - DAG(s) 'rugby_pipeline' retrieved from /opt/airflow/dags/rugby_pipeline.py
[2026-01-02T21:10:00.263+0000] {logging_mixin.py:188} INFO - [2026-01-02T21:10:00.262+0000] {dag.py:3036} INFO - Sync 1 DAGs
[2026-01-02T21:10:00.283+0000] {logging_mixin.py:188} INFO - [2026-01-02T21:10:00.283+0000] {dag.py:3823} INFO - Setting next_dagrun for rugby_pipeline to 2026-01-02 00:00:00+00:00, run_after=2026-01-03 00:00:00+00:00
[2026-01-02T21:10:00.313+0000] {processor.py:183} INFO - Processing /opt/airflow/dags/rugby_pipeline.py took 0.098 seconds
[2026-01-02T21:10:30.648+0000] {processor.py:161} INFO - Started process (PID=30773) to work on /opt/airflow/dags/rugby_pipeline.py
[2026-01-02T21:10:30.650+0000] {processor.py:830} INFO - Processing file /opt/airflow/dags/rugby_pipeline.py for tasks to queue
[2026-01-02T21:10:30.651+0000] {logging_mixin.py:188} INFO - [2026-01-02T21:10:30.650+0000] {dagbag.py:538} INFO - Filling up the DagBag from /opt/airflow/dags/rugby_pipeline.py
[2026-01-02T21:10:30.669+0000] {processor.py:840} INFO - DAG(s) 'rugby_pipeline' retrieved from /opt/airflow/dags/rugby_pipeline.py
[2026-01-02T21:10:30.693+0000] {logging_mixin.py:188} INFO - [2026-01-02T21:10:30.693+0000] {dag.py:3036} INFO - Sync 1 DAGs
[2026-01-02T21:10:30.714+0000] {logging_mixin.py:188} INFO - [2026-01-02T21:10:30.714+0000] {dag.py:3823} INFO - Setting next_dagrun for rugby_pipeline to 2026-01-02 00:00:00+00:00, run_after=2026-01-03 00:00:00+00:00
[2026-01-02T21:10:30.744+0000] {processor.py:183} INFO - Processing /opt/airflow/dags/rugby_pipeline.py took 0.099 seconds
[2026-01-02T21:11:01.195+0000] {processor.py:161} INFO - Started process (PID=30793) to work on /opt/airflow/dags/rugby_pipeline.py
[2026-01-02T21:11:01.196+0000] {processor.py:830} INFO - Processing file /opt/airflow/dags/rugby_pipeline.py for tasks to queue
[2026-01-02T21:11:01.197+0000] {logging_mixin.py:188} INFO - [2026-01-02T21:11:01.197+0000] {dagbag.py:538} INFO - Filling up the DagBag from /opt/airflow/dags/rugby_pipeline.py
[2026-01-02T21:11:01.217+0000] {processor.py:840} INFO - DAG(s) 'rugby_pipeline' retrieved from /opt/airflow/dags/rugby_pipeline.py
[2026-01-02T21:11:01.241+0000] {logging_mixin.py:188} INFO - [2026-01-02T21:11:01.240+0000] {dag.py:3036} INFO - Sync 1 DAGs
[2026-01-02T21:11:01.261+0000] {logging_mixin.py:188} INFO - [2026-01-02T21:11:01.261+0000] {dag.py:3823} INFO - Setting next_dagrun for rugby_pipeline to 2026-01-02 00:00:00+00:00, run_after=2026-01-03 00:00:00+00:00
[2026-01-02T21:11:01.289+0000] {processor.py:183} INFO - Processing /opt/airflow/dags/rugby_pipeline.py took 0.098 seconds
[2026-01-02T21:11:31.620+0000] {processor.py:161} INFO - Started process (PID=30813) to work on /opt/airflow/dags/rugby_pipeline.py
[2026-01-02T21:11:31.621+0000] {processor.py:830} INFO - Processing file /opt/airflow/dags/rugby_pipeline.py for tasks to queue
[2026-01-02T21:11:31.622+0000] {logging_mixin.py:188} INFO - [2026-01-02T21:11:31.621+0000] {dagbag.py:538} INFO - Filling up the DagBag from /opt/airflow/dags/rugby_pipeline.py
[2026-01-02T21:11:31.641+0000] {processor.py:840} INFO - DAG(s) 'rugby_pipeline' retrieved from /opt/airflow/dags/rugby_pipeline.py
[2026-01-02T21:11:31.662+0000] {logging_mixin.py:188} INFO - [2026-01-02T21:11:31.661+0000] {dag.py:3036} INFO - Sync 1 DAGs
[2026-01-02T21:11:31.682+0000] {logging_mixin.py:188} INFO - [2026-01-02T21:11:31.682+0000] {dag.py:3823} INFO - Setting next_dagrun for rugby_pipeline to 2026-01-02 00:00:00+00:00, run_after=2026-01-03 00:00:00+00:00
[2026-01-02T21:11:31.711+0000] {processor.py:183} INFO - Processing /opt/airflow/dags/rugby_pipeline.py took 0.094 seconds
[2026-01-02T21:12:02.051+0000] {processor.py:161} INFO - Started process (PID=30833) to work on /opt/airflow/dags/rugby_pipeline.py
[2026-01-02T21:12:02.052+0000] {processor.py:830} INFO - Processing file /opt/airflow/dags/rugby_pipeline.py for tasks to queue
[2026-01-02T21:12:02.053+0000] {logging_mixin.py:188} INFO - [2026-01-02T21:12:02.053+0000] {dagbag.py:538} INFO - Filling up the DagBag from /opt/airflow/dags/rugby_pipeline.py
[2026-01-02T21:12:02.073+0000] {processor.py:840} INFO - DAG(s) 'rugby_pipeline' retrieved from /opt/airflow/dags/rugby_pipeline.py
[2026-01-02T21:12:02.094+0000] {logging_mixin.py:188} INFO - [2026-01-02T21:12:02.094+0000] {dag.py:3036} INFO - Sync 1 DAGs
[2026-01-02T21:12:02.114+0000] {logging_mixin.py:188} INFO - [2026-01-02T21:12:02.114+0000] {dag.py:3823} INFO - Setting next_dagrun for rugby_pipeline to 2026-01-02 00:00:00+00:00, run_after=2026-01-03 00:00:00+00:00
[2026-01-02T21:12:02.136+0000] {processor.py:183} INFO - Processing /opt/airflow/dags/rugby_pipeline.py took 0.089 seconds
[2026-01-02T21:12:32.585+0000] {processor.py:161} INFO - Started process (PID=30853) to work on /opt/airflow/dags/rugby_pipeline.py
[2026-01-02T21:12:32.587+0000] {processor.py:830} INFO - Processing file /opt/airflow/dags/rugby_pipeline.py for tasks to queue
[2026-01-02T21:12:32.588+0000] {logging_mixin.py:188} INFO - [2026-01-02T21:12:32.587+0000] {dagbag.py:538} INFO - Filling up the DagBag from /opt/airflow/dags/rugby_pipeline.py
[2026-01-02T21:12:32.607+0000] {processor.py:840} INFO - DAG(s) 'rugby_pipeline' retrieved from /opt/airflow/dags/rugby_pipeline.py
[2026-01-02T21:12:32.627+0000] {logging_mixin.py:188} INFO - [2026-01-02T21:12:32.627+0000] {dag.py:3036} INFO - Sync 1 DAGs
[2026-01-02T21:12:32.648+0000] {logging_mixin.py:188} INFO - [2026-01-02T21:12:32.647+0000] {dag.py:3823} INFO - Setting next_dagrun for rugby_pipeline to 2026-01-02 00:00:00+00:00, run_after=2026-01-03 00:00:00+00:00
[2026-01-02T21:12:32.677+0000] {processor.py:183} INFO - Processing /opt/airflow/dags/rugby_pipeline.py took 0.095 seconds
[2026-01-02T21:13:03.084+0000] {processor.py:161} INFO - Started process (PID=30873) to work on /opt/airflow/dags/rugby_pipeline.py
[2026-01-02T21:13:03.085+0000] {processor.py:830} INFO - Processing file /opt/airflow/dags/rugby_pipeline.py for tasks to queue
[2026-01-02T21:13:03.086+0000] {logging_mixin.py:188} INFO - [2026-01-02T21:13:03.085+0000] {dagbag.py:538} INFO - Filling up the DagBag from /opt/airflow/dags/rugby_pipeline.py
[2026-01-02T21:13:03.105+0000] {processor.py:840} INFO - DAG(s) 'rugby_pipeline' retrieved from /opt/airflow/dags/rugby_pipeline.py
[2026-01-02T21:13:03.126+0000] {logging_mixin.py:188} INFO - [2026-01-02T21:13:03.126+0000] {dag.py:3036} INFO - Sync 1 DAGs
[2026-01-02T21:13:03.147+0000] {logging_mixin.py:188} INFO - [2026-01-02T21:13:03.147+0000] {dag.py:3823} INFO - Setting next_dagrun for rugby_pipeline to 2026-01-02 00:00:00+00:00, run_after=2026-01-03 00:00:00+00:00
[2026-01-02T21:13:03.176+0000] {processor.py:183} INFO - Processing /opt/airflow/dags/rugby_pipeline.py took 0.095 seconds
[2026-01-02T21:13:33.524+0000] {processor.py:161} INFO - Started process (PID=30893) to work on /opt/airflow/dags/rugby_pipeline.py
[2026-01-02T21:13:33.525+0000] {processor.py:830} INFO - Processing file /opt/airflow/dags/rugby_pipeline.py for tasks to queue
[2026-01-02T21:13:33.526+0000] {logging_mixin.py:188} INFO - [2026-01-02T21:13:33.525+0000] {dagbag.py:538} INFO - Filling up the DagBag from /opt/airflow/dags/rugby_pipeline.py
[2026-01-02T21:13:33.545+0000] {processor.py:840} INFO - DAG(s) 'rugby_pipeline' retrieved from /opt/airflow/dags/rugby_pipeline.py
[2026-01-02T21:13:33.566+0000] {logging_mixin.py:188} INFO - [2026-01-02T21:13:33.566+0000] {dag.py:3036} INFO - Sync 1 DAGs
[2026-01-02T21:13:33.586+0000] {logging_mixin.py:188} INFO - [2026-01-02T21:13:33.586+0000] {dag.py:3823} INFO - Setting next_dagrun for rugby_pipeline to 2026-01-02 00:00:00+00:00, run_after=2026-01-03 00:00:00+00:00
[2026-01-02T21:13:33.604+0000] {processor.py:183} INFO - Processing /opt/airflow/dags/rugby_pipeline.py took 0.084 seconds
[2026-01-02T21:14:03.951+0000] {processor.py:161} INFO - Started process (PID=30913) to work on /opt/airflow/dags/rugby_pipeline.py
[2026-01-02T21:14:03.952+0000] {processor.py:830} INFO - Processing file /opt/airflow/dags/rugby_pipeline.py for tasks to queue
[2026-01-02T21:14:03.953+0000] {logging_mixin.py:188} INFO - [2026-01-02T21:14:03.953+0000] {dagbag.py:538} INFO - Filling up the DagBag from /opt/airflow/dags/rugby_pipeline.py
[2026-01-02T21:14:03.973+0000] {processor.py:840} INFO - DAG(s) 'rugby_pipeline' retrieved from /opt/airflow/dags/rugby_pipeline.py
[2026-01-02T21:14:03.993+0000] {logging_mixin.py:188} INFO - [2026-01-02T21:14:03.993+0000] {dag.py:3036} INFO - Sync 1 DAGs
[2026-01-02T21:14:04.013+0000] {logging_mixin.py:188} INFO - [2026-01-02T21:14:04.013+0000] {dag.py:3823} INFO - Setting next_dagrun for rugby_pipeline to 2026-01-02 00:00:00+00:00, run_after=2026-01-03 00:00:00+00:00
[2026-01-02T21:14:04.030+0000] {processor.py:183} INFO - Processing /opt/airflow/dags/rugby_pipeline.py took 0.082 seconds
[2026-01-02T21:14:34.376+0000] {processor.py:161} INFO - Started process (PID=30933) to work on /opt/airflow/dags/rugby_pipeline.py
[2026-01-02T21:14:34.377+0000] {processor.py:830} INFO - Processing file /opt/airflow/dags/rugby_pipeline.py for tasks to queue
[2026-01-02T21:14:34.378+0000] {logging_mixin.py:188} INFO - [2026-01-02T21:14:34.378+0000] {dagbag.py:538} INFO - Filling up the DagBag from /opt/airflow/dags/rugby_pipeline.py
[2026-01-02T21:14:34.398+0000] {processor.py:840} INFO - DAG(s) 'rugby_pipeline' retrieved from /opt/airflow/dags/rugby_pipeline.py
[2026-01-02T21:14:34.418+0000] {logging_mixin.py:188} INFO - [2026-01-02T21:14:34.418+0000] {dag.py:3036} INFO - Sync 1 DAGs
[2026-01-02T21:14:34.438+0000] {logging_mixin.py:188} INFO - [2026-01-02T21:14:34.438+0000] {dag.py:3823} INFO - Setting next_dagrun for rugby_pipeline to 2026-01-02 00:00:00+00:00, run_after=2026-01-03 00:00:00+00:00
[2026-01-02T21:14:34.466+0000] {processor.py:183} INFO - Processing /opt/airflow/dags/rugby_pipeline.py took 0.093 seconds
[2026-01-02T21:15:04.803+0000] {processor.py:161} INFO - Started process (PID=30953) to work on /opt/airflow/dags/rugby_pipeline.py
[2026-01-02T21:15:04.804+0000] {processor.py:830} INFO - Processing file /opt/airflow/dags/rugby_pipeline.py for tasks to queue
[2026-01-02T21:15:04.805+0000] {logging_mixin.py:188} INFO - [2026-01-02T21:15:04.805+0000] {dagbag.py:538} INFO - Filling up the DagBag from /opt/airflow/dags/rugby_pipeline.py
[2026-01-02T21:15:04.825+0000] {processor.py:840} INFO - DAG(s) 'rugby_pipeline' retrieved from /opt/airflow/dags/rugby_pipeline.py
[2026-01-02T21:15:04.846+0000] {logging_mixin.py:188} INFO - [2026-01-02T21:15:04.846+0000] {dag.py:3036} INFO - Sync 1 DAGs
[2026-01-02T21:15:04.866+0000] {logging_mixin.py:188} INFO - [2026-01-02T21:15:04.866+0000] {dag.py:3823} INFO - Setting next_dagrun for rugby_pipeline to 2026-01-02 00:00:00+00:00, run_after=2026-01-03 00:00:00+00:00
[2026-01-02T21:15:04.894+0000] {processor.py:183} INFO - Processing /opt/airflow/dags/rugby_pipeline.py took 0.095 seconds
[2026-01-02T21:15:35.225+0000] {processor.py:161} INFO - Started process (PID=30973) to work on /opt/airflow/dags/rugby_pipeline.py
[2026-01-02T21:15:35.227+0000] {processor.py:830} INFO - Processing file /opt/airflow/dags/rugby_pipeline.py for tasks to queue
[2026-01-02T21:15:35.228+0000] {logging_mixin.py:188} INFO - [2026-01-02T21:15:35.227+0000] {dagbag.py:538} INFO - Filling up the DagBag from /opt/airflow/dags/rugby_pipeline.py
[2026-01-02T21:15:35.248+0000] {processor.py:840} INFO - DAG(s) 'rugby_pipeline' retrieved from /opt/airflow/dags/rugby_pipeline.py
[2026-01-02T21:15:35.270+0000] {logging_mixin.py:188} INFO - [2026-01-02T21:15:35.269+0000] {dag.py:3036} INFO - Sync 1 DAGs
[2026-01-02T21:15:35.290+0000] {logging_mixin.py:188} INFO - [2026-01-02T21:15:35.290+0000] {dag.py:3823} INFO - Setting next_dagrun for rugby_pipeline to 2026-01-02 00:00:00+00:00, run_after=2026-01-03 00:00:00+00:00
[2026-01-02T21:15:35.319+0000] {processor.py:183} INFO - Processing /opt/airflow/dags/rugby_pipeline.py took 0.097 seconds
[2026-01-02T21:16:05.650+0000] {processor.py:161} INFO - Started process (PID=30993) to work on /opt/airflow/dags/rugby_pipeline.py
[2026-01-02T21:16:05.652+0000] {processor.py:830} INFO - Processing file /opt/airflow/dags/rugby_pipeline.py for tasks to queue
[2026-01-02T21:16:05.653+0000] {logging_mixin.py:188} INFO - [2026-01-02T21:16:05.652+0000] {dagbag.py:538} INFO - Filling up the DagBag from /opt/airflow/dags/rugby_pipeline.py
[2026-01-02T21:16:05.674+0000] {processor.py:840} INFO - DAG(s) 'rugby_pipeline' retrieved from /opt/airflow/dags/rugby_pipeline.py
[2026-01-02T21:16:05.698+0000] {logging_mixin.py:188} INFO - [2026-01-02T21:16:05.698+0000] {dag.py:3036} INFO - Sync 1 DAGs
[2026-01-02T21:16:05.723+0000] {logging_mixin.py:188} INFO - [2026-01-02T21:16:05.723+0000] {dag.py:3823} INFO - Setting next_dagrun for rugby_pipeline to 2026-01-02 00:00:00+00:00, run_after=2026-01-03 00:00:00+00:00
[2026-01-02T21:16:05.756+0000] {processor.py:183} INFO - Processing /opt/airflow/dags/rugby_pipeline.py took 0.109 seconds
[2026-01-02T21:16:36.064+0000] {processor.py:161} INFO - Started process (PID=31013) to work on /opt/airflow/dags/rugby_pipeline.py
[2026-01-02T21:16:36.066+0000] {processor.py:830} INFO - Processing file /opt/airflow/dags/rugby_pipeline.py for tasks to queue
[2026-01-02T21:16:36.067+0000] {logging_mixin.py:188} INFO - [2026-01-02T21:16:36.066+0000] {dagbag.py:538} INFO - Filling up the DagBag from /opt/airflow/dags/rugby_pipeline.py
[2026-01-02T21:16:36.091+0000] {processor.py:840} INFO - DAG(s) 'rugby_pipeline' retrieved from /opt/airflow/dags/rugby_pipeline.py
[2026-01-02T21:16:36.116+0000] {logging_mixin.py:188} INFO - [2026-01-02T21:16:36.116+0000] {dag.py:3036} INFO - Sync 1 DAGs
[2026-01-02T21:16:36.142+0000] {logging_mixin.py:188} INFO - [2026-01-02T21:16:36.142+0000] {dag.py:3823} INFO - Setting next_dagrun for rugby_pipeline to 2026-01-02 00:00:00+00:00, run_after=2026-01-03 00:00:00+00:00
[2026-01-02T21:16:36.162+0000] {processor.py:183} INFO - Processing /opt/airflow/dags/rugby_pipeline.py took 0.102 seconds
[2026-01-02T21:17:06.593+0000] {processor.py:161} INFO - Started process (PID=31033) to work on /opt/airflow/dags/rugby_pipeline.py
[2026-01-02T21:17:06.594+0000] {processor.py:830} INFO - Processing file /opt/airflow/dags/rugby_pipeline.py for tasks to queue
[2026-01-02T21:17:06.595+0000] {logging_mixin.py:188} INFO - [2026-01-02T21:17:06.595+0000] {dagbag.py:538} INFO - Filling up the DagBag from /opt/airflow/dags/rugby_pipeline.py
[2026-01-02T21:17:06.614+0000] {processor.py:840} INFO - DAG(s) 'rugby_pipeline' retrieved from /opt/airflow/dags/rugby_pipeline.py
[2026-01-02T21:17:06.639+0000] {logging_mixin.py:188} INFO - [2026-01-02T21:17:06.639+0000] {dag.py:3036} INFO - Sync 1 DAGs
[2026-01-02T21:17:06.662+0000] {logging_mixin.py:188} INFO - [2026-01-02T21:17:06.661+0000] {dag.py:3823} INFO - Setting next_dagrun for rugby_pipeline to 2026-01-02 00:00:00+00:00, run_after=2026-01-03 00:00:00+00:00
[2026-01-02T21:17:06.680+0000] {processor.py:183} INFO - Processing /opt/airflow/dags/rugby_pipeline.py took 0.092 seconds
[2026-01-02T21:17:37.077+0000] {processor.py:161} INFO - Started process (PID=31053) to work on /opt/airflow/dags/rugby_pipeline.py
[2026-01-02T21:17:37.078+0000] {processor.py:830} INFO - Processing file /opt/airflow/dags/rugby_pipeline.py for tasks to queue
[2026-01-02T21:17:37.079+0000] {logging_mixin.py:188} INFO - [2026-01-02T21:17:37.079+0000] {dagbag.py:538} INFO - Filling up the DagBag from /opt/airflow/dags/rugby_pipeline.py
[2026-01-02T21:17:37.100+0000] {processor.py:840} INFO - DAG(s) 'rugby_pipeline' retrieved from /opt/airflow/dags/rugby_pipeline.py
[2026-01-02T21:17:37.124+0000] {logging_mixin.py:188} INFO - [2026-01-02T21:17:37.123+0000] {dag.py:3036} INFO - Sync 1 DAGs
[2026-01-02T21:17:37.147+0000] {logging_mixin.py:188} INFO - [2026-01-02T21:17:37.147+0000] {dag.py:3823} INFO - Setting next_dagrun for rugby_pipeline to 2026-01-02 00:00:00+00:00, run_after=2026-01-03 00:00:00+00:00
[2026-01-02T21:17:37.178+0000] {processor.py:183} INFO - Processing /opt/airflow/dags/rugby_pipeline.py took 0.105 seconds
[2026-01-02T21:18:07.491+0000] {processor.py:161} INFO - Started process (PID=31073) to work on /opt/airflow/dags/rugby_pipeline.py
[2026-01-02T21:18:07.492+0000] {processor.py:830} INFO - Processing file /opt/airflow/dags/rugby_pipeline.py for tasks to queue
[2026-01-02T21:18:07.493+0000] {logging_mixin.py:188} INFO - [2026-01-02T21:18:07.493+0000] {dagbag.py:538} INFO - Filling up the DagBag from /opt/airflow/dags/rugby_pipeline.py
[2026-01-02T21:18:07.514+0000] {processor.py:840} INFO - DAG(s) 'rugby_pipeline' retrieved from /opt/airflow/dags/rugby_pipeline.py
[2026-01-02T21:18:07.536+0000] {logging_mixin.py:188} INFO - [2026-01-02T21:18:07.536+0000] {dag.py:3036} INFO - Sync 1 DAGs
[2026-01-02T21:18:07.560+0000] {logging_mixin.py:188} INFO - [2026-01-02T21:18:07.559+0000] {dag.py:3823} INFO - Setting next_dagrun for rugby_pipeline to 2026-01-02 00:00:00+00:00, run_after=2026-01-03 00:00:00+00:00
[2026-01-02T21:18:07.579+0000] {processor.py:183} INFO - Processing /opt/airflow/dags/rugby_pipeline.py took 0.092 seconds
[2026-01-02T21:18:37.906+0000] {processor.py:161} INFO - Started process (PID=31093) to work on /opt/airflow/dags/rugby_pipeline.py
[2026-01-02T21:18:37.908+0000] {processor.py:830} INFO - Processing file /opt/airflow/dags/rugby_pipeline.py for tasks to queue
[2026-01-02T21:18:37.909+0000] {logging_mixin.py:188} INFO - [2026-01-02T21:18:37.908+0000] {dagbag.py:538} INFO - Filling up the DagBag from /opt/airflow/dags/rugby_pipeline.py
[2026-01-02T21:18:37.930+0000] {processor.py:840} INFO - DAG(s) 'rugby_pipeline' retrieved from /opt/airflow/dags/rugby_pipeline.py
[2026-01-02T21:18:37.962+0000] {logging_mixin.py:188} INFO - [2026-01-02T21:18:37.962+0000] {dag.py:3036} INFO - Sync 1 DAGs
[2026-01-02T21:18:37.986+0000] {logging_mixin.py:188} INFO - [2026-01-02T21:18:37.986+0000] {dag.py:3823} INFO - Setting next_dagrun for rugby_pipeline to 2026-01-02 00:00:00+00:00, run_after=2026-01-03 00:00:00+00:00
[2026-01-02T21:18:38.010+0000] {processor.py:183} INFO - Processing /opt/airflow/dags/rugby_pipeline.py took 0.107 seconds
[2026-01-02T21:19:08.324+0000] {processor.py:161} INFO - Started process (PID=31113) to work on /opt/airflow/dags/rugby_pipeline.py
[2026-01-02T21:19:08.325+0000] {processor.py:830} INFO - Processing file /opt/airflow/dags/rugby_pipeline.py for tasks to queue
[2026-01-02T21:19:08.326+0000] {logging_mixin.py:188} INFO - [2026-01-02T21:19:08.326+0000] {dagbag.py:538} INFO - Filling up the DagBag from /opt/airflow/dags/rugby_pipeline.py
[2026-01-02T21:19:08.347+0000] {processor.py:840} INFO - DAG(s) 'rugby_pipeline' retrieved from /opt/airflow/dags/rugby_pipeline.py
[2026-01-02T21:19:08.370+0000] {logging_mixin.py:188} INFO - [2026-01-02T21:19:08.369+0000] {dag.py:3036} INFO - Sync 1 DAGs
[2026-01-02T21:19:08.394+0000] {logging_mixin.py:188} INFO - [2026-01-02T21:19:08.394+0000] {dag.py:3823} INFO - Setting next_dagrun for rugby_pipeline to 2026-01-02 00:00:00+00:00, run_after=2026-01-03 00:00:00+00:00
[2026-01-02T21:19:08.425+0000] {processor.py:183} INFO - Processing /opt/airflow/dags/rugby_pipeline.py took 0.106 seconds
[2026-01-02T21:19:38.725+0000] {processor.py:161} INFO - Started process (PID=31133) to work on /opt/airflow/dags/rugby_pipeline.py
[2026-01-02T21:19:38.727+0000] {processor.py:830} INFO - Processing file /opt/airflow/dags/rugby_pipeline.py for tasks to queue
[2026-01-02T21:19:38.727+0000] {logging_mixin.py:188} INFO - [2026-01-02T21:19:38.727+0000] {dagbag.py:538} INFO - Filling up the DagBag from /opt/airflow/dags/rugby_pipeline.py
[2026-01-02T21:19:38.748+0000] {processor.py:840} INFO - DAG(s) 'rugby_pipeline' retrieved from /opt/airflow/dags/rugby_pipeline.py
[2026-01-02T21:19:38.771+0000] {logging_mixin.py:188} INFO - [2026-01-02T21:19:38.771+0000] {dag.py:3036} INFO - Sync 1 DAGs
[2026-01-02T21:19:38.794+0000] {logging_mixin.py:188} INFO - [2026-01-02T21:19:38.793+0000] {dag.py:3823} INFO - Setting next_dagrun for rugby_pipeline to 2026-01-02 00:00:00+00:00, run_after=2026-01-03 00:00:00+00:00
[2026-01-02T21:19:38.825+0000] {processor.py:183} INFO - Processing /opt/airflow/dags/rugby_pipeline.py took 0.103 seconds
[2026-01-02T21:20:09.248+0000] {processor.py:161} INFO - Started process (PID=31153) to work on /opt/airflow/dags/rugby_pipeline.py
[2026-01-02T21:20:09.250+0000] {processor.py:830} INFO - Processing file /opt/airflow/dags/rugby_pipeline.py for tasks to queue
[2026-01-02T21:20:09.251+0000] {logging_mixin.py:188} INFO - [2026-01-02T21:20:09.250+0000] {dagbag.py:538} INFO - Filling up the DagBag from /opt/airflow/dags/rugby_pipeline.py
[2026-01-02T21:20:09.274+0000] {processor.py:840} INFO - DAG(s) 'rugby_pipeline' retrieved from /opt/airflow/dags/rugby_pipeline.py
[2026-01-02T21:20:09.301+0000] {logging_mixin.py:188} INFO - [2026-01-02T21:20:09.301+0000] {dag.py:3036} INFO - Sync 1 DAGs
[2026-01-02T21:20:09.323+0000] {logging_mixin.py:188} INFO - [2026-01-02T21:20:09.323+0000] {dag.py:3823} INFO - Setting next_dagrun for rugby_pipeline to 2026-01-02 00:00:00+00:00, run_after=2026-01-03 00:00:00+00:00
[2026-01-02T21:20:09.346+0000] {processor.py:183} INFO - Processing /opt/airflow/dags/rugby_pipeline.py took 0.102 seconds
[2026-01-02T21:20:39.666+0000] {processor.py:161} INFO - Started process (PID=31173) to work on /opt/airflow/dags/rugby_pipeline.py
[2026-01-02T21:20:39.668+0000] {processor.py:830} INFO - Processing file /opt/airflow/dags/rugby_pipeline.py for tasks to queue
[2026-01-02T21:20:39.669+0000] {logging_mixin.py:188} INFO - [2026-01-02T21:20:39.668+0000] {dagbag.py:538} INFO - Filling up the DagBag from /opt/airflow/dags/rugby_pipeline.py
[2026-01-02T21:20:39.689+0000] {processor.py:840} INFO - DAG(s) 'rugby_pipeline' retrieved from /opt/airflow/dags/rugby_pipeline.py
[2026-01-02T21:20:39.712+0000] {logging_mixin.py:188} INFO - [2026-01-02T21:20:39.712+0000] {dag.py:3036} INFO - Sync 1 DAGs
[2026-01-02T21:20:39.735+0000] {logging_mixin.py:188} INFO - [2026-01-02T21:20:39.735+0000] {dag.py:3823} INFO - Setting next_dagrun for rugby_pipeline to 2026-01-02 00:00:00+00:00, run_after=2026-01-03 00:00:00+00:00
[2026-01-02T21:20:39.768+0000] {processor.py:183} INFO - Processing /opt/airflow/dags/rugby_pipeline.py took 0.105 seconds
[2026-01-02T21:21:10.098+0000] {processor.py:161} INFO - Started process (PID=31193) to work on /opt/airflow/dags/rugby_pipeline.py
[2026-01-02T21:21:10.099+0000] {processor.py:830} INFO - Processing file /opt/airflow/dags/rugby_pipeline.py for tasks to queue
[2026-01-02T21:21:10.101+0000] {logging_mixin.py:188} INFO - [2026-01-02T21:21:10.100+0000] {dagbag.py:538} INFO - Filling up the DagBag from /opt/airflow/dags/rugby_pipeline.py
[2026-01-02T21:21:10.121+0000] {processor.py:840} INFO - DAG(s) 'rugby_pipeline' retrieved from /opt/airflow/dags/rugby_pipeline.py
[2026-01-02T21:21:10.151+0000] {logging_mixin.py:188} INFO - [2026-01-02T21:21:10.150+0000] {dag.py:3036} INFO - Sync 1 DAGs
[2026-01-02T21:21:10.173+0000] {logging_mixin.py:188} INFO - [2026-01-02T21:21:10.173+0000] {dag.py:3823} INFO - Setting next_dagrun for rugby_pipeline to 2026-01-02 00:00:00+00:00, run_after=2026-01-03 00:00:00+00:00
[2026-01-02T21:21:10.205+0000] {processor.py:183} INFO - Processing /opt/airflow/dags/rugby_pipeline.py took 0.110 seconds
[2026-01-02T21:21:40.540+0000] {processor.py:161} INFO - Started process (PID=31213) to work on /opt/airflow/dags/rugby_pipeline.py
[2026-01-02T21:21:40.541+0000] {processor.py:830} INFO - Processing file /opt/airflow/dags/rugby_pipeline.py for tasks to queue
[2026-01-02T21:21:40.542+0000] {logging_mixin.py:188} INFO - [2026-01-02T21:21:40.542+0000] {dagbag.py:538} INFO - Filling up the DagBag from /opt/airflow/dags/rugby_pipeline.py
[2026-01-02T21:21:40.564+0000] {processor.py:840} INFO - DAG(s) 'rugby_pipeline' retrieved from /opt/airflow/dags/rugby_pipeline.py
[2026-01-02T21:21:40.594+0000] {logging_mixin.py:188} INFO - [2026-01-02T21:21:40.593+0000] {dag.py:3036} INFO - Sync 1 DAGs
[2026-01-02T21:21:40.617+0000] {logging_mixin.py:188} INFO - [2026-01-02T21:21:40.617+0000] {dag.py:3823} INFO - Setting next_dagrun for rugby_pipeline to 2026-01-02 00:00:00+00:00, run_after=2026-01-03 00:00:00+00:00
[2026-01-02T21:21:40.649+0000] {processor.py:183} INFO - Processing /opt/airflow/dags/rugby_pipeline.py took 0.113 seconds
[2026-01-02T21:22:10.964+0000] {processor.py:161} INFO - Started process (PID=31233) to work on /opt/airflow/dags/rugby_pipeline.py
[2026-01-02T21:22:10.965+0000] {processor.py:830} INFO - Processing file /opt/airflow/dags/rugby_pipeline.py for tasks to queue
[2026-01-02T21:22:10.967+0000] {logging_mixin.py:188} INFO - [2026-01-02T21:22:10.966+0000] {dagbag.py:538} INFO - Filling up the DagBag from /opt/airflow/dags/rugby_pipeline.py
[2026-01-02T21:22:10.989+0000] {processor.py:840} INFO - DAG(s) 'rugby_pipeline' retrieved from /opt/airflow/dags/rugby_pipeline.py
[2026-01-02T21:22:11.012+0000] {logging_mixin.py:188} INFO - [2026-01-02T21:22:11.012+0000] {dag.py:3036} INFO - Sync 1 DAGs
[2026-01-02T21:22:11.035+0000] {logging_mixin.py:188} INFO - [2026-01-02T21:22:11.035+0000] {dag.py:3823} INFO - Setting next_dagrun for rugby_pipeline to 2026-01-02 00:00:00+00:00, run_after=2026-01-03 00:00:00+00:00
[2026-01-02T21:22:11.056+0000] {processor.py:183} INFO - Processing /opt/airflow/dags/rugby_pipeline.py took 0.097 seconds
[2026-01-02T21:22:41.562+0000] {processor.py:161} INFO - Started process (PID=31253) to work on /opt/airflow/dags/rugby_pipeline.py
[2026-01-02T21:22:41.563+0000] {processor.py:830} INFO - Processing file /opt/airflow/dags/rugby_pipeline.py for tasks to queue
[2026-01-02T21:22:41.564+0000] {logging_mixin.py:188} INFO - [2026-01-02T21:22:41.564+0000] {dagbag.py:538} INFO - Filling up the DagBag from /opt/airflow/dags/rugby_pipeline.py
[2026-01-02T21:22:41.584+0000] {processor.py:840} INFO - DAG(s) 'rugby_pipeline' retrieved from /opt/airflow/dags/rugby_pipeline.py
[2026-01-02T21:22:41.608+0000] {logging_mixin.py:188} INFO - [2026-01-02T21:22:41.608+0000] {dag.py:3036} INFO - Sync 1 DAGs
[2026-01-02T21:22:41.630+0000] {logging_mixin.py:188} INFO - [2026-01-02T21:22:41.630+0000] {dag.py:3823} INFO - Setting next_dagrun for rugby_pipeline to 2026-01-02 00:00:00+00:00, run_after=2026-01-03 00:00:00+00:00
[2026-01-02T21:22:41.660+0000] {processor.py:183} INFO - Processing /opt/airflow/dags/rugby_pipeline.py took 0.102 seconds
[2026-01-02T21:23:11.973+0000] {processor.py:161} INFO - Started process (PID=31273) to work on /opt/airflow/dags/rugby_pipeline.py
[2026-01-02T21:23:11.974+0000] {processor.py:830} INFO - Processing file /opt/airflow/dags/rugby_pipeline.py for tasks to queue
[2026-01-02T21:23:11.975+0000] {logging_mixin.py:188} INFO - [2026-01-02T21:23:11.975+0000] {dagbag.py:538} INFO - Filling up the DagBag from /opt/airflow/dags/rugby_pipeline.py
[2026-01-02T21:23:11.995+0000] {processor.py:840} INFO - DAG(s) 'rugby_pipeline' retrieved from /opt/airflow/dags/rugby_pipeline.py
[2026-01-02T21:23:12.017+0000] {logging_mixin.py:188} INFO - [2026-01-02T21:23:12.017+0000] {dag.py:3036} INFO - Sync 1 DAGs
[2026-01-02T21:23:12.040+0000] {logging_mixin.py:188} INFO - [2026-01-02T21:23:12.039+0000] {dag.py:3823} INFO - Setting next_dagrun for rugby_pipeline to 2026-01-02 00:00:00+00:00, run_after=2026-01-03 00:00:00+00:00
[2026-01-02T21:23:12.060+0000] {processor.py:183} INFO - Processing /opt/airflow/dags/rugby_pipeline.py took 0.092 seconds
[2026-01-02T21:23:42.385+0000] {processor.py:161} INFO - Started process (PID=31293) to work on /opt/airflow/dags/rugby_pipeline.py
[2026-01-02T21:23:42.387+0000] {processor.py:830} INFO - Processing file /opt/airflow/dags/rugby_pipeline.py for tasks to queue
[2026-01-02T21:23:42.388+0000] {logging_mixin.py:188} INFO - [2026-01-02T21:23:42.387+0000] {dagbag.py:538} INFO - Filling up the DagBag from /opt/airflow/dags/rugby_pipeline.py
[2026-01-02T21:23:42.408+0000] {processor.py:840} INFO - DAG(s) 'rugby_pipeline' retrieved from /opt/airflow/dags/rugby_pipeline.py
[2026-01-02T21:23:42.432+0000] {logging_mixin.py:188} INFO - [2026-01-02T21:23:42.432+0000] {dag.py:3036} INFO - Sync 1 DAGs
[2026-01-02T21:23:42.454+0000] {logging_mixin.py:188} INFO - [2026-01-02T21:23:42.454+0000] {dag.py:3823} INFO - Setting next_dagrun for rugby_pipeline to 2026-01-02 00:00:00+00:00, run_after=2026-01-03 00:00:00+00:00
[2026-01-02T21:23:42.485+0000] {processor.py:183} INFO - Processing /opt/airflow/dags/rugby_pipeline.py took 0.103 seconds
[2026-01-02T21:24:12.801+0000] {processor.py:161} INFO - Started process (PID=31313) to work on /opt/airflow/dags/rugby_pipeline.py
[2026-01-02T21:24:12.802+0000] {processor.py:830} INFO - Processing file /opt/airflow/dags/rugby_pipeline.py for tasks to queue
[2026-01-02T21:24:12.803+0000] {logging_mixin.py:188} INFO - [2026-01-02T21:24:12.803+0000] {dagbag.py:538} INFO - Filling up the DagBag from /opt/airflow/dags/rugby_pipeline.py
[2026-01-02T21:24:12.829+0000] {processor.py:840} INFO - DAG(s) 'rugby_pipeline' retrieved from /opt/airflow/dags/rugby_pipeline.py
[2026-01-02T21:24:12.858+0000] {logging_mixin.py:188} INFO - [2026-01-02T21:24:12.857+0000] {dag.py:3036} INFO - Sync 1 DAGs
[2026-01-02T21:24:12.883+0000] {logging_mixin.py:188} INFO - [2026-01-02T21:24:12.883+0000] {dag.py:3823} INFO - Setting next_dagrun for rugby_pipeline to 2026-01-02 00:00:00+00:00, run_after=2026-01-03 00:00:00+00:00
[2026-01-02T21:24:12.916+0000] {processor.py:183} INFO - Processing /opt/airflow/dags/rugby_pipeline.py took 0.120 seconds
[2026-01-02T21:24:43.226+0000] {processor.py:161} INFO - Started process (PID=31333) to work on /opt/airflow/dags/rugby_pipeline.py
[2026-01-02T21:24:43.228+0000] {processor.py:830} INFO - Processing file /opt/airflow/dags/rugby_pipeline.py for tasks to queue
[2026-01-02T21:24:43.229+0000] {logging_mixin.py:188} INFO - [2026-01-02T21:24:43.229+0000] {dagbag.py:538} INFO - Filling up the DagBag from /opt/airflow/dags/rugby_pipeline.py
[2026-01-02T21:24:43.251+0000] {processor.py:840} INFO - DAG(s) 'rugby_pipeline' retrieved from /opt/airflow/dags/rugby_pipeline.py
[2026-01-02T21:24:43.275+0000] {logging_mixin.py:188} INFO - [2026-01-02T21:24:43.274+0000] {dag.py:3036} INFO - Sync 1 DAGs
[2026-01-02T21:24:43.300+0000] {logging_mixin.py:188} INFO - [2026-01-02T21:24:43.299+0000] {dag.py:3823} INFO - Setting next_dagrun for rugby_pipeline to 2026-01-02 00:00:00+00:00, run_after=2026-01-03 00:00:00+00:00
[2026-01-02T21:24:43.319+0000] {processor.py:183} INFO - Processing /opt/airflow/dags/rugby_pipeline.py took 0.096 seconds
[2026-01-02T21:25:13.651+0000] {processor.py:161} INFO - Started process (PID=31353) to work on /opt/airflow/dags/rugby_pipeline.py
[2026-01-02T21:25:13.652+0000] {processor.py:830} INFO - Processing file /opt/airflow/dags/rugby_pipeline.py for tasks to queue
[2026-01-02T21:25:13.653+0000] {logging_mixin.py:188} INFO - [2026-01-02T21:25:13.653+0000] {dagbag.py:538} INFO - Filling up the DagBag from /opt/airflow/dags/rugby_pipeline.py
[2026-01-02T21:25:13.674+0000] {processor.py:840} INFO - DAG(s) 'rugby_pipeline' retrieved from /opt/airflow/dags/rugby_pipeline.py
[2026-01-02T21:25:13.697+0000] {logging_mixin.py:188} INFO - [2026-01-02T21:25:13.696+0000] {dag.py:3036} INFO - Sync 1 DAGs
[2026-01-02T21:25:13.719+0000] {logging_mixin.py:188} INFO - [2026-01-02T21:25:13.719+0000] {dag.py:3823} INFO - Setting next_dagrun for rugby_pipeline to 2026-01-02 00:00:00+00:00, run_after=2026-01-03 00:00:00+00:00
[2026-01-02T21:25:13.739+0000] {processor.py:183} INFO - Processing /opt/airflow/dags/rugby_pipeline.py took 0.092 seconds
[2026-01-02T21:25:44.202+0000] {processor.py:161} INFO - Started process (PID=31373) to work on /opt/airflow/dags/rugby_pipeline.py
[2026-01-02T21:25:44.203+0000] {processor.py:830} INFO - Processing file /opt/airflow/dags/rugby_pipeline.py for tasks to queue
[2026-01-02T21:25:44.204+0000] {logging_mixin.py:188} INFO - [2026-01-02T21:25:44.204+0000] {dagbag.py:538} INFO - Filling up the DagBag from /opt/airflow/dags/rugby_pipeline.py
[2026-01-02T21:25:44.225+0000] {processor.py:840} INFO - DAG(s) 'rugby_pipeline' retrieved from /opt/airflow/dags/rugby_pipeline.py
[2026-01-02T21:25:44.251+0000] {logging_mixin.py:188} INFO - [2026-01-02T21:25:44.251+0000] {dag.py:3036} INFO - Sync 1 DAGs
[2026-01-02T21:25:44.274+0000] {logging_mixin.py:188} INFO - [2026-01-02T21:25:44.274+0000] {dag.py:3823} INFO - Setting next_dagrun for rugby_pipeline to 2026-01-02 00:00:00+00:00, run_after=2026-01-03 00:00:00+00:00
[2026-01-02T21:25:44.306+0000] {processor.py:183} INFO - Processing /opt/airflow/dags/rugby_pipeline.py took 0.108 seconds
[2026-01-02T21:26:14.612+0000] {processor.py:161} INFO - Started process (PID=31393) to work on /opt/airflow/dags/rugby_pipeline.py
[2026-01-02T21:26:14.613+0000] {processor.py:830} INFO - Processing file /opt/airflow/dags/rugby_pipeline.py for tasks to queue
[2026-01-02T21:26:14.615+0000] {logging_mixin.py:188} INFO - [2026-01-02T21:26:14.614+0000] {dagbag.py:538} INFO - Filling up the DagBag from /opt/airflow/dags/rugby_pipeline.py
[2026-01-02T21:26:14.635+0000] {processor.py:840} INFO - DAG(s) 'rugby_pipeline' retrieved from /opt/airflow/dags/rugby_pipeline.py
[2026-01-02T21:26:14.658+0000] {logging_mixin.py:188} INFO - [2026-01-02T21:26:14.658+0000] {dag.py:3036} INFO - Sync 1 DAGs
[2026-01-02T21:26:14.681+0000] {logging_mixin.py:188} INFO - [2026-01-02T21:26:14.680+0000] {dag.py:3823} INFO - Setting next_dagrun for rugby_pipeline to 2026-01-02 00:00:00+00:00, run_after=2026-01-03 00:00:00+00:00
[2026-01-02T21:26:14.699+0000] {processor.py:183} INFO - Processing /opt/airflow/dags/rugby_pipeline.py took 0.091 seconds
[2026-01-02T21:26:45.025+0000] {processor.py:161} INFO - Started process (PID=31413) to work on /opt/airflow/dags/rugby_pipeline.py
[2026-01-02T21:26:45.026+0000] {processor.py:830} INFO - Processing file /opt/airflow/dags/rugby_pipeline.py for tasks to queue
[2026-01-02T21:26:45.027+0000] {logging_mixin.py:188} INFO - [2026-01-02T21:26:45.027+0000] {dagbag.py:538} INFO - Filling up the DagBag from /opt/airflow/dags/rugby_pipeline.py
[2026-01-02T21:26:45.048+0000] {processor.py:840} INFO - DAG(s) 'rugby_pipeline' retrieved from /opt/airflow/dags/rugby_pipeline.py
[2026-01-02T21:26:45.071+0000] {logging_mixin.py:188} INFO - [2026-01-02T21:26:45.071+0000] {dag.py:3036} INFO - Sync 1 DAGs
[2026-01-02T21:26:45.092+0000] {logging_mixin.py:188} INFO - [2026-01-02T21:26:45.092+0000] {dag.py:3823} INFO - Setting next_dagrun for rugby_pipeline to 2026-01-02 00:00:00+00:00, run_after=2026-01-03 00:00:00+00:00
[2026-01-02T21:26:45.122+0000] {processor.py:183} INFO - Processing /opt/airflow/dags/rugby_pipeline.py took 0.101 seconds
[2026-01-02T21:27:15.438+0000] {processor.py:161} INFO - Started process (PID=31433) to work on /opt/airflow/dags/rugby_pipeline.py
[2026-01-02T21:27:15.439+0000] {processor.py:830} INFO - Processing file /opt/airflow/dags/rugby_pipeline.py for tasks to queue
[2026-01-02T21:27:15.440+0000] {logging_mixin.py:188} INFO - [2026-01-02T21:27:15.440+0000] {dagbag.py:538} INFO - Filling up the DagBag from /opt/airflow/dags/rugby_pipeline.py
[2026-01-02T21:27:15.460+0000] {processor.py:840} INFO - DAG(s) 'rugby_pipeline' retrieved from /opt/airflow/dags/rugby_pipeline.py
[2026-01-02T21:27:15.484+0000] {logging_mixin.py:188} INFO - [2026-01-02T21:27:15.483+0000] {dag.py:3036} INFO - Sync 1 DAGs
[2026-01-02T21:27:15.507+0000] {logging_mixin.py:188} INFO - [2026-01-02T21:27:15.506+0000] {dag.py:3823} INFO - Setting next_dagrun for rugby_pipeline to 2026-01-02 00:00:00+00:00, run_after=2026-01-03 00:00:00+00:00
[2026-01-02T21:27:15.538+0000] {processor.py:183} INFO - Processing /opt/airflow/dags/rugby_pipeline.py took 0.104 seconds
[2026-01-02T21:27:45.916+0000] {processor.py:161} INFO - Started process (PID=31453) to work on /opt/airflow/dags/rugby_pipeline.py
[2026-01-02T21:27:45.917+0000] {processor.py:830} INFO - Processing file /opt/airflow/dags/rugby_pipeline.py for tasks to queue
[2026-01-02T21:27:45.918+0000] {logging_mixin.py:188} INFO - [2026-01-02T21:27:45.918+0000] {dagbag.py:538} INFO - Filling up the DagBag from /opt/airflow/dags/rugby_pipeline.py
[2026-01-02T21:27:45.940+0000] {processor.py:840} INFO - DAG(s) 'rugby_pipeline' retrieved from /opt/airflow/dags/rugby_pipeline.py
[2026-01-02T21:27:45.962+0000] {logging_mixin.py:188} INFO - [2026-01-02T21:27:45.962+0000] {dag.py:3036} INFO - Sync 1 DAGs
[2026-01-02T21:27:45.986+0000] {logging_mixin.py:188} INFO - [2026-01-02T21:27:45.986+0000] {dag.py:3823} INFO - Setting next_dagrun for rugby_pipeline to 2026-01-02 00:00:00+00:00, run_after=2026-01-03 00:00:00+00:00
[2026-01-02T21:27:46.004+0000] {processor.py:183} INFO - Processing /opt/airflow/dags/rugby_pipeline.py took 0.092 seconds
[2026-01-02T21:28:16.334+0000] {processor.py:161} INFO - Started process (PID=31473) to work on /opt/airflow/dags/rugby_pipeline.py
[2026-01-02T21:28:16.336+0000] {processor.py:830} INFO - Processing file /opt/airflow/dags/rugby_pipeline.py for tasks to queue
[2026-01-02T21:28:16.337+0000] {logging_mixin.py:188} INFO - [2026-01-02T21:28:16.336+0000] {dagbag.py:538} INFO - Filling up the DagBag from /opt/airflow/dags/rugby_pipeline.py
[2026-01-02T21:28:16.357+0000] {processor.py:840} INFO - DAG(s) 'rugby_pipeline' retrieved from /opt/airflow/dags/rugby_pipeline.py
[2026-01-02T21:28:16.379+0000] {logging_mixin.py:188} INFO - [2026-01-02T21:28:16.379+0000] {dag.py:3036} INFO - Sync 1 DAGs
[2026-01-02T21:28:16.402+0000] {logging_mixin.py:188} INFO - [2026-01-02T21:28:16.402+0000] {dag.py:3823} INFO - Setting next_dagrun for rugby_pipeline to 2026-01-02 00:00:00+00:00, run_after=2026-01-03 00:00:00+00:00
[2026-01-02T21:28:16.420+0000] {processor.py:183} INFO - Processing /opt/airflow/dags/rugby_pipeline.py took 0.090 seconds
[2026-01-02T21:28:46.741+0000] {processor.py:161} INFO - Started process (PID=31493) to work on /opt/airflow/dags/rugby_pipeline.py
[2026-01-02T21:28:46.743+0000] {processor.py:830} INFO - Processing file /opt/airflow/dags/rugby_pipeline.py for tasks to queue
[2026-01-02T21:28:46.744+0000] {logging_mixin.py:188} INFO - [2026-01-02T21:28:46.743+0000] {dagbag.py:538} INFO - Filling up the DagBag from /opt/airflow/dags/rugby_pipeline.py
[2026-01-02T21:28:46.766+0000] {processor.py:840} INFO - DAG(s) 'rugby_pipeline' retrieved from /opt/airflow/dags/rugby_pipeline.py
[2026-01-02T21:28:46.788+0000] {logging_mixin.py:188} INFO - [2026-01-02T21:28:46.787+0000] {dag.py:3036} INFO - Sync 1 DAGs
[2026-01-02T21:28:46.809+0000] {logging_mixin.py:188} INFO - [2026-01-02T21:28:46.809+0000] {dag.py:3823} INFO - Setting next_dagrun for rugby_pipeline to 2026-01-02 00:00:00+00:00, run_after=2026-01-03 00:00:00+00:00
[2026-01-02T21:28:46.829+0000] {processor.py:183} INFO - Processing /opt/airflow/dags/rugby_pipeline.py took 0.091 seconds
[2026-01-02T21:29:17.154+0000] {processor.py:161} INFO - Started process (PID=31513) to work on /opt/airflow/dags/rugby_pipeline.py
[2026-01-02T21:29:17.155+0000] {processor.py:830} INFO - Processing file /opt/airflow/dags/rugby_pipeline.py for tasks to queue
[2026-01-02T21:29:17.156+0000] {logging_mixin.py:188} INFO - [2026-01-02T21:29:17.156+0000] {dagbag.py:538} INFO - Filling up the DagBag from /opt/airflow/dags/rugby_pipeline.py
[2026-01-02T21:29:17.177+0000] {processor.py:840} INFO - DAG(s) 'rugby_pipeline' retrieved from /opt/airflow/dags/rugby_pipeline.py
[2026-01-02T21:29:17.199+0000] {logging_mixin.py:188} INFO - [2026-01-02T21:29:17.199+0000] {dag.py:3036} INFO - Sync 1 DAGs
[2026-01-02T21:29:17.221+0000] {logging_mixin.py:188} INFO - [2026-01-02T21:29:17.221+0000] {dag.py:3823} INFO - Setting next_dagrun for rugby_pipeline to 2026-01-02 00:00:00+00:00, run_after=2026-01-03 00:00:00+00:00
[2026-01-02T21:29:17.239+0000] {processor.py:183} INFO - Processing /opt/airflow/dags/rugby_pipeline.py took 0.089 seconds
[2026-01-02T21:29:47.703+0000] {processor.py:161} INFO - Started process (PID=31533) to work on /opt/airflow/dags/rugby_pipeline.py
[2026-01-02T21:29:47.704+0000] {processor.py:830} INFO - Processing file /opt/airflow/dags/rugby_pipeline.py for tasks to queue
[2026-01-02T21:29:47.705+0000] {logging_mixin.py:188} INFO - [2026-01-02T21:29:47.705+0000] {dagbag.py:538} INFO - Filling up the DagBag from /opt/airflow/dags/rugby_pipeline.py
[2026-01-02T21:29:47.726+0000] {processor.py:840} INFO - DAG(s) 'rugby_pipeline' retrieved from /opt/airflow/dags/rugby_pipeline.py
[2026-01-02T21:29:47.752+0000] {logging_mixin.py:188} INFO - [2026-01-02T21:29:47.752+0000] {dag.py:3036} INFO - Sync 1 DAGs
[2026-01-02T21:29:47.773+0000] {logging_mixin.py:188} INFO - [2026-01-02T21:29:47.773+0000] {dag.py:3823} INFO - Setting next_dagrun for rugby_pipeline to 2026-01-02 00:00:00+00:00, run_after=2026-01-03 00:00:00+00:00
[2026-01-02T21:29:47.804+0000] {processor.py:183} INFO - Processing /opt/airflow/dags/rugby_pipeline.py took 0.106 seconds
[2026-01-02T21:30:18.107+0000] {processor.py:161} INFO - Started process (PID=31553) to work on /opt/airflow/dags/rugby_pipeline.py
[2026-01-02T21:30:18.109+0000] {processor.py:830} INFO - Processing file /opt/airflow/dags/rugby_pipeline.py for tasks to queue
[2026-01-02T21:30:18.109+0000] {logging_mixin.py:188} INFO - [2026-01-02T21:30:18.109+0000] {dagbag.py:538} INFO - Filling up the DagBag from /opt/airflow/dags/rugby_pipeline.py
[2026-01-02T21:30:18.129+0000] {processor.py:840} INFO - DAG(s) 'rugby_pipeline' retrieved from /opt/airflow/dags/rugby_pipeline.py
[2026-01-02T21:30:18.151+0000] {logging_mixin.py:188} INFO - [2026-01-02T21:30:18.151+0000] {dag.py:3036} INFO - Sync 1 DAGs
[2026-01-02T21:30:18.173+0000] {logging_mixin.py:188} INFO - [2026-01-02T21:30:18.173+0000] {dag.py:3823} INFO - Setting next_dagrun for rugby_pipeline to 2026-01-02 00:00:00+00:00, run_after=2026-01-03 00:00:00+00:00
[2026-01-02T21:30:18.211+0000] {processor.py:183} INFO - Processing /opt/airflow/dags/rugby_pipeline.py took 0.108 seconds
[2026-01-02T21:30:48.627+0000] {processor.py:161} INFO - Started process (PID=31573) to work on /opt/airflow/dags/rugby_pipeline.py
[2026-01-02T21:30:48.628+0000] {processor.py:830} INFO - Processing file /opt/airflow/dags/rugby_pipeline.py for tasks to queue
[2026-01-02T21:30:48.629+0000] {logging_mixin.py:188} INFO - [2026-01-02T21:30:48.628+0000] {dagbag.py:538} INFO - Filling up the DagBag from /opt/airflow/dags/rugby_pipeline.py
[2026-01-02T21:30:48.648+0000] {processor.py:840} INFO - DAG(s) 'rugby_pipeline' retrieved from /opt/airflow/dags/rugby_pipeline.py
[2026-01-02T21:30:48.671+0000] {logging_mixin.py:188} INFO - [2026-01-02T21:30:48.671+0000] {dag.py:3036} INFO - Sync 1 DAGs
[2026-01-02T21:30:48.693+0000] {logging_mixin.py:188} INFO - [2026-01-02T21:30:48.693+0000] {dag.py:3823} INFO - Setting next_dagrun for rugby_pipeline to 2026-01-02 00:00:00+00:00, run_after=2026-01-03 00:00:00+00:00
[2026-01-02T21:30:48.711+0000] {processor.py:183} INFO - Processing /opt/airflow/dags/rugby_pipeline.py took 0.088 seconds
[2026-01-02T21:31:19.037+0000] {processor.py:161} INFO - Started process (PID=31593) to work on /opt/airflow/dags/rugby_pipeline.py
[2026-01-02T21:31:19.038+0000] {processor.py:830} INFO - Processing file /opt/airflow/dags/rugby_pipeline.py for tasks to queue
[2026-01-02T21:31:19.039+0000] {logging_mixin.py:188} INFO - [2026-01-02T21:31:19.039+0000] {dagbag.py:538} INFO - Filling up the DagBag from /opt/airflow/dags/rugby_pipeline.py
[2026-01-02T21:31:19.059+0000] {processor.py:840} INFO - DAG(s) 'rugby_pipeline' retrieved from /opt/airflow/dags/rugby_pipeline.py
[2026-01-02T21:31:19.082+0000] {logging_mixin.py:188} INFO - [2026-01-02T21:31:19.081+0000] {dag.py:3036} INFO - Sync 1 DAGs
[2026-01-02T21:31:19.104+0000] {logging_mixin.py:188} INFO - [2026-01-02T21:31:19.104+0000] {dag.py:3823} INFO - Setting next_dagrun for rugby_pipeline to 2026-01-02 00:00:00+00:00, run_after=2026-01-03 00:00:00+00:00
[2026-01-02T21:31:19.125+0000] {processor.py:183} INFO - Processing /opt/airflow/dags/rugby_pipeline.py took 0.092 seconds
[2026-01-02T21:31:49.452+0000] {processor.py:161} INFO - Started process (PID=31613) to work on /opt/airflow/dags/rugby_pipeline.py
[2026-01-02T21:31:49.454+0000] {processor.py:830} INFO - Processing file /opt/airflow/dags/rugby_pipeline.py for tasks to queue
[2026-01-02T21:31:49.455+0000] {logging_mixin.py:188} INFO - [2026-01-02T21:31:49.455+0000] {dagbag.py:538} INFO - Filling up the DagBag from /opt/airflow/dags/rugby_pipeline.py
[2026-01-02T21:31:49.485+0000] {processor.py:840} INFO - DAG(s) 'rugby_pipeline' retrieved from /opt/airflow/dags/rugby_pipeline.py
[2026-01-02T21:31:49.513+0000] {logging_mixin.py:188} INFO - [2026-01-02T21:31:49.512+0000] {dag.py:3036} INFO - Sync 1 DAGs
[2026-01-02T21:31:49.536+0000] {logging_mixin.py:188} INFO - [2026-01-02T21:31:49.536+0000] {dag.py:3823} INFO - Setting next_dagrun for rugby_pipeline to 2026-01-02 00:00:00+00:00, run_after=2026-01-03 00:00:00+00:00
[2026-01-02T21:31:49.556+0000] {processor.py:183} INFO - Processing /opt/airflow/dags/rugby_pipeline.py took 0.109 seconds
[2026-01-02T21:32:19.887+0000] {processor.py:161} INFO - Started process (PID=31633) to work on /opt/airflow/dags/rugby_pipeline.py
[2026-01-02T21:32:19.888+0000] {processor.py:830} INFO - Processing file /opt/airflow/dags/rugby_pipeline.py for tasks to queue
[2026-01-02T21:32:19.889+0000] {logging_mixin.py:188} INFO - [2026-01-02T21:32:19.889+0000] {dagbag.py:538} INFO - Filling up the DagBag from /opt/airflow/dags/rugby_pipeline.py
[2026-01-02T21:32:19.910+0000] {processor.py:840} INFO - DAG(s) 'rugby_pipeline' retrieved from /opt/airflow/dags/rugby_pipeline.py
[2026-01-02T21:32:19.932+0000] {logging_mixin.py:188} INFO - [2026-01-02T21:32:19.932+0000] {dag.py:3036} INFO - Sync 1 DAGs
[2026-01-02T21:32:19.956+0000] {logging_mixin.py:188} INFO - [2026-01-02T21:32:19.956+0000] {dag.py:3823} INFO - Setting next_dagrun for rugby_pipeline to 2026-01-02 00:00:00+00:00, run_after=2026-01-03 00:00:00+00:00
[2026-01-02T21:32:19.975+0000] {processor.py:183} INFO - Processing /opt/airflow/dags/rugby_pipeline.py took 0.091 seconds
[2026-01-02T21:32:50.487+0000] {processor.py:161} INFO - Started process (PID=31653) to work on /opt/airflow/dags/rugby_pipeline.py
[2026-01-02T21:32:50.489+0000] {processor.py:830} INFO - Processing file /opt/airflow/dags/rugby_pipeline.py for tasks to queue
[2026-01-02T21:32:50.490+0000] {logging_mixin.py:188} INFO - [2026-01-02T21:32:50.489+0000] {dagbag.py:538} INFO - Filling up the DagBag from /opt/airflow/dags/rugby_pipeline.py
[2026-01-02T21:32:50.509+0000] {processor.py:840} INFO - DAG(s) 'rugby_pipeline' retrieved from /opt/airflow/dags/rugby_pipeline.py
[2026-01-02T21:32:50.533+0000] {logging_mixin.py:188} INFO - [2026-01-02T21:32:50.532+0000] {dag.py:3036} INFO - Sync 1 DAGs
[2026-01-02T21:32:50.557+0000] {logging_mixin.py:188} INFO - [2026-01-02T21:32:50.557+0000] {dag.py:3823} INFO - Setting next_dagrun for rugby_pipeline to 2026-01-02 00:00:00+00:00, run_after=2026-01-03 00:00:00+00:00
[2026-01-02T21:32:50.577+0000] {processor.py:183} INFO - Processing /opt/airflow/dags/rugby_pipeline.py took 0.095 seconds
[2026-01-02T21:33:21.034+0000] {processor.py:161} INFO - Started process (PID=31673) to work on /opt/airflow/dags/rugby_pipeline.py
[2026-01-02T21:33:21.035+0000] {processor.py:830} INFO - Processing file /opt/airflow/dags/rugby_pipeline.py for tasks to queue
[2026-01-02T21:33:21.036+0000] {logging_mixin.py:188} INFO - [2026-01-02T21:33:21.036+0000] {dagbag.py:538} INFO - Filling up the DagBag from /opt/airflow/dags/rugby_pipeline.py
[2026-01-02T21:33:21.059+0000] {processor.py:840} INFO - DAG(s) 'rugby_pipeline' retrieved from /opt/airflow/dags/rugby_pipeline.py
[2026-01-02T21:33:21.086+0000] {logging_mixin.py:188} INFO - [2026-01-02T21:33:21.085+0000] {dag.py:3036} INFO - Sync 1 DAGs
[2026-01-02T21:33:21.107+0000] {logging_mixin.py:188} INFO - [2026-01-02T21:33:21.107+0000] {dag.py:3823} INFO - Setting next_dagrun for rugby_pipeline to 2026-01-02 00:00:00+00:00, run_after=2026-01-03 00:00:00+00:00
[2026-01-02T21:33:21.125+0000] {processor.py:183} INFO - Processing /opt/airflow/dags/rugby_pipeline.py took 0.094 seconds
[2026-01-02T21:33:51.479+0000] {processor.py:161} INFO - Started process (PID=31693) to work on /opt/airflow/dags/rugby_pipeline.py
[2026-01-02T21:33:51.480+0000] {processor.py:830} INFO - Processing file /opt/airflow/dags/rugby_pipeline.py for tasks to queue
[2026-01-02T21:33:51.481+0000] {logging_mixin.py:188} INFO - [2026-01-02T21:33:51.481+0000] {dagbag.py:538} INFO - Filling up the DagBag from /opt/airflow/dags/rugby_pipeline.py
[2026-01-02T21:33:51.501+0000] {processor.py:840} INFO - DAG(s) 'rugby_pipeline' retrieved from /opt/airflow/dags/rugby_pipeline.py
[2026-01-02T21:33:51.522+0000] {logging_mixin.py:188} INFO - [2026-01-02T21:33:51.522+0000] {dag.py:3036} INFO - Sync 1 DAGs
[2026-01-02T21:33:51.543+0000] {logging_mixin.py:188} INFO - [2026-01-02T21:33:51.542+0000] {dag.py:3823} INFO - Setting next_dagrun for rugby_pipeline to 2026-01-02 00:00:00+00:00, run_after=2026-01-03 00:00:00+00:00
[2026-01-02T21:33:51.571+0000] {processor.py:183} INFO - Processing /opt/airflow/dags/rugby_pipeline.py took 0.095 seconds
[2026-01-02T21:34:21.925+0000] {processor.py:161} INFO - Started process (PID=31713) to work on /opt/airflow/dags/rugby_pipeline.py
[2026-01-02T21:34:21.926+0000] {processor.py:830} INFO - Processing file /opt/airflow/dags/rugby_pipeline.py for tasks to queue
[2026-01-02T21:34:21.927+0000] {logging_mixin.py:188} INFO - [2026-01-02T21:34:21.927+0000] {dagbag.py:538} INFO - Filling up the DagBag from /opt/airflow/dags/rugby_pipeline.py
[2026-01-02T21:34:21.949+0000] {processor.py:840} INFO - DAG(s) 'rugby_pipeline' retrieved from /opt/airflow/dags/rugby_pipeline.py
[2026-01-02T21:34:21.976+0000] {logging_mixin.py:188} INFO - [2026-01-02T21:34:21.975+0000] {dag.py:3036} INFO - Sync 1 DAGs
[2026-01-02T21:34:21.997+0000] {logging_mixin.py:188} INFO - [2026-01-02T21:34:21.997+0000] {dag.py:3823} INFO - Setting next_dagrun for rugby_pipeline to 2026-01-02 00:00:00+00:00, run_after=2026-01-03 00:00:00+00:00
[2026-01-02T21:34:22.026+0000] {processor.py:183} INFO - Processing /opt/airflow/dags/rugby_pipeline.py took 0.105 seconds
[2026-01-02T21:34:52.480+0000] {processor.py:161} INFO - Started process (PID=31733) to work on /opt/airflow/dags/rugby_pipeline.py
[2026-01-02T21:34:52.481+0000] {processor.py:830} INFO - Processing file /opt/airflow/dags/rugby_pipeline.py for tasks to queue
[2026-01-02T21:34:52.482+0000] {logging_mixin.py:188} INFO - [2026-01-02T21:34:52.482+0000] {dagbag.py:538} INFO - Filling up the DagBag from /opt/airflow/dags/rugby_pipeline.py
[2026-01-02T21:34:52.502+0000] {processor.py:840} INFO - DAG(s) 'rugby_pipeline' retrieved from /opt/airflow/dags/rugby_pipeline.py
[2026-01-02T21:34:52.523+0000] {logging_mixin.py:188} INFO - [2026-01-02T21:34:52.523+0000] {dag.py:3036} INFO - Sync 1 DAGs
[2026-01-02T21:34:52.543+0000] {logging_mixin.py:188} INFO - [2026-01-02T21:34:52.543+0000] {dag.py:3823} INFO - Setting next_dagrun for rugby_pipeline to 2026-01-02 00:00:00+00:00, run_after=2026-01-03 00:00:00+00:00
[2026-01-02T21:34:52.559+0000] {processor.py:183} INFO - Processing /opt/airflow/dags/rugby_pipeline.py took 0.083 seconds
[2026-01-02T21:35:22.905+0000] {processor.py:161} INFO - Started process (PID=31753) to work on /opt/airflow/dags/rugby_pipeline.py
[2026-01-02T21:35:22.906+0000] {processor.py:830} INFO - Processing file /opt/airflow/dags/rugby_pipeline.py for tasks to queue
[2026-01-02T21:35:22.907+0000] {logging_mixin.py:188} INFO - [2026-01-02T21:35:22.906+0000] {dagbag.py:538} INFO - Filling up the DagBag from /opt/airflow/dags/rugby_pipeline.py
[2026-01-02T21:35:22.926+0000] {processor.py:840} INFO - DAG(s) 'rugby_pipeline' retrieved from /opt/airflow/dags/rugby_pipeline.py
[2026-01-02T21:35:22.947+0000] {logging_mixin.py:188} INFO - [2026-01-02T21:35:22.947+0000] {dag.py:3036} INFO - Sync 1 DAGs
[2026-01-02T21:35:22.967+0000] {logging_mixin.py:188} INFO - [2026-01-02T21:35:22.967+0000] {dag.py:3823} INFO - Setting next_dagrun for rugby_pipeline to 2026-01-02 00:00:00+00:00, run_after=2026-01-03 00:00:00+00:00
[2026-01-02T21:35:22.984+0000] {processor.py:183} INFO - Processing /opt/airflow/dags/rugby_pipeline.py took 0.083 seconds
[2026-01-02T21:35:53.341+0000] {processor.py:161} INFO - Started process (PID=31773) to work on /opt/airflow/dags/rugby_pipeline.py
[2026-01-02T21:35:53.343+0000] {processor.py:830} INFO - Processing file /opt/airflow/dags/rugby_pipeline.py for tasks to queue
[2026-01-02T21:35:53.344+0000] {logging_mixin.py:188} INFO - [2026-01-02T21:35:53.343+0000] {dagbag.py:538} INFO - Filling up the DagBag from /opt/airflow/dags/rugby_pipeline.py
[2026-01-02T21:35:53.364+0000] {processor.py:840} INFO - DAG(s) 'rugby_pipeline' retrieved from /opt/airflow/dags/rugby_pipeline.py
[2026-01-02T21:35:53.389+0000] {logging_mixin.py:188} INFO - [2026-01-02T21:35:53.389+0000] {dag.py:3036} INFO - Sync 1 DAGs
[2026-01-02T21:35:53.410+0000] {logging_mixin.py:188} INFO - [2026-01-02T21:35:53.410+0000] {dag.py:3823} INFO - Setting next_dagrun for rugby_pipeline to 2026-01-02 00:00:00+00:00, run_after=2026-01-03 00:00:00+00:00
[2026-01-02T21:35:53.440+0000] {processor.py:183} INFO - Processing /opt/airflow/dags/rugby_pipeline.py took 0.101 seconds
[2026-01-02T21:36:23.883+0000] {processor.py:161} INFO - Started process (PID=31793) to work on /opt/airflow/dags/rugby_pipeline.py
[2026-01-02T21:36:23.884+0000] {processor.py:830} INFO - Processing file /opt/airflow/dags/rugby_pipeline.py for tasks to queue
[2026-01-02T21:36:23.885+0000] {logging_mixin.py:188} INFO - [2026-01-02T21:36:23.885+0000] {dagbag.py:538} INFO - Filling up the DagBag from /opt/airflow/dags/rugby_pipeline.py
[2026-01-02T21:36:23.903+0000] {processor.py:840} INFO - DAG(s) 'rugby_pipeline' retrieved from /opt/airflow/dags/rugby_pipeline.py
[2026-01-02T21:36:23.924+0000] {logging_mixin.py:188} INFO - [2026-01-02T21:36:23.924+0000] {dag.py:3036} INFO - Sync 1 DAGs
[2026-01-02T21:36:23.945+0000] {logging_mixin.py:188} INFO - [2026-01-02T21:36:23.944+0000] {dag.py:3823} INFO - Setting next_dagrun for rugby_pipeline to 2026-01-02 00:00:00+00:00, run_after=2026-01-03 00:00:00+00:00
[2026-01-02T21:36:23.961+0000] {processor.py:183} INFO - Processing /opt/airflow/dags/rugby_pipeline.py took 0.082 seconds
[2026-01-02T21:36:54.326+0000] {processor.py:161} INFO - Started process (PID=31813) to work on /opt/airflow/dags/rugby_pipeline.py
[2026-01-02T21:36:54.327+0000] {processor.py:830} INFO - Processing file /opt/airflow/dags/rugby_pipeline.py for tasks to queue
[2026-01-02T21:36:54.328+0000] {logging_mixin.py:188} INFO - [2026-01-02T21:36:54.328+0000] {dagbag.py:538} INFO - Filling up the DagBag from /opt/airflow/dags/rugby_pipeline.py
[2026-01-02T21:36:54.347+0000] {processor.py:840} INFO - DAG(s) 'rugby_pipeline' retrieved from /opt/airflow/dags/rugby_pipeline.py
[2026-01-02T21:36:54.368+0000] {logging_mixin.py:188} INFO - [2026-01-02T21:36:54.368+0000] {dag.py:3036} INFO - Sync 1 DAGs
[2026-01-02T21:36:54.389+0000] {logging_mixin.py:188} INFO - [2026-01-02T21:36:54.388+0000] {dag.py:3823} INFO - Setting next_dagrun for rugby_pipeline to 2026-01-02 00:00:00+00:00, run_after=2026-01-03 00:00:00+00:00
[2026-01-02T21:36:54.417+0000] {processor.py:183} INFO - Processing /opt/airflow/dags/rugby_pipeline.py took 0.094 seconds
[2026-01-02T21:37:24.763+0000] {processor.py:161} INFO - Started process (PID=31833) to work on /opt/airflow/dags/rugby_pipeline.py
[2026-01-02T21:37:24.764+0000] {processor.py:830} INFO - Processing file /opt/airflow/dags/rugby_pipeline.py for tasks to queue
[2026-01-02T21:37:24.765+0000] {logging_mixin.py:188} INFO - [2026-01-02T21:37:24.765+0000] {dagbag.py:538} INFO - Filling up the DagBag from /opt/airflow/dags/rugby_pipeline.py
[2026-01-02T21:37:24.785+0000] {processor.py:840} INFO - DAG(s) 'rugby_pipeline' retrieved from /opt/airflow/dags/rugby_pipeline.py
[2026-01-02T21:37:24.806+0000] {logging_mixin.py:188} INFO - [2026-01-02T21:37:24.806+0000] {dag.py:3036} INFO - Sync 1 DAGs
[2026-01-02T21:37:24.826+0000] {logging_mixin.py:188} INFO - [2026-01-02T21:37:24.826+0000] {dag.py:3823} INFO - Setting next_dagrun for rugby_pipeline to 2026-01-02 00:00:00+00:00, run_after=2026-01-03 00:00:00+00:00
[2026-01-02T21:37:24.854+0000] {processor.py:183} INFO - Processing /opt/airflow/dags/rugby_pipeline.py took 0.095 seconds
[2026-01-02T21:37:55.257+0000] {processor.py:161} INFO - Started process (PID=31853) to work on /opt/airflow/dags/rugby_pipeline.py
[2026-01-02T21:37:55.258+0000] {processor.py:830} INFO - Processing file /opt/airflow/dags/rugby_pipeline.py for tasks to queue
[2026-01-02T21:37:55.259+0000] {logging_mixin.py:188} INFO - [2026-01-02T21:37:55.258+0000] {dagbag.py:538} INFO - Filling up the DagBag from /opt/airflow/dags/rugby_pipeline.py
[2026-01-02T21:37:55.278+0000] {processor.py:840} INFO - DAG(s) 'rugby_pipeline' retrieved from /opt/airflow/dags/rugby_pipeline.py
[2026-01-02T21:37:55.299+0000] {logging_mixin.py:188} INFO - [2026-01-02T21:37:55.299+0000] {dag.py:3036} INFO - Sync 1 DAGs
[2026-01-02T21:37:55.319+0000] {logging_mixin.py:188} INFO - [2026-01-02T21:37:55.319+0000] {dag.py:3823} INFO - Setting next_dagrun for rugby_pipeline to 2026-01-02 00:00:00+00:00, run_after=2026-01-03 00:00:00+00:00
[2026-01-02T21:37:55.336+0000] {processor.py:183} INFO - Processing /opt/airflow/dags/rugby_pipeline.py took 0.083 seconds
[2026-01-02T21:38:25.684+0000] {processor.py:161} INFO - Started process (PID=31873) to work on /opt/airflow/dags/rugby_pipeline.py
[2026-01-02T21:38:25.685+0000] {processor.py:830} INFO - Processing file /opt/airflow/dags/rugby_pipeline.py for tasks to queue
[2026-01-02T21:38:25.686+0000] {logging_mixin.py:188} INFO - [2026-01-02T21:38:25.686+0000] {dagbag.py:538} INFO - Filling up the DagBag from /opt/airflow/dags/rugby_pipeline.py
[2026-01-02T21:38:25.706+0000] {processor.py:840} INFO - DAG(s) 'rugby_pipeline' retrieved from /opt/airflow/dags/rugby_pipeline.py
[2026-01-02T21:38:25.727+0000] {logging_mixin.py:188} INFO - [2026-01-02T21:38:25.727+0000] {dag.py:3036} INFO - Sync 1 DAGs
[2026-01-02T21:38:25.748+0000] {logging_mixin.py:188} INFO - [2026-01-02T21:38:25.748+0000] {dag.py:3823} INFO - Setting next_dagrun for rugby_pipeline to 2026-01-02 00:00:00+00:00, run_after=2026-01-03 00:00:00+00:00
[2026-01-02T21:38:25.778+0000] {processor.py:183} INFO - Processing /opt/airflow/dags/rugby_pipeline.py took 0.098 seconds
[2026-01-02T21:38:56.113+0000] {processor.py:161} INFO - Started process (PID=31893) to work on /opt/airflow/dags/rugby_pipeline.py
[2026-01-02T21:38:56.114+0000] {processor.py:830} INFO - Processing file /opt/airflow/dags/rugby_pipeline.py for tasks to queue
[2026-01-02T21:38:56.115+0000] {logging_mixin.py:188} INFO - [2026-01-02T21:38:56.114+0000] {dagbag.py:538} INFO - Filling up the DagBag from /opt/airflow/dags/rugby_pipeline.py
[2026-01-02T21:38:56.134+0000] {processor.py:840} INFO - DAG(s) 'rugby_pipeline' retrieved from /opt/airflow/dags/rugby_pipeline.py
[2026-01-02T21:38:56.155+0000] {logging_mixin.py:188} INFO - [2026-01-02T21:38:56.155+0000] {dag.py:3036} INFO - Sync 1 DAGs
[2026-01-02T21:38:56.176+0000] {logging_mixin.py:188} INFO - [2026-01-02T21:38:56.176+0000] {dag.py:3823} INFO - Setting next_dagrun for rugby_pipeline to 2026-01-02 00:00:00+00:00, run_after=2026-01-03 00:00:00+00:00
[2026-01-02T21:38:56.193+0000] {processor.py:183} INFO - Processing /opt/airflow/dags/rugby_pipeline.py took 0.084 seconds
[2026-01-02T21:39:26.657+0000] {processor.py:161} INFO - Started process (PID=31913) to work on /opt/airflow/dags/rugby_pipeline.py
[2026-01-02T21:39:26.659+0000] {processor.py:830} INFO - Processing file /opt/airflow/dags/rugby_pipeline.py for tasks to queue
[2026-01-02T21:39:26.660+0000] {logging_mixin.py:188} INFO - [2026-01-02T21:39:26.659+0000] {dagbag.py:538} INFO - Filling up the DagBag from /opt/airflow/dags/rugby_pipeline.py
[2026-01-02T21:39:26.678+0000] {processor.py:840} INFO - DAG(s) 'rugby_pipeline' retrieved from /opt/airflow/dags/rugby_pipeline.py
[2026-01-02T21:39:26.699+0000] {logging_mixin.py:188} INFO - [2026-01-02T21:39:26.698+0000] {dag.py:3036} INFO - Sync 1 DAGs
[2026-01-02T21:39:26.719+0000] {logging_mixin.py:188} INFO - [2026-01-02T21:39:26.719+0000] {dag.py:3823} INFO - Setting next_dagrun for rugby_pipeline to 2026-01-02 00:00:00+00:00, run_after=2026-01-03 00:00:00+00:00
[2026-01-02T21:39:26.736+0000] {processor.py:183} INFO - Processing /opt/airflow/dags/rugby_pipeline.py took 0.083 seconds
[2026-01-02T21:39:57.089+0000] {processor.py:161} INFO - Started process (PID=31933) to work on /opt/airflow/dags/rugby_pipeline.py
[2026-01-02T21:39:57.091+0000] {processor.py:830} INFO - Processing file /opt/airflow/dags/rugby_pipeline.py for tasks to queue
[2026-01-02T21:39:57.092+0000] {logging_mixin.py:188} INFO - [2026-01-02T21:39:57.091+0000] {dagbag.py:538} INFO - Filling up the DagBag from /opt/airflow/dags/rugby_pipeline.py
[2026-01-02T21:39:57.111+0000] {processor.py:840} INFO - DAG(s) 'rugby_pipeline' retrieved from /opt/airflow/dags/rugby_pipeline.py
[2026-01-02T21:39:57.132+0000] {logging_mixin.py:188} INFO - [2026-01-02T21:39:57.132+0000] {dag.py:3036} INFO - Sync 1 DAGs
[2026-01-02T21:39:57.152+0000] {logging_mixin.py:188} INFO - [2026-01-02T21:39:57.152+0000] {dag.py:3823} INFO - Setting next_dagrun for rugby_pipeline to 2026-01-02 00:00:00+00:00, run_after=2026-01-03 00:00:00+00:00
[2026-01-02T21:39:57.181+0000] {processor.py:183} INFO - Processing /opt/airflow/dags/rugby_pipeline.py took 0.095 seconds
[2026-01-02T21:40:27.518+0000] {processor.py:161} INFO - Started process (PID=31953) to work on /opt/airflow/dags/rugby_pipeline.py
[2026-01-02T21:40:27.519+0000] {processor.py:830} INFO - Processing file /opt/airflow/dags/rugby_pipeline.py for tasks to queue
[2026-01-02T21:40:27.520+0000] {logging_mixin.py:188} INFO - [2026-01-02T21:40:27.519+0000] {dagbag.py:538} INFO - Filling up the DagBag from /opt/airflow/dags/rugby_pipeline.py
[2026-01-02T21:40:27.539+0000] {processor.py:840} INFO - DAG(s) 'rugby_pipeline' retrieved from /opt/airflow/dags/rugby_pipeline.py
[2026-01-02T21:40:27.560+0000] {logging_mixin.py:188} INFO - [2026-01-02T21:40:27.560+0000] {dag.py:3036} INFO - Sync 1 DAGs
[2026-01-02T21:40:27.580+0000] {logging_mixin.py:188} INFO - [2026-01-02T21:40:27.580+0000] {dag.py:3823} INFO - Setting next_dagrun for rugby_pipeline to 2026-01-02 00:00:00+00:00, run_after=2026-01-03 00:00:00+00:00
[2026-01-02T21:40:27.608+0000] {processor.py:183} INFO - Processing /opt/airflow/dags/rugby_pipeline.py took 0.094 seconds
[2026-01-02T21:40:57.946+0000] {processor.py:161} INFO - Started process (PID=31973) to work on /opt/airflow/dags/rugby_pipeline.py
[2026-01-02T21:40:57.948+0000] {processor.py:830} INFO - Processing file /opt/airflow/dags/rugby_pipeline.py for tasks to queue
[2026-01-02T21:40:57.949+0000] {logging_mixin.py:188} INFO - [2026-01-02T21:40:57.948+0000] {dagbag.py:538} INFO - Filling up the DagBag from /opt/airflow/dags/rugby_pipeline.py
[2026-01-02T21:40:57.968+0000] {processor.py:840} INFO - DAG(s) 'rugby_pipeline' retrieved from /opt/airflow/dags/rugby_pipeline.py
[2026-01-02T21:40:57.989+0000] {logging_mixin.py:188} INFO - [2026-01-02T21:40:57.989+0000] {dag.py:3036} INFO - Sync 1 DAGs
[2026-01-02T21:40:58.011+0000] {logging_mixin.py:188} INFO - [2026-01-02T21:40:58.011+0000] {dag.py:3823} INFO - Setting next_dagrun for rugby_pipeline to 2026-01-02 00:00:00+00:00, run_after=2026-01-03 00:00:00+00:00
[2026-01-02T21:40:58.029+0000] {processor.py:183} INFO - Processing /opt/airflow/dags/rugby_pipeline.py took 0.086 seconds
[2026-01-02T21:41:28.391+0000] {processor.py:161} INFO - Started process (PID=31993) to work on /opt/airflow/dags/rugby_pipeline.py
[2026-01-02T21:41:28.392+0000] {processor.py:830} INFO - Processing file /opt/airflow/dags/rugby_pipeline.py for tasks to queue
[2026-01-02T21:41:28.393+0000] {logging_mixin.py:188} INFO - [2026-01-02T21:41:28.393+0000] {dagbag.py:538} INFO - Filling up the DagBag from /opt/airflow/dags/rugby_pipeline.py
[2026-01-02T21:41:28.413+0000] {processor.py:840} INFO - DAG(s) 'rugby_pipeline' retrieved from /opt/airflow/dags/rugby_pipeline.py
[2026-01-02T21:41:28.435+0000] {logging_mixin.py:188} INFO - [2026-01-02T21:41:28.435+0000] {dag.py:3036} INFO - Sync 1 DAGs
[2026-01-02T21:41:28.456+0000] {logging_mixin.py:188} INFO - [2026-01-02T21:41:28.456+0000] {dag.py:3823} INFO - Setting next_dagrun for rugby_pipeline to 2026-01-02 00:00:00+00:00, run_after=2026-01-03 00:00:00+00:00
[2026-01-02T21:41:28.484+0000] {processor.py:183} INFO - Processing /opt/airflow/dags/rugby_pipeline.py took 0.097 seconds
[2026-01-02T21:41:58.822+0000] {processor.py:161} INFO - Started process (PID=32013) to work on /opt/airflow/dags/rugby_pipeline.py
[2026-01-02T21:41:58.823+0000] {processor.py:830} INFO - Processing file /opt/airflow/dags/rugby_pipeline.py for tasks to queue
[2026-01-02T21:41:58.824+0000] {logging_mixin.py:188} INFO - [2026-01-02T21:41:58.824+0000] {dagbag.py:538} INFO - Filling up the DagBag from /opt/airflow/dags/rugby_pipeline.py
[2026-01-02T21:41:58.844+0000] {processor.py:840} INFO - DAG(s) 'rugby_pipeline' retrieved from /opt/airflow/dags/rugby_pipeline.py
[2026-01-02T21:41:58.866+0000] {logging_mixin.py:188} INFO - [2026-01-02T21:41:58.866+0000] {dag.py:3036} INFO - Sync 1 DAGs
[2026-01-02T21:41:58.887+0000] {logging_mixin.py:188} INFO - [2026-01-02T21:41:58.887+0000] {dag.py:3823} INFO - Setting next_dagrun for rugby_pipeline to 2026-01-02 00:00:00+00:00, run_after=2026-01-03 00:00:00+00:00
[2026-01-02T21:41:58.917+0000] {processor.py:183} INFO - Processing /opt/airflow/dags/rugby_pipeline.py took 0.098 seconds
[2026-01-02T21:42:29.256+0000] {processor.py:161} INFO - Started process (PID=32033) to work on /opt/airflow/dags/rugby_pipeline.py
[2026-01-02T21:42:29.258+0000] {processor.py:830} INFO - Processing file /opt/airflow/dags/rugby_pipeline.py for tasks to queue
[2026-01-02T21:42:29.259+0000] {logging_mixin.py:188} INFO - [2026-01-02T21:42:29.258+0000] {dagbag.py:538} INFO - Filling up the DagBag from /opt/airflow/dags/rugby_pipeline.py
[2026-01-02T21:42:29.280+0000] {processor.py:840} INFO - DAG(s) 'rugby_pipeline' retrieved from /opt/airflow/dags/rugby_pipeline.py
[2026-01-02T21:42:29.302+0000] {logging_mixin.py:188} INFO - [2026-01-02T21:42:29.302+0000] {dag.py:3036} INFO - Sync 1 DAGs
[2026-01-02T21:42:29.323+0000] {logging_mixin.py:188} INFO - [2026-01-02T21:42:29.323+0000] {dag.py:3823} INFO - Setting next_dagrun for rugby_pipeline to 2026-01-02 00:00:00+00:00, run_after=2026-01-03 00:00:00+00:00
[2026-01-02T21:42:29.341+0000] {processor.py:183} INFO - Processing /opt/airflow/dags/rugby_pipeline.py took 0.088 seconds
[2026-01-02T21:42:59.761+0000] {processor.py:161} INFO - Started process (PID=32053) to work on /opt/airflow/dags/rugby_pipeline.py
[2026-01-02T21:42:59.762+0000] {processor.py:830} INFO - Processing file /opt/airflow/dags/rugby_pipeline.py for tasks to queue
[2026-01-02T21:42:59.763+0000] {logging_mixin.py:188} INFO - [2026-01-02T21:42:59.763+0000] {dagbag.py:538} INFO - Filling up the DagBag from /opt/airflow/dags/rugby_pipeline.py
[2026-01-02T21:42:59.782+0000] {processor.py:840} INFO - DAG(s) 'rugby_pipeline' retrieved from /opt/airflow/dags/rugby_pipeline.py
[2026-01-02T21:42:59.804+0000] {logging_mixin.py:188} INFO - [2026-01-02T21:42:59.804+0000] {dag.py:3036} INFO - Sync 1 DAGs
[2026-01-02T21:42:59.824+0000] {logging_mixin.py:188} INFO - [2026-01-02T21:42:59.824+0000] {dag.py:3823} INFO - Setting next_dagrun for rugby_pipeline to 2026-01-02 00:00:00+00:00, run_after=2026-01-03 00:00:00+00:00
[2026-01-02T21:42:59.844+0000] {processor.py:183} INFO - Processing /opt/airflow/dags/rugby_pipeline.py took 0.086 seconds
[2026-01-02T21:43:30.184+0000] {processor.py:161} INFO - Started process (PID=32073) to work on /opt/airflow/dags/rugby_pipeline.py
[2026-01-02T21:43:30.185+0000] {processor.py:830} INFO - Processing file /opt/airflow/dags/rugby_pipeline.py for tasks to queue
[2026-01-02T21:43:30.186+0000] {logging_mixin.py:188} INFO - [2026-01-02T21:43:30.186+0000] {dagbag.py:538} INFO - Filling up the DagBag from /opt/airflow/dags/rugby_pipeline.py
[2026-01-02T21:43:30.206+0000] {processor.py:840} INFO - DAG(s) 'rugby_pipeline' retrieved from /opt/airflow/dags/rugby_pipeline.py
[2026-01-02T21:43:30.229+0000] {logging_mixin.py:188} INFO - [2026-01-02T21:43:30.229+0000] {dag.py:3036} INFO - Sync 1 DAGs
[2026-01-02T21:43:30.251+0000] {logging_mixin.py:188} INFO - [2026-01-02T21:43:30.250+0000] {dag.py:3823} INFO - Setting next_dagrun for rugby_pipeline to 2026-01-02 00:00:00+00:00, run_after=2026-01-03 00:00:00+00:00
[2026-01-02T21:43:30.280+0000] {processor.py:183} INFO - Processing /opt/airflow/dags/rugby_pipeline.py took 0.099 seconds
[2026-01-02T21:44:00.618+0000] {processor.py:161} INFO - Started process (PID=32093) to work on /opt/airflow/dags/rugby_pipeline.py
[2026-01-02T21:44:00.619+0000] {processor.py:830} INFO - Processing file /opt/airflow/dags/rugby_pipeline.py for tasks to queue
[2026-01-02T21:44:00.620+0000] {logging_mixin.py:188} INFO - [2026-01-02T21:44:00.619+0000] {dagbag.py:538} INFO - Filling up the DagBag from /opt/airflow/dags/rugby_pipeline.py
[2026-01-02T21:44:00.639+0000] {processor.py:840} INFO - DAG(s) 'rugby_pipeline' retrieved from /opt/airflow/dags/rugby_pipeline.py
[2026-01-02T21:44:00.660+0000] {logging_mixin.py:188} INFO - [2026-01-02T21:44:00.660+0000] {dag.py:3036} INFO - Sync 1 DAGs
[2026-01-02T21:44:00.680+0000] {logging_mixin.py:188} INFO - [2026-01-02T21:44:00.680+0000] {dag.py:3823} INFO - Setting next_dagrun for rugby_pipeline to 2026-01-02 00:00:00+00:00, run_after=2026-01-03 00:00:00+00:00
[2026-01-02T21:44:00.697+0000] {processor.py:183} INFO - Processing /opt/airflow/dags/rugby_pipeline.py took 0.083 seconds
[2026-01-02T21:44:31.047+0000] {processor.py:161} INFO - Started process (PID=32113) to work on /opt/airflow/dags/rugby_pipeline.py
[2026-01-02T21:44:31.048+0000] {processor.py:830} INFO - Processing file /opt/airflow/dags/rugby_pipeline.py for tasks to queue
[2026-01-02T21:44:31.049+0000] {logging_mixin.py:188} INFO - [2026-01-02T21:44:31.049+0000] {dagbag.py:538} INFO - Filling up the DagBag from /opt/airflow/dags/rugby_pipeline.py
[2026-01-02T21:44:31.068+0000] {processor.py:840} INFO - DAG(s) 'rugby_pipeline' retrieved from /opt/airflow/dags/rugby_pipeline.py
[2026-01-02T21:44:31.089+0000] {logging_mixin.py:188} INFO - [2026-01-02T21:44:31.089+0000] {dag.py:3036} INFO - Sync 1 DAGs
[2026-01-02T21:44:31.110+0000] {logging_mixin.py:188} INFO - [2026-01-02T21:44:31.109+0000] {dag.py:3823} INFO - Setting next_dagrun for rugby_pipeline to 2026-01-02 00:00:00+00:00, run_after=2026-01-03 00:00:00+00:00
[2026-01-02T21:44:31.137+0000] {processor.py:183} INFO - Processing /opt/airflow/dags/rugby_pipeline.py took 0.094 seconds
[2026-01-02T21:45:01.475+0000] {processor.py:161} INFO - Started process (PID=32133) to work on /opt/airflow/dags/rugby_pipeline.py
[2026-01-02T21:45:01.476+0000] {processor.py:830} INFO - Processing file /opt/airflow/dags/rugby_pipeline.py for tasks to queue
[2026-01-02T21:45:01.477+0000] {logging_mixin.py:188} INFO - [2026-01-02T21:45:01.477+0000] {dagbag.py:538} INFO - Filling up the DagBag from /opt/airflow/dags/rugby_pipeline.py
[2026-01-02T21:45:01.497+0000] {processor.py:840} INFO - DAG(s) 'rugby_pipeline' retrieved from /opt/airflow/dags/rugby_pipeline.py
[2026-01-02T21:45:01.518+0000] {logging_mixin.py:188} INFO - [2026-01-02T21:45:01.518+0000] {dag.py:3036} INFO - Sync 1 DAGs
[2026-01-02T21:45:01.538+0000] {logging_mixin.py:188} INFO - [2026-01-02T21:45:01.538+0000] {dag.py:3823} INFO - Setting next_dagrun for rugby_pipeline to 2026-01-02 00:00:00+00:00, run_after=2026-01-03 00:00:00+00:00
[2026-01-02T21:45:01.568+0000] {processor.py:183} INFO - Processing /opt/airflow/dags/rugby_pipeline.py took 0.096 seconds
[2026-01-02T21:45:31.909+0000] {processor.py:161} INFO - Started process (PID=32153) to work on /opt/airflow/dags/rugby_pipeline.py
[2026-01-02T21:45:31.910+0000] {processor.py:830} INFO - Processing file /opt/airflow/dags/rugby_pipeline.py for tasks to queue
[2026-01-02T21:45:31.911+0000] {logging_mixin.py:188} INFO - [2026-01-02T21:45:31.911+0000] {dagbag.py:538} INFO - Filling up the DagBag from /opt/airflow/dags/rugby_pipeline.py
[2026-01-02T21:45:31.931+0000] {processor.py:840} INFO - DAG(s) 'rugby_pipeline' retrieved from /opt/airflow/dags/rugby_pipeline.py
[2026-01-02T21:45:31.952+0000] {logging_mixin.py:188} INFO - [2026-01-02T21:45:31.951+0000] {dag.py:3036} INFO - Sync 1 DAGs
[2026-01-02T21:45:31.972+0000] {logging_mixin.py:188} INFO - [2026-01-02T21:45:31.972+0000] {dag.py:3823} INFO - Setting next_dagrun for rugby_pipeline to 2026-01-02 00:00:00+00:00, run_after=2026-01-03 00:00:00+00:00
[2026-01-02T21:45:31.990+0000] {processor.py:183} INFO - Processing /opt/airflow/dags/rugby_pipeline.py took 0.084 seconds
[2026-01-02T21:46:02.425+0000] {processor.py:161} INFO - Started process (PID=32173) to work on /opt/airflow/dags/rugby_pipeline.py
[2026-01-02T21:46:02.426+0000] {processor.py:830} INFO - Processing file /opt/airflow/dags/rugby_pipeline.py for tasks to queue
[2026-01-02T21:46:02.427+0000] {logging_mixin.py:188} INFO - [2026-01-02T21:46:02.427+0000] {dagbag.py:538} INFO - Filling up the DagBag from /opt/airflow/dags/rugby_pipeline.py
[2026-01-02T21:46:02.447+0000] {processor.py:840} INFO - DAG(s) 'rugby_pipeline' retrieved from /opt/airflow/dags/rugby_pipeline.py
[2026-01-02T21:46:02.468+0000] {logging_mixin.py:188} INFO - [2026-01-02T21:46:02.467+0000] {dag.py:3036} INFO - Sync 1 DAGs
[2026-01-02T21:46:02.488+0000] {logging_mixin.py:188} INFO - [2026-01-02T21:46:02.488+0000] {dag.py:3823} INFO - Setting next_dagrun for rugby_pipeline to 2026-01-02 00:00:00+00:00, run_after=2026-01-03 00:00:00+00:00
[2026-01-02T21:46:02.515+0000] {processor.py:183} INFO - Processing /opt/airflow/dags/rugby_pipeline.py took 0.094 seconds
[2026-01-02T21:46:32.864+0000] {processor.py:161} INFO - Started process (PID=32193) to work on /opt/airflow/dags/rugby_pipeline.py
[2026-01-02T21:46:32.865+0000] {processor.py:830} INFO - Processing file /opt/airflow/dags/rugby_pipeline.py for tasks to queue
[2026-01-02T21:46:32.866+0000] {logging_mixin.py:188} INFO - [2026-01-02T21:46:32.866+0000] {dagbag.py:538} INFO - Filling up the DagBag from /opt/airflow/dags/rugby_pipeline.py
[2026-01-02T21:46:32.886+0000] {processor.py:840} INFO - DAG(s) 'rugby_pipeline' retrieved from /opt/airflow/dags/rugby_pipeline.py
[2026-01-02T21:46:32.907+0000] {logging_mixin.py:188} INFO - [2026-01-02T21:46:32.907+0000] {dag.py:3036} INFO - Sync 1 DAGs
[2026-01-02T21:46:32.927+0000] {logging_mixin.py:188} INFO - [2026-01-02T21:46:32.926+0000] {dag.py:3823} INFO - Setting next_dagrun for rugby_pipeline to 2026-01-02 00:00:00+00:00, run_after=2026-01-03 00:00:00+00:00
[2026-01-02T21:46:32.949+0000] {processor.py:183} INFO - Processing /opt/airflow/dags/rugby_pipeline.py took 0.089 seconds
[2026-01-02T21:47:03.283+0000] {processor.py:161} INFO - Started process (PID=32213) to work on /opt/airflow/dags/rugby_pipeline.py
[2026-01-02T21:47:03.284+0000] {processor.py:830} INFO - Processing file /opt/airflow/dags/rugby_pipeline.py for tasks to queue
[2026-01-02T21:47:03.285+0000] {logging_mixin.py:188} INFO - [2026-01-02T21:47:03.285+0000] {dagbag.py:538} INFO - Filling up the DagBag from /opt/airflow/dags/rugby_pipeline.py
[2026-01-02T21:47:03.304+0000] {processor.py:840} INFO - DAG(s) 'rugby_pipeline' retrieved from /opt/airflow/dags/rugby_pipeline.py
[2026-01-02T21:47:03.324+0000] {logging_mixin.py:188} INFO - [2026-01-02T21:47:03.324+0000] {dag.py:3036} INFO - Sync 1 DAGs
[2026-01-02T21:47:03.344+0000] {logging_mixin.py:188} INFO - [2026-01-02T21:47:03.344+0000] {dag.py:3823} INFO - Setting next_dagrun for rugby_pipeline to 2026-01-02 00:00:00+00:00, run_after=2026-01-03 00:00:00+00:00
[2026-01-02T21:47:03.362+0000] {processor.py:183} INFO - Processing /opt/airflow/dags/rugby_pipeline.py took 0.083 seconds
[2026-01-02T21:47:33.724+0000] {processor.py:161} INFO - Started process (PID=32233) to work on /opt/airflow/dags/rugby_pipeline.py
[2026-01-02T21:47:33.725+0000] {processor.py:830} INFO - Processing file /opt/airflow/dags/rugby_pipeline.py for tasks to queue
[2026-01-02T21:47:33.726+0000] {logging_mixin.py:188} INFO - [2026-01-02T21:47:33.726+0000] {dagbag.py:538} INFO - Filling up the DagBag from /opt/airflow/dags/rugby_pipeline.py
[2026-01-02T21:47:33.745+0000] {processor.py:840} INFO - DAG(s) 'rugby_pipeline' retrieved from /opt/airflow/dags/rugby_pipeline.py
[2026-01-02T21:47:33.766+0000] {logging_mixin.py:188} INFO - [2026-01-02T21:47:33.766+0000] {dag.py:3036} INFO - Sync 1 DAGs
[2026-01-02T21:47:33.786+0000] {logging_mixin.py:188} INFO - [2026-01-02T21:47:33.786+0000] {dag.py:3823} INFO - Setting next_dagrun for rugby_pipeline to 2026-01-02 00:00:00+00:00, run_after=2026-01-03 00:00:00+00:00
[2026-01-02T21:47:33.804+0000] {processor.py:183} INFO - Processing /opt/airflow/dags/rugby_pipeline.py took 0.083 seconds
[2026-01-02T21:48:04.210+0000] {processor.py:161} INFO - Started process (PID=32253) to work on /opt/airflow/dags/rugby_pipeline.py
[2026-01-02T21:48:04.211+0000] {processor.py:830} INFO - Processing file /opt/airflow/dags/rugby_pipeline.py for tasks to queue
[2026-01-02T21:48:04.212+0000] {logging_mixin.py:188} INFO - [2026-01-02T21:48:04.211+0000] {dagbag.py:538} INFO - Filling up the DagBag from /opt/airflow/dags/rugby_pipeline.py
[2026-01-02T21:48:04.231+0000] {processor.py:840} INFO - DAG(s) 'rugby_pipeline' retrieved from /opt/airflow/dags/rugby_pipeline.py
[2026-01-02T21:48:04.253+0000] {logging_mixin.py:188} INFO - [2026-01-02T21:48:04.252+0000] {dag.py:3036} INFO - Sync 1 DAGs
[2026-01-02T21:48:04.273+0000] {logging_mixin.py:188} INFO - [2026-01-02T21:48:04.273+0000] {dag.py:3823} INFO - Setting next_dagrun for rugby_pipeline to 2026-01-02 00:00:00+00:00, run_after=2026-01-03 00:00:00+00:00
[2026-01-02T21:48:04.300+0000] {processor.py:183} INFO - Processing /opt/airflow/dags/rugby_pipeline.py took 0.094 seconds
[2026-01-02T21:48:34.635+0000] {processor.py:161} INFO - Started process (PID=32273) to work on /opt/airflow/dags/rugby_pipeline.py
[2026-01-02T21:48:34.637+0000] {processor.py:830} INFO - Processing file /opt/airflow/dags/rugby_pipeline.py for tasks to queue
[2026-01-02T21:48:34.637+0000] {logging_mixin.py:188} INFO - [2026-01-02T21:48:34.637+0000] {dagbag.py:538} INFO - Filling up the DagBag from /opt/airflow/dags/rugby_pipeline.py
[2026-01-02T21:48:34.656+0000] {processor.py:840} INFO - DAG(s) 'rugby_pipeline' retrieved from /opt/airflow/dags/rugby_pipeline.py
[2026-01-02T21:48:34.677+0000] {logging_mixin.py:188} INFO - [2026-01-02T21:48:34.676+0000] {dag.py:3036} INFO - Sync 1 DAGs
[2026-01-02T21:48:34.697+0000] {logging_mixin.py:188} INFO - [2026-01-02T21:48:34.696+0000] {dag.py:3823} INFO - Setting next_dagrun for rugby_pipeline to 2026-01-02 00:00:00+00:00, run_after=2026-01-03 00:00:00+00:00
[2026-01-02T21:48:34.715+0000] {processor.py:183} INFO - Processing /opt/airflow/dags/rugby_pipeline.py took 0.083 seconds
[2026-01-02T21:49:05.067+0000] {processor.py:161} INFO - Started process (PID=32293) to work on /opt/airflow/dags/rugby_pipeline.py
[2026-01-02T21:49:05.068+0000] {processor.py:830} INFO - Processing file /opt/airflow/dags/rugby_pipeline.py for tasks to queue
[2026-01-02T21:49:05.069+0000] {logging_mixin.py:188} INFO - [2026-01-02T21:49:05.069+0000] {dagbag.py:538} INFO - Filling up the DagBag from /opt/airflow/dags/rugby_pipeline.py
[2026-01-02T21:49:05.088+0000] {processor.py:840} INFO - DAG(s) 'rugby_pipeline' retrieved from /opt/airflow/dags/rugby_pipeline.py
[2026-01-02T21:49:05.109+0000] {logging_mixin.py:188} INFO - [2026-01-02T21:49:05.108+0000] {dag.py:3036} INFO - Sync 1 DAGs
[2026-01-02T21:49:05.129+0000] {logging_mixin.py:188} INFO - [2026-01-02T21:49:05.129+0000] {dag.py:3823} INFO - Setting next_dagrun for rugby_pipeline to 2026-01-02 00:00:00+00:00, run_after=2026-01-03 00:00:00+00:00
[2026-01-02T21:49:05.158+0000] {processor.py:183} INFO - Processing /opt/airflow/dags/rugby_pipeline.py took 0.094 seconds
[2026-01-02T21:49:35.501+0000] {processor.py:161} INFO - Started process (PID=32313) to work on /opt/airflow/dags/rugby_pipeline.py
[2026-01-02T21:49:35.502+0000] {processor.py:830} INFO - Processing file /opt/airflow/dags/rugby_pipeline.py for tasks to queue
[2026-01-02T21:49:35.503+0000] {logging_mixin.py:188} INFO - [2026-01-02T21:49:35.503+0000] {dagbag.py:538} INFO - Filling up the DagBag from /opt/airflow/dags/rugby_pipeline.py
[2026-01-02T21:49:35.523+0000] {processor.py:840} INFO - DAG(s) 'rugby_pipeline' retrieved from /opt/airflow/dags/rugby_pipeline.py
[2026-01-02T21:49:35.544+0000] {logging_mixin.py:188} INFO - [2026-01-02T21:49:35.544+0000] {dag.py:3036} INFO - Sync 1 DAGs
[2026-01-02T21:49:35.564+0000] {logging_mixin.py:188} INFO - [2026-01-02T21:49:35.564+0000] {dag.py:3823} INFO - Setting next_dagrun for rugby_pipeline to 2026-01-02 00:00:00+00:00, run_after=2026-01-03 00:00:00+00:00
[2026-01-02T21:49:35.594+0000] {processor.py:183} INFO - Processing /opt/airflow/dags/rugby_pipeline.py took 0.096 seconds
[2026-01-02T21:50:05.929+0000] {processor.py:161} INFO - Started process (PID=32333) to work on /opt/airflow/dags/rugby_pipeline.py
[2026-01-02T21:50:05.930+0000] {processor.py:830} INFO - Processing file /opt/airflow/dags/rugby_pipeline.py for tasks to queue
[2026-01-02T21:50:05.931+0000] {logging_mixin.py:188} INFO - [2026-01-02T21:50:05.931+0000] {dagbag.py:538} INFO - Filling up the DagBag from /opt/airflow/dags/rugby_pipeline.py
[2026-01-02T21:50:05.949+0000] {processor.py:840} INFO - DAG(s) 'rugby_pipeline' retrieved from /opt/airflow/dags/rugby_pipeline.py
[2026-01-02T21:50:05.971+0000] {logging_mixin.py:188} INFO - [2026-01-02T21:50:05.971+0000] {dag.py:3036} INFO - Sync 1 DAGs
[2026-01-02T21:50:05.993+0000] {logging_mixin.py:188} INFO - [2026-01-02T21:50:05.992+0000] {dag.py:3823} INFO - Setting next_dagrun for rugby_pipeline to 2026-01-02 00:00:00+00:00, run_after=2026-01-03 00:00:00+00:00
[2026-01-02T21:50:06.011+0000] {processor.py:183} INFO - Processing /opt/airflow/dags/rugby_pipeline.py took 0.086 seconds
[2026-01-02T21:50:36.330+0000] {processor.py:161} INFO - Started process (PID=32353) to work on /opt/airflow/dags/rugby_pipeline.py
[2026-01-02T21:50:36.331+0000] {processor.py:830} INFO - Processing file /opt/airflow/dags/rugby_pipeline.py for tasks to queue
[2026-01-02T21:50:36.332+0000] {logging_mixin.py:188} INFO - [2026-01-02T21:50:36.331+0000] {dagbag.py:538} INFO - Filling up the DagBag from /opt/airflow/dags/rugby_pipeline.py
[2026-01-02T21:50:36.351+0000] {processor.py:840} INFO - DAG(s) 'rugby_pipeline' retrieved from /opt/airflow/dags/rugby_pipeline.py
[2026-01-02T21:50:36.372+0000] {logging_mixin.py:188} INFO - [2026-01-02T21:50:36.372+0000] {dag.py:3036} INFO - Sync 1 DAGs
[2026-01-02T21:50:36.393+0000] {logging_mixin.py:188} INFO - [2026-01-02T21:50:36.393+0000] {dag.py:3823} INFO - Setting next_dagrun for rugby_pipeline to 2026-01-02 00:00:00+00:00, run_after=2026-01-03 00:00:00+00:00
[2026-01-02T21:50:36.422+0000] {processor.py:183} INFO - Processing /opt/airflow/dags/rugby_pipeline.py took 0.096 seconds
[2026-01-02T21:51:06.752+0000] {processor.py:161} INFO - Started process (PID=32373) to work on /opt/airflow/dags/rugby_pipeline.py
[2026-01-02T21:51:06.753+0000] {processor.py:830} INFO - Processing file /opt/airflow/dags/rugby_pipeline.py for tasks to queue
[2026-01-02T21:51:06.754+0000] {logging_mixin.py:188} INFO - [2026-01-02T21:51:06.754+0000] {dagbag.py:538} INFO - Filling up the DagBag from /opt/airflow/dags/rugby_pipeline.py
[2026-01-02T21:51:06.774+0000] {processor.py:840} INFO - DAG(s) 'rugby_pipeline' retrieved from /opt/airflow/dags/rugby_pipeline.py
[2026-01-02T21:51:06.798+0000] {logging_mixin.py:188} INFO - [2026-01-02T21:51:06.797+0000] {dag.py:3036} INFO - Sync 1 DAGs
[2026-01-02T21:51:06.819+0000] {logging_mixin.py:188} INFO - [2026-01-02T21:51:06.819+0000] {dag.py:3823} INFO - Setting next_dagrun for rugby_pipeline to 2026-01-02 00:00:00+00:00, run_after=2026-01-03 00:00:00+00:00
[2026-01-02T21:51:06.851+0000] {processor.py:183} INFO - Processing /opt/airflow/dags/rugby_pipeline.py took 0.102 seconds
[2026-01-02T21:51:37.185+0000] {processor.py:161} INFO - Started process (PID=32393) to work on /opt/airflow/dags/rugby_pipeline.py
[2026-01-02T21:51:37.186+0000] {processor.py:830} INFO - Processing file /opt/airflow/dags/rugby_pipeline.py for tasks to queue
[2026-01-02T21:51:37.187+0000] {logging_mixin.py:188} INFO - [2026-01-02T21:51:37.187+0000] {dagbag.py:538} INFO - Filling up the DagBag from /opt/airflow/dags/rugby_pipeline.py
[2026-01-02T21:51:37.207+0000] {processor.py:840} INFO - DAG(s) 'rugby_pipeline' retrieved from /opt/airflow/dags/rugby_pipeline.py
[2026-01-02T21:51:37.229+0000] {logging_mixin.py:188} INFO - [2026-01-02T21:51:37.229+0000] {dag.py:3036} INFO - Sync 1 DAGs
[2026-01-02T21:51:37.249+0000] {logging_mixin.py:188} INFO - [2026-01-02T21:51:37.249+0000] {dag.py:3823} INFO - Setting next_dagrun for rugby_pipeline to 2026-01-02 00:00:00+00:00, run_after=2026-01-03 00:00:00+00:00
[2026-01-02T21:51:37.266+0000] {processor.py:183} INFO - Processing /opt/airflow/dags/rugby_pipeline.py took 0.084 seconds
[2026-01-02T21:52:07.593+0000] {processor.py:161} INFO - Started process (PID=32413) to work on /opt/airflow/dags/rugby_pipeline.py
[2026-01-02T21:52:07.594+0000] {processor.py:830} INFO - Processing file /opt/airflow/dags/rugby_pipeline.py for tasks to queue
[2026-01-02T21:52:07.595+0000] {logging_mixin.py:188} INFO - [2026-01-02T21:52:07.595+0000] {dagbag.py:538} INFO - Filling up the DagBag from /opt/airflow/dags/rugby_pipeline.py
[2026-01-02T21:52:07.615+0000] {processor.py:840} INFO - DAG(s) 'rugby_pipeline' retrieved from /opt/airflow/dags/rugby_pipeline.py
[2026-01-02T21:52:07.635+0000] {logging_mixin.py:188} INFO - [2026-01-02T21:52:07.635+0000] {dag.py:3036} INFO - Sync 1 DAGs
[2026-01-02T21:52:07.656+0000] {logging_mixin.py:188} INFO - [2026-01-02T21:52:07.655+0000] {dag.py:3823} INFO - Setting next_dagrun for rugby_pipeline to 2026-01-02 00:00:00+00:00, run_after=2026-01-03 00:00:00+00:00
[2026-01-02T21:52:07.684+0000] {processor.py:183} INFO - Processing /opt/airflow/dags/rugby_pipeline.py took 0.095 seconds
[2026-01-02T21:52:38.097+0000] {processor.py:161} INFO - Started process (PID=32433) to work on /opt/airflow/dags/rugby_pipeline.py
[2026-01-02T21:52:38.098+0000] {processor.py:830} INFO - Processing file /opt/airflow/dags/rugby_pipeline.py for tasks to queue
[2026-01-02T21:52:38.099+0000] {logging_mixin.py:188} INFO - [2026-01-02T21:52:38.099+0000] {dagbag.py:538} INFO - Filling up the DagBag from /opt/airflow/dags/rugby_pipeline.py
[2026-01-02T21:52:38.119+0000] {processor.py:840} INFO - DAG(s) 'rugby_pipeline' retrieved from /opt/airflow/dags/rugby_pipeline.py
[2026-01-02T21:52:38.142+0000] {logging_mixin.py:188} INFO - [2026-01-02T21:52:38.142+0000] {dag.py:3036} INFO - Sync 1 DAGs
[2026-01-02T21:52:38.162+0000] {logging_mixin.py:188} INFO - [2026-01-02T21:52:38.162+0000] {dag.py:3823} INFO - Setting next_dagrun for rugby_pipeline to 2026-01-02 00:00:00+00:00, run_after=2026-01-03 00:00:00+00:00
[2026-01-02T21:52:38.190+0000] {processor.py:183} INFO - Processing /opt/airflow/dags/rugby_pipeline.py took 0.096 seconds
[2026-01-02T21:53:08.520+0000] {processor.py:161} INFO - Started process (PID=32453) to work on /opt/airflow/dags/rugby_pipeline.py
[2026-01-02T21:53:08.521+0000] {processor.py:830} INFO - Processing file /opt/airflow/dags/rugby_pipeline.py for tasks to queue
[2026-01-02T21:53:08.522+0000] {logging_mixin.py:188} INFO - [2026-01-02T21:53:08.522+0000] {dagbag.py:538} INFO - Filling up the DagBag from /opt/airflow/dags/rugby_pipeline.py
[2026-01-02T21:53:08.541+0000] {processor.py:840} INFO - DAG(s) 'rugby_pipeline' retrieved from /opt/airflow/dags/rugby_pipeline.py
[2026-01-02T21:53:08.561+0000] {logging_mixin.py:188} INFO - [2026-01-02T21:53:08.561+0000] {dag.py:3036} INFO - Sync 1 DAGs
[2026-01-02T21:53:08.582+0000] {logging_mixin.py:188} INFO - [2026-01-02T21:53:08.582+0000] {dag.py:3823} INFO - Setting next_dagrun for rugby_pipeline to 2026-01-02 00:00:00+00:00, run_after=2026-01-03 00:00:00+00:00
[2026-01-02T21:53:08.610+0000] {processor.py:183} INFO - Processing /opt/airflow/dags/rugby_pipeline.py took 0.095 seconds
[2026-01-02T21:53:39.078+0000] {processor.py:161} INFO - Started process (PID=32473) to work on /opt/airflow/dags/rugby_pipeline.py
[2026-01-02T21:53:39.080+0000] {processor.py:830} INFO - Processing file /opt/airflow/dags/rugby_pipeline.py for tasks to queue
[2026-01-02T21:53:39.080+0000] {logging_mixin.py:188} INFO - [2026-01-02T21:53:39.080+0000] {dagbag.py:538} INFO - Filling up the DagBag from /opt/airflow/dags/rugby_pipeline.py
[2026-01-02T21:53:39.099+0000] {processor.py:840} INFO - DAG(s) 'rugby_pipeline' retrieved from /opt/airflow/dags/rugby_pipeline.py
[2026-01-02T21:53:39.120+0000] {logging_mixin.py:188} INFO - [2026-01-02T21:53:39.120+0000] {dag.py:3036} INFO - Sync 1 DAGs
[2026-01-02T21:53:39.141+0000] {logging_mixin.py:188} INFO - [2026-01-02T21:53:39.140+0000] {dag.py:3823} INFO - Setting next_dagrun for rugby_pipeline to 2026-01-02 00:00:00+00:00, run_after=2026-01-03 00:00:00+00:00
[2026-01-02T21:53:39.169+0000] {processor.py:183} INFO - Processing /opt/airflow/dags/rugby_pipeline.py took 0.094 seconds
[2026-01-02T21:54:09.491+0000] {processor.py:161} INFO - Started process (PID=32493) to work on /opt/airflow/dags/rugby_pipeline.py
[2026-01-02T21:54:09.492+0000] {processor.py:830} INFO - Processing file /opt/airflow/dags/rugby_pipeline.py for tasks to queue
[2026-01-02T21:54:09.493+0000] {logging_mixin.py:188} INFO - [2026-01-02T21:54:09.493+0000] {dagbag.py:538} INFO - Filling up the DagBag from /opt/airflow/dags/rugby_pipeline.py
[2026-01-02T21:54:09.513+0000] {processor.py:840} INFO - DAG(s) 'rugby_pipeline' retrieved from /opt/airflow/dags/rugby_pipeline.py
[2026-01-02T21:54:09.533+0000] {logging_mixin.py:188} INFO - [2026-01-02T21:54:09.533+0000] {dag.py:3036} INFO - Sync 1 DAGs
[2026-01-02T21:54:09.553+0000] {logging_mixin.py:188} INFO - [2026-01-02T21:54:09.553+0000] {dag.py:3823} INFO - Setting next_dagrun for rugby_pipeline to 2026-01-02 00:00:00+00:00, run_after=2026-01-03 00:00:00+00:00
[2026-01-02T21:54:09.568+0000] {processor.py:183} INFO - Processing /opt/airflow/dags/rugby_pipeline.py took 0.081 seconds
[2026-01-02T21:54:39.935+0000] {processor.py:161} INFO - Started process (PID=32513) to work on /opt/airflow/dags/rugby_pipeline.py
[2026-01-02T21:54:39.936+0000] {processor.py:830} INFO - Processing file /opt/airflow/dags/rugby_pipeline.py for tasks to queue
[2026-01-02T21:54:39.937+0000] {logging_mixin.py:188} INFO - [2026-01-02T21:54:39.937+0000] {dagbag.py:538} INFO - Filling up the DagBag from /opt/airflow/dags/rugby_pipeline.py
[2026-01-02T21:54:39.959+0000] {processor.py:840} INFO - DAG(s) 'rugby_pipeline' retrieved from /opt/airflow/dags/rugby_pipeline.py
[2026-01-02T21:54:39.984+0000] {logging_mixin.py:188} INFO - [2026-01-02T21:54:39.983+0000] {dag.py:3036} INFO - Sync 1 DAGs
[2026-01-02T21:54:40.004+0000] {logging_mixin.py:188} INFO - [2026-01-02T21:54:40.003+0000] {dag.py:3823} INFO - Setting next_dagrun for rugby_pipeline to 2026-01-02 00:00:00+00:00, run_after=2026-01-03 00:00:00+00:00
[2026-01-02T21:54:40.021+0000] {processor.py:183} INFO - Processing /opt/airflow/dags/rugby_pipeline.py took 0.089 seconds
[2026-01-02T21:55:10.371+0000] {processor.py:161} INFO - Started process (PID=32533) to work on /opt/airflow/dags/rugby_pipeline.py
[2026-01-02T21:55:10.373+0000] {processor.py:830} INFO - Processing file /opt/airflow/dags/rugby_pipeline.py for tasks to queue
[2026-01-02T21:55:10.374+0000] {logging_mixin.py:188} INFO - [2026-01-02T21:55:10.373+0000] {dagbag.py:538} INFO - Filling up the DagBag from /opt/airflow/dags/rugby_pipeline.py
[2026-01-02T21:55:10.393+0000] {processor.py:840} INFO - DAG(s) 'rugby_pipeline' retrieved from /opt/airflow/dags/rugby_pipeline.py
[2026-01-02T21:55:10.419+0000] {logging_mixin.py:188} INFO - [2026-01-02T21:55:10.419+0000] {dag.py:3036} INFO - Sync 1 DAGs
[2026-01-02T21:55:10.441+0000] {logging_mixin.py:188} INFO - [2026-01-02T21:55:10.440+0000] {dag.py:3823} INFO - Setting next_dagrun for rugby_pipeline to 2026-01-02 00:00:00+00:00, run_after=2026-01-03 00:00:00+00:00
[2026-01-02T21:55:10.469+0000] {processor.py:183} INFO - Processing /opt/airflow/dags/rugby_pipeline.py took 0.102 seconds
[2026-01-02T21:55:40.813+0000] {processor.py:161} INFO - Started process (PID=32553) to work on /opt/airflow/dags/rugby_pipeline.py
[2026-01-02T21:55:40.814+0000] {processor.py:830} INFO - Processing file /opt/airflow/dags/rugby_pipeline.py for tasks to queue
[2026-01-02T21:55:40.815+0000] {logging_mixin.py:188} INFO - [2026-01-02T21:55:40.815+0000] {dagbag.py:538} INFO - Filling up the DagBag from /opt/airflow/dags/rugby_pipeline.py
[2026-01-02T21:55:40.835+0000] {processor.py:840} INFO - DAG(s) 'rugby_pipeline' retrieved from /opt/airflow/dags/rugby_pipeline.py
[2026-01-02T21:55:40.856+0000] {logging_mixin.py:188} INFO - [2026-01-02T21:55:40.855+0000] {dag.py:3036} INFO - Sync 1 DAGs
[2026-01-02T21:55:40.876+0000] {logging_mixin.py:188} INFO - [2026-01-02T21:55:40.876+0000] {dag.py:3823} INFO - Setting next_dagrun for rugby_pipeline to 2026-01-02 00:00:00+00:00, run_after=2026-01-03 00:00:00+00:00
[2026-01-02T21:55:40.904+0000] {processor.py:183} INFO - Processing /opt/airflow/dags/rugby_pipeline.py took 0.094 seconds
[2026-01-02T21:56:11.235+0000] {processor.py:161} INFO - Started process (PID=32573) to work on /opt/airflow/dags/rugby_pipeline.py
[2026-01-02T21:56:11.236+0000] {processor.py:830} INFO - Processing file /opt/airflow/dags/rugby_pipeline.py for tasks to queue
[2026-01-02T21:56:11.237+0000] {logging_mixin.py:188} INFO - [2026-01-02T21:56:11.237+0000] {dagbag.py:538} INFO - Filling up the DagBag from /opt/airflow/dags/rugby_pipeline.py
[2026-01-02T21:56:11.257+0000] {processor.py:840} INFO - DAG(s) 'rugby_pipeline' retrieved from /opt/airflow/dags/rugby_pipeline.py
[2026-01-02T21:56:11.278+0000] {logging_mixin.py:188} INFO - [2026-01-02T21:56:11.278+0000] {dag.py:3036} INFO - Sync 1 DAGs
[2026-01-02T21:56:11.300+0000] {logging_mixin.py:188} INFO - [2026-01-02T21:56:11.300+0000] {dag.py:3823} INFO - Setting next_dagrun for rugby_pipeline to 2026-01-02 00:00:00+00:00, run_after=2026-01-03 00:00:00+00:00
[2026-01-02T21:56:11.318+0000] {processor.py:183} INFO - Processing /opt/airflow/dags/rugby_pipeline.py took 0.086 seconds
[2026-01-02T21:56:41.774+0000] {processor.py:161} INFO - Started process (PID=32593) to work on /opt/airflow/dags/rugby_pipeline.py
[2026-01-02T21:56:41.775+0000] {processor.py:830} INFO - Processing file /opt/airflow/dags/rugby_pipeline.py for tasks to queue
[2026-01-02T21:56:41.776+0000] {logging_mixin.py:188} INFO - [2026-01-02T21:56:41.776+0000] {dagbag.py:538} INFO - Filling up the DagBag from /opt/airflow/dags/rugby_pipeline.py
[2026-01-02T21:56:41.795+0000] {processor.py:840} INFO - DAG(s) 'rugby_pipeline' retrieved from /opt/airflow/dags/rugby_pipeline.py
[2026-01-02T21:56:41.817+0000] {logging_mixin.py:188} INFO - [2026-01-02T21:56:41.816+0000] {dag.py:3036} INFO - Sync 1 DAGs
[2026-01-02T21:56:41.837+0000] {logging_mixin.py:188} INFO - [2026-01-02T21:56:41.837+0000] {dag.py:3823} INFO - Setting next_dagrun for rugby_pipeline to 2026-01-02 00:00:00+00:00, run_after=2026-01-03 00:00:00+00:00
[2026-01-02T21:56:41.865+0000] {processor.py:183} INFO - Processing /opt/airflow/dags/rugby_pipeline.py took 0.095 seconds
[2026-01-02T21:57:12.204+0000] {processor.py:161} INFO - Started process (PID=32613) to work on /opt/airflow/dags/rugby_pipeline.py
[2026-01-02T21:57:12.206+0000] {processor.py:830} INFO - Processing file /opt/airflow/dags/rugby_pipeline.py for tasks to queue
[2026-01-02T21:57:12.207+0000] {logging_mixin.py:188} INFO - [2026-01-02T21:57:12.206+0000] {dagbag.py:538} INFO - Filling up the DagBag from /opt/airflow/dags/rugby_pipeline.py
[2026-01-02T21:57:12.225+0000] {processor.py:840} INFO - DAG(s) 'rugby_pipeline' retrieved from /opt/airflow/dags/rugby_pipeline.py
[2026-01-02T21:57:12.247+0000] {logging_mixin.py:188} INFO - [2026-01-02T21:57:12.247+0000] {dag.py:3036} INFO - Sync 1 DAGs
[2026-01-02T21:57:12.268+0000] {logging_mixin.py:188} INFO - [2026-01-02T21:57:12.267+0000] {dag.py:3823} INFO - Setting next_dagrun for rugby_pipeline to 2026-01-02 00:00:00+00:00, run_after=2026-01-03 00:00:00+00:00
[2026-01-02T21:57:12.297+0000] {processor.py:183} INFO - Processing /opt/airflow/dags/rugby_pipeline.py took 0.096 seconds
[2026-01-02T21:57:42.806+0000] {processor.py:161} INFO - Started process (PID=32633) to work on /opt/airflow/dags/rugby_pipeline.py
[2026-01-02T21:57:42.807+0000] {processor.py:830} INFO - Processing file /opt/airflow/dags/rugby_pipeline.py for tasks to queue
[2026-01-02T21:57:42.808+0000] {logging_mixin.py:188} INFO - [2026-01-02T21:57:42.807+0000] {dagbag.py:538} INFO - Filling up the DagBag from /opt/airflow/dags/rugby_pipeline.py
[2026-01-02T21:57:42.828+0000] {processor.py:840} INFO - DAG(s) 'rugby_pipeline' retrieved from /opt/airflow/dags/rugby_pipeline.py
[2026-01-02T21:57:42.854+0000] {logging_mixin.py:188} INFO - [2026-01-02T21:57:42.853+0000] {dag.py:3036} INFO - Sync 1 DAGs
[2026-01-02T21:57:42.874+0000] {logging_mixin.py:188} INFO - [2026-01-02T21:57:42.873+0000] {dag.py:3823} INFO - Setting next_dagrun for rugby_pipeline to 2026-01-02 00:00:00+00:00, run_after=2026-01-03 00:00:00+00:00
[2026-01-02T21:57:42.902+0000] {processor.py:183} INFO - Processing /opt/airflow/dags/rugby_pipeline.py took 0.100 seconds
[2026-01-02T21:58:13.348+0000] {processor.py:161} INFO - Started process (PID=32653) to work on /opt/airflow/dags/rugby_pipeline.py
[2026-01-02T21:58:13.349+0000] {processor.py:830} INFO - Processing file /opt/airflow/dags/rugby_pipeline.py for tasks to queue
[2026-01-02T21:58:13.350+0000] {logging_mixin.py:188} INFO - [2026-01-02T21:58:13.350+0000] {dagbag.py:538} INFO - Filling up the DagBag from /opt/airflow/dags/rugby_pipeline.py
[2026-01-02T21:58:13.371+0000] {processor.py:840} INFO - DAG(s) 'rugby_pipeline' retrieved from /opt/airflow/dags/rugby_pipeline.py
[2026-01-02T21:58:13.396+0000] {logging_mixin.py:188} INFO - [2026-01-02T21:58:13.396+0000] {dag.py:3036} INFO - Sync 1 DAGs
[2026-01-02T21:58:13.416+0000] {logging_mixin.py:188} INFO - [2026-01-02T21:58:13.416+0000] {dag.py:3823} INFO - Setting next_dagrun for rugby_pipeline to 2026-01-02 00:00:00+00:00, run_after=2026-01-03 00:00:00+00:00
[2026-01-02T21:58:13.434+0000] {processor.py:183} INFO - Processing /opt/airflow/dags/rugby_pipeline.py took 0.090 seconds
[2026-01-02T21:58:43.781+0000] {processor.py:161} INFO - Started process (PID=32673) to work on /opt/airflow/dags/rugby_pipeline.py
[2026-01-02T21:58:43.782+0000] {processor.py:830} INFO - Processing file /opt/airflow/dags/rugby_pipeline.py for tasks to queue
[2026-01-02T21:58:43.783+0000] {logging_mixin.py:188} INFO - [2026-01-02T21:58:43.783+0000] {dagbag.py:538} INFO - Filling up the DagBag from /opt/airflow/dags/rugby_pipeline.py
[2026-01-02T21:58:43.802+0000] {processor.py:840} INFO - DAG(s) 'rugby_pipeline' retrieved from /opt/airflow/dags/rugby_pipeline.py
[2026-01-02T21:58:43.824+0000] {logging_mixin.py:188} INFO - [2026-01-02T21:58:43.824+0000] {dag.py:3036} INFO - Sync 1 DAGs
[2026-01-02T21:58:43.845+0000] {logging_mixin.py:188} INFO - [2026-01-02T21:58:43.845+0000] {dag.py:3823} INFO - Setting next_dagrun for rugby_pipeline to 2026-01-02 00:00:00+00:00, run_after=2026-01-03 00:00:00+00:00
[2026-01-02T21:58:43.862+0000] {processor.py:183} INFO - Processing /opt/airflow/dags/rugby_pipeline.py took 0.084 seconds
[2026-01-02T21:59:14.211+0000] {processor.py:161} INFO - Started process (PID=32693) to work on /opt/airflow/dags/rugby_pipeline.py
[2026-01-02T21:59:14.212+0000] {processor.py:830} INFO - Processing file /opt/airflow/dags/rugby_pipeline.py for tasks to queue
[2026-01-02T21:59:14.213+0000] {logging_mixin.py:188} INFO - [2026-01-02T21:59:14.213+0000] {dagbag.py:538} INFO - Filling up the DagBag from /opt/airflow/dags/rugby_pipeline.py
[2026-01-02T21:59:14.232+0000] {processor.py:840} INFO - DAG(s) 'rugby_pipeline' retrieved from /opt/airflow/dags/rugby_pipeline.py
[2026-01-02T21:59:14.254+0000] {logging_mixin.py:188} INFO - [2026-01-02T21:59:14.253+0000] {dag.py:3036} INFO - Sync 1 DAGs
[2026-01-02T21:59:14.274+0000] {logging_mixin.py:188} INFO - [2026-01-02T21:59:14.273+0000] {dag.py:3823} INFO - Setting next_dagrun for rugby_pipeline to 2026-01-02 00:00:00+00:00, run_after=2026-01-03 00:00:00+00:00
[2026-01-02T21:59:14.303+0000] {processor.py:183} INFO - Processing /opt/airflow/dags/rugby_pipeline.py took 0.096 seconds
[2026-01-02T21:59:44.733+0000] {processor.py:161} INFO - Started process (PID=32713) to work on /opt/airflow/dags/rugby_pipeline.py
[2026-01-02T21:59:44.734+0000] {processor.py:830} INFO - Processing file /opt/airflow/dags/rugby_pipeline.py for tasks to queue
[2026-01-02T21:59:44.735+0000] {logging_mixin.py:188} INFO - [2026-01-02T21:59:44.735+0000] {dagbag.py:538} INFO - Filling up the DagBag from /opt/airflow/dags/rugby_pipeline.py
[2026-01-02T21:59:44.755+0000] {processor.py:840} INFO - DAG(s) 'rugby_pipeline' retrieved from /opt/airflow/dags/rugby_pipeline.py
[2026-01-02T21:59:44.778+0000] {logging_mixin.py:188} INFO - [2026-01-02T21:59:44.778+0000] {dag.py:3036} INFO - Sync 1 DAGs
[2026-01-02T21:59:44.803+0000] {logging_mixin.py:188} INFO - [2026-01-02T21:59:44.803+0000] {dag.py:3823} INFO - Setting next_dagrun for rugby_pipeline to 2026-01-02 00:00:00+00:00, run_after=2026-01-03 00:00:00+00:00
[2026-01-02T21:59:44.824+0000] {processor.py:183} INFO - Processing /opt/airflow/dags/rugby_pipeline.py took 0.095 seconds
[2026-01-02T22:00:15.245+0000] {processor.py:161} INFO - Started process (PID=32733) to work on /opt/airflow/dags/rugby_pipeline.py
[2026-01-02T22:00:15.246+0000] {processor.py:830} INFO - Processing file /opt/airflow/dags/rugby_pipeline.py for tasks to queue
[2026-01-02T22:00:15.247+0000] {logging_mixin.py:188} INFO - [2026-01-02T22:00:15.247+0000] {dagbag.py:538} INFO - Filling up the DagBag from /opt/airflow/dags/rugby_pipeline.py
[2026-01-02T22:00:15.270+0000] {processor.py:840} INFO - DAG(s) 'rugby_pipeline' retrieved from /opt/airflow/dags/rugby_pipeline.py
[2026-01-02T22:00:15.293+0000] {logging_mixin.py:188} INFO - [2026-01-02T22:00:15.293+0000] {dag.py:3036} INFO - Sync 1 DAGs
[2026-01-02T22:00:15.315+0000] {logging_mixin.py:188} INFO - [2026-01-02T22:00:15.314+0000] {dag.py:3823} INFO - Setting next_dagrun for rugby_pipeline to 2026-01-02 00:00:00+00:00, run_after=2026-01-03 00:00:00+00:00
[2026-01-02T22:00:15.334+0000] {processor.py:183} INFO - Processing /opt/airflow/dags/rugby_pipeline.py took 0.093 seconds
[2026-01-02T22:00:45.659+0000] {processor.py:161} INFO - Started process (PID=32753) to work on /opt/airflow/dags/rugby_pipeline.py
[2026-01-02T22:00:45.661+0000] {processor.py:830} INFO - Processing file /opt/airflow/dags/rugby_pipeline.py for tasks to queue
[2026-01-02T22:00:45.662+0000] {logging_mixin.py:188} INFO - [2026-01-02T22:00:45.662+0000] {dagbag.py:538} INFO - Filling up the DagBag from /opt/airflow/dags/rugby_pipeline.py
[2026-01-02T22:00:45.682+0000] {processor.py:840} INFO - DAG(s) 'rugby_pipeline' retrieved from /opt/airflow/dags/rugby_pipeline.py
[2026-01-02T22:00:45.705+0000] {logging_mixin.py:188} INFO - [2026-01-02T22:00:45.705+0000] {dag.py:3036} INFO - Sync 1 DAGs
[2026-01-02T22:00:45.726+0000] {logging_mixin.py:188} INFO - [2026-01-02T22:00:45.726+0000] {dag.py:3823} INFO - Setting next_dagrun for rugby_pipeline to 2026-01-02 00:00:00+00:00, run_after=2026-01-03 00:00:00+00:00
[2026-01-02T22:00:45.755+0000] {processor.py:183} INFO - Processing /opt/airflow/dags/rugby_pipeline.py took 0.099 seconds
[2026-01-02T22:01:16.080+0000] {processor.py:161} INFO - Started process (PID=32773) to work on /opt/airflow/dags/rugby_pipeline.py
[2026-01-02T22:01:16.081+0000] {processor.py:830} INFO - Processing file /opt/airflow/dags/rugby_pipeline.py for tasks to queue
[2026-01-02T22:01:16.082+0000] {logging_mixin.py:188} INFO - [2026-01-02T22:01:16.081+0000] {dagbag.py:538} INFO - Filling up the DagBag from /opt/airflow/dags/rugby_pipeline.py
[2026-01-02T22:01:16.102+0000] {processor.py:840} INFO - DAG(s) 'rugby_pipeline' retrieved from /opt/airflow/dags/rugby_pipeline.py
[2026-01-02T22:01:16.123+0000] {logging_mixin.py:188} INFO - [2026-01-02T22:01:16.123+0000] {dag.py:3036} INFO - Sync 1 DAGs
[2026-01-02T22:01:16.146+0000] {logging_mixin.py:188} INFO - [2026-01-02T22:01:16.145+0000] {dag.py:3823} INFO - Setting next_dagrun for rugby_pipeline to 2026-01-02 00:00:00+00:00, run_after=2026-01-03 00:00:00+00:00
[2026-01-02T22:01:16.176+0000] {processor.py:183} INFO - Processing /opt/airflow/dags/rugby_pipeline.py took 0.100 seconds
[2026-01-02T22:01:46.488+0000] {processor.py:161} INFO - Started process (PID=32793) to work on /opt/airflow/dags/rugby_pipeline.py
[2026-01-02T22:01:46.489+0000] {processor.py:830} INFO - Processing file /opt/airflow/dags/rugby_pipeline.py for tasks to queue
[2026-01-02T22:01:46.490+0000] {logging_mixin.py:188} INFO - [2026-01-02T22:01:46.490+0000] {dagbag.py:538} INFO - Filling up the DagBag from /opt/airflow/dags/rugby_pipeline.py
[2026-01-02T22:01:46.510+0000] {processor.py:840} INFO - DAG(s) 'rugby_pipeline' retrieved from /opt/airflow/dags/rugby_pipeline.py
[2026-01-02T22:01:46.531+0000] {logging_mixin.py:188} INFO - [2026-01-02T22:01:46.531+0000] {dag.py:3036} INFO - Sync 1 DAGs
[2026-01-02T22:01:46.552+0000] {logging_mixin.py:188} INFO - [2026-01-02T22:01:46.551+0000] {dag.py:3823} INFO - Setting next_dagrun for rugby_pipeline to 2026-01-02 00:00:00+00:00, run_after=2026-01-03 00:00:00+00:00
[2026-01-02T22:01:46.569+0000] {processor.py:183} INFO - Processing /opt/airflow/dags/rugby_pipeline.py took 0.084 seconds
[2026-01-02T22:02:16.897+0000] {processor.py:161} INFO - Started process (PID=32813) to work on /opt/airflow/dags/rugby_pipeline.py
[2026-01-02T22:02:16.898+0000] {processor.py:830} INFO - Processing file /opt/airflow/dags/rugby_pipeline.py for tasks to queue
[2026-01-02T22:02:16.899+0000] {logging_mixin.py:188} INFO - [2026-01-02T22:02:16.899+0000] {dagbag.py:538} INFO - Filling up the DagBag from /opt/airflow/dags/rugby_pipeline.py
[2026-01-02T22:02:16.918+0000] {processor.py:840} INFO - DAG(s) 'rugby_pipeline' retrieved from /opt/airflow/dags/rugby_pipeline.py
[2026-01-02T22:02:16.940+0000] {logging_mixin.py:188} INFO - [2026-01-02T22:02:16.940+0000] {dag.py:3036} INFO - Sync 1 DAGs
[2026-01-02T22:02:16.962+0000] {logging_mixin.py:188} INFO - [2026-01-02T22:02:16.961+0000] {dag.py:3823} INFO - Setting next_dagrun for rugby_pipeline to 2026-01-02 00:00:00+00:00, run_after=2026-01-03 00:00:00+00:00
[2026-01-02T22:02:16.992+0000] {processor.py:183} INFO - Processing /opt/airflow/dags/rugby_pipeline.py took 0.099 seconds
[2026-01-02T22:02:47.368+0000] {processor.py:161} INFO - Started process (PID=32833) to work on /opt/airflow/dags/rugby_pipeline.py
[2026-01-02T22:02:47.370+0000] {processor.py:830} INFO - Processing file /opt/airflow/dags/rugby_pipeline.py for tasks to queue
[2026-01-02T22:02:47.371+0000] {logging_mixin.py:188} INFO - [2026-01-02T22:02:47.370+0000] {dagbag.py:538} INFO - Filling up the DagBag from /opt/airflow/dags/rugby_pipeline.py
[2026-01-02T22:02:47.391+0000] {processor.py:840} INFO - DAG(s) 'rugby_pipeline' retrieved from /opt/airflow/dags/rugby_pipeline.py
[2026-01-02T22:02:47.413+0000] {logging_mixin.py:188} INFO - [2026-01-02T22:02:47.413+0000] {dag.py:3036} INFO - Sync 1 DAGs
[2026-01-02T22:02:47.434+0000] {logging_mixin.py:188} INFO - [2026-01-02T22:02:47.434+0000] {dag.py:3823} INFO - Setting next_dagrun for rugby_pipeline to 2026-01-02 00:00:00+00:00, run_after=2026-01-03 00:00:00+00:00
[2026-01-02T22:02:47.463+0000] {processor.py:183} INFO - Processing /opt/airflow/dags/rugby_pipeline.py took 0.098 seconds
[2026-01-02T22:03:17.901+0000] {processor.py:161} INFO - Started process (PID=32853) to work on /opt/airflow/dags/rugby_pipeline.py
[2026-01-02T22:03:17.902+0000] {processor.py:830} INFO - Processing file /opt/airflow/dags/rugby_pipeline.py for tasks to queue
[2026-01-02T22:03:17.903+0000] {logging_mixin.py:188} INFO - [2026-01-02T22:03:17.903+0000] {dagbag.py:538} INFO - Filling up the DagBag from /opt/airflow/dags/rugby_pipeline.py
[2026-01-02T22:03:17.923+0000] {processor.py:840} INFO - DAG(s) 'rugby_pipeline' retrieved from /opt/airflow/dags/rugby_pipeline.py
[2026-01-02T22:03:17.945+0000] {logging_mixin.py:188} INFO - [2026-01-02T22:03:17.945+0000] {dag.py:3036} INFO - Sync 1 DAGs
[2026-01-02T22:03:17.966+0000] {logging_mixin.py:188} INFO - [2026-01-02T22:03:17.966+0000] {dag.py:3823} INFO - Setting next_dagrun for rugby_pipeline to 2026-01-02 00:00:00+00:00, run_after=2026-01-03 00:00:00+00:00
[2026-01-02T22:03:17.986+0000] {processor.py:183} INFO - Processing /opt/airflow/dags/rugby_pipeline.py took 0.088 seconds
[2026-01-02T22:03:48.332+0000] {processor.py:161} INFO - Started process (PID=32873) to work on /opt/airflow/dags/rugby_pipeline.py
[2026-01-02T22:03:48.333+0000] {processor.py:830} INFO - Processing file /opt/airflow/dags/rugby_pipeline.py for tasks to queue
[2026-01-02T22:03:48.334+0000] {logging_mixin.py:188} INFO - [2026-01-02T22:03:48.334+0000] {dagbag.py:538} INFO - Filling up the DagBag from /opt/airflow/dags/rugby_pipeline.py
[2026-01-02T22:03:48.355+0000] {processor.py:840} INFO - DAG(s) 'rugby_pipeline' retrieved from /opt/airflow/dags/rugby_pipeline.py
[2026-01-02T22:03:48.376+0000] {logging_mixin.py:188} INFO - [2026-01-02T22:03:48.376+0000] {dag.py:3036} INFO - Sync 1 DAGs
[2026-01-02T22:03:48.397+0000] {logging_mixin.py:188} INFO - [2026-01-02T22:03:48.397+0000] {dag.py:3823} INFO - Setting next_dagrun for rugby_pipeline to 2026-01-02 00:00:00+00:00, run_after=2026-01-03 00:00:00+00:00
[2026-01-02T22:03:48.427+0000] {processor.py:183} INFO - Processing /opt/airflow/dags/rugby_pipeline.py took 0.098 seconds
[2026-01-02T22:04:18.760+0000] {processor.py:161} INFO - Started process (PID=32893) to work on /opt/airflow/dags/rugby_pipeline.py
[2026-01-02T22:04:18.761+0000] {processor.py:830} INFO - Processing file /opt/airflow/dags/rugby_pipeline.py for tasks to queue
[2026-01-02T22:04:18.762+0000] {logging_mixin.py:188} INFO - [2026-01-02T22:04:18.762+0000] {dagbag.py:538} INFO - Filling up the DagBag from /opt/airflow/dags/rugby_pipeline.py
[2026-01-02T22:04:18.782+0000] {processor.py:840} INFO - DAG(s) 'rugby_pipeline' retrieved from /opt/airflow/dags/rugby_pipeline.py
[2026-01-02T22:04:18.803+0000] {logging_mixin.py:188} INFO - [2026-01-02T22:04:18.803+0000] {dag.py:3036} INFO - Sync 1 DAGs
[2026-01-02T22:04:18.824+0000] {logging_mixin.py:188} INFO - [2026-01-02T22:04:18.824+0000] {dag.py:3823} INFO - Setting next_dagrun for rugby_pipeline to 2026-01-02 00:00:00+00:00, run_after=2026-01-03 00:00:00+00:00
[2026-01-02T22:04:18.854+0000] {processor.py:183} INFO - Processing /opt/airflow/dags/rugby_pipeline.py took 0.098 seconds
[2026-01-02T22:04:49.159+0000] {processor.py:161} INFO - Started process (PID=32913) to work on /opt/airflow/dags/rugby_pipeline.py
[2026-01-02T22:04:49.160+0000] {processor.py:830} INFO - Processing file /opt/airflow/dags/rugby_pipeline.py for tasks to queue
[2026-01-02T22:04:49.162+0000] {logging_mixin.py:188} INFO - [2026-01-02T22:04:49.161+0000] {dagbag.py:538} INFO - Filling up the DagBag from /opt/airflow/dags/rugby_pipeline.py
[2026-01-02T22:04:49.182+0000] {processor.py:840} INFO - DAG(s) 'rugby_pipeline' retrieved from /opt/airflow/dags/rugby_pipeline.py
[2026-01-02T22:04:49.204+0000] {logging_mixin.py:188} INFO - [2026-01-02T22:04:49.204+0000] {dag.py:3036} INFO - Sync 1 DAGs
[2026-01-02T22:04:49.225+0000] {logging_mixin.py:188} INFO - [2026-01-02T22:04:49.225+0000] {dag.py:3823} INFO - Setting next_dagrun for rugby_pipeline to 2026-01-02 00:00:00+00:00, run_after=2026-01-03 00:00:00+00:00
[2026-01-02T22:04:49.252+0000] {processor.py:183} INFO - Processing /opt/airflow/dags/rugby_pipeline.py took 0.096 seconds
[2026-01-02T22:05:19.595+0000] {processor.py:161} INFO - Started process (PID=32933) to work on /opt/airflow/dags/rugby_pipeline.py
[2026-01-02T22:05:19.596+0000] {processor.py:830} INFO - Processing file /opt/airflow/dags/rugby_pipeline.py for tasks to queue
[2026-01-02T22:05:19.597+0000] {logging_mixin.py:188} INFO - [2026-01-02T22:05:19.597+0000] {dagbag.py:538} INFO - Filling up the DagBag from /opt/airflow/dags/rugby_pipeline.py
[2026-01-02T22:05:19.617+0000] {processor.py:840} INFO - DAG(s) 'rugby_pipeline' retrieved from /opt/airflow/dags/rugby_pipeline.py
[2026-01-02T22:05:19.638+0000] {logging_mixin.py:188} INFO - [2026-01-02T22:05:19.638+0000] {dag.py:3036} INFO - Sync 1 DAGs
[2026-01-02T22:05:19.658+0000] {logging_mixin.py:188} INFO - [2026-01-02T22:05:19.658+0000] {dag.py:3823} INFO - Setting next_dagrun for rugby_pipeline to 2026-01-02 00:00:00+00:00, run_after=2026-01-03 00:00:00+00:00
[2026-01-02T22:05:19.686+0000] {processor.py:183} INFO - Processing /opt/airflow/dags/rugby_pipeline.py took 0.094 seconds
[2026-01-02T22:05:50.034+0000] {processor.py:161} INFO - Started process (PID=32953) to work on /opt/airflow/dags/rugby_pipeline.py
[2026-01-02T22:05:50.035+0000] {processor.py:830} INFO - Processing file /opt/airflow/dags/rugby_pipeline.py for tasks to queue
[2026-01-02T22:05:50.036+0000] {logging_mixin.py:188} INFO - [2026-01-02T22:05:50.036+0000] {dagbag.py:538} INFO - Filling up the DagBag from /opt/airflow/dags/rugby_pipeline.py
[2026-01-02T22:05:50.055+0000] {processor.py:840} INFO - DAG(s) 'rugby_pipeline' retrieved from /opt/airflow/dags/rugby_pipeline.py
[2026-01-02T22:05:50.077+0000] {logging_mixin.py:188} INFO - [2026-01-02T22:05:50.077+0000] {dag.py:3036} INFO - Sync 1 DAGs
[2026-01-02T22:05:50.097+0000] {logging_mixin.py:188} INFO - [2026-01-02T22:05:50.097+0000] {dag.py:3823} INFO - Setting next_dagrun for rugby_pipeline to 2026-01-02 00:00:00+00:00, run_after=2026-01-03 00:00:00+00:00
[2026-01-02T22:05:50.125+0000] {processor.py:183} INFO - Processing /opt/airflow/dags/rugby_pipeline.py took 0.095 seconds
[2026-01-02T22:06:20.566+0000] {processor.py:161} INFO - Started process (PID=32973) to work on /opt/airflow/dags/rugby_pipeline.py
[2026-01-02T22:06:20.568+0000] {processor.py:830} INFO - Processing file /opt/airflow/dags/rugby_pipeline.py for tasks to queue
[2026-01-02T22:06:20.569+0000] {logging_mixin.py:188} INFO - [2026-01-02T22:06:20.568+0000] {dagbag.py:538} INFO - Filling up the DagBag from /opt/airflow/dags/rugby_pipeline.py
[2026-01-02T22:06:20.588+0000] {processor.py:840} INFO - DAG(s) 'rugby_pipeline' retrieved from /opt/airflow/dags/rugby_pipeline.py
[2026-01-02T22:06:20.610+0000] {logging_mixin.py:188} INFO - [2026-01-02T22:06:20.609+0000] {dag.py:3036} INFO - Sync 1 DAGs
[2026-01-02T22:06:20.630+0000] {logging_mixin.py:188} INFO - [2026-01-02T22:06:20.630+0000] {dag.py:3823} INFO - Setting next_dagrun for rugby_pipeline to 2026-01-02 00:00:00+00:00, run_after=2026-01-03 00:00:00+00:00
[2026-01-02T22:06:20.646+0000] {processor.py:183} INFO - Processing /opt/airflow/dags/rugby_pipeline.py took 0.084 seconds
[2026-01-02T22:06:50.992+0000] {processor.py:161} INFO - Started process (PID=32993) to work on /opt/airflow/dags/rugby_pipeline.py
[2026-01-02T22:06:50.993+0000] {processor.py:830} INFO - Processing file /opt/airflow/dags/rugby_pipeline.py for tasks to queue
[2026-01-02T22:06:50.994+0000] {logging_mixin.py:188} INFO - [2026-01-02T22:06:50.994+0000] {dagbag.py:538} INFO - Filling up the DagBag from /opt/airflow/dags/rugby_pipeline.py
[2026-01-02T22:06:51.016+0000] {processor.py:840} INFO - DAG(s) 'rugby_pipeline' retrieved from /opt/airflow/dags/rugby_pipeline.py
[2026-01-02T22:06:51.047+0000] {logging_mixin.py:188} INFO - [2026-01-02T22:06:51.046+0000] {dag.py:3036} INFO - Sync 1 DAGs
[2026-01-02T22:06:51.075+0000] {logging_mixin.py:188} INFO - [2026-01-02T22:06:51.075+0000] {dag.py:3823} INFO - Setting next_dagrun for rugby_pipeline to 2026-01-02 00:00:00+00:00, run_after=2026-01-03 00:00:00+00:00
[2026-01-02T22:06:51.099+0000] {processor.py:183} INFO - Processing /opt/airflow/dags/rugby_pipeline.py took 0.111 seconds
[2026-01-02T22:07:27.860+0000] {processor.py:161} INFO - Started process (PID=33018) to work on /opt/airflow/dags/rugby_pipeline.py
[2026-01-02T22:07:27.911+0000] {processor.py:830} INFO - Processing file /opt/airflow/dags/rugby_pipeline.py for tasks to queue
[2026-01-02T22:07:27.956+0000] {logging_mixin.py:188} INFO - [2026-01-02T22:07:27.939+0000] {dagbag.py:538} INFO - Filling up the DagBag from /opt/airflow/dags/rugby_pipeline.py
[2026-01-02T22:07:28.410+0000] {processor.py:840} INFO - DAG(s) 'rugby_pipeline' retrieved from /opt/airflow/dags/rugby_pipeline.py
[2026-01-02T22:07:28.945+0000] {logging_mixin.py:188} INFO - [2026-01-02T22:07:28.940+0000] {dag.py:3036} INFO - Sync 1 DAGs
[2026-01-02T22:07:29.588+0000] {logging_mixin.py:188} INFO - [2026-01-02T22:07:29.581+0000] {dag.py:3823} INFO - Setting next_dagrun for rugby_pipeline to 2026-01-02 00:00:00+00:00, run_after=2026-01-03 00:00:00+00:00
[2026-01-02T22:07:30.010+0000] {processor.py:183} INFO - Processing /opt/airflow/dags/rugby_pipeline.py took 2.316 seconds
[2026-01-02T22:08:00.286+0000] {processor.py:161} INFO - Started process (PID=33038) to work on /opt/airflow/dags/rugby_pipeline.py
[2026-01-02T22:08:00.288+0000] {processor.py:830} INFO - Processing file /opt/airflow/dags/rugby_pipeline.py for tasks to queue
[2026-01-02T22:08:00.290+0000] {logging_mixin.py:188} INFO - [2026-01-02T22:08:00.289+0000] {dagbag.py:538} INFO - Filling up the DagBag from /opt/airflow/dags/rugby_pipeline.py
[2026-01-02T22:08:00.311+0000] {processor.py:840} INFO - DAG(s) 'rugby_pipeline' retrieved from /opt/airflow/dags/rugby_pipeline.py
[2026-01-02T22:08:00.337+0000] {logging_mixin.py:188} INFO - [2026-01-02T22:08:00.336+0000] {dag.py:3036} INFO - Sync 1 DAGs
[2026-01-02T22:08:00.364+0000] {logging_mixin.py:188} INFO - [2026-01-02T22:08:00.363+0000] {dag.py:3823} INFO - Setting next_dagrun for rugby_pipeline to 2026-01-02 00:00:00+00:00, run_after=2026-01-03 00:00:00+00:00
[2026-01-02T22:08:00.397+0000] {processor.py:183} INFO - Processing /opt/airflow/dags/rugby_pipeline.py took 0.114 seconds
[2026-01-02T22:08:30.825+0000] {processor.py:161} INFO - Started process (PID=33058) to work on /opt/airflow/dags/rugby_pipeline.py
[2026-01-02T22:08:30.826+0000] {processor.py:830} INFO - Processing file /opt/airflow/dags/rugby_pipeline.py for tasks to queue
[2026-01-02T22:08:30.827+0000] {logging_mixin.py:188} INFO - [2026-01-02T22:08:30.827+0000] {dagbag.py:538} INFO - Filling up the DagBag from /opt/airflow/dags/rugby_pipeline.py
[2026-01-02T22:08:30.845+0000] {processor.py:840} INFO - DAG(s) 'rugby_pipeline' retrieved from /opt/airflow/dags/rugby_pipeline.py
[2026-01-02T22:08:30.870+0000] {logging_mixin.py:188} INFO - [2026-01-02T22:08:30.870+0000] {dag.py:3036} INFO - Sync 1 DAGs
[2026-01-02T22:08:30.893+0000] {logging_mixin.py:188} INFO - [2026-01-02T22:08:30.892+0000] {dag.py:3823} INFO - Setting next_dagrun for rugby_pipeline to 2026-01-02 00:00:00+00:00, run_after=2026-01-03 00:00:00+00:00
[2026-01-02T22:08:30.925+0000] {processor.py:183} INFO - Processing /opt/airflow/dags/rugby_pipeline.py took 0.103 seconds
[2026-01-02T22:09:01.641+0000] {processor.py:161} INFO - Started process (PID=33078) to work on /opt/airflow/dags/rugby_pipeline.py
[2026-01-02T22:09:01.653+0000] {processor.py:830} INFO - Processing file /opt/airflow/dags/rugby_pipeline.py for tasks to queue
[2026-01-02T22:09:01.665+0000] {logging_mixin.py:188} INFO - [2026-01-02T22:09:01.662+0000] {dagbag.py:538} INFO - Filling up the DagBag from /opt/airflow/dags/rugby_pipeline.py
[2026-01-02T22:09:01.938+0000] {processor.py:840} INFO - DAG(s) 'rugby_pipeline' retrieved from /opt/airflow/dags/rugby_pipeline.py
[2026-01-02T22:09:02.163+0000] {logging_mixin.py:188} INFO - [2026-01-02T22:09:02.161+0000] {dag.py:3036} INFO - Sync 1 DAGs
[2026-01-02T22:09:02.426+0000] {logging_mixin.py:188} INFO - [2026-01-02T22:09:02.424+0000] {dag.py:3823} INFO - Setting next_dagrun for rugby_pipeline to 2026-01-02 00:00:00+00:00, run_after=2026-01-03 00:00:00+00:00
[2026-01-02T22:09:02.599+0000] {processor.py:183} INFO - Processing /opt/airflow/dags/rugby_pipeline.py took 0.990 seconds
[2026-01-02T22:09:33.540+0000] {processor.py:161} INFO - Started process (PID=33098) to work on /opt/airflow/dags/rugby_pipeline.py
[2026-01-02T22:09:33.542+0000] {processor.py:830} INFO - Processing file /opt/airflow/dags/rugby_pipeline.py for tasks to queue
[2026-01-02T22:09:33.543+0000] {logging_mixin.py:188} INFO - [2026-01-02T22:09:33.543+0000] {dagbag.py:538} INFO - Filling up the DagBag from /opt/airflow/dags/rugby_pipeline.py
[2026-01-02T22:09:33.574+0000] {processor.py:840} INFO - DAG(s) 'rugby_pipeline' retrieved from /opt/airflow/dags/rugby_pipeline.py
[2026-01-02T22:09:33.606+0000] {logging_mixin.py:188} INFO - [2026-01-02T22:09:33.605+0000] {dag.py:3036} INFO - Sync 1 DAGs
[2026-01-02T22:09:33.639+0000] {logging_mixin.py:188} INFO - [2026-01-02T22:09:33.639+0000] {dag.py:3823} INFO - Setting next_dagrun for rugby_pipeline to 2026-01-02 00:00:00+00:00, run_after=2026-01-03 00:00:00+00:00
[2026-01-02T22:09:33.669+0000] {processor.py:183} INFO - Processing /opt/airflow/dags/rugby_pipeline.py took 0.134 seconds
[2026-01-02T22:10:04.128+0000] {processor.py:161} INFO - Started process (PID=33118) to work on /opt/airflow/dags/rugby_pipeline.py
[2026-01-02T22:10:04.129+0000] {processor.py:830} INFO - Processing file /opt/airflow/dags/rugby_pipeline.py for tasks to queue
[2026-01-02T22:10:04.131+0000] {logging_mixin.py:188} INFO - [2026-01-02T22:10:04.130+0000] {dagbag.py:538} INFO - Filling up the DagBag from /opt/airflow/dags/rugby_pipeline.py
[2026-01-02T22:10:04.153+0000] {processor.py:840} INFO - DAG(s) 'rugby_pipeline' retrieved from /opt/airflow/dags/rugby_pipeline.py
[2026-01-02T22:10:04.178+0000] {logging_mixin.py:188} INFO - [2026-01-02T22:10:04.177+0000] {dag.py:3036} INFO - Sync 1 DAGs
[2026-01-02T22:10:04.202+0000] {logging_mixin.py:188} INFO - [2026-01-02T22:10:04.201+0000] {dag.py:3823} INFO - Setting next_dagrun for rugby_pipeline to 2026-01-02 00:00:00+00:00, run_after=2026-01-03 00:00:00+00:00
[2026-01-02T22:10:04.224+0000] {processor.py:183} INFO - Processing /opt/airflow/dags/rugby_pipeline.py took 0.101 seconds
[2026-01-02T22:15:10.529+0000] {processor.py:161} INFO - Started process (PID=33135) to work on /opt/airflow/dags/rugby_pipeline.py
[2026-01-02T22:15:10.530+0000] {processor.py:830} INFO - Processing file /opt/airflow/dags/rugby_pipeline.py for tasks to queue
[2026-01-02T22:15:10.531+0000] {logging_mixin.py:188} INFO - [2026-01-02T22:15:10.531+0000] {dagbag.py:538} INFO - Filling up the DagBag from /opt/airflow/dags/rugby_pipeline.py
[2026-01-02T22:15:10.553+0000] {processor.py:840} INFO - DAG(s) 'rugby_pipeline' retrieved from /opt/airflow/dags/rugby_pipeline.py
[2026-01-02T22:15:10.582+0000] {logging_mixin.py:188} INFO - [2026-01-02T22:15:10.582+0000] {dag.py:3036} INFO - Sync 1 DAGs
[2026-01-02T22:15:10.608+0000] {logging_mixin.py:188} INFO - [2026-01-02T22:15:10.608+0000] {dag.py:3823} INFO - Setting next_dagrun for rugby_pipeline to 2026-01-02 00:00:00+00:00, run_after=2026-01-03 00:00:00+00:00
[2026-01-02T22:15:10.630+0000] {processor.py:183} INFO - Processing /opt/airflow/dags/rugby_pipeline.py took 0.104 seconds
[2026-01-02T22:15:41.149+0000] {processor.py:161} INFO - Started process (PID=33155) to work on /opt/airflow/dags/rugby_pipeline.py
[2026-01-02T22:15:41.150+0000] {processor.py:830} INFO - Processing file /opt/airflow/dags/rugby_pipeline.py for tasks to queue
[2026-01-02T22:15:41.151+0000] {logging_mixin.py:188} INFO - [2026-01-02T22:15:41.151+0000] {dagbag.py:538} INFO - Filling up the DagBag from /opt/airflow/dags/rugby_pipeline.py
[2026-01-02T22:15:41.171+0000] {processor.py:840} INFO - DAG(s) 'rugby_pipeline' retrieved from /opt/airflow/dags/rugby_pipeline.py
[2026-01-02T22:15:41.193+0000] {logging_mixin.py:188} INFO - [2026-01-02T22:15:41.193+0000] {dag.py:3036} INFO - Sync 1 DAGs
[2026-01-02T22:15:41.214+0000] {logging_mixin.py:188} INFO - [2026-01-02T22:15:41.214+0000] {dag.py:3823} INFO - Setting next_dagrun for rugby_pipeline to 2026-01-02 00:00:00+00:00, run_after=2026-01-03 00:00:00+00:00
[2026-01-02T22:15:41.232+0000] {processor.py:183} INFO - Processing /opt/airflow/dags/rugby_pipeline.py took 0.087 seconds
[2026-01-02T22:16:11.669+0000] {processor.py:161} INFO - Started process (PID=33175) to work on /opt/airflow/dags/rugby_pipeline.py
[2026-01-02T22:16:11.671+0000] {processor.py:830} INFO - Processing file /opt/airflow/dags/rugby_pipeline.py for tasks to queue
[2026-01-02T22:16:11.672+0000] {logging_mixin.py:188} INFO - [2026-01-02T22:16:11.671+0000] {dagbag.py:538} INFO - Filling up the DagBag from /opt/airflow/dags/rugby_pipeline.py
[2026-01-02T22:16:11.691+0000] {processor.py:840} INFO - DAG(s) 'rugby_pipeline' retrieved from /opt/airflow/dags/rugby_pipeline.py
[2026-01-02T22:16:11.713+0000] {logging_mixin.py:188} INFO - [2026-01-02T22:16:11.712+0000] {dag.py:3036} INFO - Sync 1 DAGs
[2026-01-02T22:16:11.734+0000] {logging_mixin.py:188} INFO - [2026-01-02T22:16:11.734+0000] {dag.py:3823} INFO - Setting next_dagrun for rugby_pipeline to 2026-01-02 00:00:00+00:00, run_after=2026-01-03 00:00:00+00:00
[2026-01-02T22:16:11.752+0000] {processor.py:183} INFO - Processing /opt/airflow/dags/rugby_pipeline.py took 0.086 seconds
[2026-01-02T22:16:42.231+0000] {processor.py:161} INFO - Started process (PID=33195) to work on /opt/airflow/dags/rugby_pipeline.py
[2026-01-02T22:16:42.232+0000] {processor.py:830} INFO - Processing file /opt/airflow/dags/rugby_pipeline.py for tasks to queue
[2026-01-02T22:16:42.233+0000] {logging_mixin.py:188} INFO - [2026-01-02T22:16:42.233+0000] {dagbag.py:538} INFO - Filling up the DagBag from /opt/airflow/dags/rugby_pipeline.py
[2026-01-02T22:16:42.252+0000] {processor.py:840} INFO - DAG(s) 'rugby_pipeline' retrieved from /opt/airflow/dags/rugby_pipeline.py
[2026-01-02T22:16:42.274+0000] {logging_mixin.py:188} INFO - [2026-01-02T22:16:42.274+0000] {dag.py:3036} INFO - Sync 1 DAGs
[2026-01-02T22:16:42.295+0000] {logging_mixin.py:188} INFO - [2026-01-02T22:16:42.295+0000] {dag.py:3823} INFO - Setting next_dagrun for rugby_pipeline to 2026-01-02 00:00:00+00:00, run_after=2026-01-03 00:00:00+00:00
[2026-01-02T22:16:42.313+0000] {processor.py:183} INFO - Processing /opt/airflow/dags/rugby_pipeline.py took 0.086 seconds
[2026-01-02T22:17:12.807+0000] {processor.py:161} INFO - Started process (PID=33215) to work on /opt/airflow/dags/rugby_pipeline.py
[2026-01-02T22:17:12.808+0000] {processor.py:830} INFO - Processing file /opt/airflow/dags/rugby_pipeline.py for tasks to queue
[2026-01-02T22:17:12.809+0000] {logging_mixin.py:188} INFO - [2026-01-02T22:17:12.809+0000] {dagbag.py:538} INFO - Filling up the DagBag from /opt/airflow/dags/rugby_pipeline.py
[2026-01-02T22:17:12.832+0000] {processor.py:840} INFO - DAG(s) 'rugby_pipeline' retrieved from /opt/airflow/dags/rugby_pipeline.py
[2026-01-02T22:17:12.856+0000] {logging_mixin.py:188} INFO - [2026-01-02T22:17:12.855+0000] {dag.py:3036} INFO - Sync 1 DAGs
[2026-01-02T22:17:12.878+0000] {logging_mixin.py:188} INFO - [2026-01-02T22:17:12.878+0000] {dag.py:3823} INFO - Setting next_dagrun for rugby_pipeline to 2026-01-02 00:00:00+00:00, run_after=2026-01-03 00:00:00+00:00
[2026-01-02T22:17:12.899+0000] {processor.py:183} INFO - Processing /opt/airflow/dags/rugby_pipeline.py took 0.097 seconds
[2026-01-02T22:17:43.391+0000] {processor.py:161} INFO - Started process (PID=33235) to work on /opt/airflow/dags/rugby_pipeline.py
[2026-01-02T22:17:43.393+0000] {processor.py:830} INFO - Processing file /opt/airflow/dags/rugby_pipeline.py for tasks to queue
[2026-01-02T22:17:43.394+0000] {logging_mixin.py:188} INFO - [2026-01-02T22:17:43.393+0000] {dagbag.py:538} INFO - Filling up the DagBag from /opt/airflow/dags/rugby_pipeline.py
[2026-01-02T22:17:43.414+0000] {processor.py:840} INFO - DAG(s) 'rugby_pipeline' retrieved from /opt/airflow/dags/rugby_pipeline.py
[2026-01-02T22:17:43.435+0000] {logging_mixin.py:188} INFO - [2026-01-02T22:17:43.435+0000] {dag.py:3036} INFO - Sync 1 DAGs
[2026-01-02T22:17:43.457+0000] {logging_mixin.py:188} INFO - [2026-01-02T22:17:43.457+0000] {dag.py:3823} INFO - Setting next_dagrun for rugby_pipeline to 2026-01-02 00:00:00+00:00, run_after=2026-01-03 00:00:00+00:00
[2026-01-02T22:17:43.475+0000] {processor.py:183} INFO - Processing /opt/airflow/dags/rugby_pipeline.py took 0.087 seconds
[2026-01-02T22:18:13.969+0000] {processor.py:161} INFO - Started process (PID=33255) to work on /opt/airflow/dags/rugby_pipeline.py
[2026-01-02T22:18:13.971+0000] {processor.py:830} INFO - Processing file /opt/airflow/dags/rugby_pipeline.py for tasks to queue
[2026-01-02T22:18:13.972+0000] {logging_mixin.py:188} INFO - [2026-01-02T22:18:13.972+0000] {dagbag.py:538} INFO - Filling up the DagBag from /opt/airflow/dags/rugby_pipeline.py
[2026-01-02T22:18:13.992+0000] {processor.py:840} INFO - DAG(s) 'rugby_pipeline' retrieved from /opt/airflow/dags/rugby_pipeline.py
[2026-01-02T22:18:14.015+0000] {logging_mixin.py:188} INFO - [2026-01-02T22:18:14.015+0000] {dag.py:3036} INFO - Sync 1 DAGs
[2026-01-02T22:18:14.037+0000] {logging_mixin.py:188} INFO - [2026-01-02T22:18:14.037+0000] {dag.py:3823} INFO - Setting next_dagrun for rugby_pipeline to 2026-01-02 00:00:00+00:00, run_after=2026-01-03 00:00:00+00:00
[2026-01-02T22:18:14.057+0000] {processor.py:183} INFO - Processing /opt/airflow/dags/rugby_pipeline.py took 0.091 seconds
[2026-01-02T22:18:44.549+0000] {processor.py:161} INFO - Started process (PID=33275) to work on /opt/airflow/dags/rugby_pipeline.py
[2026-01-02T22:18:44.551+0000] {processor.py:830} INFO - Processing file /opt/airflow/dags/rugby_pipeline.py for tasks to queue
[2026-01-02T22:18:44.552+0000] {logging_mixin.py:188} INFO - [2026-01-02T22:18:44.551+0000] {dagbag.py:538} INFO - Filling up the DagBag from /opt/airflow/dags/rugby_pipeline.py
[2026-01-02T22:18:44.572+0000] {processor.py:840} INFO - DAG(s) 'rugby_pipeline' retrieved from /opt/airflow/dags/rugby_pipeline.py
[2026-01-02T22:18:44.595+0000] {logging_mixin.py:188} INFO - [2026-01-02T22:18:44.595+0000] {dag.py:3036} INFO - Sync 1 DAGs
[2026-01-02T22:18:44.616+0000] {logging_mixin.py:188} INFO - [2026-01-02T22:18:44.616+0000] {dag.py:3823} INFO - Setting next_dagrun for rugby_pipeline to 2026-01-02 00:00:00+00:00, run_after=2026-01-03 00:00:00+00:00
[2026-01-02T22:18:44.634+0000] {processor.py:183} INFO - Processing /opt/airflow/dags/rugby_pipeline.py took 0.089 seconds
[2026-01-02T22:19:15.141+0000] {processor.py:161} INFO - Started process (PID=33295) to work on /opt/airflow/dags/rugby_pipeline.py
[2026-01-02T22:19:15.142+0000] {processor.py:830} INFO - Processing file /opt/airflow/dags/rugby_pipeline.py for tasks to queue
[2026-01-02T22:19:15.143+0000] {logging_mixin.py:188} INFO - [2026-01-02T22:19:15.143+0000] {dagbag.py:538} INFO - Filling up the DagBag from /opt/airflow/dags/rugby_pipeline.py
[2026-01-02T22:19:15.163+0000] {processor.py:840} INFO - DAG(s) 'rugby_pipeline' retrieved from /opt/airflow/dags/rugby_pipeline.py
[2026-01-02T22:19:15.186+0000] {logging_mixin.py:188} INFO - [2026-01-02T22:19:15.185+0000] {dag.py:3036} INFO - Sync 1 DAGs
[2026-01-02T22:19:15.206+0000] {logging_mixin.py:188} INFO - [2026-01-02T22:19:15.206+0000] {dag.py:3823} INFO - Setting next_dagrun for rugby_pipeline to 2026-01-02 00:00:00+00:00, run_after=2026-01-03 00:00:00+00:00
[2026-01-02T22:19:15.224+0000] {processor.py:183} INFO - Processing /opt/airflow/dags/rugby_pipeline.py took 0.087 seconds
[2026-01-02T22:19:45.717+0000] {processor.py:161} INFO - Started process (PID=33315) to work on /opt/airflow/dags/rugby_pipeline.py
[2026-01-02T22:19:45.718+0000] {processor.py:830} INFO - Processing file /opt/airflow/dags/rugby_pipeline.py for tasks to queue
[2026-01-02T22:19:45.719+0000] {logging_mixin.py:188} INFO - [2026-01-02T22:19:45.719+0000] {dagbag.py:538} INFO - Filling up the DagBag from /opt/airflow/dags/rugby_pipeline.py
[2026-01-02T22:19:45.740+0000] {processor.py:840} INFO - DAG(s) 'rugby_pipeline' retrieved from /opt/airflow/dags/rugby_pipeline.py
[2026-01-02T22:19:45.762+0000] {logging_mixin.py:188} INFO - [2026-01-02T22:19:45.762+0000] {dag.py:3036} INFO - Sync 1 DAGs
[2026-01-02T22:19:45.785+0000] {logging_mixin.py:188} INFO - [2026-01-02T22:19:45.785+0000] {dag.py:3823} INFO - Setting next_dagrun for rugby_pipeline to 2026-01-02 00:00:00+00:00, run_after=2026-01-03 00:00:00+00:00
[2026-01-02T22:19:45.805+0000] {processor.py:183} INFO - Processing /opt/airflow/dags/rugby_pipeline.py took 0.092 seconds
[2026-01-02T22:20:16.370+0000] {processor.py:161} INFO - Started process (PID=33335) to work on /opt/airflow/dags/rugby_pipeline.py
[2026-01-02T22:20:16.372+0000] {processor.py:830} INFO - Processing file /opt/airflow/dags/rugby_pipeline.py for tasks to queue
[2026-01-02T22:20:16.373+0000] {logging_mixin.py:188} INFO - [2026-01-02T22:20:16.373+0000] {dagbag.py:538} INFO - Filling up the DagBag from /opt/airflow/dags/rugby_pipeline.py
[2026-01-02T22:20:16.393+0000] {processor.py:840} INFO - DAG(s) 'rugby_pipeline' retrieved from /opt/airflow/dags/rugby_pipeline.py
[2026-01-02T22:20:16.414+0000] {logging_mixin.py:188} INFO - [2026-01-02T22:20:16.414+0000] {dag.py:3036} INFO - Sync 1 DAGs
[2026-01-02T22:20:16.436+0000] {logging_mixin.py:188} INFO - [2026-01-02T22:20:16.436+0000] {dag.py:3823} INFO - Setting next_dagrun for rugby_pipeline to 2026-01-02 00:00:00+00:00, run_after=2026-01-03 00:00:00+00:00
[2026-01-02T22:20:16.454+0000] {processor.py:183} INFO - Processing /opt/airflow/dags/rugby_pipeline.py took 0.088 seconds
[2026-01-02T22:20:46.950+0000] {processor.py:161} INFO - Started process (PID=33355) to work on /opt/airflow/dags/rugby_pipeline.py
[2026-01-02T22:20:46.951+0000] {processor.py:830} INFO - Processing file /opt/airflow/dags/rugby_pipeline.py for tasks to queue
[2026-01-02T22:20:46.952+0000] {logging_mixin.py:188} INFO - [2026-01-02T22:20:46.952+0000] {dagbag.py:538} INFO - Filling up the DagBag from /opt/airflow/dags/rugby_pipeline.py
[2026-01-02T22:20:46.973+0000] {processor.py:840} INFO - DAG(s) 'rugby_pipeline' retrieved from /opt/airflow/dags/rugby_pipeline.py
[2026-01-02T22:20:46.997+0000] {logging_mixin.py:188} INFO - [2026-01-02T22:20:46.997+0000] {dag.py:3036} INFO - Sync 1 DAGs
[2026-01-02T22:20:47.020+0000] {logging_mixin.py:188} INFO - [2026-01-02T22:20:47.019+0000] {dag.py:3823} INFO - Setting next_dagrun for rugby_pipeline to 2026-01-02 00:00:00+00:00, run_after=2026-01-03 00:00:00+00:00
[2026-01-02T22:20:47.039+0000] {processor.py:183} INFO - Processing /opt/airflow/dags/rugby_pipeline.py took 0.092 seconds
[2026-01-02T22:21:17.540+0000] {processor.py:161} INFO - Started process (PID=33375) to work on /opt/airflow/dags/rugby_pipeline.py
[2026-01-02T22:21:17.541+0000] {processor.py:830} INFO - Processing file /opt/airflow/dags/rugby_pipeline.py for tasks to queue
[2026-01-02T22:21:17.542+0000] {logging_mixin.py:188} INFO - [2026-01-02T22:21:17.541+0000] {dagbag.py:538} INFO - Filling up the DagBag from /opt/airflow/dags/rugby_pipeline.py
[2026-01-02T22:21:17.562+0000] {processor.py:840} INFO - DAG(s) 'rugby_pipeline' retrieved from /opt/airflow/dags/rugby_pipeline.py
[2026-01-02T22:21:17.585+0000] {logging_mixin.py:188} INFO - [2026-01-02T22:21:17.584+0000] {dag.py:3036} INFO - Sync 1 DAGs
[2026-01-02T22:21:17.605+0000] {logging_mixin.py:188} INFO - [2026-01-02T22:21:17.605+0000] {dag.py:3823} INFO - Setting next_dagrun for rugby_pipeline to 2026-01-02 00:00:00+00:00, run_after=2026-01-03 00:00:00+00:00
[2026-01-02T22:21:17.624+0000] {processor.py:183} INFO - Processing /opt/airflow/dags/rugby_pipeline.py took 0.089 seconds
[2026-01-02T22:21:48.129+0000] {processor.py:161} INFO - Started process (PID=33395) to work on /opt/airflow/dags/rugby_pipeline.py
[2026-01-02T22:21:48.130+0000] {processor.py:830} INFO - Processing file /opt/airflow/dags/rugby_pipeline.py for tasks to queue
[2026-01-02T22:21:48.131+0000] {logging_mixin.py:188} INFO - [2026-01-02T22:21:48.131+0000] {dagbag.py:538} INFO - Filling up the DagBag from /opt/airflow/dags/rugby_pipeline.py
[2026-01-02T22:21:48.150+0000] {processor.py:840} INFO - DAG(s) 'rugby_pipeline' retrieved from /opt/airflow/dags/rugby_pipeline.py
[2026-01-02T22:21:48.171+0000] {logging_mixin.py:188} INFO - [2026-01-02T22:21:48.171+0000] {dag.py:3036} INFO - Sync 1 DAGs
[2026-01-02T22:21:48.192+0000] {logging_mixin.py:188} INFO - [2026-01-02T22:21:48.191+0000] {dag.py:3823} INFO - Setting next_dagrun for rugby_pipeline to 2026-01-02 00:00:00+00:00, run_after=2026-01-03 00:00:00+00:00
[2026-01-02T22:21:48.210+0000] {processor.py:183} INFO - Processing /opt/airflow/dags/rugby_pipeline.py took 0.084 seconds
[2026-01-02T22:22:18.701+0000] {processor.py:161} INFO - Started process (PID=33415) to work on /opt/airflow/dags/rugby_pipeline.py
[2026-01-02T22:22:18.702+0000] {processor.py:830} INFO - Processing file /opt/airflow/dags/rugby_pipeline.py for tasks to queue
[2026-01-02T22:22:18.703+0000] {logging_mixin.py:188} INFO - [2026-01-02T22:22:18.703+0000] {dagbag.py:538} INFO - Filling up the DagBag from /opt/airflow/dags/rugby_pipeline.py
[2026-01-02T22:22:18.723+0000] {processor.py:840} INFO - DAG(s) 'rugby_pipeline' retrieved from /opt/airflow/dags/rugby_pipeline.py
[2026-01-02T22:22:18.745+0000] {logging_mixin.py:188} INFO - [2026-01-02T22:22:18.744+0000] {dag.py:3036} INFO - Sync 1 DAGs
[2026-01-02T22:22:18.766+0000] {logging_mixin.py:188} INFO - [2026-01-02T22:22:18.766+0000] {dag.py:3823} INFO - Setting next_dagrun for rugby_pipeline to 2026-01-02 00:00:00+00:00, run_after=2026-01-03 00:00:00+00:00
[2026-01-02T22:22:18.785+0000] {processor.py:183} INFO - Processing /opt/airflow/dags/rugby_pipeline.py took 0.088 seconds
[2026-01-02T22:22:49.292+0000] {processor.py:161} INFO - Started process (PID=33435) to work on /opt/airflow/dags/rugby_pipeline.py
[2026-01-02T22:22:49.293+0000] {processor.py:830} INFO - Processing file /opt/airflow/dags/rugby_pipeline.py for tasks to queue
[2026-01-02T22:22:49.294+0000] {logging_mixin.py:188} INFO - [2026-01-02T22:22:49.294+0000] {dagbag.py:538} INFO - Filling up the DagBag from /opt/airflow/dags/rugby_pipeline.py
[2026-01-02T22:22:49.314+0000] {processor.py:840} INFO - DAG(s) 'rugby_pipeline' retrieved from /opt/airflow/dags/rugby_pipeline.py
[2026-01-02T22:22:49.337+0000] {logging_mixin.py:188} INFO - [2026-01-02T22:22:49.337+0000] {dag.py:3036} INFO - Sync 1 DAGs
[2026-01-02T22:22:49.358+0000] {logging_mixin.py:188} INFO - [2026-01-02T22:22:49.358+0000] {dag.py:3823} INFO - Setting next_dagrun for rugby_pipeline to 2026-01-02 00:00:00+00:00, run_after=2026-01-03 00:00:00+00:00
[2026-01-02T22:22:49.378+0000] {processor.py:183} INFO - Processing /opt/airflow/dags/rugby_pipeline.py took 0.090 seconds
[2026-01-02T22:23:19.879+0000] {processor.py:161} INFO - Started process (PID=33455) to work on /opt/airflow/dags/rugby_pipeline.py
[2026-01-02T22:23:19.880+0000] {processor.py:830} INFO - Processing file /opt/airflow/dags/rugby_pipeline.py for tasks to queue
[2026-01-02T22:23:19.881+0000] {logging_mixin.py:188} INFO - [2026-01-02T22:23:19.881+0000] {dagbag.py:538} INFO - Filling up the DagBag from /opt/airflow/dags/rugby_pipeline.py
[2026-01-02T22:23:19.901+0000] {processor.py:840} INFO - DAG(s) 'rugby_pipeline' retrieved from /opt/airflow/dags/rugby_pipeline.py
[2026-01-02T22:23:19.924+0000] {logging_mixin.py:188} INFO - [2026-01-02T22:23:19.923+0000] {dag.py:3036} INFO - Sync 1 DAGs
[2026-01-02T22:23:19.945+0000] {logging_mixin.py:188} INFO - [2026-01-02T22:23:19.944+0000] {dag.py:3823} INFO - Setting next_dagrun for rugby_pipeline to 2026-01-02 00:00:00+00:00, run_after=2026-01-03 00:00:00+00:00
[2026-01-02T22:23:19.965+0000] {processor.py:183} INFO - Processing /opt/airflow/dags/rugby_pipeline.py took 0.090 seconds
[2026-01-02T22:23:50.503+0000] {processor.py:161} INFO - Started process (PID=33475) to work on /opt/airflow/dags/rugby_pipeline.py
[2026-01-02T22:23:50.505+0000] {processor.py:830} INFO - Processing file /opt/airflow/dags/rugby_pipeline.py for tasks to queue
[2026-01-02T22:23:50.506+0000] {logging_mixin.py:188} INFO - [2026-01-02T22:23:50.505+0000] {dagbag.py:538} INFO - Filling up the DagBag from /opt/airflow/dags/rugby_pipeline.py
[2026-01-02T22:23:50.527+0000] {processor.py:840} INFO - DAG(s) 'rugby_pipeline' retrieved from /opt/airflow/dags/rugby_pipeline.py
[2026-01-02T22:23:50.551+0000] {logging_mixin.py:188} INFO - [2026-01-02T22:23:50.551+0000] {dag.py:3036} INFO - Sync 1 DAGs
[2026-01-02T22:23:50.573+0000] {logging_mixin.py:188} INFO - [2026-01-02T22:23:50.573+0000] {dag.py:3823} INFO - Setting next_dagrun for rugby_pipeline to 2026-01-02 00:00:00+00:00, run_after=2026-01-03 00:00:00+00:00
[2026-01-02T22:23:50.592+0000] {processor.py:183} INFO - Processing /opt/airflow/dags/rugby_pipeline.py took 0.093 seconds
[2026-01-02T22:24:21.018+0000] {processor.py:161} INFO - Started process (PID=33495) to work on /opt/airflow/dags/rugby_pipeline.py
[2026-01-02T22:24:21.019+0000] {processor.py:830} INFO - Processing file /opt/airflow/dags/rugby_pipeline.py for tasks to queue
[2026-01-02T22:24:21.020+0000] {logging_mixin.py:188} INFO - [2026-01-02T22:24:21.020+0000] {dagbag.py:538} INFO - Filling up the DagBag from /opt/airflow/dags/rugby_pipeline.py
[2026-01-02T22:24:21.041+0000] {processor.py:840} INFO - DAG(s) 'rugby_pipeline' retrieved from /opt/airflow/dags/rugby_pipeline.py
[2026-01-02T22:24:21.065+0000] {logging_mixin.py:188} INFO - [2026-01-02T22:24:21.064+0000] {dag.py:3036} INFO - Sync 1 DAGs
[2026-01-02T22:24:21.086+0000] {logging_mixin.py:188} INFO - [2026-01-02T22:24:21.086+0000] {dag.py:3823} INFO - Setting next_dagrun for rugby_pipeline to 2026-01-02 00:00:00+00:00, run_after=2026-01-03 00:00:00+00:00
[2026-01-02T22:24:21.105+0000] {processor.py:183} INFO - Processing /opt/airflow/dags/rugby_pipeline.py took 0.091 seconds
[2026-01-02T22:24:51.601+0000] {processor.py:161} INFO - Started process (PID=33515) to work on /opt/airflow/dags/rugby_pipeline.py
[2026-01-02T22:24:51.602+0000] {processor.py:830} INFO - Processing file /opt/airflow/dags/rugby_pipeline.py for tasks to queue
[2026-01-02T22:24:51.603+0000] {logging_mixin.py:188} INFO - [2026-01-02T22:24:51.603+0000] {dagbag.py:538} INFO - Filling up the DagBag from /opt/airflow/dags/rugby_pipeline.py
[2026-01-02T22:24:51.622+0000] {processor.py:840} INFO - DAG(s) 'rugby_pipeline' retrieved from /opt/airflow/dags/rugby_pipeline.py
[2026-01-02T22:24:51.644+0000] {logging_mixin.py:188} INFO - [2026-01-02T22:24:51.643+0000] {dag.py:3036} INFO - Sync 1 DAGs
[2026-01-02T22:24:51.664+0000] {logging_mixin.py:188} INFO - [2026-01-02T22:24:51.664+0000] {dag.py:3823} INFO - Setting next_dagrun for rugby_pipeline to 2026-01-02 00:00:00+00:00, run_after=2026-01-03 00:00:00+00:00
[2026-01-02T22:24:51.681+0000] {processor.py:183} INFO - Processing /opt/airflow/dags/rugby_pipeline.py took 0.085 seconds
[2026-01-02T22:25:22.216+0000] {processor.py:161} INFO - Started process (PID=33535) to work on /opt/airflow/dags/rugby_pipeline.py
[2026-01-02T22:25:22.217+0000] {processor.py:830} INFO - Processing file /opt/airflow/dags/rugby_pipeline.py for tasks to queue
[2026-01-02T22:25:22.218+0000] {logging_mixin.py:188} INFO - [2026-01-02T22:25:22.218+0000] {dagbag.py:538} INFO - Filling up the DagBag from /opt/airflow/dags/rugby_pipeline.py
[2026-01-02T22:25:22.239+0000] {processor.py:840} INFO - DAG(s) 'rugby_pipeline' retrieved from /opt/airflow/dags/rugby_pipeline.py
[2026-01-02T22:25:22.260+0000] {logging_mixin.py:188} INFO - [2026-01-02T22:25:22.260+0000] {dag.py:3036} INFO - Sync 1 DAGs
[2026-01-02T22:25:22.281+0000] {logging_mixin.py:188} INFO - [2026-01-02T22:25:22.281+0000] {dag.py:3823} INFO - Setting next_dagrun for rugby_pipeline to 2026-01-02 00:00:00+00:00, run_after=2026-01-03 00:00:00+00:00
[2026-01-02T22:25:22.299+0000] {processor.py:183} INFO - Processing /opt/airflow/dags/rugby_pipeline.py took 0.087 seconds
[2026-01-02T22:25:52.725+0000] {processor.py:161} INFO - Started process (PID=33555) to work on /opt/airflow/dags/rugby_pipeline.py
[2026-01-02T22:25:52.726+0000] {processor.py:830} INFO - Processing file /opt/airflow/dags/rugby_pipeline.py for tasks to queue
[2026-01-02T22:25:52.727+0000] {logging_mixin.py:188} INFO - [2026-01-02T22:25:52.727+0000] {dagbag.py:538} INFO - Filling up the DagBag from /opt/airflow/dags/rugby_pipeline.py
[2026-01-02T22:25:52.746+0000] {processor.py:840} INFO - DAG(s) 'rugby_pipeline' retrieved from /opt/airflow/dags/rugby_pipeline.py
[2026-01-02T22:25:52.768+0000] {logging_mixin.py:188} INFO - [2026-01-02T22:25:52.768+0000] {dag.py:3036} INFO - Sync 1 DAGs
[2026-01-02T22:25:52.790+0000] {logging_mixin.py:188} INFO - [2026-01-02T22:25:52.789+0000] {dag.py:3823} INFO - Setting next_dagrun for rugby_pipeline to 2026-01-02 00:00:00+00:00, run_after=2026-01-03 00:00:00+00:00
[2026-01-02T22:25:52.809+0000] {processor.py:183} INFO - Processing /opt/airflow/dags/rugby_pipeline.py took 0.087 seconds
[2026-01-02T22:26:23.311+0000] {processor.py:161} INFO - Started process (PID=33575) to work on /opt/airflow/dags/rugby_pipeline.py
[2026-01-02T22:26:23.312+0000] {processor.py:830} INFO - Processing file /opt/airflow/dags/rugby_pipeline.py for tasks to queue
[2026-01-02T22:26:23.313+0000] {logging_mixin.py:188} INFO - [2026-01-02T22:26:23.313+0000] {dagbag.py:538} INFO - Filling up the DagBag from /opt/airflow/dags/rugby_pipeline.py
[2026-01-02T22:26:23.332+0000] {processor.py:840} INFO - DAG(s) 'rugby_pipeline' retrieved from /opt/airflow/dags/rugby_pipeline.py
[2026-01-02T22:26:23.353+0000] {logging_mixin.py:188} INFO - [2026-01-02T22:26:23.353+0000] {dag.py:3036} INFO - Sync 1 DAGs
[2026-01-02T22:26:23.374+0000] {logging_mixin.py:188} INFO - [2026-01-02T22:26:23.374+0000] {dag.py:3823} INFO - Setting next_dagrun for rugby_pipeline to 2026-01-02 00:00:00+00:00, run_after=2026-01-03 00:00:00+00:00
[2026-01-02T22:26:23.393+0000] {processor.py:183} INFO - Processing /opt/airflow/dags/rugby_pipeline.py took 0.086 seconds
[2026-01-02T22:26:53.901+0000] {processor.py:161} INFO - Started process (PID=33595) to work on /opt/airflow/dags/rugby_pipeline.py
[2026-01-02T22:26:53.902+0000] {processor.py:830} INFO - Processing file /opt/airflow/dags/rugby_pipeline.py for tasks to queue
[2026-01-02T22:26:53.903+0000] {logging_mixin.py:188} INFO - [2026-01-02T22:26:53.902+0000] {dagbag.py:538} INFO - Filling up the DagBag from /opt/airflow/dags/rugby_pipeline.py
[2026-01-02T22:26:53.923+0000] {processor.py:840} INFO - DAG(s) 'rugby_pipeline' retrieved from /opt/airflow/dags/rugby_pipeline.py
[2026-01-02T22:26:53.945+0000] {logging_mixin.py:188} INFO - [2026-01-02T22:26:53.945+0000] {dag.py:3036} INFO - Sync 1 DAGs
[2026-01-02T22:26:53.967+0000] {logging_mixin.py:188} INFO - [2026-01-02T22:26:53.967+0000] {dag.py:3823} INFO - Setting next_dagrun for rugby_pipeline to 2026-01-02 00:00:00+00:00, run_after=2026-01-03 00:00:00+00:00
[2026-01-02T22:26:53.984+0000] {processor.py:183} INFO - Processing /opt/airflow/dags/rugby_pipeline.py took 0.087 seconds
[2026-01-02T22:27:24.432+0000] {processor.py:161} INFO - Started process (PID=33615) to work on /opt/airflow/dags/rugby_pipeline.py
[2026-01-02T22:27:24.433+0000] {processor.py:830} INFO - Processing file /opt/airflow/dags/rugby_pipeline.py for tasks to queue
[2026-01-02T22:27:24.434+0000] {logging_mixin.py:188} INFO - [2026-01-02T22:27:24.434+0000] {dagbag.py:538} INFO - Filling up the DagBag from /opt/airflow/dags/rugby_pipeline.py
[2026-01-02T22:27:24.453+0000] {processor.py:840} INFO - DAG(s) 'rugby_pipeline' retrieved from /opt/airflow/dags/rugby_pipeline.py
[2026-01-02T22:27:24.474+0000] {logging_mixin.py:188} INFO - [2026-01-02T22:27:24.474+0000] {dag.py:3036} INFO - Sync 1 DAGs
[2026-01-02T22:27:24.495+0000] {logging_mixin.py:188} INFO - [2026-01-02T22:27:24.495+0000] {dag.py:3823} INFO - Setting next_dagrun for rugby_pipeline to 2026-01-02 00:00:00+00:00, run_after=2026-01-03 00:00:00+00:00
[2026-01-02T22:27:24.513+0000] {processor.py:183} INFO - Processing /opt/airflow/dags/rugby_pipeline.py took 0.084 seconds
[2026-01-02T22:27:54.967+0000] {processor.py:161} INFO - Started process (PID=33635) to work on /opt/airflow/dags/rugby_pipeline.py
[2026-01-02T22:27:54.968+0000] {processor.py:830} INFO - Processing file /opt/airflow/dags/rugby_pipeline.py for tasks to queue
[2026-01-02T22:27:54.969+0000] {logging_mixin.py:188} INFO - [2026-01-02T22:27:54.969+0000] {dagbag.py:538} INFO - Filling up the DagBag from /opt/airflow/dags/rugby_pipeline.py
[2026-01-02T22:27:54.988+0000] {processor.py:840} INFO - DAG(s) 'rugby_pipeline' retrieved from /opt/airflow/dags/rugby_pipeline.py
[2026-01-02T22:27:55.010+0000] {logging_mixin.py:188} INFO - [2026-01-02T22:27:55.010+0000] {dag.py:3036} INFO - Sync 1 DAGs
[2026-01-02T22:27:55.033+0000] {logging_mixin.py:188} INFO - [2026-01-02T22:27:55.033+0000] {dag.py:3823} INFO - Setting next_dagrun for rugby_pipeline to 2026-01-02 00:00:00+00:00, run_after=2026-01-03 00:00:00+00:00
[2026-01-02T22:27:55.052+0000] {processor.py:183} INFO - Processing /opt/airflow/dags/rugby_pipeline.py took 0.089 seconds
[2026-01-02T22:28:25.569+0000] {processor.py:161} INFO - Started process (PID=33655) to work on /opt/airflow/dags/rugby_pipeline.py
[2026-01-02T22:28:25.570+0000] {processor.py:830} INFO - Processing file /opt/airflow/dags/rugby_pipeline.py for tasks to queue
[2026-01-02T22:28:25.571+0000] {logging_mixin.py:188} INFO - [2026-01-02T22:28:25.571+0000] {dagbag.py:538} INFO - Filling up the DagBag from /opt/airflow/dags/rugby_pipeline.py
[2026-01-02T22:28:25.591+0000] {processor.py:840} INFO - DAG(s) 'rugby_pipeline' retrieved from /opt/airflow/dags/rugby_pipeline.py
[2026-01-02T22:28:25.612+0000] {logging_mixin.py:188} INFO - [2026-01-02T22:28:25.611+0000] {dag.py:3036} INFO - Sync 1 DAGs
[2026-01-02T22:28:25.634+0000] {logging_mixin.py:188} INFO - [2026-01-02T22:28:25.634+0000] {dag.py:3823} INFO - Setting next_dagrun for rugby_pipeline to 2026-01-02 00:00:00+00:00, run_after=2026-01-03 00:00:00+00:00
[2026-01-02T22:28:25.653+0000] {processor.py:183} INFO - Processing /opt/airflow/dags/rugby_pipeline.py took 0.088 seconds
[2026-01-02T22:28:56.098+0000] {processor.py:161} INFO - Started process (PID=33675) to work on /opt/airflow/dags/rugby_pipeline.py
[2026-01-02T22:28:56.099+0000] {processor.py:830} INFO - Processing file /opt/airflow/dags/rugby_pipeline.py for tasks to queue
[2026-01-02T22:28:56.100+0000] {logging_mixin.py:188} INFO - [2026-01-02T22:28:56.100+0000] {dagbag.py:538} INFO - Filling up the DagBag from /opt/airflow/dags/rugby_pipeline.py
[2026-01-02T22:28:56.120+0000] {processor.py:840} INFO - DAG(s) 'rugby_pipeline' retrieved from /opt/airflow/dags/rugby_pipeline.py
[2026-01-02T22:28:56.142+0000] {logging_mixin.py:188} INFO - [2026-01-02T22:28:56.142+0000] {dag.py:3036} INFO - Sync 1 DAGs
[2026-01-02T22:28:56.163+0000] {logging_mixin.py:188} INFO - [2026-01-02T22:28:56.163+0000] {dag.py:3823} INFO - Setting next_dagrun for rugby_pipeline to 2026-01-02 00:00:00+00:00, run_after=2026-01-03 00:00:00+00:00
[2026-01-02T22:28:56.182+0000] {processor.py:183} INFO - Processing /opt/airflow/dags/rugby_pipeline.py took 0.088 seconds
[2026-01-02T22:29:26.621+0000] {processor.py:161} INFO - Started process (PID=33695) to work on /opt/airflow/dags/rugby_pipeline.py
[2026-01-02T22:29:26.623+0000] {processor.py:830} INFO - Processing file /opt/airflow/dags/rugby_pipeline.py for tasks to queue
[2026-01-02T22:29:26.624+0000] {logging_mixin.py:188} INFO - [2026-01-02T22:29:26.623+0000] {dagbag.py:538} INFO - Filling up the DagBag from /opt/airflow/dags/rugby_pipeline.py
[2026-01-02T22:29:26.647+0000] {processor.py:840} INFO - DAG(s) 'rugby_pipeline' retrieved from /opt/airflow/dags/rugby_pipeline.py
[2026-01-02T22:29:26.673+0000] {logging_mixin.py:188} INFO - [2026-01-02T22:29:26.672+0000] {dag.py:3036} INFO - Sync 1 DAGs
[2026-01-02T22:29:26.699+0000] {logging_mixin.py:188} INFO - [2026-01-02T22:29:26.699+0000] {dag.py:3823} INFO - Setting next_dagrun for rugby_pipeline to 2026-01-02 00:00:00+00:00, run_after=2026-01-03 00:00:00+00:00
[2026-01-02T22:29:26.721+0000] {processor.py:183} INFO - Processing /opt/airflow/dags/rugby_pipeline.py took 0.104 seconds
[2026-01-02T22:29:57.210+0000] {processor.py:161} INFO - Started process (PID=33715) to work on /opt/airflow/dags/rugby_pipeline.py
[2026-01-02T22:29:57.211+0000] {processor.py:830} INFO - Processing file /opt/airflow/dags/rugby_pipeline.py for tasks to queue
[2026-01-02T22:29:57.212+0000] {logging_mixin.py:188} INFO - [2026-01-02T22:29:57.211+0000] {dagbag.py:538} INFO - Filling up the DagBag from /opt/airflow/dags/rugby_pipeline.py
[2026-01-02T22:29:57.231+0000] {processor.py:840} INFO - DAG(s) 'rugby_pipeline' retrieved from /opt/airflow/dags/rugby_pipeline.py
[2026-01-02T22:29:57.253+0000] {logging_mixin.py:188} INFO - [2026-01-02T22:29:57.253+0000] {dag.py:3036} INFO - Sync 1 DAGs
[2026-01-02T22:29:57.274+0000] {logging_mixin.py:188} INFO - [2026-01-02T22:29:57.273+0000] {dag.py:3823} INFO - Setting next_dagrun for rugby_pipeline to 2026-01-02 00:00:00+00:00, run_after=2026-01-03 00:00:00+00:00
[2026-01-02T22:29:57.293+0000] {processor.py:183} INFO - Processing /opt/airflow/dags/rugby_pipeline.py took 0.087 seconds
[2026-01-02T22:30:27.858+0000] {processor.py:161} INFO - Started process (PID=33735) to work on /opt/airflow/dags/rugby_pipeline.py
[2026-01-02T22:30:27.859+0000] {processor.py:830} INFO - Processing file /opt/airflow/dags/rugby_pipeline.py for tasks to queue
[2026-01-02T22:30:27.860+0000] {logging_mixin.py:188} INFO - [2026-01-02T22:30:27.859+0000] {dagbag.py:538} INFO - Filling up the DagBag from /opt/airflow/dags/rugby_pipeline.py
[2026-01-02T22:30:27.879+0000] {processor.py:840} INFO - DAG(s) 'rugby_pipeline' retrieved from /opt/airflow/dags/rugby_pipeline.py
[2026-01-02T22:30:27.900+0000] {logging_mixin.py:188} INFO - [2026-01-02T22:30:27.900+0000] {dag.py:3036} INFO - Sync 1 DAGs
[2026-01-02T22:30:27.920+0000] {logging_mixin.py:188} INFO - [2026-01-02T22:30:27.920+0000] {dag.py:3823} INFO - Setting next_dagrun for rugby_pipeline to 2026-01-02 00:00:00+00:00, run_after=2026-01-03 00:00:00+00:00
[2026-01-02T22:30:27.938+0000] {processor.py:183} INFO - Processing /opt/airflow/dags/rugby_pipeline.py took 0.084 seconds
[2026-01-02T22:30:58.354+0000] {processor.py:161} INFO - Started process (PID=33755) to work on /opt/airflow/dags/rugby_pipeline.py
[2026-01-02T22:30:58.355+0000] {processor.py:830} INFO - Processing file /opt/airflow/dags/rugby_pipeline.py for tasks to queue
[2026-01-02T22:30:58.357+0000] {logging_mixin.py:188} INFO - [2026-01-02T22:30:58.356+0000] {dagbag.py:538} INFO - Filling up the DagBag from /opt/airflow/dags/rugby_pipeline.py
[2026-01-02T22:30:58.377+0000] {processor.py:840} INFO - DAG(s) 'rugby_pipeline' retrieved from /opt/airflow/dags/rugby_pipeline.py
[2026-01-02T22:30:58.401+0000] {logging_mixin.py:188} INFO - [2026-01-02T22:30:58.401+0000] {dag.py:3036} INFO - Sync 1 DAGs
[2026-01-02T22:30:58.423+0000] {logging_mixin.py:188} INFO - [2026-01-02T22:30:58.423+0000] {dag.py:3823} INFO - Setting next_dagrun for rugby_pipeline to 2026-01-02 00:00:00+00:00, run_after=2026-01-03 00:00:00+00:00
[2026-01-02T22:30:58.441+0000] {processor.py:183} INFO - Processing /opt/airflow/dags/rugby_pipeline.py took 0.091 seconds
[2026-01-02T22:31:28.929+0000] {processor.py:161} INFO - Started process (PID=33775) to work on /opt/airflow/dags/rugby_pipeline.py
[2026-01-02T22:31:28.930+0000] {processor.py:830} INFO - Processing file /opt/airflow/dags/rugby_pipeline.py for tasks to queue
[2026-01-02T22:31:28.931+0000] {logging_mixin.py:188} INFO - [2026-01-02T22:31:28.931+0000] {dagbag.py:538} INFO - Filling up the DagBag from /opt/airflow/dags/rugby_pipeline.py
[2026-01-02T22:31:28.951+0000] {processor.py:840} INFO - DAG(s) 'rugby_pipeline' retrieved from /opt/airflow/dags/rugby_pipeline.py
[2026-01-02T22:31:28.973+0000] {logging_mixin.py:188} INFO - [2026-01-02T22:31:28.973+0000] {dag.py:3036} INFO - Sync 1 DAGs
[2026-01-02T22:31:28.995+0000] {logging_mixin.py:188} INFO - [2026-01-02T22:31:28.995+0000] {dag.py:3823} INFO - Setting next_dagrun for rugby_pipeline to 2026-01-02 00:00:00+00:00, run_after=2026-01-03 00:00:00+00:00
[2026-01-02T22:31:29.015+0000] {processor.py:183} INFO - Processing /opt/airflow/dags/rugby_pipeline.py took 0.089 seconds
[2026-01-02T22:32:01.596+0000] {processor.py:161} INFO - Started process (PID=33795) to work on /opt/airflow/dags/rugby_pipeline.py
[2026-01-02T22:32:02.028+0000] {processor.py:830} INFO - Processing file /opt/airflow/dags/rugby_pipeline.py for tasks to queue
[2026-01-02T22:32:02.046+0000] {logging_mixin.py:188} INFO - [2026-01-02T22:32:02.045+0000] {dagbag.py:538} INFO - Filling up the DagBag from /opt/airflow/dags/rugby_pipeline.py
[2026-01-02T22:32:02.229+0000] {processor.py:840} INFO - DAG(s) 'rugby_pipeline' retrieved from /opt/airflow/dags/rugby_pipeline.py
[2026-01-02T22:32:02.322+0000] {logging_mixin.py:188} INFO - [2026-01-02T22:32:02.321+0000] {dag.py:3036} INFO - Sync 1 DAGs
[2026-01-02T22:32:02.424+0000] {logging_mixin.py:188} INFO - [2026-01-02T22:32:02.421+0000] {dag.py:3823} INFO - Setting next_dagrun for rugby_pipeline to 2026-01-02 00:00:00+00:00, run_after=2026-01-03 00:00:00+00:00
[2026-01-02T22:32:02.497+0000] {processor.py:183} INFO - Processing /opt/airflow/dags/rugby_pipeline.py took 0.964 seconds
