[2025-12-30T05:48:45.106+0000] {processor.py:161} INFO - Started process (PID=5899) to work on /opt/airflow/dags/ml_models.py
[2025-12-30T05:48:45.174+0000] {processor.py:830} INFO - Processing file /opt/airflow/dags/ml_models.py for tasks to queue
[2025-12-30T05:48:45.240+0000] {logging_mixin.py:188} INFO - [2025-12-30T05:48:45.224+0000] {dagbag.py:538} INFO - Filling up the DagBag from /opt/airflow/dags/ml_models.py
[2025-12-30T05:48:46.295+0000] {processor.py:840} INFO - DAG(s) 'ml_models' retrieved from /opt/airflow/dags/ml_models.py
[2025-12-30T05:48:47.435+0000] {logging_mixin.py:188} INFO - [2025-12-30T05:48:47.421+0000] {dag.py:3036} INFO - Sync 1 DAGs
[2025-12-30T05:48:48.737+0000] {logging_mixin.py:188} INFO - [2025-12-30T05:48:48.733+0000] {dag.py:3823} INFO - Setting next_dagrun for ml_models to 2025-12-29 00:00:00+00:00, run_after=2025-12-30 00:00:00+00:00
[2025-12-30T05:48:52.017+0000] {processor.py:183} INFO - Processing /opt/airflow/dags/ml_models.py took 7.069 seconds
[2025-12-30T17:04:53.165+0000] {processor.py:161} INFO - Started process (PID=5921) to work on /opt/airflow/dags/ml_models.py
[2025-12-30T17:04:53.176+0000] {processor.py:830} INFO - Processing file /opt/airflow/dags/ml_models.py for tasks to queue
[2025-12-30T17:04:53.185+0000] {logging_mixin.py:188} INFO - [2025-12-30T17:04:53.184+0000] {dagbag.py:538} INFO - Filling up the DagBag from /opt/airflow/dags/ml_models.py
[2025-12-30T17:04:53.320+0000] {processor.py:840} INFO - DAG(s) 'ml_models' retrieved from /opt/airflow/dags/ml_models.py
[2025-12-30T17:04:53.386+0000] {logging_mixin.py:188} INFO - [2025-12-30T17:04:53.385+0000] {dag.py:3036} INFO - Sync 1 DAGs
[2025-12-30T17:04:53.477+0000] {logging_mixin.py:188} INFO - [2025-12-30T17:04:53.477+0000] {dag.py:3823} INFO - Setting next_dagrun for ml_models to 2025-12-29 00:00:00+00:00, run_after=2025-12-30 00:00:00+00:00
[2025-12-30T17:04:53.572+0000] {processor.py:183} INFO - Processing /opt/airflow/dags/ml_models.py took 0.418 seconds
[2025-12-30T17:05:24.005+0000] {processor.py:161} INFO - Started process (PID=5941) to work on /opt/airflow/dags/ml_models.py
[2025-12-30T17:05:24.010+0000] {processor.py:830} INFO - Processing file /opt/airflow/dags/ml_models.py for tasks to queue
[2025-12-30T17:05:24.014+0000] {logging_mixin.py:188} INFO - [2025-12-30T17:05:24.012+0000] {dagbag.py:538} INFO - Filling up the DagBag from /opt/airflow/dags/ml_models.py
[2025-12-30T17:05:24.061+0000] {processor.py:840} INFO - DAG(s) 'ml_models' retrieved from /opt/airflow/dags/ml_models.py
[2025-12-30T17:05:24.124+0000] {logging_mixin.py:188} INFO - [2025-12-30T17:05:24.124+0000] {dag.py:3036} INFO - Sync 1 DAGs
[2025-12-30T17:05:24.171+0000] {logging_mixin.py:188} INFO - [2025-12-30T17:05:24.171+0000] {dag.py:3823} INFO - Setting next_dagrun for ml_models to 2025-12-29 00:00:00+00:00, run_after=2025-12-30 00:00:00+00:00
[2025-12-30T17:05:24.207+0000] {processor.py:183} INFO - Processing /opt/airflow/dags/ml_models.py took 0.221 seconds
[2025-12-30T17:05:54.447+0000] {processor.py:161} INFO - Started process (PID=5961) to work on /opt/airflow/dags/ml_models.py
[2025-12-30T17:05:54.449+0000] {processor.py:830} INFO - Processing file /opt/airflow/dags/ml_models.py for tasks to queue
[2025-12-30T17:05:54.451+0000] {logging_mixin.py:188} INFO - [2025-12-30T17:05:54.450+0000] {dagbag.py:538} INFO - Filling up the DagBag from /opt/airflow/dags/ml_models.py
[2025-12-30T17:05:54.482+0000] {processor.py:840} INFO - DAG(s) 'ml_models' retrieved from /opt/airflow/dags/ml_models.py
[2025-12-30T17:05:54.521+0000] {logging_mixin.py:188} INFO - [2025-12-30T17:05:54.520+0000] {dag.py:3036} INFO - Sync 1 DAGs
[2025-12-30T17:05:54.559+0000] {logging_mixin.py:188} INFO - [2025-12-30T17:05:54.559+0000] {dag.py:3823} INFO - Setting next_dagrun for ml_models to 2025-12-29 00:00:00+00:00, run_after=2025-12-30 00:00:00+00:00
[2025-12-30T17:05:54.590+0000] {processor.py:183} INFO - Processing /opt/airflow/dags/ml_models.py took 0.151 seconds
[2025-12-30T17:06:25.229+0000] {processor.py:161} INFO - Started process (PID=5981) to work on /opt/airflow/dags/ml_models.py
[2025-12-30T17:06:25.232+0000] {processor.py:830} INFO - Processing file /opt/airflow/dags/ml_models.py for tasks to queue
[2025-12-30T17:06:25.234+0000] {logging_mixin.py:188} INFO - [2025-12-30T17:06:25.233+0000] {dagbag.py:538} INFO - Filling up the DagBag from /opt/airflow/dags/ml_models.py
[2025-12-30T17:06:25.281+0000] {processor.py:840} INFO - DAG(s) 'ml_models' retrieved from /opt/airflow/dags/ml_models.py
[2025-12-30T17:06:25.342+0000] {logging_mixin.py:188} INFO - [2025-12-30T17:06:25.342+0000] {dag.py:3036} INFO - Sync 1 DAGs
[2025-12-30T17:06:25.395+0000] {logging_mixin.py:188} INFO - [2025-12-30T17:06:25.394+0000] {dag.py:3823} INFO - Setting next_dagrun for ml_models to 2025-12-29 00:00:00+00:00, run_after=2025-12-30 00:00:00+00:00
[2025-12-30T17:06:25.476+0000] {processor.py:183} INFO - Processing /opt/airflow/dags/ml_models.py took 0.261 seconds
[2025-12-30T17:06:56.028+0000] {processor.py:161} INFO - Started process (PID=6001) to work on /opt/airflow/dags/ml_models.py
[2025-12-30T17:06:56.031+0000] {processor.py:830} INFO - Processing file /opt/airflow/dags/ml_models.py for tasks to queue
[2025-12-30T17:06:56.032+0000] {logging_mixin.py:188} INFO - [2025-12-30T17:06:56.032+0000] {dagbag.py:538} INFO - Filling up the DagBag from /opt/airflow/dags/ml_models.py
[2025-12-30T17:06:56.079+0000] {processor.py:840} INFO - DAG(s) 'ml_models' retrieved from /opt/airflow/dags/ml_models.py
[2025-12-30T17:06:56.134+0000] {logging_mixin.py:188} INFO - [2025-12-30T17:06:56.134+0000] {dag.py:3036} INFO - Sync 1 DAGs
[2025-12-30T17:06:56.186+0000] {logging_mixin.py:188} INFO - [2025-12-30T17:06:56.185+0000] {dag.py:3823} INFO - Setting next_dagrun for ml_models to 2025-12-29 00:00:00+00:00, run_after=2025-12-30 00:00:00+00:00
[2025-12-30T17:06:56.237+0000] {processor.py:183} INFO - Processing /opt/airflow/dags/ml_models.py took 0.216 seconds
[2025-12-30T17:07:26.980+0000] {processor.py:161} INFO - Started process (PID=6021) to work on /opt/airflow/dags/ml_models.py
[2025-12-30T17:07:26.983+0000] {processor.py:830} INFO - Processing file /opt/airflow/dags/ml_models.py for tasks to queue
[2025-12-30T17:07:26.985+0000] {logging_mixin.py:188} INFO - [2025-12-30T17:07:26.984+0000] {dagbag.py:538} INFO - Filling up the DagBag from /opt/airflow/dags/ml_models.py
[2025-12-30T17:07:27.023+0000] {processor.py:840} INFO - DAG(s) 'ml_models' retrieved from /opt/airflow/dags/ml_models.py
[2025-12-30T17:07:27.073+0000] {logging_mixin.py:188} INFO - [2025-12-30T17:07:27.072+0000] {dag.py:3036} INFO - Sync 1 DAGs
[2025-12-30T17:07:27.113+0000] {logging_mixin.py:188} INFO - [2025-12-30T17:07:27.113+0000] {dag.py:3823} INFO - Setting next_dagrun for ml_models to 2025-12-29 00:00:00+00:00, run_after=2025-12-30 00:00:00+00:00
[2025-12-30T17:07:27.185+0000] {processor.py:183} INFO - Processing /opt/airflow/dags/ml_models.py took 0.211 seconds
[2025-12-30T17:07:57.672+0000] {processor.py:161} INFO - Started process (PID=6041) to work on /opt/airflow/dags/ml_models.py
[2025-12-30T17:07:57.674+0000] {processor.py:830} INFO - Processing file /opt/airflow/dags/ml_models.py for tasks to queue
[2025-12-30T17:07:57.676+0000] {logging_mixin.py:188} INFO - [2025-12-30T17:07:57.675+0000] {dagbag.py:538} INFO - Filling up the DagBag from /opt/airflow/dags/ml_models.py
[2025-12-30T17:07:57.713+0000] {processor.py:840} INFO - DAG(s) 'ml_models' retrieved from /opt/airflow/dags/ml_models.py
[2025-12-30T17:07:57.764+0000] {logging_mixin.py:188} INFO - [2025-12-30T17:07:57.763+0000] {dag.py:3036} INFO - Sync 1 DAGs
[2025-12-30T17:07:57.814+0000] {logging_mixin.py:188} INFO - [2025-12-30T17:07:57.814+0000] {dag.py:3823} INFO - Setting next_dagrun for ml_models to 2025-12-29 00:00:00+00:00, run_after=2025-12-30 00:00:00+00:00
[2025-12-30T17:07:57.851+0000] {processor.py:183} INFO - Processing /opt/airflow/dags/ml_models.py took 0.187 seconds
[2025-12-30T17:08:28.620+0000] {processor.py:161} INFO - Started process (PID=6061) to work on /opt/airflow/dags/ml_models.py
[2025-12-30T17:08:28.623+0000] {processor.py:830} INFO - Processing file /opt/airflow/dags/ml_models.py for tasks to queue
[2025-12-30T17:08:28.626+0000] {logging_mixin.py:188} INFO - [2025-12-30T17:08:28.625+0000] {dagbag.py:538} INFO - Filling up the DagBag from /opt/airflow/dags/ml_models.py
[2025-12-30T17:08:28.666+0000] {processor.py:840} INFO - DAG(s) 'ml_models' retrieved from /opt/airflow/dags/ml_models.py
[2025-12-30T17:08:28.713+0000] {logging_mixin.py:188} INFO - [2025-12-30T17:08:28.713+0000] {dag.py:3036} INFO - Sync 1 DAGs
[2025-12-30T17:08:28.759+0000] {logging_mixin.py:188} INFO - [2025-12-30T17:08:28.758+0000] {dag.py:3823} INFO - Setting next_dagrun for ml_models to 2025-12-29 00:00:00+00:00, run_after=2025-12-30 00:00:00+00:00
[2025-12-30T17:08:28.831+0000] {processor.py:183} INFO - Processing /opt/airflow/dags/ml_models.py took 0.219 seconds
[2025-12-30T17:08:59.316+0000] {processor.py:161} INFO - Started process (PID=6081) to work on /opt/airflow/dags/ml_models.py
[2025-12-30T17:08:59.318+0000] {processor.py:830} INFO - Processing file /opt/airflow/dags/ml_models.py for tasks to queue
[2025-12-30T17:08:59.320+0000] {logging_mixin.py:188} INFO - [2025-12-30T17:08:59.320+0000] {dagbag.py:538} INFO - Filling up the DagBag from /opt/airflow/dags/ml_models.py
[2025-12-30T17:08:59.363+0000] {processor.py:840} INFO - DAG(s) 'ml_models' retrieved from /opt/airflow/dags/ml_models.py
[2025-12-30T17:08:59.413+0000] {logging_mixin.py:188} INFO - [2025-12-30T17:08:59.413+0000] {dag.py:3036} INFO - Sync 1 DAGs
[2025-12-30T17:08:59.462+0000] {logging_mixin.py:188} INFO - [2025-12-30T17:08:59.462+0000] {dag.py:3823} INFO - Setting next_dagrun for ml_models to 2025-12-29 00:00:00+00:00, run_after=2025-12-30 00:00:00+00:00
[2025-12-30T17:08:59.498+0000] {processor.py:183} INFO - Processing /opt/airflow/dags/ml_models.py took 0.189 seconds
[2025-12-30T17:09:30.228+0000] {processor.py:161} INFO - Started process (PID=6101) to work on /opt/airflow/dags/ml_models.py
[2025-12-30T17:09:30.231+0000] {processor.py:830} INFO - Processing file /opt/airflow/dags/ml_models.py for tasks to queue
[2025-12-30T17:09:30.233+0000] {logging_mixin.py:188} INFO - [2025-12-30T17:09:30.233+0000] {dagbag.py:538} INFO - Filling up the DagBag from /opt/airflow/dags/ml_models.py
[2025-12-30T17:09:30.276+0000] {processor.py:840} INFO - DAG(s) 'ml_models' retrieved from /opt/airflow/dags/ml_models.py
[2025-12-30T17:09:30.343+0000] {logging_mixin.py:188} INFO - [2025-12-30T17:09:30.342+0000] {dag.py:3036} INFO - Sync 1 DAGs
[2025-12-30T17:09:30.401+0000] {logging_mixin.py:188} INFO - [2025-12-30T17:09:30.401+0000] {dag.py:3823} INFO - Setting next_dagrun for ml_models to 2025-12-29 00:00:00+00:00, run_after=2025-12-30 00:00:00+00:00
[2025-12-30T17:09:30.486+0000] {processor.py:183} INFO - Processing /opt/airflow/dags/ml_models.py took 0.267 seconds
[2025-12-30T17:10:01.106+0000] {processor.py:161} INFO - Started process (PID=6121) to work on /opt/airflow/dags/ml_models.py
[2025-12-30T17:10:01.110+0000] {processor.py:830} INFO - Processing file /opt/airflow/dags/ml_models.py for tasks to queue
[2025-12-30T17:10:01.112+0000] {logging_mixin.py:188} INFO - [2025-12-30T17:10:01.111+0000] {dagbag.py:538} INFO - Filling up the DagBag from /opt/airflow/dags/ml_models.py
[2025-12-30T17:10:01.155+0000] {processor.py:840} INFO - DAG(s) 'ml_models' retrieved from /opt/airflow/dags/ml_models.py
[2025-12-30T17:10:01.208+0000] {logging_mixin.py:188} INFO - [2025-12-30T17:10:01.207+0000] {dag.py:3036} INFO - Sync 1 DAGs
[2025-12-30T17:10:01.256+0000] {logging_mixin.py:188} INFO - [2025-12-30T17:10:01.256+0000] {dag.py:3823} INFO - Setting next_dagrun for ml_models to 2025-12-29 00:00:00+00:00, run_after=2025-12-30 00:00:00+00:00
[2025-12-30T17:10:01.332+0000] {processor.py:183} INFO - Processing /opt/airflow/dags/ml_models.py took 0.236 seconds
[2025-12-30T17:10:31.784+0000] {processor.py:161} INFO - Started process (PID=6141) to work on /opt/airflow/dags/ml_models.py
[2025-12-30T17:10:31.786+0000] {processor.py:830} INFO - Processing file /opt/airflow/dags/ml_models.py for tasks to queue
[2025-12-30T17:10:31.788+0000] {logging_mixin.py:188} INFO - [2025-12-30T17:10:31.788+0000] {dagbag.py:538} INFO - Filling up the DagBag from /opt/airflow/dags/ml_models.py
[2025-12-30T17:10:31.827+0000] {processor.py:840} INFO - DAG(s) 'ml_models' retrieved from /opt/airflow/dags/ml_models.py
[2025-12-30T17:10:31.877+0000] {logging_mixin.py:188} INFO - [2025-12-30T17:10:31.877+0000] {dag.py:3036} INFO - Sync 1 DAGs
[2025-12-30T17:10:31.922+0000] {logging_mixin.py:188} INFO - [2025-12-30T17:10:31.922+0000] {dag.py:3823} INFO - Setting next_dagrun for ml_models to 2025-12-29 00:00:00+00:00, run_after=2025-12-30 00:00:00+00:00
[2025-12-30T17:10:31.957+0000] {processor.py:183} INFO - Processing /opt/airflow/dags/ml_models.py took 0.181 seconds
[2025-12-30T17:11:02.845+0000] {processor.py:161} INFO - Started process (PID=6161) to work on /opt/airflow/dags/ml_models.py
[2025-12-30T17:11:02.847+0000] {processor.py:830} INFO - Processing file /opt/airflow/dags/ml_models.py for tasks to queue
[2025-12-30T17:11:02.851+0000] {logging_mixin.py:188} INFO - [2025-12-30T17:11:02.849+0000] {dagbag.py:538} INFO - Filling up the DagBag from /opt/airflow/dags/ml_models.py
[2025-12-30T17:11:02.900+0000] {processor.py:840} INFO - DAG(s) 'ml_models' retrieved from /opt/airflow/dags/ml_models.py
[2025-12-30T17:11:02.949+0000] {logging_mixin.py:188} INFO - [2025-12-30T17:11:02.949+0000] {dag.py:3036} INFO - Sync 1 DAGs
[2025-12-30T17:11:03.004+0000] {logging_mixin.py:188} INFO - [2025-12-30T17:11:03.004+0000] {dag.py:3823} INFO - Setting next_dagrun for ml_models to 2025-12-29 00:00:00+00:00, run_after=2025-12-30 00:00:00+00:00
[2025-12-30T17:11:03.049+0000] {processor.py:183} INFO - Processing /opt/airflow/dags/ml_models.py took 0.211 seconds
[2025-12-30T17:11:33.621+0000] {processor.py:161} INFO - Started process (PID=6181) to work on /opt/airflow/dags/ml_models.py
[2025-12-30T17:11:33.623+0000] {processor.py:830} INFO - Processing file /opt/airflow/dags/ml_models.py for tasks to queue
[2025-12-30T17:11:33.625+0000] {logging_mixin.py:188} INFO - [2025-12-30T17:11:33.624+0000] {dagbag.py:538} INFO - Filling up the DagBag from /opt/airflow/dags/ml_models.py
[2025-12-30T17:11:33.668+0000] {processor.py:840} INFO - DAG(s) 'ml_models' retrieved from /opt/airflow/dags/ml_models.py
[2025-12-30T17:11:33.722+0000] {logging_mixin.py:188} INFO - [2025-12-30T17:11:33.722+0000] {dag.py:3036} INFO - Sync 1 DAGs
[2025-12-30T17:11:33.776+0000] {logging_mixin.py:188} INFO - [2025-12-30T17:11:33.774+0000] {dag.py:3823} INFO - Setting next_dagrun for ml_models to 2025-12-29 00:00:00+00:00, run_after=2025-12-30 00:00:00+00:00
[2025-12-30T17:11:33.855+0000] {processor.py:183} INFO - Processing /opt/airflow/dags/ml_models.py took 0.241 seconds
[2025-12-30T17:12:04.478+0000] {processor.py:161} INFO - Started process (PID=6201) to work on /opt/airflow/dags/ml_models.py
[2025-12-30T17:12:04.481+0000] {processor.py:830} INFO - Processing file /opt/airflow/dags/ml_models.py for tasks to queue
[2025-12-30T17:12:04.484+0000] {logging_mixin.py:188} INFO - [2025-12-30T17:12:04.483+0000] {dagbag.py:538} INFO - Filling up the DagBag from /opt/airflow/dags/ml_models.py
[2025-12-30T17:12:04.537+0000] {processor.py:840} INFO - DAG(s) 'ml_models' retrieved from /opt/airflow/dags/ml_models.py
[2025-12-30T17:12:04.593+0000] {logging_mixin.py:188} INFO - [2025-12-30T17:12:04.592+0000] {dag.py:3036} INFO - Sync 1 DAGs
[2025-12-30T17:12:04.645+0000] {logging_mixin.py:188} INFO - [2025-12-30T17:12:04.645+0000] {dag.py:3823} INFO - Setting next_dagrun for ml_models to 2025-12-29 00:00:00+00:00, run_after=2025-12-30 00:00:00+00:00
[2025-12-30T17:12:04.689+0000] {processor.py:183} INFO - Processing /opt/airflow/dags/ml_models.py took 0.219 seconds
[2025-12-30T17:12:35.286+0000] {processor.py:161} INFO - Started process (PID=6221) to work on /opt/airflow/dags/ml_models.py
[2025-12-30T17:12:35.288+0000] {processor.py:830} INFO - Processing file /opt/airflow/dags/ml_models.py for tasks to queue
[2025-12-30T17:12:35.290+0000] {logging_mixin.py:188} INFO - [2025-12-30T17:12:35.289+0000] {dagbag.py:538} INFO - Filling up the DagBag from /opt/airflow/dags/ml_models.py
[2025-12-30T17:12:35.342+0000] {processor.py:840} INFO - DAG(s) 'ml_models' retrieved from /opt/airflow/dags/ml_models.py
[2025-12-30T17:12:35.408+0000] {logging_mixin.py:188} INFO - [2025-12-30T17:12:35.407+0000] {dag.py:3036} INFO - Sync 1 DAGs
[2025-12-30T17:12:35.467+0000] {logging_mixin.py:188} INFO - [2025-12-30T17:12:35.466+0000] {dag.py:3823} INFO - Setting next_dagrun for ml_models to 2025-12-29 00:00:00+00:00, run_after=2025-12-30 00:00:00+00:00
[2025-12-30T17:12:35.546+0000] {processor.py:183} INFO - Processing /opt/airflow/dags/ml_models.py took 0.267 seconds
[2025-12-30T17:13:06.186+0000] {processor.py:161} INFO - Started process (PID=6241) to work on /opt/airflow/dags/ml_models.py
[2025-12-30T17:13:06.188+0000] {processor.py:830} INFO - Processing file /opt/airflow/dags/ml_models.py for tasks to queue
[2025-12-30T17:13:06.190+0000] {logging_mixin.py:188} INFO - [2025-12-30T17:13:06.189+0000] {dagbag.py:538} INFO - Filling up the DagBag from /opt/airflow/dags/ml_models.py
[2025-12-30T17:13:06.244+0000] {processor.py:840} INFO - DAG(s) 'ml_models' retrieved from /opt/airflow/dags/ml_models.py
[2025-12-30T17:13:06.303+0000] {logging_mixin.py:188} INFO - [2025-12-30T17:13:06.303+0000] {dag.py:3036} INFO - Sync 1 DAGs
[2025-12-30T17:13:06.360+0000] {logging_mixin.py:188} INFO - [2025-12-30T17:13:06.359+0000] {dag.py:3823} INFO - Setting next_dagrun for ml_models to 2025-12-29 00:00:00+00:00, run_after=2025-12-30 00:00:00+00:00
[2025-12-30T17:13:06.413+0000] {processor.py:183} INFO - Processing /opt/airflow/dags/ml_models.py took 0.237 seconds
[2025-12-30T17:13:36.973+0000] {processor.py:161} INFO - Started process (PID=6261) to work on /opt/airflow/dags/ml_models.py
[2025-12-30T17:13:36.975+0000] {processor.py:830} INFO - Processing file /opt/airflow/dags/ml_models.py for tasks to queue
[2025-12-30T17:13:36.977+0000] {logging_mixin.py:188} INFO - [2025-12-30T17:13:36.976+0000] {dagbag.py:538} INFO - Filling up the DagBag from /opt/airflow/dags/ml_models.py
[2025-12-30T17:13:37.019+0000] {processor.py:840} INFO - DAG(s) 'ml_models' retrieved from /opt/airflow/dags/ml_models.py
[2025-12-30T17:13:37.072+0000] {logging_mixin.py:188} INFO - [2025-12-30T17:13:37.072+0000] {dag.py:3036} INFO - Sync 1 DAGs
[2025-12-30T17:13:37.123+0000] {logging_mixin.py:188} INFO - [2025-12-30T17:13:37.122+0000] {dag.py:3823} INFO - Setting next_dagrun for ml_models to 2025-12-29 00:00:00+00:00, run_after=2025-12-30 00:00:00+00:00
[2025-12-30T17:13:37.160+0000] {processor.py:183} INFO - Processing /opt/airflow/dags/ml_models.py took 0.192 seconds
[2025-12-30T17:14:07.829+0000] {processor.py:161} INFO - Started process (PID=6281) to work on /opt/airflow/dags/ml_models.py
[2025-12-30T17:14:07.835+0000] {processor.py:830} INFO - Processing file /opt/airflow/dags/ml_models.py for tasks to queue
[2025-12-30T17:14:07.839+0000] {logging_mixin.py:188} INFO - [2025-12-30T17:14:07.838+0000] {dagbag.py:538} INFO - Filling up the DagBag from /opt/airflow/dags/ml_models.py
[2025-12-30T17:14:07.892+0000] {processor.py:840} INFO - DAG(s) 'ml_models' retrieved from /opt/airflow/dags/ml_models.py
[2025-12-30T17:14:07.956+0000] {logging_mixin.py:188} INFO - [2025-12-30T17:14:07.956+0000] {dag.py:3036} INFO - Sync 1 DAGs
[2025-12-30T17:14:08.013+0000] {logging_mixin.py:188} INFO - [2025-12-30T17:14:08.013+0000] {dag.py:3823} INFO - Setting next_dagrun for ml_models to 2025-12-29 00:00:00+00:00, run_after=2025-12-30 00:00:00+00:00
[2025-12-30T17:14:08.095+0000] {processor.py:183} INFO - Processing /opt/airflow/dags/ml_models.py took 0.272 seconds
[2025-12-30T17:14:38.625+0000] {processor.py:161} INFO - Started process (PID=6301) to work on /opt/airflow/dags/ml_models.py
[2025-12-30T17:14:38.627+0000] {processor.py:830} INFO - Processing file /opt/airflow/dags/ml_models.py for tasks to queue
[2025-12-30T17:14:38.631+0000] {logging_mixin.py:188} INFO - [2025-12-30T17:14:38.630+0000] {dagbag.py:538} INFO - Filling up the DagBag from /opt/airflow/dags/ml_models.py
[2025-12-30T17:14:38.673+0000] {processor.py:840} INFO - DAG(s) 'ml_models' retrieved from /opt/airflow/dags/ml_models.py
[2025-12-30T17:14:38.727+0000] {logging_mixin.py:188} INFO - [2025-12-30T17:14:38.727+0000] {dag.py:3036} INFO - Sync 1 DAGs
[2025-12-30T17:14:38.780+0000] {logging_mixin.py:188} INFO - [2025-12-30T17:14:38.780+0000] {dag.py:3823} INFO - Setting next_dagrun for ml_models to 2025-12-29 00:00:00+00:00, run_after=2025-12-30 00:00:00+00:00
[2025-12-30T17:14:38.859+0000] {processor.py:183} INFO - Processing /opt/airflow/dags/ml_models.py took 0.240 seconds
[2025-12-30T17:15:09.572+0000] {processor.py:161} INFO - Started process (PID=6321) to work on /opt/airflow/dags/ml_models.py
[2025-12-30T17:15:09.575+0000] {processor.py:830} INFO - Processing file /opt/airflow/dags/ml_models.py for tasks to queue
[2025-12-30T17:15:09.577+0000] {logging_mixin.py:188} INFO - [2025-12-30T17:15:09.576+0000] {dagbag.py:538} INFO - Filling up the DagBag from /opt/airflow/dags/ml_models.py
[2025-12-30T17:15:09.624+0000] {processor.py:840} INFO - DAG(s) 'ml_models' retrieved from /opt/airflow/dags/ml_models.py
[2025-12-30T17:15:09.684+0000] {logging_mixin.py:188} INFO - [2025-12-30T17:15:09.683+0000] {dag.py:3036} INFO - Sync 1 DAGs
[2025-12-30T17:15:09.740+0000] {logging_mixin.py:188} INFO - [2025-12-30T17:15:09.740+0000] {dag.py:3823} INFO - Setting next_dagrun for ml_models to 2025-12-29 00:00:00+00:00, run_after=2025-12-30 00:00:00+00:00
[2025-12-30T17:15:09.816+0000] {processor.py:183} INFO - Processing /opt/airflow/dags/ml_models.py took 0.253 seconds
[2025-12-30T17:15:40.329+0000] {processor.py:161} INFO - Started process (PID=6341) to work on /opt/airflow/dags/ml_models.py
[2025-12-30T17:15:40.333+0000] {processor.py:830} INFO - Processing file /opt/airflow/dags/ml_models.py for tasks to queue
[2025-12-30T17:15:40.335+0000] {logging_mixin.py:188} INFO - [2025-12-30T17:15:40.334+0000] {dagbag.py:538} INFO - Filling up the DagBag from /opt/airflow/dags/ml_models.py
[2025-12-30T17:15:40.378+0000] {processor.py:840} INFO - DAG(s) 'ml_models' retrieved from /opt/airflow/dags/ml_models.py
[2025-12-30T17:15:40.428+0000] {logging_mixin.py:188} INFO - [2025-12-30T17:15:40.428+0000] {dag.py:3036} INFO - Sync 1 DAGs
[2025-12-30T17:15:40.483+0000] {logging_mixin.py:188} INFO - [2025-12-30T17:15:40.479+0000] {dag.py:3823} INFO - Setting next_dagrun for ml_models to 2025-12-29 00:00:00+00:00, run_after=2025-12-30 00:00:00+00:00
[2025-12-30T17:15:40.523+0000] {processor.py:183} INFO - Processing /opt/airflow/dags/ml_models.py took 0.200 seconds
[2025-12-30T17:16:11.333+0000] {processor.py:161} INFO - Started process (PID=6361) to work on /opt/airflow/dags/ml_models.py
[2025-12-30T17:16:11.337+0000] {processor.py:830} INFO - Processing file /opt/airflow/dags/ml_models.py for tasks to queue
[2025-12-30T17:16:11.340+0000] {logging_mixin.py:188} INFO - [2025-12-30T17:16:11.339+0000] {dagbag.py:538} INFO - Filling up the DagBag from /opt/airflow/dags/ml_models.py
[2025-12-30T17:16:11.391+0000] {processor.py:840} INFO - DAG(s) 'ml_models' retrieved from /opt/airflow/dags/ml_models.py
[2025-12-30T17:16:11.453+0000] {logging_mixin.py:188} INFO - [2025-12-30T17:16:11.453+0000] {dag.py:3036} INFO - Sync 1 DAGs
[2025-12-30T17:16:11.505+0000] {logging_mixin.py:188} INFO - [2025-12-30T17:16:11.504+0000] {dag.py:3823} INFO - Setting next_dagrun for ml_models to 2025-12-29 00:00:00+00:00, run_after=2025-12-30 00:00:00+00:00
[2025-12-30T17:16:11.554+0000] {processor.py:183} INFO - Processing /opt/airflow/dags/ml_models.py took 0.241 seconds
[2025-12-30T17:16:42.360+0000] {processor.py:161} INFO - Started process (PID=6381) to work on /opt/airflow/dags/ml_models.py
[2025-12-30T17:16:42.363+0000] {processor.py:830} INFO - Processing file /opt/airflow/dags/ml_models.py for tasks to queue
[2025-12-30T17:16:42.365+0000] {logging_mixin.py:188} INFO - [2025-12-30T17:16:42.364+0000] {dagbag.py:538} INFO - Filling up the DagBag from /opt/airflow/dags/ml_models.py
[2025-12-30T17:16:42.414+0000] {processor.py:840} INFO - DAG(s) 'ml_models' retrieved from /opt/airflow/dags/ml_models.py
[2025-12-30T17:16:42.468+0000] {logging_mixin.py:188} INFO - [2025-12-30T17:16:42.468+0000] {dag.py:3036} INFO - Sync 1 DAGs
[2025-12-30T17:16:42.522+0000] {logging_mixin.py:188} INFO - [2025-12-30T17:16:42.522+0000] {dag.py:3823} INFO - Setting next_dagrun for ml_models to 2025-12-29 00:00:00+00:00, run_after=2025-12-30 00:00:00+00:00
[2025-12-30T17:16:42.565+0000] {processor.py:183} INFO - Processing /opt/airflow/dags/ml_models.py took 0.211 seconds
[2025-12-30T17:17:13.136+0000] {processor.py:161} INFO - Started process (PID=6401) to work on /opt/airflow/dags/ml_models.py
[2025-12-30T17:17:13.138+0000] {processor.py:830} INFO - Processing file /opt/airflow/dags/ml_models.py for tasks to queue
[2025-12-30T17:17:13.141+0000] {logging_mixin.py:188} INFO - [2025-12-30T17:17:13.140+0000] {dagbag.py:538} INFO - Filling up the DagBag from /opt/airflow/dags/ml_models.py
[2025-12-30T17:17:13.187+0000] {processor.py:840} INFO - DAG(s) 'ml_models' retrieved from /opt/airflow/dags/ml_models.py
[2025-12-30T17:17:13.237+0000] {logging_mixin.py:188} INFO - [2025-12-30T17:17:13.237+0000] {dag.py:3036} INFO - Sync 1 DAGs
[2025-12-30T17:17:13.291+0000] {logging_mixin.py:188} INFO - [2025-12-30T17:17:13.290+0000] {dag.py:3823} INFO - Setting next_dagrun for ml_models to 2025-12-29 00:00:00+00:00, run_after=2025-12-30 00:00:00+00:00
[2025-12-30T17:17:13.370+0000] {processor.py:183} INFO - Processing /opt/airflow/dags/ml_models.py took 0.241 seconds
[2025-12-30T17:17:43.932+0000] {processor.py:161} INFO - Started process (PID=6421) to work on /opt/airflow/dags/ml_models.py
[2025-12-30T17:17:43.936+0000] {processor.py:830} INFO - Processing file /opt/airflow/dags/ml_models.py for tasks to queue
[2025-12-30T17:17:43.938+0000] {logging_mixin.py:188} INFO - [2025-12-30T17:17:43.937+0000] {dagbag.py:538} INFO - Filling up the DagBag from /opt/airflow/dags/ml_models.py
[2025-12-30T17:17:44.020+0000] {processor.py:840} INFO - DAG(s) 'ml_models' retrieved from /opt/airflow/dags/ml_models.py
[2025-12-30T17:17:44.070+0000] {logging_mixin.py:188} INFO - [2025-12-30T17:17:44.070+0000] {dag.py:3036} INFO - Sync 1 DAGs
[2025-12-30T17:17:44.111+0000] {logging_mixin.py:188} INFO - [2025-12-30T17:17:44.110+0000] {dag.py:3823} INFO - Setting next_dagrun for ml_models to 2025-12-29 00:00:00+00:00, run_after=2025-12-30 00:00:00+00:00
[2025-12-30T17:17:44.149+0000] {processor.py:183} INFO - Processing /opt/airflow/dags/ml_models.py took 0.227 seconds
[2025-12-30T17:18:14.689+0000] {processor.py:161} INFO - Started process (PID=6441) to work on /opt/airflow/dags/ml_models.py
[2025-12-30T17:18:14.691+0000] {processor.py:830} INFO - Processing file /opt/airflow/dags/ml_models.py for tasks to queue
[2025-12-30T17:18:14.694+0000] {logging_mixin.py:188} INFO - [2025-12-30T17:18:14.693+0000] {dagbag.py:538} INFO - Filling up the DagBag from /opt/airflow/dags/ml_models.py
[2025-12-30T17:18:14.735+0000] {processor.py:840} INFO - DAG(s) 'ml_models' retrieved from /opt/airflow/dags/ml_models.py
[2025-12-30T17:18:14.780+0000] {logging_mixin.py:188} INFO - [2025-12-30T17:18:14.780+0000] {dag.py:3036} INFO - Sync 1 DAGs
[2025-12-30T17:18:14.825+0000] {logging_mixin.py:188} INFO - [2025-12-30T17:18:14.825+0000] {dag.py:3823} INFO - Setting next_dagrun for ml_models to 2025-12-29 00:00:00+00:00, run_after=2025-12-30 00:00:00+00:00
[2025-12-30T17:18:14.898+0000] {processor.py:183} INFO - Processing /opt/airflow/dags/ml_models.py took 0.217 seconds
[2025-12-30T17:18:45.507+0000] {processor.py:161} INFO - Started process (PID=6461) to work on /opt/airflow/dags/ml_models.py
[2025-12-30T17:18:45.509+0000] {processor.py:830} INFO - Processing file /opt/airflow/dags/ml_models.py for tasks to queue
[2025-12-30T17:18:45.511+0000] {logging_mixin.py:188} INFO - [2025-12-30T17:18:45.510+0000] {dagbag.py:538} INFO - Filling up the DagBag from /opt/airflow/dags/ml_models.py
[2025-12-30T17:18:45.559+0000] {processor.py:840} INFO - DAG(s) 'ml_models' retrieved from /opt/airflow/dags/ml_models.py
[2025-12-30T17:18:45.617+0000] {logging_mixin.py:188} INFO - [2025-12-30T17:18:45.616+0000] {dag.py:3036} INFO - Sync 1 DAGs
[2025-12-30T17:18:45.662+0000] {logging_mixin.py:188} INFO - [2025-12-30T17:18:45.662+0000] {dag.py:3823} INFO - Setting next_dagrun for ml_models to 2025-12-29 00:00:00+00:00, run_after=2025-12-30 00:00:00+00:00
[2025-12-30T17:18:45.703+0000] {processor.py:183} INFO - Processing /opt/airflow/dags/ml_models.py took 0.203 seconds
[2025-12-30T17:19:16.276+0000] {processor.py:161} INFO - Started process (PID=6481) to work on /opt/airflow/dags/ml_models.py
[2025-12-30T17:19:16.279+0000] {processor.py:830} INFO - Processing file /opt/airflow/dags/ml_models.py for tasks to queue
[2025-12-30T17:19:16.281+0000] {logging_mixin.py:188} INFO - [2025-12-30T17:19:16.280+0000] {dagbag.py:538} INFO - Filling up the DagBag from /opt/airflow/dags/ml_models.py
[2025-12-30T17:19:16.331+0000] {processor.py:840} INFO - DAG(s) 'ml_models' retrieved from /opt/airflow/dags/ml_models.py
[2025-12-30T17:19:16.395+0000] {logging_mixin.py:188} INFO - [2025-12-30T17:19:16.395+0000] {dag.py:3036} INFO - Sync 1 DAGs
[2025-12-30T17:19:16.446+0000] {logging_mixin.py:188} INFO - [2025-12-30T17:19:16.445+0000] {dag.py:3823} INFO - Setting next_dagrun for ml_models to 2025-12-29 00:00:00+00:00, run_after=2025-12-30 00:00:00+00:00
[2025-12-30T17:19:16.527+0000] {processor.py:183} INFO - Processing /opt/airflow/dags/ml_models.py took 0.260 seconds
[2025-12-30T17:19:47.042+0000] {processor.py:161} INFO - Started process (PID=6501) to work on /opt/airflow/dags/ml_models.py
[2025-12-30T17:19:47.045+0000] {processor.py:830} INFO - Processing file /opt/airflow/dags/ml_models.py for tasks to queue
[2025-12-30T17:19:47.047+0000] {logging_mixin.py:188} INFO - [2025-12-30T17:19:47.046+0000] {dagbag.py:538} INFO - Filling up the DagBag from /opt/airflow/dags/ml_models.py
[2025-12-30T17:19:47.092+0000] {processor.py:840} INFO - DAG(s) 'ml_models' retrieved from /opt/airflow/dags/ml_models.py
[2025-12-30T17:19:47.156+0000] {logging_mixin.py:188} INFO - [2025-12-30T17:19:47.156+0000] {dag.py:3036} INFO - Sync 1 DAGs
[2025-12-30T17:19:47.207+0000] {logging_mixin.py:188} INFO - [2025-12-30T17:19:47.207+0000] {dag.py:3823} INFO - Setting next_dagrun for ml_models to 2025-12-29 00:00:00+00:00, run_after=2025-12-30 00:00:00+00:00
[2025-12-30T17:19:47.251+0000] {processor.py:183} INFO - Processing /opt/airflow/dags/ml_models.py took 0.217 seconds
[2025-12-30T17:20:18.260+0000] {processor.py:161} INFO - Started process (PID=6521) to work on /opt/airflow/dags/ml_models.py
[2025-12-30T17:20:18.263+0000] {processor.py:830} INFO - Processing file /opt/airflow/dags/ml_models.py for tasks to queue
[2025-12-30T17:20:18.265+0000] {logging_mixin.py:188} INFO - [2025-12-30T17:20:18.264+0000] {dagbag.py:538} INFO - Filling up the DagBag from /opt/airflow/dags/ml_models.py
[2025-12-30T17:20:18.315+0000] {processor.py:840} INFO - DAG(s) 'ml_models' retrieved from /opt/airflow/dags/ml_models.py
[2025-12-30T17:20:18.376+0000] {logging_mixin.py:188} INFO - [2025-12-30T17:20:18.376+0000] {dag.py:3036} INFO - Sync 1 DAGs
[2025-12-30T17:20:18.427+0000] {logging_mixin.py:188} INFO - [2025-12-30T17:20:18.427+0000] {dag.py:3823} INFO - Setting next_dagrun for ml_models to 2025-12-29 00:00:00+00:00, run_after=2025-12-30 00:00:00+00:00
[2025-12-30T17:20:18.498+0000] {processor.py:183} INFO - Processing /opt/airflow/dags/ml_models.py took 0.249 seconds
[2025-12-30T17:20:49.034+0000] {processor.py:161} INFO - Started process (PID=6541) to work on /opt/airflow/dags/ml_models.py
[2025-12-30T17:20:49.038+0000] {processor.py:830} INFO - Processing file /opt/airflow/dags/ml_models.py for tasks to queue
[2025-12-30T17:20:49.041+0000] {logging_mixin.py:188} INFO - [2025-12-30T17:20:49.040+0000] {dagbag.py:538} INFO - Filling up the DagBag from /opt/airflow/dags/ml_models.py
[2025-12-30T17:20:49.077+0000] {processor.py:840} INFO - DAG(s) 'ml_models' retrieved from /opt/airflow/dags/ml_models.py
[2025-12-30T17:20:49.133+0000] {logging_mixin.py:188} INFO - [2025-12-30T17:20:49.132+0000] {dag.py:3036} INFO - Sync 1 DAGs
[2025-12-30T17:20:49.182+0000] {logging_mixin.py:188} INFO - [2025-12-30T17:20:49.181+0000] {dag.py:3823} INFO - Setting next_dagrun for ml_models to 2025-12-29 00:00:00+00:00, run_after=2025-12-30 00:00:00+00:00
[2025-12-30T17:20:49.230+0000] {processor.py:183} INFO - Processing /opt/airflow/dags/ml_models.py took 0.202 seconds
[2025-12-30T17:21:19.869+0000] {processor.py:161} INFO - Started process (PID=6561) to work on /opt/airflow/dags/ml_models.py
[2025-12-30T17:21:19.873+0000] {processor.py:830} INFO - Processing file /opt/airflow/dags/ml_models.py for tasks to queue
[2025-12-30T17:21:19.876+0000] {logging_mixin.py:188} INFO - [2025-12-30T17:21:19.875+0000] {dagbag.py:538} INFO - Filling up the DagBag from /opt/airflow/dags/ml_models.py
[2025-12-30T17:21:19.917+0000] {processor.py:840} INFO - DAG(s) 'ml_models' retrieved from /opt/airflow/dags/ml_models.py
[2025-12-30T17:21:19.968+0000] {logging_mixin.py:188} INFO - [2025-12-30T17:21:19.968+0000] {dag.py:3036} INFO - Sync 1 DAGs
[2025-12-30T17:21:20.017+0000] {logging_mixin.py:188} INFO - [2025-12-30T17:21:20.017+0000] {dag.py:3823} INFO - Setting next_dagrun for ml_models to 2025-12-29 00:00:00+00:00, run_after=2025-12-30 00:00:00+00:00
[2025-12-30T17:21:20.099+0000] {processor.py:183} INFO - Processing /opt/airflow/dags/ml_models.py took 0.238 seconds
[2025-12-30T17:21:50.629+0000] {processor.py:161} INFO - Started process (PID=6581) to work on /opt/airflow/dags/ml_models.py
[2025-12-30T17:21:50.632+0000] {processor.py:830} INFO - Processing file /opt/airflow/dags/ml_models.py for tasks to queue
[2025-12-30T17:21:50.633+0000] {logging_mixin.py:188} INFO - [2025-12-30T17:21:50.633+0000] {dagbag.py:538} INFO - Filling up the DagBag from /opt/airflow/dags/ml_models.py
[2025-12-30T17:21:50.713+0000] {processor.py:840} INFO - DAG(s) 'ml_models' retrieved from /opt/airflow/dags/ml_models.py
[2025-12-30T17:21:50.776+0000] {logging_mixin.py:188} INFO - [2025-12-30T17:21:50.776+0000] {dag.py:3036} INFO - Sync 1 DAGs
[2025-12-30T17:21:50.827+0000] {logging_mixin.py:188} INFO - [2025-12-30T17:21:50.827+0000] {dag.py:3823} INFO - Setting next_dagrun for ml_models to 2025-12-29 00:00:00+00:00, run_after=2025-12-30 00:00:00+00:00
[2025-12-30T17:21:50.873+0000] {processor.py:183} INFO - Processing /opt/airflow/dags/ml_models.py took 0.251 seconds
[2025-12-30T17:22:21.410+0000] {processor.py:161} INFO - Started process (PID=6601) to work on /opt/airflow/dags/ml_models.py
[2025-12-30T17:22:21.412+0000] {processor.py:830} INFO - Processing file /opt/airflow/dags/ml_models.py for tasks to queue
[2025-12-30T17:22:21.418+0000] {logging_mixin.py:188} INFO - [2025-12-30T17:22:21.415+0000] {dagbag.py:538} INFO - Filling up the DagBag from /opt/airflow/dags/ml_models.py
[2025-12-30T17:22:21.464+0000] {processor.py:840} INFO - DAG(s) 'ml_models' retrieved from /opt/airflow/dags/ml_models.py
[2025-12-30T17:22:21.521+0000] {logging_mixin.py:188} INFO - [2025-12-30T17:22:21.521+0000] {dag.py:3036} INFO - Sync 1 DAGs
[2025-12-30T17:22:21.566+0000] {logging_mixin.py:188} INFO - [2025-12-30T17:22:21.565+0000] {dag.py:3823} INFO - Setting next_dagrun for ml_models to 2025-12-29 00:00:00+00:00, run_after=2025-12-30 00:00:00+00:00
[2025-12-30T17:22:21.600+0000] {processor.py:183} INFO - Processing /opt/airflow/dags/ml_models.py took 0.200 seconds
[2025-12-30T17:22:52.344+0000] {processor.py:161} INFO - Started process (PID=6621) to work on /opt/airflow/dags/ml_models.py
[2025-12-30T17:22:52.347+0000] {processor.py:830} INFO - Processing file /opt/airflow/dags/ml_models.py for tasks to queue
[2025-12-30T17:22:52.349+0000] {logging_mixin.py:188} INFO - [2025-12-30T17:22:52.348+0000] {dagbag.py:538} INFO - Filling up the DagBag from /opt/airflow/dags/ml_models.py
[2025-12-30T17:22:52.397+0000] {processor.py:840} INFO - DAG(s) 'ml_models' retrieved from /opt/airflow/dags/ml_models.py
[2025-12-30T17:22:52.462+0000] {logging_mixin.py:188} INFO - [2025-12-30T17:22:52.462+0000] {dag.py:3036} INFO - Sync 1 DAGs
[2025-12-30T17:22:52.518+0000] {logging_mixin.py:188} INFO - [2025-12-30T17:22:52.517+0000] {dag.py:3823} INFO - Setting next_dagrun for ml_models to 2025-12-29 00:00:00+00:00, run_after=2025-12-30 00:00:00+00:00
[2025-12-30T17:22:52.566+0000] {processor.py:183} INFO - Processing /opt/airflow/dags/ml_models.py took 0.230 seconds
[2025-12-30T17:23:23.128+0000] {processor.py:161} INFO - Started process (PID=6641) to work on /opt/airflow/dags/ml_models.py
[2025-12-30T17:23:23.130+0000] {processor.py:830} INFO - Processing file /opt/airflow/dags/ml_models.py for tasks to queue
[2025-12-30T17:23:23.133+0000] {logging_mixin.py:188} INFO - [2025-12-30T17:23:23.132+0000] {dagbag.py:538} INFO - Filling up the DagBag from /opt/airflow/dags/ml_models.py
[2025-12-30T17:23:23.183+0000] {processor.py:840} INFO - DAG(s) 'ml_models' retrieved from /opt/airflow/dags/ml_models.py
[2025-12-30T17:23:23.238+0000] {logging_mixin.py:188} INFO - [2025-12-30T17:23:23.238+0000] {dag.py:3036} INFO - Sync 1 DAGs
[2025-12-30T17:23:23.283+0000] {logging_mixin.py:188} INFO - [2025-12-30T17:23:23.283+0000] {dag.py:3823} INFO - Setting next_dagrun for ml_models to 2025-12-29 00:00:00+00:00, run_after=2025-12-30 00:00:00+00:00
[2025-12-30T17:23:23.358+0000] {processor.py:183} INFO - Processing /opt/airflow/dags/ml_models.py took 0.237 seconds
[2025-12-30T17:23:53.888+0000] {processor.py:161} INFO - Started process (PID=6661) to work on /opt/airflow/dags/ml_models.py
[2025-12-30T17:23:53.890+0000] {processor.py:830} INFO - Processing file /opt/airflow/dags/ml_models.py for tasks to queue
[2025-12-30T17:23:53.892+0000] {logging_mixin.py:188} INFO - [2025-12-30T17:23:53.891+0000] {dagbag.py:538} INFO - Filling up the DagBag from /opt/airflow/dags/ml_models.py
[2025-12-30T17:23:53.969+0000] {processor.py:840} INFO - DAG(s) 'ml_models' retrieved from /opt/airflow/dags/ml_models.py
[2025-12-30T17:23:54.031+0000] {logging_mixin.py:188} INFO - [2025-12-30T17:23:54.030+0000] {dag.py:3036} INFO - Sync 1 DAGs
[2025-12-30T17:23:54.069+0000] {logging_mixin.py:188} INFO - [2025-12-30T17:23:54.069+0000] {dag.py:3823} INFO - Setting next_dagrun for ml_models to 2025-12-29 00:00:00+00:00, run_after=2025-12-30 00:00:00+00:00
[2025-12-30T17:23:54.107+0000] {processor.py:183} INFO - Processing /opt/airflow/dags/ml_models.py took 0.226 seconds
[2025-12-30T17:24:24.713+0000] {processor.py:161} INFO - Started process (PID=6681) to work on /opt/airflow/dags/ml_models.py
[2025-12-30T17:24:24.719+0000] {processor.py:830} INFO - Processing file /opt/airflow/dags/ml_models.py for tasks to queue
[2025-12-30T17:24:24.722+0000] {logging_mixin.py:188} INFO - [2025-12-30T17:24:24.721+0000] {dagbag.py:538} INFO - Filling up the DagBag from /opt/airflow/dags/ml_models.py
[2025-12-30T17:24:24.773+0000] {processor.py:840} INFO - DAG(s) 'ml_models' retrieved from /opt/airflow/dags/ml_models.py
[2025-12-30T17:24:24.835+0000] {logging_mixin.py:188} INFO - [2025-12-30T17:24:24.834+0000] {dag.py:3036} INFO - Sync 1 DAGs
[2025-12-30T17:24:24.886+0000] {logging_mixin.py:188} INFO - [2025-12-30T17:24:24.886+0000] {dag.py:3823} INFO - Setting next_dagrun for ml_models to 2025-12-29 00:00:00+00:00, run_after=2025-12-30 00:00:00+00:00
[2025-12-30T17:24:24.968+0000] {processor.py:183} INFO - Processing /opt/airflow/dags/ml_models.py took 0.269 seconds
[2025-12-30T17:24:55.597+0000] {processor.py:161} INFO - Started process (PID=6701) to work on /opt/airflow/dags/ml_models.py
[2025-12-30T17:24:55.600+0000] {processor.py:830} INFO - Processing file /opt/airflow/dags/ml_models.py for tasks to queue
[2025-12-30T17:24:55.602+0000] {logging_mixin.py:188} INFO - [2025-12-30T17:24:55.602+0000] {dagbag.py:538} INFO - Filling up the DagBag from /opt/airflow/dags/ml_models.py
[2025-12-30T17:24:55.685+0000] {processor.py:840} INFO - DAG(s) 'ml_models' retrieved from /opt/airflow/dags/ml_models.py
[2025-12-30T17:24:55.745+0000] {logging_mixin.py:188} INFO - [2025-12-30T17:24:55.745+0000] {dag.py:3036} INFO - Sync 1 DAGs
[2025-12-30T17:24:55.795+0000] {logging_mixin.py:188} INFO - [2025-12-30T17:24:55.795+0000] {dag.py:3823} INFO - Setting next_dagrun for ml_models to 2025-12-29 00:00:00+00:00, run_after=2025-12-30 00:00:00+00:00
[2025-12-30T17:24:55.837+0000] {processor.py:183} INFO - Processing /opt/airflow/dags/ml_models.py took 0.248 seconds
[2025-12-30T17:25:26.369+0000] {processor.py:161} INFO - Started process (PID=6721) to work on /opt/airflow/dags/ml_models.py
[2025-12-30T17:25:26.371+0000] {processor.py:830} INFO - Processing file /opt/airflow/dags/ml_models.py for tasks to queue
[2025-12-30T17:25:26.375+0000] {logging_mixin.py:188} INFO - [2025-12-30T17:25:26.375+0000] {dagbag.py:538} INFO - Filling up the DagBag from /opt/airflow/dags/ml_models.py
[2025-12-30T17:25:26.420+0000] {processor.py:840} INFO - DAG(s) 'ml_models' retrieved from /opt/airflow/dags/ml_models.py
[2025-12-30T17:25:26.482+0000] {logging_mixin.py:188} INFO - [2025-12-30T17:25:26.482+0000] {dag.py:3036} INFO - Sync 1 DAGs
[2025-12-30T17:25:26.550+0000] {logging_mixin.py:188} INFO - [2025-12-30T17:25:26.550+0000] {dag.py:3823} INFO - Setting next_dagrun for ml_models to 2025-12-29 00:00:00+00:00, run_after=2025-12-30 00:00:00+00:00
[2025-12-30T17:25:26.608+0000] {processor.py:183} INFO - Processing /opt/airflow/dags/ml_models.py took 0.247 seconds
[2025-12-30T17:25:57.359+0000] {processor.py:161} INFO - Started process (PID=6741) to work on /opt/airflow/dags/ml_models.py
[2025-12-30T17:25:57.361+0000] {processor.py:830} INFO - Processing file /opt/airflow/dags/ml_models.py for tasks to queue
[2025-12-30T17:25:57.362+0000] {logging_mixin.py:188} INFO - [2025-12-30T17:25:57.362+0000] {dagbag.py:538} INFO - Filling up the DagBag from /opt/airflow/dags/ml_models.py
[2025-12-30T17:25:57.439+0000] {processor.py:840} INFO - DAG(s) 'ml_models' retrieved from /opt/airflow/dags/ml_models.py
[2025-12-30T17:25:57.489+0000] {logging_mixin.py:188} INFO - [2025-12-30T17:25:57.489+0000] {dag.py:3036} INFO - Sync 1 DAGs
[2025-12-30T17:25:57.532+0000] {logging_mixin.py:188} INFO - [2025-12-30T17:25:57.531+0000] {dag.py:3823} INFO - Setting next_dagrun for ml_models to 2025-12-29 00:00:00+00:00, run_after=2025-12-30 00:00:00+00:00
[2025-12-30T17:25:57.567+0000] {processor.py:183} INFO - Processing /opt/airflow/dags/ml_models.py took 0.215 seconds
[2025-12-30T17:26:28.178+0000] {processor.py:161} INFO - Started process (PID=6761) to work on /opt/airflow/dags/ml_models.py
[2025-12-30T17:26:28.181+0000] {processor.py:830} INFO - Processing file /opt/airflow/dags/ml_models.py for tasks to queue
[2025-12-30T17:26:28.183+0000] {logging_mixin.py:188} INFO - [2025-12-30T17:26:28.183+0000] {dagbag.py:538} INFO - Filling up the DagBag from /opt/airflow/dags/ml_models.py
[2025-12-30T17:26:28.231+0000] {processor.py:840} INFO - DAG(s) 'ml_models' retrieved from /opt/airflow/dags/ml_models.py
[2025-12-30T17:26:28.292+0000] {logging_mixin.py:188} INFO - [2025-12-30T17:26:28.292+0000] {dag.py:3036} INFO - Sync 1 DAGs
[2025-12-30T17:26:28.352+0000] {logging_mixin.py:188} INFO - [2025-12-30T17:26:28.351+0000] {dag.py:3823} INFO - Setting next_dagrun for ml_models to 2025-12-29 00:00:00+00:00, run_after=2025-12-30 00:00:00+00:00
[2025-12-30T17:26:28.433+0000] {processor.py:183} INFO - Processing /opt/airflow/dags/ml_models.py took 0.265 seconds
[2025-12-30T17:26:58.908+0000] {processor.py:161} INFO - Started process (PID=6781) to work on /opt/airflow/dags/ml_models.py
[2025-12-30T17:26:58.910+0000] {processor.py:830} INFO - Processing file /opt/airflow/dags/ml_models.py for tasks to queue
[2025-12-30T17:26:58.912+0000] {logging_mixin.py:188} INFO - [2025-12-30T17:26:58.912+0000] {dagbag.py:538} INFO - Filling up the DagBag from /opt/airflow/dags/ml_models.py
[2025-12-30T17:26:58.954+0000] {processor.py:840} INFO - DAG(s) 'ml_models' retrieved from /opt/airflow/dags/ml_models.py
[2025-12-30T17:26:59.012+0000] {logging_mixin.py:188} INFO - [2025-12-30T17:26:59.011+0000] {dag.py:3036} INFO - Sync 1 DAGs
[2025-12-30T17:26:59.053+0000] {logging_mixin.py:188} INFO - [2025-12-30T17:26:59.053+0000] {dag.py:3823} INFO - Setting next_dagrun for ml_models to 2025-12-29 00:00:00+00:00, run_after=2025-12-30 00:00:00+00:00
[2025-12-30T17:26:59.089+0000] {processor.py:183} INFO - Processing /opt/airflow/dags/ml_models.py took 0.188 seconds
[2025-12-30T17:27:29.677+0000] {processor.py:161} INFO - Started process (PID=6801) to work on /opt/airflow/dags/ml_models.py
[2025-12-30T17:27:29.680+0000] {processor.py:830} INFO - Processing file /opt/airflow/dags/ml_models.py for tasks to queue
[2025-12-30T17:27:29.682+0000] {logging_mixin.py:188} INFO - [2025-12-30T17:27:29.682+0000] {dagbag.py:538} INFO - Filling up the DagBag from /opt/airflow/dags/ml_models.py
[2025-12-30T17:27:29.726+0000] {processor.py:840} INFO - DAG(s) 'ml_models' retrieved from /opt/airflow/dags/ml_models.py
[2025-12-30T17:27:29.781+0000] {logging_mixin.py:188} INFO - [2025-12-30T17:27:29.780+0000] {dag.py:3036} INFO - Sync 1 DAGs
[2025-12-30T17:27:29.834+0000] {logging_mixin.py:188} INFO - [2025-12-30T17:27:29.834+0000] {dag.py:3823} INFO - Setting next_dagrun for ml_models to 2025-12-29 00:00:00+00:00, run_after=2025-12-30 00:00:00+00:00
[2025-12-30T17:27:29.916+0000] {processor.py:183} INFO - Processing /opt/airflow/dags/ml_models.py took 0.246 seconds
[2025-12-30T17:28:00.447+0000] {processor.py:161} INFO - Started process (PID=6821) to work on /opt/airflow/dags/ml_models.py
[2025-12-30T17:28:00.450+0000] {processor.py:830} INFO - Processing file /opt/airflow/dags/ml_models.py for tasks to queue
[2025-12-30T17:28:00.452+0000] {logging_mixin.py:188} INFO - [2025-12-30T17:28:00.451+0000] {dagbag.py:538} INFO - Filling up the DagBag from /opt/airflow/dags/ml_models.py
[2025-12-30T17:28:00.536+0000] {processor.py:840} INFO - DAG(s) 'ml_models' retrieved from /opt/airflow/dags/ml_models.py
[2025-12-30T17:28:00.597+0000] {logging_mixin.py:188} INFO - [2025-12-30T17:28:00.597+0000] {dag.py:3036} INFO - Sync 1 DAGs
[2025-12-30T17:28:00.643+0000] {logging_mixin.py:188} INFO - [2025-12-30T17:28:00.642+0000] {dag.py:3823} INFO - Setting next_dagrun for ml_models to 2025-12-29 00:00:00+00:00, run_after=2025-12-30 00:00:00+00:00
[2025-12-30T17:28:00.688+0000] {processor.py:183} INFO - Processing /opt/airflow/dags/ml_models.py took 0.250 seconds
[2025-12-30T17:28:31.320+0000] {processor.py:161} INFO - Started process (PID=6841) to work on /opt/airflow/dags/ml_models.py
[2025-12-30T17:28:31.323+0000] {processor.py:830} INFO - Processing file /opt/airflow/dags/ml_models.py for tasks to queue
[2025-12-30T17:28:31.326+0000] {logging_mixin.py:188} INFO - [2025-12-30T17:28:31.325+0000] {dagbag.py:538} INFO - Filling up the DagBag from /opt/airflow/dags/ml_models.py
[2025-12-30T17:28:31.373+0000] {processor.py:840} INFO - DAG(s) 'ml_models' retrieved from /opt/airflow/dags/ml_models.py
[2025-12-30T17:28:31.423+0000] {logging_mixin.py:188} INFO - [2025-12-30T17:28:31.423+0000] {dag.py:3036} INFO - Sync 1 DAGs
[2025-12-30T17:28:31.473+0000] {logging_mixin.py:188} INFO - [2025-12-30T17:28:31.472+0000] {dag.py:3823} INFO - Setting next_dagrun for ml_models to 2025-12-29 00:00:00+00:00, run_after=2025-12-30 00:00:00+00:00
[2025-12-30T17:28:31.535+0000] {processor.py:183} INFO - Processing /opt/airflow/dags/ml_models.py took 0.222 seconds
[2025-12-30T17:29:02.066+0000] {processor.py:161} INFO - Started process (PID=6861) to work on /opt/airflow/dags/ml_models.py
[2025-12-30T17:29:02.069+0000] {processor.py:830} INFO - Processing file /opt/airflow/dags/ml_models.py for tasks to queue
[2025-12-30T17:29:02.071+0000] {logging_mixin.py:188} INFO - [2025-12-30T17:29:02.070+0000] {dagbag.py:538} INFO - Filling up the DagBag from /opt/airflow/dags/ml_models.py
[2025-12-30T17:29:02.156+0000] {processor.py:840} INFO - DAG(s) 'ml_models' retrieved from /opt/airflow/dags/ml_models.py
[2025-12-30T17:29:02.218+0000] {logging_mixin.py:188} INFO - [2025-12-30T17:29:02.217+0000] {dag.py:3036} INFO - Sync 1 DAGs
[2025-12-30T17:29:02.271+0000] {logging_mixin.py:188} INFO - [2025-12-30T17:29:02.270+0000] {dag.py:3823} INFO - Setting next_dagrun for ml_models to 2025-12-29 00:00:00+00:00, run_after=2025-12-30 00:00:00+00:00
[2025-12-30T17:29:02.314+0000] {processor.py:183} INFO - Processing /opt/airflow/dags/ml_models.py took 0.258 seconds
[2025-12-30T17:29:32.851+0000] {processor.py:161} INFO - Started process (PID=6881) to work on /opt/airflow/dags/ml_models.py
[2025-12-30T17:29:32.853+0000] {processor.py:830} INFO - Processing file /opt/airflow/dags/ml_models.py for tasks to queue
[2025-12-30T17:29:32.856+0000] {logging_mixin.py:188} INFO - [2025-12-30T17:29:32.855+0000] {dagbag.py:538} INFO - Filling up the DagBag from /opt/airflow/dags/ml_models.py
[2025-12-30T17:29:32.904+0000] {processor.py:840} INFO - DAG(s) 'ml_models' retrieved from /opt/airflow/dags/ml_models.py
[2025-12-30T17:29:32.962+0000] {logging_mixin.py:188} INFO - [2025-12-30T17:29:32.961+0000] {dag.py:3036} INFO - Sync 1 DAGs
[2025-12-30T17:29:33.016+0000] {logging_mixin.py:188} INFO - [2025-12-30T17:29:33.016+0000] {dag.py:3823} INFO - Setting next_dagrun for ml_models to 2025-12-29 00:00:00+00:00, run_after=2025-12-30 00:00:00+00:00
[2025-12-30T17:29:33.093+0000] {processor.py:183} INFO - Processing /opt/airflow/dags/ml_models.py took 0.250 seconds
[2025-12-30T17:30:03.774+0000] {processor.py:161} INFO - Started process (PID=6901) to work on /opt/airflow/dags/ml_models.py
[2025-12-30T17:30:03.778+0000] {processor.py:830} INFO - Processing file /opt/airflow/dags/ml_models.py for tasks to queue
[2025-12-30T17:30:03.781+0000] {logging_mixin.py:188} INFO - [2025-12-30T17:30:03.780+0000] {dagbag.py:538} INFO - Filling up the DagBag from /opt/airflow/dags/ml_models.py
[2025-12-30T17:30:03.866+0000] {processor.py:840} INFO - DAG(s) 'ml_models' retrieved from /opt/airflow/dags/ml_models.py
[2025-12-30T17:30:03.929+0000] {logging_mixin.py:188} INFO - [2025-12-30T17:30:03.928+0000] {dag.py:3036} INFO - Sync 1 DAGs
[2025-12-30T17:30:03.980+0000] {logging_mixin.py:188} INFO - [2025-12-30T17:30:03.980+0000] {dag.py:3823} INFO - Setting next_dagrun for ml_models to 2025-12-29 00:00:00+00:00, run_after=2025-12-30 00:00:00+00:00
[2025-12-30T17:30:04.027+0000] {processor.py:183} INFO - Processing /opt/airflow/dags/ml_models.py took 0.262 seconds
[2025-12-30T17:30:34.506+0000] {processor.py:161} INFO - Started process (PID=6921) to work on /opt/airflow/dags/ml_models.py
[2025-12-30T17:30:34.508+0000] {processor.py:830} INFO - Processing file /opt/airflow/dags/ml_models.py for tasks to queue
[2025-12-30T17:30:34.511+0000] {logging_mixin.py:188} INFO - [2025-12-30T17:30:34.510+0000] {dagbag.py:538} INFO - Filling up the DagBag from /opt/airflow/dags/ml_models.py
[2025-12-30T17:30:34.552+0000] {processor.py:840} INFO - DAG(s) 'ml_models' retrieved from /opt/airflow/dags/ml_models.py
[2025-12-30T17:30:34.602+0000] {logging_mixin.py:188} INFO - [2025-12-30T17:30:34.602+0000] {dag.py:3036} INFO - Sync 1 DAGs
[2025-12-30T17:30:34.668+0000] {logging_mixin.py:188} INFO - [2025-12-30T17:30:34.668+0000] {dag.py:3823} INFO - Setting next_dagrun for ml_models to 2025-12-29 00:00:00+00:00, run_after=2025-12-30 00:00:00+00:00
[2025-12-30T17:30:34.707+0000] {processor.py:183} INFO - Processing /opt/airflow/dags/ml_models.py took 0.207 seconds
[2025-12-30T17:31:05.303+0000] {processor.py:161} INFO - Started process (PID=6941) to work on /opt/airflow/dags/ml_models.py
[2025-12-30T17:31:05.305+0000] {processor.py:830} INFO - Processing file /opt/airflow/dags/ml_models.py for tasks to queue
[2025-12-30T17:31:05.307+0000] {logging_mixin.py:188} INFO - [2025-12-30T17:31:05.307+0000] {dagbag.py:538} INFO - Filling up the DagBag from /opt/airflow/dags/ml_models.py
[2025-12-30T17:31:05.388+0000] {processor.py:840} INFO - DAG(s) 'ml_models' retrieved from /opt/airflow/dags/ml_models.py
[2025-12-30T17:31:05.449+0000] {logging_mixin.py:188} INFO - [2025-12-30T17:31:05.449+0000] {dag.py:3036} INFO - Sync 1 DAGs
[2025-12-30T17:31:05.504+0000] {logging_mixin.py:188} INFO - [2025-12-30T17:31:05.503+0000] {dag.py:3823} INFO - Setting next_dagrun for ml_models to 2025-12-29 00:00:00+00:00, run_after=2025-12-30 00:00:00+00:00
[2025-12-30T17:31:05.544+0000] {processor.py:183} INFO - Processing /opt/airflow/dags/ml_models.py took 0.249 seconds
[2025-12-30T17:31:36.095+0000] {processor.py:161} INFO - Started process (PID=6961) to work on /opt/airflow/dags/ml_models.py
[2025-12-30T17:31:36.099+0000] {processor.py:830} INFO - Processing file /opt/airflow/dags/ml_models.py for tasks to queue
[2025-12-30T17:31:36.101+0000] {logging_mixin.py:188} INFO - [2025-12-30T17:31:36.101+0000] {dagbag.py:538} INFO - Filling up the DagBag from /opt/airflow/dags/ml_models.py
[2025-12-30T17:31:36.151+0000] {processor.py:840} INFO - DAG(s) 'ml_models' retrieved from /opt/airflow/dags/ml_models.py
[2025-12-30T17:31:36.216+0000] {logging_mixin.py:188} INFO - [2025-12-30T17:31:36.215+0000] {dag.py:3036} INFO - Sync 1 DAGs
[2025-12-30T17:31:36.278+0000] {logging_mixin.py:188} INFO - [2025-12-30T17:31:36.277+0000] {dag.py:3823} INFO - Setting next_dagrun for ml_models to 2025-12-29 00:00:00+00:00, run_after=2025-12-30 00:00:00+00:00
[2025-12-30T17:31:36.327+0000] {processor.py:183} INFO - Processing /opt/airflow/dags/ml_models.py took 0.239 seconds
[2025-12-30T17:32:07.179+0000] {processor.py:161} INFO - Started process (PID=6981) to work on /opt/airflow/dags/ml_models.py
[2025-12-30T17:32:07.183+0000] {processor.py:830} INFO - Processing file /opt/airflow/dags/ml_models.py for tasks to queue
[2025-12-30T17:32:07.186+0000] {logging_mixin.py:188} INFO - [2025-12-30T17:32:07.185+0000] {dagbag.py:538} INFO - Filling up the DagBag from /opt/airflow/dags/ml_models.py
[2025-12-30T17:32:07.224+0000] {processor.py:840} INFO - DAG(s) 'ml_models' retrieved from /opt/airflow/dags/ml_models.py
[2025-12-30T17:32:07.274+0000] {logging_mixin.py:188} INFO - [2025-12-30T17:32:07.274+0000] {dag.py:3036} INFO - Sync 1 DAGs
[2025-12-30T17:32:07.319+0000] {logging_mixin.py:188} INFO - [2025-12-30T17:32:07.319+0000] {dag.py:3823} INFO - Setting next_dagrun for ml_models to 2025-12-29 00:00:00+00:00, run_after=2025-12-30 00:00:00+00:00
[2025-12-30T17:32:07.357+0000] {processor.py:183} INFO - Processing /opt/airflow/dags/ml_models.py took 0.185 seconds
[2025-12-30T17:32:38.110+0000] {processor.py:161} INFO - Started process (PID=7001) to work on /opt/airflow/dags/ml_models.py
[2025-12-30T17:32:38.112+0000] {processor.py:830} INFO - Processing file /opt/airflow/dags/ml_models.py for tasks to queue
[2025-12-30T17:32:38.115+0000] {logging_mixin.py:188} INFO - [2025-12-30T17:32:38.115+0000] {dagbag.py:538} INFO - Filling up the DagBag from /opt/airflow/dags/ml_models.py
[2025-12-30T17:32:38.159+0000] {processor.py:840} INFO - DAG(s) 'ml_models' retrieved from /opt/airflow/dags/ml_models.py
[2025-12-30T17:32:38.211+0000] {logging_mixin.py:188} INFO - [2025-12-30T17:32:38.210+0000] {dag.py:3036} INFO - Sync 1 DAGs
[2025-12-30T17:32:38.254+0000] {logging_mixin.py:188} INFO - [2025-12-30T17:32:38.254+0000] {dag.py:3823} INFO - Setting next_dagrun for ml_models to 2025-12-29 00:00:00+00:00, run_after=2025-12-30 00:00:00+00:00
[2025-12-30T17:32:38.328+0000] {processor.py:183} INFO - Processing /opt/airflow/dags/ml_models.py took 0.225 seconds
[2025-12-30T17:33:08.915+0000] {processor.py:161} INFO - Started process (PID=7021) to work on /opt/airflow/dags/ml_models.py
[2025-12-30T17:33:08.917+0000] {processor.py:830} INFO - Processing file /opt/airflow/dags/ml_models.py for tasks to queue
[2025-12-30T17:33:08.920+0000] {logging_mixin.py:188} INFO - [2025-12-30T17:33:08.919+0000] {dagbag.py:538} INFO - Filling up the DagBag from /opt/airflow/dags/ml_models.py
[2025-12-30T17:33:09.004+0000] {processor.py:840} INFO - DAG(s) 'ml_models' retrieved from /opt/airflow/dags/ml_models.py
[2025-12-30T17:33:09.067+0000] {logging_mixin.py:188} INFO - [2025-12-30T17:33:09.066+0000] {dag.py:3036} INFO - Sync 1 DAGs
[2025-12-30T17:33:09.119+0000] {logging_mixin.py:188} INFO - [2025-12-30T17:33:09.118+0000] {dag.py:3823} INFO - Setting next_dagrun for ml_models to 2025-12-29 00:00:00+00:00, run_after=2025-12-30 00:00:00+00:00
[2025-12-30T17:33:09.172+0000] {processor.py:183} INFO - Processing /opt/airflow/dags/ml_models.py took 0.265 seconds
[2025-12-30T17:33:39.968+0000] {processor.py:161} INFO - Started process (PID=7041) to work on /opt/airflow/dags/ml_models.py
[2025-12-30T17:33:39.972+0000] {processor.py:830} INFO - Processing file /opt/airflow/dags/ml_models.py for tasks to queue
[2025-12-30T17:33:39.974+0000] {logging_mixin.py:188} INFO - [2025-12-30T17:33:39.974+0000] {dagbag.py:538} INFO - Filling up the DagBag from /opt/airflow/dags/ml_models.py
[2025-12-30T17:33:40.024+0000] {processor.py:840} INFO - DAG(s) 'ml_models' retrieved from /opt/airflow/dags/ml_models.py
[2025-12-30T17:33:40.088+0000] {logging_mixin.py:188} INFO - [2025-12-30T17:33:40.088+0000] {dag.py:3036} INFO - Sync 1 DAGs
[2025-12-30T17:33:40.142+0000] {logging_mixin.py:188} INFO - [2025-12-30T17:33:40.142+0000] {dag.py:3823} INFO - Setting next_dagrun for ml_models to 2025-12-29 00:00:00+00:00, run_after=2025-12-30 00:00:00+00:00
[2025-12-30T17:33:40.220+0000] {processor.py:183} INFO - Processing /opt/airflow/dags/ml_models.py took 0.262 seconds
[2025-12-30T17:34:10.757+0000] {processor.py:161} INFO - Started process (PID=7061) to work on /opt/airflow/dags/ml_models.py
[2025-12-30T17:34:10.760+0000] {processor.py:830} INFO - Processing file /opt/airflow/dags/ml_models.py for tasks to queue
[2025-12-30T17:34:10.763+0000] {logging_mixin.py:188} INFO - [2025-12-30T17:34:10.762+0000] {dagbag.py:538} INFO - Filling up the DagBag from /opt/airflow/dags/ml_models.py
[2025-12-30T17:34:10.855+0000] {processor.py:840} INFO - DAG(s) 'ml_models' retrieved from /opt/airflow/dags/ml_models.py
[2025-12-30T17:34:10.913+0000] {logging_mixin.py:188} INFO - [2025-12-30T17:34:10.912+0000] {dag.py:3036} INFO - Sync 1 DAGs
[2025-12-30T17:34:10.969+0000] {logging_mixin.py:188} INFO - [2025-12-30T17:34:10.968+0000] {dag.py:3823} INFO - Setting next_dagrun for ml_models to 2025-12-29 00:00:00+00:00, run_after=2025-12-30 00:00:00+00:00
[2025-12-30T17:34:11.005+0000] {processor.py:183} INFO - Processing /opt/airflow/dags/ml_models.py took 0.261 seconds
[2025-12-30T17:34:41.541+0000] {processor.py:161} INFO - Started process (PID=7081) to work on /opt/airflow/dags/ml_models.py
[2025-12-30T17:34:41.544+0000] {processor.py:830} INFO - Processing file /opt/airflow/dags/ml_models.py for tasks to queue
[2025-12-30T17:34:41.546+0000] {logging_mixin.py:188} INFO - [2025-12-30T17:34:41.545+0000] {dagbag.py:538} INFO - Filling up the DagBag from /opt/airflow/dags/ml_models.py
[2025-12-30T17:34:41.592+0000] {processor.py:840} INFO - DAG(s) 'ml_models' retrieved from /opt/airflow/dags/ml_models.py
[2025-12-30T17:34:41.644+0000] {logging_mixin.py:188} INFO - [2025-12-30T17:34:41.643+0000] {dag.py:3036} INFO - Sync 1 DAGs
[2025-12-30T17:34:41.701+0000] {logging_mixin.py:188} INFO - [2025-12-30T17:34:41.700+0000] {dag.py:3823} INFO - Setting next_dagrun for ml_models to 2025-12-29 00:00:00+00:00, run_after=2025-12-30 00:00:00+00:00
[2025-12-30T17:34:41.774+0000] {processor.py:183} INFO - Processing /opt/airflow/dags/ml_models.py took 0.242 seconds
[2025-12-30T17:35:12.524+0000] {processor.py:161} INFO - Started process (PID=7101) to work on /opt/airflow/dags/ml_models.py
[2025-12-30T17:35:12.527+0000] {processor.py:830} INFO - Processing file /opt/airflow/dags/ml_models.py for tasks to queue
[2025-12-30T17:35:12.529+0000] {logging_mixin.py:188} INFO - [2025-12-30T17:35:12.528+0000] {dagbag.py:538} INFO - Filling up the DagBag from /opt/airflow/dags/ml_models.py
[2025-12-30T17:35:12.573+0000] {processor.py:840} INFO - DAG(s) 'ml_models' retrieved from /opt/airflow/dags/ml_models.py
[2025-12-30T17:35:12.623+0000] {logging_mixin.py:188} INFO - [2025-12-30T17:35:12.623+0000] {dag.py:3036} INFO - Sync 1 DAGs
[2025-12-30T17:35:12.665+0000] {logging_mixin.py:188} INFO - [2025-12-30T17:35:12.665+0000] {dag.py:3823} INFO - Setting next_dagrun for ml_models to 2025-12-29 00:00:00+00:00, run_after=2025-12-30 00:00:00+00:00
[2025-12-30T17:35:12.722+0000] {processor.py:183} INFO - Processing /opt/airflow/dags/ml_models.py took 0.210 seconds
[2025-12-30T17:35:43.267+0000] {processor.py:161} INFO - Started process (PID=7121) to work on /opt/airflow/dags/ml_models.py
[2025-12-30T17:35:43.270+0000] {processor.py:830} INFO - Processing file /opt/airflow/dags/ml_models.py for tasks to queue
[2025-12-30T17:35:43.273+0000] {logging_mixin.py:188} INFO - [2025-12-30T17:35:43.272+0000] {dagbag.py:538} INFO - Filling up the DagBag from /opt/airflow/dags/ml_models.py
[2025-12-30T17:35:43.343+0000] {processor.py:840} INFO - DAG(s) 'ml_models' retrieved from /opt/airflow/dags/ml_models.py
[2025-12-30T17:35:43.387+0000] {logging_mixin.py:188} INFO - [2025-12-30T17:35:43.386+0000] {dag.py:3036} INFO - Sync 1 DAGs
[2025-12-30T17:35:43.424+0000] {logging_mixin.py:188} INFO - [2025-12-30T17:35:43.423+0000] {dag.py:3823} INFO - Setting next_dagrun for ml_models to 2025-12-29 00:00:00+00:00, run_after=2025-12-30 00:00:00+00:00
[2025-12-30T17:35:43.460+0000] {processor.py:183} INFO - Processing /opt/airflow/dags/ml_models.py took 0.201 seconds
[2025-12-30T17:36:13.966+0000] {processor.py:161} INFO - Started process (PID=7141) to work on /opt/airflow/dags/ml_models.py
[2025-12-30T17:36:13.970+0000] {processor.py:830} INFO - Processing file /opt/airflow/dags/ml_models.py for tasks to queue
[2025-12-30T17:36:13.972+0000] {logging_mixin.py:188} INFO - [2025-12-30T17:36:13.972+0000] {dagbag.py:538} INFO - Filling up the DagBag from /opt/airflow/dags/ml_models.py
[2025-12-30T17:36:14.154+0000] {processor.py:840} INFO - DAG(s) 'ml_models' retrieved from /opt/airflow/dags/ml_models.py
[2025-12-30T17:36:14.239+0000] {logging_mixin.py:188} INFO - [2025-12-30T17:36:14.238+0000] {dag.py:3036} INFO - Sync 1 DAGs
[2025-12-30T17:36:14.308+0000] {logging_mixin.py:188} INFO - [2025-12-30T17:36:14.307+0000] {dag.py:3823} INFO - Setting next_dagrun for ml_models to 2025-12-29 00:00:00+00:00, run_after=2025-12-30 00:00:00+00:00
[2025-12-30T17:36:14.385+0000] {processor.py:183} INFO - Processing /opt/airflow/dags/ml_models.py took 0.426 seconds
[2025-12-30T17:36:44.708+0000] {processor.py:161} INFO - Started process (PID=7161) to work on /opt/airflow/dags/ml_models.py
[2025-12-30T17:36:44.710+0000] {processor.py:830} INFO - Processing file /opt/airflow/dags/ml_models.py for tasks to queue
[2025-12-30T17:36:44.712+0000] {logging_mixin.py:188} INFO - [2025-12-30T17:36:44.711+0000] {dagbag.py:538} INFO - Filling up the DagBag from /opt/airflow/dags/ml_models.py
[2025-12-30T17:36:44.785+0000] {processor.py:840} INFO - DAG(s) 'ml_models' retrieved from /opt/airflow/dags/ml_models.py
[2025-12-30T17:36:44.836+0000] {logging_mixin.py:188} INFO - [2025-12-30T17:36:44.836+0000] {dag.py:3036} INFO - Sync 1 DAGs
[2025-12-30T17:36:44.881+0000] {logging_mixin.py:188} INFO - [2025-12-30T17:36:44.880+0000] {dag.py:3823} INFO - Setting next_dagrun for ml_models to 2025-12-29 00:00:00+00:00, run_after=2025-12-30 00:00:00+00:00
[2025-12-30T17:36:44.917+0000] {processor.py:183} INFO - Processing /opt/airflow/dags/ml_models.py took 0.216 seconds
[2025-12-30T17:37:15.496+0000] {processor.py:161} INFO - Started process (PID=7181) to work on /opt/airflow/dags/ml_models.py
[2025-12-30T17:37:15.498+0000] {processor.py:830} INFO - Processing file /opt/airflow/dags/ml_models.py for tasks to queue
[2025-12-30T17:37:15.501+0000] {logging_mixin.py:188} INFO - [2025-12-30T17:37:15.501+0000] {dagbag.py:538} INFO - Filling up the DagBag from /opt/airflow/dags/ml_models.py
[2025-12-30T17:37:15.544+0000] {processor.py:840} INFO - DAG(s) 'ml_models' retrieved from /opt/airflow/dags/ml_models.py
[2025-12-30T17:37:15.599+0000] {logging_mixin.py:188} INFO - [2025-12-30T17:37:15.599+0000] {dag.py:3036} INFO - Sync 1 DAGs
[2025-12-30T17:37:15.647+0000] {logging_mixin.py:188} INFO - [2025-12-30T17:37:15.646+0000] {dag.py:3823} INFO - Setting next_dagrun for ml_models to 2025-12-29 00:00:00+00:00, run_after=2025-12-30 00:00:00+00:00
[2025-12-30T17:37:15.688+0000] {processor.py:183} INFO - Processing /opt/airflow/dags/ml_models.py took 0.198 seconds
[2025-12-30T17:37:46.244+0000] {processor.py:161} INFO - Started process (PID=7201) to work on /opt/airflow/dags/ml_models.py
[2025-12-30T17:37:46.246+0000] {processor.py:830} INFO - Processing file /opt/airflow/dags/ml_models.py for tasks to queue
[2025-12-30T17:37:46.248+0000] {logging_mixin.py:188} INFO - [2025-12-30T17:37:46.248+0000] {dagbag.py:538} INFO - Filling up the DagBag from /opt/airflow/dags/ml_models.py
[2025-12-30T17:37:46.324+0000] {processor.py:840} INFO - DAG(s) 'ml_models' retrieved from /opt/airflow/dags/ml_models.py
[2025-12-30T17:37:46.382+0000] {logging_mixin.py:188} INFO - [2025-12-30T17:37:46.381+0000] {dag.py:3036} INFO - Sync 1 DAGs
[2025-12-30T17:37:46.430+0000] {logging_mixin.py:188} INFO - [2025-12-30T17:37:46.430+0000] {dag.py:3823} INFO - Setting next_dagrun for ml_models to 2025-12-29 00:00:00+00:00, run_after=2025-12-30 00:00:00+00:00
[2025-12-30T17:37:46.471+0000] {processor.py:183} INFO - Processing /opt/airflow/dags/ml_models.py took 0.236 seconds
[2025-12-30T17:38:17.015+0000] {processor.py:161} INFO - Started process (PID=7221) to work on /opt/airflow/dags/ml_models.py
[2025-12-30T17:38:17.017+0000] {processor.py:830} INFO - Processing file /opt/airflow/dags/ml_models.py for tasks to queue
[2025-12-30T17:38:17.019+0000] {logging_mixin.py:188} INFO - [2025-12-30T17:38:17.019+0000] {dagbag.py:538} INFO - Filling up the DagBag from /opt/airflow/dags/ml_models.py
[2025-12-30T17:38:17.063+0000] {processor.py:840} INFO - DAG(s) 'ml_models' retrieved from /opt/airflow/dags/ml_models.py
[2025-12-30T17:38:17.116+0000] {logging_mixin.py:188} INFO - [2025-12-30T17:38:17.115+0000] {dag.py:3036} INFO - Sync 1 DAGs
[2025-12-30T17:38:17.168+0000] {logging_mixin.py:188} INFO - [2025-12-30T17:38:17.168+0000] {dag.py:3823} INFO - Setting next_dagrun for ml_models to 2025-12-29 00:00:00+00:00, run_after=2025-12-30 00:00:00+00:00
[2025-12-30T17:38:17.230+0000] {processor.py:183} INFO - Processing /opt/airflow/dags/ml_models.py took 0.222 seconds
[2025-12-30T17:38:47.759+0000] {processor.py:161} INFO - Started process (PID=7241) to work on /opt/airflow/dags/ml_models.py
[2025-12-30T17:38:47.761+0000] {processor.py:830} INFO - Processing file /opt/airflow/dags/ml_models.py for tasks to queue
[2025-12-30T17:38:47.763+0000] {logging_mixin.py:188} INFO - [2025-12-30T17:38:47.763+0000] {dagbag.py:538} INFO - Filling up the DagBag from /opt/airflow/dags/ml_models.py
[2025-12-30T17:38:47.802+0000] {processor.py:840} INFO - DAG(s) 'ml_models' retrieved from /opt/airflow/dags/ml_models.py
[2025-12-30T17:38:47.850+0000] {logging_mixin.py:188} INFO - [2025-12-30T17:38:47.849+0000] {dag.py:3036} INFO - Sync 1 DAGs
[2025-12-30T17:38:47.892+0000] {logging_mixin.py:188} INFO - [2025-12-30T17:38:47.891+0000] {dag.py:3823} INFO - Setting next_dagrun for ml_models to 2025-12-29 00:00:00+00:00, run_after=2025-12-30 00:00:00+00:00
[2025-12-30T17:38:47.965+0000] {processor.py:183} INFO - Processing /opt/airflow/dags/ml_models.py took 0.214 seconds
[2025-12-30T17:39:18.527+0000] {processor.py:161} INFO - Started process (PID=7261) to work on /opt/airflow/dags/ml_models.py
[2025-12-30T17:39:18.529+0000] {processor.py:830} INFO - Processing file /opt/airflow/dags/ml_models.py for tasks to queue
[2025-12-30T17:39:18.531+0000] {logging_mixin.py:188} INFO - [2025-12-30T17:39:18.531+0000] {dagbag.py:538} INFO - Filling up the DagBag from /opt/airflow/dags/ml_models.py
[2025-12-30T17:39:18.574+0000] {processor.py:840} INFO - DAG(s) 'ml_models' retrieved from /opt/airflow/dags/ml_models.py
[2025-12-30T17:39:18.626+0000] {logging_mixin.py:188} INFO - [2025-12-30T17:39:18.625+0000] {dag.py:3036} INFO - Sync 1 DAGs
[2025-12-30T17:39:18.669+0000] {logging_mixin.py:188} INFO - [2025-12-30T17:39:18.669+0000] {dag.py:3823} INFO - Setting next_dagrun for ml_models to 2025-12-29 00:00:00+00:00, run_after=2025-12-30 00:00:00+00:00
[2025-12-30T17:39:18.747+0000] {processor.py:183} INFO - Processing /opt/airflow/dags/ml_models.py took 0.227 seconds
[2025-12-30T17:39:49.338+0000] {processor.py:161} INFO - Started process (PID=7281) to work on /opt/airflow/dags/ml_models.py
[2025-12-30T17:39:49.342+0000] {processor.py:830} INFO - Processing file /opt/airflow/dags/ml_models.py for tasks to queue
[2025-12-30T17:39:49.344+0000] {logging_mixin.py:188} INFO - [2025-12-30T17:39:49.344+0000] {dagbag.py:538} INFO - Filling up the DagBag from /opt/airflow/dags/ml_models.py
[2025-12-30T17:39:49.428+0000] {processor.py:840} INFO - DAG(s) 'ml_models' retrieved from /opt/airflow/dags/ml_models.py
[2025-12-30T17:39:49.486+0000] {logging_mixin.py:188} INFO - [2025-12-30T17:39:49.485+0000] {dag.py:3036} INFO - Sync 1 DAGs
[2025-12-30T17:39:49.534+0000] {logging_mixin.py:188} INFO - [2025-12-30T17:39:49.534+0000] {dag.py:3823} INFO - Setting next_dagrun for ml_models to 2025-12-29 00:00:00+00:00, run_after=2025-12-30 00:00:00+00:00
[2025-12-30T17:39:49.577+0000] {processor.py:183} INFO - Processing /opt/airflow/dags/ml_models.py took 0.246 seconds
[2025-12-30T17:40:20.278+0000] {processor.py:161} INFO - Started process (PID=7301) to work on /opt/airflow/dags/ml_models.py
[2025-12-30T17:40:20.281+0000] {processor.py:830} INFO - Processing file /opt/airflow/dags/ml_models.py for tasks to queue
[2025-12-30T17:40:20.282+0000] {logging_mixin.py:188} INFO - [2025-12-30T17:40:20.282+0000] {dagbag.py:538} INFO - Filling up the DagBag from /opt/airflow/dags/ml_models.py
[2025-12-30T17:40:20.336+0000] {processor.py:840} INFO - DAG(s) 'ml_models' retrieved from /opt/airflow/dags/ml_models.py
[2025-12-30T17:40:20.391+0000] {logging_mixin.py:188} INFO - [2025-12-30T17:40:20.390+0000] {dag.py:3036} INFO - Sync 1 DAGs
[2025-12-30T17:40:20.441+0000] {logging_mixin.py:188} INFO - [2025-12-30T17:40:20.440+0000] {dag.py:3823} INFO - Setting next_dagrun for ml_models to 2025-12-29 00:00:00+00:00, run_after=2025-12-30 00:00:00+00:00
[2025-12-30T17:40:20.482+0000] {processor.py:183} INFO - Processing /opt/airflow/dags/ml_models.py took 0.212 seconds
[2025-12-30T17:40:51.056+0000] {processor.py:161} INFO - Started process (PID=7321) to work on /opt/airflow/dags/ml_models.py
[2025-12-30T17:40:51.059+0000] {processor.py:830} INFO - Processing file /opt/airflow/dags/ml_models.py for tasks to queue
[2025-12-30T17:40:51.061+0000] {logging_mixin.py:188} INFO - [2025-12-30T17:40:51.060+0000] {dagbag.py:538} INFO - Filling up the DagBag from /opt/airflow/dags/ml_models.py
[2025-12-30T17:40:51.137+0000] {processor.py:840} INFO - DAG(s) 'ml_models' retrieved from /opt/airflow/dags/ml_models.py
[2025-12-30T17:40:51.197+0000] {logging_mixin.py:188} INFO - [2025-12-30T17:40:51.196+0000] {dag.py:3036} INFO - Sync 1 DAGs
[2025-12-30T17:40:51.249+0000] {logging_mixin.py:188} INFO - [2025-12-30T17:40:51.248+0000] {dag.py:3823} INFO - Setting next_dagrun for ml_models to 2025-12-29 00:00:00+00:00, run_after=2025-12-30 00:00:00+00:00
[2025-12-30T17:40:51.295+0000] {processor.py:183} INFO - Processing /opt/airflow/dags/ml_models.py took 0.248 seconds
[2025-12-30T17:41:21.917+0000] {processor.py:161} INFO - Started process (PID=7341) to work on /opt/airflow/dags/ml_models.py
[2025-12-30T17:41:21.919+0000] {processor.py:830} INFO - Processing file /opt/airflow/dags/ml_models.py for tasks to queue
[2025-12-30T17:41:21.921+0000] {logging_mixin.py:188} INFO - [2025-12-30T17:41:21.921+0000] {dagbag.py:538} INFO - Filling up the DagBag from /opt/airflow/dags/ml_models.py
[2025-12-30T17:41:21.964+0000] {processor.py:840} INFO - DAG(s) 'ml_models' retrieved from /opt/airflow/dags/ml_models.py
[2025-12-30T17:41:22.015+0000] {logging_mixin.py:188} INFO - [2025-12-30T17:41:22.014+0000] {dag.py:3036} INFO - Sync 1 DAGs
[2025-12-30T17:41:22.064+0000] {logging_mixin.py:188} INFO - [2025-12-30T17:41:22.063+0000] {dag.py:3823} INFO - Setting next_dagrun for ml_models to 2025-12-29 00:00:00+00:00, run_after=2025-12-30 00:00:00+00:00
[2025-12-30T17:41:22.143+0000] {processor.py:183} INFO - Processing /opt/airflow/dags/ml_models.py took 0.235 seconds
[2025-12-30T17:41:52.692+0000] {processor.py:161} INFO - Started process (PID=7361) to work on /opt/airflow/dags/ml_models.py
[2025-12-30T17:41:52.695+0000] {processor.py:830} INFO - Processing file /opt/airflow/dags/ml_models.py for tasks to queue
[2025-12-30T17:41:52.697+0000] {logging_mixin.py:188} INFO - [2025-12-30T17:41:52.697+0000] {dagbag.py:538} INFO - Filling up the DagBag from /opt/airflow/dags/ml_models.py
[2025-12-30T17:41:52.776+0000] {processor.py:840} INFO - DAG(s) 'ml_models' retrieved from /opt/airflow/dags/ml_models.py
[2025-12-30T17:41:52.836+0000] {logging_mixin.py:188} INFO - [2025-12-30T17:41:52.835+0000] {dag.py:3036} INFO - Sync 1 DAGs
[2025-12-30T17:41:52.885+0000] {logging_mixin.py:188} INFO - [2025-12-30T17:41:52.885+0000] {dag.py:3823} INFO - Setting next_dagrun for ml_models to 2025-12-29 00:00:00+00:00, run_after=2025-12-30 00:00:00+00:00
[2025-12-30T17:41:52.928+0000] {processor.py:183} INFO - Processing /opt/airflow/dags/ml_models.py took 0.244 seconds
[2025-12-30T17:42:23.519+0000] {processor.py:161} INFO - Started process (PID=7381) to work on /opt/airflow/dags/ml_models.py
[2025-12-30T17:42:23.521+0000] {processor.py:830} INFO - Processing file /opt/airflow/dags/ml_models.py for tasks to queue
[2025-12-30T17:42:23.523+0000] {logging_mixin.py:188} INFO - [2025-12-30T17:42:23.522+0000] {dagbag.py:538} INFO - Filling up the DagBag from /opt/airflow/dags/ml_models.py
[2025-12-30T17:42:23.567+0000] {processor.py:840} INFO - DAG(s) 'ml_models' retrieved from /opt/airflow/dags/ml_models.py
[2025-12-30T17:42:23.622+0000] {logging_mixin.py:188} INFO - [2025-12-30T17:42:23.621+0000] {dag.py:3036} INFO - Sync 1 DAGs
[2025-12-30T17:42:23.672+0000] {logging_mixin.py:188} INFO - [2025-12-30T17:42:23.672+0000] {dag.py:3823} INFO - Setting next_dagrun for ml_models to 2025-12-29 00:00:00+00:00, run_after=2025-12-30 00:00:00+00:00
[2025-12-30T17:42:23.753+0000] {processor.py:183} INFO - Processing /opt/airflow/dags/ml_models.py took 0.241 seconds
[2025-12-30T17:42:54.241+0000] {processor.py:161} INFO - Started process (PID=7401) to work on /opt/airflow/dags/ml_models.py
[2025-12-30T17:42:54.243+0000] {processor.py:830} INFO - Processing file /opt/airflow/dags/ml_models.py for tasks to queue
[2025-12-30T17:42:54.245+0000] {logging_mixin.py:188} INFO - [2025-12-30T17:42:54.245+0000] {dagbag.py:538} INFO - Filling up the DagBag from /opt/airflow/dags/ml_models.py
[2025-12-30T17:42:54.310+0000] {processor.py:840} INFO - DAG(s) 'ml_models' retrieved from /opt/airflow/dags/ml_models.py
[2025-12-30T17:42:54.363+0000] {logging_mixin.py:188} INFO - [2025-12-30T17:42:54.362+0000] {dag.py:3036} INFO - Sync 1 DAGs
[2025-12-30T17:42:54.406+0000] {logging_mixin.py:188} INFO - [2025-12-30T17:42:54.406+0000] {dag.py:3823} INFO - Setting next_dagrun for ml_models to 2025-12-29 00:00:00+00:00, run_after=2025-12-30 00:00:00+00:00
[2025-12-30T17:42:54.439+0000] {processor.py:183} INFO - Processing /opt/airflow/dags/ml_models.py took 0.204 seconds
[2025-12-30T17:43:25.055+0000] {processor.py:161} INFO - Started process (PID=7421) to work on /opt/airflow/dags/ml_models.py
[2025-12-30T17:43:25.057+0000] {processor.py:830} INFO - Processing file /opt/airflow/dags/ml_models.py for tasks to queue
[2025-12-30T17:43:25.059+0000] {logging_mixin.py:188} INFO - [2025-12-30T17:43:25.059+0000] {dagbag.py:538} INFO - Filling up the DagBag from /opt/airflow/dags/ml_models.py
[2025-12-30T17:43:25.108+0000] {processor.py:840} INFO - DAG(s) 'ml_models' retrieved from /opt/airflow/dags/ml_models.py
[2025-12-30T17:43:25.161+0000] {logging_mixin.py:188} INFO - [2025-12-30T17:43:25.160+0000] {dag.py:3036} INFO - Sync 1 DAGs
[2025-12-30T17:43:25.217+0000] {logging_mixin.py:188} INFO - [2025-12-30T17:43:25.217+0000] {dag.py:3823} INFO - Setting next_dagrun for ml_models to 2025-12-29 00:00:00+00:00, run_after=2025-12-30 00:00:00+00:00
[2025-12-30T17:43:25.295+0000] {processor.py:183} INFO - Processing /opt/airflow/dags/ml_models.py took 0.248 seconds
[2025-12-30T17:43:55.866+0000] {processor.py:161} INFO - Started process (PID=7441) to work on /opt/airflow/dags/ml_models.py
[2025-12-30T17:43:55.869+0000] {processor.py:830} INFO - Processing file /opt/airflow/dags/ml_models.py for tasks to queue
[2025-12-30T17:43:55.871+0000] {logging_mixin.py:188} INFO - [2025-12-30T17:43:55.871+0000] {dagbag.py:538} INFO - Filling up the DagBag from /opt/airflow/dags/ml_models.py
[2025-12-30T17:43:55.913+0000] {processor.py:840} INFO - DAG(s) 'ml_models' retrieved from /opt/airflow/dags/ml_models.py
[2025-12-30T17:43:55.975+0000] {logging_mixin.py:188} INFO - [2025-12-30T17:43:55.974+0000] {dag.py:3036} INFO - Sync 1 DAGs
[2025-12-30T17:43:56.020+0000] {logging_mixin.py:188} INFO - [2025-12-30T17:43:56.019+0000] {dag.py:3823} INFO - Setting next_dagrun for ml_models to 2025-12-29 00:00:00+00:00, run_after=2025-12-30 00:00:00+00:00
[2025-12-30T17:43:56.085+0000] {processor.py:183} INFO - Processing /opt/airflow/dags/ml_models.py took 0.226 seconds
[2025-12-30T17:44:26.642+0000] {processor.py:161} INFO - Started process (PID=7461) to work on /opt/airflow/dags/ml_models.py
[2025-12-30T17:44:26.647+0000] {processor.py:830} INFO - Processing file /opt/airflow/dags/ml_models.py for tasks to queue
[2025-12-30T17:44:26.650+0000] {logging_mixin.py:188} INFO - [2025-12-30T17:44:26.649+0000] {dagbag.py:538} INFO - Filling up the DagBag from /opt/airflow/dags/ml_models.py
[2025-12-30T17:44:26.687+0000] {processor.py:840} INFO - DAG(s) 'ml_models' retrieved from /opt/airflow/dags/ml_models.py
[2025-12-30T17:44:26.741+0000] {logging_mixin.py:188} INFO - [2025-12-30T17:44:26.740+0000] {dag.py:3036} INFO - Sync 1 DAGs
[2025-12-30T17:44:26.788+0000] {logging_mixin.py:188} INFO - [2025-12-30T17:44:26.787+0000] {dag.py:3823} INFO - Setting next_dagrun for ml_models to 2025-12-29 00:00:00+00:00, run_after=2025-12-30 00:00:00+00:00
[2025-12-30T17:44:26.866+0000] {processor.py:183} INFO - Processing /opt/airflow/dags/ml_models.py took 0.232 seconds
[2025-12-30T17:44:57.623+0000] {processor.py:161} INFO - Started process (PID=7481) to work on /opt/airflow/dags/ml_models.py
[2025-12-30T17:44:57.628+0000] {processor.py:830} INFO - Processing file /opt/airflow/dags/ml_models.py for tasks to queue
[2025-12-30T17:44:57.631+0000] {logging_mixin.py:188} INFO - [2025-12-30T17:44:57.630+0000] {dagbag.py:538} INFO - Filling up the DagBag from /opt/airflow/dags/ml_models.py
[2025-12-30T17:44:57.682+0000] {processor.py:840} INFO - DAG(s) 'ml_models' retrieved from /opt/airflow/dags/ml_models.py
[2025-12-30T17:44:57.749+0000] {logging_mixin.py:188} INFO - [2025-12-30T17:44:57.749+0000] {dag.py:3036} INFO - Sync 1 DAGs
[2025-12-30T17:44:57.797+0000] {logging_mixin.py:188} INFO - [2025-12-30T17:44:57.796+0000] {dag.py:3823} INFO - Setting next_dagrun for ml_models to 2025-12-29 00:00:00+00:00, run_after=2025-12-30 00:00:00+00:00
[2025-12-30T17:44:57.838+0000] {processor.py:183} INFO - Processing /opt/airflow/dags/ml_models.py took 0.224 seconds
[2025-12-30T17:45:28.407+0000] {processor.py:161} INFO - Started process (PID=7501) to work on /opt/airflow/dags/ml_models.py
[2025-12-30T17:45:28.413+0000] {processor.py:830} INFO - Processing file /opt/airflow/dags/ml_models.py for tasks to queue
[2025-12-30T17:45:28.416+0000] {logging_mixin.py:188} INFO - [2025-12-30T17:45:28.415+0000] {dagbag.py:538} INFO - Filling up the DagBag from /opt/airflow/dags/ml_models.py
[2025-12-30T17:45:28.458+0000] {processor.py:840} INFO - DAG(s) 'ml_models' retrieved from /opt/airflow/dags/ml_models.py
[2025-12-30T17:45:28.514+0000] {logging_mixin.py:188} INFO - [2025-12-30T17:45:28.514+0000] {dag.py:3036} INFO - Sync 1 DAGs
[2025-12-30T17:45:28.564+0000] {logging_mixin.py:188} INFO - [2025-12-30T17:45:28.563+0000] {dag.py:3823} INFO - Setting next_dagrun for ml_models to 2025-12-29 00:00:00+00:00, run_after=2025-12-30 00:00:00+00:00
[2025-12-30T17:45:28.634+0000] {processor.py:183} INFO - Processing /opt/airflow/dags/ml_models.py took 0.234 seconds
[2025-12-30T17:45:59.343+0000] {processor.py:161} INFO - Started process (PID=7521) to work on /opt/airflow/dags/ml_models.py
[2025-12-30T17:45:59.346+0000] {processor.py:830} INFO - Processing file /opt/airflow/dags/ml_models.py for tasks to queue
[2025-12-30T17:45:59.349+0000] {logging_mixin.py:188} INFO - [2025-12-30T17:45:59.348+0000] {dagbag.py:538} INFO - Filling up the DagBag from /opt/airflow/dags/ml_models.py
[2025-12-30T17:45:59.432+0000] {processor.py:840} INFO - DAG(s) 'ml_models' retrieved from /opt/airflow/dags/ml_models.py
[2025-12-30T17:45:59.492+0000] {logging_mixin.py:188} INFO - [2025-12-30T17:45:59.491+0000] {dag.py:3036} INFO - Sync 1 DAGs
[2025-12-30T17:45:59.541+0000] {logging_mixin.py:188} INFO - [2025-12-30T17:45:59.541+0000] {dag.py:3823} INFO - Setting next_dagrun for ml_models to 2025-12-29 00:00:00+00:00, run_after=2025-12-30 00:00:00+00:00
[2025-12-30T17:45:59.586+0000] {processor.py:183} INFO - Processing /opt/airflow/dags/ml_models.py took 0.250 seconds
[2025-12-30T17:46:30.185+0000] {processor.py:161} INFO - Started process (PID=7541) to work on /opt/airflow/dags/ml_models.py
[2025-12-30T17:46:30.188+0000] {processor.py:830} INFO - Processing file /opt/airflow/dags/ml_models.py for tasks to queue
[2025-12-30T17:46:30.190+0000] {logging_mixin.py:188} INFO - [2025-12-30T17:46:30.189+0000] {dagbag.py:538} INFO - Filling up the DagBag from /opt/airflow/dags/ml_models.py
[2025-12-30T17:46:30.250+0000] {processor.py:840} INFO - DAG(s) 'ml_models' retrieved from /opt/airflow/dags/ml_models.py
[2025-12-30T17:46:30.337+0000] {logging_mixin.py:188} INFO - [2025-12-30T17:46:30.336+0000] {dag.py:3036} INFO - Sync 1 DAGs
[2025-12-30T17:46:30.388+0000] {logging_mixin.py:188} INFO - [2025-12-30T17:46:30.388+0000] {dag.py:3823} INFO - Setting next_dagrun for ml_models to 2025-12-29 00:00:00+00:00, run_after=2025-12-30 00:00:00+00:00
[2025-12-30T17:46:30.470+0000] {processor.py:183} INFO - Processing /opt/airflow/dags/ml_models.py took 0.294 seconds
[2025-12-30T17:47:00.986+0000] {processor.py:161} INFO - Started process (PID=7561) to work on /opt/airflow/dags/ml_models.py
[2025-12-30T17:47:00.988+0000] {processor.py:830} INFO - Processing file /opt/airflow/dags/ml_models.py for tasks to queue
[2025-12-30T17:47:00.990+0000] {logging_mixin.py:188} INFO - [2025-12-30T17:47:00.989+0000] {dagbag.py:538} INFO - Filling up the DagBag from /opt/airflow/dags/ml_models.py
[2025-12-30T17:47:01.040+0000] {processor.py:840} INFO - DAG(s) 'ml_models' retrieved from /opt/airflow/dags/ml_models.py
[2025-12-30T17:47:01.107+0000] {logging_mixin.py:188} INFO - [2025-12-30T17:47:01.107+0000] {dag.py:3036} INFO - Sync 1 DAGs
[2025-12-30T17:47:01.158+0000] {logging_mixin.py:188} INFO - [2025-12-30T17:47:01.158+0000] {dag.py:3823} INFO - Setting next_dagrun for ml_models to 2025-12-29 00:00:00+00:00, run_after=2025-12-30 00:00:00+00:00
[2025-12-30T17:47:01.205+0000] {processor.py:183} INFO - Processing /opt/airflow/dags/ml_models.py took 0.227 seconds
[2025-12-30T17:47:32.029+0000] {processor.py:161} INFO - Started process (PID=7581) to work on /opt/airflow/dags/ml_models.py
[2025-12-30T17:47:32.033+0000] {processor.py:830} INFO - Processing file /opt/airflow/dags/ml_models.py for tasks to queue
[2025-12-30T17:47:32.034+0000] {logging_mixin.py:188} INFO - [2025-12-30T17:47:32.034+0000] {dagbag.py:538} INFO - Filling up the DagBag from /opt/airflow/dags/ml_models.py
[2025-12-30T17:47:32.081+0000] {processor.py:840} INFO - DAG(s) 'ml_models' retrieved from /opt/airflow/dags/ml_models.py
[2025-12-30T17:47:32.140+0000] {logging_mixin.py:188} INFO - [2025-12-30T17:47:32.140+0000] {dag.py:3036} INFO - Sync 1 DAGs
[2025-12-30T17:47:32.196+0000] {logging_mixin.py:188} INFO - [2025-12-30T17:47:32.196+0000] {dag.py:3823} INFO - Setting next_dagrun for ml_models to 2025-12-29 00:00:00+00:00, run_after=2025-12-30 00:00:00+00:00
[2025-12-30T17:47:32.273+0000] {processor.py:183} INFO - Processing /opt/airflow/dags/ml_models.py took 0.254 seconds
[2025-12-30T17:48:02.861+0000] {processor.py:161} INFO - Started process (PID=7601) to work on /opt/airflow/dags/ml_models.py
[2025-12-30T17:48:02.865+0000] {processor.py:830} INFO - Processing file /opt/airflow/dags/ml_models.py for tasks to queue
[2025-12-30T17:48:02.867+0000] {logging_mixin.py:188} INFO - [2025-12-30T17:48:02.867+0000] {dagbag.py:538} INFO - Filling up the DagBag from /opt/airflow/dags/ml_models.py
[2025-12-30T17:48:02.916+0000] {processor.py:840} INFO - DAG(s) 'ml_models' retrieved from /opt/airflow/dags/ml_models.py
[2025-12-30T17:48:02.977+0000] {logging_mixin.py:188} INFO - [2025-12-30T17:48:02.976+0000] {dag.py:3036} INFO - Sync 1 DAGs
[2025-12-30T17:48:03.032+0000] {logging_mixin.py:188} INFO - [2025-12-30T17:48:03.032+0000] {dag.py:3823} INFO - Setting next_dagrun for ml_models to 2025-12-29 00:00:00+00:00, run_after=2025-12-30 00:00:00+00:00
[2025-12-30T17:48:03.076+0000] {processor.py:183} INFO - Processing /opt/airflow/dags/ml_models.py took 0.223 seconds
[2025-12-30T17:48:33.916+0000] {processor.py:161} INFO - Started process (PID=7621) to work on /opt/airflow/dags/ml_models.py
[2025-12-30T17:48:33.919+0000] {processor.py:830} INFO - Processing file /opt/airflow/dags/ml_models.py for tasks to queue
[2025-12-30T17:48:33.920+0000] {logging_mixin.py:188} INFO - [2025-12-30T17:48:33.920+0000] {dagbag.py:538} INFO - Filling up the DagBag from /opt/airflow/dags/ml_models.py
[2025-12-30T17:48:33.960+0000] {processor.py:840} INFO - DAG(s) 'ml_models' retrieved from /opt/airflow/dags/ml_models.py
[2025-12-30T17:48:34.018+0000] {logging_mixin.py:188} INFO - [2025-12-30T17:48:34.018+0000] {dag.py:3036} INFO - Sync 1 DAGs
[2025-12-30T17:48:34.073+0000] {logging_mixin.py:188} INFO - [2025-12-30T17:48:34.072+0000] {dag.py:3823} INFO - Setting next_dagrun for ml_models to 2025-12-29 00:00:00+00:00, run_after=2025-12-30 00:00:00+00:00
[2025-12-30T17:48:34.112+0000] {processor.py:183} INFO - Processing /opt/airflow/dags/ml_models.py took 0.208 seconds
[2025-12-30T17:49:04.887+0000] {processor.py:161} INFO - Started process (PID=7641) to work on /opt/airflow/dags/ml_models.py
[2025-12-30T17:49:04.889+0000] {processor.py:830} INFO - Processing file /opt/airflow/dags/ml_models.py for tasks to queue
[2025-12-30T17:49:04.891+0000] {logging_mixin.py:188} INFO - [2025-12-30T17:49:04.891+0000] {dagbag.py:538} INFO - Filling up the DagBag from /opt/airflow/dags/ml_models.py
[2025-12-30T17:49:04.970+0000] {processor.py:840} INFO - DAG(s) 'ml_models' retrieved from /opt/airflow/dags/ml_models.py
[2025-12-30T17:49:05.032+0000] {logging_mixin.py:188} INFO - [2025-12-30T17:49:05.031+0000] {dag.py:3036} INFO - Sync 1 DAGs
[2025-12-30T17:49:05.077+0000] {logging_mixin.py:188} INFO - [2025-12-30T17:49:05.077+0000] {dag.py:3823} INFO - Setting next_dagrun for ml_models to 2025-12-29 00:00:00+00:00, run_after=2025-12-30 00:00:00+00:00
[2025-12-30T17:49:05.121+0000] {processor.py:183} INFO - Processing /opt/airflow/dags/ml_models.py took 0.243 seconds
[2025-12-30T17:49:35.707+0000] {processor.py:161} INFO - Started process (PID=7661) to work on /opt/airflow/dags/ml_models.py
[2025-12-30T17:49:35.709+0000] {processor.py:830} INFO - Processing file /opt/airflow/dags/ml_models.py for tasks to queue
[2025-12-30T17:49:35.711+0000] {logging_mixin.py:188} INFO - [2025-12-30T17:49:35.711+0000] {dagbag.py:538} INFO - Filling up the DagBag from /opt/airflow/dags/ml_models.py
[2025-12-30T17:49:35.761+0000] {processor.py:840} INFO - DAG(s) 'ml_models' retrieved from /opt/airflow/dags/ml_models.py
[2025-12-30T17:49:35.817+0000] {logging_mixin.py:188} INFO - [2025-12-30T17:49:35.816+0000] {dag.py:3036} INFO - Sync 1 DAGs
[2025-12-30T17:49:35.867+0000] {logging_mixin.py:188} INFO - [2025-12-30T17:49:35.866+0000] {dag.py:3823} INFO - Setting next_dagrun for ml_models to 2025-12-29 00:00:00+00:00, run_after=2025-12-30 00:00:00+00:00
[2025-12-30T17:49:35.912+0000] {processor.py:183} INFO - Processing /opt/airflow/dags/ml_models.py took 0.216 seconds
[2025-12-30T17:50:06.798+0000] {processor.py:161} INFO - Started process (PID=7681) to work on /opt/airflow/dags/ml_models.py
[2025-12-30T17:50:06.802+0000] {processor.py:830} INFO - Processing file /opt/airflow/dags/ml_models.py for tasks to queue
[2025-12-30T17:50:06.805+0000] {logging_mixin.py:188} INFO - [2025-12-30T17:50:06.804+0000] {dagbag.py:538} INFO - Filling up the DagBag from /opt/airflow/dags/ml_models.py
[2025-12-30T17:50:06.882+0000] {processor.py:840} INFO - DAG(s) 'ml_models' retrieved from /opt/airflow/dags/ml_models.py
[2025-12-30T17:50:06.940+0000] {logging_mixin.py:188} INFO - [2025-12-30T17:50:06.940+0000] {dag.py:3036} INFO - Sync 1 DAGs
[2025-12-30T17:50:06.991+0000] {logging_mixin.py:188} INFO - [2025-12-30T17:50:06.990+0000] {dag.py:3823} INFO - Setting next_dagrun for ml_models to 2025-12-29 00:00:00+00:00, run_after=2025-12-30 00:00:00+00:00
[2025-12-30T17:50:07.029+0000] {processor.py:183} INFO - Processing /opt/airflow/dags/ml_models.py took 0.244 seconds
[2025-12-30T17:50:37.577+0000] {processor.py:161} INFO - Started process (PID=7701) to work on /opt/airflow/dags/ml_models.py
[2025-12-30T17:50:37.579+0000] {processor.py:830} INFO - Processing file /opt/airflow/dags/ml_models.py for tasks to queue
[2025-12-30T17:50:37.581+0000] {logging_mixin.py:188} INFO - [2025-12-30T17:50:37.581+0000] {dagbag.py:538} INFO - Filling up the DagBag from /opt/airflow/dags/ml_models.py
[2025-12-30T17:50:37.623+0000] {processor.py:840} INFO - DAG(s) 'ml_models' retrieved from /opt/airflow/dags/ml_models.py
[2025-12-30T17:50:37.676+0000] {logging_mixin.py:188} INFO - [2025-12-30T17:50:37.675+0000] {dag.py:3036} INFO - Sync 1 DAGs
[2025-12-30T17:50:37.723+0000] {logging_mixin.py:188} INFO - [2025-12-30T17:50:37.722+0000] {dag.py:3823} INFO - Setting next_dagrun for ml_models to 2025-12-29 00:00:00+00:00, run_after=2025-12-30 00:00:00+00:00
[2025-12-30T17:50:37.802+0000] {processor.py:183} INFO - Processing /opt/airflow/dags/ml_models.py took 0.232 seconds
[2025-12-30T17:51:08.308+0000] {processor.py:161} INFO - Started process (PID=7721) to work on /opt/airflow/dags/ml_models.py
[2025-12-30T17:51:08.310+0000] {processor.py:830} INFO - Processing file /opt/airflow/dags/ml_models.py for tasks to queue
[2025-12-30T17:51:08.312+0000] {logging_mixin.py:188} INFO - [2025-12-30T17:51:08.312+0000] {dagbag.py:538} INFO - Filling up the DagBag from /opt/airflow/dags/ml_models.py
[2025-12-30T17:51:08.352+0000] {processor.py:840} INFO - DAG(s) 'ml_models' retrieved from /opt/airflow/dags/ml_models.py
[2025-12-30T17:51:08.407+0000] {logging_mixin.py:188} INFO - [2025-12-30T17:51:08.406+0000] {dag.py:3036} INFO - Sync 1 DAGs
[2025-12-30T17:51:08.459+0000] {logging_mixin.py:188} INFO - [2025-12-30T17:51:08.458+0000] {dag.py:3823} INFO - Setting next_dagrun for ml_models to 2025-12-29 00:00:00+00:00, run_after=2025-12-30 00:00:00+00:00
[2025-12-30T17:51:08.500+0000] {processor.py:183} INFO - Processing /opt/airflow/dags/ml_models.py took 0.198 seconds
[2025-12-30T17:51:39.304+0000] {processor.py:161} INFO - Started process (PID=7741) to work on /opt/airflow/dags/ml_models.py
[2025-12-30T17:51:39.306+0000] {processor.py:830} INFO - Processing file /opt/airflow/dags/ml_models.py for tasks to queue
[2025-12-30T17:51:39.308+0000] {logging_mixin.py:188} INFO - [2025-12-30T17:51:39.308+0000] {dagbag.py:538} INFO - Filling up the DagBag from /opt/airflow/dags/ml_models.py
[2025-12-30T17:51:39.357+0000] {processor.py:840} INFO - DAG(s) 'ml_models' retrieved from /opt/airflow/dags/ml_models.py
[2025-12-30T17:51:39.413+0000] {logging_mixin.py:188} INFO - [2025-12-30T17:51:39.413+0000] {dag.py:3036} INFO - Sync 1 DAGs
[2025-12-30T17:51:39.470+0000] {logging_mixin.py:188} INFO - [2025-12-30T17:51:39.470+0000] {dag.py:3823} INFO - Setting next_dagrun for ml_models to 2025-12-29 00:00:00+00:00, run_after=2025-12-30 00:00:00+00:00
[2025-12-30T17:51:39.547+0000] {processor.py:183} INFO - Processing /opt/airflow/dags/ml_models.py took 0.253 seconds
[2025-12-30T17:52:10.048+0000] {processor.py:161} INFO - Started process (PID=7761) to work on /opt/airflow/dags/ml_models.py
[2025-12-30T17:52:10.050+0000] {processor.py:830} INFO - Processing file /opt/airflow/dags/ml_models.py for tasks to queue
[2025-12-30T17:52:10.052+0000] {logging_mixin.py:188} INFO - [2025-12-30T17:52:10.051+0000] {dagbag.py:538} INFO - Filling up the DagBag from /opt/airflow/dags/ml_models.py
[2025-12-30T17:52:10.125+0000] {processor.py:840} INFO - DAG(s) 'ml_models' retrieved from /opt/airflow/dags/ml_models.py
[2025-12-30T17:52:10.175+0000] {logging_mixin.py:188} INFO - [2025-12-30T17:52:10.175+0000] {dag.py:3036} INFO - Sync 1 DAGs
[2025-12-30T17:52:10.221+0000] {logging_mixin.py:188} INFO - [2025-12-30T17:52:10.220+0000] {dag.py:3823} INFO - Setting next_dagrun for ml_models to 2025-12-29 00:00:00+00:00, run_after=2025-12-30 00:00:00+00:00
[2025-12-30T17:52:10.258+0000] {processor.py:183} INFO - Processing /opt/airflow/dags/ml_models.py took 0.216 seconds
[2025-12-30T17:52:40.879+0000] {processor.py:161} INFO - Started process (PID=7781) to work on /opt/airflow/dags/ml_models.py
[2025-12-30T17:52:40.882+0000] {processor.py:830} INFO - Processing file /opt/airflow/dags/ml_models.py for tasks to queue
[2025-12-30T17:52:40.886+0000] {logging_mixin.py:188} INFO - [2025-12-30T17:52:40.883+0000] {dagbag.py:538} INFO - Filling up the DagBag from /opt/airflow/dags/ml_models.py
[2025-12-30T17:52:40.926+0000] {processor.py:840} INFO - DAG(s) 'ml_models' retrieved from /opt/airflow/dags/ml_models.py
[2025-12-30T17:52:40.980+0000] {logging_mixin.py:188} INFO - [2025-12-30T17:52:40.979+0000] {dag.py:3036} INFO - Sync 1 DAGs
[2025-12-30T17:52:41.027+0000] {logging_mixin.py:188} INFO - [2025-12-30T17:52:41.026+0000] {dag.py:3823} INFO - Setting next_dagrun for ml_models to 2025-12-29 00:00:00+00:00, run_after=2025-12-30 00:00:00+00:00
[2025-12-30T17:52:41.061+0000] {processor.py:183} INFO - Processing /opt/airflow/dags/ml_models.py took 0.188 seconds
[2025-12-30T17:53:11.836+0000] {processor.py:161} INFO - Started process (PID=7801) to work on /opt/airflow/dags/ml_models.py
[2025-12-30T17:53:11.839+0000] {processor.py:830} INFO - Processing file /opt/airflow/dags/ml_models.py for tasks to queue
[2025-12-30T17:53:11.842+0000] {logging_mixin.py:188} INFO - [2025-12-30T17:53:11.841+0000] {dagbag.py:538} INFO - Filling up the DagBag from /opt/airflow/dags/ml_models.py
[2025-12-30T17:53:11.916+0000] {processor.py:840} INFO - DAG(s) 'ml_models' retrieved from /opt/airflow/dags/ml_models.py
[2025-12-30T17:53:11.966+0000] {logging_mixin.py:188} INFO - [2025-12-30T17:53:11.966+0000] {dag.py:3036} INFO - Sync 1 DAGs
[2025-12-30T17:53:12.010+0000] {logging_mixin.py:188} INFO - [2025-12-30T17:53:12.009+0000] {dag.py:3823} INFO - Setting next_dagrun for ml_models to 2025-12-29 00:00:00+00:00, run_after=2025-12-30 00:00:00+00:00
[2025-12-30T17:53:12.047+0000] {processor.py:183} INFO - Processing /opt/airflow/dags/ml_models.py took 0.217 seconds
[2025-12-30T17:53:42.648+0000] {processor.py:161} INFO - Started process (PID=7821) to work on /opt/airflow/dags/ml_models.py
[2025-12-30T17:53:42.652+0000] {processor.py:830} INFO - Processing file /opt/airflow/dags/ml_models.py for tasks to queue
[2025-12-30T17:53:42.655+0000] {logging_mixin.py:188} INFO - [2025-12-30T17:53:42.654+0000] {dagbag.py:538} INFO - Filling up the DagBag from /opt/airflow/dags/ml_models.py
[2025-12-30T17:53:42.703+0000] {processor.py:840} INFO - DAG(s) 'ml_models' retrieved from /opt/airflow/dags/ml_models.py
[2025-12-30T17:53:42.764+0000] {logging_mixin.py:188} INFO - [2025-12-30T17:53:42.764+0000] {dag.py:3036} INFO - Sync 1 DAGs
[2025-12-30T17:53:42.823+0000] {logging_mixin.py:188} INFO - [2025-12-30T17:53:42.823+0000] {dag.py:3823} INFO - Setting next_dagrun for ml_models to 2025-12-29 00:00:00+00:00, run_after=2025-12-30 00:00:00+00:00
[2025-12-30T17:53:42.863+0000] {processor.py:183} INFO - Processing /opt/airflow/dags/ml_models.py took 0.221 seconds
[2025-12-30T17:54:13.454+0000] {processor.py:161} INFO - Started process (PID=7841) to work on /opt/airflow/dags/ml_models.py
[2025-12-30T17:54:13.457+0000] {processor.py:830} INFO - Processing file /opt/airflow/dags/ml_models.py for tasks to queue
[2025-12-30T17:54:13.459+0000] {logging_mixin.py:188} INFO - [2025-12-30T17:54:13.458+0000] {dagbag.py:538} INFO - Filling up the DagBag from /opt/airflow/dags/ml_models.py
[2025-12-30T17:54:13.498+0000] {processor.py:840} INFO - DAG(s) 'ml_models' retrieved from /opt/airflow/dags/ml_models.py
[2025-12-30T17:54:13.544+0000] {logging_mixin.py:188} INFO - [2025-12-30T17:54:13.544+0000] {dag.py:3036} INFO - Sync 1 DAGs
[2025-12-30T17:54:13.585+0000] {logging_mixin.py:188} INFO - [2025-12-30T17:54:13.585+0000] {dag.py:3823} INFO - Setting next_dagrun for ml_models to 2025-12-29 00:00:00+00:00, run_after=2025-12-30 00:00:00+00:00
[2025-12-30T17:54:13.659+0000] {processor.py:183} INFO - Processing /opt/airflow/dags/ml_models.py took 0.211 seconds
[2025-12-30T17:54:44.248+0000] {processor.py:161} INFO - Started process (PID=7861) to work on /opt/airflow/dags/ml_models.py
[2025-12-30T17:54:44.253+0000] {processor.py:830} INFO - Processing file /opt/airflow/dags/ml_models.py for tasks to queue
[2025-12-30T17:54:44.255+0000] {logging_mixin.py:188} INFO - [2025-12-30T17:54:44.255+0000] {dagbag.py:538} INFO - Filling up the DagBag from /opt/airflow/dags/ml_models.py
[2025-12-30T17:54:44.335+0000] {processor.py:840} INFO - DAG(s) 'ml_models' retrieved from /opt/airflow/dags/ml_models.py
[2025-12-30T17:54:44.396+0000] {logging_mixin.py:188} INFO - [2025-12-30T17:54:44.395+0000] {dag.py:3036} INFO - Sync 1 DAGs
[2025-12-30T17:54:44.446+0000] {logging_mixin.py:188} INFO - [2025-12-30T17:54:44.446+0000] {dag.py:3823} INFO - Setting next_dagrun for ml_models to 2025-12-29 00:00:00+00:00, run_after=2025-12-30 00:00:00+00:00
[2025-12-30T17:54:44.488+0000] {processor.py:183} INFO - Processing /opt/airflow/dags/ml_models.py took 0.246 seconds
[2025-12-30T17:55:15.209+0000] {processor.py:161} INFO - Started process (PID=7881) to work on /opt/airflow/dags/ml_models.py
[2025-12-30T17:55:15.212+0000] {processor.py:830} INFO - Processing file /opt/airflow/dags/ml_models.py for tasks to queue
[2025-12-30T17:55:15.214+0000] {logging_mixin.py:188} INFO - [2025-12-30T17:55:15.213+0000] {dagbag.py:538} INFO - Filling up the DagBag from /opt/airflow/dags/ml_models.py
[2025-12-30T17:55:15.262+0000] {processor.py:840} INFO - DAG(s) 'ml_models' retrieved from /opt/airflow/dags/ml_models.py
[2025-12-30T17:55:15.318+0000] {logging_mixin.py:188} INFO - [2025-12-30T17:55:15.317+0000] {dag.py:3036} INFO - Sync 1 DAGs
[2025-12-30T17:55:15.367+0000] {logging_mixin.py:188} INFO - [2025-12-30T17:55:15.367+0000] {dag.py:3823} INFO - Setting next_dagrun for ml_models to 2025-12-29 00:00:00+00:00, run_after=2025-12-30 00:00:00+00:00
[2025-12-30T17:55:15.411+0000] {processor.py:183} INFO - Processing /opt/airflow/dags/ml_models.py took 0.211 seconds
[2025-12-30T17:55:46.170+0000] {processor.py:161} INFO - Started process (PID=7901) to work on /opt/airflow/dags/ml_models.py
[2025-12-30T17:55:46.174+0000] {processor.py:830} INFO - Processing file /opt/airflow/dags/ml_models.py for tasks to queue
[2025-12-30T17:55:46.177+0000] {logging_mixin.py:188} INFO - [2025-12-30T17:55:46.176+0000] {dagbag.py:538} INFO - Filling up the DagBag from /opt/airflow/dags/ml_models.py
[2025-12-30T17:55:46.267+0000] {processor.py:840} INFO - DAG(s) 'ml_models' retrieved from /opt/airflow/dags/ml_models.py
[2025-12-30T17:55:46.329+0000] {logging_mixin.py:188} INFO - [2025-12-30T17:55:46.329+0000] {dag.py:3036} INFO - Sync 1 DAGs
[2025-12-30T17:55:46.377+0000] {logging_mixin.py:188} INFO - [2025-12-30T17:55:46.377+0000] {dag.py:3823} INFO - Setting next_dagrun for ml_models to 2025-12-29 00:00:00+00:00, run_after=2025-12-30 00:00:00+00:00
[2025-12-30T17:55:46.419+0000] {processor.py:183} INFO - Processing /opt/airflow/dags/ml_models.py took 0.255 seconds
[2025-12-30T17:56:16.937+0000] {processor.py:161} INFO - Started process (PID=7921) to work on /opt/airflow/dags/ml_models.py
[2025-12-30T17:56:16.942+0000] {processor.py:830} INFO - Processing file /opt/airflow/dags/ml_models.py for tasks to queue
[2025-12-30T17:56:16.944+0000] {logging_mixin.py:188} INFO - [2025-12-30T17:56:16.944+0000] {dagbag.py:538} INFO - Filling up the DagBag from /opt/airflow/dags/ml_models.py
[2025-12-30T17:56:16.998+0000] {processor.py:840} INFO - DAG(s) 'ml_models' retrieved from /opt/airflow/dags/ml_models.py
[2025-12-30T17:56:17.053+0000] {logging_mixin.py:188} INFO - [2025-12-30T17:56:17.052+0000] {dag.py:3036} INFO - Sync 1 DAGs
[2025-12-30T17:56:17.108+0000] {logging_mixin.py:188} INFO - [2025-12-30T17:56:17.107+0000] {dag.py:3823} INFO - Setting next_dagrun for ml_models to 2025-12-29 00:00:00+00:00, run_after=2025-12-30 00:00:00+00:00
[2025-12-30T17:56:17.187+0000] {processor.py:183} INFO - Processing /opt/airflow/dags/ml_models.py took 0.257 seconds
[2025-12-30T17:56:47.764+0000] {processor.py:161} INFO - Started process (PID=7941) to work on /opt/airflow/dags/ml_models.py
[2025-12-30T17:56:47.774+0000] {processor.py:830} INFO - Processing file /opt/airflow/dags/ml_models.py for tasks to queue
[2025-12-30T17:56:47.777+0000] {logging_mixin.py:188} INFO - [2025-12-30T17:56:47.776+0000] {dagbag.py:538} INFO - Filling up the DagBag from /opt/airflow/dags/ml_models.py
[2025-12-30T17:56:47.811+0000] {processor.py:840} INFO - DAG(s) 'ml_models' retrieved from /opt/airflow/dags/ml_models.py
[2025-12-30T17:56:47.865+0000] {logging_mixin.py:188} INFO - [2025-12-30T17:56:47.865+0000] {dag.py:3036} INFO - Sync 1 DAGs
[2025-12-30T17:56:47.914+0000] {logging_mixin.py:188} INFO - [2025-12-30T17:56:47.914+0000] {dag.py:3823} INFO - Setting next_dagrun for ml_models to 2025-12-29 00:00:00+00:00, run_after=2025-12-30 00:00:00+00:00
[2025-12-30T17:56:47.991+0000] {processor.py:183} INFO - Processing /opt/airflow/dags/ml_models.py took 0.235 seconds
[2025-12-30T17:57:18.529+0000] {processor.py:161} INFO - Started process (PID=7961) to work on /opt/airflow/dags/ml_models.py
[2025-12-30T17:57:18.531+0000] {processor.py:830} INFO - Processing file /opt/airflow/dags/ml_models.py for tasks to queue
[2025-12-30T17:57:18.533+0000] {logging_mixin.py:188} INFO - [2025-12-30T17:57:18.533+0000] {dagbag.py:538} INFO - Filling up the DagBag from /opt/airflow/dags/ml_models.py
[2025-12-30T17:57:18.579+0000] {processor.py:840} INFO - DAG(s) 'ml_models' retrieved from /opt/airflow/dags/ml_models.py
[2025-12-30T17:57:18.631+0000] {logging_mixin.py:188} INFO - [2025-12-30T17:57:18.630+0000] {dag.py:3036} INFO - Sync 1 DAGs
[2025-12-30T17:57:18.676+0000] {logging_mixin.py:188} INFO - [2025-12-30T17:57:18.676+0000] {dag.py:3823} INFO - Setting next_dagrun for ml_models to 2025-12-29 00:00:00+00:00, run_after=2025-12-30 00:00:00+00:00
[2025-12-30T17:57:18.751+0000] {processor.py:183} INFO - Processing /opt/airflow/dags/ml_models.py took 0.231 seconds
[2025-12-30T17:57:49.385+0000] {processor.py:161} INFO - Started process (PID=7981) to work on /opt/airflow/dags/ml_models.py
[2025-12-30T17:57:49.387+0000] {processor.py:830} INFO - Processing file /opt/airflow/dags/ml_models.py for tasks to queue
[2025-12-30T17:57:49.389+0000] {logging_mixin.py:188} INFO - [2025-12-30T17:57:49.388+0000] {dagbag.py:538} INFO - Filling up the DagBag from /opt/airflow/dags/ml_models.py
[2025-12-30T17:57:49.472+0000] {processor.py:840} INFO - DAG(s) 'ml_models' retrieved from /opt/airflow/dags/ml_models.py
[2025-12-30T17:57:49.529+0000] {logging_mixin.py:188} INFO - [2025-12-30T17:57:49.529+0000] {dag.py:3036} INFO - Sync 1 DAGs
[2025-12-30T17:57:49.580+0000] {logging_mixin.py:188} INFO - [2025-12-30T17:57:49.579+0000] {dag.py:3823} INFO - Setting next_dagrun for ml_models to 2025-12-29 00:00:00+00:00, run_after=2025-12-30 00:00:00+00:00
[2025-12-30T17:57:49.625+0000] {processor.py:183} INFO - Processing /opt/airflow/dags/ml_models.py took 0.246 seconds
[2025-12-30T17:58:20.134+0000] {processor.py:161} INFO - Started process (PID=8001) to work on /opt/airflow/dags/ml_models.py
[2025-12-30T17:58:20.136+0000] {processor.py:830} INFO - Processing file /opt/airflow/dags/ml_models.py for tasks to queue
[2025-12-30T17:58:20.138+0000] {logging_mixin.py:188} INFO - [2025-12-30T17:58:20.138+0000] {dagbag.py:538} INFO - Filling up the DagBag from /opt/airflow/dags/ml_models.py
[2025-12-30T17:58:20.183+0000] {processor.py:840} INFO - DAG(s) 'ml_models' retrieved from /opt/airflow/dags/ml_models.py
[2025-12-30T17:58:20.237+0000] {logging_mixin.py:188} INFO - [2025-12-30T17:58:20.237+0000] {dag.py:3036} INFO - Sync 1 DAGs
[2025-12-30T17:58:20.288+0000] {logging_mixin.py:188} INFO - [2025-12-30T17:58:20.287+0000] {dag.py:3823} INFO - Setting next_dagrun for ml_models to 2025-12-29 00:00:00+00:00, run_after=2025-12-30 00:00:00+00:00
[2025-12-30T17:58:20.377+0000] {processor.py:183} INFO - Processing /opt/airflow/dags/ml_models.py took 0.250 seconds
[2025-12-30T17:58:50.897+0000] {processor.py:161} INFO - Started process (PID=8021) to work on /opt/airflow/dags/ml_models.py
[2025-12-30T17:58:50.901+0000] {processor.py:830} INFO - Processing file /opt/airflow/dags/ml_models.py for tasks to queue
[2025-12-30T17:58:50.903+0000] {logging_mixin.py:188} INFO - [2025-12-30T17:58:50.902+0000] {dagbag.py:538} INFO - Filling up the DagBag from /opt/airflow/dags/ml_models.py
[2025-12-30T17:58:50.950+0000] {processor.py:840} INFO - DAG(s) 'ml_models' retrieved from /opt/airflow/dags/ml_models.py
[2025-12-30T17:58:51.004+0000] {logging_mixin.py:188} INFO - [2025-12-30T17:58:51.004+0000] {dag.py:3036} INFO - Sync 1 DAGs
[2025-12-30T17:58:51.056+0000] {logging_mixin.py:188} INFO - [2025-12-30T17:58:51.056+0000] {dag.py:3823} INFO - Setting next_dagrun for ml_models to 2025-12-29 00:00:00+00:00, run_after=2025-12-30 00:00:00+00:00
[2025-12-30T17:58:51.138+0000] {processor.py:183} INFO - Processing /opt/airflow/dags/ml_models.py took 0.251 seconds
[2025-12-30T17:59:21.664+0000] {processor.py:161} INFO - Started process (PID=8041) to work on /opt/airflow/dags/ml_models.py
[2025-12-30T17:59:21.666+0000] {processor.py:830} INFO - Processing file /opt/airflow/dags/ml_models.py for tasks to queue
[2025-12-30T17:59:21.668+0000] {logging_mixin.py:188} INFO - [2025-12-30T17:59:21.667+0000] {dagbag.py:538} INFO - Filling up the DagBag from /opt/airflow/dags/ml_models.py
[2025-12-30T17:59:21.714+0000] {processor.py:840} INFO - DAG(s) 'ml_models' retrieved from /opt/airflow/dags/ml_models.py
[2025-12-30T17:59:21.768+0000] {logging_mixin.py:188} INFO - [2025-12-30T17:59:21.767+0000] {dag.py:3036} INFO - Sync 1 DAGs
[2025-12-30T17:59:21.817+0000] {logging_mixin.py:188} INFO - [2025-12-30T17:59:21.817+0000] {dag.py:3823} INFO - Setting next_dagrun for ml_models to 2025-12-29 00:00:00+00:00, run_after=2025-12-30 00:00:00+00:00
[2025-12-30T17:59:21.861+0000] {processor.py:183} INFO - Processing /opt/airflow/dags/ml_models.py took 0.203 seconds
[2025-12-30T17:59:52.614+0000] {processor.py:161} INFO - Started process (PID=8061) to work on /opt/airflow/dags/ml_models.py
[2025-12-30T17:59:52.617+0000] {processor.py:830} INFO - Processing file /opt/airflow/dags/ml_models.py for tasks to queue
[2025-12-30T17:59:52.619+0000] {logging_mixin.py:188} INFO - [2025-12-30T17:59:52.618+0000] {dagbag.py:538} INFO - Filling up the DagBag from /opt/airflow/dags/ml_models.py
[2025-12-30T17:59:52.700+0000] {processor.py:840} INFO - DAG(s) 'ml_models' retrieved from /opt/airflow/dags/ml_models.py
[2025-12-30T17:59:52.754+0000] {logging_mixin.py:188} INFO - [2025-12-30T17:59:52.754+0000] {dag.py:3036} INFO - Sync 1 DAGs
[2025-12-30T17:59:52.801+0000] {logging_mixin.py:188} INFO - [2025-12-30T17:59:52.800+0000] {dag.py:3823} INFO - Setting next_dagrun for ml_models to 2025-12-29 00:00:00+00:00, run_after=2025-12-30 00:00:00+00:00
[2025-12-30T17:59:52.844+0000] {processor.py:183} INFO - Processing /opt/airflow/dags/ml_models.py took 0.237 seconds
[2025-12-30T18:00:23.499+0000] {processor.py:161} INFO - Started process (PID=8081) to work on /opt/airflow/dags/ml_models.py
[2025-12-30T18:00:23.502+0000] {processor.py:830} INFO - Processing file /opt/airflow/dags/ml_models.py for tasks to queue
[2025-12-30T18:00:23.504+0000] {logging_mixin.py:188} INFO - [2025-12-30T18:00:23.503+0000] {dagbag.py:538} INFO - Filling up the DagBag from /opt/airflow/dags/ml_models.py
[2025-12-30T18:00:23.544+0000] {processor.py:840} INFO - DAG(s) 'ml_models' retrieved from /opt/airflow/dags/ml_models.py
[2025-12-30T18:00:23.593+0000] {logging_mixin.py:188} INFO - [2025-12-30T18:00:23.592+0000] {dag.py:3036} INFO - Sync 1 DAGs
[2025-12-30T18:00:23.638+0000] {logging_mixin.py:188} INFO - [2025-12-30T18:00:23.638+0000] {dag.py:3823} INFO - Setting next_dagrun for ml_models to 2025-12-29 00:00:00+00:00, run_after=2025-12-30 00:00:00+00:00
[2025-12-30T18:00:23.712+0000] {processor.py:183} INFO - Processing /opt/airflow/dags/ml_models.py took 0.220 seconds
[2025-12-30T18:00:54.235+0000] {processor.py:161} INFO - Started process (PID=8101) to work on /opt/airflow/dags/ml_models.py
[2025-12-30T18:00:54.240+0000] {processor.py:830} INFO - Processing file /opt/airflow/dags/ml_models.py for tasks to queue
[2025-12-30T18:00:54.245+0000] {logging_mixin.py:188} INFO - [2025-12-30T18:00:54.244+0000] {dagbag.py:538} INFO - Filling up the DagBag from /opt/airflow/dags/ml_models.py
[2025-12-30T18:00:54.286+0000] {processor.py:840} INFO - DAG(s) 'ml_models' retrieved from /opt/airflow/dags/ml_models.py
[2025-12-30T18:00:54.331+0000] {logging_mixin.py:188} INFO - [2025-12-30T18:00:54.331+0000] {dag.py:3036} INFO - Sync 1 DAGs
[2025-12-30T18:00:54.377+0000] {logging_mixin.py:188} INFO - [2025-12-30T18:00:54.376+0000] {dag.py:3823} INFO - Setting next_dagrun for ml_models to 2025-12-29 00:00:00+00:00, run_after=2025-12-30 00:00:00+00:00
[2025-12-30T18:00:54.450+0000] {processor.py:183} INFO - Processing /opt/airflow/dags/ml_models.py took 0.225 seconds
[2025-12-30T18:01:24.957+0000] {processor.py:161} INFO - Started process (PID=8121) to work on /opt/airflow/dags/ml_models.py
[2025-12-30T18:01:24.960+0000] {processor.py:830} INFO - Processing file /opt/airflow/dags/ml_models.py for tasks to queue
[2025-12-30T18:01:24.962+0000] {logging_mixin.py:188} INFO - [2025-12-30T18:01:24.961+0000] {dagbag.py:538} INFO - Filling up the DagBag from /opt/airflow/dags/ml_models.py
[2025-12-30T18:01:25.004+0000] {processor.py:840} INFO - DAG(s) 'ml_models' retrieved from /opt/airflow/dags/ml_models.py
[2025-12-30T18:01:25.056+0000] {logging_mixin.py:188} INFO - [2025-12-30T18:01:25.056+0000] {dag.py:3036} INFO - Sync 1 DAGs
[2025-12-30T18:01:25.101+0000] {logging_mixin.py:188} INFO - [2025-12-30T18:01:25.100+0000] {dag.py:3823} INFO - Setting next_dagrun for ml_models to 2025-12-29 00:00:00+00:00, run_after=2025-12-30 00:00:00+00:00
[2025-12-30T18:01:25.160+0000] {processor.py:183} INFO - Processing /opt/airflow/dags/ml_models.py took 0.210 seconds
[2025-12-30T18:01:55.701+0000] {processor.py:161} INFO - Started process (PID=8141) to work on /opt/airflow/dags/ml_models.py
[2025-12-30T18:01:55.703+0000] {processor.py:830} INFO - Processing file /opt/airflow/dags/ml_models.py for tasks to queue
[2025-12-30T18:01:55.705+0000] {logging_mixin.py:188} INFO - [2025-12-30T18:01:55.704+0000] {dagbag.py:538} INFO - Filling up the DagBag from /opt/airflow/dags/ml_models.py
[2025-12-30T18:01:55.776+0000] {processor.py:840} INFO - DAG(s) 'ml_models' retrieved from /opt/airflow/dags/ml_models.py
[2025-12-30T18:01:55.829+0000] {logging_mixin.py:188} INFO - [2025-12-30T18:01:55.828+0000] {dag.py:3036} INFO - Sync 1 DAGs
[2025-12-30T18:01:55.869+0000] {logging_mixin.py:188} INFO - [2025-12-30T18:01:55.868+0000] {dag.py:3823} INFO - Setting next_dagrun for ml_models to 2025-12-29 00:00:00+00:00, run_after=2025-12-30 00:00:00+00:00
[2025-12-30T18:01:55.903+0000] {processor.py:183} INFO - Processing /opt/airflow/dags/ml_models.py took 0.209 seconds
[2025-12-30T18:02:26.331+0000] {processor.py:161} INFO - Started process (PID=8161) to work on /opt/airflow/dags/ml_models.py
[2025-12-30T18:02:26.334+0000] {processor.py:830} INFO - Processing file /opt/airflow/dags/ml_models.py for tasks to queue
[2025-12-30T18:02:26.336+0000] {logging_mixin.py:188} INFO - [2025-12-30T18:02:26.335+0000] {dagbag.py:538} INFO - Filling up the DagBag from /opt/airflow/dags/ml_models.py
[2025-12-30T18:02:26.380+0000] {processor.py:840} INFO - DAG(s) 'ml_models' retrieved from /opt/airflow/dags/ml_models.py
[2025-12-30T18:02:26.429+0000] {logging_mixin.py:188} INFO - [2025-12-30T18:02:26.428+0000] {dag.py:3036} INFO - Sync 1 DAGs
[2025-12-30T18:02:26.469+0000] {logging_mixin.py:188} INFO - [2025-12-30T18:02:26.469+0000] {dag.py:3823} INFO - Setting next_dagrun for ml_models to 2025-12-29 00:00:00+00:00, run_after=2025-12-30 00:00:00+00:00
[2025-12-30T18:02:26.506+0000] {processor.py:183} INFO - Processing /opt/airflow/dags/ml_models.py took 0.181 seconds
[2025-12-30T18:02:57.254+0000] {processor.py:161} INFO - Started process (PID=8181) to work on /opt/airflow/dags/ml_models.py
[2025-12-30T18:02:57.257+0000] {processor.py:830} INFO - Processing file /opt/airflow/dags/ml_models.py for tasks to queue
[2025-12-30T18:02:57.259+0000] {logging_mixin.py:188} INFO - [2025-12-30T18:02:57.258+0000] {dagbag.py:538} INFO - Filling up the DagBag from /opt/airflow/dags/ml_models.py
[2025-12-30T18:02:57.305+0000] {processor.py:840} INFO - DAG(s) 'ml_models' retrieved from /opt/airflow/dags/ml_models.py
[2025-12-30T18:02:57.355+0000] {logging_mixin.py:188} INFO - [2025-12-30T18:02:57.355+0000] {dag.py:3036} INFO - Sync 1 DAGs
[2025-12-30T18:02:57.398+0000] {logging_mixin.py:188} INFO - [2025-12-30T18:02:57.397+0000] {dag.py:3823} INFO - Setting next_dagrun for ml_models to 2025-12-29 00:00:00+00:00, run_after=2025-12-30 00:00:00+00:00
[2025-12-30T18:02:57.436+0000] {processor.py:183} INFO - Processing /opt/airflow/dags/ml_models.py took 0.188 seconds
[2025-12-30T18:03:28.225+0000] {processor.py:161} INFO - Started process (PID=8201) to work on /opt/airflow/dags/ml_models.py
[2025-12-30T18:03:28.230+0000] {processor.py:830} INFO - Processing file /opt/airflow/dags/ml_models.py for tasks to queue
[2025-12-30T18:03:28.232+0000] {logging_mixin.py:188} INFO - [2025-12-30T18:03:28.232+0000] {dagbag.py:538} INFO - Filling up the DagBag from /opt/airflow/dags/ml_models.py
[2025-12-30T18:03:28.280+0000] {processor.py:840} INFO - DAG(s) 'ml_models' retrieved from /opt/airflow/dags/ml_models.py
[2025-12-30T18:03:28.340+0000] {logging_mixin.py:188} INFO - [2025-12-30T18:03:28.340+0000] {dag.py:3036} INFO - Sync 1 DAGs
[2025-12-30T18:03:28.399+0000] {logging_mixin.py:188} INFO - [2025-12-30T18:03:28.398+0000] {dag.py:3823} INFO - Setting next_dagrun for ml_models to 2025-12-29 00:00:00+00:00, run_after=2025-12-30 00:00:00+00:00
[2025-12-30T18:03:28.475+0000] {processor.py:183} INFO - Processing /opt/airflow/dags/ml_models.py took 0.257 seconds
[2025-12-30T18:03:59.105+0000] {processor.py:161} INFO - Started process (PID=8221) to work on /opt/airflow/dags/ml_models.py
[2025-12-30T18:03:59.107+0000] {processor.py:830} INFO - Processing file /opt/airflow/dags/ml_models.py for tasks to queue
[2025-12-30T18:03:59.108+0000] {logging_mixin.py:188} INFO - [2025-12-30T18:03:59.108+0000] {dagbag.py:538} INFO - Filling up the DagBag from /opt/airflow/dags/ml_models.py
[2025-12-30T18:03:59.148+0000] {processor.py:840} INFO - DAG(s) 'ml_models' retrieved from /opt/airflow/dags/ml_models.py
[2025-12-30T18:03:59.201+0000] {logging_mixin.py:188} INFO - [2025-12-30T18:03:59.201+0000] {dag.py:3036} INFO - Sync 1 DAGs
[2025-12-30T18:03:59.246+0000] {logging_mixin.py:188} INFO - [2025-12-30T18:03:59.245+0000] {dag.py:3823} INFO - Setting next_dagrun for ml_models to 2025-12-29 00:00:00+00:00, run_after=2025-12-30 00:00:00+00:00
[2025-12-30T18:03:59.285+0000] {processor.py:183} INFO - Processing /opt/airflow/dags/ml_models.py took 0.188 seconds
[2025-12-30T18:04:29.863+0000] {processor.py:161} INFO - Started process (PID=8241) to work on /opt/airflow/dags/ml_models.py
[2025-12-30T18:04:29.866+0000] {processor.py:830} INFO - Processing file /opt/airflow/dags/ml_models.py for tasks to queue
[2025-12-30T18:04:29.868+0000] {logging_mixin.py:188} INFO - [2025-12-30T18:04:29.868+0000] {dagbag.py:538} INFO - Filling up the DagBag from /opt/airflow/dags/ml_models.py
[2025-12-30T18:04:29.915+0000] {processor.py:840} INFO - DAG(s) 'ml_models' retrieved from /opt/airflow/dags/ml_models.py
[2025-12-30T18:04:29.968+0000] {logging_mixin.py:188} INFO - [2025-12-30T18:04:29.968+0000] {dag.py:3036} INFO - Sync 1 DAGs
[2025-12-30T18:04:30.020+0000] {logging_mixin.py:188} INFO - [2025-12-30T18:04:30.019+0000] {dag.py:3823} INFO - Setting next_dagrun for ml_models to 2025-12-29 00:00:00+00:00, run_after=2025-12-30 00:00:00+00:00
[2025-12-30T18:04:30.085+0000] {processor.py:183} INFO - Processing /opt/airflow/dags/ml_models.py took 0.230 seconds
[2025-12-30T18:05:00.950+0000] {processor.py:161} INFO - Started process (PID=8261) to work on /opt/airflow/dags/ml_models.py
[2025-12-30T18:05:00.953+0000] {processor.py:830} INFO - Processing file /opt/airflow/dags/ml_models.py for tasks to queue
[2025-12-30T18:05:00.955+0000] {logging_mixin.py:188} INFO - [2025-12-30T18:05:00.955+0000] {dagbag.py:538} INFO - Filling up the DagBag from /opt/airflow/dags/ml_models.py
[2025-12-30T18:05:01.023+0000] {processor.py:840} INFO - DAG(s) 'ml_models' retrieved from /opt/airflow/dags/ml_models.py
[2025-12-30T18:05:01.083+0000] {logging_mixin.py:188} INFO - [2025-12-30T18:05:01.082+0000] {dag.py:3036} INFO - Sync 1 DAGs
[2025-12-30T18:05:01.136+0000] {logging_mixin.py:188} INFO - [2025-12-30T18:05:01.135+0000] {dag.py:3823} INFO - Setting next_dagrun for ml_models to 2025-12-29 00:00:00+00:00, run_after=2025-12-30 00:00:00+00:00
[2025-12-30T18:05:01.185+0000] {processor.py:183} INFO - Processing /opt/airflow/dags/ml_models.py took 0.246 seconds
[2025-12-30T18:05:31.990+0000] {processor.py:161} INFO - Started process (PID=8281) to work on /opt/airflow/dags/ml_models.py
[2025-12-30T18:05:31.993+0000] {processor.py:830} INFO - Processing file /opt/airflow/dags/ml_models.py for tasks to queue
[2025-12-30T18:05:31.995+0000] {logging_mixin.py:188} INFO - [2025-12-30T18:05:31.994+0000] {dagbag.py:538} INFO - Filling up the DagBag from /opt/airflow/dags/ml_models.py
[2025-12-30T18:05:32.044+0000] {processor.py:840} INFO - DAG(s) 'ml_models' retrieved from /opt/airflow/dags/ml_models.py
[2025-12-30T18:05:32.102+0000] {logging_mixin.py:188} INFO - [2025-12-30T18:05:32.101+0000] {dag.py:3036} INFO - Sync 1 DAGs
[2025-12-30T18:05:32.152+0000] {logging_mixin.py:188} INFO - [2025-12-30T18:05:32.151+0000] {dag.py:3823} INFO - Setting next_dagrun for ml_models to 2025-12-29 00:00:00+00:00, run_after=2025-12-30 00:00:00+00:00
[2025-12-30T18:05:32.233+0000] {processor.py:183} INFO - Processing /opt/airflow/dags/ml_models.py took 0.249 seconds
[2025-12-30T18:06:03.077+0000] {processor.py:161} INFO - Started process (PID=8301) to work on /opt/airflow/dags/ml_models.py
[2025-12-30T18:06:03.082+0000] {processor.py:830} INFO - Processing file /opt/airflow/dags/ml_models.py for tasks to queue
[2025-12-30T18:06:03.085+0000] {logging_mixin.py:188} INFO - [2025-12-30T18:06:03.084+0000] {dagbag.py:538} INFO - Filling up the DagBag from /opt/airflow/dags/ml_models.py
[2025-12-30T18:06:03.166+0000] {processor.py:840} INFO - DAG(s) 'ml_models' retrieved from /opt/airflow/dags/ml_models.py
[2025-12-30T18:06:03.217+0000] {logging_mixin.py:188} INFO - [2025-12-30T18:06:03.217+0000] {dag.py:3036} INFO - Sync 1 DAGs
[2025-12-30T18:06:03.265+0000] {logging_mixin.py:188} INFO - [2025-12-30T18:06:03.265+0000] {dag.py:3823} INFO - Setting next_dagrun for ml_models to 2025-12-29 00:00:00+00:00, run_after=2025-12-30 00:00:00+00:00
[2025-12-30T18:06:03.308+0000] {processor.py:183} INFO - Processing /opt/airflow/dags/ml_models.py took 0.240 seconds
[2025-12-30T18:06:34.112+0000] {processor.py:161} INFO - Started process (PID=8321) to work on /opt/airflow/dags/ml_models.py
[2025-12-30T18:06:34.117+0000] {processor.py:830} INFO - Processing file /opt/airflow/dags/ml_models.py for tasks to queue
[2025-12-30T18:06:34.120+0000] {logging_mixin.py:188} INFO - [2025-12-30T18:06:34.119+0000] {dagbag.py:538} INFO - Filling up the DagBag from /opt/airflow/dags/ml_models.py
[2025-12-30T18:06:34.163+0000] {processor.py:840} INFO - DAG(s) 'ml_models' retrieved from /opt/airflow/dags/ml_models.py
[2025-12-30T18:06:34.217+0000] {logging_mixin.py:188} INFO - [2025-12-30T18:06:34.216+0000] {dag.py:3036} INFO - Sync 1 DAGs
[2025-12-30T18:06:34.263+0000] {logging_mixin.py:188} INFO - [2025-12-30T18:06:34.262+0000] {dag.py:3823} INFO - Setting next_dagrun for ml_models to 2025-12-29 00:00:00+00:00, run_after=2025-12-30 00:00:00+00:00
[2025-12-30T18:06:34.344+0000] {processor.py:183} INFO - Processing /opt/airflow/dags/ml_models.py took 0.241 seconds
[2025-12-30T18:07:05.133+0000] {processor.py:161} INFO - Started process (PID=8341) to work on /opt/airflow/dags/ml_models.py
[2025-12-30T18:07:05.136+0000] {processor.py:830} INFO - Processing file /opt/airflow/dags/ml_models.py for tasks to queue
[2025-12-30T18:07:05.138+0000] {logging_mixin.py:188} INFO - [2025-12-30T18:07:05.137+0000] {dagbag.py:538} INFO - Filling up the DagBag from /opt/airflow/dags/ml_models.py
[2025-12-30T18:07:05.219+0000] {processor.py:840} INFO - DAG(s) 'ml_models' retrieved from /opt/airflow/dags/ml_models.py
[2025-12-30T18:07:05.277+0000] {logging_mixin.py:188} INFO - [2025-12-30T18:07:05.276+0000] {dag.py:3036} INFO - Sync 1 DAGs
[2025-12-30T18:07:05.325+0000] {logging_mixin.py:188} INFO - [2025-12-30T18:07:05.325+0000] {dag.py:3823} INFO - Setting next_dagrun for ml_models to 2025-12-29 00:00:00+00:00, run_after=2025-12-30 00:00:00+00:00
[2025-12-30T18:07:05.367+0000] {processor.py:183} INFO - Processing /opt/airflow/dags/ml_models.py took 0.241 seconds
[2025-12-30T18:07:36.179+0000] {processor.py:161} INFO - Started process (PID=8361) to work on /opt/airflow/dags/ml_models.py
[2025-12-30T18:07:36.183+0000] {processor.py:830} INFO - Processing file /opt/airflow/dags/ml_models.py for tasks to queue
[2025-12-30T18:07:36.186+0000] {logging_mixin.py:188} INFO - [2025-12-30T18:07:36.185+0000] {dagbag.py:538} INFO - Filling up the DagBag from /opt/airflow/dags/ml_models.py
[2025-12-30T18:07:36.238+0000] {processor.py:840} INFO - DAG(s) 'ml_models' retrieved from /opt/airflow/dags/ml_models.py
[2025-12-30T18:07:36.305+0000] {logging_mixin.py:188} INFO - [2025-12-30T18:07:36.305+0000] {dag.py:3036} INFO - Sync 1 DAGs
[2025-12-30T18:07:36.355+0000] {logging_mixin.py:188} INFO - [2025-12-30T18:07:36.354+0000] {dag.py:3823} INFO - Setting next_dagrun for ml_models to 2025-12-29 00:00:00+00:00, run_after=2025-12-30 00:00:00+00:00
[2025-12-30T18:07:36.404+0000] {processor.py:183} INFO - Processing /opt/airflow/dags/ml_models.py took 0.231 seconds
[2025-12-30T18:08:07.410+0000] {processor.py:161} INFO - Started process (PID=8381) to work on /opt/airflow/dags/ml_models.py
[2025-12-30T18:08:07.412+0000] {processor.py:830} INFO - Processing file /opt/airflow/dags/ml_models.py for tasks to queue
[2025-12-30T18:08:07.414+0000] {logging_mixin.py:188} INFO - [2025-12-30T18:08:07.414+0000] {dagbag.py:538} INFO - Filling up the DagBag from /opt/airflow/dags/ml_models.py
[2025-12-30T18:08:07.510+0000] {processor.py:840} INFO - DAG(s) 'ml_models' retrieved from /opt/airflow/dags/ml_models.py
[2025-12-30T18:08:07.574+0000] {logging_mixin.py:188} INFO - [2025-12-30T18:08:07.573+0000] {dag.py:3036} INFO - Sync 1 DAGs
[2025-12-30T18:08:07.628+0000] {logging_mixin.py:188} INFO - [2025-12-30T18:08:07.628+0000] {dag.py:3823} INFO - Setting next_dagrun for ml_models to 2025-12-29 00:00:00+00:00, run_after=2025-12-30 00:00:00+00:00
[2025-12-30T18:08:07.694+0000] {processor.py:183} INFO - Processing /opt/airflow/dags/ml_models.py took 0.292 seconds
[2025-12-30T18:08:38.519+0000] {processor.py:161} INFO - Started process (PID=8401) to work on /opt/airflow/dags/ml_models.py
[2025-12-30T18:08:38.535+0000] {processor.py:830} INFO - Processing file /opt/airflow/dags/ml_models.py for tasks to queue
[2025-12-30T18:08:38.538+0000] {logging_mixin.py:188} INFO - [2025-12-30T18:08:38.538+0000] {dagbag.py:538} INFO - Filling up the DagBag from /opt/airflow/dags/ml_models.py
[2025-12-30T18:08:38.586+0000] {processor.py:840} INFO - DAG(s) 'ml_models' retrieved from /opt/airflow/dags/ml_models.py
[2025-12-30T18:08:38.638+0000] {logging_mixin.py:188} INFO - [2025-12-30T18:08:38.638+0000] {dag.py:3036} INFO - Sync 1 DAGs
[2025-12-30T18:08:38.690+0000] {logging_mixin.py:188} INFO - [2025-12-30T18:08:38.689+0000] {dag.py:3823} INFO - Setting next_dagrun for ml_models to 2025-12-29 00:00:00+00:00, run_after=2025-12-30 00:00:00+00:00
[2025-12-30T18:08:38.771+0000] {processor.py:183} INFO - Processing /opt/airflow/dags/ml_models.py took 0.262 seconds
[2025-12-30T18:09:09.564+0000] {processor.py:161} INFO - Started process (PID=8421) to work on /opt/airflow/dags/ml_models.py
[2025-12-30T18:09:09.567+0000] {processor.py:830} INFO - Processing file /opt/airflow/dags/ml_models.py for tasks to queue
[2025-12-30T18:09:09.570+0000] {logging_mixin.py:188} INFO - [2025-12-30T18:09:09.569+0000] {dagbag.py:538} INFO - Filling up the DagBag from /opt/airflow/dags/ml_models.py
[2025-12-30T18:09:09.653+0000] {processor.py:840} INFO - DAG(s) 'ml_models' retrieved from /opt/airflow/dags/ml_models.py
[2025-12-30T18:09:09.712+0000] {logging_mixin.py:188} INFO - [2025-12-30T18:09:09.712+0000] {dag.py:3036} INFO - Sync 1 DAGs
[2025-12-30T18:09:09.763+0000] {logging_mixin.py:188} INFO - [2025-12-30T18:09:09.762+0000] {dag.py:3823} INFO - Setting next_dagrun for ml_models to 2025-12-29 00:00:00+00:00, run_after=2025-12-30 00:00:00+00:00
[2025-12-30T18:09:09.806+0000] {processor.py:183} INFO - Processing /opt/airflow/dags/ml_models.py took 0.250 seconds
[2025-12-30T18:09:40.594+0000] {processor.py:161} INFO - Started process (PID=8441) to work on /opt/airflow/dags/ml_models.py
[2025-12-30T18:09:40.596+0000] {processor.py:830} INFO - Processing file /opt/airflow/dags/ml_models.py for tasks to queue
[2025-12-30T18:09:40.601+0000] {logging_mixin.py:188} INFO - [2025-12-30T18:09:40.600+0000] {dagbag.py:538} INFO - Filling up the DagBag from /opt/airflow/dags/ml_models.py
[2025-12-30T18:09:40.646+0000] {processor.py:840} INFO - DAG(s) 'ml_models' retrieved from /opt/airflow/dags/ml_models.py
[2025-12-30T18:09:40.710+0000] {logging_mixin.py:188} INFO - [2025-12-30T18:09:40.709+0000] {dag.py:3036} INFO - Sync 1 DAGs
[2025-12-30T18:09:40.762+0000] {logging_mixin.py:188} INFO - [2025-12-30T18:09:40.761+0000] {dag.py:3823} INFO - Setting next_dagrun for ml_models to 2025-12-29 00:00:00+00:00, run_after=2025-12-30 00:00:00+00:00
[2025-12-30T18:09:40.844+0000] {processor.py:183} INFO - Processing /opt/airflow/dags/ml_models.py took 0.257 seconds
[2025-12-30T18:10:11.809+0000] {processor.py:161} INFO - Started process (PID=8461) to work on /opt/airflow/dags/ml_models.py
[2025-12-30T18:10:11.811+0000] {processor.py:830} INFO - Processing file /opt/airflow/dags/ml_models.py for tasks to queue
[2025-12-30T18:10:11.814+0000] {logging_mixin.py:188} INFO - [2025-12-30T18:10:11.813+0000] {dagbag.py:538} INFO - Filling up the DagBag from /opt/airflow/dags/ml_models.py
[2025-12-30T18:10:11.893+0000] {processor.py:840} INFO - DAG(s) 'ml_models' retrieved from /opt/airflow/dags/ml_models.py
[2025-12-30T18:10:11.954+0000] {logging_mixin.py:188} INFO - [2025-12-30T18:10:11.953+0000] {dag.py:3036} INFO - Sync 1 DAGs
[2025-12-30T18:10:12.008+0000] {logging_mixin.py:188} INFO - [2025-12-30T18:10:12.008+0000] {dag.py:3823} INFO - Setting next_dagrun for ml_models to 2025-12-29 00:00:00+00:00, run_after=2025-12-30 00:00:00+00:00
[2025-12-30T18:10:12.053+0000] {processor.py:183} INFO - Processing /opt/airflow/dags/ml_models.py took 0.254 seconds
[2025-12-30T18:10:42.890+0000] {processor.py:161} INFO - Started process (PID=8481) to work on /opt/airflow/dags/ml_models.py
[2025-12-30T18:10:42.893+0000] {processor.py:830} INFO - Processing file /opt/airflow/dags/ml_models.py for tasks to queue
[2025-12-30T18:10:42.895+0000] {logging_mixin.py:188} INFO - [2025-12-30T18:10:42.894+0000] {dagbag.py:538} INFO - Filling up the DagBag from /opt/airflow/dags/ml_models.py
[2025-12-30T18:10:42.980+0000] {processor.py:840} INFO - DAG(s) 'ml_models' retrieved from /opt/airflow/dags/ml_models.py
[2025-12-30T18:10:43.040+0000] {logging_mixin.py:188} INFO - [2025-12-30T18:10:43.039+0000] {dag.py:3036} INFO - Sync 1 DAGs
[2025-12-30T18:10:43.090+0000] {logging_mixin.py:188} INFO - [2025-12-30T18:10:43.089+0000] {dag.py:3823} INFO - Setting next_dagrun for ml_models to 2025-12-29 00:00:00+00:00, run_after=2025-12-30 00:00:00+00:00
[2025-12-30T18:10:43.142+0000] {processor.py:183} INFO - Processing /opt/airflow/dags/ml_models.py took 0.261 seconds
[2025-12-30T18:11:13.969+0000] {processor.py:161} INFO - Started process (PID=8501) to work on /opt/airflow/dags/ml_models.py
[2025-12-30T18:11:13.972+0000] {processor.py:830} INFO - Processing file /opt/airflow/dags/ml_models.py for tasks to queue
[2025-12-30T18:11:13.974+0000] {logging_mixin.py:188} INFO - [2025-12-30T18:11:13.974+0000] {dagbag.py:538} INFO - Filling up the DagBag from /opt/airflow/dags/ml_models.py
[2025-12-30T18:11:14.019+0000] {processor.py:840} INFO - DAG(s) 'ml_models' retrieved from /opt/airflow/dags/ml_models.py
[2025-12-30T18:11:14.071+0000] {logging_mixin.py:188} INFO - [2025-12-30T18:11:14.070+0000] {dag.py:3036} INFO - Sync 1 DAGs
[2025-12-30T18:11:14.115+0000] {logging_mixin.py:188} INFO - [2025-12-30T18:11:14.115+0000] {dag.py:3823} INFO - Setting next_dagrun for ml_models to 2025-12-29 00:00:00+00:00, run_after=2025-12-30 00:00:00+00:00
[2025-12-30T18:11:14.196+0000] {processor.py:183} INFO - Processing /opt/airflow/dags/ml_models.py took 0.235 seconds
[2025-12-30T18:11:45.003+0000] {processor.py:161} INFO - Started process (PID=8521) to work on /opt/airflow/dags/ml_models.py
[2025-12-30T18:11:45.008+0000] {processor.py:830} INFO - Processing file /opt/airflow/dags/ml_models.py for tasks to queue
[2025-12-30T18:11:45.010+0000] {logging_mixin.py:188} INFO - [2025-12-30T18:11:45.010+0000] {dagbag.py:538} INFO - Filling up the DagBag from /opt/airflow/dags/ml_models.py
[2025-12-30T18:11:45.093+0000] {processor.py:840} INFO - DAG(s) 'ml_models' retrieved from /opt/airflow/dags/ml_models.py
[2025-12-30T18:11:45.151+0000] {logging_mixin.py:188} INFO - [2025-12-30T18:11:45.151+0000] {dag.py:3036} INFO - Sync 1 DAGs
[2025-12-30T18:11:45.200+0000] {logging_mixin.py:188} INFO - [2025-12-30T18:11:45.200+0000] {dag.py:3823} INFO - Setting next_dagrun for ml_models to 2025-12-29 00:00:00+00:00, run_after=2025-12-30 00:00:00+00:00
[2025-12-30T18:11:45.244+0000] {processor.py:183} INFO - Processing /opt/airflow/dags/ml_models.py took 0.249 seconds
[2025-12-30T18:12:16.171+0000] {processor.py:161} INFO - Started process (PID=8541) to work on /opt/airflow/dags/ml_models.py
[2025-12-30T18:12:16.173+0000] {processor.py:830} INFO - Processing file /opt/airflow/dags/ml_models.py for tasks to queue
[2025-12-30T18:12:16.176+0000] {logging_mixin.py:188} INFO - [2025-12-30T18:12:16.175+0000] {dagbag.py:538} INFO - Filling up the DagBag from /opt/airflow/dags/ml_models.py
[2025-12-30T18:12:16.217+0000] {processor.py:840} INFO - DAG(s) 'ml_models' retrieved from /opt/airflow/dags/ml_models.py
[2025-12-30T18:12:16.267+0000] {logging_mixin.py:188} INFO - [2025-12-30T18:12:16.266+0000] {dag.py:3036} INFO - Sync 1 DAGs
[2025-12-30T18:12:16.310+0000] {logging_mixin.py:188} INFO - [2025-12-30T18:12:16.310+0000] {dag.py:3823} INFO - Setting next_dagrun for ml_models to 2025-12-29 00:00:00+00:00, run_after=2025-12-30 00:00:00+00:00
[2025-12-30T18:12:16.346+0000] {processor.py:183} INFO - Processing /opt/airflow/dags/ml_models.py took 0.181 seconds
[2025-12-30T18:12:47.222+0000] {processor.py:161} INFO - Started process (PID=8561) to work on /opt/airflow/dags/ml_models.py
[2025-12-30T18:12:47.225+0000] {processor.py:830} INFO - Processing file /opt/airflow/dags/ml_models.py for tasks to queue
[2025-12-30T18:12:47.227+0000] {logging_mixin.py:188} INFO - [2025-12-30T18:12:47.226+0000] {dagbag.py:538} INFO - Filling up the DagBag from /opt/airflow/dags/ml_models.py
[2025-12-30T18:12:47.274+0000] {processor.py:840} INFO - DAG(s) 'ml_models' retrieved from /opt/airflow/dags/ml_models.py
[2025-12-30T18:12:47.338+0000] {logging_mixin.py:188} INFO - [2025-12-30T18:12:47.338+0000] {dag.py:3036} INFO - Sync 1 DAGs
[2025-12-30T18:12:47.385+0000] {logging_mixin.py:188} INFO - [2025-12-30T18:12:47.385+0000] {dag.py:3823} INFO - Setting next_dagrun for ml_models to 2025-12-29 00:00:00+00:00, run_after=2025-12-30 00:00:00+00:00
[2025-12-30T18:12:47.423+0000] {processor.py:183} INFO - Processing /opt/airflow/dags/ml_models.py took 0.209 seconds
[2025-12-30T18:13:18.310+0000] {processor.py:161} INFO - Started process (PID=8581) to work on /opt/airflow/dags/ml_models.py
[2025-12-30T18:13:18.313+0000] {processor.py:830} INFO - Processing file /opt/airflow/dags/ml_models.py for tasks to queue
[2025-12-30T18:13:18.314+0000] {logging_mixin.py:188} INFO - [2025-12-30T18:13:18.314+0000] {dagbag.py:538} INFO - Filling up the DagBag from /opt/airflow/dags/ml_models.py
[2025-12-30T18:13:18.358+0000] {processor.py:840} INFO - DAG(s) 'ml_models' retrieved from /opt/airflow/dags/ml_models.py
[2025-12-30T18:13:18.416+0000] {logging_mixin.py:188} INFO - [2025-12-30T18:13:18.416+0000] {dag.py:3036} INFO - Sync 1 DAGs
[2025-12-30T18:13:18.465+0000] {logging_mixin.py:188} INFO - [2025-12-30T18:13:18.464+0000] {dag.py:3823} INFO - Setting next_dagrun for ml_models to 2025-12-29 00:00:00+00:00, run_after=2025-12-30 00:00:00+00:00
[2025-12-30T18:13:18.543+0000] {processor.py:183} INFO - Processing /opt/airflow/dags/ml_models.py took 0.245 seconds
[2025-12-30T18:13:49.399+0000] {processor.py:161} INFO - Started process (PID=8601) to work on /opt/airflow/dags/ml_models.py
[2025-12-30T18:13:49.402+0000] {processor.py:830} INFO - Processing file /opt/airflow/dags/ml_models.py for tasks to queue
[2025-12-30T18:13:49.404+0000] {logging_mixin.py:188} INFO - [2025-12-30T18:13:49.403+0000] {dagbag.py:538} INFO - Filling up the DagBag from /opt/airflow/dags/ml_models.py
[2025-12-30T18:13:49.482+0000] {processor.py:840} INFO - DAG(s) 'ml_models' retrieved from /opt/airflow/dags/ml_models.py
[2025-12-30T18:13:49.548+0000] {logging_mixin.py:188} INFO - [2025-12-30T18:13:49.547+0000] {dag.py:3036} INFO - Sync 1 DAGs
[2025-12-30T18:13:49.599+0000] {logging_mixin.py:188} INFO - [2025-12-30T18:13:49.599+0000] {dag.py:3823} INFO - Setting next_dagrun for ml_models to 2025-12-29 00:00:00+00:00, run_after=2025-12-30 00:00:00+00:00
[2025-12-30T18:13:49.645+0000] {processor.py:183} INFO - Processing /opt/airflow/dags/ml_models.py took 0.257 seconds
[2025-12-30T18:14:20.413+0000] {processor.py:161} INFO - Started process (PID=8621) to work on /opt/airflow/dags/ml_models.py
[2025-12-30T18:14:20.416+0000] {processor.py:830} INFO - Processing file /opt/airflow/dags/ml_models.py for tasks to queue
[2025-12-30T18:14:20.418+0000] {logging_mixin.py:188} INFO - [2025-12-30T18:14:20.417+0000] {dagbag.py:538} INFO - Filling up the DagBag from /opt/airflow/dags/ml_models.py
[2025-12-30T18:14:20.467+0000] {processor.py:840} INFO - DAG(s) 'ml_models' retrieved from /opt/airflow/dags/ml_models.py
[2025-12-30T18:14:20.525+0000] {logging_mixin.py:188} INFO - [2025-12-30T18:14:20.524+0000] {dag.py:3036} INFO - Sync 1 DAGs
[2025-12-30T18:14:20.571+0000] {logging_mixin.py:188} INFO - [2025-12-30T18:14:20.571+0000] {dag.py:3823} INFO - Setting next_dagrun for ml_models to 2025-12-29 00:00:00+00:00, run_after=2025-12-30 00:00:00+00:00
[2025-12-30T18:14:20.653+0000] {processor.py:183} INFO - Processing /opt/airflow/dags/ml_models.py took 0.248 seconds
[2025-12-30T18:14:51.465+0000] {processor.py:161} INFO - Started process (PID=8641) to work on /opt/airflow/dags/ml_models.py
[2025-12-30T18:14:51.468+0000] {processor.py:830} INFO - Processing file /opt/airflow/dags/ml_models.py for tasks to queue
[2025-12-30T18:14:51.470+0000] {logging_mixin.py:188} INFO - [2025-12-30T18:14:51.469+0000] {dagbag.py:538} INFO - Filling up the DagBag from /opt/airflow/dags/ml_models.py
[2025-12-30T18:14:51.515+0000] {processor.py:840} INFO - DAG(s) 'ml_models' retrieved from /opt/airflow/dags/ml_models.py
[2025-12-30T18:14:51.571+0000] {logging_mixin.py:188} INFO - [2025-12-30T18:14:51.571+0000] {dag.py:3036} INFO - Sync 1 DAGs
[2025-12-30T18:14:51.621+0000] {logging_mixin.py:188} INFO - [2025-12-30T18:14:51.621+0000] {dag.py:3823} INFO - Setting next_dagrun for ml_models to 2025-12-29 00:00:00+00:00, run_after=2025-12-30 00:00:00+00:00
[2025-12-30T18:14:51.661+0000] {processor.py:183} INFO - Processing /opt/airflow/dags/ml_models.py took 0.203 seconds
[2025-12-30T18:15:22.702+0000] {processor.py:161} INFO - Started process (PID=8661) to work on /opt/airflow/dags/ml_models.py
[2025-12-30T18:15:22.705+0000] {processor.py:830} INFO - Processing file /opt/airflow/dags/ml_models.py for tasks to queue
[2025-12-30T18:15:22.707+0000] {logging_mixin.py:188} INFO - [2025-12-30T18:15:22.706+0000] {dagbag.py:538} INFO - Filling up the DagBag from /opt/airflow/dags/ml_models.py
[2025-12-30T18:15:22.753+0000] {processor.py:840} INFO - DAG(s) 'ml_models' retrieved from /opt/airflow/dags/ml_models.py
[2025-12-30T18:15:22.810+0000] {logging_mixin.py:188} INFO - [2025-12-30T18:15:22.810+0000] {dag.py:3036} INFO - Sync 1 DAGs
[2025-12-30T18:15:22.863+0000] {logging_mixin.py:188} INFO - [2025-12-30T18:15:22.862+0000] {dag.py:3823} INFO - Setting next_dagrun for ml_models to 2025-12-29 00:00:00+00:00, run_after=2025-12-30 00:00:00+00:00
[2025-12-30T18:15:22.905+0000] {processor.py:183} INFO - Processing /opt/airflow/dags/ml_models.py took 0.209 seconds
[2025-12-30T18:15:53.876+0000] {processor.py:161} INFO - Started process (PID=8681) to work on /opt/airflow/dags/ml_models.py
[2025-12-30T18:15:53.880+0000] {processor.py:830} INFO - Processing file /opt/airflow/dags/ml_models.py for tasks to queue
[2025-12-30T18:15:53.883+0000] {logging_mixin.py:188} INFO - [2025-12-30T18:15:53.882+0000] {dagbag.py:538} INFO - Filling up the DagBag from /opt/airflow/dags/ml_models.py
[2025-12-30T18:15:53.967+0000] {processor.py:840} INFO - DAG(s) 'ml_models' retrieved from /opt/airflow/dags/ml_models.py
[2025-12-30T18:15:54.028+0000] {logging_mixin.py:188} INFO - [2025-12-30T18:15:54.027+0000] {dag.py:3036} INFO - Sync 1 DAGs
[2025-12-30T18:15:54.080+0000] {logging_mixin.py:188} INFO - [2025-12-30T18:15:54.077+0000] {dag.py:3823} INFO - Setting next_dagrun for ml_models to 2025-12-29 00:00:00+00:00, run_after=2025-12-30 00:00:00+00:00
[2025-12-30T18:15:54.124+0000] {processor.py:183} INFO - Processing /opt/airflow/dags/ml_models.py took 0.254 seconds
[2025-12-30T18:16:24.907+0000] {processor.py:161} INFO - Started process (PID=8701) to work on /opt/airflow/dags/ml_models.py
[2025-12-30T18:16:24.909+0000] {processor.py:830} INFO - Processing file /opt/airflow/dags/ml_models.py for tasks to queue
[2025-12-30T18:16:24.910+0000] {logging_mixin.py:188} INFO - [2025-12-30T18:16:24.910+0000] {dagbag.py:538} INFO - Filling up the DagBag from /opt/airflow/dags/ml_models.py
[2025-12-30T18:16:24.954+0000] {processor.py:840} INFO - DAG(s) 'ml_models' retrieved from /opt/airflow/dags/ml_models.py
[2025-12-30T18:16:25.000+0000] {logging_mixin.py:188} INFO - [2025-12-30T18:16:25.000+0000] {dag.py:3036} INFO - Sync 1 DAGs
[2025-12-30T18:16:25.040+0000] {logging_mixin.py:188} INFO - [2025-12-30T18:16:25.040+0000] {dag.py:3823} INFO - Setting next_dagrun for ml_models to 2025-12-29 00:00:00+00:00, run_after=2025-12-30 00:00:00+00:00
[2025-12-30T18:16:25.075+0000] {processor.py:183} INFO - Processing /opt/airflow/dags/ml_models.py took 0.174 seconds
[2025-12-30T18:16:55.949+0000] {processor.py:161} INFO - Started process (PID=8721) to work on /opt/airflow/dags/ml_models.py
[2025-12-30T18:16:55.952+0000] {processor.py:830} INFO - Processing file /opt/airflow/dags/ml_models.py for tasks to queue
[2025-12-30T18:16:55.954+0000] {logging_mixin.py:188} INFO - [2025-12-30T18:16:55.953+0000] {dagbag.py:538} INFO - Filling up the DagBag from /opt/airflow/dags/ml_models.py
[2025-12-30T18:16:56.035+0000] {processor.py:840} INFO - DAG(s) 'ml_models' retrieved from /opt/airflow/dags/ml_models.py
[2025-12-30T18:16:56.093+0000] {logging_mixin.py:188} INFO - [2025-12-30T18:16:56.092+0000] {dag.py:3036} INFO - Sync 1 DAGs
[2025-12-30T18:16:56.144+0000] {logging_mixin.py:188} INFO - [2025-12-30T18:16:56.143+0000] {dag.py:3823} INFO - Setting next_dagrun for ml_models to 2025-12-29 00:00:00+00:00, run_after=2025-12-30 00:00:00+00:00
[2025-12-30T18:16:56.187+0000] {processor.py:183} INFO - Processing /opt/airflow/dags/ml_models.py took 0.245 seconds
[2025-12-30T18:17:27.121+0000] {processor.py:161} INFO - Started process (PID=8741) to work on /opt/airflow/dags/ml_models.py
[2025-12-30T18:17:27.123+0000] {processor.py:830} INFO - Processing file /opt/airflow/dags/ml_models.py for tasks to queue
[2025-12-30T18:17:27.126+0000] {logging_mixin.py:188} INFO - [2025-12-30T18:17:27.125+0000] {dagbag.py:538} INFO - Filling up the DagBag from /opt/airflow/dags/ml_models.py
[2025-12-30T18:17:27.172+0000] {processor.py:840} INFO - DAG(s) 'ml_models' retrieved from /opt/airflow/dags/ml_models.py
[2025-12-30T18:17:27.223+0000] {logging_mixin.py:188} INFO - [2025-12-30T18:17:27.222+0000] {dag.py:3036} INFO - Sync 1 DAGs
[2025-12-30T18:17:27.270+0000] {logging_mixin.py:188} INFO - [2025-12-30T18:17:27.270+0000] {dag.py:3823} INFO - Setting next_dagrun for ml_models to 2025-12-29 00:00:00+00:00, run_after=2025-12-30 00:00:00+00:00
[2025-12-30T18:17:27.311+0000] {processor.py:183} INFO - Processing /opt/airflow/dags/ml_models.py took 0.196 seconds
[2025-12-30T18:17:58.101+0000] {processor.py:161} INFO - Started process (PID=8761) to work on /opt/airflow/dags/ml_models.py
[2025-12-30T18:17:58.104+0000] {processor.py:830} INFO - Processing file /opt/airflow/dags/ml_models.py for tasks to queue
[2025-12-30T18:17:58.107+0000] {logging_mixin.py:188} INFO - [2025-12-30T18:17:58.106+0000] {dagbag.py:538} INFO - Filling up the DagBag from /opt/airflow/dags/ml_models.py
[2025-12-30T18:17:58.192+0000] {processor.py:840} INFO - DAG(s) 'ml_models' retrieved from /opt/airflow/dags/ml_models.py
[2025-12-30T18:17:58.254+0000] {logging_mixin.py:188} INFO - [2025-12-30T18:17:58.253+0000] {dag.py:3036} INFO - Sync 1 DAGs
[2025-12-30T18:17:58.306+0000] {logging_mixin.py:188} INFO - [2025-12-30T18:17:58.305+0000] {dag.py:3823} INFO - Setting next_dagrun for ml_models to 2025-12-29 00:00:00+00:00, run_after=2025-12-30 00:00:00+00:00
[2025-12-30T18:17:58.352+0000] {processor.py:183} INFO - Processing /opt/airflow/dags/ml_models.py took 0.261 seconds
[2025-12-30T18:18:29.165+0000] {processor.py:161} INFO - Started process (PID=8781) to work on /opt/airflow/dags/ml_models.py
[2025-12-30T18:18:29.168+0000] {processor.py:830} INFO - Processing file /opt/airflow/dags/ml_models.py for tasks to queue
[2025-12-30T18:18:29.169+0000] {logging_mixin.py:188} INFO - [2025-12-30T18:18:29.169+0000] {dagbag.py:538} INFO - Filling up the DagBag from /opt/airflow/dags/ml_models.py
[2025-12-30T18:18:29.206+0000] {processor.py:840} INFO - DAG(s) 'ml_models' retrieved from /opt/airflow/dags/ml_models.py
[2025-12-30T18:18:29.256+0000] {logging_mixin.py:188} INFO - [2025-12-30T18:18:29.255+0000] {dag.py:3036} INFO - Sync 1 DAGs
[2025-12-30T18:18:29.305+0000] {logging_mixin.py:188} INFO - [2025-12-30T18:18:29.305+0000] {dag.py:3823} INFO - Setting next_dagrun for ml_models to 2025-12-29 00:00:00+00:00, run_after=2025-12-30 00:00:00+00:00
[2025-12-30T18:18:29.384+0000] {processor.py:183} INFO - Processing /opt/airflow/dags/ml_models.py took 0.226 seconds
[2025-12-30T18:19:00.239+0000] {processor.py:161} INFO - Started process (PID=8801) to work on /opt/airflow/dags/ml_models.py
[2025-12-30T18:19:00.241+0000] {processor.py:830} INFO - Processing file /opt/airflow/dags/ml_models.py for tasks to queue
[2025-12-30T18:19:00.246+0000] {logging_mixin.py:188} INFO - [2025-12-30T18:19:00.245+0000] {dagbag.py:538} INFO - Filling up the DagBag from /opt/airflow/dags/ml_models.py
[2025-12-30T18:19:00.329+0000] {processor.py:840} INFO - DAG(s) 'ml_models' retrieved from /opt/airflow/dags/ml_models.py
[2025-12-30T18:19:00.388+0000] {logging_mixin.py:188} INFO - [2025-12-30T18:19:00.387+0000] {dag.py:3036} INFO - Sync 1 DAGs
[2025-12-30T18:19:00.441+0000] {logging_mixin.py:188} INFO - [2025-12-30T18:19:00.441+0000] {dag.py:3823} INFO - Setting next_dagrun for ml_models to 2025-12-29 00:00:00+00:00, run_after=2025-12-30 00:00:00+00:00
[2025-12-30T18:19:00.485+0000] {processor.py:183} INFO - Processing /opt/airflow/dags/ml_models.py took 0.253 seconds
[2025-12-30T18:19:31.429+0000] {processor.py:161} INFO - Started process (PID=8821) to work on /opt/airflow/dags/ml_models.py
[2025-12-30T18:19:31.432+0000] {processor.py:830} INFO - Processing file /opt/airflow/dags/ml_models.py for tasks to queue
[2025-12-30T18:19:31.434+0000] {logging_mixin.py:188} INFO - [2025-12-30T18:19:31.434+0000] {dagbag.py:538} INFO - Filling up the DagBag from /opt/airflow/dags/ml_models.py
[2025-12-30T18:19:31.481+0000] {processor.py:840} INFO - DAG(s) 'ml_models' retrieved from /opt/airflow/dags/ml_models.py
[2025-12-30T18:19:31.541+0000] {logging_mixin.py:188} INFO - [2025-12-30T18:19:31.540+0000] {dag.py:3036} INFO - Sync 1 DAGs
[2025-12-30T18:19:31.595+0000] {logging_mixin.py:188} INFO - [2025-12-30T18:19:31.592+0000] {dag.py:3823} INFO - Setting next_dagrun for ml_models to 2025-12-29 00:00:00+00:00, run_after=2025-12-30 00:00:00+00:00
[2025-12-30T18:19:31.641+0000] {processor.py:183} INFO - Processing /opt/airflow/dags/ml_models.py took 0.219 seconds
[2025-12-30T18:20:01.781+0000] {processor.py:161} INFO - Started process (PID=8841) to work on /opt/airflow/dags/ml_models.py
[2025-12-30T18:20:01.784+0000] {processor.py:830} INFO - Processing file /opt/airflow/dags/ml_models.py for tasks to queue
[2025-12-30T18:20:01.786+0000] {logging_mixin.py:188} INFO - [2025-12-30T18:20:01.786+0000] {dagbag.py:538} INFO - Filling up the DagBag from /opt/airflow/dags/ml_models.py
[2025-12-30T18:20:01.861+0000] {processor.py:840} INFO - DAG(s) 'ml_models' retrieved from /opt/airflow/dags/ml_models.py
[2025-12-30T18:20:01.922+0000] {logging_mixin.py:188} INFO - [2025-12-30T18:20:01.921+0000] {dag.py:3036} INFO - Sync 1 DAGs
[2025-12-30T18:20:01.973+0000] {logging_mixin.py:188} INFO - [2025-12-30T18:20:01.972+0000] {dag.py:3823} INFO - Setting next_dagrun for ml_models to 2025-12-29 00:00:00+00:00, run_after=2025-12-30 00:00:00+00:00
[2025-12-30T18:20:02.017+0000] {processor.py:183} INFO - Processing /opt/airflow/dags/ml_models.py took 0.245 seconds
[2025-12-30T18:20:33.061+0000] {processor.py:161} INFO - Started process (PID=8861) to work on /opt/airflow/dags/ml_models.py
[2025-12-30T18:20:33.064+0000] {processor.py:830} INFO - Processing file /opt/airflow/dags/ml_models.py for tasks to queue
[2025-12-30T18:20:33.067+0000] {logging_mixin.py:188} INFO - [2025-12-30T18:20:33.066+0000] {dagbag.py:538} INFO - Filling up the DagBag from /opt/airflow/dags/ml_models.py
[2025-12-30T18:20:33.115+0000] {processor.py:840} INFO - DAG(s) 'ml_models' retrieved from /opt/airflow/dags/ml_models.py
[2025-12-30T18:20:33.172+0000] {logging_mixin.py:188} INFO - [2025-12-30T18:20:33.171+0000] {dag.py:3036} INFO - Sync 1 DAGs
[2025-12-30T18:20:33.224+0000] {logging_mixin.py:188} INFO - [2025-12-30T18:20:33.224+0000] {dag.py:3823} INFO - Setting next_dagrun for ml_models to 2025-12-29 00:00:00+00:00, run_after=2025-12-30 00:00:00+00:00
[2025-12-30T18:20:33.270+0000] {processor.py:183} INFO - Processing /opt/airflow/dags/ml_models.py took 0.216 seconds
[2025-12-30T18:21:04.187+0000] {processor.py:161} INFO - Started process (PID=8881) to work on /opt/airflow/dags/ml_models.py
[2025-12-30T18:21:04.189+0000] {processor.py:830} INFO - Processing file /opt/airflow/dags/ml_models.py for tasks to queue
[2025-12-30T18:21:04.191+0000] {logging_mixin.py:188} INFO - [2025-12-30T18:21:04.191+0000] {dagbag.py:538} INFO - Filling up the DagBag from /opt/airflow/dags/ml_models.py
[2025-12-30T18:21:04.273+0000] {processor.py:840} INFO - DAG(s) 'ml_models' retrieved from /opt/airflow/dags/ml_models.py
[2025-12-30T18:21:04.342+0000] {logging_mixin.py:188} INFO - [2025-12-30T18:21:04.341+0000] {dag.py:3036} INFO - Sync 1 DAGs
[2025-12-30T18:21:04.401+0000] {logging_mixin.py:188} INFO - [2025-12-30T18:21:04.401+0000] {dag.py:3823} INFO - Setting next_dagrun for ml_models to 2025-12-29 00:00:00+00:00, run_after=2025-12-30 00:00:00+00:00
[2025-12-30T18:21:04.446+0000] {processor.py:183} INFO - Processing /opt/airflow/dags/ml_models.py took 0.271 seconds
[2025-12-30T18:21:35.200+0000] {processor.py:161} INFO - Started process (PID=8901) to work on /opt/airflow/dags/ml_models.py
[2025-12-30T18:21:35.203+0000] {processor.py:830} INFO - Processing file /opt/airflow/dags/ml_models.py for tasks to queue
[2025-12-30T18:21:35.205+0000] {logging_mixin.py:188} INFO - [2025-12-30T18:21:35.205+0000] {dagbag.py:538} INFO - Filling up the DagBag from /opt/airflow/dags/ml_models.py
[2025-12-30T18:21:35.242+0000] {processor.py:840} INFO - DAG(s) 'ml_models' retrieved from /opt/airflow/dags/ml_models.py
[2025-12-30T18:21:35.292+0000] {logging_mixin.py:188} INFO - [2025-12-30T18:21:35.292+0000] {dag.py:3036} INFO - Sync 1 DAGs
[2025-12-30T18:21:35.340+0000] {logging_mixin.py:188} INFO - [2025-12-30T18:21:35.340+0000] {dag.py:3823} INFO - Setting next_dagrun for ml_models to 2025-12-29 00:00:00+00:00, run_after=2025-12-30 00:00:00+00:00
[2025-12-30T18:21:35.418+0000] {processor.py:183} INFO - Processing /opt/airflow/dags/ml_models.py took 0.226 seconds
[2025-12-30T18:22:06.162+0000] {processor.py:161} INFO - Started process (PID=8921) to work on /opt/airflow/dags/ml_models.py
[2025-12-30T18:22:06.167+0000] {processor.py:830} INFO - Processing file /opt/airflow/dags/ml_models.py for tasks to queue
[2025-12-30T18:22:06.169+0000] {logging_mixin.py:188} INFO - [2025-12-30T18:22:06.168+0000] {dagbag.py:538} INFO - Filling up the DagBag from /opt/airflow/dags/ml_models.py
[2025-12-30T18:22:06.250+0000] {processor.py:840} INFO - DAG(s) 'ml_models' retrieved from /opt/airflow/dags/ml_models.py
[2025-12-30T18:22:06.310+0000] {logging_mixin.py:188} INFO - [2025-12-30T18:22:06.310+0000] {dag.py:3036} INFO - Sync 1 DAGs
[2025-12-30T18:22:06.358+0000] {logging_mixin.py:188} INFO - [2025-12-30T18:22:06.358+0000] {dag.py:3823} INFO - Setting next_dagrun for ml_models to 2025-12-29 00:00:00+00:00, run_after=2025-12-30 00:00:00+00:00
[2025-12-30T18:22:06.399+0000] {processor.py:183} INFO - Processing /opt/airflow/dags/ml_models.py took 0.243 seconds
[2025-12-30T18:22:37.166+0000] {processor.py:161} INFO - Started process (PID=8941) to work on /opt/airflow/dags/ml_models.py
[2025-12-30T18:22:37.167+0000] {processor.py:830} INFO - Processing file /opt/airflow/dags/ml_models.py for tasks to queue
[2025-12-30T18:22:37.169+0000] {logging_mixin.py:188} INFO - [2025-12-30T18:22:37.169+0000] {dagbag.py:538} INFO - Filling up the DagBag from /opt/airflow/dags/ml_models.py
[2025-12-30T18:22:37.209+0000] {processor.py:840} INFO - DAG(s) 'ml_models' retrieved from /opt/airflow/dags/ml_models.py
[2025-12-30T18:22:37.260+0000] {logging_mixin.py:188} INFO - [2025-12-30T18:22:37.260+0000] {dag.py:3036} INFO - Sync 1 DAGs
[2025-12-30T18:22:37.305+0000] {logging_mixin.py:188} INFO - [2025-12-30T18:22:37.305+0000] {dag.py:3823} INFO - Setting next_dagrun for ml_models to 2025-12-29 00:00:00+00:00, run_after=2025-12-30 00:00:00+00:00
[2025-12-30T18:22:37.390+0000] {processor.py:183} INFO - Processing /opt/airflow/dags/ml_models.py took 0.230 seconds
[2025-12-30T18:23:08.296+0000] {processor.py:161} INFO - Started process (PID=8961) to work on /opt/airflow/dags/ml_models.py
[2025-12-30T18:23:08.298+0000] {processor.py:830} INFO - Processing file /opt/airflow/dags/ml_models.py for tasks to queue
[2025-12-30T18:23:08.302+0000] {logging_mixin.py:188} INFO - [2025-12-30T18:23:08.301+0000] {dagbag.py:538} INFO - Filling up the DagBag from /opt/airflow/dags/ml_models.py
[2025-12-30T18:23:08.388+0000] {processor.py:840} INFO - DAG(s) 'ml_models' retrieved from /opt/airflow/dags/ml_models.py
[2025-12-30T18:23:08.447+0000] {logging_mixin.py:188} INFO - [2025-12-30T18:23:08.446+0000] {dag.py:3036} INFO - Sync 1 DAGs
[2025-12-30T18:23:08.500+0000] {logging_mixin.py:188} INFO - [2025-12-30T18:23:08.499+0000] {dag.py:3823} INFO - Setting next_dagrun for ml_models to 2025-12-29 00:00:00+00:00, run_after=2025-12-30 00:00:00+00:00
[2025-12-30T18:23:08.542+0000] {processor.py:183} INFO - Processing /opt/airflow/dags/ml_models.py took 0.253 seconds
[2025-12-30T18:23:39.337+0000] {processor.py:161} INFO - Started process (PID=8981) to work on /opt/airflow/dags/ml_models.py
[2025-12-30T18:23:39.340+0000] {processor.py:830} INFO - Processing file /opt/airflow/dags/ml_models.py for tasks to queue
[2025-12-30T18:23:39.342+0000] {logging_mixin.py:188} INFO - [2025-12-30T18:23:39.341+0000] {dagbag.py:538} INFO - Filling up the DagBag from /opt/airflow/dags/ml_models.py
[2025-12-30T18:23:39.385+0000] {processor.py:840} INFO - DAG(s) 'ml_models' retrieved from /opt/airflow/dags/ml_models.py
[2025-12-30T18:23:39.430+0000] {logging_mixin.py:188} INFO - [2025-12-30T18:23:39.429+0000] {dag.py:3036} INFO - Sync 1 DAGs
[2025-12-30T18:23:39.475+0000] {logging_mixin.py:188} INFO - [2025-12-30T18:23:39.474+0000] {dag.py:3823} INFO - Setting next_dagrun for ml_models to 2025-12-29 00:00:00+00:00, run_after=2025-12-30 00:00:00+00:00
[2025-12-30T18:23:39.547+0000] {processor.py:183} INFO - Processing /opt/airflow/dags/ml_models.py took 0.218 seconds
[2025-12-30T18:24:10.405+0000] {processor.py:161} INFO - Started process (PID=9001) to work on /opt/airflow/dags/ml_models.py
[2025-12-30T18:24:10.407+0000] {processor.py:830} INFO - Processing file /opt/airflow/dags/ml_models.py for tasks to queue
[2025-12-30T18:24:10.409+0000] {logging_mixin.py:188} INFO - [2025-12-30T18:24:10.408+0000] {dagbag.py:538} INFO - Filling up the DagBag from /opt/airflow/dags/ml_models.py
[2025-12-30T18:24:10.449+0000] {processor.py:840} INFO - DAG(s) 'ml_models' retrieved from /opt/airflow/dags/ml_models.py
[2025-12-30T18:24:10.508+0000] {logging_mixin.py:188} INFO - [2025-12-30T18:24:10.507+0000] {dag.py:3036} INFO - Sync 1 DAGs
[2025-12-30T18:24:10.561+0000] {logging_mixin.py:188} INFO - [2025-12-30T18:24:10.561+0000] {dag.py:3823} INFO - Setting next_dagrun for ml_models to 2025-12-29 00:00:00+00:00, run_after=2025-12-30 00:00:00+00:00
[2025-12-30T18:24:10.604+0000] {processor.py:183} INFO - Processing /opt/airflow/dags/ml_models.py took 0.206 seconds
[2025-12-30T18:24:41.451+0000] {processor.py:161} INFO - Started process (PID=9021) to work on /opt/airflow/dags/ml_models.py
[2025-12-30T18:24:41.454+0000] {processor.py:830} INFO - Processing file /opt/airflow/dags/ml_models.py for tasks to queue
[2025-12-30T18:24:41.456+0000] {logging_mixin.py:188} INFO - [2025-12-30T18:24:41.455+0000] {dagbag.py:538} INFO - Filling up the DagBag from /opt/airflow/dags/ml_models.py
[2025-12-30T18:24:41.496+0000] {processor.py:840} INFO - DAG(s) 'ml_models' retrieved from /opt/airflow/dags/ml_models.py
[2025-12-30T18:24:41.542+0000] {logging_mixin.py:188} INFO - [2025-12-30T18:24:41.542+0000] {dag.py:3036} INFO - Sync 1 DAGs
[2025-12-30T18:24:41.584+0000] {logging_mixin.py:188} INFO - [2025-12-30T18:24:41.584+0000] {dag.py:3823} INFO - Setting next_dagrun for ml_models to 2025-12-29 00:00:00+00:00, run_after=2025-12-30 00:00:00+00:00
[2025-12-30T18:24:41.619+0000] {processor.py:183} INFO - Processing /opt/airflow/dags/ml_models.py took 0.176 seconds
[2025-12-30T18:25:12.585+0000] {processor.py:161} INFO - Started process (PID=9041) to work on /opt/airflow/dags/ml_models.py
[2025-12-30T18:25:12.587+0000] {processor.py:830} INFO - Processing file /opt/airflow/dags/ml_models.py for tasks to queue
[2025-12-30T18:25:12.589+0000] {logging_mixin.py:188} INFO - [2025-12-30T18:25:12.588+0000] {dagbag.py:538} INFO - Filling up the DagBag from /opt/airflow/dags/ml_models.py
[2025-12-30T18:25:12.665+0000] {processor.py:840} INFO - DAG(s) 'ml_models' retrieved from /opt/airflow/dags/ml_models.py
[2025-12-30T18:25:12.721+0000] {logging_mixin.py:188} INFO - [2025-12-30T18:25:12.720+0000] {dag.py:3036} INFO - Sync 1 DAGs
[2025-12-30T18:25:12.773+0000] {logging_mixin.py:188} INFO - [2025-12-30T18:25:12.772+0000] {dag.py:3823} INFO - Setting next_dagrun for ml_models to 2025-12-29 00:00:00+00:00, run_after=2025-12-30 00:00:00+00:00
[2025-12-30T18:25:12.826+0000] {processor.py:183} INFO - Processing /opt/airflow/dags/ml_models.py took 0.251 seconds
[2025-12-30T18:25:43.609+0000] {processor.py:161} INFO - Started process (PID=9061) to work on /opt/airflow/dags/ml_models.py
[2025-12-30T18:25:43.611+0000] {processor.py:830} INFO - Processing file /opt/airflow/dags/ml_models.py for tasks to queue
[2025-12-30T18:25:43.615+0000] {logging_mixin.py:188} INFO - [2025-12-30T18:25:43.614+0000] {dagbag.py:538} INFO - Filling up the DagBag from /opt/airflow/dags/ml_models.py
[2025-12-30T18:25:43.658+0000] {processor.py:840} INFO - DAG(s) 'ml_models' retrieved from /opt/airflow/dags/ml_models.py
[2025-12-30T18:25:43.705+0000] {logging_mixin.py:188} INFO - [2025-12-30T18:25:43.705+0000] {dag.py:3036} INFO - Sync 1 DAGs
[2025-12-30T18:25:43.754+0000] {logging_mixin.py:188} INFO - [2025-12-30T18:25:43.754+0000] {dag.py:3823} INFO - Setting next_dagrun for ml_models to 2025-12-29 00:00:00+00:00, run_after=2025-12-30 00:00:00+00:00
[2025-12-30T18:25:43.823+0000] {processor.py:183} INFO - Processing /opt/airflow/dags/ml_models.py took 0.222 seconds
[2025-12-30T18:26:14.650+0000] {processor.py:161} INFO - Started process (PID=9081) to work on /opt/airflow/dags/ml_models.py
[2025-12-30T18:26:14.653+0000] {processor.py:830} INFO - Processing file /opt/airflow/dags/ml_models.py for tasks to queue
[2025-12-30T18:26:14.655+0000] {logging_mixin.py:188} INFO - [2025-12-30T18:26:14.654+0000] {dagbag.py:538} INFO - Filling up the DagBag from /opt/airflow/dags/ml_models.py
[2025-12-30T18:26:14.695+0000] {processor.py:840} INFO - DAG(s) 'ml_models' retrieved from /opt/airflow/dags/ml_models.py
[2025-12-30T18:26:14.750+0000] {logging_mixin.py:188} INFO - [2025-12-30T18:26:14.749+0000] {dag.py:3036} INFO - Sync 1 DAGs
[2025-12-30T18:26:14.795+0000] {logging_mixin.py:188} INFO - [2025-12-30T18:26:14.794+0000] {dag.py:3823} INFO - Setting next_dagrun for ml_models to 2025-12-29 00:00:00+00:00, run_after=2025-12-30 00:00:00+00:00
[2025-12-30T18:26:14.874+0000] {processor.py:183} INFO - Processing /opt/airflow/dags/ml_models.py took 0.231 seconds
[2025-12-30T18:26:45.650+0000] {processor.py:161} INFO - Started process (PID=9101) to work on /opt/airflow/dags/ml_models.py
[2025-12-30T18:26:45.652+0000] {processor.py:830} INFO - Processing file /opt/airflow/dags/ml_models.py for tasks to queue
[2025-12-30T18:26:45.654+0000] {logging_mixin.py:188} INFO - [2025-12-30T18:26:45.653+0000] {dagbag.py:538} INFO - Filling up the DagBag from /opt/airflow/dags/ml_models.py
[2025-12-30T18:26:45.722+0000] {processor.py:840} INFO - DAG(s) 'ml_models' retrieved from /opt/airflow/dags/ml_models.py
[2025-12-30T18:26:45.776+0000] {logging_mixin.py:188} INFO - [2025-12-30T18:26:45.775+0000] {dag.py:3036} INFO - Sync 1 DAGs
[2025-12-30T18:26:45.816+0000] {logging_mixin.py:188} INFO - [2025-12-30T18:26:45.815+0000] {dag.py:3823} INFO - Setting next_dagrun for ml_models to 2025-12-29 00:00:00+00:00, run_after=2025-12-30 00:00:00+00:00
[2025-12-30T18:26:45.849+0000] {processor.py:183} INFO - Processing /opt/airflow/dags/ml_models.py took 0.209 seconds
[2025-12-30T18:27:16.641+0000] {processor.py:161} INFO - Started process (PID=9121) to work on /opt/airflow/dags/ml_models.py
[2025-12-30T18:27:16.644+0000] {processor.py:830} INFO - Processing file /opt/airflow/dags/ml_models.py for tasks to queue
[2025-12-30T18:27:16.645+0000] {logging_mixin.py:188} INFO - [2025-12-30T18:27:16.645+0000] {dagbag.py:538} INFO - Filling up the DagBag from /opt/airflow/dags/ml_models.py
[2025-12-30T18:27:16.682+0000] {processor.py:840} INFO - DAG(s) 'ml_models' retrieved from /opt/airflow/dags/ml_models.py
[2025-12-30T18:27:16.738+0000] {logging_mixin.py:188} INFO - [2025-12-30T18:27:16.738+0000] {dag.py:3036} INFO - Sync 1 DAGs
[2025-12-30T18:27:16.784+0000] {logging_mixin.py:188} INFO - [2025-12-30T18:27:16.784+0000] {dag.py:3823} INFO - Setting next_dagrun for ml_models to 2025-12-29 00:00:00+00:00, run_after=2025-12-30 00:00:00+00:00
[2025-12-30T18:27:16.863+0000] {processor.py:183} INFO - Processing /opt/airflow/dags/ml_models.py took 0.229 seconds
[2025-12-30T18:27:47.632+0000] {processor.py:161} INFO - Started process (PID=9141) to work on /opt/airflow/dags/ml_models.py
[2025-12-30T18:27:47.637+0000] {processor.py:830} INFO - Processing file /opt/airflow/dags/ml_models.py for tasks to queue
[2025-12-30T18:27:47.639+0000] {logging_mixin.py:188} INFO - [2025-12-30T18:27:47.638+0000] {dagbag.py:538} INFO - Filling up the DagBag from /opt/airflow/dags/ml_models.py
[2025-12-30T18:27:47.715+0000] {processor.py:840} INFO - DAG(s) 'ml_models' retrieved from /opt/airflow/dags/ml_models.py
[2025-12-30T18:27:47.769+0000] {logging_mixin.py:188} INFO - [2025-12-30T18:27:47.768+0000] {dag.py:3036} INFO - Sync 1 DAGs
[2025-12-30T18:27:47.812+0000] {logging_mixin.py:188} INFO - [2025-12-30T18:27:47.812+0000] {dag.py:3823} INFO - Setting next_dagrun for ml_models to 2025-12-29 00:00:00+00:00, run_after=2025-12-30 00:00:00+00:00
[2025-12-30T18:27:47.857+0000] {processor.py:183} INFO - Processing /opt/airflow/dags/ml_models.py took 0.237 seconds
[2025-12-30T18:28:18.715+0000] {processor.py:161} INFO - Started process (PID=9161) to work on /opt/airflow/dags/ml_models.py
[2025-12-30T18:28:18.718+0000] {processor.py:830} INFO - Processing file /opt/airflow/dags/ml_models.py for tasks to queue
[2025-12-30T18:28:18.720+0000] {logging_mixin.py:188} INFO - [2025-12-30T18:28:18.719+0000] {dagbag.py:538} INFO - Filling up the DagBag from /opt/airflow/dags/ml_models.py
[2025-12-30T18:28:18.758+0000] {processor.py:840} INFO - DAG(s) 'ml_models' retrieved from /opt/airflow/dags/ml_models.py
[2025-12-30T18:28:18.813+0000] {logging_mixin.py:188} INFO - [2025-12-30T18:28:18.813+0000] {dag.py:3036} INFO - Sync 1 DAGs
[2025-12-30T18:28:18.864+0000] {logging_mixin.py:188} INFO - [2025-12-30T18:28:18.864+0000] {dag.py:3823} INFO - Setting next_dagrun for ml_models to 2025-12-29 00:00:00+00:00, run_after=2025-12-30 00:00:00+00:00
[2025-12-30T18:28:18.907+0000] {processor.py:183} INFO - Processing /opt/airflow/dags/ml_models.py took 0.199 seconds
[2025-12-30T18:28:49.799+0000] {processor.py:161} INFO - Started process (PID=9181) to work on /opt/airflow/dags/ml_models.py
[2025-12-30T18:28:49.802+0000] {processor.py:830} INFO - Processing file /opt/airflow/dags/ml_models.py for tasks to queue
[2025-12-30T18:28:49.806+0000] {logging_mixin.py:188} INFO - [2025-12-30T18:28:49.803+0000] {dagbag.py:538} INFO - Filling up the DagBag from /opt/airflow/dags/ml_models.py
[2025-12-30T18:28:49.854+0000] {processor.py:840} INFO - DAG(s) 'ml_models' retrieved from /opt/airflow/dags/ml_models.py
[2025-12-30T18:28:49.916+0000] {logging_mixin.py:188} INFO - [2025-12-30T18:28:49.915+0000] {dag.py:3036} INFO - Sync 1 DAGs
[2025-12-30T18:28:49.974+0000] {logging_mixin.py:188} INFO - [2025-12-30T18:28:49.974+0000] {dag.py:3823} INFO - Setting next_dagrun for ml_models to 2025-12-29 00:00:00+00:00, run_after=2025-12-30 00:00:00+00:00
[2025-12-30T18:28:50.058+0000] {processor.py:183} INFO - Processing /opt/airflow/dags/ml_models.py took 0.270 seconds
[2025-12-30T18:29:20.946+0000] {processor.py:161} INFO - Started process (PID=9201) to work on /opt/airflow/dags/ml_models.py
[2025-12-30T18:29:20.948+0000] {processor.py:830} INFO - Processing file /opt/airflow/dags/ml_models.py for tasks to queue
[2025-12-30T18:29:20.950+0000] {logging_mixin.py:188} INFO - [2025-12-30T18:29:20.950+0000] {dagbag.py:538} INFO - Filling up the DagBag from /opt/airflow/dags/ml_models.py
[2025-12-30T18:29:20.997+0000] {processor.py:840} INFO - DAG(s) 'ml_models' retrieved from /opt/airflow/dags/ml_models.py
[2025-12-30T18:29:21.045+0000] {logging_mixin.py:188} INFO - [2025-12-30T18:29:21.045+0000] {dag.py:3036} INFO - Sync 1 DAGs
[2025-12-30T18:29:21.084+0000] {logging_mixin.py:188} INFO - [2025-12-30T18:29:21.084+0000] {dag.py:3823} INFO - Setting next_dagrun for ml_models to 2025-12-29 00:00:00+00:00, run_after=2025-12-30 00:00:00+00:00
[2025-12-30T18:29:21.163+0000] {processor.py:183} INFO - Processing /opt/airflow/dags/ml_models.py took 0.226 seconds
[2025-12-30T18:29:51.913+0000] {processor.py:161} INFO - Started process (PID=9221) to work on /opt/airflow/dags/ml_models.py
[2025-12-30T18:29:51.921+0000] {processor.py:830} INFO - Processing file /opt/airflow/dags/ml_models.py for tasks to queue
[2025-12-30T18:29:51.941+0000] {logging_mixin.py:188} INFO - [2025-12-30T18:29:51.940+0000] {dagbag.py:538} INFO - Filling up the DagBag from /opt/airflow/dags/ml_models.py
[2025-12-30T18:29:51.991+0000] {processor.py:840} INFO - DAG(s) 'ml_models' retrieved from /opt/airflow/dags/ml_models.py
[2025-12-30T18:29:52.049+0000] {logging_mixin.py:188} INFO - [2025-12-30T18:29:52.049+0000] {dag.py:3036} INFO - Sync 1 DAGs
[2025-12-30T18:29:52.103+0000] {logging_mixin.py:188} INFO - [2025-12-30T18:29:52.102+0000] {dag.py:3823} INFO - Setting next_dagrun for ml_models to 2025-12-29 00:00:00+00:00, run_after=2025-12-30 00:00:00+00:00
[2025-12-30T18:29:52.151+0000] {processor.py:183} INFO - Processing /opt/airflow/dags/ml_models.py took 0.249 seconds
[2025-12-30T18:30:23.088+0000] {processor.py:161} INFO - Started process (PID=9241) to work on /opt/airflow/dags/ml_models.py
[2025-12-30T18:30:23.091+0000] {processor.py:830} INFO - Processing file /opt/airflow/dags/ml_models.py for tasks to queue
[2025-12-30T18:30:23.093+0000] {logging_mixin.py:188} INFO - [2025-12-30T18:30:23.092+0000] {dagbag.py:538} INFO - Filling up the DagBag from /opt/airflow/dags/ml_models.py
[2025-12-30T18:30:23.131+0000] {processor.py:840} INFO - DAG(s) 'ml_models' retrieved from /opt/airflow/dags/ml_models.py
[2025-12-30T18:30:23.190+0000] {logging_mixin.py:188} INFO - [2025-12-30T18:30:23.189+0000] {dag.py:3036} INFO - Sync 1 DAGs
[2025-12-30T18:30:23.235+0000] {logging_mixin.py:188} INFO - [2025-12-30T18:30:23.235+0000] {dag.py:3823} INFO - Setting next_dagrun for ml_models to 2025-12-29 00:00:00+00:00, run_after=2025-12-30 00:00:00+00:00
[2025-12-30T18:30:23.310+0000] {processor.py:183} INFO - Processing /opt/airflow/dags/ml_models.py took 0.231 seconds
[2025-12-30T18:30:54.086+0000] {processor.py:161} INFO - Started process (PID=9261) to work on /opt/airflow/dags/ml_models.py
[2025-12-30T18:30:54.088+0000] {processor.py:830} INFO - Processing file /opt/airflow/dags/ml_models.py for tasks to queue
[2025-12-30T18:30:54.090+0000] {logging_mixin.py:188} INFO - [2025-12-30T18:30:54.089+0000] {dagbag.py:538} INFO - Filling up the DagBag from /opt/airflow/dags/ml_models.py
[2025-12-30T18:30:54.134+0000] {processor.py:840} INFO - DAG(s) 'ml_models' retrieved from /opt/airflow/dags/ml_models.py
[2025-12-30T18:30:54.205+0000] {logging_mixin.py:188} INFO - [2025-12-30T18:30:54.205+0000] {dag.py:3036} INFO - Sync 1 DAGs
[2025-12-30T18:30:54.257+0000] {logging_mixin.py:188} INFO - [2025-12-30T18:30:54.257+0000] {dag.py:3823} INFO - Setting next_dagrun for ml_models to 2025-12-29 00:00:00+00:00, run_after=2025-12-30 00:00:00+00:00
[2025-12-30T18:30:54.299+0000] {processor.py:183} INFO - Processing /opt/airflow/dags/ml_models.py took 0.220 seconds
[2025-12-30T18:31:25.147+0000] {processor.py:161} INFO - Started process (PID=9281) to work on /opt/airflow/dags/ml_models.py
[2025-12-30T18:31:25.149+0000] {processor.py:830} INFO - Processing file /opt/airflow/dags/ml_models.py for tasks to queue
[2025-12-30T18:31:25.151+0000] {logging_mixin.py:188} INFO - [2025-12-30T18:31:25.151+0000] {dagbag.py:538} INFO - Filling up the DagBag from /opt/airflow/dags/ml_models.py
[2025-12-30T18:31:25.189+0000] {processor.py:840} INFO - DAG(s) 'ml_models' retrieved from /opt/airflow/dags/ml_models.py
[2025-12-30T18:31:25.244+0000] {logging_mixin.py:188} INFO - [2025-12-30T18:31:25.243+0000] {dag.py:3036} INFO - Sync 1 DAGs
[2025-12-30T18:31:25.306+0000] {logging_mixin.py:188} INFO - [2025-12-30T18:31:25.306+0000] {dag.py:3823} INFO - Setting next_dagrun for ml_models to 2025-12-29 00:00:00+00:00, run_after=2025-12-30 00:00:00+00:00
[2025-12-30T18:31:25.340+0000] {processor.py:183} INFO - Processing /opt/airflow/dags/ml_models.py took 0.200 seconds
[2025-12-30T18:31:56.208+0000] {processor.py:161} INFO - Started process (PID=9301) to work on /opt/airflow/dags/ml_models.py
[2025-12-30T18:31:56.211+0000] {processor.py:830} INFO - Processing file /opt/airflow/dags/ml_models.py for tasks to queue
[2025-12-30T18:31:56.213+0000] {logging_mixin.py:188} INFO - [2025-12-30T18:31:56.212+0000] {dagbag.py:538} INFO - Filling up the DagBag from /opt/airflow/dags/ml_models.py
[2025-12-30T18:31:56.287+0000] {processor.py:840} INFO - DAG(s) 'ml_models' retrieved from /opt/airflow/dags/ml_models.py
[2025-12-30T18:31:56.351+0000] {logging_mixin.py:188} INFO - [2025-12-30T18:31:56.350+0000] {dag.py:3036} INFO - Sync 1 DAGs
[2025-12-30T18:31:56.393+0000] {logging_mixin.py:188} INFO - [2025-12-30T18:31:56.392+0000] {dag.py:3823} INFO - Setting next_dagrun for ml_models to 2025-12-29 00:00:00+00:00, run_after=2025-12-30 00:00:00+00:00
[2025-12-30T18:31:56.430+0000] {processor.py:183} INFO - Processing /opt/airflow/dags/ml_models.py took 0.230 seconds
[2025-12-30T18:32:27.339+0000] {processor.py:161} INFO - Started process (PID=9321) to work on /opt/airflow/dags/ml_models.py
[2025-12-30T18:32:27.341+0000] {processor.py:830} INFO - Processing file /opt/airflow/dags/ml_models.py for tasks to queue
[2025-12-30T18:32:27.343+0000] {logging_mixin.py:188} INFO - [2025-12-30T18:32:27.342+0000] {dagbag.py:538} INFO - Filling up the DagBag from /opt/airflow/dags/ml_models.py
[2025-12-30T18:32:27.383+0000] {processor.py:840} INFO - DAG(s) 'ml_models' retrieved from /opt/airflow/dags/ml_models.py
[2025-12-30T18:32:27.439+0000] {logging_mixin.py:188} INFO - [2025-12-30T18:32:27.439+0000] {dag.py:3036} INFO - Sync 1 DAGs
[2025-12-30T18:32:27.521+0000] {logging_mixin.py:188} INFO - [2025-12-30T18:32:27.520+0000] {dag.py:3823} INFO - Setting next_dagrun for ml_models to 2025-12-29 00:00:00+00:00, run_after=2025-12-30 00:00:00+00:00
[2025-12-30T18:32:27.588+0000] {processor.py:183} INFO - Processing /opt/airflow/dags/ml_models.py took 0.257 seconds
[2025-12-30T18:32:58.568+0000] {processor.py:161} INFO - Started process (PID=9341) to work on /opt/airflow/dags/ml_models.py
[2025-12-30T18:32:58.571+0000] {processor.py:830} INFO - Processing file /opt/airflow/dags/ml_models.py for tasks to queue
[2025-12-30T18:32:58.573+0000] {logging_mixin.py:188} INFO - [2025-12-30T18:32:58.573+0000] {dagbag.py:538} INFO - Filling up the DagBag from /opt/airflow/dags/ml_models.py
[2025-12-30T18:32:58.650+0000] {processor.py:840} INFO - DAG(s) 'ml_models' retrieved from /opt/airflow/dags/ml_models.py
[2025-12-30T18:32:58.703+0000] {logging_mixin.py:188} INFO - [2025-12-30T18:32:58.703+0000] {dag.py:3036} INFO - Sync 1 DAGs
[2025-12-30T18:32:58.743+0000] {logging_mixin.py:188} INFO - [2025-12-30T18:32:58.743+0000] {dag.py:3823} INFO - Setting next_dagrun for ml_models to 2025-12-29 00:00:00+00:00, run_after=2025-12-30 00:00:00+00:00
[2025-12-30T18:32:58.783+0000] {processor.py:183} INFO - Processing /opt/airflow/dags/ml_models.py took 0.224 seconds
[2025-12-30T18:33:29.650+0000] {processor.py:161} INFO - Started process (PID=9361) to work on /opt/airflow/dags/ml_models.py
[2025-12-30T18:33:29.653+0000] {processor.py:830} INFO - Processing file /opt/airflow/dags/ml_models.py for tasks to queue
[2025-12-30T18:33:29.655+0000] {logging_mixin.py:188} INFO - [2025-12-30T18:33:29.654+0000] {dagbag.py:538} INFO - Filling up the DagBag from /opt/airflow/dags/ml_models.py
[2025-12-30T18:33:29.697+0000] {processor.py:840} INFO - DAG(s) 'ml_models' retrieved from /opt/airflow/dags/ml_models.py
[2025-12-30T18:33:29.751+0000] {logging_mixin.py:188} INFO - [2025-12-30T18:33:29.751+0000] {dag.py:3036} INFO - Sync 1 DAGs
[2025-12-30T18:33:29.795+0000] {logging_mixin.py:188} INFO - [2025-12-30T18:33:29.794+0000] {dag.py:3823} INFO - Setting next_dagrun for ml_models to 2025-12-29 00:00:00+00:00, run_after=2025-12-30 00:00:00+00:00
[2025-12-30T18:33:29.830+0000] {processor.py:183} INFO - Processing /opt/airflow/dags/ml_models.py took 0.191 seconds
[2025-12-30T18:34:00.728+0000] {processor.py:161} INFO - Started process (PID=9381) to work on /opt/airflow/dags/ml_models.py
[2025-12-30T18:34:00.730+0000] {processor.py:830} INFO - Processing file /opt/airflow/dags/ml_models.py for tasks to queue
[2025-12-30T18:34:00.733+0000] {logging_mixin.py:188} INFO - [2025-12-30T18:34:00.732+0000] {dagbag.py:538} INFO - Filling up the DagBag from /opt/airflow/dags/ml_models.py
[2025-12-30T18:34:00.773+0000] {processor.py:840} INFO - DAG(s) 'ml_models' retrieved from /opt/airflow/dags/ml_models.py
[2025-12-30T18:34:00.827+0000] {logging_mixin.py:188} INFO - [2025-12-30T18:34:00.826+0000] {dag.py:3036} INFO - Sync 1 DAGs
[2025-12-30T18:34:00.874+0000] {logging_mixin.py:188} INFO - [2025-12-30T18:34:00.873+0000] {dag.py:3823} INFO - Setting next_dagrun for ml_models to 2025-12-29 00:00:00+00:00, run_after=2025-12-30 00:00:00+00:00
[2025-12-30T18:34:00.910+0000] {processor.py:183} INFO - Processing /opt/airflow/dags/ml_models.py took 0.190 seconds
[2025-12-30T18:34:31.869+0000] {processor.py:161} INFO - Started process (PID=9401) to work on /opt/airflow/dags/ml_models.py
[2025-12-30T18:34:31.872+0000] {processor.py:830} INFO - Processing file /opt/airflow/dags/ml_models.py for tasks to queue
[2025-12-30T18:34:31.874+0000] {logging_mixin.py:188} INFO - [2025-12-30T18:34:31.873+0000] {dagbag.py:538} INFO - Filling up the DagBag from /opt/airflow/dags/ml_models.py
[2025-12-30T18:34:31.919+0000] {processor.py:840} INFO - DAG(s) 'ml_models' retrieved from /opt/airflow/dags/ml_models.py
[2025-12-30T18:34:31.975+0000] {logging_mixin.py:188} INFO - [2025-12-30T18:34:31.974+0000] {dag.py:3036} INFO - Sync 1 DAGs
[2025-12-30T18:34:32.033+0000] {logging_mixin.py:188} INFO - [2025-12-30T18:34:32.032+0000] {dag.py:3823} INFO - Setting next_dagrun for ml_models to 2025-12-29 00:00:00+00:00, run_after=2025-12-30 00:00:00+00:00
[2025-12-30T18:34:32.074+0000] {processor.py:183} INFO - Processing /opt/airflow/dags/ml_models.py took 0.213 seconds
[2025-12-30T18:35:02.186+0000] {processor.py:161} INFO - Started process (PID=9421) to work on /opt/airflow/dags/ml_models.py
[2025-12-30T18:35:02.189+0000] {processor.py:830} INFO - Processing file /opt/airflow/dags/ml_models.py for tasks to queue
[2025-12-30T18:35:02.192+0000] {logging_mixin.py:188} INFO - [2025-12-30T18:35:02.191+0000] {dagbag.py:538} INFO - Filling up the DagBag from /opt/airflow/dags/ml_models.py
[2025-12-30T18:35:02.276+0000] {processor.py:840} INFO - DAG(s) 'ml_models' retrieved from /opt/airflow/dags/ml_models.py
[2025-12-30T18:35:02.324+0000] {logging_mixin.py:188} INFO - [2025-12-30T18:35:02.323+0000] {dag.py:3036} INFO - Sync 1 DAGs
[2025-12-30T18:35:02.384+0000] {logging_mixin.py:188} INFO - [2025-12-30T18:35:02.384+0000] {dag.py:3823} INFO - Setting next_dagrun for ml_models to 2025-12-29 00:00:00+00:00, run_after=2025-12-30 00:00:00+00:00
[2025-12-30T18:35:02.423+0000] {processor.py:183} INFO - Processing /opt/airflow/dags/ml_models.py took 0.245 seconds
[2025-12-30T18:35:33.304+0000] {processor.py:161} INFO - Started process (PID=9441) to work on /opt/airflow/dags/ml_models.py
[2025-12-30T18:35:33.307+0000] {processor.py:830} INFO - Processing file /opt/airflow/dags/ml_models.py for tasks to queue
[2025-12-30T18:35:33.312+0000] {logging_mixin.py:188} INFO - [2025-12-30T18:35:33.311+0000] {dagbag.py:538} INFO - Filling up the DagBag from /opt/airflow/dags/ml_models.py
[2025-12-30T18:35:33.350+0000] {processor.py:840} INFO - DAG(s) 'ml_models' retrieved from /opt/airflow/dags/ml_models.py
[2025-12-30T18:35:33.433+0000] {logging_mixin.py:188} INFO - [2025-12-30T18:35:33.433+0000] {dag.py:3036} INFO - Sync 1 DAGs
[2025-12-30T18:35:33.481+0000] {logging_mixin.py:188} INFO - [2025-12-30T18:35:33.480+0000] {dag.py:3823} INFO - Setting next_dagrun for ml_models to 2025-12-29 00:00:00+00:00, run_after=2025-12-30 00:00:00+00:00
[2025-12-30T18:35:33.552+0000] {processor.py:183} INFO - Processing /opt/airflow/dags/ml_models.py took 0.259 seconds
[2025-12-30T18:36:04.296+0000] {processor.py:161} INFO - Started process (PID=9461) to work on /opt/airflow/dags/ml_models.py
[2025-12-30T18:36:04.300+0000] {processor.py:830} INFO - Processing file /opt/airflow/dags/ml_models.py for tasks to queue
[2025-12-30T18:36:04.303+0000] {logging_mixin.py:188} INFO - [2025-12-30T18:36:04.302+0000] {dagbag.py:538} INFO - Filling up the DagBag from /opt/airflow/dags/ml_models.py
[2025-12-30T18:36:04.381+0000] {processor.py:840} INFO - DAG(s) 'ml_models' retrieved from /opt/airflow/dags/ml_models.py
[2025-12-30T18:36:04.437+0000] {logging_mixin.py:188} INFO - [2025-12-30T18:36:04.436+0000] {dag.py:3036} INFO - Sync 1 DAGs
[2025-12-30T18:36:04.486+0000] {logging_mixin.py:188} INFO - [2025-12-30T18:36:04.485+0000] {dag.py:3823} INFO - Setting next_dagrun for ml_models to 2025-12-29 00:00:00+00:00, run_after=2025-12-30 00:00:00+00:00
[2025-12-30T18:36:04.534+0000] {processor.py:183} INFO - Processing /opt/airflow/dags/ml_models.py took 0.246 seconds
[2025-12-30T18:36:35.321+0000] {processor.py:161} INFO - Started process (PID=9481) to work on /opt/airflow/dags/ml_models.py
[2025-12-30T18:36:35.324+0000] {processor.py:830} INFO - Processing file /opt/airflow/dags/ml_models.py for tasks to queue
[2025-12-30T18:36:35.326+0000] {logging_mixin.py:188} INFO - [2025-12-30T18:36:35.326+0000] {dagbag.py:538} INFO - Filling up the DagBag from /opt/airflow/dags/ml_models.py
[2025-12-30T18:36:35.366+0000] {processor.py:840} INFO - DAG(s) 'ml_models' retrieved from /opt/airflow/dags/ml_models.py
[2025-12-30T18:36:35.417+0000] {logging_mixin.py:188} INFO - [2025-12-30T18:36:35.416+0000] {dag.py:3036} INFO - Sync 1 DAGs
[2025-12-30T18:36:35.457+0000] {logging_mixin.py:188} INFO - [2025-12-30T18:36:35.456+0000] {dag.py:3823} INFO - Setting next_dagrun for ml_models to 2025-12-29 00:00:00+00:00, run_after=2025-12-30 00:00:00+00:00
[2025-12-30T18:36:35.532+0000] {processor.py:183} INFO - Processing /opt/airflow/dags/ml_models.py took 0.219 seconds
[2025-12-30T18:37:06.284+0000] {processor.py:161} INFO - Started process (PID=9501) to work on /opt/airflow/dags/ml_models.py
[2025-12-30T18:37:06.287+0000] {processor.py:830} INFO - Processing file /opt/airflow/dags/ml_models.py for tasks to queue
[2025-12-30T18:37:06.292+0000] {logging_mixin.py:188} INFO - [2025-12-30T18:37:06.290+0000] {dagbag.py:538} INFO - Filling up the DagBag from /opt/airflow/dags/ml_models.py
[2025-12-30T18:37:06.369+0000] {processor.py:840} INFO - DAG(s) 'ml_models' retrieved from /opt/airflow/dags/ml_models.py
[2025-12-30T18:37:06.420+0000] {logging_mixin.py:188} INFO - [2025-12-30T18:37:06.419+0000] {dag.py:3036} INFO - Sync 1 DAGs
[2025-12-30T18:37:06.470+0000] {logging_mixin.py:188} INFO - [2025-12-30T18:37:06.470+0000] {dag.py:3823} INFO - Setting next_dagrun for ml_models to 2025-12-29 00:00:00+00:00, run_after=2025-12-30 00:00:00+00:00
[2025-12-30T18:37:06.508+0000] {processor.py:183} INFO - Processing /opt/airflow/dags/ml_models.py took 0.236 seconds
[2025-12-30T18:37:37.253+0000] {processor.py:161} INFO - Started process (PID=9521) to work on /opt/airflow/dags/ml_models.py
[2025-12-30T18:37:37.255+0000] {processor.py:830} INFO - Processing file /opt/airflow/dags/ml_models.py for tasks to queue
[2025-12-30T18:37:37.257+0000] {logging_mixin.py:188} INFO - [2025-12-30T18:37:37.256+0000] {dagbag.py:538} INFO - Filling up the DagBag from /opt/airflow/dags/ml_models.py
[2025-12-30T18:37:37.298+0000] {processor.py:840} INFO - DAG(s) 'ml_models' retrieved from /opt/airflow/dags/ml_models.py
[2025-12-30T18:37:37.346+0000] {logging_mixin.py:188} INFO - [2025-12-30T18:37:37.345+0000] {dag.py:3036} INFO - Sync 1 DAGs
[2025-12-30T18:37:37.387+0000] {logging_mixin.py:188} INFO - [2025-12-30T18:37:37.387+0000] {dag.py:3823} INFO - Setting next_dagrun for ml_models to 2025-12-29 00:00:00+00:00, run_after=2025-12-30 00:00:00+00:00
[2025-12-30T18:37:37.446+0000] {processor.py:183} INFO - Processing /opt/airflow/dags/ml_models.py took 0.201 seconds
[2025-12-30T18:38:08.279+0000] {processor.py:161} INFO - Started process (PID=9541) to work on /opt/airflow/dags/ml_models.py
[2025-12-30T18:38:08.282+0000] {processor.py:830} INFO - Processing file /opt/airflow/dags/ml_models.py for tasks to queue
[2025-12-30T18:38:08.285+0000] {logging_mixin.py:188} INFO - [2025-12-30T18:38:08.284+0000] {dagbag.py:538} INFO - Filling up the DagBag from /opt/airflow/dags/ml_models.py
[2025-12-30T18:38:08.331+0000] {processor.py:840} INFO - DAG(s) 'ml_models' retrieved from /opt/airflow/dags/ml_models.py
[2025-12-30T18:38:08.386+0000] {logging_mixin.py:188} INFO - [2025-12-30T18:38:08.385+0000] {dag.py:3036} INFO - Sync 1 DAGs
[2025-12-30T18:38:08.433+0000] {logging_mixin.py:188} INFO - [2025-12-30T18:38:08.433+0000] {dag.py:3823} INFO - Setting next_dagrun for ml_models to 2025-12-29 00:00:00+00:00, run_after=2025-12-30 00:00:00+00:00
[2025-12-30T18:38:08.482+0000] {processor.py:183} INFO - Processing /opt/airflow/dags/ml_models.py took 0.217 seconds
[2025-12-30T18:38:39.366+0000] {processor.py:161} INFO - Started process (PID=9561) to work on /opt/airflow/dags/ml_models.py
[2025-12-30T18:38:39.369+0000] {processor.py:830} INFO - Processing file /opt/airflow/dags/ml_models.py for tasks to queue
[2025-12-30T18:38:39.371+0000] {logging_mixin.py:188} INFO - [2025-12-30T18:38:39.370+0000] {dagbag.py:538} INFO - Filling up the DagBag from /opt/airflow/dags/ml_models.py
[2025-12-30T18:38:39.410+0000] {processor.py:840} INFO - DAG(s) 'ml_models' retrieved from /opt/airflow/dags/ml_models.py
[2025-12-30T18:38:39.459+0000] {logging_mixin.py:188} INFO - [2025-12-30T18:38:39.459+0000] {dag.py:3036} INFO - Sync 1 DAGs
[2025-12-30T18:38:39.512+0000] {logging_mixin.py:188} INFO - [2025-12-30T18:38:39.511+0000] {dag.py:3823} INFO - Setting next_dagrun for ml_models to 2025-12-29 00:00:00+00:00, run_after=2025-12-30 00:00:00+00:00
[2025-12-30T18:38:39.586+0000] {processor.py:183} INFO - Processing /opt/airflow/dags/ml_models.py took 0.226 seconds
[2025-12-30T18:39:10.460+0000] {processor.py:161} INFO - Started process (PID=9581) to work on /opt/airflow/dags/ml_models.py
[2025-12-30T18:39:10.462+0000] {processor.py:830} INFO - Processing file /opt/airflow/dags/ml_models.py for tasks to queue
[2025-12-30T18:39:10.464+0000] {logging_mixin.py:188} INFO - [2025-12-30T18:39:10.464+0000] {dagbag.py:538} INFO - Filling up the DagBag from /opt/airflow/dags/ml_models.py
[2025-12-30T18:39:10.543+0000] {processor.py:840} INFO - DAG(s) 'ml_models' retrieved from /opt/airflow/dags/ml_models.py
[2025-12-30T18:39:10.595+0000] {logging_mixin.py:188} INFO - [2025-12-30T18:39:10.595+0000] {dag.py:3036} INFO - Sync 1 DAGs
[2025-12-30T18:39:10.640+0000] {logging_mixin.py:188} INFO - [2025-12-30T18:39:10.640+0000] {dag.py:3823} INFO - Setting next_dagrun for ml_models to 2025-12-29 00:00:00+00:00, run_after=2025-12-30 00:00:00+00:00
[2025-12-30T18:39:10.676+0000] {processor.py:183} INFO - Processing /opt/airflow/dags/ml_models.py took 0.224 seconds
[2025-12-30T18:39:41.405+0000] {processor.py:161} INFO - Started process (PID=9601) to work on /opt/airflow/dags/ml_models.py
[2025-12-30T18:39:41.408+0000] {processor.py:830} INFO - Processing file /opt/airflow/dags/ml_models.py for tasks to queue
[2025-12-30T18:39:41.410+0000] {logging_mixin.py:188} INFO - [2025-12-30T18:39:41.409+0000] {dagbag.py:538} INFO - Filling up the DagBag from /opt/airflow/dags/ml_models.py
[2025-12-30T18:39:41.450+0000] {processor.py:840} INFO - DAG(s) 'ml_models' retrieved from /opt/airflow/dags/ml_models.py
[2025-12-30T18:39:41.529+0000] {logging_mixin.py:188} INFO - [2025-12-30T18:39:41.529+0000] {dag.py:3036} INFO - Sync 1 DAGs
[2025-12-30T18:39:41.578+0000] {logging_mixin.py:188} INFO - [2025-12-30T18:39:41.577+0000] {dag.py:3823} INFO - Setting next_dagrun for ml_models to 2025-12-29 00:00:00+00:00, run_after=2025-12-30 00:00:00+00:00
[2025-12-30T18:39:41.649+0000] {processor.py:183} INFO - Processing /opt/airflow/dags/ml_models.py took 0.258 seconds
[2025-12-30T18:40:12.592+0000] {processor.py:161} INFO - Started process (PID=9621) to work on /opt/airflow/dags/ml_models.py
[2025-12-30T18:40:12.594+0000] {processor.py:830} INFO - Processing file /opt/airflow/dags/ml_models.py for tasks to queue
[2025-12-30T18:40:12.600+0000] {logging_mixin.py:188} INFO - [2025-12-30T18:40:12.597+0000] {dagbag.py:538} INFO - Filling up the DagBag from /opt/airflow/dags/ml_models.py
[2025-12-30T18:40:12.674+0000] {processor.py:840} INFO - DAG(s) 'ml_models' retrieved from /opt/airflow/dags/ml_models.py
[2025-12-30T18:40:12.719+0000] {logging_mixin.py:188} INFO - [2025-12-30T18:40:12.718+0000] {dag.py:3036} INFO - Sync 1 DAGs
[2025-12-30T18:40:12.762+0000] {logging_mixin.py:188} INFO - [2025-12-30T18:40:12.762+0000] {dag.py:3823} INFO - Setting next_dagrun for ml_models to 2025-12-29 00:00:00+00:00, run_after=2025-12-30 00:00:00+00:00
[2025-12-30T18:40:12.796+0000] {processor.py:183} INFO - Processing /opt/airflow/dags/ml_models.py took 0.212 seconds
[2025-12-30T18:40:43.501+0000] {processor.py:161} INFO - Started process (PID=9641) to work on /opt/airflow/dags/ml_models.py
[2025-12-30T18:40:43.503+0000] {processor.py:830} INFO - Processing file /opt/airflow/dags/ml_models.py for tasks to queue
[2025-12-30T18:40:43.505+0000] {logging_mixin.py:188} INFO - [2025-12-30T18:40:43.505+0000] {dagbag.py:538} INFO - Filling up the DagBag from /opt/airflow/dags/ml_models.py
[2025-12-30T18:40:43.543+0000] {processor.py:840} INFO - DAG(s) 'ml_models' retrieved from /opt/airflow/dags/ml_models.py
[2025-12-30T18:40:43.590+0000] {logging_mixin.py:188} INFO - [2025-12-30T18:40:43.589+0000] {dag.py:3036} INFO - Sync 1 DAGs
[2025-12-30T18:40:43.630+0000] {logging_mixin.py:188} INFO - [2025-12-30T18:40:43.630+0000] {dag.py:3823} INFO - Setting next_dagrun for ml_models to 2025-12-29 00:00:00+00:00, run_after=2025-12-30 00:00:00+00:00
[2025-12-30T18:40:43.704+0000] {processor.py:183} INFO - Processing /opt/airflow/dags/ml_models.py took 0.211 seconds
[2025-12-30T18:41:14.400+0000] {processor.py:161} INFO - Started process (PID=9661) to work on /opt/airflow/dags/ml_models.py
[2025-12-30T18:41:14.402+0000] {processor.py:830} INFO - Processing file /opt/airflow/dags/ml_models.py for tasks to queue
[2025-12-30T18:41:14.404+0000] {logging_mixin.py:188} INFO - [2025-12-30T18:41:14.403+0000] {dagbag.py:538} INFO - Filling up the DagBag from /opt/airflow/dags/ml_models.py
[2025-12-30T18:41:14.455+0000] {processor.py:840} INFO - DAG(s) 'ml_models' retrieved from /opt/airflow/dags/ml_models.py
[2025-12-30T18:41:14.500+0000] {logging_mixin.py:188} INFO - [2025-12-30T18:41:14.500+0000] {dag.py:3036} INFO - Sync 1 DAGs
[2025-12-30T18:41:14.540+0000] {logging_mixin.py:188} INFO - [2025-12-30T18:41:14.540+0000] {dag.py:3823} INFO - Setting next_dagrun for ml_models to 2025-12-29 00:00:00+00:00, run_after=2025-12-30 00:00:00+00:00
[2025-12-30T18:41:14.612+0000] {processor.py:183} INFO - Processing /opt/airflow/dags/ml_models.py took 0.218 seconds
[2025-12-30T18:41:45.334+0000] {processor.py:161} INFO - Started process (PID=9681) to work on /opt/airflow/dags/ml_models.py
[2025-12-30T18:41:45.336+0000] {processor.py:830} INFO - Processing file /opt/airflow/dags/ml_models.py for tasks to queue
[2025-12-30T18:41:45.339+0000] {logging_mixin.py:188} INFO - [2025-12-30T18:41:45.338+0000] {dagbag.py:538} INFO - Filling up the DagBag from /opt/airflow/dags/ml_models.py
[2025-12-30T18:41:45.378+0000] {processor.py:840} INFO - DAG(s) 'ml_models' retrieved from /opt/airflow/dags/ml_models.py
[2025-12-30T18:41:45.435+0000] {logging_mixin.py:188} INFO - [2025-12-30T18:41:45.434+0000] {dag.py:3036} INFO - Sync 1 DAGs
[2025-12-30T18:41:45.482+0000] {logging_mixin.py:188} INFO - [2025-12-30T18:41:45.481+0000] {dag.py:3823} INFO - Setting next_dagrun for ml_models to 2025-12-29 00:00:00+00:00, run_after=2025-12-30 00:00:00+00:00
[2025-12-30T18:41:45.520+0000] {processor.py:183} INFO - Processing /opt/airflow/dags/ml_models.py took 0.197 seconds
[2025-12-30T18:42:16.238+0000] {processor.py:161} INFO - Started process (PID=9701) to work on /opt/airflow/dags/ml_models.py
[2025-12-30T18:42:16.241+0000] {processor.py:830} INFO - Processing file /opt/airflow/dags/ml_models.py for tasks to queue
[2025-12-30T18:42:16.243+0000] {logging_mixin.py:188} INFO - [2025-12-30T18:42:16.243+0000] {dagbag.py:538} INFO - Filling up the DagBag from /opt/airflow/dags/ml_models.py
[2025-12-30T18:42:16.281+0000] {processor.py:840} INFO - DAG(s) 'ml_models' retrieved from /opt/airflow/dags/ml_models.py
[2025-12-30T18:42:16.330+0000] {logging_mixin.py:188} INFO - [2025-12-30T18:42:16.329+0000] {dag.py:3036} INFO - Sync 1 DAGs
[2025-12-30T18:42:16.373+0000] {logging_mixin.py:188} INFO - [2025-12-30T18:42:16.372+0000] {dag.py:3823} INFO - Setting next_dagrun for ml_models to 2025-12-29 00:00:00+00:00, run_after=2025-12-30 00:00:00+00:00
[2025-12-30T18:42:16.407+0000] {processor.py:183} INFO - Processing /opt/airflow/dags/ml_models.py took 0.178 seconds
[2025-12-30T18:42:47.221+0000] {processor.py:161} INFO - Started process (PID=9721) to work on /opt/airflow/dags/ml_models.py
[2025-12-30T18:42:47.223+0000] {processor.py:830} INFO - Processing file /opt/airflow/dags/ml_models.py for tasks to queue
[2025-12-30T18:42:47.225+0000] {logging_mixin.py:188} INFO - [2025-12-30T18:42:47.225+0000] {dagbag.py:538} INFO - Filling up the DagBag from /opt/airflow/dags/ml_models.py
[2025-12-30T18:42:47.262+0000] {processor.py:840} INFO - DAG(s) 'ml_models' retrieved from /opt/airflow/dags/ml_models.py
[2025-12-30T18:42:47.321+0000] {logging_mixin.py:188} INFO - [2025-12-30T18:42:47.320+0000] {dag.py:3036} INFO - Sync 1 DAGs
[2025-12-30T18:42:47.362+0000] {logging_mixin.py:188} INFO - [2025-12-30T18:42:47.361+0000] {dag.py:3823} INFO - Setting next_dagrun for ml_models to 2025-12-29 00:00:00+00:00, run_after=2025-12-30 00:00:00+00:00
[2025-12-30T18:42:47.433+0000] {processor.py:183} INFO - Processing /opt/airflow/dags/ml_models.py took 0.220 seconds
[2025-12-30T18:43:18.126+0000] {processor.py:161} INFO - Started process (PID=9741) to work on /opt/airflow/dags/ml_models.py
[2025-12-30T18:43:18.128+0000] {processor.py:830} INFO - Processing file /opt/airflow/dags/ml_models.py for tasks to queue
[2025-12-30T18:43:18.130+0000] {logging_mixin.py:188} INFO - [2025-12-30T18:43:18.129+0000] {dagbag.py:538} INFO - Filling up the DagBag from /opt/airflow/dags/ml_models.py
[2025-12-30T18:43:18.172+0000] {processor.py:840} INFO - DAG(s) 'ml_models' retrieved from /opt/airflow/dags/ml_models.py
[2025-12-30T18:43:18.222+0000] {logging_mixin.py:188} INFO - [2025-12-30T18:43:18.222+0000] {dag.py:3036} INFO - Sync 1 DAGs
[2025-12-30T18:43:18.265+0000] {logging_mixin.py:188} INFO - [2025-12-30T18:43:18.265+0000] {dag.py:3823} INFO - Setting next_dagrun for ml_models to 2025-12-29 00:00:00+00:00, run_after=2025-12-30 00:00:00+00:00
[2025-12-30T18:43:18.299+0000] {processor.py:183} INFO - Processing /opt/airflow/dags/ml_models.py took 0.180 seconds
[2025-12-30T18:43:49.117+0000] {processor.py:161} INFO - Started process (PID=9761) to work on /opt/airflow/dags/ml_models.py
[2025-12-30T18:43:49.119+0000] {processor.py:830} INFO - Processing file /opt/airflow/dags/ml_models.py for tasks to queue
[2025-12-30T18:43:49.121+0000] {logging_mixin.py:188} INFO - [2025-12-30T18:43:49.121+0000] {dagbag.py:538} INFO - Filling up the DagBag from /opt/airflow/dags/ml_models.py
[2025-12-30T18:43:49.194+0000] {processor.py:840} INFO - DAG(s) 'ml_models' retrieved from /opt/airflow/dags/ml_models.py
[2025-12-30T18:43:49.248+0000] {logging_mixin.py:188} INFO - [2025-12-30T18:43:49.247+0000] {dag.py:3036} INFO - Sync 1 DAGs
[2025-12-30T18:43:49.310+0000] {logging_mixin.py:188} INFO - [2025-12-30T18:43:49.310+0000] {dag.py:3823} INFO - Setting next_dagrun for ml_models to 2025-12-29 00:00:00+00:00, run_after=2025-12-30 00:00:00+00:00
[2025-12-30T18:43:49.344+0000] {processor.py:183} INFO - Processing /opt/airflow/dags/ml_models.py took 0.235 seconds
[2025-12-30T18:44:20.096+0000] {processor.py:161} INFO - Started process (PID=9781) to work on /opt/airflow/dags/ml_models.py
[2025-12-30T18:44:20.099+0000] {processor.py:830} INFO - Processing file /opt/airflow/dags/ml_models.py for tasks to queue
[2025-12-30T18:44:20.102+0000] {logging_mixin.py:188} INFO - [2025-12-30T18:44:20.101+0000] {dagbag.py:538} INFO - Filling up the DagBag from /opt/airflow/dags/ml_models.py
[2025-12-30T18:44:20.158+0000] {processor.py:840} INFO - DAG(s) 'ml_models' retrieved from /opt/airflow/dags/ml_models.py
[2025-12-30T18:44:20.213+0000] {logging_mixin.py:188} INFO - [2025-12-30T18:44:20.213+0000] {dag.py:3036} INFO - Sync 1 DAGs
[2025-12-30T18:44:20.262+0000] {logging_mixin.py:188} INFO - [2025-12-30T18:44:20.261+0000] {dag.py:3823} INFO - Setting next_dagrun for ml_models to 2025-12-29 00:00:00+00:00, run_after=2025-12-30 00:00:00+00:00
[2025-12-30T18:44:20.334+0000] {processor.py:183} INFO - Processing /opt/airflow/dags/ml_models.py took 0.245 seconds
[2025-12-30T18:44:51.086+0000] {processor.py:161} INFO - Started process (PID=9801) to work on /opt/airflow/dags/ml_models.py
[2025-12-30T18:44:51.089+0000] {processor.py:830} INFO - Processing file /opt/airflow/dags/ml_models.py for tasks to queue
[2025-12-30T18:44:51.091+0000] {logging_mixin.py:188} INFO - [2025-12-30T18:44:51.091+0000] {dagbag.py:538} INFO - Filling up the DagBag from /opt/airflow/dags/ml_models.py
[2025-12-30T18:44:51.172+0000] {processor.py:840} INFO - DAG(s) 'ml_models' retrieved from /opt/airflow/dags/ml_models.py
[2025-12-30T18:44:51.228+0000] {logging_mixin.py:188} INFO - [2025-12-30T18:44:51.227+0000] {dag.py:3036} INFO - Sync 1 DAGs
[2025-12-30T18:44:51.267+0000] {logging_mixin.py:188} INFO - [2025-12-30T18:44:51.267+0000] {dag.py:3823} INFO - Setting next_dagrun for ml_models to 2025-12-29 00:00:00+00:00, run_after=2025-12-30 00:00:00+00:00
[2025-12-30T18:44:51.305+0000] {processor.py:183} INFO - Processing /opt/airflow/dags/ml_models.py took 0.226 seconds
[2025-12-30T18:45:22.192+0000] {processor.py:161} INFO - Started process (PID=9821) to work on /opt/airflow/dags/ml_models.py
[2025-12-30T18:45:22.195+0000] {processor.py:830} INFO - Processing file /opt/airflow/dags/ml_models.py for tasks to queue
[2025-12-30T18:45:22.197+0000] {logging_mixin.py:188} INFO - [2025-12-30T18:45:22.196+0000] {dagbag.py:538} INFO - Filling up the DagBag from /opt/airflow/dags/ml_models.py
[2025-12-30T18:45:22.240+0000] {processor.py:840} INFO - DAG(s) 'ml_models' retrieved from /opt/airflow/dags/ml_models.py
[2025-12-30T18:45:22.291+0000] {logging_mixin.py:188} INFO - [2025-12-30T18:45:22.291+0000] {dag.py:3036} INFO - Sync 1 DAGs
[2025-12-30T18:45:22.348+0000] {logging_mixin.py:188} INFO - [2025-12-30T18:45:22.348+0000] {dag.py:3823} INFO - Setting next_dagrun for ml_models to 2025-12-29 00:00:00+00:00, run_after=2025-12-30 00:00:00+00:00
[2025-12-30T18:45:22.436+0000] {processor.py:183} INFO - Processing /opt/airflow/dags/ml_models.py took 0.250 seconds
[2025-12-30T18:45:53.199+0000] {processor.py:161} INFO - Started process (PID=9841) to work on /opt/airflow/dags/ml_models.py
[2025-12-30T18:45:53.201+0000] {processor.py:830} INFO - Processing file /opt/airflow/dags/ml_models.py for tasks to queue
[2025-12-30T18:45:53.204+0000] {logging_mixin.py:188} INFO - [2025-12-30T18:45:53.203+0000] {dagbag.py:538} INFO - Filling up the DagBag from /opt/airflow/dags/ml_models.py
[2025-12-30T18:45:53.284+0000] {processor.py:840} INFO - DAG(s) 'ml_models' retrieved from /opt/airflow/dags/ml_models.py
[2025-12-30T18:45:53.332+0000] {logging_mixin.py:188} INFO - [2025-12-30T18:45:53.332+0000] {dag.py:3036} INFO - Sync 1 DAGs
[2025-12-30T18:45:53.378+0000] {logging_mixin.py:188} INFO - [2025-12-30T18:45:53.377+0000] {dag.py:3823} INFO - Setting next_dagrun for ml_models to 2025-12-29 00:00:00+00:00, run_after=2025-12-30 00:00:00+00:00
[2025-12-30T18:45:53.417+0000] {processor.py:183} INFO - Processing /opt/airflow/dags/ml_models.py took 0.226 seconds
[2025-12-30T18:46:24.144+0000] {processor.py:161} INFO - Started process (PID=9861) to work on /opt/airflow/dags/ml_models.py
[2025-12-30T18:46:24.147+0000] {processor.py:830} INFO - Processing file /opt/airflow/dags/ml_models.py for tasks to queue
[2025-12-30T18:46:24.149+0000] {logging_mixin.py:188} INFO - [2025-12-30T18:46:24.149+0000] {dagbag.py:538} INFO - Filling up the DagBag from /opt/airflow/dags/ml_models.py
[2025-12-30T18:46:24.188+0000] {processor.py:840} INFO - DAG(s) 'ml_models' retrieved from /opt/airflow/dags/ml_models.py
[2025-12-30T18:46:24.234+0000] {logging_mixin.py:188} INFO - [2025-12-30T18:46:24.234+0000] {dag.py:3036} INFO - Sync 1 DAGs
[2025-12-30T18:46:24.279+0000] {logging_mixin.py:188} INFO - [2025-12-30T18:46:24.278+0000] {dag.py:3823} INFO - Setting next_dagrun for ml_models to 2025-12-29 00:00:00+00:00, run_after=2025-12-30 00:00:00+00:00
[2025-12-30T18:46:24.352+0000] {processor.py:183} INFO - Processing /opt/airflow/dags/ml_models.py took 0.215 seconds
[2025-12-30T18:46:55.091+0000] {processor.py:161} INFO - Started process (PID=9881) to work on /opt/airflow/dags/ml_models.py
[2025-12-30T18:46:55.095+0000] {processor.py:830} INFO - Processing file /opt/airflow/dags/ml_models.py for tasks to queue
[2025-12-30T18:46:55.097+0000] {logging_mixin.py:188} INFO - [2025-12-30T18:46:55.096+0000] {dagbag.py:538} INFO - Filling up the DagBag from /opt/airflow/dags/ml_models.py
[2025-12-30T18:46:55.175+0000] {processor.py:840} INFO - DAG(s) 'ml_models' retrieved from /opt/airflow/dags/ml_models.py
[2025-12-30T18:46:55.227+0000] {logging_mixin.py:188} INFO - [2025-12-30T18:46:55.227+0000] {dag.py:3036} INFO - Sync 1 DAGs
[2025-12-30T18:46:55.272+0000] {logging_mixin.py:188} INFO - [2025-12-30T18:46:55.272+0000] {dag.py:3823} INFO - Setting next_dagrun for ml_models to 2025-12-29 00:00:00+00:00, run_after=2025-12-30 00:00:00+00:00
[2025-12-30T18:46:55.306+0000] {processor.py:183} INFO - Processing /opt/airflow/dags/ml_models.py took 0.225 seconds
[2025-12-30T18:47:26.150+0000] {processor.py:161} INFO - Started process (PID=9901) to work on /opt/airflow/dags/ml_models.py
[2025-12-30T18:47:26.154+0000] {processor.py:830} INFO - Processing file /opt/airflow/dags/ml_models.py for tasks to queue
[2025-12-30T18:47:26.157+0000] {logging_mixin.py:188} INFO - [2025-12-30T18:47:26.156+0000] {dagbag.py:538} INFO - Filling up the DagBag from /opt/airflow/dags/ml_models.py
[2025-12-30T18:47:26.198+0000] {processor.py:840} INFO - DAG(s) 'ml_models' retrieved from /opt/airflow/dags/ml_models.py
[2025-12-30T18:47:26.246+0000] {logging_mixin.py:188} INFO - [2025-12-30T18:47:26.245+0000] {dag.py:3036} INFO - Sync 1 DAGs
[2025-12-30T18:47:26.295+0000] {logging_mixin.py:188} INFO - [2025-12-30T18:47:26.294+0000] {dag.py:3823} INFO - Setting next_dagrun for ml_models to 2025-12-29 00:00:00+00:00, run_after=2025-12-30 00:00:00+00:00
[2025-12-30T18:47:26.337+0000] {processor.py:183} INFO - Processing /opt/airflow/dags/ml_models.py took 0.198 seconds
[2025-12-30T18:47:57.181+0000] {processor.py:161} INFO - Started process (PID=9921) to work on /opt/airflow/dags/ml_models.py
[2025-12-30T18:47:57.183+0000] {processor.py:830} INFO - Processing file /opt/airflow/dags/ml_models.py for tasks to queue
[2025-12-30T18:47:57.185+0000] {logging_mixin.py:188} INFO - [2025-12-30T18:47:57.185+0000] {dagbag.py:538} INFO - Filling up the DagBag from /opt/airflow/dags/ml_models.py
[2025-12-30T18:47:57.260+0000] {processor.py:840} INFO - DAG(s) 'ml_models' retrieved from /opt/airflow/dags/ml_models.py
[2025-12-30T18:47:57.317+0000] {logging_mixin.py:188} INFO - [2025-12-30T18:47:57.316+0000] {dag.py:3036} INFO - Sync 1 DAGs
[2025-12-30T18:47:57.368+0000] {logging_mixin.py:188} INFO - [2025-12-30T18:47:57.367+0000] {dag.py:3823} INFO - Setting next_dagrun for ml_models to 2025-12-29 00:00:00+00:00, run_after=2025-12-30 00:00:00+00:00
[2025-12-30T18:47:57.407+0000] {processor.py:183} INFO - Processing /opt/airflow/dags/ml_models.py took 0.233 seconds
[2025-12-30T18:48:28.314+0000] {processor.py:161} INFO - Started process (PID=9941) to work on /opt/airflow/dags/ml_models.py
[2025-12-30T18:48:28.319+0000] {processor.py:830} INFO - Processing file /opt/airflow/dags/ml_models.py for tasks to queue
[2025-12-30T18:48:28.325+0000] {logging_mixin.py:188} INFO - [2025-12-30T18:48:28.324+0000] {dagbag.py:538} INFO - Filling up the DagBag from /opt/airflow/dags/ml_models.py
[2025-12-30T18:48:28.370+0000] {processor.py:840} INFO - DAG(s) 'ml_models' retrieved from /opt/airflow/dags/ml_models.py
[2025-12-30T18:48:28.420+0000] {logging_mixin.py:188} INFO - [2025-12-30T18:48:28.419+0000] {dag.py:3036} INFO - Sync 1 DAGs
[2025-12-30T18:48:28.465+0000] {logging_mixin.py:188} INFO - [2025-12-30T18:48:28.465+0000] {dag.py:3823} INFO - Setting next_dagrun for ml_models to 2025-12-29 00:00:00+00:00, run_after=2025-12-30 00:00:00+00:00
[2025-12-30T18:48:28.545+0000] {processor.py:183} INFO - Processing /opt/airflow/dags/ml_models.py took 0.245 seconds
[2025-12-30T18:48:59.348+0000] {processor.py:161} INFO - Started process (PID=9961) to work on /opt/airflow/dags/ml_models.py
[2025-12-30T18:48:59.352+0000] {processor.py:830} INFO - Processing file /opt/airflow/dags/ml_models.py for tasks to queue
[2025-12-30T18:48:59.354+0000] {logging_mixin.py:188} INFO - [2025-12-30T18:48:59.353+0000] {dagbag.py:538} INFO - Filling up the DagBag from /opt/airflow/dags/ml_models.py
[2025-12-30T18:48:59.435+0000] {processor.py:840} INFO - DAG(s) 'ml_models' retrieved from /opt/airflow/dags/ml_models.py
[2025-12-30T18:48:59.486+0000] {logging_mixin.py:188} INFO - [2025-12-30T18:48:59.485+0000] {dag.py:3036} INFO - Sync 1 DAGs
[2025-12-30T18:48:59.528+0000] {logging_mixin.py:188} INFO - [2025-12-30T18:48:59.527+0000] {dag.py:3823} INFO - Setting next_dagrun for ml_models to 2025-12-29 00:00:00+00:00, run_after=2025-12-30 00:00:00+00:00
[2025-12-30T18:48:59.569+0000] {processor.py:183} INFO - Processing /opt/airflow/dags/ml_models.py took 0.235 seconds
[2025-12-30T18:49:30.289+0000] {processor.py:161} INFO - Started process (PID=9981) to work on /opt/airflow/dags/ml_models.py
[2025-12-30T18:49:30.292+0000] {processor.py:830} INFO - Processing file /opt/airflow/dags/ml_models.py for tasks to queue
[2025-12-30T18:49:30.294+0000] {logging_mixin.py:188} INFO - [2025-12-30T18:49:30.293+0000] {dagbag.py:538} INFO - Filling up the DagBag from /opt/airflow/dags/ml_models.py
[2025-12-30T18:49:30.335+0000] {processor.py:840} INFO - DAG(s) 'ml_models' retrieved from /opt/airflow/dags/ml_models.py
[2025-12-30T18:49:30.399+0000] {logging_mixin.py:188} INFO - [2025-12-30T18:49:30.398+0000] {dag.py:3036} INFO - Sync 1 DAGs
[2025-12-30T18:49:30.441+0000] {logging_mixin.py:188} INFO - [2025-12-30T18:49:30.440+0000] {dag.py:3823} INFO - Setting next_dagrun for ml_models to 2025-12-29 00:00:00+00:00, run_after=2025-12-30 00:00:00+00:00
[2025-12-30T18:49:30.516+0000] {processor.py:183} INFO - Processing /opt/airflow/dags/ml_models.py took 0.234 seconds
[2025-12-30T18:50:01.598+0000] {processor.py:161} INFO - Started process (PID=10001) to work on /opt/airflow/dags/ml_models.py
[2025-12-30T18:50:01.602+0000] {processor.py:830} INFO - Processing file /opt/airflow/dags/ml_models.py for tasks to queue
[2025-12-30T18:50:01.605+0000] {logging_mixin.py:188} INFO - [2025-12-30T18:50:01.604+0000] {dagbag.py:538} INFO - Filling up the DagBag from /opt/airflow/dags/ml_models.py
[2025-12-30T18:50:01.688+0000] {processor.py:840} INFO - DAG(s) 'ml_models' retrieved from /opt/airflow/dags/ml_models.py
[2025-12-30T18:50:01.738+0000] {logging_mixin.py:188} INFO - [2025-12-30T18:50:01.737+0000] {dag.py:3036} INFO - Sync 1 DAGs
[2025-12-30T18:50:01.780+0000] {logging_mixin.py:188} INFO - [2025-12-30T18:50:01.779+0000] {dag.py:3823} INFO - Setting next_dagrun for ml_models to 2025-12-29 00:00:00+00:00, run_after=2025-12-30 00:00:00+00:00
[2025-12-30T18:50:01.822+0000] {processor.py:183} INFO - Processing /opt/airflow/dags/ml_models.py took 0.239 seconds
[2025-12-30T18:50:32.592+0000] {processor.py:161} INFO - Started process (PID=10021) to work on /opt/airflow/dags/ml_models.py
[2025-12-30T18:50:32.595+0000] {processor.py:830} INFO - Processing file /opt/airflow/dags/ml_models.py for tasks to queue
[2025-12-30T18:50:32.597+0000] {logging_mixin.py:188} INFO - [2025-12-30T18:50:32.597+0000] {dagbag.py:538} INFO - Filling up the DagBag from /opt/airflow/dags/ml_models.py
[2025-12-30T18:50:32.641+0000] {processor.py:840} INFO - DAG(s) 'ml_models' retrieved from /opt/airflow/dags/ml_models.py
[2025-12-30T18:50:32.699+0000] {logging_mixin.py:188} INFO - [2025-12-30T18:50:32.698+0000] {dag.py:3036} INFO - Sync 1 DAGs
[2025-12-30T18:50:32.753+0000] {logging_mixin.py:188} INFO - [2025-12-30T18:50:32.752+0000] {dag.py:3823} INFO - Setting next_dagrun for ml_models to 2025-12-29 00:00:00+00:00, run_after=2025-12-30 00:00:00+00:00
[2025-12-30T18:50:32.794+0000] {processor.py:183} INFO - Processing /opt/airflow/dags/ml_models.py took 0.212 seconds
[2025-12-30T18:51:03.666+0000] {processor.py:161} INFO - Started process (PID=10041) to work on /opt/airflow/dags/ml_models.py
[2025-12-30T18:51:03.669+0000] {processor.py:830} INFO - Processing file /opt/airflow/dags/ml_models.py for tasks to queue
[2025-12-30T18:51:03.671+0000] {logging_mixin.py:188} INFO - [2025-12-30T18:51:03.671+0000] {dagbag.py:538} INFO - Filling up the DagBag from /opt/airflow/dags/ml_models.py
[2025-12-30T18:51:03.715+0000] {processor.py:840} INFO - DAG(s) 'ml_models' retrieved from /opt/airflow/dags/ml_models.py
[2025-12-30T18:51:03.775+0000] {logging_mixin.py:188} INFO - [2025-12-30T18:51:03.775+0000] {dag.py:3036} INFO - Sync 1 DAGs
[2025-12-30T18:51:03.829+0000] {logging_mixin.py:188} INFO - [2025-12-30T18:51:03.829+0000] {dag.py:3823} INFO - Setting next_dagrun for ml_models to 2025-12-29 00:00:00+00:00, run_after=2025-12-30 00:00:00+00:00
[2025-12-30T18:51:03.910+0000] {processor.py:183} INFO - Processing /opt/airflow/dags/ml_models.py took 0.254 seconds
[2025-12-30T18:51:34.659+0000] {processor.py:161} INFO - Started process (PID=10061) to work on /opt/airflow/dags/ml_models.py
[2025-12-30T18:51:34.661+0000] {processor.py:830} INFO - Processing file /opt/airflow/dags/ml_models.py for tasks to queue
[2025-12-30T18:51:34.664+0000] {logging_mixin.py:188} INFO - [2025-12-30T18:51:34.663+0000] {dagbag.py:538} INFO - Filling up the DagBag from /opt/airflow/dags/ml_models.py
[2025-12-30T18:51:34.706+0000] {processor.py:840} INFO - DAG(s) 'ml_models' retrieved from /opt/airflow/dags/ml_models.py
[2025-12-30T18:51:34.755+0000] {logging_mixin.py:188} INFO - [2025-12-30T18:51:34.754+0000] {dag.py:3036} INFO - Sync 1 DAGs
[2025-12-30T18:51:34.801+0000] {logging_mixin.py:188} INFO - [2025-12-30T18:51:34.801+0000] {dag.py:3823} INFO - Setting next_dagrun for ml_models to 2025-12-29 00:00:00+00:00, run_after=2025-12-30 00:00:00+00:00
[2025-12-30T18:51:34.878+0000] {processor.py:183} INFO - Processing /opt/airflow/dags/ml_models.py took 0.227 seconds
[2025-12-30T18:52:05.612+0000] {processor.py:161} INFO - Started process (PID=10081) to work on /opt/airflow/dags/ml_models.py
[2025-12-30T18:52:05.615+0000] {processor.py:830} INFO - Processing file /opt/airflow/dags/ml_models.py for tasks to queue
[2025-12-30T18:52:05.618+0000] {logging_mixin.py:188} INFO - [2025-12-30T18:52:05.617+0000] {dagbag.py:538} INFO - Filling up the DagBag from /opt/airflow/dags/ml_models.py
[2025-12-30T18:52:05.692+0000] {processor.py:840} INFO - DAG(s) 'ml_models' retrieved from /opt/airflow/dags/ml_models.py
[2025-12-30T18:52:05.748+0000] {logging_mixin.py:188} INFO - [2025-12-30T18:52:05.747+0000] {dag.py:3036} INFO - Sync 1 DAGs
[2025-12-30T18:52:05.789+0000] {logging_mixin.py:188} INFO - [2025-12-30T18:52:05.789+0000] {dag.py:3823} INFO - Setting next_dagrun for ml_models to 2025-12-29 00:00:00+00:00, run_after=2025-12-30 00:00:00+00:00
[2025-12-30T18:52:05.825+0000] {processor.py:183} INFO - Processing /opt/airflow/dags/ml_models.py took 0.226 seconds
[2025-12-30T18:52:36.556+0000] {processor.py:161} INFO - Started process (PID=10101) to work on /opt/airflow/dags/ml_models.py
[2025-12-30T18:52:36.559+0000] {processor.py:830} INFO - Processing file /opt/airflow/dags/ml_models.py for tasks to queue
[2025-12-30T18:52:36.562+0000] {logging_mixin.py:188} INFO - [2025-12-30T18:52:36.561+0000] {dagbag.py:538} INFO - Filling up the DagBag from /opt/airflow/dags/ml_models.py
[2025-12-30T18:52:36.604+0000] {processor.py:840} INFO - DAG(s) 'ml_models' retrieved from /opt/airflow/dags/ml_models.py
[2025-12-30T18:52:36.661+0000] {logging_mixin.py:188} INFO - [2025-12-30T18:52:36.660+0000] {dag.py:3036} INFO - Sync 1 DAGs
[2025-12-30T18:52:36.700+0000] {logging_mixin.py:188} INFO - [2025-12-30T18:52:36.700+0000] {dag.py:3823} INFO - Setting next_dagrun for ml_models to 2025-12-29 00:00:00+00:00, run_after=2025-12-30 00:00:00+00:00
[2025-12-30T18:52:36.774+0000] {processor.py:183} INFO - Processing /opt/airflow/dags/ml_models.py took 0.227 seconds
[2025-12-30T18:53:07.651+0000] {processor.py:161} INFO - Started process (PID=10121) to work on /opt/airflow/dags/ml_models.py
[2025-12-30T18:53:07.655+0000] {processor.py:830} INFO - Processing file /opt/airflow/dags/ml_models.py for tasks to queue
[2025-12-30T18:53:07.657+0000] {logging_mixin.py:188} INFO - [2025-12-30T18:53:07.656+0000] {dagbag.py:538} INFO - Filling up the DagBag from /opt/airflow/dags/ml_models.py
[2025-12-30T18:53:07.734+0000] {processor.py:840} INFO - DAG(s) 'ml_models' retrieved from /opt/airflow/dags/ml_models.py
[2025-12-30T18:53:07.785+0000] {logging_mixin.py:188} INFO - [2025-12-30T18:53:07.784+0000] {dag.py:3036} INFO - Sync 1 DAGs
[2025-12-30T18:53:07.834+0000] {logging_mixin.py:188} INFO - [2025-12-30T18:53:07.833+0000] {dag.py:3823} INFO - Setting next_dagrun for ml_models to 2025-12-29 00:00:00+00:00, run_after=2025-12-30 00:00:00+00:00
[2025-12-30T18:53:07.871+0000] {processor.py:183} INFO - Processing /opt/airflow/dags/ml_models.py took 0.237 seconds
[2025-12-30T18:53:38.280+0000] {processor.py:161} INFO - Started process (PID=10146) to work on /opt/airflow/dags/ml_models.py
[2025-12-30T18:53:38.283+0000] {processor.py:830} INFO - Processing file /opt/airflow/dags/ml_models.py for tasks to queue
[2025-12-30T18:53:38.284+0000] {logging_mixin.py:188} INFO - [2025-12-30T18:53:38.284+0000] {dagbag.py:538} INFO - Filling up the DagBag from /opt/airflow/dags/ml_models.py
[2025-12-30T18:53:38.323+0000] {processor.py:840} INFO - DAG(s) 'ml_models' retrieved from /opt/airflow/dags/ml_models.py
[2025-12-30T18:53:38.366+0000] {logging_mixin.py:188} INFO - [2025-12-30T18:53:38.365+0000] {dag.py:3036} INFO - Sync 1 DAGs
[2025-12-30T18:53:38.408+0000] {logging_mixin.py:188} INFO - [2025-12-30T18:53:38.407+0000] {dag.py:3823} INFO - Setting next_dagrun for ml_models to 2025-12-29 00:00:00+00:00, run_after=2025-12-30 00:00:00+00:00
[2025-12-30T18:53:38.460+0000] {processor.py:183} INFO - Processing /opt/airflow/dags/ml_models.py took 0.188 seconds
[2025-12-30T18:54:08.663+0000] {processor.py:161} INFO - Started process (PID=10166) to work on /opt/airflow/dags/ml_models.py
[2025-12-30T18:54:08.665+0000] {processor.py:830} INFO - Processing file /opt/airflow/dags/ml_models.py for tasks to queue
[2025-12-30T18:54:08.667+0000] {logging_mixin.py:188} INFO - [2025-12-30T18:54:08.666+0000] {dagbag.py:538} INFO - Filling up the DagBag from /opt/airflow/dags/ml_models.py
[2025-12-30T18:54:08.707+0000] {processor.py:840} INFO - DAG(s) 'ml_models' retrieved from /opt/airflow/dags/ml_models.py
[2025-12-30T18:54:08.753+0000] {logging_mixin.py:188} INFO - [2025-12-30T18:54:08.753+0000] {dag.py:3036} INFO - Sync 1 DAGs
[2025-12-30T18:54:08.796+0000] {logging_mixin.py:188} INFO - [2025-12-30T18:54:08.796+0000] {dag.py:3823} INFO - Setting next_dagrun for ml_models to 2025-12-29 00:00:00+00:00, run_after=2025-12-30 00:00:00+00:00
[2025-12-30T18:54:08.870+0000] {processor.py:183} INFO - Processing /opt/airflow/dags/ml_models.py took 0.213 seconds
[2025-12-30T18:54:39.002+0000] {processor.py:161} INFO - Started process (PID=10186) to work on /opt/airflow/dags/ml_models.py
[2025-12-30T18:54:39.005+0000] {processor.py:830} INFO - Processing file /opt/airflow/dags/ml_models.py for tasks to queue
[2025-12-30T18:54:39.007+0000] {logging_mixin.py:188} INFO - [2025-12-30T18:54:39.006+0000] {dagbag.py:538} INFO - Filling up the DagBag from /opt/airflow/dags/ml_models.py
[2025-12-30T18:54:39.048+0000] {processor.py:840} INFO - DAG(s) 'ml_models' retrieved from /opt/airflow/dags/ml_models.py
[2025-12-30T18:54:39.087+0000] {logging_mixin.py:188} INFO - [2025-12-30T18:54:39.086+0000] {dag.py:3036} INFO - Sync 1 DAGs
[2025-12-30T18:54:39.127+0000] {logging_mixin.py:188} INFO - [2025-12-30T18:54:39.126+0000] {dag.py:3823} INFO - Setting next_dagrun for ml_models to 2025-12-29 00:00:00+00:00, run_after=2025-12-30 00:00:00+00:00
[2025-12-30T18:54:39.161+0000] {processor.py:183} INFO - Processing /opt/airflow/dags/ml_models.py took 0.165 seconds
[2025-12-30T18:55:09.342+0000] {processor.py:161} INFO - Started process (PID=10206) to work on /opt/airflow/dags/ml_models.py
[2025-12-30T18:55:09.344+0000] {processor.py:830} INFO - Processing file /opt/airflow/dags/ml_models.py for tasks to queue
[2025-12-30T18:55:09.346+0000] {logging_mixin.py:188} INFO - [2025-12-30T18:55:09.346+0000] {dagbag.py:538} INFO - Filling up the DagBag from /opt/airflow/dags/ml_models.py
[2025-12-30T18:55:09.389+0000] {processor.py:840} INFO - DAG(s) 'ml_models' retrieved from /opt/airflow/dags/ml_models.py
[2025-12-30T18:55:09.428+0000] {logging_mixin.py:188} INFO - [2025-12-30T18:55:09.428+0000] {dag.py:3036} INFO - Sync 1 DAGs
[2025-12-30T18:55:09.469+0000] {logging_mixin.py:188} INFO - [2025-12-30T18:55:09.468+0000] {dag.py:3823} INFO - Setting next_dagrun for ml_models to 2025-12-29 00:00:00+00:00, run_after=2025-12-30 00:00:00+00:00
[2025-12-30T18:55:09.506+0000] {processor.py:183} INFO - Processing /opt/airflow/dags/ml_models.py took 0.170 seconds
[2025-12-30T18:55:39.824+0000] {processor.py:161} INFO - Started process (PID=10226) to work on /opt/airflow/dags/ml_models.py
[2025-12-30T18:55:39.826+0000] {processor.py:830} INFO - Processing file /opt/airflow/dags/ml_models.py for tasks to queue
[2025-12-30T18:55:39.828+0000] {logging_mixin.py:188} INFO - [2025-12-30T18:55:39.828+0000] {dagbag.py:538} INFO - Filling up the DagBag from /opt/airflow/dags/ml_models.py
[2025-12-30T18:55:39.866+0000] {processor.py:840} INFO - DAG(s) 'ml_models' retrieved from /opt/airflow/dags/ml_models.py
[2025-12-30T18:55:39.917+0000] {logging_mixin.py:188} INFO - [2025-12-30T18:55:39.916+0000] {dag.py:3036} INFO - Sync 1 DAGs
[2025-12-30T18:55:39.962+0000] {logging_mixin.py:188} INFO - [2025-12-30T18:55:39.961+0000] {dag.py:3823} INFO - Setting next_dagrun for ml_models to 2025-12-29 00:00:00+00:00, run_after=2025-12-30 00:00:00+00:00
[2025-12-30T18:55:39.995+0000] {processor.py:183} INFO - Processing /opt/airflow/dags/ml_models.py took 0.179 seconds
[2025-12-30T18:56:10.556+0000] {processor.py:161} INFO - Started process (PID=10241) to work on /opt/airflow/dags/ml_models.py
[2025-12-30T18:56:10.559+0000] {processor.py:830} INFO - Processing file /opt/airflow/dags/ml_models.py for tasks to queue
[2025-12-30T18:56:10.561+0000] {logging_mixin.py:188} INFO - [2025-12-30T18:56:10.560+0000] {dagbag.py:538} INFO - Filling up the DagBag from /opt/airflow/dags/ml_models.py
[2025-12-30T18:56:10.638+0000] {processor.py:840} INFO - DAG(s) 'ml_models' retrieved from /opt/airflow/dags/ml_models.py
[2025-12-30T18:56:10.687+0000] {logging_mixin.py:188} INFO - [2025-12-30T18:56:10.687+0000] {dag.py:3036} INFO - Sync 1 DAGs
[2025-12-30T18:56:10.752+0000] {logging_mixin.py:188} INFO - [2025-12-30T18:56:10.751+0000] {dag.py:3823} INFO - Setting next_dagrun for ml_models to 2025-12-29 00:00:00+00:00, run_after=2025-12-30 00:00:00+00:00
[2025-12-30T18:56:10.789+0000] {processor.py:183} INFO - Processing /opt/airflow/dags/ml_models.py took 0.243 seconds
[2025-12-30T18:56:41.509+0000] {processor.py:161} INFO - Started process (PID=10261) to work on /opt/airflow/dags/ml_models.py
[2025-12-30T18:56:41.512+0000] {processor.py:830} INFO - Processing file /opt/airflow/dags/ml_models.py for tasks to queue
[2025-12-30T18:56:41.513+0000] {logging_mixin.py:188} INFO - [2025-12-30T18:56:41.513+0000] {dagbag.py:538} INFO - Filling up the DagBag from /opt/airflow/dags/ml_models.py
[2025-12-30T18:56:41.553+0000] {processor.py:840} INFO - DAG(s) 'ml_models' retrieved from /opt/airflow/dags/ml_models.py
[2025-12-30T18:56:41.601+0000] {logging_mixin.py:188} INFO - [2025-12-30T18:56:41.601+0000] {dag.py:3036} INFO - Sync 1 DAGs
[2025-12-30T18:56:41.654+0000] {logging_mixin.py:188} INFO - [2025-12-30T18:56:41.654+0000] {dag.py:3823} INFO - Setting next_dagrun for ml_models to 2025-12-29 00:00:00+00:00, run_after=2025-12-30 00:00:00+00:00
[2025-12-30T18:56:41.702+0000] {processor.py:183} INFO - Processing /opt/airflow/dags/ml_models.py took 0.200 seconds
[2025-12-30T18:57:12.467+0000] {processor.py:161} INFO - Started process (PID=10281) to work on /opt/airflow/dags/ml_models.py
[2025-12-30T18:57:12.470+0000] {processor.py:830} INFO - Processing file /opt/airflow/dags/ml_models.py for tasks to queue
[2025-12-30T18:57:12.472+0000] {logging_mixin.py:188} INFO - [2025-12-30T18:57:12.471+0000] {dagbag.py:538} INFO - Filling up the DagBag from /opt/airflow/dags/ml_models.py
[2025-12-30T18:57:12.517+0000] {processor.py:840} INFO - DAG(s) 'ml_models' retrieved from /opt/airflow/dags/ml_models.py
[2025-12-30T18:57:12.566+0000] {logging_mixin.py:188} INFO - [2025-12-30T18:57:12.566+0000] {dag.py:3036} INFO - Sync 1 DAGs
[2025-12-30T18:57:12.607+0000] {logging_mixin.py:188} INFO - [2025-12-30T18:57:12.607+0000] {dag.py:3823} INFO - Setting next_dagrun for ml_models to 2025-12-29 00:00:00+00:00, run_after=2025-12-30 00:00:00+00:00
[2025-12-30T18:57:12.648+0000] {processor.py:183} INFO - Processing /opt/airflow/dags/ml_models.py took 0.190 seconds
[2025-12-30T18:57:43.386+0000] {processor.py:161} INFO - Started process (PID=10301) to work on /opt/airflow/dags/ml_models.py
[2025-12-30T18:57:43.388+0000] {processor.py:830} INFO - Processing file /opt/airflow/dags/ml_models.py for tasks to queue
[2025-12-30T18:57:43.389+0000] {logging_mixin.py:188} INFO - [2025-12-30T18:57:43.389+0000] {dagbag.py:538} INFO - Filling up the DagBag from /opt/airflow/dags/ml_models.py
[2025-12-30T18:57:43.439+0000] {processor.py:840} INFO - DAG(s) 'ml_models' retrieved from /opt/airflow/dags/ml_models.py
[2025-12-30T18:57:43.495+0000] {logging_mixin.py:188} INFO - [2025-12-30T18:57:43.494+0000] {dag.py:3036} INFO - Sync 1 DAGs
[2025-12-30T18:57:43.542+0000] {logging_mixin.py:188} INFO - [2025-12-30T18:57:43.542+0000] {dag.py:3823} INFO - Setting next_dagrun for ml_models to 2025-12-29 00:00:00+00:00, run_after=2025-12-30 00:00:00+00:00
[2025-12-30T18:57:43.594+0000] {processor.py:183} INFO - Processing /opt/airflow/dags/ml_models.py took 0.214 seconds
[2025-12-30T18:58:14.324+0000] {processor.py:161} INFO - Started process (PID=10321) to work on /opt/airflow/dags/ml_models.py
[2025-12-30T18:58:14.326+0000] {processor.py:830} INFO - Processing file /opt/airflow/dags/ml_models.py for tasks to queue
[2025-12-30T18:58:14.328+0000] {logging_mixin.py:188} INFO - [2025-12-30T18:58:14.328+0000] {dagbag.py:538} INFO - Filling up the DagBag from /opt/airflow/dags/ml_models.py
[2025-12-30T18:58:14.367+0000] {processor.py:840} INFO - DAG(s) 'ml_models' retrieved from /opt/airflow/dags/ml_models.py
[2025-12-30T18:58:14.430+0000] {logging_mixin.py:188} INFO - [2025-12-30T18:58:14.430+0000] {dag.py:3036} INFO - Sync 1 DAGs
[2025-12-30T18:58:14.481+0000] {logging_mixin.py:188} INFO - [2025-12-30T18:58:14.480+0000] {dag.py:3823} INFO - Setting next_dagrun for ml_models to 2025-12-29 00:00:00+00:00, run_after=2025-12-30 00:00:00+00:00
[2025-12-30T18:58:14.543+0000] {processor.py:183} INFO - Processing /opt/airflow/dags/ml_models.py took 0.225 seconds
[2025-12-30T18:58:45.278+0000] {processor.py:161} INFO - Started process (PID=10341) to work on /opt/airflow/dags/ml_models.py
[2025-12-30T18:58:45.280+0000] {processor.py:830} INFO - Processing file /opt/airflow/dags/ml_models.py for tasks to queue
[2025-12-30T18:58:45.282+0000] {logging_mixin.py:188} INFO - [2025-12-30T18:58:45.282+0000] {dagbag.py:538} INFO - Filling up the DagBag from /opt/airflow/dags/ml_models.py
[2025-12-30T18:58:45.319+0000] {processor.py:840} INFO - DAG(s) 'ml_models' retrieved from /opt/airflow/dags/ml_models.py
[2025-12-30T18:58:45.375+0000] {logging_mixin.py:188} INFO - [2025-12-30T18:58:45.375+0000] {dag.py:3036} INFO - Sync 1 DAGs
[2025-12-30T18:58:45.428+0000] {logging_mixin.py:188} INFO - [2025-12-30T18:58:45.428+0000] {dag.py:3823} INFO - Setting next_dagrun for ml_models to 2025-12-29 00:00:00+00:00, run_after=2025-12-30 00:00:00+00:00
[2025-12-30T18:58:45.473+0000] {processor.py:183} INFO - Processing /opt/airflow/dags/ml_models.py took 0.201 seconds
[2025-12-30T18:59:16.194+0000] {processor.py:161} INFO - Started process (PID=10361) to work on /opt/airflow/dags/ml_models.py
[2025-12-30T18:59:16.196+0000] {processor.py:830} INFO - Processing file /opt/airflow/dags/ml_models.py for tasks to queue
[2025-12-30T18:59:16.199+0000] {logging_mixin.py:188} INFO - [2025-12-30T18:59:16.198+0000] {dagbag.py:538} INFO - Filling up the DagBag from /opt/airflow/dags/ml_models.py
[2025-12-30T18:59:16.240+0000] {processor.py:840} INFO - DAG(s) 'ml_models' retrieved from /opt/airflow/dags/ml_models.py
[2025-12-30T18:59:16.298+0000] {logging_mixin.py:188} INFO - [2025-12-30T18:59:16.297+0000] {dag.py:3036} INFO - Sync 1 DAGs
[2025-12-30T18:59:16.346+0000] {logging_mixin.py:188} INFO - [2025-12-30T18:59:16.345+0000] {dag.py:3823} INFO - Setting next_dagrun for ml_models to 2025-12-29 00:00:00+00:00, run_after=2025-12-30 00:00:00+00:00
[2025-12-30T18:59:16.384+0000] {processor.py:183} INFO - Processing /opt/airflow/dags/ml_models.py took 0.198 seconds
[2025-12-30T18:59:47.106+0000] {processor.py:161} INFO - Started process (PID=10381) to work on /opt/airflow/dags/ml_models.py
[2025-12-30T18:59:47.109+0000] {processor.py:830} INFO - Processing file /opt/airflow/dags/ml_models.py for tasks to queue
[2025-12-30T18:59:47.111+0000] {logging_mixin.py:188} INFO - [2025-12-30T18:59:47.110+0000] {dagbag.py:538} INFO - Filling up the DagBag from /opt/airflow/dags/ml_models.py
[2025-12-30T18:59:47.151+0000] {processor.py:840} INFO - DAG(s) 'ml_models' retrieved from /opt/airflow/dags/ml_models.py
[2025-12-30T18:59:47.203+0000] {logging_mixin.py:188} INFO - [2025-12-30T18:59:47.203+0000] {dag.py:3036} INFO - Sync 1 DAGs
[2025-12-30T18:59:47.249+0000] {logging_mixin.py:188} INFO - [2025-12-30T18:59:47.249+0000] {dag.py:3823} INFO - Setting next_dagrun for ml_models to 2025-12-29 00:00:00+00:00, run_after=2025-12-30 00:00:00+00:00
[2025-12-30T18:59:47.293+0000] {processor.py:183} INFO - Processing /opt/airflow/dags/ml_models.py took 0.196 seconds
[2025-12-30T19:00:17.990+0000] {processor.py:161} INFO - Started process (PID=10401) to work on /opt/airflow/dags/ml_models.py
[2025-12-30T19:00:17.992+0000] {processor.py:830} INFO - Processing file /opt/airflow/dags/ml_models.py for tasks to queue
[2025-12-30T19:00:17.994+0000] {logging_mixin.py:188} INFO - [2025-12-30T19:00:17.994+0000] {dagbag.py:538} INFO - Filling up the DagBag from /opt/airflow/dags/ml_models.py
[2025-12-30T19:00:18.035+0000] {processor.py:840} INFO - DAG(s) 'ml_models' retrieved from /opt/airflow/dags/ml_models.py
[2025-12-30T19:00:18.091+0000] {logging_mixin.py:188} INFO - [2025-12-30T19:00:18.091+0000] {dag.py:3036} INFO - Sync 1 DAGs
[2025-12-30T19:00:18.137+0000] {logging_mixin.py:188} INFO - [2025-12-30T19:00:18.137+0000] {dag.py:3823} INFO - Setting next_dagrun for ml_models to 2025-12-29 00:00:00+00:00, run_after=2025-12-30 00:00:00+00:00
[2025-12-30T19:00:18.210+0000] {processor.py:183} INFO - Processing /opt/airflow/dags/ml_models.py took 0.230 seconds
[2025-12-30T19:00:48.898+0000] {processor.py:161} INFO - Started process (PID=10421) to work on /opt/airflow/dags/ml_models.py
[2025-12-30T19:00:48.901+0000] {processor.py:830} INFO - Processing file /opt/airflow/dags/ml_models.py for tasks to queue
[2025-12-30T19:00:48.903+0000] {logging_mixin.py:188} INFO - [2025-12-30T19:00:48.903+0000] {dagbag.py:538} INFO - Filling up the DagBag from /opt/airflow/dags/ml_models.py
[2025-12-30T19:00:48.944+0000] {processor.py:840} INFO - DAG(s) 'ml_models' retrieved from /opt/airflow/dags/ml_models.py
[2025-12-30T19:00:48.999+0000] {logging_mixin.py:188} INFO - [2025-12-30T19:00:48.998+0000] {dag.py:3036} INFO - Sync 1 DAGs
[2025-12-30T19:00:49.040+0000] {logging_mixin.py:188} INFO - [2025-12-30T19:00:49.040+0000] {dag.py:3823} INFO - Setting next_dagrun for ml_models to 2025-12-29 00:00:00+00:00, run_after=2025-12-30 00:00:00+00:00
[2025-12-30T19:00:49.076+0000] {processor.py:183} INFO - Processing /opt/airflow/dags/ml_models.py took 0.184 seconds
[2025-12-30T19:01:19.757+0000] {processor.py:161} INFO - Started process (PID=10441) to work on /opt/airflow/dags/ml_models.py
[2025-12-30T19:01:19.759+0000] {processor.py:830} INFO - Processing file /opt/airflow/dags/ml_models.py for tasks to queue
[2025-12-30T19:01:19.761+0000] {logging_mixin.py:188} INFO - [2025-12-30T19:01:19.760+0000] {dagbag.py:538} INFO - Filling up the DagBag from /opt/airflow/dags/ml_models.py
[2025-12-30T19:01:19.801+0000] {processor.py:840} INFO - DAG(s) 'ml_models' retrieved from /opt/airflow/dags/ml_models.py
[2025-12-30T19:01:19.864+0000] {logging_mixin.py:188} INFO - [2025-12-30T19:01:19.863+0000] {dag.py:3036} INFO - Sync 1 DAGs
[2025-12-30T19:01:19.909+0000] {logging_mixin.py:188} INFO - [2025-12-30T19:01:19.909+0000] {dag.py:3823} INFO - Setting next_dagrun for ml_models to 2025-12-29 00:00:00+00:00, run_after=2025-12-30 00:00:00+00:00
[2025-12-30T19:01:19.945+0000] {processor.py:183} INFO - Processing /opt/airflow/dags/ml_models.py took 0.197 seconds
[2025-12-30T19:01:50.687+0000] {processor.py:161} INFO - Started process (PID=10461) to work on /opt/airflow/dags/ml_models.py
[2025-12-30T19:01:50.689+0000] {processor.py:830} INFO - Processing file /opt/airflow/dags/ml_models.py for tasks to queue
[2025-12-30T19:01:50.691+0000] {logging_mixin.py:188} INFO - [2025-12-30T19:01:50.691+0000] {dagbag.py:538} INFO - Filling up the DagBag from /opt/airflow/dags/ml_models.py
[2025-12-30T19:01:50.731+0000] {processor.py:840} INFO - DAG(s) 'ml_models' retrieved from /opt/airflow/dags/ml_models.py
[2025-12-30T19:01:50.784+0000] {logging_mixin.py:188} INFO - [2025-12-30T19:01:50.783+0000] {dag.py:3036} INFO - Sync 1 DAGs
[2025-12-30T19:01:50.829+0000] {logging_mixin.py:188} INFO - [2025-12-30T19:01:50.828+0000] {dag.py:3823} INFO - Setting next_dagrun for ml_models to 2025-12-29 00:00:00+00:00, run_after=2025-12-30 00:00:00+00:00
[2025-12-30T19:01:50.909+0000] {processor.py:183} INFO - Processing /opt/airflow/dags/ml_models.py took 0.233 seconds
[2025-12-30T19:02:21.601+0000] {processor.py:161} INFO - Started process (PID=10481) to work on /opt/airflow/dags/ml_models.py
[2025-12-30T19:02:21.603+0000] {processor.py:830} INFO - Processing file /opt/airflow/dags/ml_models.py for tasks to queue
[2025-12-30T19:02:21.605+0000] {logging_mixin.py:188} INFO - [2025-12-30T19:02:21.604+0000] {dagbag.py:538} INFO - Filling up the DagBag from /opt/airflow/dags/ml_models.py
[2025-12-30T19:02:21.646+0000] {processor.py:840} INFO - DAG(s) 'ml_models' retrieved from /opt/airflow/dags/ml_models.py
[2025-12-30T19:02:21.697+0000] {logging_mixin.py:188} INFO - [2025-12-30T19:02:21.696+0000] {dag.py:3036} INFO - Sync 1 DAGs
[2025-12-30T19:02:21.743+0000] {logging_mixin.py:188} INFO - [2025-12-30T19:02:21.742+0000] {dag.py:3823} INFO - Setting next_dagrun for ml_models to 2025-12-29 00:00:00+00:00, run_after=2025-12-30 00:00:00+00:00
[2025-12-30T19:02:21.821+0000] {processor.py:183} INFO - Processing /opt/airflow/dags/ml_models.py took 0.226 seconds
[2025-12-30T19:02:52.625+0000] {processor.py:161} INFO - Started process (PID=10501) to work on /opt/airflow/dags/ml_models.py
[2025-12-30T19:02:52.629+0000] {processor.py:830} INFO - Processing file /opt/airflow/dags/ml_models.py for tasks to queue
[2025-12-30T19:02:52.632+0000] {logging_mixin.py:188} INFO - [2025-12-30T19:02:52.631+0000] {dagbag.py:538} INFO - Filling up the DagBag from /opt/airflow/dags/ml_models.py
[2025-12-30T19:02:52.732+0000] {processor.py:840} INFO - DAG(s) 'ml_models' retrieved from /opt/airflow/dags/ml_models.py
[2025-12-30T19:02:52.797+0000] {logging_mixin.py:188} INFO - [2025-12-30T19:02:52.796+0000] {dag.py:3036} INFO - Sync 1 DAGs
[2025-12-30T19:02:52.856+0000] {logging_mixin.py:188} INFO - [2025-12-30T19:02:52.856+0000] {dag.py:3823} INFO - Setting next_dagrun for ml_models to 2025-12-29 00:00:00+00:00, run_after=2025-12-30 00:00:00+00:00
[2025-12-30T19:02:52.903+0000] {processor.py:183} INFO - Processing /opt/airflow/dags/ml_models.py took 0.289 seconds
[2025-12-30T19:03:23.818+0000] {processor.py:161} INFO - Started process (PID=10521) to work on /opt/airflow/dags/ml_models.py
[2025-12-30T19:03:23.822+0000] {processor.py:830} INFO - Processing file /opt/airflow/dags/ml_models.py for tasks to queue
[2025-12-30T19:03:23.825+0000] {logging_mixin.py:188} INFO - [2025-12-30T19:03:23.824+0000] {dagbag.py:538} INFO - Filling up the DagBag from /opt/airflow/dags/ml_models.py
[2025-12-30T19:03:23.885+0000] {processor.py:840} INFO - DAG(s) 'ml_models' retrieved from /opt/airflow/dags/ml_models.py
[2025-12-30T19:03:23.952+0000] {logging_mixin.py:188} INFO - [2025-12-30T19:03:23.951+0000] {dag.py:3036} INFO - Sync 1 DAGs
[2025-12-30T19:03:24.020+0000] {logging_mixin.py:188} INFO - [2025-12-30T19:03:24.020+0000] {dag.py:3823} INFO - Setting next_dagrun for ml_models to 2025-12-29 00:00:00+00:00, run_after=2025-12-30 00:00:00+00:00
[2025-12-30T19:03:24.067+0000] {processor.py:183} INFO - Processing /opt/airflow/dags/ml_models.py took 0.260 seconds
[2025-12-30T19:03:54.963+0000] {processor.py:161} INFO - Started process (PID=10541) to work on /opt/airflow/dags/ml_models.py
[2025-12-30T19:03:54.965+0000] {processor.py:830} INFO - Processing file /opt/airflow/dags/ml_models.py for tasks to queue
[2025-12-30T19:03:54.968+0000] {logging_mixin.py:188} INFO - [2025-12-30T19:03:54.967+0000] {dagbag.py:538} INFO - Filling up the DagBag from /opt/airflow/dags/ml_models.py
[2025-12-30T19:03:55.022+0000] {processor.py:840} INFO - DAG(s) 'ml_models' retrieved from /opt/airflow/dags/ml_models.py
[2025-12-30T19:03:55.084+0000] {logging_mixin.py:188} INFO - [2025-12-30T19:03:55.083+0000] {dag.py:3036} INFO - Sync 1 DAGs
[2025-12-30T19:03:55.138+0000] {logging_mixin.py:188} INFO - [2025-12-30T19:03:55.137+0000] {dag.py:3823} INFO - Setting next_dagrun for ml_models to 2025-12-29 00:00:00+00:00, run_after=2025-12-30 00:00:00+00:00
[2025-12-30T19:03:55.220+0000] {processor.py:183} INFO - Processing /opt/airflow/dags/ml_models.py took 0.267 seconds
[2025-12-30T19:04:26.106+0000] {processor.py:161} INFO - Started process (PID=10561) to work on /opt/airflow/dags/ml_models.py
[2025-12-30T19:04:26.109+0000] {processor.py:830} INFO - Processing file /opt/airflow/dags/ml_models.py for tasks to queue
[2025-12-30T19:04:26.112+0000] {logging_mixin.py:188} INFO - [2025-12-30T19:04:26.111+0000] {dagbag.py:538} INFO - Filling up the DagBag from /opt/airflow/dags/ml_models.py
[2025-12-30T19:04:26.174+0000] {processor.py:840} INFO - DAG(s) 'ml_models' retrieved from /opt/airflow/dags/ml_models.py
[2025-12-30T19:04:26.241+0000] {logging_mixin.py:188} INFO - [2025-12-30T19:04:26.240+0000] {dag.py:3036} INFO - Sync 1 DAGs
[2025-12-30T19:04:26.312+0000] {logging_mixin.py:188} INFO - [2025-12-30T19:04:26.311+0000] {dag.py:3823} INFO - Setting next_dagrun for ml_models to 2025-12-29 00:00:00+00:00, run_after=2025-12-30 00:00:00+00:00
[2025-12-30T19:04:26.365+0000] {processor.py:183} INFO - Processing /opt/airflow/dags/ml_models.py took 0.269 seconds
[2025-12-30T19:04:57.316+0000] {processor.py:161} INFO - Started process (PID=10581) to work on /opt/airflow/dags/ml_models.py
[2025-12-30T19:04:57.320+0000] {processor.py:830} INFO - Processing file /opt/airflow/dags/ml_models.py for tasks to queue
[2025-12-30T19:04:57.326+0000] {logging_mixin.py:188} INFO - [2025-12-30T19:04:57.325+0000] {dagbag.py:538} INFO - Filling up the DagBag from /opt/airflow/dags/ml_models.py
[2025-12-30T19:04:57.380+0000] {processor.py:840} INFO - DAG(s) 'ml_models' retrieved from /opt/airflow/dags/ml_models.py
[2025-12-30T19:04:57.449+0000] {logging_mixin.py:188} INFO - [2025-12-30T19:04:57.449+0000] {dag.py:3036} INFO - Sync 1 DAGs
[2025-12-30T19:04:57.512+0000] {logging_mixin.py:188} INFO - [2025-12-30T19:04:57.512+0000] {dag.py:3823} INFO - Setting next_dagrun for ml_models to 2025-12-29 00:00:00+00:00, run_after=2025-12-30 00:00:00+00:00
[2025-12-30T19:04:57.570+0000] {processor.py:183} INFO - Processing /opt/airflow/dags/ml_models.py took 0.267 seconds
[2025-12-30T19:05:27.696+0000] {processor.py:161} INFO - Started process (PID=10601) to work on /opt/airflow/dags/ml_models.py
[2025-12-30T19:05:27.699+0000] {processor.py:830} INFO - Processing file /opt/airflow/dags/ml_models.py for tasks to queue
[2025-12-30T19:05:27.701+0000] {logging_mixin.py:188} INFO - [2025-12-30T19:05:27.701+0000] {dagbag.py:538} INFO - Filling up the DagBag from /opt/airflow/dags/ml_models.py
[2025-12-30T19:05:27.754+0000] {processor.py:840} INFO - DAG(s) 'ml_models' retrieved from /opt/airflow/dags/ml_models.py
[2025-12-30T19:05:27.823+0000] {logging_mixin.py:188} INFO - [2025-12-30T19:05:27.822+0000] {dag.py:3036} INFO - Sync 1 DAGs
[2025-12-30T19:05:27.891+0000] {logging_mixin.py:188} INFO - [2025-12-30T19:05:27.891+0000] {dag.py:3823} INFO - Setting next_dagrun for ml_models to 2025-12-29 00:00:00+00:00, run_after=2025-12-30 00:00:00+00:00
[2025-12-30T19:05:27.977+0000] {processor.py:183} INFO - Processing /opt/airflow/dags/ml_models.py took 0.290 seconds
[2025-12-30T19:05:58.157+0000] {processor.py:161} INFO - Started process (PID=10621) to work on /opt/airflow/dags/ml_models.py
[2025-12-30T19:05:58.160+0000] {processor.py:830} INFO - Processing file /opt/airflow/dags/ml_models.py for tasks to queue
[2025-12-30T19:05:58.163+0000] {logging_mixin.py:188} INFO - [2025-12-30T19:05:58.162+0000] {dagbag.py:538} INFO - Filling up the DagBag from /opt/airflow/dags/ml_models.py
[2025-12-30T19:05:58.220+0000] {processor.py:840} INFO - DAG(s) 'ml_models' retrieved from /opt/airflow/dags/ml_models.py
[2025-12-30T19:05:58.295+0000] {logging_mixin.py:188} INFO - [2025-12-30T19:05:58.294+0000] {dag.py:3036} INFO - Sync 1 DAGs
[2025-12-30T19:05:58.354+0000] {logging_mixin.py:188} INFO - [2025-12-30T19:05:58.353+0000] {dag.py:3823} INFO - Setting next_dagrun for ml_models to 2025-12-29 00:00:00+00:00, run_after=2025-12-30 00:00:00+00:00
[2025-12-30T19:05:58.402+0000] {processor.py:183} INFO - Processing /opt/airflow/dags/ml_models.py took 0.256 seconds
[2025-12-30T19:06:28.632+0000] {processor.py:161} INFO - Started process (PID=10641) to work on /opt/airflow/dags/ml_models.py
[2025-12-30T19:06:28.633+0000] {processor.py:830} INFO - Processing file /opt/airflow/dags/ml_models.py for tasks to queue
[2025-12-30T19:06:28.634+0000] {logging_mixin.py:188} INFO - [2025-12-30T19:06:28.634+0000] {dagbag.py:538} INFO - Filling up the DagBag from /opt/airflow/dags/ml_models.py
[2025-12-30T19:06:28.657+0000] {processor.py:840} INFO - DAG(s) 'ml_models' retrieved from /opt/airflow/dags/ml_models.py
[2025-12-30T19:06:28.686+0000] {logging_mixin.py:188} INFO - [2025-12-30T19:06:28.686+0000] {dag.py:3036} INFO - Sync 1 DAGs
[2025-12-30T19:06:28.714+0000] {logging_mixin.py:188} INFO - [2025-12-30T19:06:28.714+0000] {dag.py:3823} INFO - Setting next_dagrun for ml_models to 2025-12-29 00:00:00+00:00, run_after=2025-12-30 00:00:00+00:00
[2025-12-30T19:06:28.736+0000] {processor.py:183} INFO - Processing /opt/airflow/dags/ml_models.py took 0.108 seconds
[2025-12-30T19:06:59.252+0000] {processor.py:161} INFO - Started process (PID=10661) to work on /opt/airflow/dags/ml_models.py
[2025-12-30T19:06:59.254+0000] {processor.py:830} INFO - Processing file /opt/airflow/dags/ml_models.py for tasks to queue
[2025-12-30T19:06:59.255+0000] {logging_mixin.py:188} INFO - [2025-12-30T19:06:59.255+0000] {dagbag.py:538} INFO - Filling up the DagBag from /opt/airflow/dags/ml_models.py
[2025-12-30T19:06:59.276+0000] {processor.py:840} INFO - DAG(s) 'ml_models' retrieved from /opt/airflow/dags/ml_models.py
[2025-12-30T19:06:59.304+0000] {logging_mixin.py:188} INFO - [2025-12-30T19:06:59.304+0000] {dag.py:3036} INFO - Sync 1 DAGs
[2025-12-30T19:06:59.326+0000] {logging_mixin.py:188} INFO - [2025-12-30T19:06:59.325+0000] {dag.py:3823} INFO - Setting next_dagrun for ml_models to 2025-12-29 00:00:00+00:00, run_after=2025-12-30 00:00:00+00:00
[2025-12-30T19:06:59.343+0000] {processor.py:183} INFO - Processing /opt/airflow/dags/ml_models.py took 0.095 seconds
[2025-12-30T19:07:29.774+0000] {processor.py:161} INFO - Started process (PID=10681) to work on /opt/airflow/dags/ml_models.py
[2025-12-30T19:07:29.776+0000] {processor.py:830} INFO - Processing file /opt/airflow/dags/ml_models.py for tasks to queue
[2025-12-30T19:07:29.777+0000] {logging_mixin.py:188} INFO - [2025-12-30T19:07:29.777+0000] {dagbag.py:538} INFO - Filling up the DagBag from /opt/airflow/dags/ml_models.py
[2025-12-30T19:07:29.798+0000] {processor.py:840} INFO - DAG(s) 'ml_models' retrieved from /opt/airflow/dags/ml_models.py
[2025-12-30T19:07:29.828+0000] {logging_mixin.py:188} INFO - [2025-12-30T19:07:29.827+0000] {dag.py:3036} INFO - Sync 1 DAGs
[2025-12-30T19:07:29.852+0000] {logging_mixin.py:188} INFO - [2025-12-30T19:07:29.851+0000] {dag.py:3823} INFO - Setting next_dagrun for ml_models to 2025-12-29 00:00:00+00:00, run_after=2025-12-30 00:00:00+00:00
[2025-12-30T19:07:29.872+0000] {processor.py:183} INFO - Processing /opt/airflow/dags/ml_models.py took 0.101 seconds
[2025-12-30T19:08:00.312+0000] {processor.py:161} INFO - Started process (PID=10701) to work on /opt/airflow/dags/ml_models.py
[2025-12-30T19:08:00.313+0000] {processor.py:830} INFO - Processing file /opt/airflow/dags/ml_models.py for tasks to queue
[2025-12-30T19:08:00.315+0000] {logging_mixin.py:188} INFO - [2025-12-30T19:08:00.314+0000] {dagbag.py:538} INFO - Filling up the DagBag from /opt/airflow/dags/ml_models.py
[2025-12-30T19:08:00.334+0000] {processor.py:840} INFO - DAG(s) 'ml_models' retrieved from /opt/airflow/dags/ml_models.py
[2025-12-30T19:08:00.362+0000] {logging_mixin.py:188} INFO - [2025-12-30T19:08:00.362+0000] {dag.py:3036} INFO - Sync 1 DAGs
[2025-12-30T19:08:00.383+0000] {logging_mixin.py:188} INFO - [2025-12-30T19:08:00.383+0000] {dag.py:3823} INFO - Setting next_dagrun for ml_models to 2025-12-29 00:00:00+00:00, run_after=2025-12-30 00:00:00+00:00
[2025-12-30T19:08:00.401+0000] {processor.py:183} INFO - Processing /opt/airflow/dags/ml_models.py took 0.093 seconds
[2025-12-30T19:08:30.840+0000] {processor.py:161} INFO - Started process (PID=10721) to work on /opt/airflow/dags/ml_models.py
[2025-12-30T19:08:30.842+0000] {processor.py:830} INFO - Processing file /opt/airflow/dags/ml_models.py for tasks to queue
[2025-12-30T19:08:30.843+0000] {logging_mixin.py:188} INFO - [2025-12-30T19:08:30.843+0000] {dagbag.py:538} INFO - Filling up the DagBag from /opt/airflow/dags/ml_models.py
[2025-12-30T19:08:30.862+0000] {processor.py:840} INFO - DAG(s) 'ml_models' retrieved from /opt/airflow/dags/ml_models.py
[2025-12-30T19:08:30.889+0000] {logging_mixin.py:188} INFO - [2025-12-30T19:08:30.889+0000] {dag.py:3036} INFO - Sync 1 DAGs
[2025-12-30T19:08:30.913+0000] {logging_mixin.py:188} INFO - [2025-12-30T19:08:30.912+0000] {dag.py:3823} INFO - Setting next_dagrun for ml_models to 2025-12-29 00:00:00+00:00, run_after=2025-12-30 00:00:00+00:00
[2025-12-30T19:08:30.933+0000] {processor.py:183} INFO - Processing /opt/airflow/dags/ml_models.py took 0.097 seconds
[2025-12-30T19:09:01.383+0000] {processor.py:161} INFO - Started process (PID=10741) to work on /opt/airflow/dags/ml_models.py
[2025-12-30T19:09:01.384+0000] {processor.py:830} INFO - Processing file /opt/airflow/dags/ml_models.py for tasks to queue
[2025-12-30T19:09:01.385+0000] {logging_mixin.py:188} INFO - [2025-12-30T19:09:01.385+0000] {dagbag.py:538} INFO - Filling up the DagBag from /opt/airflow/dags/ml_models.py
[2025-12-30T19:09:01.406+0000] {processor.py:840} INFO - DAG(s) 'ml_models' retrieved from /opt/airflow/dags/ml_models.py
[2025-12-30T19:09:01.432+0000] {logging_mixin.py:188} INFO - [2025-12-30T19:09:01.432+0000] {dag.py:3036} INFO - Sync 1 DAGs
[2025-12-30T19:09:01.454+0000] {logging_mixin.py:188} INFO - [2025-12-30T19:09:01.454+0000] {dag.py:3823} INFO - Setting next_dagrun for ml_models to 2025-12-29 00:00:00+00:00, run_after=2025-12-30 00:00:00+00:00
[2025-12-30T19:09:01.472+0000] {processor.py:183} INFO - Processing /opt/airflow/dags/ml_models.py took 0.093 seconds
[2025-12-30T19:09:31.895+0000] {processor.py:161} INFO - Started process (PID=10761) to work on /opt/airflow/dags/ml_models.py
[2025-12-30T19:09:31.897+0000] {processor.py:830} INFO - Processing file /opt/airflow/dags/ml_models.py for tasks to queue
[2025-12-30T19:09:31.898+0000] {logging_mixin.py:188} INFO - [2025-12-30T19:09:31.897+0000] {dagbag.py:538} INFO - Filling up the DagBag from /opt/airflow/dags/ml_models.py
[2025-12-30T19:09:31.919+0000] {processor.py:840} INFO - DAG(s) 'ml_models' retrieved from /opt/airflow/dags/ml_models.py
[2025-12-30T19:09:31.945+0000] {logging_mixin.py:188} INFO - [2025-12-30T19:09:31.944+0000] {dag.py:3036} INFO - Sync 1 DAGs
[2025-12-30T19:09:31.965+0000] {logging_mixin.py:188} INFO - [2025-12-30T19:09:31.964+0000] {dag.py:3823} INFO - Setting next_dagrun for ml_models to 2025-12-29 00:00:00+00:00, run_after=2025-12-30 00:00:00+00:00
[2025-12-30T19:09:31.984+0000] {processor.py:183} INFO - Processing /opt/airflow/dags/ml_models.py took 0.092 seconds
[2025-12-30T19:10:02.498+0000] {processor.py:161} INFO - Started process (PID=10781) to work on /opt/airflow/dags/ml_models.py
[2025-12-30T19:10:02.500+0000] {processor.py:830} INFO - Processing file /opt/airflow/dags/ml_models.py for tasks to queue
[2025-12-30T19:10:02.501+0000] {logging_mixin.py:188} INFO - [2025-12-30T19:10:02.500+0000] {dagbag.py:538} INFO - Filling up the DagBag from /opt/airflow/dags/ml_models.py
[2025-12-30T19:10:02.522+0000] {processor.py:840} INFO - DAG(s) 'ml_models' retrieved from /opt/airflow/dags/ml_models.py
[2025-12-30T19:10:02.548+0000] {logging_mixin.py:188} INFO - [2025-12-30T19:10:02.547+0000] {dag.py:3036} INFO - Sync 1 DAGs
[2025-12-30T19:10:02.569+0000] {logging_mixin.py:188} INFO - [2025-12-30T19:10:02.569+0000] {dag.py:3823} INFO - Setting next_dagrun for ml_models to 2025-12-29 00:00:00+00:00, run_after=2025-12-30 00:00:00+00:00
[2025-12-30T19:10:02.599+0000] {processor.py:183} INFO - Processing /opt/airflow/dags/ml_models.py took 0.104 seconds
[2025-12-30T19:10:33.036+0000] {processor.py:161} INFO - Started process (PID=10801) to work on /opt/airflow/dags/ml_models.py
[2025-12-30T19:10:33.038+0000] {processor.py:830} INFO - Processing file /opt/airflow/dags/ml_models.py for tasks to queue
[2025-12-30T19:10:33.039+0000] {logging_mixin.py:188} INFO - [2025-12-30T19:10:33.038+0000] {dagbag.py:538} INFO - Filling up the DagBag from /opt/airflow/dags/ml_models.py
[2025-12-30T19:10:33.059+0000] {processor.py:840} INFO - DAG(s) 'ml_models' retrieved from /opt/airflow/dags/ml_models.py
[2025-12-30T19:10:33.086+0000] {logging_mixin.py:188} INFO - [2025-12-30T19:10:33.085+0000] {dag.py:3036} INFO - Sync 1 DAGs
[2025-12-30T19:10:33.107+0000] {logging_mixin.py:188} INFO - [2025-12-30T19:10:33.107+0000] {dag.py:3823} INFO - Setting next_dagrun for ml_models to 2025-12-29 00:00:00+00:00, run_after=2025-12-30 00:00:00+00:00
[2025-12-30T19:10:33.137+0000] {processor.py:183} INFO - Processing /opt/airflow/dags/ml_models.py took 0.103 seconds
[2025-12-30T19:11:03.580+0000] {processor.py:161} INFO - Started process (PID=10821) to work on /opt/airflow/dags/ml_models.py
[2025-12-30T19:11:03.582+0000] {processor.py:830} INFO - Processing file /opt/airflow/dags/ml_models.py for tasks to queue
[2025-12-30T19:11:03.583+0000] {logging_mixin.py:188} INFO - [2025-12-30T19:11:03.582+0000] {dagbag.py:538} INFO - Filling up the DagBag from /opt/airflow/dags/ml_models.py
[2025-12-30T19:11:03.611+0000] {processor.py:840} INFO - DAG(s) 'ml_models' retrieved from /opt/airflow/dags/ml_models.py
[2025-12-30T19:11:03.651+0000] {logging_mixin.py:188} INFO - [2025-12-30T19:11:03.651+0000] {dag.py:3036} INFO - Sync 1 DAGs
[2025-12-30T19:11:03.690+0000] {logging_mixin.py:188} INFO - [2025-12-30T19:11:03.690+0000] {dag.py:3823} INFO - Setting next_dagrun for ml_models to 2025-12-29 00:00:00+00:00, run_after=2025-12-30 00:00:00+00:00
[2025-12-30T19:11:03.717+0000] {processor.py:183} INFO - Processing /opt/airflow/dags/ml_models.py took 0.141 seconds
[2025-12-30T19:11:34.135+0000] {processor.py:161} INFO - Started process (PID=10841) to work on /opt/airflow/dags/ml_models.py
[2025-12-30T19:11:34.136+0000] {processor.py:830} INFO - Processing file /opt/airflow/dags/ml_models.py for tasks to queue
[2025-12-30T19:11:34.137+0000] {logging_mixin.py:188} INFO - [2025-12-30T19:11:34.137+0000] {dagbag.py:538} INFO - Filling up the DagBag from /opt/airflow/dags/ml_models.py
[2025-12-30T19:11:34.159+0000] {processor.py:840} INFO - DAG(s) 'ml_models' retrieved from /opt/airflow/dags/ml_models.py
[2025-12-30T19:11:34.187+0000] {logging_mixin.py:188} INFO - [2025-12-30T19:11:34.186+0000] {dag.py:3036} INFO - Sync 1 DAGs
[2025-12-30T19:11:34.208+0000] {logging_mixin.py:188} INFO - [2025-12-30T19:11:34.207+0000] {dag.py:3823} INFO - Setting next_dagrun for ml_models to 2025-12-29 00:00:00+00:00, run_after=2025-12-30 00:00:00+00:00
[2025-12-30T19:11:34.228+0000] {processor.py:183} INFO - Processing /opt/airflow/dags/ml_models.py took 0.097 seconds
[2025-12-30T19:12:04.657+0000] {processor.py:161} INFO - Started process (PID=10861) to work on /opt/airflow/dags/ml_models.py
[2025-12-30T19:12:04.658+0000] {processor.py:830} INFO - Processing file /opt/airflow/dags/ml_models.py for tasks to queue
[2025-12-30T19:12:04.660+0000] {logging_mixin.py:188} INFO - [2025-12-30T19:12:04.659+0000] {dagbag.py:538} INFO - Filling up the DagBag from /opt/airflow/dags/ml_models.py
[2025-12-30T19:12:04.681+0000] {processor.py:840} INFO - DAG(s) 'ml_models' retrieved from /opt/airflow/dags/ml_models.py
[2025-12-30T19:12:04.707+0000] {logging_mixin.py:188} INFO - [2025-12-30T19:12:04.707+0000] {dag.py:3036} INFO - Sync 1 DAGs
[2025-12-30T19:12:04.729+0000] {logging_mixin.py:188} INFO - [2025-12-30T19:12:04.729+0000] {dag.py:3823} INFO - Setting next_dagrun for ml_models to 2025-12-29 00:00:00+00:00, run_after=2025-12-30 00:00:00+00:00
[2025-12-30T19:12:04.748+0000] {processor.py:183} INFO - Processing /opt/airflow/dags/ml_models.py took 0.096 seconds
[2025-12-30T19:12:35.179+0000] {processor.py:161} INFO - Started process (PID=10881) to work on /opt/airflow/dags/ml_models.py
[2025-12-30T19:12:35.180+0000] {processor.py:830} INFO - Processing file /opt/airflow/dags/ml_models.py for tasks to queue
[2025-12-30T19:12:35.181+0000] {logging_mixin.py:188} INFO - [2025-12-30T19:12:35.180+0000] {dagbag.py:538} INFO - Filling up the DagBag from /opt/airflow/dags/ml_models.py
[2025-12-30T19:12:35.202+0000] {processor.py:840} INFO - DAG(s) 'ml_models' retrieved from /opt/airflow/dags/ml_models.py
[2025-12-30T19:12:35.228+0000] {logging_mixin.py:188} INFO - [2025-12-30T19:12:35.228+0000] {dag.py:3036} INFO - Sync 1 DAGs
[2025-12-30T19:12:35.249+0000] {logging_mixin.py:188} INFO - [2025-12-30T19:12:35.249+0000] {dag.py:3823} INFO - Setting next_dagrun for ml_models to 2025-12-29 00:00:00+00:00, run_after=2025-12-30 00:00:00+00:00
[2025-12-30T19:12:35.268+0000] {processor.py:183} INFO - Processing /opt/airflow/dags/ml_models.py took 0.093 seconds
[2025-12-30T19:13:05.686+0000] {processor.py:161} INFO - Started process (PID=10901) to work on /opt/airflow/dags/ml_models.py
[2025-12-30T19:13:05.687+0000] {processor.py:830} INFO - Processing file /opt/airflow/dags/ml_models.py for tasks to queue
[2025-12-30T19:13:05.688+0000] {logging_mixin.py:188} INFO - [2025-12-30T19:13:05.688+0000] {dagbag.py:538} INFO - Filling up the DagBag from /opt/airflow/dags/ml_models.py
[2025-12-30T19:13:05.708+0000] {processor.py:840} INFO - DAG(s) 'ml_models' retrieved from /opt/airflow/dags/ml_models.py
[2025-12-30T19:13:05.735+0000] {logging_mixin.py:188} INFO - [2025-12-30T19:13:05.734+0000] {dag.py:3036} INFO - Sync 1 DAGs
[2025-12-30T19:13:05.756+0000] {logging_mixin.py:188} INFO - [2025-12-30T19:13:05.755+0000] {dag.py:3823} INFO - Setting next_dagrun for ml_models to 2025-12-29 00:00:00+00:00, run_after=2025-12-30 00:00:00+00:00
[2025-12-30T19:13:05.783+0000] {processor.py:183} INFO - Processing /opt/airflow/dags/ml_models.py took 0.101 seconds
[2025-12-30T19:13:36.192+0000] {processor.py:161} INFO - Started process (PID=10921) to work on /opt/airflow/dags/ml_models.py
[2025-12-30T19:13:36.194+0000] {processor.py:830} INFO - Processing file /opt/airflow/dags/ml_models.py for tasks to queue
[2025-12-30T19:13:36.195+0000] {logging_mixin.py:188} INFO - [2025-12-30T19:13:36.194+0000] {dagbag.py:538} INFO - Filling up the DagBag from /opt/airflow/dags/ml_models.py
[2025-12-30T19:13:36.215+0000] {processor.py:840} INFO - DAG(s) 'ml_models' retrieved from /opt/airflow/dags/ml_models.py
[2025-12-30T19:13:36.241+0000] {logging_mixin.py:188} INFO - [2025-12-30T19:13:36.241+0000] {dag.py:3036} INFO - Sync 1 DAGs
[2025-12-30T19:13:36.261+0000] {logging_mixin.py:188} INFO - [2025-12-30T19:13:36.261+0000] {dag.py:3823} INFO - Setting next_dagrun for ml_models to 2025-12-29 00:00:00+00:00, run_after=2025-12-30 00:00:00+00:00
[2025-12-30T19:13:36.291+0000] {processor.py:183} INFO - Processing /opt/airflow/dags/ml_models.py took 0.102 seconds
[2025-12-30T19:14:06.716+0000] {processor.py:161} INFO - Started process (PID=10941) to work on /opt/airflow/dags/ml_models.py
[2025-12-30T19:14:06.718+0000] {processor.py:830} INFO - Processing file /opt/airflow/dags/ml_models.py for tasks to queue
[2025-12-30T19:14:06.719+0000] {logging_mixin.py:188} INFO - [2025-12-30T19:14:06.719+0000] {dagbag.py:538} INFO - Filling up the DagBag from /opt/airflow/dags/ml_models.py
[2025-12-30T19:14:06.741+0000] {processor.py:840} INFO - DAG(s) 'ml_models' retrieved from /opt/airflow/dags/ml_models.py
[2025-12-30T19:14:06.768+0000] {logging_mixin.py:188} INFO - [2025-12-30T19:14:06.768+0000] {dag.py:3036} INFO - Sync 1 DAGs
[2025-12-30T19:14:06.790+0000] {logging_mixin.py:188} INFO - [2025-12-30T19:14:06.789+0000] {dag.py:3823} INFO - Setting next_dagrun for ml_models to 2025-12-29 00:00:00+00:00, run_after=2025-12-30 00:00:00+00:00
[2025-12-30T19:14:06.808+0000] {processor.py:183} INFO - Processing /opt/airflow/dags/ml_models.py took 0.097 seconds
[2025-12-30T19:14:37.248+0000] {processor.py:161} INFO - Started process (PID=10961) to work on /opt/airflow/dags/ml_models.py
[2025-12-30T19:14:37.250+0000] {processor.py:830} INFO - Processing file /opt/airflow/dags/ml_models.py for tasks to queue
[2025-12-30T19:14:37.251+0000] {logging_mixin.py:188} INFO - [2025-12-30T19:14:37.251+0000] {dagbag.py:538} INFO - Filling up the DagBag from /opt/airflow/dags/ml_models.py
[2025-12-30T19:14:37.272+0000] {processor.py:840} INFO - DAG(s) 'ml_models' retrieved from /opt/airflow/dags/ml_models.py
[2025-12-30T19:14:37.298+0000] {logging_mixin.py:188} INFO - [2025-12-30T19:14:37.298+0000] {dag.py:3036} INFO - Sync 1 DAGs
[2025-12-30T19:14:37.319+0000] {logging_mixin.py:188} INFO - [2025-12-30T19:14:37.319+0000] {dag.py:3823} INFO - Setting next_dagrun for ml_models to 2025-12-29 00:00:00+00:00, run_after=2025-12-30 00:00:00+00:00
[2025-12-30T19:14:37.347+0000] {processor.py:183} INFO - Processing /opt/airflow/dags/ml_models.py took 0.103 seconds
[2025-12-30T19:15:07.814+0000] {processor.py:161} INFO - Started process (PID=10981) to work on /opt/airflow/dags/ml_models.py
[2025-12-30T19:15:07.815+0000] {processor.py:830} INFO - Processing file /opt/airflow/dags/ml_models.py for tasks to queue
[2025-12-30T19:15:07.817+0000] {logging_mixin.py:188} INFO - [2025-12-30T19:15:07.816+0000] {dagbag.py:538} INFO - Filling up the DagBag from /opt/airflow/dags/ml_models.py
[2025-12-30T19:15:07.838+0000] {processor.py:840} INFO - DAG(s) 'ml_models' retrieved from /opt/airflow/dags/ml_models.py
[2025-12-30T19:15:07.864+0000] {logging_mixin.py:188} INFO - [2025-12-30T19:15:07.864+0000] {dag.py:3036} INFO - Sync 1 DAGs
[2025-12-30T19:15:07.886+0000] {logging_mixin.py:188} INFO - [2025-12-30T19:15:07.886+0000] {dag.py:3823} INFO - Setting next_dagrun for ml_models to 2025-12-29 00:00:00+00:00, run_after=2025-12-30 00:00:00+00:00
[2025-12-30T19:15:07.905+0000] {processor.py:183} INFO - Processing /opt/airflow/dags/ml_models.py took 0.095 seconds
[2025-12-30T19:15:38.339+0000] {processor.py:161} INFO - Started process (PID=11001) to work on /opt/airflow/dags/ml_models.py
[2025-12-30T19:15:38.341+0000] {processor.py:830} INFO - Processing file /opt/airflow/dags/ml_models.py for tasks to queue
[2025-12-30T19:15:38.342+0000] {logging_mixin.py:188} INFO - [2025-12-30T19:15:38.341+0000] {dagbag.py:538} INFO - Filling up the DagBag from /opt/airflow/dags/ml_models.py
[2025-12-30T19:15:38.363+0000] {processor.py:840} INFO - DAG(s) 'ml_models' retrieved from /opt/airflow/dags/ml_models.py
[2025-12-30T19:15:38.389+0000] {logging_mixin.py:188} INFO - [2025-12-30T19:15:38.388+0000] {dag.py:3036} INFO - Sync 1 DAGs
[2025-12-30T19:15:38.409+0000] {logging_mixin.py:188} INFO - [2025-12-30T19:15:38.409+0000] {dag.py:3823} INFO - Setting next_dagrun for ml_models to 2025-12-29 00:00:00+00:00, run_after=2025-12-30 00:00:00+00:00
[2025-12-30T19:15:38.427+0000] {processor.py:183} INFO - Processing /opt/airflow/dags/ml_models.py took 0.091 seconds
[2025-12-30T19:16:08.850+0000] {processor.py:161} INFO - Started process (PID=11021) to work on /opt/airflow/dags/ml_models.py
[2025-12-30T19:16:08.851+0000] {processor.py:830} INFO - Processing file /opt/airflow/dags/ml_models.py for tasks to queue
[2025-12-30T19:16:08.852+0000] {logging_mixin.py:188} INFO - [2025-12-30T19:16:08.852+0000] {dagbag.py:538} INFO - Filling up the DagBag from /opt/airflow/dags/ml_models.py
[2025-12-30T19:16:08.872+0000] {processor.py:840} INFO - DAG(s) 'ml_models' retrieved from /opt/airflow/dags/ml_models.py
[2025-12-30T19:16:08.897+0000] {logging_mixin.py:188} INFO - [2025-12-30T19:16:08.897+0000] {dag.py:3036} INFO - Sync 1 DAGs
[2025-12-30T19:16:08.917+0000] {logging_mixin.py:188} INFO - [2025-12-30T19:16:08.917+0000] {dag.py:3823} INFO - Setting next_dagrun for ml_models to 2025-12-29 00:00:00+00:00, run_after=2025-12-30 00:00:00+00:00
[2025-12-30T19:16:08.935+0000] {processor.py:183} INFO - Processing /opt/airflow/dags/ml_models.py took 0.090 seconds
[2025-12-30T19:16:39.353+0000] {processor.py:161} INFO - Started process (PID=11041) to work on /opt/airflow/dags/ml_models.py
[2025-12-30T19:16:39.355+0000] {processor.py:830} INFO - Processing file /opt/airflow/dags/ml_models.py for tasks to queue
[2025-12-30T19:16:39.356+0000] {logging_mixin.py:188} INFO - [2025-12-30T19:16:39.355+0000] {dagbag.py:538} INFO - Filling up the DagBag from /opt/airflow/dags/ml_models.py
[2025-12-30T19:16:39.381+0000] {processor.py:840} INFO - DAG(s) 'ml_models' retrieved from /opt/airflow/dags/ml_models.py
[2025-12-30T19:16:39.411+0000] {logging_mixin.py:188} INFO - [2025-12-30T19:16:39.411+0000] {dag.py:3036} INFO - Sync 1 DAGs
[2025-12-30T19:16:39.434+0000] {logging_mixin.py:188} INFO - [2025-12-30T19:16:39.434+0000] {dag.py:3823} INFO - Setting next_dagrun for ml_models to 2025-12-29 00:00:00+00:00, run_after=2025-12-30 00:00:00+00:00
[2025-12-30T19:16:39.453+0000] {processor.py:183} INFO - Processing /opt/airflow/dags/ml_models.py took 0.105 seconds
[2025-12-30T19:17:09.880+0000] {processor.py:161} INFO - Started process (PID=11061) to work on /opt/airflow/dags/ml_models.py
[2025-12-30T19:17:09.881+0000] {processor.py:830} INFO - Processing file /opt/airflow/dags/ml_models.py for tasks to queue
[2025-12-30T19:17:09.883+0000] {logging_mixin.py:188} INFO - [2025-12-30T19:17:09.882+0000] {dagbag.py:538} INFO - Filling up the DagBag from /opt/airflow/dags/ml_models.py
[2025-12-30T19:17:09.903+0000] {processor.py:840} INFO - DAG(s) 'ml_models' retrieved from /opt/airflow/dags/ml_models.py
[2025-12-30T19:17:09.928+0000] {logging_mixin.py:188} INFO - [2025-12-30T19:17:09.928+0000] {dag.py:3036} INFO - Sync 1 DAGs
[2025-12-30T19:17:09.950+0000] {logging_mixin.py:188} INFO - [2025-12-30T19:17:09.949+0000] {dag.py:3823} INFO - Setting next_dagrun for ml_models to 2025-12-29 00:00:00+00:00, run_after=2025-12-30 00:00:00+00:00
[2025-12-30T19:17:09.969+0000] {processor.py:183} INFO - Processing /opt/airflow/dags/ml_models.py took 0.093 seconds
[2025-12-30T19:17:40.393+0000] {processor.py:161} INFO - Started process (PID=11081) to work on /opt/airflow/dags/ml_models.py
[2025-12-30T19:17:40.394+0000] {processor.py:830} INFO - Processing file /opt/airflow/dags/ml_models.py for tasks to queue
[2025-12-30T19:17:40.395+0000] {logging_mixin.py:188} INFO - [2025-12-30T19:17:40.395+0000] {dagbag.py:538} INFO - Filling up the DagBag from /opt/airflow/dags/ml_models.py
[2025-12-30T19:17:40.415+0000] {processor.py:840} INFO - DAG(s) 'ml_models' retrieved from /opt/airflow/dags/ml_models.py
[2025-12-30T19:17:40.441+0000] {logging_mixin.py:188} INFO - [2025-12-30T19:17:40.440+0000] {dag.py:3036} INFO - Sync 1 DAGs
[2025-12-30T19:17:40.462+0000] {logging_mixin.py:188} INFO - [2025-12-30T19:17:40.461+0000] {dag.py:3823} INFO - Setting next_dagrun for ml_models to 2025-12-29 00:00:00+00:00, run_after=2025-12-30 00:00:00+00:00
[2025-12-30T19:17:40.491+0000] {processor.py:183} INFO - Processing /opt/airflow/dags/ml_models.py took 0.102 seconds
[2025-12-30T19:18:10.920+0000] {processor.py:161} INFO - Started process (PID=11101) to work on /opt/airflow/dags/ml_models.py
[2025-12-30T19:18:10.921+0000] {processor.py:830} INFO - Processing file /opt/airflow/dags/ml_models.py for tasks to queue
[2025-12-30T19:18:10.923+0000] {logging_mixin.py:188} INFO - [2025-12-30T19:18:10.922+0000] {dagbag.py:538} INFO - Filling up the DagBag from /opt/airflow/dags/ml_models.py
[2025-12-30T19:18:10.944+0000] {processor.py:840} INFO - DAG(s) 'ml_models' retrieved from /opt/airflow/dags/ml_models.py
[2025-12-30T19:18:10.969+0000] {logging_mixin.py:188} INFO - [2025-12-30T19:18:10.969+0000] {dag.py:3036} INFO - Sync 1 DAGs
[2025-12-30T19:18:10.990+0000] {logging_mixin.py:188} INFO - [2025-12-30T19:18:10.990+0000] {dag.py:3823} INFO - Setting next_dagrun for ml_models to 2025-12-29 00:00:00+00:00, run_after=2025-12-30 00:00:00+00:00
[2025-12-30T19:18:11.008+0000] {processor.py:183} INFO - Processing /opt/airflow/dags/ml_models.py took 0.093 seconds
[2025-12-30T19:18:41.414+0000] {processor.py:161} INFO - Started process (PID=11121) to work on /opt/airflow/dags/ml_models.py
[2025-12-30T19:18:41.416+0000] {processor.py:830} INFO - Processing file /opt/airflow/dags/ml_models.py for tasks to queue
[2025-12-30T19:18:41.417+0000] {logging_mixin.py:188} INFO - [2025-12-30T19:18:41.416+0000] {dagbag.py:538} INFO - Filling up the DagBag from /opt/airflow/dags/ml_models.py
[2025-12-30T19:18:41.439+0000] {processor.py:840} INFO - DAG(s) 'ml_models' retrieved from /opt/airflow/dags/ml_models.py
[2025-12-30T19:18:41.464+0000] {logging_mixin.py:188} INFO - [2025-12-30T19:18:41.464+0000] {dag.py:3036} INFO - Sync 1 DAGs
[2025-12-30T19:18:41.485+0000] {logging_mixin.py:188} INFO - [2025-12-30T19:18:41.485+0000] {dag.py:3823} INFO - Setting next_dagrun for ml_models to 2025-12-29 00:00:00+00:00, run_after=2025-12-30 00:00:00+00:00
[2025-12-30T19:18:41.506+0000] {processor.py:183} INFO - Processing /opt/airflow/dags/ml_models.py took 0.095 seconds
[2025-12-30T19:19:11.928+0000] {processor.py:161} INFO - Started process (PID=11141) to work on /opt/airflow/dags/ml_models.py
[2025-12-30T19:19:11.929+0000] {processor.py:830} INFO - Processing file /opt/airflow/dags/ml_models.py for tasks to queue
[2025-12-30T19:19:11.930+0000] {logging_mixin.py:188} INFO - [2025-12-30T19:19:11.930+0000] {dagbag.py:538} INFO - Filling up the DagBag from /opt/airflow/dags/ml_models.py
[2025-12-30T19:19:11.950+0000] {processor.py:840} INFO - DAG(s) 'ml_models' retrieved from /opt/airflow/dags/ml_models.py
[2025-12-30T19:19:11.977+0000] {logging_mixin.py:188} INFO - [2025-12-30T19:19:11.976+0000] {dag.py:3036} INFO - Sync 1 DAGs
[2025-12-30T19:19:11.999+0000] {logging_mixin.py:188} INFO - [2025-12-30T19:19:11.998+0000] {dag.py:3823} INFO - Setting next_dagrun for ml_models to 2025-12-29 00:00:00+00:00, run_after=2025-12-30 00:00:00+00:00
[2025-12-30T19:19:12.028+0000] {processor.py:183} INFO - Processing /opt/airflow/dags/ml_models.py took 0.105 seconds
[2025-12-30T19:19:42.450+0000] {processor.py:161} INFO - Started process (PID=11161) to work on /opt/airflow/dags/ml_models.py
[2025-12-30T19:19:42.452+0000] {processor.py:830} INFO - Processing file /opt/airflow/dags/ml_models.py for tasks to queue
[2025-12-30T19:19:42.453+0000] {logging_mixin.py:188} INFO - [2025-12-30T19:19:42.452+0000] {dagbag.py:538} INFO - Filling up the DagBag from /opt/airflow/dags/ml_models.py
[2025-12-30T19:19:42.473+0000] {processor.py:840} INFO - DAG(s) 'ml_models' retrieved from /opt/airflow/dags/ml_models.py
[2025-12-30T19:19:42.500+0000] {logging_mixin.py:188} INFO - [2025-12-30T19:19:42.500+0000] {dag.py:3036} INFO - Sync 1 DAGs
[2025-12-30T19:19:42.522+0000] {logging_mixin.py:188} INFO - [2025-12-30T19:19:42.521+0000] {dag.py:3823} INFO - Setting next_dagrun for ml_models to 2025-12-29 00:00:00+00:00, run_after=2025-12-30 00:00:00+00:00
[2025-12-30T19:19:42.549+0000] {processor.py:183} INFO - Processing /opt/airflow/dags/ml_models.py took 0.102 seconds
[2025-12-30T19:20:13.039+0000] {processor.py:161} INFO - Started process (PID=11181) to work on /opt/airflow/dags/ml_models.py
[2025-12-30T19:20:13.040+0000] {processor.py:830} INFO - Processing file /opt/airflow/dags/ml_models.py for tasks to queue
[2025-12-30T19:20:13.041+0000] {logging_mixin.py:188} INFO - [2025-12-30T19:20:13.041+0000] {dagbag.py:538} INFO - Filling up the DagBag from /opt/airflow/dags/ml_models.py
[2025-12-30T19:20:13.062+0000] {processor.py:840} INFO - DAG(s) 'ml_models' retrieved from /opt/airflow/dags/ml_models.py
[2025-12-30T19:20:13.087+0000] {logging_mixin.py:188} INFO - [2025-12-30T19:20:13.087+0000] {dag.py:3036} INFO - Sync 1 DAGs
[2025-12-30T19:20:13.108+0000] {logging_mixin.py:188} INFO - [2025-12-30T19:20:13.108+0000] {dag.py:3823} INFO - Setting next_dagrun for ml_models to 2025-12-29 00:00:00+00:00, run_after=2025-12-30 00:00:00+00:00
[2025-12-30T19:20:13.126+0000] {processor.py:183} INFO - Processing /opt/airflow/dags/ml_models.py took 0.092 seconds
[2025-12-30T19:20:43.539+0000] {processor.py:161} INFO - Started process (PID=11201) to work on /opt/airflow/dags/ml_models.py
[2025-12-30T19:20:43.541+0000] {processor.py:830} INFO - Processing file /opt/airflow/dags/ml_models.py for tasks to queue
[2025-12-30T19:20:43.542+0000] {logging_mixin.py:188} INFO - [2025-12-30T19:20:43.541+0000] {dagbag.py:538} INFO - Filling up the DagBag from /opt/airflow/dags/ml_models.py
[2025-12-30T19:20:43.562+0000] {processor.py:840} INFO - DAG(s) 'ml_models' retrieved from /opt/airflow/dags/ml_models.py
[2025-12-30T19:20:43.588+0000] {logging_mixin.py:188} INFO - [2025-12-30T19:20:43.588+0000] {dag.py:3036} INFO - Sync 1 DAGs
[2025-12-30T19:20:43.609+0000] {logging_mixin.py:188} INFO - [2025-12-30T19:20:43.609+0000] {dag.py:3823} INFO - Setting next_dagrun for ml_models to 2025-12-29 00:00:00+00:00, run_after=2025-12-30 00:00:00+00:00
[2025-12-30T19:20:43.639+0000] {processor.py:183} INFO - Processing /opt/airflow/dags/ml_models.py took 0.104 seconds
[2025-12-30T19:21:14.049+0000] {processor.py:161} INFO - Started process (PID=11221) to work on /opt/airflow/dags/ml_models.py
[2025-12-30T19:21:14.051+0000] {processor.py:830} INFO - Processing file /opt/airflow/dags/ml_models.py for tasks to queue
[2025-12-30T19:21:14.052+0000] {logging_mixin.py:188} INFO - [2025-12-30T19:21:14.052+0000] {dagbag.py:538} INFO - Filling up the DagBag from /opt/airflow/dags/ml_models.py
[2025-12-30T19:21:14.073+0000] {processor.py:840} INFO - DAG(s) 'ml_models' retrieved from /opt/airflow/dags/ml_models.py
[2025-12-30T19:21:14.099+0000] {logging_mixin.py:188} INFO - [2025-12-30T19:21:14.099+0000] {dag.py:3036} INFO - Sync 1 DAGs
[2025-12-30T19:21:14.121+0000] {logging_mixin.py:188} INFO - [2025-12-30T19:21:14.121+0000] {dag.py:3823} INFO - Setting next_dagrun for ml_models to 2025-12-29 00:00:00+00:00, run_after=2025-12-30 00:00:00+00:00
[2025-12-30T19:21:14.151+0000] {processor.py:183} INFO - Processing /opt/airflow/dags/ml_models.py took 0.107 seconds
[2025-12-30T19:21:44.578+0000] {processor.py:161} INFO - Started process (PID=11241) to work on /opt/airflow/dags/ml_models.py
[2025-12-30T19:21:44.580+0000] {processor.py:830} INFO - Processing file /opt/airflow/dags/ml_models.py for tasks to queue
[2025-12-30T19:21:44.581+0000] {logging_mixin.py:188} INFO - [2025-12-30T19:21:44.581+0000] {dagbag.py:538} INFO - Filling up the DagBag from /opt/airflow/dags/ml_models.py
[2025-12-30T19:21:44.600+0000] {processor.py:840} INFO - DAG(s) 'ml_models' retrieved from /opt/airflow/dags/ml_models.py
[2025-12-30T19:21:44.628+0000] {logging_mixin.py:188} INFO - [2025-12-30T19:21:44.628+0000] {dag.py:3036} INFO - Sync 1 DAGs
[2025-12-30T19:21:44.649+0000] {logging_mixin.py:188} INFO - [2025-12-30T19:21:44.649+0000] {dag.py:3823} INFO - Setting next_dagrun for ml_models to 2025-12-29 00:00:00+00:00, run_after=2025-12-30 00:00:00+00:00
[2025-12-30T19:21:44.680+0000] {processor.py:183} INFO - Processing /opt/airflow/dags/ml_models.py took 0.106 seconds
[2025-12-30T19:22:15.112+0000] {processor.py:161} INFO - Started process (PID=11261) to work on /opt/airflow/dags/ml_models.py
[2025-12-30T19:22:15.114+0000] {processor.py:830} INFO - Processing file /opt/airflow/dags/ml_models.py for tasks to queue
[2025-12-30T19:22:15.115+0000] {logging_mixin.py:188} INFO - [2025-12-30T19:22:15.114+0000] {dagbag.py:538} INFO - Filling up the DagBag from /opt/airflow/dags/ml_models.py
[2025-12-30T19:22:15.136+0000] {processor.py:840} INFO - DAG(s) 'ml_models' retrieved from /opt/airflow/dags/ml_models.py
[2025-12-30T19:22:15.165+0000] {logging_mixin.py:188} INFO - [2025-12-30T19:22:15.165+0000] {dag.py:3036} INFO - Sync 1 DAGs
[2025-12-30T19:22:15.188+0000] {logging_mixin.py:188} INFO - [2025-12-30T19:22:15.188+0000] {dag.py:3823} INFO - Setting next_dagrun for ml_models to 2025-12-29 00:00:00+00:00, run_after=2025-12-30 00:00:00+00:00
[2025-12-30T19:22:15.208+0000] {processor.py:183} INFO - Processing /opt/airflow/dags/ml_models.py took 0.101 seconds
[2025-12-30T19:22:45.633+0000] {processor.py:161} INFO - Started process (PID=11281) to work on /opt/airflow/dags/ml_models.py
[2025-12-30T19:22:45.634+0000] {processor.py:830} INFO - Processing file /opt/airflow/dags/ml_models.py for tasks to queue
[2025-12-30T19:22:45.636+0000] {logging_mixin.py:188} INFO - [2025-12-30T19:22:45.635+0000] {dagbag.py:538} INFO - Filling up the DagBag from /opt/airflow/dags/ml_models.py
[2025-12-30T19:22:45.657+0000] {processor.py:840} INFO - DAG(s) 'ml_models' retrieved from /opt/airflow/dags/ml_models.py
[2025-12-30T19:22:45.683+0000] {logging_mixin.py:188} INFO - [2025-12-30T19:22:45.683+0000] {dag.py:3036} INFO - Sync 1 DAGs
[2025-12-30T19:22:45.704+0000] {logging_mixin.py:188} INFO - [2025-12-30T19:22:45.703+0000] {dag.py:3823} INFO - Setting next_dagrun for ml_models to 2025-12-29 00:00:00+00:00, run_after=2025-12-30 00:00:00+00:00
[2025-12-30T19:22:45.720+0000] {processor.py:183} INFO - Processing /opt/airflow/dags/ml_models.py took 0.091 seconds
[2025-12-30T19:23:16.169+0000] {processor.py:161} INFO - Started process (PID=11301) to work on /opt/airflow/dags/ml_models.py
[2025-12-30T19:23:16.170+0000] {processor.py:830} INFO - Processing file /opt/airflow/dags/ml_models.py for tasks to queue
[2025-12-30T19:23:16.171+0000] {logging_mixin.py:188} INFO - [2025-12-30T19:23:16.171+0000] {dagbag.py:538} INFO - Filling up the DagBag from /opt/airflow/dags/ml_models.py
[2025-12-30T19:23:16.192+0000] {processor.py:840} INFO - DAG(s) 'ml_models' retrieved from /opt/airflow/dags/ml_models.py
[2025-12-30T19:23:16.218+0000] {logging_mixin.py:188} INFO - [2025-12-30T19:23:16.218+0000] {dag.py:3036} INFO - Sync 1 DAGs
[2025-12-30T19:23:16.242+0000] {logging_mixin.py:188} INFO - [2025-12-30T19:23:16.242+0000] {dag.py:3823} INFO - Setting next_dagrun for ml_models to 2025-12-29 00:00:00+00:00, run_after=2025-12-30 00:00:00+00:00
[2025-12-30T19:23:16.270+0000] {processor.py:183} INFO - Processing /opt/airflow/dags/ml_models.py took 0.104 seconds
[2025-12-30T19:23:46.699+0000] {processor.py:161} INFO - Started process (PID=11321) to work on /opt/airflow/dags/ml_models.py
[2025-12-30T19:23:46.701+0000] {processor.py:830} INFO - Processing file /opt/airflow/dags/ml_models.py for tasks to queue
[2025-12-30T19:23:46.702+0000] {logging_mixin.py:188} INFO - [2025-12-30T19:23:46.701+0000] {dagbag.py:538} INFO - Filling up the DagBag from /opt/airflow/dags/ml_models.py
[2025-12-30T19:23:46.730+0000] {processor.py:840} INFO - DAG(s) 'ml_models' retrieved from /opt/airflow/dags/ml_models.py
[2025-12-30T19:23:46.762+0000] {logging_mixin.py:188} INFO - [2025-12-30T19:23:46.762+0000] {dag.py:3036} INFO - Sync 1 DAGs
[2025-12-30T19:23:46.793+0000] {logging_mixin.py:188} INFO - [2025-12-30T19:23:46.792+0000] {dag.py:3823} INFO - Setting next_dagrun for ml_models to 2025-12-29 00:00:00+00:00, run_after=2025-12-30 00:00:00+00:00
[2025-12-30T19:23:46.838+0000] {processor.py:183} INFO - Processing /opt/airflow/dags/ml_models.py took 0.143 seconds
[2025-12-30T19:24:17.236+0000] {processor.py:161} INFO - Started process (PID=11341) to work on /opt/airflow/dags/ml_models.py
[2025-12-30T19:24:17.237+0000] {processor.py:830} INFO - Processing file /opt/airflow/dags/ml_models.py for tasks to queue
[2025-12-30T19:24:17.238+0000] {logging_mixin.py:188} INFO - [2025-12-30T19:24:17.238+0000] {dagbag.py:538} INFO - Filling up the DagBag from /opt/airflow/dags/ml_models.py
[2025-12-30T19:24:17.260+0000] {processor.py:840} INFO - DAG(s) 'ml_models' retrieved from /opt/airflow/dags/ml_models.py
[2025-12-30T19:24:17.287+0000] {logging_mixin.py:188} INFO - [2025-12-30T19:24:17.287+0000] {dag.py:3036} INFO - Sync 1 DAGs
[2025-12-30T19:24:17.311+0000] {logging_mixin.py:188} INFO - [2025-12-30T19:24:17.310+0000] {dag.py:3823} INFO - Setting next_dagrun for ml_models to 2025-12-29 00:00:00+00:00, run_after=2025-12-30 00:00:00+00:00
[2025-12-30T19:24:17.329+0000] {processor.py:183} INFO - Processing /opt/airflow/dags/ml_models.py took 0.098 seconds
[2025-12-30T19:24:47.755+0000] {processor.py:161} INFO - Started process (PID=11361) to work on /opt/airflow/dags/ml_models.py
[2025-12-30T19:24:47.756+0000] {processor.py:830} INFO - Processing file /opt/airflow/dags/ml_models.py for tasks to queue
[2025-12-30T19:24:47.757+0000] {logging_mixin.py:188} INFO - [2025-12-30T19:24:47.757+0000] {dagbag.py:538} INFO - Filling up the DagBag from /opt/airflow/dags/ml_models.py
[2025-12-30T19:24:47.778+0000] {processor.py:840} INFO - DAG(s) 'ml_models' retrieved from /opt/airflow/dags/ml_models.py
[2025-12-30T19:24:47.804+0000] {logging_mixin.py:188} INFO - [2025-12-30T19:24:47.804+0000] {dag.py:3036} INFO - Sync 1 DAGs
[2025-12-30T19:24:47.828+0000] {logging_mixin.py:188} INFO - [2025-12-30T19:24:47.828+0000] {dag.py:3823} INFO - Setting next_dagrun for ml_models to 2025-12-29 00:00:00+00:00, run_after=2025-12-30 00:00:00+00:00
[2025-12-30T19:24:47.847+0000] {processor.py:183} INFO - Processing /opt/airflow/dags/ml_models.py took 0.096 seconds
[2025-12-30T19:25:18.330+0000] {processor.py:161} INFO - Started process (PID=11381) to work on /opt/airflow/dags/ml_models.py
[2025-12-30T19:25:18.331+0000] {processor.py:830} INFO - Processing file /opt/airflow/dags/ml_models.py for tasks to queue
[2025-12-30T19:25:18.332+0000] {logging_mixin.py:188} INFO - [2025-12-30T19:25:18.332+0000] {dagbag.py:538} INFO - Filling up the DagBag from /opt/airflow/dags/ml_models.py
[2025-12-30T19:25:18.353+0000] {processor.py:840} INFO - DAG(s) 'ml_models' retrieved from /opt/airflow/dags/ml_models.py
[2025-12-30T19:25:18.379+0000] {logging_mixin.py:188} INFO - [2025-12-30T19:25:18.379+0000] {dag.py:3036} INFO - Sync 1 DAGs
[2025-12-30T19:25:18.400+0000] {logging_mixin.py:188} INFO - [2025-12-30T19:25:18.400+0000] {dag.py:3823} INFO - Setting next_dagrun for ml_models to 2025-12-29 00:00:00+00:00, run_after=2025-12-30 00:00:00+00:00
[2025-12-30T19:25:18.418+0000] {processor.py:183} INFO - Processing /opt/airflow/dags/ml_models.py took 0.091 seconds
[2025-12-30T19:25:48.840+0000] {processor.py:161} INFO - Started process (PID=11401) to work on /opt/airflow/dags/ml_models.py
[2025-12-30T19:25:48.841+0000] {processor.py:830} INFO - Processing file /opt/airflow/dags/ml_models.py for tasks to queue
[2025-12-30T19:25:48.842+0000] {logging_mixin.py:188} INFO - [2025-12-30T19:25:48.842+0000] {dagbag.py:538} INFO - Filling up the DagBag from /opt/airflow/dags/ml_models.py
[2025-12-30T19:25:48.862+0000] {processor.py:840} INFO - DAG(s) 'ml_models' retrieved from /opt/airflow/dags/ml_models.py
[2025-12-30T19:25:48.889+0000] {logging_mixin.py:188} INFO - [2025-12-30T19:25:48.889+0000] {dag.py:3036} INFO - Sync 1 DAGs
[2025-12-30T19:25:48.911+0000] {logging_mixin.py:188} INFO - [2025-12-30T19:25:48.911+0000] {dag.py:3823} INFO - Setting next_dagrun for ml_models to 2025-12-29 00:00:00+00:00, run_after=2025-12-30 00:00:00+00:00
[2025-12-30T19:25:48.930+0000] {processor.py:183} INFO - Processing /opt/airflow/dags/ml_models.py took 0.094 seconds
[2025-12-30T19:26:19.345+0000] {processor.py:161} INFO - Started process (PID=11421) to work on /opt/airflow/dags/ml_models.py
[2025-12-30T19:26:19.347+0000] {processor.py:830} INFO - Processing file /opt/airflow/dags/ml_models.py for tasks to queue
[2025-12-30T19:26:19.348+0000] {logging_mixin.py:188} INFO - [2025-12-30T19:26:19.347+0000] {dagbag.py:538} INFO - Filling up the DagBag from /opt/airflow/dags/ml_models.py
[2025-12-30T19:26:19.368+0000] {processor.py:840} INFO - DAG(s) 'ml_models' retrieved from /opt/airflow/dags/ml_models.py
[2025-12-30T19:26:19.393+0000] {logging_mixin.py:188} INFO - [2025-12-30T19:26:19.393+0000] {dag.py:3036} INFO - Sync 1 DAGs
[2025-12-30T19:26:19.414+0000] {logging_mixin.py:188} INFO - [2025-12-30T19:26:19.413+0000] {dag.py:3823} INFO - Setting next_dagrun for ml_models to 2025-12-29 00:00:00+00:00, run_after=2025-12-30 00:00:00+00:00
[2025-12-30T19:26:19.431+0000] {processor.py:183} INFO - Processing /opt/airflow/dags/ml_models.py took 0.089 seconds
[2025-12-30T19:26:49.865+0000] {processor.py:161} INFO - Started process (PID=11441) to work on /opt/airflow/dags/ml_models.py
[2025-12-30T19:26:49.867+0000] {processor.py:830} INFO - Processing file /opt/airflow/dags/ml_models.py for tasks to queue
[2025-12-30T19:26:49.868+0000] {logging_mixin.py:188} INFO - [2025-12-30T19:26:49.868+0000] {dagbag.py:538} INFO - Filling up the DagBag from /opt/airflow/dags/ml_models.py
[2025-12-30T19:26:49.892+0000] {processor.py:840} INFO - DAG(s) 'ml_models' retrieved from /opt/airflow/dags/ml_models.py
[2025-12-30T19:26:49.919+0000] {logging_mixin.py:188} INFO - [2025-12-30T19:26:49.919+0000] {dag.py:3036} INFO - Sync 1 DAGs
[2025-12-30T19:26:49.942+0000] {logging_mixin.py:188} INFO - [2025-12-30T19:26:49.942+0000] {dag.py:3823} INFO - Setting next_dagrun for ml_models to 2025-12-29 00:00:00+00:00, run_after=2025-12-30 00:00:00+00:00
[2025-12-30T19:26:49.973+0000] {processor.py:183} INFO - Processing /opt/airflow/dags/ml_models.py took 0.113 seconds
[2025-12-30T19:27:20.380+0000] {processor.py:161} INFO - Started process (PID=11461) to work on /opt/airflow/dags/ml_models.py
[2025-12-30T19:27:20.381+0000] {processor.py:830} INFO - Processing file /opt/airflow/dags/ml_models.py for tasks to queue
[2025-12-30T19:27:20.382+0000] {logging_mixin.py:188} INFO - [2025-12-30T19:27:20.382+0000] {dagbag.py:538} INFO - Filling up the DagBag from /opt/airflow/dags/ml_models.py
[2025-12-30T19:27:20.403+0000] {processor.py:840} INFO - DAG(s) 'ml_models' retrieved from /opt/airflow/dags/ml_models.py
[2025-12-30T19:27:20.430+0000] {logging_mixin.py:188} INFO - [2025-12-30T19:27:20.429+0000] {dag.py:3036} INFO - Sync 1 DAGs
[2025-12-30T19:27:20.451+0000] {logging_mixin.py:188} INFO - [2025-12-30T19:27:20.451+0000] {dag.py:3823} INFO - Setting next_dagrun for ml_models to 2025-12-29 00:00:00+00:00, run_after=2025-12-30 00:00:00+00:00
[2025-12-30T19:27:20.470+0000] {processor.py:183} INFO - Processing /opt/airflow/dags/ml_models.py took 0.093 seconds
[2025-12-30T19:27:50.898+0000] {processor.py:161} INFO - Started process (PID=11481) to work on /opt/airflow/dags/ml_models.py
[2025-12-30T19:27:50.899+0000] {processor.py:830} INFO - Processing file /opt/airflow/dags/ml_models.py for tasks to queue
[2025-12-30T19:27:50.901+0000] {logging_mixin.py:188} INFO - [2025-12-30T19:27:50.900+0000] {dagbag.py:538} INFO - Filling up the DagBag from /opt/airflow/dags/ml_models.py
[2025-12-30T19:27:50.922+0000] {processor.py:840} INFO - DAG(s) 'ml_models' retrieved from /opt/airflow/dags/ml_models.py
[2025-12-30T19:27:50.949+0000] {logging_mixin.py:188} INFO - [2025-12-30T19:27:50.949+0000] {dag.py:3036} INFO - Sync 1 DAGs
[2025-12-30T19:27:50.973+0000] {logging_mixin.py:188} INFO - [2025-12-30T19:27:50.972+0000] {dag.py:3823} INFO - Setting next_dagrun for ml_models to 2025-12-29 00:00:00+00:00, run_after=2025-12-30 00:00:00+00:00
[2025-12-30T19:27:50.992+0000] {processor.py:183} INFO - Processing /opt/airflow/dags/ml_models.py took 0.098 seconds
[2025-12-30T19:28:21.425+0000] {processor.py:161} INFO - Started process (PID=11501) to work on /opt/airflow/dags/ml_models.py
[2025-12-30T19:28:21.426+0000] {processor.py:830} INFO - Processing file /opt/airflow/dags/ml_models.py for tasks to queue
[2025-12-30T19:28:21.427+0000] {logging_mixin.py:188} INFO - [2025-12-30T19:28:21.427+0000] {dagbag.py:538} INFO - Filling up the DagBag from /opt/airflow/dags/ml_models.py
[2025-12-30T19:28:21.448+0000] {processor.py:840} INFO - DAG(s) 'ml_models' retrieved from /opt/airflow/dags/ml_models.py
[2025-12-30T19:28:21.475+0000] {logging_mixin.py:188} INFO - [2025-12-30T19:28:21.475+0000] {dag.py:3036} INFO - Sync 1 DAGs
[2025-12-30T19:28:21.496+0000] {logging_mixin.py:188} INFO - [2025-12-30T19:28:21.496+0000] {dag.py:3823} INFO - Setting next_dagrun for ml_models to 2025-12-29 00:00:00+00:00, run_after=2025-12-30 00:00:00+00:00
[2025-12-30T19:28:21.514+0000] {processor.py:183} INFO - Processing /opt/airflow/dags/ml_models.py took 0.093 seconds
[2025-12-30T19:28:51.937+0000] {processor.py:161} INFO - Started process (PID=11521) to work on /opt/airflow/dags/ml_models.py
[2025-12-30T19:28:51.939+0000] {processor.py:830} INFO - Processing file /opt/airflow/dags/ml_models.py for tasks to queue
[2025-12-30T19:28:51.940+0000] {logging_mixin.py:188} INFO - [2025-12-30T19:28:51.940+0000] {dagbag.py:538} INFO - Filling up the DagBag from /opt/airflow/dags/ml_models.py
[2025-12-30T19:28:51.961+0000] {processor.py:840} INFO - DAG(s) 'ml_models' retrieved from /opt/airflow/dags/ml_models.py
[2025-12-30T19:28:51.988+0000] {logging_mixin.py:188} INFO - [2025-12-30T19:28:51.988+0000] {dag.py:3036} INFO - Sync 1 DAGs
[2025-12-30T19:28:52.012+0000] {logging_mixin.py:188} INFO - [2025-12-30T19:28:52.012+0000] {dag.py:3823} INFO - Setting next_dagrun for ml_models to 2025-12-29 00:00:00+00:00, run_after=2025-12-30 00:00:00+00:00
[2025-12-30T19:28:52.042+0000] {processor.py:183} INFO - Processing /opt/airflow/dags/ml_models.py took 0.110 seconds
[2025-12-30T19:29:22.462+0000] {processor.py:161} INFO - Started process (PID=11541) to work on /opt/airflow/dags/ml_models.py
[2025-12-30T19:29:22.463+0000] {processor.py:830} INFO - Processing file /opt/airflow/dags/ml_models.py for tasks to queue
[2025-12-30T19:29:22.464+0000] {logging_mixin.py:188} INFO - [2025-12-30T19:29:22.464+0000] {dagbag.py:538} INFO - Filling up the DagBag from /opt/airflow/dags/ml_models.py
[2025-12-30T19:29:22.485+0000] {processor.py:840} INFO - DAG(s) 'ml_models' retrieved from /opt/airflow/dags/ml_models.py
[2025-12-30T19:29:22.512+0000] {logging_mixin.py:188} INFO - [2025-12-30T19:29:22.512+0000] {dag.py:3036} INFO - Sync 1 DAGs
[2025-12-30T19:29:22.533+0000] {logging_mixin.py:188} INFO - [2025-12-30T19:29:22.532+0000] {dag.py:3823} INFO - Setting next_dagrun for ml_models to 2025-12-29 00:00:00+00:00, run_after=2025-12-30 00:00:00+00:00
[2025-12-30T19:29:22.563+0000] {processor.py:183} INFO - Processing /opt/airflow/dags/ml_models.py took 0.105 seconds
[2025-12-30T19:29:52.972+0000] {processor.py:161} INFO - Started process (PID=11561) to work on /opt/airflow/dags/ml_models.py
[2025-12-30T19:29:52.974+0000] {processor.py:830} INFO - Processing file /opt/airflow/dags/ml_models.py for tasks to queue
[2025-12-30T19:29:52.974+0000] {logging_mixin.py:188} INFO - [2025-12-30T19:29:52.974+0000] {dagbag.py:538} INFO - Filling up the DagBag from /opt/airflow/dags/ml_models.py
[2025-12-30T19:29:52.995+0000] {processor.py:840} INFO - DAG(s) 'ml_models' retrieved from /opt/airflow/dags/ml_models.py
[2025-12-30T19:29:53.021+0000] {logging_mixin.py:188} INFO - [2025-12-30T19:29:53.020+0000] {dag.py:3036} INFO - Sync 1 DAGs
[2025-12-30T19:29:53.042+0000] {logging_mixin.py:188} INFO - [2025-12-30T19:29:53.042+0000] {dag.py:3823} INFO - Setting next_dagrun for ml_models to 2025-12-29 00:00:00+00:00, run_after=2025-12-30 00:00:00+00:00
[2025-12-30T19:29:53.060+0000] {processor.py:183} INFO - Processing /opt/airflow/dags/ml_models.py took 0.092 seconds
[2025-12-30T19:30:23.548+0000] {processor.py:161} INFO - Started process (PID=11581) to work on /opt/airflow/dags/ml_models.py
[2025-12-30T19:30:23.549+0000] {processor.py:830} INFO - Processing file /opt/airflow/dags/ml_models.py for tasks to queue
[2025-12-30T19:30:23.551+0000] {logging_mixin.py:188} INFO - [2025-12-30T19:30:23.550+0000] {dagbag.py:538} INFO - Filling up the DagBag from /opt/airflow/dags/ml_models.py
[2025-12-30T19:30:23.570+0000] {processor.py:840} INFO - DAG(s) 'ml_models' retrieved from /opt/airflow/dags/ml_models.py
[2025-12-30T19:30:23.597+0000] {logging_mixin.py:188} INFO - [2025-12-30T19:30:23.596+0000] {dag.py:3036} INFO - Sync 1 DAGs
[2025-12-30T19:30:23.618+0000] {logging_mixin.py:188} INFO - [2025-12-30T19:30:23.618+0000] {dag.py:3823} INFO - Setting next_dagrun for ml_models to 2025-12-29 00:00:00+00:00, run_after=2025-12-30 00:00:00+00:00
[2025-12-30T19:30:23.648+0000] {processor.py:183} INFO - Processing /opt/airflow/dags/ml_models.py took 0.104 seconds
[2025-12-30T19:30:54.057+0000] {processor.py:161} INFO - Started process (PID=11601) to work on /opt/airflow/dags/ml_models.py
[2025-12-30T19:30:54.058+0000] {processor.py:830} INFO - Processing file /opt/airflow/dags/ml_models.py for tasks to queue
[2025-12-30T19:30:54.060+0000] {logging_mixin.py:188} INFO - [2025-12-30T19:30:54.059+0000] {dagbag.py:538} INFO - Filling up the DagBag from /opt/airflow/dags/ml_models.py
[2025-12-30T19:30:54.087+0000] {processor.py:840} INFO - DAG(s) 'ml_models' retrieved from /opt/airflow/dags/ml_models.py
[2025-12-30T19:30:54.120+0000] {logging_mixin.py:188} INFO - [2025-12-30T19:30:54.120+0000] {dag.py:3036} INFO - Sync 1 DAGs
[2025-12-30T19:30:54.151+0000] {logging_mixin.py:188} INFO - [2025-12-30T19:30:54.151+0000] {dag.py:3823} INFO - Setting next_dagrun for ml_models to 2025-12-29 00:00:00+00:00, run_after=2025-12-30 00:00:00+00:00
[2025-12-30T19:30:54.180+0000] {processor.py:183} INFO - Processing /opt/airflow/dags/ml_models.py took 0.129 seconds
[2025-12-30T19:31:24.585+0000] {processor.py:161} INFO - Started process (PID=11621) to work on /opt/airflow/dags/ml_models.py
[2025-12-30T19:31:24.586+0000] {processor.py:830} INFO - Processing file /opt/airflow/dags/ml_models.py for tasks to queue
[2025-12-30T19:31:24.588+0000] {logging_mixin.py:188} INFO - [2025-12-30T19:31:24.587+0000] {dagbag.py:538} INFO - Filling up the DagBag from /opt/airflow/dags/ml_models.py
[2025-12-30T19:31:24.609+0000] {processor.py:840} INFO - DAG(s) 'ml_models' retrieved from /opt/airflow/dags/ml_models.py
[2025-12-30T19:31:24.639+0000] {logging_mixin.py:188} INFO - [2025-12-30T19:31:24.638+0000] {dag.py:3036} INFO - Sync 1 DAGs
[2025-12-30T19:31:24.660+0000] {logging_mixin.py:188} INFO - [2025-12-30T19:31:24.660+0000] {dag.py:3823} INFO - Setting next_dagrun for ml_models to 2025-12-29 00:00:00+00:00, run_after=2025-12-30 00:00:00+00:00
[2025-12-30T19:31:24.692+0000] {processor.py:183} INFO - Processing /opt/airflow/dags/ml_models.py took 0.111 seconds
[2025-12-30T19:31:55.091+0000] {processor.py:161} INFO - Started process (PID=11641) to work on /opt/airflow/dags/ml_models.py
[2025-12-30T19:31:55.093+0000] {processor.py:830} INFO - Processing file /opt/airflow/dags/ml_models.py for tasks to queue
[2025-12-30T19:31:55.094+0000] {logging_mixin.py:188} INFO - [2025-12-30T19:31:55.094+0000] {dagbag.py:538} INFO - Filling up the DagBag from /opt/airflow/dags/ml_models.py
[2025-12-30T19:31:55.118+0000] {processor.py:840} INFO - DAG(s) 'ml_models' retrieved from /opt/airflow/dags/ml_models.py
[2025-12-30T19:31:55.145+0000] {logging_mixin.py:188} INFO - [2025-12-30T19:31:55.145+0000] {dag.py:3036} INFO - Sync 1 DAGs
[2025-12-30T19:31:55.166+0000] {logging_mixin.py:188} INFO - [2025-12-30T19:31:55.166+0000] {dag.py:3823} INFO - Setting next_dagrun for ml_models to 2025-12-29 00:00:00+00:00, run_after=2025-12-30 00:00:00+00:00
[2025-12-30T19:31:55.186+0000] {processor.py:183} INFO - Processing /opt/airflow/dags/ml_models.py took 0.100 seconds
[2025-12-30T19:32:25.601+0000] {processor.py:161} INFO - Started process (PID=11661) to work on /opt/airflow/dags/ml_models.py
[2025-12-30T19:32:25.602+0000] {processor.py:830} INFO - Processing file /opt/airflow/dags/ml_models.py for tasks to queue
[2025-12-30T19:32:25.603+0000] {logging_mixin.py:188} INFO - [2025-12-30T19:32:25.603+0000] {dagbag.py:538} INFO - Filling up the DagBag from /opt/airflow/dags/ml_models.py
[2025-12-30T19:32:25.625+0000] {processor.py:840} INFO - DAG(s) 'ml_models' retrieved from /opt/airflow/dags/ml_models.py
[2025-12-30T19:32:25.651+0000] {logging_mixin.py:188} INFO - [2025-12-30T19:32:25.651+0000] {dag.py:3036} INFO - Sync 1 DAGs
[2025-12-30T19:32:25.673+0000] {logging_mixin.py:188} INFO - [2025-12-30T19:32:25.673+0000] {dag.py:3823} INFO - Setting next_dagrun for ml_models to 2025-12-29 00:00:00+00:00, run_after=2025-12-30 00:00:00+00:00
[2025-12-30T19:32:25.692+0000] {processor.py:183} INFO - Processing /opt/airflow/dags/ml_models.py took 0.096 seconds
[2025-12-30T19:32:56.115+0000] {processor.py:161} INFO - Started process (PID=11681) to work on /opt/airflow/dags/ml_models.py
[2025-12-30T19:32:56.116+0000] {processor.py:830} INFO - Processing file /opt/airflow/dags/ml_models.py for tasks to queue
[2025-12-30T19:32:56.117+0000] {logging_mixin.py:188} INFO - [2025-12-30T19:32:56.117+0000] {dagbag.py:538} INFO - Filling up the DagBag from /opt/airflow/dags/ml_models.py
[2025-12-30T19:32:56.139+0000] {processor.py:840} INFO - DAG(s) 'ml_models' retrieved from /opt/airflow/dags/ml_models.py
[2025-12-30T19:32:56.165+0000] {logging_mixin.py:188} INFO - [2025-12-30T19:32:56.165+0000] {dag.py:3036} INFO - Sync 1 DAGs
[2025-12-30T19:32:56.189+0000] {logging_mixin.py:188} INFO - [2025-12-30T19:32:56.188+0000] {dag.py:3823} INFO - Setting next_dagrun for ml_models to 2025-12-29 00:00:00+00:00, run_after=2025-12-30 00:00:00+00:00
[2025-12-30T19:32:56.220+0000] {processor.py:183} INFO - Processing /opt/airflow/dags/ml_models.py took 0.109 seconds
[2025-12-30T19:33:26.610+0000] {processor.py:161} INFO - Started process (PID=11701) to work on /opt/airflow/dags/ml_models.py
[2025-12-30T19:33:26.611+0000] {processor.py:830} INFO - Processing file /opt/airflow/dags/ml_models.py for tasks to queue
[2025-12-30T19:33:26.612+0000] {logging_mixin.py:188} INFO - [2025-12-30T19:33:26.612+0000] {dagbag.py:538} INFO - Filling up the DagBag from /opt/airflow/dags/ml_models.py
[2025-12-30T19:33:26.634+0000] {processor.py:840} INFO - DAG(s) 'ml_models' retrieved from /opt/airflow/dags/ml_models.py
[2025-12-30T19:33:26.661+0000] {logging_mixin.py:188} INFO - [2025-12-30T19:33:26.660+0000] {dag.py:3036} INFO - Sync 1 DAGs
[2025-12-30T19:33:26.684+0000] {logging_mixin.py:188} INFO - [2025-12-30T19:33:26.684+0000] {dag.py:3823} INFO - Setting next_dagrun for ml_models to 2025-12-29 00:00:00+00:00, run_after=2025-12-30 00:00:00+00:00
[2025-12-30T19:33:26.703+0000] {processor.py:183} INFO - Processing /opt/airflow/dags/ml_models.py took 0.098 seconds
[2025-12-30T19:33:57.125+0000] {processor.py:161} INFO - Started process (PID=11721) to work on /opt/airflow/dags/ml_models.py
[2025-12-30T19:33:57.126+0000] {processor.py:830} INFO - Processing file /opt/airflow/dags/ml_models.py for tasks to queue
[2025-12-30T19:33:57.127+0000] {logging_mixin.py:188} INFO - [2025-12-30T19:33:57.127+0000] {dagbag.py:538} INFO - Filling up the DagBag from /opt/airflow/dags/ml_models.py
[2025-12-30T19:33:57.149+0000] {processor.py:840} INFO - DAG(s) 'ml_models' retrieved from /opt/airflow/dags/ml_models.py
[2025-12-30T19:33:57.175+0000] {logging_mixin.py:188} INFO - [2025-12-30T19:33:57.175+0000] {dag.py:3036} INFO - Sync 1 DAGs
[2025-12-30T19:33:57.197+0000] {logging_mixin.py:188} INFO - [2025-12-30T19:33:57.197+0000] {dag.py:3823} INFO - Setting next_dagrun for ml_models to 2025-12-29 00:00:00+00:00, run_after=2025-12-30 00:00:00+00:00
[2025-12-30T19:33:57.217+0000] {processor.py:183} INFO - Processing /opt/airflow/dags/ml_models.py took 0.096 seconds
[2025-12-30T19:34:27.628+0000] {processor.py:161} INFO - Started process (PID=11741) to work on /opt/airflow/dags/ml_models.py
[2025-12-30T19:34:27.629+0000] {processor.py:830} INFO - Processing file /opt/airflow/dags/ml_models.py for tasks to queue
[2025-12-30T19:34:27.630+0000] {logging_mixin.py:188} INFO - [2025-12-30T19:34:27.630+0000] {dagbag.py:538} INFO - Filling up the DagBag from /opt/airflow/dags/ml_models.py
[2025-12-30T19:34:27.650+0000] {processor.py:840} INFO - DAG(s) 'ml_models' retrieved from /opt/airflow/dags/ml_models.py
[2025-12-30T19:34:27.678+0000] {logging_mixin.py:188} INFO - [2025-12-30T19:34:27.677+0000] {dag.py:3036} INFO - Sync 1 DAGs
[2025-12-30T19:34:27.700+0000] {logging_mixin.py:188} INFO - [2025-12-30T19:34:27.699+0000] {dag.py:3823} INFO - Setting next_dagrun for ml_models to 2025-12-29 00:00:00+00:00, run_after=2025-12-30 00:00:00+00:00
[2025-12-30T19:34:27.729+0000] {processor.py:183} INFO - Processing /opt/airflow/dags/ml_models.py took 0.104 seconds
[2025-12-30T19:34:58.157+0000] {processor.py:161} INFO - Started process (PID=11761) to work on /opt/airflow/dags/ml_models.py
[2025-12-30T19:34:58.159+0000] {processor.py:830} INFO - Processing file /opt/airflow/dags/ml_models.py for tasks to queue
[2025-12-30T19:34:58.160+0000] {logging_mixin.py:188} INFO - [2025-12-30T19:34:58.160+0000] {dagbag.py:538} INFO - Filling up the DagBag from /opt/airflow/dags/ml_models.py
[2025-12-30T19:34:58.183+0000] {processor.py:840} INFO - DAG(s) 'ml_models' retrieved from /opt/airflow/dags/ml_models.py
[2025-12-30T19:34:58.211+0000] {logging_mixin.py:188} INFO - [2025-12-30T19:34:58.211+0000] {dag.py:3036} INFO - Sync 1 DAGs
[2025-12-30T19:34:58.234+0000] {logging_mixin.py:188} INFO - [2025-12-30T19:34:58.233+0000] {dag.py:3823} INFO - Setting next_dagrun for ml_models to 2025-12-29 00:00:00+00:00, run_after=2025-12-30 00:00:00+00:00
[2025-12-30T19:34:58.253+0000] {processor.py:183} INFO - Processing /opt/airflow/dags/ml_models.py took 0.101 seconds
[2025-12-30T19:35:28.754+0000] {processor.py:161} INFO - Started process (PID=11781) to work on /opt/airflow/dags/ml_models.py
[2025-12-30T19:35:28.756+0000] {processor.py:830} INFO - Processing file /opt/airflow/dags/ml_models.py for tasks to queue
[2025-12-30T19:35:28.758+0000] {logging_mixin.py:188} INFO - [2025-12-30T19:35:28.757+0000] {dagbag.py:538} INFO - Filling up the DagBag from /opt/airflow/dags/ml_models.py
[2025-12-30T19:35:28.783+0000] {processor.py:840} INFO - DAG(s) 'ml_models' retrieved from /opt/airflow/dags/ml_models.py
[2025-12-30T19:35:28.813+0000] {logging_mixin.py:188} INFO - [2025-12-30T19:35:28.813+0000] {dag.py:3036} INFO - Sync 1 DAGs
[2025-12-30T19:35:28.838+0000] {logging_mixin.py:188} INFO - [2025-12-30T19:35:28.837+0000] {dag.py:3823} INFO - Setting next_dagrun for ml_models to 2025-12-29 00:00:00+00:00, run_after=2025-12-30 00:00:00+00:00
[2025-12-30T19:35:28.858+0000] {processor.py:183} INFO - Processing /opt/airflow/dags/ml_models.py took 0.109 seconds
[2025-12-30T19:35:59.297+0000] {processor.py:161} INFO - Started process (PID=11801) to work on /opt/airflow/dags/ml_models.py
[2025-12-30T19:35:59.298+0000] {processor.py:830} INFO - Processing file /opt/airflow/dags/ml_models.py for tasks to queue
[2025-12-30T19:35:59.299+0000] {logging_mixin.py:188} INFO - [2025-12-30T19:35:59.299+0000] {dagbag.py:538} INFO - Filling up the DagBag from /opt/airflow/dags/ml_models.py
[2025-12-30T19:35:59.320+0000] {processor.py:840} INFO - DAG(s) 'ml_models' retrieved from /opt/airflow/dags/ml_models.py
[2025-12-30T19:35:59.347+0000] {logging_mixin.py:188} INFO - [2025-12-30T19:35:59.347+0000] {dag.py:3036} INFO - Sync 1 DAGs
[2025-12-30T19:35:59.370+0000] {logging_mixin.py:188} INFO - [2025-12-30T19:35:59.369+0000] {dag.py:3823} INFO - Setting next_dagrun for ml_models to 2025-12-29 00:00:00+00:00, run_after=2025-12-30 00:00:00+00:00
[2025-12-30T19:35:59.401+0000] {processor.py:183} INFO - Processing /opt/airflow/dags/ml_models.py took 0.108 seconds
[2025-12-30T19:36:29.823+0000] {processor.py:161} INFO - Started process (PID=11821) to work on /opt/airflow/dags/ml_models.py
[2025-12-30T19:36:29.824+0000] {processor.py:830} INFO - Processing file /opt/airflow/dags/ml_models.py for tasks to queue
[2025-12-30T19:36:29.825+0000] {logging_mixin.py:188} INFO - [2025-12-30T19:36:29.825+0000] {dagbag.py:538} INFO - Filling up the DagBag from /opt/airflow/dags/ml_models.py
[2025-12-30T19:36:29.846+0000] {processor.py:840} INFO - DAG(s) 'ml_models' retrieved from /opt/airflow/dags/ml_models.py
[2025-12-30T19:36:29.874+0000] {logging_mixin.py:188} INFO - [2025-12-30T19:36:29.874+0000] {dag.py:3036} INFO - Sync 1 DAGs
[2025-12-30T19:36:29.897+0000] {logging_mixin.py:188} INFO - [2025-12-30T19:36:29.897+0000] {dag.py:3823} INFO - Setting next_dagrun for ml_models to 2025-12-29 00:00:00+00:00, run_after=2025-12-30 00:00:00+00:00
[2025-12-30T19:36:29.928+0000] {processor.py:183} INFO - Processing /opt/airflow/dags/ml_models.py took 0.110 seconds
[2025-12-30T19:37:00.348+0000] {processor.py:161} INFO - Started process (PID=11841) to work on /opt/airflow/dags/ml_models.py
[2025-12-30T19:37:00.349+0000] {processor.py:830} INFO - Processing file /opt/airflow/dags/ml_models.py for tasks to queue
[2025-12-30T19:37:00.350+0000] {logging_mixin.py:188} INFO - [2025-12-30T19:37:00.349+0000] {dagbag.py:538} INFO - Filling up the DagBag from /opt/airflow/dags/ml_models.py
[2025-12-30T19:37:00.372+0000] {processor.py:840} INFO - DAG(s) 'ml_models' retrieved from /opt/airflow/dags/ml_models.py
[2025-12-30T19:37:00.400+0000] {logging_mixin.py:188} INFO - [2025-12-30T19:37:00.400+0000] {dag.py:3036} INFO - Sync 1 DAGs
[2025-12-30T19:37:00.423+0000] {logging_mixin.py:188} INFO - [2025-12-30T19:37:00.423+0000] {dag.py:3823} INFO - Setting next_dagrun for ml_models to 2025-12-29 00:00:00+00:00, run_after=2025-12-30 00:00:00+00:00
[2025-12-30T19:37:00.443+0000] {processor.py:183} INFO - Processing /opt/airflow/dags/ml_models.py took 0.099 seconds
[2025-12-30T19:37:30.858+0000] {processor.py:161} INFO - Started process (PID=11861) to work on /opt/airflow/dags/ml_models.py
[2025-12-30T19:37:30.860+0000] {processor.py:830} INFO - Processing file /opt/airflow/dags/ml_models.py for tasks to queue
[2025-12-30T19:37:30.861+0000] {logging_mixin.py:188} INFO - [2025-12-30T19:37:30.861+0000] {dagbag.py:538} INFO - Filling up the DagBag from /opt/airflow/dags/ml_models.py
[2025-12-30T19:37:30.883+0000] {processor.py:840} INFO - DAG(s) 'ml_models' retrieved from /opt/airflow/dags/ml_models.py
[2025-12-30T19:37:30.910+0000] {logging_mixin.py:188} INFO - [2025-12-30T19:37:30.910+0000] {dag.py:3036} INFO - Sync 1 DAGs
[2025-12-30T19:37:30.933+0000] {logging_mixin.py:188} INFO - [2025-12-30T19:37:30.933+0000] {dag.py:3823} INFO - Setting next_dagrun for ml_models to 2025-12-29 00:00:00+00:00, run_after=2025-12-30 00:00:00+00:00
[2025-12-30T19:37:30.952+0000] {processor.py:183} INFO - Processing /opt/airflow/dags/ml_models.py took 0.098 seconds
[2025-12-30T19:38:01.386+0000] {processor.py:161} INFO - Started process (PID=11881) to work on /opt/airflow/dags/ml_models.py
[2025-12-30T19:38:01.389+0000] {processor.py:830} INFO - Processing file /opt/airflow/dags/ml_models.py for tasks to queue
[2025-12-30T19:38:01.391+0000] {logging_mixin.py:188} INFO - [2025-12-30T19:38:01.390+0000] {dagbag.py:538} INFO - Filling up the DagBag from /opt/airflow/dags/ml_models.py
[2025-12-30T19:38:01.414+0000] {processor.py:840} INFO - DAG(s) 'ml_models' retrieved from /opt/airflow/dags/ml_models.py
[2025-12-30T19:38:01.441+0000] {logging_mixin.py:188} INFO - [2025-12-30T19:38:01.441+0000] {dag.py:3036} INFO - Sync 1 DAGs
[2025-12-30T19:38:01.463+0000] {logging_mixin.py:188} INFO - [2025-12-30T19:38:01.463+0000] {dag.py:3823} INFO - Setting next_dagrun for ml_models to 2025-12-29 00:00:00+00:00, run_after=2025-12-30 00:00:00+00:00
[2025-12-30T19:38:01.492+0000] {processor.py:183} INFO - Processing /opt/airflow/dags/ml_models.py took 0.111 seconds
[2025-12-30T19:38:31.912+0000] {processor.py:161} INFO - Started process (PID=11901) to work on /opt/airflow/dags/ml_models.py
[2025-12-30T19:38:31.913+0000] {processor.py:830} INFO - Processing file /opt/airflow/dags/ml_models.py for tasks to queue
[2025-12-30T19:38:31.914+0000] {logging_mixin.py:188} INFO - [2025-12-30T19:38:31.914+0000] {dagbag.py:538} INFO - Filling up the DagBag from /opt/airflow/dags/ml_models.py
[2025-12-30T19:38:31.936+0000] {processor.py:840} INFO - DAG(s) 'ml_models' retrieved from /opt/airflow/dags/ml_models.py
[2025-12-30T19:38:31.963+0000] {logging_mixin.py:188} INFO - [2025-12-30T19:38:31.963+0000] {dag.py:3036} INFO - Sync 1 DAGs
[2025-12-30T19:38:31.986+0000] {logging_mixin.py:188} INFO - [2025-12-30T19:38:31.986+0000] {dag.py:3823} INFO - Setting next_dagrun for ml_models to 2025-12-29 00:00:00+00:00, run_after=2025-12-30 00:00:00+00:00
[2025-12-30T19:38:32.017+0000] {processor.py:183} INFO - Processing /opt/airflow/dags/ml_models.py took 0.109 seconds
[2025-12-30T19:39:02.422+0000] {processor.py:161} INFO - Started process (PID=11921) to work on /opt/airflow/dags/ml_models.py
[2025-12-30T19:39:02.424+0000] {processor.py:830} INFO - Processing file /opt/airflow/dags/ml_models.py for tasks to queue
[2025-12-30T19:39:02.426+0000] {logging_mixin.py:188} INFO - [2025-12-30T19:39:02.425+0000] {dagbag.py:538} INFO - Filling up the DagBag from /opt/airflow/dags/ml_models.py
[2025-12-30T19:39:02.450+0000] {processor.py:840} INFO - DAG(s) 'ml_models' retrieved from /opt/airflow/dags/ml_models.py
[2025-12-30T19:39:02.479+0000] {logging_mixin.py:188} INFO - [2025-12-30T19:39:02.478+0000] {dag.py:3036} INFO - Sync 1 DAGs
[2025-12-30T19:39:02.505+0000] {logging_mixin.py:188} INFO - [2025-12-30T19:39:02.505+0000] {dag.py:3823} INFO - Setting next_dagrun for ml_models to 2025-12-29 00:00:00+00:00, run_after=2025-12-30 00:00:00+00:00
[2025-12-30T19:39:02.527+0000] {processor.py:183} INFO - Processing /opt/airflow/dags/ml_models.py took 0.109 seconds
[2025-12-30T19:39:32.945+0000] {processor.py:161} INFO - Started process (PID=11941) to work on /opt/airflow/dags/ml_models.py
[2025-12-30T19:39:32.946+0000] {processor.py:830} INFO - Processing file /opt/airflow/dags/ml_models.py for tasks to queue
[2025-12-30T19:39:32.947+0000] {logging_mixin.py:188} INFO - [2025-12-30T19:39:32.947+0000] {dagbag.py:538} INFO - Filling up the DagBag from /opt/airflow/dags/ml_models.py
[2025-12-30T19:39:32.970+0000] {processor.py:840} INFO - DAG(s) 'ml_models' retrieved from /opt/airflow/dags/ml_models.py
[2025-12-30T19:39:32.998+0000] {logging_mixin.py:188} INFO - [2025-12-30T19:39:32.998+0000] {dag.py:3036} INFO - Sync 1 DAGs
[2025-12-30T19:39:33.020+0000] {logging_mixin.py:188} INFO - [2025-12-30T19:39:33.020+0000] {dag.py:3823} INFO - Setting next_dagrun for ml_models to 2025-12-29 00:00:00+00:00, run_after=2025-12-30 00:00:00+00:00
[2025-12-30T19:39:33.039+0000] {processor.py:183} INFO - Processing /opt/airflow/dags/ml_models.py took 0.098 seconds
[2025-12-30T19:40:03.529+0000] {processor.py:161} INFO - Started process (PID=11961) to work on /opt/airflow/dags/ml_models.py
[2025-12-30T19:40:03.530+0000] {processor.py:830} INFO - Processing file /opt/airflow/dags/ml_models.py for tasks to queue
[2025-12-30T19:40:03.532+0000] {logging_mixin.py:188} INFO - [2025-12-30T19:40:03.531+0000] {dagbag.py:538} INFO - Filling up the DagBag from /opt/airflow/dags/ml_models.py
[2025-12-30T19:40:03.552+0000] {processor.py:840} INFO - DAG(s) 'ml_models' retrieved from /opt/airflow/dags/ml_models.py
[2025-12-30T19:40:03.581+0000] {logging_mixin.py:188} INFO - [2025-12-30T19:40:03.580+0000] {dag.py:3036} INFO - Sync 1 DAGs
[2025-12-30T19:40:03.604+0000] {logging_mixin.py:188} INFO - [2025-12-30T19:40:03.604+0000] {dag.py:3823} INFO - Setting next_dagrun for ml_models to 2025-12-29 00:00:00+00:00, run_after=2025-12-30 00:00:00+00:00
[2025-12-30T19:40:03.625+0000] {processor.py:183} INFO - Processing /opt/airflow/dags/ml_models.py took 0.100 seconds
[2025-12-30T19:40:34.068+0000] {processor.py:161} INFO - Started process (PID=11981) to work on /opt/airflow/dags/ml_models.py
[2025-12-30T19:40:34.071+0000] {processor.py:830} INFO - Processing file /opt/airflow/dags/ml_models.py for tasks to queue
[2025-12-30T19:40:34.073+0000] {logging_mixin.py:188} INFO - [2025-12-30T19:40:34.072+0000] {dagbag.py:538} INFO - Filling up the DagBag from /opt/airflow/dags/ml_models.py
[2025-12-30T19:40:34.104+0000] {processor.py:840} INFO - DAG(s) 'ml_models' retrieved from /opt/airflow/dags/ml_models.py
[2025-12-30T19:40:34.134+0000] {logging_mixin.py:188} INFO - [2025-12-30T19:40:34.134+0000] {dag.py:3036} INFO - Sync 1 DAGs
[2025-12-30T19:40:34.157+0000] {logging_mixin.py:188} INFO - [2025-12-30T19:40:34.157+0000] {dag.py:3823} INFO - Setting next_dagrun for ml_models to 2025-12-29 00:00:00+00:00, run_after=2025-12-30 00:00:00+00:00
[2025-12-30T19:40:34.185+0000] {processor.py:183} INFO - Processing /opt/airflow/dags/ml_models.py took 0.135 seconds
[2025-12-30T19:41:04.594+0000] {processor.py:161} INFO - Started process (PID=12001) to work on /opt/airflow/dags/ml_models.py
[2025-12-30T19:41:04.596+0000] {processor.py:830} INFO - Processing file /opt/airflow/dags/ml_models.py for tasks to queue
[2025-12-30T19:41:04.597+0000] {logging_mixin.py:188} INFO - [2025-12-30T19:41:04.597+0000] {dagbag.py:538} INFO - Filling up the DagBag from /opt/airflow/dags/ml_models.py
[2025-12-30T19:41:04.619+0000] {processor.py:840} INFO - DAG(s) 'ml_models' retrieved from /opt/airflow/dags/ml_models.py
[2025-12-30T19:41:04.647+0000] {logging_mixin.py:188} INFO - [2025-12-30T19:41:04.646+0000] {dag.py:3036} INFO - Sync 1 DAGs
[2025-12-30T19:41:04.669+0000] {logging_mixin.py:188} INFO - [2025-12-30T19:41:04.669+0000] {dag.py:3823} INFO - Setting next_dagrun for ml_models to 2025-12-29 00:00:00+00:00, run_after=2025-12-30 00:00:00+00:00
[2025-12-30T19:41:04.689+0000] {processor.py:183} INFO - Processing /opt/airflow/dags/ml_models.py took 0.100 seconds
[2025-12-30T19:41:35.093+0000] {processor.py:161} INFO - Started process (PID=12021) to work on /opt/airflow/dags/ml_models.py
[2025-12-30T19:41:35.094+0000] {processor.py:830} INFO - Processing file /opt/airflow/dags/ml_models.py for tasks to queue
[2025-12-30T19:41:35.095+0000] {logging_mixin.py:188} INFO - [2025-12-30T19:41:35.095+0000] {dagbag.py:538} INFO - Filling up the DagBag from /opt/airflow/dags/ml_models.py
[2025-12-30T19:41:35.118+0000] {processor.py:840} INFO - DAG(s) 'ml_models' retrieved from /opt/airflow/dags/ml_models.py
[2025-12-30T19:41:35.147+0000] {logging_mixin.py:188} INFO - [2025-12-30T19:41:35.146+0000] {dag.py:3036} INFO - Sync 1 DAGs
[2025-12-30T19:41:35.170+0000] {logging_mixin.py:188} INFO - [2025-12-30T19:41:35.170+0000] {dag.py:3823} INFO - Setting next_dagrun for ml_models to 2025-12-29 00:00:00+00:00, run_after=2025-12-30 00:00:00+00:00
[2025-12-30T19:41:35.203+0000] {processor.py:183} INFO - Processing /opt/airflow/dags/ml_models.py took 0.114 seconds
[2025-12-30T19:42:05.599+0000] {processor.py:161} INFO - Started process (PID=12041) to work on /opt/airflow/dags/ml_models.py
[2025-12-30T19:42:05.601+0000] {processor.py:830} INFO - Processing file /opt/airflow/dags/ml_models.py for tasks to queue
[2025-12-30T19:42:05.602+0000] {logging_mixin.py:188} INFO - [2025-12-30T19:42:05.601+0000] {dagbag.py:538} INFO - Filling up the DagBag from /opt/airflow/dags/ml_models.py
[2025-12-30T19:42:05.625+0000] {processor.py:840} INFO - DAG(s) 'ml_models' retrieved from /opt/airflow/dags/ml_models.py
[2025-12-30T19:42:05.653+0000] {logging_mixin.py:188} INFO - [2025-12-30T19:42:05.653+0000] {dag.py:3036} INFO - Sync 1 DAGs
[2025-12-30T19:42:05.677+0000] {logging_mixin.py:188} INFO - [2025-12-30T19:42:05.677+0000] {dag.py:3823} INFO - Setting next_dagrun for ml_models to 2025-12-29 00:00:00+00:00, run_after=2025-12-30 00:00:00+00:00
[2025-12-30T19:42:05.697+0000] {processor.py:183} INFO - Processing /opt/airflow/dags/ml_models.py took 0.102 seconds
[2025-12-30T19:42:36.117+0000] {processor.py:161} INFO - Started process (PID=12061) to work on /opt/airflow/dags/ml_models.py
[2025-12-30T19:42:36.118+0000] {processor.py:830} INFO - Processing file /opt/airflow/dags/ml_models.py for tasks to queue
[2025-12-30T19:42:36.119+0000] {logging_mixin.py:188} INFO - [2025-12-30T19:42:36.119+0000] {dagbag.py:538} INFO - Filling up the DagBag from /opt/airflow/dags/ml_models.py
[2025-12-30T19:42:36.142+0000] {processor.py:840} INFO - DAG(s) 'ml_models' retrieved from /opt/airflow/dags/ml_models.py
[2025-12-30T19:42:36.171+0000] {logging_mixin.py:188} INFO - [2025-12-30T19:42:36.171+0000] {dag.py:3036} INFO - Sync 1 DAGs
[2025-12-30T19:42:36.197+0000] {logging_mixin.py:188} INFO - [2025-12-30T19:42:36.196+0000] {dag.py:3823} INFO - Setting next_dagrun for ml_models to 2025-12-29 00:00:00+00:00, run_after=2025-12-30 00:00:00+00:00
[2025-12-30T19:42:36.218+0000] {processor.py:183} INFO - Processing /opt/airflow/dags/ml_models.py took 0.104 seconds
[2025-12-30T19:43:06.644+0000] {processor.py:161} INFO - Started process (PID=12081) to work on /opt/airflow/dags/ml_models.py
[2025-12-30T19:43:06.646+0000] {processor.py:830} INFO - Processing file /opt/airflow/dags/ml_models.py for tasks to queue
[2025-12-30T19:43:06.647+0000] {logging_mixin.py:188} INFO - [2025-12-30T19:43:06.647+0000] {dagbag.py:538} INFO - Filling up the DagBag from /opt/airflow/dags/ml_models.py
[2025-12-30T19:43:06.669+0000] {processor.py:840} INFO - DAG(s) 'ml_models' retrieved from /opt/airflow/dags/ml_models.py
[2025-12-30T19:43:06.695+0000] {logging_mixin.py:188} INFO - [2025-12-30T19:43:06.695+0000] {dag.py:3036} INFO - Sync 1 DAGs
[2025-12-30T19:43:06.718+0000] {logging_mixin.py:188} INFO - [2025-12-30T19:43:06.718+0000] {dag.py:3823} INFO - Setting next_dagrun for ml_models to 2025-12-29 00:00:00+00:00, run_after=2025-12-30 00:00:00+00:00
[2025-12-30T19:43:06.750+0000] {processor.py:183} INFO - Processing /opt/airflow/dags/ml_models.py took 0.111 seconds
[2025-12-30T19:43:37.159+0000] {processor.py:161} INFO - Started process (PID=12101) to work on /opt/airflow/dags/ml_models.py
[2025-12-30T19:43:37.161+0000] {processor.py:830} INFO - Processing file /opt/airflow/dags/ml_models.py for tasks to queue
[2025-12-30T19:43:37.162+0000] {logging_mixin.py:188} INFO - [2025-12-30T19:43:37.162+0000] {dagbag.py:538} INFO - Filling up the DagBag from /opt/airflow/dags/ml_models.py
[2025-12-30T19:43:37.183+0000] {processor.py:840} INFO - DAG(s) 'ml_models' retrieved from /opt/airflow/dags/ml_models.py
[2025-12-30T19:43:37.209+0000] {logging_mixin.py:188} INFO - [2025-12-30T19:43:37.209+0000] {dag.py:3036} INFO - Sync 1 DAGs
[2025-12-30T19:43:37.231+0000] {logging_mixin.py:188} INFO - [2025-12-30T19:43:37.231+0000] {dag.py:3823} INFO - Setting next_dagrun for ml_models to 2025-12-29 00:00:00+00:00, run_after=2025-12-30 00:00:00+00:00
[2025-12-30T19:43:37.260+0000] {processor.py:183} INFO - Processing /opt/airflow/dags/ml_models.py took 0.104 seconds
[2025-12-30T19:44:07.688+0000] {processor.py:161} INFO - Started process (PID=12121) to work on /opt/airflow/dags/ml_models.py
[2025-12-30T19:44:07.690+0000] {processor.py:830} INFO - Processing file /opt/airflow/dags/ml_models.py for tasks to queue
[2025-12-30T19:44:07.691+0000] {logging_mixin.py:188} INFO - [2025-12-30T19:44:07.691+0000] {dagbag.py:538} INFO - Filling up the DagBag from /opt/airflow/dags/ml_models.py
[2025-12-30T19:44:07.713+0000] {processor.py:840} INFO - DAG(s) 'ml_models' retrieved from /opt/airflow/dags/ml_models.py
[2025-12-30T19:44:07.741+0000] {logging_mixin.py:188} INFO - [2025-12-30T19:44:07.741+0000] {dag.py:3036} INFO - Sync 1 DAGs
[2025-12-30T19:44:07.766+0000] {logging_mixin.py:188} INFO - [2025-12-30T19:44:07.765+0000] {dag.py:3823} INFO - Setting next_dagrun for ml_models to 2025-12-29 00:00:00+00:00, run_after=2025-12-30 00:00:00+00:00
[2025-12-30T19:44:07.794+0000] {processor.py:183} INFO - Processing /opt/airflow/dags/ml_models.py took 0.111 seconds
[2025-12-30T19:44:38.196+0000] {processor.py:161} INFO - Started process (PID=12141) to work on /opt/airflow/dags/ml_models.py
[2025-12-30T19:44:38.197+0000] {processor.py:830} INFO - Processing file /opt/airflow/dags/ml_models.py for tasks to queue
[2025-12-30T19:44:38.198+0000] {logging_mixin.py:188} INFO - [2025-12-30T19:44:38.198+0000] {dagbag.py:538} INFO - Filling up the DagBag from /opt/airflow/dags/ml_models.py
[2025-12-30T19:44:38.221+0000] {processor.py:840} INFO - DAG(s) 'ml_models' retrieved from /opt/airflow/dags/ml_models.py
[2025-12-30T19:44:38.249+0000] {logging_mixin.py:188} INFO - [2025-12-30T19:44:38.249+0000] {dag.py:3036} INFO - Sync 1 DAGs
[2025-12-30T19:44:38.272+0000] {logging_mixin.py:188} INFO - [2025-12-30T19:44:38.272+0000] {dag.py:3823} INFO - Setting next_dagrun for ml_models to 2025-12-29 00:00:00+00:00, run_after=2025-12-30 00:00:00+00:00
[2025-12-30T19:44:38.291+0000] {processor.py:183} INFO - Processing /opt/airflow/dags/ml_models.py took 0.099 seconds
[2025-12-30T19:45:08.788+0000] {processor.py:161} INFO - Started process (PID=12161) to work on /opt/airflow/dags/ml_models.py
[2025-12-30T19:45:08.790+0000] {processor.py:830} INFO - Processing file /opt/airflow/dags/ml_models.py for tasks to queue
[2025-12-30T19:45:08.791+0000] {logging_mixin.py:188} INFO - [2025-12-30T19:45:08.791+0000] {dagbag.py:538} INFO - Filling up the DagBag from /opt/airflow/dags/ml_models.py
[2025-12-30T19:45:08.814+0000] {processor.py:840} INFO - DAG(s) 'ml_models' retrieved from /opt/airflow/dags/ml_models.py
[2025-12-30T19:45:08.842+0000] {logging_mixin.py:188} INFO - [2025-12-30T19:45:08.842+0000] {dag.py:3036} INFO - Sync 1 DAGs
[2025-12-30T19:45:08.867+0000] {logging_mixin.py:188} INFO - [2025-12-30T19:45:08.867+0000] {dag.py:3823} INFO - Setting next_dagrun for ml_models to 2025-12-29 00:00:00+00:00, run_after=2025-12-30 00:00:00+00:00
[2025-12-30T19:45:08.887+0000] {processor.py:183} INFO - Processing /opt/airflow/dags/ml_models.py took 0.105 seconds
[2025-12-30T19:45:39.313+0000] {processor.py:161} INFO - Started process (PID=12181) to work on /opt/airflow/dags/ml_models.py
[2025-12-30T19:45:39.315+0000] {processor.py:830} INFO - Processing file /opt/airflow/dags/ml_models.py for tasks to queue
[2025-12-30T19:45:39.316+0000] {logging_mixin.py:188} INFO - [2025-12-30T19:45:39.316+0000] {dagbag.py:538} INFO - Filling up the DagBag from /opt/airflow/dags/ml_models.py
[2025-12-30T19:45:39.337+0000] {processor.py:840} INFO - DAG(s) 'ml_models' retrieved from /opt/airflow/dags/ml_models.py
[2025-12-30T19:45:39.365+0000] {logging_mixin.py:188} INFO - [2025-12-30T19:45:39.365+0000] {dag.py:3036} INFO - Sync 1 DAGs
[2025-12-30T19:45:39.388+0000] {logging_mixin.py:188} INFO - [2025-12-30T19:45:39.387+0000] {dag.py:3823} INFO - Setting next_dagrun for ml_models to 2025-12-29 00:00:00+00:00, run_after=2025-12-30 00:00:00+00:00
[2025-12-30T19:45:39.406+0000] {processor.py:183} INFO - Processing /opt/airflow/dags/ml_models.py took 0.097 seconds
[2025-12-30T19:46:09.840+0000] {processor.py:161} INFO - Started process (PID=12201) to work on /opt/airflow/dags/ml_models.py
[2025-12-30T19:46:09.842+0000] {processor.py:830} INFO - Processing file /opt/airflow/dags/ml_models.py for tasks to queue
[2025-12-30T19:46:09.843+0000] {logging_mixin.py:188} INFO - [2025-12-30T19:46:09.843+0000] {dagbag.py:538} INFO - Filling up the DagBag from /opt/airflow/dags/ml_models.py
[2025-12-30T19:46:09.866+0000] {processor.py:840} INFO - DAG(s) 'ml_models' retrieved from /opt/airflow/dags/ml_models.py
[2025-12-30T19:46:09.893+0000] {logging_mixin.py:188} INFO - [2025-12-30T19:46:09.893+0000] {dag.py:3036} INFO - Sync 1 DAGs
[2025-12-30T19:46:09.916+0000] {logging_mixin.py:188} INFO - [2025-12-30T19:46:09.915+0000] {dag.py:3823} INFO - Setting next_dagrun for ml_models to 2025-12-29 00:00:00+00:00, run_after=2025-12-30 00:00:00+00:00
[2025-12-30T19:46:09.936+0000] {processor.py:183} INFO - Processing /opt/airflow/dags/ml_models.py took 0.099 seconds
[2025-12-30T19:46:40.343+0000] {processor.py:161} INFO - Started process (PID=12221) to work on /opt/airflow/dags/ml_models.py
[2025-12-30T19:46:40.344+0000] {processor.py:830} INFO - Processing file /opt/airflow/dags/ml_models.py for tasks to queue
[2025-12-30T19:46:40.346+0000] {logging_mixin.py:188} INFO - [2025-12-30T19:46:40.345+0000] {dagbag.py:538} INFO - Filling up the DagBag from /opt/airflow/dags/ml_models.py
[2025-12-30T19:46:40.369+0000] {processor.py:840} INFO - DAG(s) 'ml_models' retrieved from /opt/airflow/dags/ml_models.py
[2025-12-30T19:46:40.396+0000] {logging_mixin.py:188} INFO - [2025-12-30T19:46:40.396+0000] {dag.py:3036} INFO - Sync 1 DAGs
[2025-12-30T19:46:40.420+0000] {logging_mixin.py:188} INFO - [2025-12-30T19:46:40.419+0000] {dag.py:3823} INFO - Setting next_dagrun for ml_models to 2025-12-29 00:00:00+00:00, run_after=2025-12-30 00:00:00+00:00
[2025-12-30T19:46:40.452+0000] {processor.py:183} INFO - Processing /opt/airflow/dags/ml_models.py took 0.113 seconds
[2025-12-30T19:47:10.852+0000] {processor.py:161} INFO - Started process (PID=12241) to work on /opt/airflow/dags/ml_models.py
[2025-12-30T19:47:10.853+0000] {processor.py:830} INFO - Processing file /opt/airflow/dags/ml_models.py for tasks to queue
[2025-12-30T19:47:10.855+0000] {logging_mixin.py:188} INFO - [2025-12-30T19:47:10.854+0000] {dagbag.py:538} INFO - Filling up the DagBag from /opt/airflow/dags/ml_models.py
[2025-12-30T19:47:10.877+0000] {processor.py:840} INFO - DAG(s) 'ml_models' retrieved from /opt/airflow/dags/ml_models.py
[2025-12-30T19:47:10.905+0000] {logging_mixin.py:188} INFO - [2025-12-30T19:47:10.905+0000] {dag.py:3036} INFO - Sync 1 DAGs
[2025-12-30T19:47:10.930+0000] {logging_mixin.py:188} INFO - [2025-12-30T19:47:10.930+0000] {dag.py:3823} INFO - Setting next_dagrun for ml_models to 2025-12-29 00:00:00+00:00, run_after=2025-12-30 00:00:00+00:00
[2025-12-30T19:47:10.952+0000] {processor.py:183} INFO - Processing /opt/airflow/dags/ml_models.py took 0.103 seconds
[2025-12-30T19:47:41.382+0000] {processor.py:161} INFO - Started process (PID=12261) to work on /opt/airflow/dags/ml_models.py
[2025-12-30T19:47:41.384+0000] {processor.py:830} INFO - Processing file /opt/airflow/dags/ml_models.py for tasks to queue
[2025-12-30T19:47:41.385+0000] {logging_mixin.py:188} INFO - [2025-12-30T19:47:41.384+0000] {dagbag.py:538} INFO - Filling up the DagBag from /opt/airflow/dags/ml_models.py
[2025-12-30T19:47:41.404+0000] {processor.py:840} INFO - DAG(s) 'ml_models' retrieved from /opt/airflow/dags/ml_models.py
[2025-12-30T19:47:41.432+0000] {logging_mixin.py:188} INFO - [2025-12-30T19:47:41.432+0000] {dag.py:3036} INFO - Sync 1 DAGs
[2025-12-30T19:47:41.455+0000] {logging_mixin.py:188} INFO - [2025-12-30T19:47:41.455+0000] {dag.py:3823} INFO - Setting next_dagrun for ml_models to 2025-12-29 00:00:00+00:00, run_after=2025-12-30 00:00:00+00:00
[2025-12-30T19:47:41.474+0000] {processor.py:183} INFO - Processing /opt/airflow/dags/ml_models.py took 0.096 seconds
[2025-12-30T19:48:11.901+0000] {processor.py:161} INFO - Started process (PID=12281) to work on /opt/airflow/dags/ml_models.py
[2025-12-30T19:48:11.903+0000] {processor.py:830} INFO - Processing file /opt/airflow/dags/ml_models.py for tasks to queue
[2025-12-30T19:48:11.904+0000] {logging_mixin.py:188} INFO - [2025-12-30T19:48:11.904+0000] {dagbag.py:538} INFO - Filling up the DagBag from /opt/airflow/dags/ml_models.py
[2025-12-30T19:48:11.928+0000] {processor.py:840} INFO - DAG(s) 'ml_models' retrieved from /opt/airflow/dags/ml_models.py
[2025-12-30T19:48:11.958+0000] {logging_mixin.py:188} INFO - [2025-12-30T19:48:11.958+0000] {dag.py:3036} INFO - Sync 1 DAGs
[2025-12-30T19:48:11.982+0000] {logging_mixin.py:188} INFO - [2025-12-30T19:48:11.981+0000] {dag.py:3823} INFO - Setting next_dagrun for ml_models to 2025-12-29 00:00:00+00:00, run_after=2025-12-30 00:00:00+00:00
[2025-12-30T19:48:12.013+0000] {processor.py:183} INFO - Processing /opt/airflow/dags/ml_models.py took 0.116 seconds
[2025-12-30T19:48:42.433+0000] {processor.py:161} INFO - Started process (PID=12301) to work on /opt/airflow/dags/ml_models.py
[2025-12-30T19:48:42.435+0000] {processor.py:830} INFO - Processing file /opt/airflow/dags/ml_models.py for tasks to queue
[2025-12-30T19:48:42.436+0000] {logging_mixin.py:188} INFO - [2025-12-30T19:48:42.436+0000] {dagbag.py:538} INFO - Filling up the DagBag from /opt/airflow/dags/ml_models.py
[2025-12-30T19:48:42.460+0000] {processor.py:840} INFO - DAG(s) 'ml_models' retrieved from /opt/airflow/dags/ml_models.py
[2025-12-30T19:48:42.488+0000] {logging_mixin.py:188} INFO - [2025-12-30T19:48:42.487+0000] {dag.py:3036} INFO - Sync 1 DAGs
[2025-12-30T19:48:42.510+0000] {logging_mixin.py:188} INFO - [2025-12-30T19:48:42.510+0000] {dag.py:3823} INFO - Setting next_dagrun for ml_models to 2025-12-29 00:00:00+00:00, run_after=2025-12-30 00:00:00+00:00
[2025-12-30T19:48:42.542+0000] {processor.py:183} INFO - Processing /opt/airflow/dags/ml_models.py took 0.112 seconds
[2025-12-30T19:49:12.953+0000] {processor.py:161} INFO - Started process (PID=12321) to work on /opt/airflow/dags/ml_models.py
[2025-12-30T19:49:12.955+0000] {processor.py:830} INFO - Processing file /opt/airflow/dags/ml_models.py for tasks to queue
[2025-12-30T19:49:12.956+0000] {logging_mixin.py:188} INFO - [2025-12-30T19:49:12.956+0000] {dagbag.py:538} INFO - Filling up the DagBag from /opt/airflow/dags/ml_models.py
[2025-12-30T19:49:12.979+0000] {processor.py:840} INFO - DAG(s) 'ml_models' retrieved from /opt/airflow/dags/ml_models.py
[2025-12-30T19:49:13.007+0000] {logging_mixin.py:188} INFO - [2025-12-30T19:49:13.007+0000] {dag.py:3036} INFO - Sync 1 DAGs
[2025-12-30T19:49:13.030+0000] {logging_mixin.py:188} INFO - [2025-12-30T19:49:13.029+0000] {dag.py:3823} INFO - Setting next_dagrun for ml_models to 2025-12-29 00:00:00+00:00, run_after=2025-12-30 00:00:00+00:00
[2025-12-30T19:49:13.050+0000] {processor.py:183} INFO - Processing /opt/airflow/dags/ml_models.py took 0.102 seconds
[2025-12-30T19:49:43.470+0000] {processor.py:161} INFO - Started process (PID=12341) to work on /opt/airflow/dags/ml_models.py
[2025-12-30T19:49:43.472+0000] {processor.py:830} INFO - Processing file /opt/airflow/dags/ml_models.py for tasks to queue
[2025-12-30T19:49:43.473+0000] {logging_mixin.py:188} INFO - [2025-12-30T19:49:43.472+0000] {dagbag.py:538} INFO - Filling up the DagBag from /opt/airflow/dags/ml_models.py
[2025-12-30T19:49:43.494+0000] {processor.py:840} INFO - DAG(s) 'ml_models' retrieved from /opt/airflow/dags/ml_models.py
[2025-12-30T19:49:43.520+0000] {logging_mixin.py:188} INFO - [2025-12-30T19:49:43.520+0000] {dag.py:3036} INFO - Sync 1 DAGs
[2025-12-30T19:49:43.544+0000] {logging_mixin.py:188} INFO - [2025-12-30T19:49:43.544+0000] {dag.py:3823} INFO - Setting next_dagrun for ml_models to 2025-12-29 00:00:00+00:00, run_after=2025-12-30 00:00:00+00:00
[2025-12-30T19:49:43.575+0000] {processor.py:183} INFO - Processing /opt/airflow/dags/ml_models.py took 0.109 seconds
[2025-12-30T19:50:14.056+0000] {processor.py:161} INFO - Started process (PID=12361) to work on /opt/airflow/dags/ml_models.py
[2025-12-30T19:50:14.057+0000] {processor.py:830} INFO - Processing file /opt/airflow/dags/ml_models.py for tasks to queue
[2025-12-30T19:50:14.058+0000] {logging_mixin.py:188} INFO - [2025-12-30T19:50:14.058+0000] {dagbag.py:538} INFO - Filling up the DagBag from /opt/airflow/dags/ml_models.py
[2025-12-30T19:50:14.080+0000] {processor.py:840} INFO - DAG(s) 'ml_models' retrieved from /opt/airflow/dags/ml_models.py
[2025-12-30T19:50:14.108+0000] {logging_mixin.py:188} INFO - [2025-12-30T19:50:14.108+0000] {dag.py:3036} INFO - Sync 1 DAGs
[2025-12-30T19:50:14.130+0000] {logging_mixin.py:188} INFO - [2025-12-30T19:50:14.130+0000] {dag.py:3823} INFO - Setting next_dagrun for ml_models to 2025-12-29 00:00:00+00:00, run_after=2025-12-30 00:00:00+00:00
[2025-12-30T19:50:14.150+0000] {processor.py:183} INFO - Processing /opt/airflow/dags/ml_models.py took 0.097 seconds
[2025-12-30T19:50:44.588+0000] {processor.py:161} INFO - Started process (PID=12381) to work on /opt/airflow/dags/ml_models.py
[2025-12-30T19:50:44.590+0000] {processor.py:830} INFO - Processing file /opt/airflow/dags/ml_models.py for tasks to queue
[2025-12-30T19:50:44.591+0000] {logging_mixin.py:188} INFO - [2025-12-30T19:50:44.591+0000] {dagbag.py:538} INFO - Filling up the DagBag from /opt/airflow/dags/ml_models.py
[2025-12-30T19:50:44.613+0000] {processor.py:840} INFO - DAG(s) 'ml_models' retrieved from /opt/airflow/dags/ml_models.py
[2025-12-30T19:50:44.643+0000] {logging_mixin.py:188} INFO - [2025-12-30T19:50:44.643+0000] {dag.py:3036} INFO - Sync 1 DAGs
[2025-12-30T19:50:44.665+0000] {logging_mixin.py:188} INFO - [2025-12-30T19:50:44.665+0000] {dag.py:3823} INFO - Setting next_dagrun for ml_models to 2025-12-29 00:00:00+00:00, run_after=2025-12-30 00:00:00+00:00
[2025-12-30T19:50:44.683+0000] {processor.py:183} INFO - Processing /opt/airflow/dags/ml_models.py took 0.102 seconds
[2025-12-30T19:51:15.125+0000] {processor.py:161} INFO - Started process (PID=12401) to work on /opt/airflow/dags/ml_models.py
[2025-12-30T19:51:15.127+0000] {processor.py:830} INFO - Processing file /opt/airflow/dags/ml_models.py for tasks to queue
[2025-12-30T19:51:15.128+0000] {logging_mixin.py:188} INFO - [2025-12-30T19:51:15.128+0000] {dagbag.py:538} INFO - Filling up the DagBag from /opt/airflow/dags/ml_models.py
[2025-12-30T19:51:15.151+0000] {processor.py:840} INFO - DAG(s) 'ml_models' retrieved from /opt/airflow/dags/ml_models.py
[2025-12-30T19:51:15.178+0000] {logging_mixin.py:188} INFO - [2025-12-30T19:51:15.178+0000] {dag.py:3036} INFO - Sync 1 DAGs
[2025-12-30T19:51:15.199+0000] {logging_mixin.py:188} INFO - [2025-12-30T19:51:15.199+0000] {dag.py:3823} INFO - Setting next_dagrun for ml_models to 2025-12-29 00:00:00+00:00, run_after=2025-12-30 00:00:00+00:00
[2025-12-30T19:51:15.219+0000] {processor.py:183} INFO - Processing /opt/airflow/dags/ml_models.py took 0.099 seconds
[2025-12-30T19:51:45.636+0000] {processor.py:161} INFO - Started process (PID=12421) to work on /opt/airflow/dags/ml_models.py
[2025-12-30T19:51:45.637+0000] {processor.py:830} INFO - Processing file /opt/airflow/dags/ml_models.py for tasks to queue
[2025-12-30T19:51:45.639+0000] {logging_mixin.py:188} INFO - [2025-12-30T19:51:45.639+0000] {dagbag.py:538} INFO - Filling up the DagBag from /opt/airflow/dags/ml_models.py
[2025-12-30T19:51:45.663+0000] {processor.py:840} INFO - DAG(s) 'ml_models' retrieved from /opt/airflow/dags/ml_models.py
[2025-12-30T19:51:45.691+0000] {logging_mixin.py:188} INFO - [2025-12-30T19:51:45.691+0000] {dag.py:3036} INFO - Sync 1 DAGs
[2025-12-30T19:51:45.714+0000] {logging_mixin.py:188} INFO - [2025-12-30T19:51:45.714+0000] {dag.py:3823} INFO - Setting next_dagrun for ml_models to 2025-12-29 00:00:00+00:00, run_after=2025-12-30 00:00:00+00:00
[2025-12-30T19:51:45.745+0000] {processor.py:183} INFO - Processing /opt/airflow/dags/ml_models.py took 0.113 seconds
[2025-12-30T19:52:16.156+0000] {processor.py:161} INFO - Started process (PID=12441) to work on /opt/airflow/dags/ml_models.py
[2025-12-30T19:52:16.157+0000] {processor.py:830} INFO - Processing file /opt/airflow/dags/ml_models.py for tasks to queue
[2025-12-30T19:52:16.158+0000] {logging_mixin.py:188} INFO - [2025-12-30T19:52:16.158+0000] {dagbag.py:538} INFO - Filling up the DagBag from /opt/airflow/dags/ml_models.py
[2025-12-30T19:52:16.181+0000] {processor.py:840} INFO - DAG(s) 'ml_models' retrieved from /opt/airflow/dags/ml_models.py
[2025-12-30T19:52:16.212+0000] {logging_mixin.py:188} INFO - [2025-12-30T19:52:16.212+0000] {dag.py:3036} INFO - Sync 1 DAGs
[2025-12-30T19:52:16.244+0000] {logging_mixin.py:188} INFO - [2025-12-30T19:52:16.243+0000] {dag.py:3823} INFO - Setting next_dagrun for ml_models to 2025-12-29 00:00:00+00:00, run_after=2025-12-30 00:00:00+00:00
[2025-12-30T19:52:16.263+0000] {processor.py:183} INFO - Processing /opt/airflow/dags/ml_models.py took 0.113 seconds
[2025-12-30T19:52:46.680+0000] {processor.py:161} INFO - Started process (PID=12461) to work on /opt/airflow/dags/ml_models.py
[2025-12-30T19:52:46.682+0000] {processor.py:830} INFO - Processing file /opt/airflow/dags/ml_models.py for tasks to queue
[2025-12-30T19:52:46.683+0000] {logging_mixin.py:188} INFO - [2025-12-30T19:52:46.683+0000] {dagbag.py:538} INFO - Filling up the DagBag from /opt/airflow/dags/ml_models.py
[2025-12-30T19:52:46.706+0000] {processor.py:840} INFO - DAG(s) 'ml_models' retrieved from /opt/airflow/dags/ml_models.py
[2025-12-30T19:52:46.733+0000] {logging_mixin.py:188} INFO - [2025-12-30T19:52:46.733+0000] {dag.py:3036} INFO - Sync 1 DAGs
[2025-12-30T19:52:46.757+0000] {logging_mixin.py:188} INFO - [2025-12-30T19:52:46.756+0000] {dag.py:3823} INFO - Setting next_dagrun for ml_models to 2025-12-29 00:00:00+00:00, run_after=2025-12-30 00:00:00+00:00
[2025-12-30T19:52:46.776+0000] {processor.py:183} INFO - Processing /opt/airflow/dags/ml_models.py took 0.099 seconds
[2025-12-30T19:53:17.197+0000] {processor.py:161} INFO - Started process (PID=12481) to work on /opt/airflow/dags/ml_models.py
[2025-12-30T19:53:17.198+0000] {processor.py:830} INFO - Processing file /opt/airflow/dags/ml_models.py for tasks to queue
[2025-12-30T19:53:17.199+0000] {logging_mixin.py:188} INFO - [2025-12-30T19:53:17.199+0000] {dagbag.py:538} INFO - Filling up the DagBag from /opt/airflow/dags/ml_models.py
[2025-12-30T19:53:17.222+0000] {processor.py:840} INFO - DAG(s) 'ml_models' retrieved from /opt/airflow/dags/ml_models.py
[2025-12-30T19:53:17.251+0000] {logging_mixin.py:188} INFO - [2025-12-30T19:53:17.251+0000] {dag.py:3036} INFO - Sync 1 DAGs
[2025-12-30T19:53:17.274+0000] {logging_mixin.py:188} INFO - [2025-12-30T19:53:17.274+0000] {dag.py:3823} INFO - Setting next_dagrun for ml_models to 2025-12-29 00:00:00+00:00, run_after=2025-12-30 00:00:00+00:00
[2025-12-30T19:53:17.305+0000] {processor.py:183} INFO - Processing /opt/airflow/dags/ml_models.py took 0.111 seconds
[2025-12-30T19:53:47.723+0000] {processor.py:161} INFO - Started process (PID=12501) to work on /opt/airflow/dags/ml_models.py
[2025-12-30T19:53:47.724+0000] {processor.py:830} INFO - Processing file /opt/airflow/dags/ml_models.py for tasks to queue
[2025-12-30T19:53:47.726+0000] {logging_mixin.py:188} INFO - [2025-12-30T19:53:47.725+0000] {dagbag.py:538} INFO - Filling up the DagBag from /opt/airflow/dags/ml_models.py
[2025-12-30T19:53:47.749+0000] {processor.py:840} INFO - DAG(s) 'ml_models' retrieved from /opt/airflow/dags/ml_models.py
[2025-12-30T19:53:47.775+0000] {logging_mixin.py:188} INFO - [2025-12-30T19:53:47.775+0000] {dag.py:3036} INFO - Sync 1 DAGs
[2025-12-30T19:53:47.798+0000] {logging_mixin.py:188} INFO - [2025-12-30T19:53:47.797+0000] {dag.py:3823} INFO - Setting next_dagrun for ml_models to 2025-12-29 00:00:00+00:00, run_after=2025-12-30 00:00:00+00:00
[2025-12-30T19:53:47.819+0000] {processor.py:183} INFO - Processing /opt/airflow/dags/ml_models.py took 0.099 seconds
[2025-12-30T19:54:18.231+0000] {processor.py:161} INFO - Started process (PID=12521) to work on /opt/airflow/dags/ml_models.py
[2025-12-30T19:54:18.232+0000] {processor.py:830} INFO - Processing file /opt/airflow/dags/ml_models.py for tasks to queue
[2025-12-30T19:54:18.233+0000] {logging_mixin.py:188} INFO - [2025-12-30T19:54:18.232+0000] {dagbag.py:538} INFO - Filling up the DagBag from /opt/airflow/dags/ml_models.py
[2025-12-30T19:54:18.254+0000] {processor.py:840} INFO - DAG(s) 'ml_models' retrieved from /opt/airflow/dags/ml_models.py
[2025-12-30T19:54:18.281+0000] {logging_mixin.py:188} INFO - [2025-12-30T19:54:18.280+0000] {dag.py:3036} INFO - Sync 1 DAGs
[2025-12-30T19:54:18.303+0000] {logging_mixin.py:188} INFO - [2025-12-30T19:54:18.302+0000] {dag.py:3823} INFO - Setting next_dagrun for ml_models to 2025-12-29 00:00:00+00:00, run_after=2025-12-30 00:00:00+00:00
[2025-12-30T19:54:18.322+0000] {processor.py:183} INFO - Processing /opt/airflow/dags/ml_models.py took 0.095 seconds
[2025-12-30T19:54:48.761+0000] {processor.py:161} INFO - Started process (PID=12541) to work on /opt/airflow/dags/ml_models.py
[2025-12-30T19:54:48.762+0000] {processor.py:830} INFO - Processing file /opt/airflow/dags/ml_models.py for tasks to queue
[2025-12-30T19:54:48.764+0000] {logging_mixin.py:188} INFO - [2025-12-30T19:54:48.763+0000] {dagbag.py:538} INFO - Filling up the DagBag from /opt/airflow/dags/ml_models.py
[2025-12-30T19:54:48.785+0000] {processor.py:840} INFO - DAG(s) 'ml_models' retrieved from /opt/airflow/dags/ml_models.py
[2025-12-30T19:54:48.811+0000] {logging_mixin.py:188} INFO - [2025-12-30T19:54:48.811+0000] {dag.py:3036} INFO - Sync 1 DAGs
[2025-12-30T19:54:48.833+0000] {logging_mixin.py:188} INFO - [2025-12-30T19:54:48.833+0000] {dag.py:3823} INFO - Setting next_dagrun for ml_models to 2025-12-29 00:00:00+00:00, run_after=2025-12-30 00:00:00+00:00
[2025-12-30T19:54:48.870+0000] {processor.py:183} INFO - Processing /opt/airflow/dags/ml_models.py took 0.112 seconds
[2025-12-30T19:55:19.387+0000] {processor.py:161} INFO - Started process (PID=12561) to work on /opt/airflow/dags/ml_models.py
[2025-12-30T19:55:19.388+0000] {processor.py:830} INFO - Processing file /opt/airflow/dags/ml_models.py for tasks to queue
[2025-12-30T19:55:19.389+0000] {logging_mixin.py:188} INFO - [2025-12-30T19:55:19.388+0000] {dagbag.py:538} INFO - Filling up the DagBag from /opt/airflow/dags/ml_models.py
[2025-12-30T19:55:19.411+0000] {processor.py:840} INFO - DAG(s) 'ml_models' retrieved from /opt/airflow/dags/ml_models.py
[2025-12-30T19:55:19.438+0000] {logging_mixin.py:188} INFO - [2025-12-30T19:55:19.438+0000] {dag.py:3036} INFO - Sync 1 DAGs
[2025-12-30T19:55:19.462+0000] {logging_mixin.py:188} INFO - [2025-12-30T19:55:19.461+0000] {dag.py:3823} INFO - Setting next_dagrun for ml_models to 2025-12-29 00:00:00+00:00, run_after=2025-12-30 00:00:00+00:00
[2025-12-30T19:55:19.481+0000] {processor.py:183} INFO - Processing /opt/airflow/dags/ml_models.py took 0.098 seconds
[2025-12-30T19:55:49.891+0000] {processor.py:161} INFO - Started process (PID=12581) to work on /opt/airflow/dags/ml_models.py
[2025-12-30T19:55:49.893+0000] {processor.py:830} INFO - Processing file /opt/airflow/dags/ml_models.py for tasks to queue
[2025-12-30T19:55:49.897+0000] {logging_mixin.py:188} INFO - [2025-12-30T19:55:49.896+0000] {dagbag.py:538} INFO - Filling up the DagBag from /opt/airflow/dags/ml_models.py
[2025-12-30T19:55:49.934+0000] {processor.py:840} INFO - DAG(s) 'ml_models' retrieved from /opt/airflow/dags/ml_models.py
[2025-12-30T19:55:49.973+0000] {logging_mixin.py:188} INFO - [2025-12-30T19:55:49.972+0000] {dag.py:3036} INFO - Sync 1 DAGs
[2025-12-30T19:55:50.007+0000] {logging_mixin.py:188} INFO - [2025-12-30T19:55:50.007+0000] {dag.py:3823} INFO - Setting next_dagrun for ml_models to 2025-12-29 00:00:00+00:00, run_after=2025-12-30 00:00:00+00:00
[2025-12-30T19:55:50.038+0000] {processor.py:183} INFO - Processing /opt/airflow/dags/ml_models.py took 0.151 seconds
[2025-12-30T19:56:20.448+0000] {processor.py:161} INFO - Started process (PID=12601) to work on /opt/airflow/dags/ml_models.py
[2025-12-30T19:56:20.449+0000] {processor.py:830} INFO - Processing file /opt/airflow/dags/ml_models.py for tasks to queue
[2025-12-30T19:56:20.450+0000] {logging_mixin.py:188} INFO - [2025-12-30T19:56:20.450+0000] {dagbag.py:538} INFO - Filling up the DagBag from /opt/airflow/dags/ml_models.py
[2025-12-30T19:56:20.472+0000] {processor.py:840} INFO - DAG(s) 'ml_models' retrieved from /opt/airflow/dags/ml_models.py
[2025-12-30T19:56:20.499+0000] {logging_mixin.py:188} INFO - [2025-12-30T19:56:20.499+0000] {dag.py:3036} INFO - Sync 1 DAGs
[2025-12-30T19:56:20.521+0000] {logging_mixin.py:188} INFO - [2025-12-30T19:56:20.521+0000] {dag.py:3823} INFO - Setting next_dagrun for ml_models to 2025-12-29 00:00:00+00:00, run_after=2025-12-30 00:00:00+00:00
[2025-12-30T19:56:20.541+0000] {processor.py:183} INFO - Processing /opt/airflow/dags/ml_models.py took 0.098 seconds
[2025-12-30T19:56:50.976+0000] {processor.py:161} INFO - Started process (PID=12621) to work on /opt/airflow/dags/ml_models.py
[2025-12-30T19:56:50.977+0000] {processor.py:830} INFO - Processing file /opt/airflow/dags/ml_models.py for tasks to queue
[2025-12-30T19:56:50.979+0000] {logging_mixin.py:188} INFO - [2025-12-30T19:56:50.978+0000] {dagbag.py:538} INFO - Filling up the DagBag from /opt/airflow/dags/ml_models.py
[2025-12-30T19:56:51.000+0000] {processor.py:840} INFO - DAG(s) 'ml_models' retrieved from /opt/airflow/dags/ml_models.py
[2025-12-30T19:56:51.028+0000] {logging_mixin.py:188} INFO - [2025-12-30T19:56:51.027+0000] {dag.py:3036} INFO - Sync 1 DAGs
[2025-12-30T19:56:51.050+0000] {logging_mixin.py:188} INFO - [2025-12-30T19:56:51.050+0000] {dag.py:3823} INFO - Setting next_dagrun for ml_models to 2025-12-29 00:00:00+00:00, run_after=2025-12-30 00:00:00+00:00
[2025-12-30T19:56:51.081+0000] {processor.py:183} INFO - Processing /opt/airflow/dags/ml_models.py took 0.111 seconds
[2025-12-30T19:57:21.500+0000] {processor.py:161} INFO - Started process (PID=12641) to work on /opt/airflow/dags/ml_models.py
[2025-12-30T19:57:21.501+0000] {processor.py:830} INFO - Processing file /opt/airflow/dags/ml_models.py for tasks to queue
[2025-12-30T19:57:21.503+0000] {logging_mixin.py:188} INFO - [2025-12-30T19:57:21.502+0000] {dagbag.py:538} INFO - Filling up the DagBag from /opt/airflow/dags/ml_models.py
[2025-12-30T19:57:21.527+0000] {processor.py:840} INFO - DAG(s) 'ml_models' retrieved from /opt/airflow/dags/ml_models.py
[2025-12-30T19:57:21.556+0000] {logging_mixin.py:188} INFO - [2025-12-30T19:57:21.556+0000] {dag.py:3036} INFO - Sync 1 DAGs
[2025-12-30T19:57:21.580+0000] {logging_mixin.py:188} INFO - [2025-12-30T19:57:21.580+0000] {dag.py:3823} INFO - Setting next_dagrun for ml_models to 2025-12-29 00:00:00+00:00, run_after=2025-12-30 00:00:00+00:00
[2025-12-30T19:57:21.601+0000] {processor.py:183} INFO - Processing /opt/airflow/dags/ml_models.py took 0.105 seconds
[2025-12-30T19:57:52.016+0000] {processor.py:161} INFO - Started process (PID=12661) to work on /opt/airflow/dags/ml_models.py
[2025-12-30T19:57:52.017+0000] {processor.py:830} INFO - Processing file /opt/airflow/dags/ml_models.py for tasks to queue
[2025-12-30T19:57:52.019+0000] {logging_mixin.py:188} INFO - [2025-12-30T19:57:52.018+0000] {dagbag.py:538} INFO - Filling up the DagBag from /opt/airflow/dags/ml_models.py
[2025-12-30T19:57:52.040+0000] {processor.py:840} INFO - DAG(s) 'ml_models' retrieved from /opt/airflow/dags/ml_models.py
[2025-12-30T19:57:52.068+0000] {logging_mixin.py:188} INFO - [2025-12-30T19:57:52.068+0000] {dag.py:3036} INFO - Sync 1 DAGs
[2025-12-30T19:57:52.090+0000] {logging_mixin.py:188} INFO - [2025-12-30T19:57:52.090+0000] {dag.py:3823} INFO - Setting next_dagrun for ml_models to 2025-12-29 00:00:00+00:00, run_after=2025-12-30 00:00:00+00:00
[2025-12-30T19:57:52.110+0000] {processor.py:183} INFO - Processing /opt/airflow/dags/ml_models.py took 0.099 seconds
[2025-12-30T19:58:22.551+0000] {processor.py:161} INFO - Started process (PID=12681) to work on /opt/airflow/dags/ml_models.py
[2025-12-30T19:58:22.553+0000] {processor.py:830} INFO - Processing file /opt/airflow/dags/ml_models.py for tasks to queue
[2025-12-30T19:58:22.554+0000] {logging_mixin.py:188} INFO - [2025-12-30T19:58:22.554+0000] {dagbag.py:538} INFO - Filling up the DagBag from /opt/airflow/dags/ml_models.py
[2025-12-30T19:58:22.577+0000] {processor.py:840} INFO - DAG(s) 'ml_models' retrieved from /opt/airflow/dags/ml_models.py
[2025-12-30T19:58:22.605+0000] {logging_mixin.py:188} INFO - [2025-12-30T19:58:22.605+0000] {dag.py:3036} INFO - Sync 1 DAGs
[2025-12-30T19:58:22.629+0000] {logging_mixin.py:188} INFO - [2025-12-30T19:58:22.629+0000] {dag.py:3823} INFO - Setting next_dagrun for ml_models to 2025-12-29 00:00:00+00:00, run_after=2025-12-30 00:00:00+00:00
[2025-12-30T19:58:22.661+0000] {processor.py:183} INFO - Processing /opt/airflow/dags/ml_models.py took 0.113 seconds
[2025-12-30T19:58:53.073+0000] {processor.py:161} INFO - Started process (PID=12701) to work on /opt/airflow/dags/ml_models.py
[2025-12-30T19:58:53.075+0000] {processor.py:830} INFO - Processing file /opt/airflow/dags/ml_models.py for tasks to queue
[2025-12-30T19:58:53.076+0000] {logging_mixin.py:188} INFO - [2025-12-30T19:58:53.075+0000] {dagbag.py:538} INFO - Filling up the DagBag from /opt/airflow/dags/ml_models.py
[2025-12-30T19:58:53.097+0000] {processor.py:840} INFO - DAG(s) 'ml_models' retrieved from /opt/airflow/dags/ml_models.py
[2025-12-30T19:58:53.124+0000] {logging_mixin.py:188} INFO - [2025-12-30T19:58:53.124+0000] {dag.py:3036} INFO - Sync 1 DAGs
[2025-12-30T19:58:53.148+0000] {logging_mixin.py:188} INFO - [2025-12-30T19:58:53.147+0000] {dag.py:3823} INFO - Setting next_dagrun for ml_models to 2025-12-29 00:00:00+00:00, run_after=2025-12-30 00:00:00+00:00
[2025-12-30T19:58:53.177+0000] {processor.py:183} INFO - Processing /opt/airflow/dags/ml_models.py took 0.109 seconds
[2025-12-30T19:59:23.585+0000] {processor.py:161} INFO - Started process (PID=12721) to work on /opt/airflow/dags/ml_models.py
[2025-12-30T19:59:23.586+0000] {processor.py:830} INFO - Processing file /opt/airflow/dags/ml_models.py for tasks to queue
[2025-12-30T19:59:23.587+0000] {logging_mixin.py:188} INFO - [2025-12-30T19:59:23.587+0000] {dagbag.py:538} INFO - Filling up the DagBag from /opt/airflow/dags/ml_models.py
[2025-12-30T19:59:23.609+0000] {processor.py:840} INFO - DAG(s) 'ml_models' retrieved from /opt/airflow/dags/ml_models.py
[2025-12-30T19:59:23.637+0000] {logging_mixin.py:188} INFO - [2025-12-30T19:59:23.636+0000] {dag.py:3036} INFO - Sync 1 DAGs
[2025-12-30T19:59:23.658+0000] {logging_mixin.py:188} INFO - [2025-12-30T19:59:23.658+0000] {dag.py:3823} INFO - Setting next_dagrun for ml_models to 2025-12-29 00:00:00+00:00, run_after=2025-12-30 00:00:00+00:00
[2025-12-30T19:59:23.677+0000] {processor.py:183} INFO - Processing /opt/airflow/dags/ml_models.py took 0.096 seconds
[2025-12-30T19:59:54.106+0000] {processor.py:161} INFO - Started process (PID=12741) to work on /opt/airflow/dags/ml_models.py
[2025-12-30T19:59:54.108+0000] {processor.py:830} INFO - Processing file /opt/airflow/dags/ml_models.py for tasks to queue
[2025-12-30T19:59:54.109+0000] {logging_mixin.py:188} INFO - [2025-12-30T19:59:54.109+0000] {dagbag.py:538} INFO - Filling up the DagBag from /opt/airflow/dags/ml_models.py
[2025-12-30T19:59:54.133+0000] {processor.py:840} INFO - DAG(s) 'ml_models' retrieved from /opt/airflow/dags/ml_models.py
[2025-12-30T19:59:54.159+0000] {logging_mixin.py:188} INFO - [2025-12-30T19:59:54.159+0000] {dag.py:3036} INFO - Sync 1 DAGs
[2025-12-30T19:59:54.182+0000] {logging_mixin.py:188} INFO - [2025-12-30T19:59:54.181+0000] {dag.py:3823} INFO - Setting next_dagrun for ml_models to 2025-12-29 00:00:00+00:00, run_after=2025-12-30 00:00:00+00:00
[2025-12-30T19:59:54.200+0000] {processor.py:183} INFO - Processing /opt/airflow/dags/ml_models.py took 0.099 seconds
[2025-12-30T20:00:24.682+0000] {processor.py:161} INFO - Started process (PID=12761) to work on /opt/airflow/dags/ml_models.py
[2025-12-30T20:00:24.684+0000] {processor.py:830} INFO - Processing file /opt/airflow/dags/ml_models.py for tasks to queue
[2025-12-30T20:00:24.685+0000] {logging_mixin.py:188} INFO - [2025-12-30T20:00:24.684+0000] {dagbag.py:538} INFO - Filling up the DagBag from /opt/airflow/dags/ml_models.py
[2025-12-30T20:00:24.707+0000] {processor.py:840} INFO - DAG(s) 'ml_models' retrieved from /opt/airflow/dags/ml_models.py
[2025-12-30T20:00:24.735+0000] {logging_mixin.py:188} INFO - [2025-12-30T20:00:24.735+0000] {dag.py:3036} INFO - Sync 1 DAGs
[2025-12-30T20:00:24.757+0000] {logging_mixin.py:188} INFO - [2025-12-30T20:00:24.757+0000] {dag.py:3823} INFO - Setting next_dagrun for ml_models to 2025-12-29 00:00:00+00:00, run_after=2025-12-30 00:00:00+00:00
[2025-12-30T20:00:24.777+0000] {processor.py:183} INFO - Processing /opt/airflow/dags/ml_models.py took 0.099 seconds
[2025-12-30T20:00:55.213+0000] {processor.py:161} INFO - Started process (PID=12781) to work on /opt/airflow/dags/ml_models.py
[2025-12-30T20:00:55.215+0000] {processor.py:830} INFO - Processing file /opt/airflow/dags/ml_models.py for tasks to queue
[2025-12-30T20:00:55.216+0000] {logging_mixin.py:188} INFO - [2025-12-30T20:00:55.216+0000] {dagbag.py:538} INFO - Filling up the DagBag from /opt/airflow/dags/ml_models.py
[2025-12-30T20:00:55.239+0000] {processor.py:840} INFO - DAG(s) 'ml_models' retrieved from /opt/airflow/dags/ml_models.py
[2025-12-30T20:00:55.267+0000] {logging_mixin.py:188} INFO - [2025-12-30T20:00:55.267+0000] {dag.py:3036} INFO - Sync 1 DAGs
[2025-12-30T20:00:55.290+0000] {logging_mixin.py:188} INFO - [2025-12-30T20:00:55.290+0000] {dag.py:3823} INFO - Setting next_dagrun for ml_models to 2025-12-29 00:00:00+00:00, run_after=2025-12-30 00:00:00+00:00
[2025-12-30T20:00:55.312+0000] {processor.py:183} INFO - Processing /opt/airflow/dags/ml_models.py took 0.104 seconds
[2025-12-30T20:01:25.720+0000] {processor.py:161} INFO - Started process (PID=12801) to work on /opt/airflow/dags/ml_models.py
[2025-12-30T20:01:25.721+0000] {processor.py:830} INFO - Processing file /opt/airflow/dags/ml_models.py for tasks to queue
[2025-12-30T20:01:25.722+0000] {logging_mixin.py:188} INFO - [2025-12-30T20:01:25.722+0000] {dagbag.py:538} INFO - Filling up the DagBag from /opt/airflow/dags/ml_models.py
[2025-12-30T20:01:25.742+0000] {processor.py:840} INFO - DAG(s) 'ml_models' retrieved from /opt/airflow/dags/ml_models.py
[2025-12-30T20:01:25.770+0000] {logging_mixin.py:188} INFO - [2025-12-30T20:01:25.770+0000] {dag.py:3036} INFO - Sync 1 DAGs
[2025-12-30T20:01:25.792+0000] {logging_mixin.py:188} INFO - [2025-12-30T20:01:25.792+0000] {dag.py:3823} INFO - Setting next_dagrun for ml_models to 2025-12-29 00:00:00+00:00, run_after=2025-12-30 00:00:00+00:00
[2025-12-30T20:01:25.822+0000] {processor.py:183} INFO - Processing /opt/airflow/dags/ml_models.py took 0.107 seconds
[2025-12-30T20:01:56.240+0000] {processor.py:161} INFO - Started process (PID=12821) to work on /opt/airflow/dags/ml_models.py
[2025-12-30T20:01:56.241+0000] {processor.py:830} INFO - Processing file /opt/airflow/dags/ml_models.py for tasks to queue
[2025-12-30T20:01:56.242+0000] {logging_mixin.py:188} INFO - [2025-12-30T20:01:56.242+0000] {dagbag.py:538} INFO - Filling up the DagBag from /opt/airflow/dags/ml_models.py
[2025-12-30T20:01:56.264+0000] {processor.py:840} INFO - DAG(s) 'ml_models' retrieved from /opt/airflow/dags/ml_models.py
[2025-12-30T20:01:56.292+0000] {logging_mixin.py:188} INFO - [2025-12-30T20:01:56.292+0000] {dag.py:3036} INFO - Sync 1 DAGs
[2025-12-30T20:01:56.316+0000] {logging_mixin.py:188} INFO - [2025-12-30T20:01:56.316+0000] {dag.py:3823} INFO - Setting next_dagrun for ml_models to 2025-12-29 00:00:00+00:00, run_after=2025-12-30 00:00:00+00:00
[2025-12-30T20:01:56.337+0000] {processor.py:183} INFO - Processing /opt/airflow/dags/ml_models.py took 0.101 seconds
[2025-12-30T20:02:26.744+0000] {processor.py:161} INFO - Started process (PID=12841) to work on /opt/airflow/dags/ml_models.py
[2025-12-30T20:02:26.746+0000] {processor.py:830} INFO - Processing file /opt/airflow/dags/ml_models.py for tasks to queue
[2025-12-30T20:02:26.747+0000] {logging_mixin.py:188} INFO - [2025-12-30T20:02:26.747+0000] {dagbag.py:538} INFO - Filling up the DagBag from /opt/airflow/dags/ml_models.py
[2025-12-30T20:02:26.769+0000] {processor.py:840} INFO - DAG(s) 'ml_models' retrieved from /opt/airflow/dags/ml_models.py
[2025-12-30T20:02:26.797+0000] {logging_mixin.py:188} INFO - [2025-12-30T20:02:26.796+0000] {dag.py:3036} INFO - Sync 1 DAGs
[2025-12-30T20:02:26.821+0000] {logging_mixin.py:188} INFO - [2025-12-30T20:02:26.821+0000] {dag.py:3823} INFO - Setting next_dagrun for ml_models to 2025-12-29 00:00:00+00:00, run_after=2025-12-30 00:00:00+00:00
[2025-12-30T20:02:26.841+0000] {processor.py:183} INFO - Processing /opt/airflow/dags/ml_models.py took 0.101 seconds
[2025-12-30T20:02:57.263+0000] {processor.py:161} INFO - Started process (PID=12861) to work on /opt/airflow/dags/ml_models.py
[2025-12-30T20:02:57.265+0000] {processor.py:830} INFO - Processing file /opt/airflow/dags/ml_models.py for tasks to queue
[2025-12-30T20:02:57.267+0000] {logging_mixin.py:188} INFO - [2025-12-30T20:02:57.266+0000] {dagbag.py:538} INFO - Filling up the DagBag from /opt/airflow/dags/ml_models.py
[2025-12-30T20:02:57.291+0000] {processor.py:840} INFO - DAG(s) 'ml_models' retrieved from /opt/airflow/dags/ml_models.py
[2025-12-30T20:02:57.318+0000] {logging_mixin.py:188} INFO - [2025-12-30T20:02:57.317+0000] {dag.py:3036} INFO - Sync 1 DAGs
[2025-12-30T20:02:57.341+0000] {logging_mixin.py:188} INFO - [2025-12-30T20:02:57.340+0000] {dag.py:3823} INFO - Setting next_dagrun for ml_models to 2025-12-29 00:00:00+00:00, run_after=2025-12-30 00:00:00+00:00
[2025-12-30T20:02:57.362+0000] {processor.py:183} INFO - Processing /opt/airflow/dags/ml_models.py took 0.104 seconds
[2025-12-30T20:03:27.774+0000] {processor.py:161} INFO - Started process (PID=12881) to work on /opt/airflow/dags/ml_models.py
[2025-12-30T20:03:27.775+0000] {processor.py:830} INFO - Processing file /opt/airflow/dags/ml_models.py for tasks to queue
[2025-12-30T20:03:27.776+0000] {logging_mixin.py:188} INFO - [2025-12-30T20:03:27.776+0000] {dagbag.py:538} INFO - Filling up the DagBag from /opt/airflow/dags/ml_models.py
[2025-12-30T20:03:27.799+0000] {processor.py:840} INFO - DAG(s) 'ml_models' retrieved from /opt/airflow/dags/ml_models.py
[2025-12-30T20:03:27.827+0000] {logging_mixin.py:188} INFO - [2025-12-30T20:03:27.826+0000] {dag.py:3036} INFO - Sync 1 DAGs
[2025-12-30T20:03:27.849+0000] {logging_mixin.py:188} INFO - [2025-12-30T20:03:27.848+0000] {dag.py:3823} INFO - Setting next_dagrun for ml_models to 2025-12-29 00:00:00+00:00, run_after=2025-12-30 00:00:00+00:00
[2025-12-30T20:03:27.869+0000] {processor.py:183} INFO - Processing /opt/airflow/dags/ml_models.py took 0.099 seconds
[2025-12-30T20:03:58.283+0000] {processor.py:161} INFO - Started process (PID=12901) to work on /opt/airflow/dags/ml_models.py
[2025-12-30T20:03:58.285+0000] {processor.py:830} INFO - Processing file /opt/airflow/dags/ml_models.py for tasks to queue
[2025-12-30T20:03:58.286+0000] {logging_mixin.py:188} INFO - [2025-12-30T20:03:58.285+0000] {dagbag.py:538} INFO - Filling up the DagBag from /opt/airflow/dags/ml_models.py
[2025-12-30T20:03:58.307+0000] {processor.py:840} INFO - DAG(s) 'ml_models' retrieved from /opt/airflow/dags/ml_models.py
[2025-12-30T20:03:58.334+0000] {logging_mixin.py:188} INFO - [2025-12-30T20:03:58.334+0000] {dag.py:3036} INFO - Sync 1 DAGs
[2025-12-30T20:03:58.357+0000] {logging_mixin.py:188} INFO - [2025-12-30T20:03:58.356+0000] {dag.py:3823} INFO - Setting next_dagrun for ml_models to 2025-12-29 00:00:00+00:00, run_after=2025-12-30 00:00:00+00:00
[2025-12-30T20:03:58.386+0000] {processor.py:183} INFO - Processing /opt/airflow/dags/ml_models.py took 0.107 seconds
[2025-12-30T20:04:28.791+0000] {processor.py:161} INFO - Started process (PID=12921) to work on /opt/airflow/dags/ml_models.py
[2025-12-30T20:04:28.792+0000] {processor.py:830} INFO - Processing file /opt/airflow/dags/ml_models.py for tasks to queue
[2025-12-30T20:04:28.794+0000] {logging_mixin.py:188} INFO - [2025-12-30T20:04:28.793+0000] {dagbag.py:538} INFO - Filling up the DagBag from /opt/airflow/dags/ml_models.py
[2025-12-30T20:04:28.816+0000] {processor.py:840} INFO - DAG(s) 'ml_models' retrieved from /opt/airflow/dags/ml_models.py
[2025-12-30T20:04:28.842+0000] {logging_mixin.py:188} INFO - [2025-12-30T20:04:28.842+0000] {dag.py:3036} INFO - Sync 1 DAGs
[2025-12-30T20:04:28.864+0000] {logging_mixin.py:188} INFO - [2025-12-30T20:04:28.863+0000] {dag.py:3823} INFO - Setting next_dagrun for ml_models to 2025-12-29 00:00:00+00:00, run_after=2025-12-30 00:00:00+00:00
[2025-12-30T20:04:28.883+0000] {processor.py:183} INFO - Processing /opt/airflow/dags/ml_models.py took 0.096 seconds
[2025-12-30T20:04:59.307+0000] {processor.py:161} INFO - Started process (PID=12941) to work on /opt/airflow/dags/ml_models.py
[2025-12-30T20:04:59.309+0000] {processor.py:830} INFO - Processing file /opt/airflow/dags/ml_models.py for tasks to queue
[2025-12-30T20:04:59.310+0000] {logging_mixin.py:188} INFO - [2025-12-30T20:04:59.309+0000] {dagbag.py:538} INFO - Filling up the DagBag from /opt/airflow/dags/ml_models.py
[2025-12-30T20:04:59.332+0000] {processor.py:840} INFO - DAG(s) 'ml_models' retrieved from /opt/airflow/dags/ml_models.py
[2025-12-30T20:04:59.359+0000] {logging_mixin.py:188} INFO - [2025-12-30T20:04:59.359+0000] {dag.py:3036} INFO - Sync 1 DAGs
[2025-12-30T20:04:59.382+0000] {logging_mixin.py:188} INFO - [2025-12-30T20:04:59.381+0000] {dag.py:3823} INFO - Setting next_dagrun for ml_models to 2025-12-29 00:00:00+00:00, run_after=2025-12-30 00:00:00+00:00
[2025-12-30T20:04:59.402+0000] {processor.py:183} INFO - Processing /opt/airflow/dags/ml_models.py took 0.100 seconds
[2025-12-30T20:05:29.880+0000] {processor.py:161} INFO - Started process (PID=12961) to work on /opt/airflow/dags/ml_models.py
[2025-12-30T20:05:29.881+0000] {processor.py:830} INFO - Processing file /opt/airflow/dags/ml_models.py for tasks to queue
[2025-12-30T20:05:29.882+0000] {logging_mixin.py:188} INFO - [2025-12-30T20:05:29.882+0000] {dagbag.py:538} INFO - Filling up the DagBag from /opt/airflow/dags/ml_models.py
[2025-12-30T20:05:29.904+0000] {processor.py:840} INFO - DAG(s) 'ml_models' retrieved from /opt/airflow/dags/ml_models.py
[2025-12-30T20:05:29.932+0000] {logging_mixin.py:188} INFO - [2025-12-30T20:05:29.932+0000] {dag.py:3036} INFO - Sync 1 DAGs
[2025-12-30T20:05:29.955+0000] {logging_mixin.py:188} INFO - [2025-12-30T20:05:29.954+0000] {dag.py:3823} INFO - Setting next_dagrun for ml_models to 2025-12-29 00:00:00+00:00, run_after=2025-12-30 00:00:00+00:00
[2025-12-30T20:05:29.975+0000] {processor.py:183} INFO - Processing /opt/airflow/dags/ml_models.py took 0.099 seconds
[2025-12-30T20:06:00.411+0000] {processor.py:161} INFO - Started process (PID=12981) to work on /opt/airflow/dags/ml_models.py
[2025-12-30T20:06:00.412+0000] {processor.py:830} INFO - Processing file /opt/airflow/dags/ml_models.py for tasks to queue
[2025-12-30T20:06:00.414+0000] {logging_mixin.py:188} INFO - [2025-12-30T20:06:00.414+0000] {dagbag.py:538} INFO - Filling up the DagBag from /opt/airflow/dags/ml_models.py
[2025-12-30T20:06:00.436+0000] {processor.py:840} INFO - DAG(s) 'ml_models' retrieved from /opt/airflow/dags/ml_models.py
[2025-12-30T20:06:00.465+0000] {logging_mixin.py:188} INFO - [2025-12-30T20:06:00.465+0000] {dag.py:3036} INFO - Sync 1 DAGs
[2025-12-30T20:06:00.490+0000] {logging_mixin.py:188} INFO - [2025-12-30T20:06:00.489+0000] {dag.py:3823} INFO - Setting next_dagrun for ml_models to 2025-12-29 00:00:00+00:00, run_after=2025-12-30 00:00:00+00:00
[2025-12-30T20:06:00.522+0000] {processor.py:183} INFO - Processing /opt/airflow/dags/ml_models.py took 0.116 seconds
[2025-12-30T20:06:30.939+0000] {processor.py:161} INFO - Started process (PID=13001) to work on /opt/airflow/dags/ml_models.py
[2025-12-30T20:06:30.940+0000] {processor.py:830} INFO - Processing file /opt/airflow/dags/ml_models.py for tasks to queue
[2025-12-30T20:06:30.941+0000] {logging_mixin.py:188} INFO - [2025-12-30T20:06:30.940+0000] {dagbag.py:538} INFO - Filling up the DagBag from /opt/airflow/dags/ml_models.py
[2025-12-30T20:06:30.963+0000] {processor.py:840} INFO - DAG(s) 'ml_models' retrieved from /opt/airflow/dags/ml_models.py
[2025-12-30T20:06:30.991+0000] {logging_mixin.py:188} INFO - [2025-12-30T20:06:30.991+0000] {dag.py:3036} INFO - Sync 1 DAGs
[2025-12-30T20:06:31.014+0000] {logging_mixin.py:188} INFO - [2025-12-30T20:06:31.014+0000] {dag.py:3823} INFO - Setting next_dagrun for ml_models to 2025-12-29 00:00:00+00:00, run_after=2025-12-30 00:00:00+00:00
[2025-12-30T20:06:31.046+0000] {processor.py:183} INFO - Processing /opt/airflow/dags/ml_models.py took 0.111 seconds
[2025-12-30T20:07:01.465+0000] {processor.py:161} INFO - Started process (PID=13021) to work on /opt/airflow/dags/ml_models.py
[2025-12-30T20:07:01.466+0000] {processor.py:830} INFO - Processing file /opt/airflow/dags/ml_models.py for tasks to queue
[2025-12-30T20:07:01.468+0000] {logging_mixin.py:188} INFO - [2025-12-30T20:07:01.467+0000] {dagbag.py:538} INFO - Filling up the DagBag from /opt/airflow/dags/ml_models.py
[2025-12-30T20:07:01.490+0000] {processor.py:840} INFO - DAG(s) 'ml_models' retrieved from /opt/airflow/dags/ml_models.py
[2025-12-30T20:07:01.519+0000] {logging_mixin.py:188} INFO - [2025-12-30T20:07:01.518+0000] {dag.py:3036} INFO - Sync 1 DAGs
[2025-12-30T20:07:01.541+0000] {logging_mixin.py:188} INFO - [2025-12-30T20:07:01.540+0000] {dag.py:3823} INFO - Setting next_dagrun for ml_models to 2025-12-29 00:00:00+00:00, run_after=2025-12-30 00:00:00+00:00
[2025-12-30T20:07:01.562+0000] {processor.py:183} INFO - Processing /opt/airflow/dags/ml_models.py took 0.101 seconds
[2025-12-30T20:07:31.995+0000] {processor.py:161} INFO - Started process (PID=13041) to work on /opt/airflow/dags/ml_models.py
[2025-12-30T20:07:31.997+0000] {processor.py:830} INFO - Processing file /opt/airflow/dags/ml_models.py for tasks to queue
[2025-12-30T20:07:31.998+0000] {logging_mixin.py:188} INFO - [2025-12-30T20:07:31.998+0000] {dagbag.py:538} INFO - Filling up the DagBag from /opt/airflow/dags/ml_models.py
[2025-12-30T20:07:32.021+0000] {processor.py:840} INFO - DAG(s) 'ml_models' retrieved from /opt/airflow/dags/ml_models.py
[2025-12-30T20:07:32.047+0000] {logging_mixin.py:188} INFO - [2025-12-30T20:07:32.047+0000] {dag.py:3036} INFO - Sync 1 DAGs
[2025-12-30T20:07:32.070+0000] {logging_mixin.py:188} INFO - [2025-12-30T20:07:32.070+0000] {dag.py:3823} INFO - Setting next_dagrun for ml_models to 2025-12-29 00:00:00+00:00, run_after=2025-12-30 00:00:00+00:00
[2025-12-30T20:07:32.090+0000] {processor.py:183} INFO - Processing /opt/airflow/dags/ml_models.py took 0.099 seconds
[2025-12-30T20:08:02.520+0000] {processor.py:161} INFO - Started process (PID=13061) to work on /opt/airflow/dags/ml_models.py
[2025-12-30T20:08:02.521+0000] {processor.py:830} INFO - Processing file /opt/airflow/dags/ml_models.py for tasks to queue
[2025-12-30T20:08:02.523+0000] {logging_mixin.py:188} INFO - [2025-12-30T20:08:02.522+0000] {dagbag.py:538} INFO - Filling up the DagBag from /opt/airflow/dags/ml_models.py
[2025-12-30T20:08:02.544+0000] {processor.py:840} INFO - DAG(s) 'ml_models' retrieved from /opt/airflow/dags/ml_models.py
[2025-12-30T20:08:02.572+0000] {logging_mixin.py:188} INFO - [2025-12-30T20:08:02.571+0000] {dag.py:3036} INFO - Sync 1 DAGs
[2025-12-30T20:08:02.593+0000] {logging_mixin.py:188} INFO - [2025-12-30T20:08:02.593+0000] {dag.py:3823} INFO - Setting next_dagrun for ml_models to 2025-12-29 00:00:00+00:00, run_after=2025-12-30 00:00:00+00:00
[2025-12-30T20:08:02.611+0000] {processor.py:183} INFO - Processing /opt/airflow/dags/ml_models.py took 0.096 seconds
[2025-12-30T20:08:33.044+0000] {processor.py:161} INFO - Started process (PID=13081) to work on /opt/airflow/dags/ml_models.py
[2025-12-30T20:08:33.045+0000] {processor.py:830} INFO - Processing file /opt/airflow/dags/ml_models.py for tasks to queue
[2025-12-30T20:08:33.046+0000] {logging_mixin.py:188} INFO - [2025-12-30T20:08:33.046+0000] {dagbag.py:538} INFO - Filling up the DagBag from /opt/airflow/dags/ml_models.py
[2025-12-30T20:08:33.069+0000] {processor.py:840} INFO - DAG(s) 'ml_models' retrieved from /opt/airflow/dags/ml_models.py
[2025-12-30T20:08:33.096+0000] {logging_mixin.py:188} INFO - [2025-12-30T20:08:33.096+0000] {dag.py:3036} INFO - Sync 1 DAGs
[2025-12-30T20:08:33.117+0000] {logging_mixin.py:188} INFO - [2025-12-30T20:08:33.117+0000] {dag.py:3823} INFO - Setting next_dagrun for ml_models to 2025-12-29 00:00:00+00:00, run_after=2025-12-30 00:00:00+00:00
[2025-12-30T20:08:33.148+0000] {processor.py:183} INFO - Processing /opt/airflow/dags/ml_models.py took 0.109 seconds
[2025-12-30T20:09:03.554+0000] {processor.py:161} INFO - Started process (PID=13101) to work on /opt/airflow/dags/ml_models.py
[2025-12-30T20:09:03.555+0000] {processor.py:830} INFO - Processing file /opt/airflow/dags/ml_models.py for tasks to queue
[2025-12-30T20:09:03.556+0000] {logging_mixin.py:188} INFO - [2025-12-30T20:09:03.556+0000] {dagbag.py:538} INFO - Filling up the DagBag from /opt/airflow/dags/ml_models.py
[2025-12-30T20:09:03.578+0000] {processor.py:840} INFO - DAG(s) 'ml_models' retrieved from /opt/airflow/dags/ml_models.py
[2025-12-30T20:09:03.606+0000] {logging_mixin.py:188} INFO - [2025-12-30T20:09:03.606+0000] {dag.py:3036} INFO - Sync 1 DAGs
[2025-12-30T20:09:03.628+0000] {logging_mixin.py:188} INFO - [2025-12-30T20:09:03.628+0000] {dag.py:3823} INFO - Setting next_dagrun for ml_models to 2025-12-29 00:00:00+00:00, run_after=2025-12-30 00:00:00+00:00
[2025-12-30T20:09:03.646+0000] {processor.py:183} INFO - Processing /opt/airflow/dags/ml_models.py took 0.096 seconds
[2025-12-30T20:09:34.071+0000] {processor.py:161} INFO - Started process (PID=13121) to work on /opt/airflow/dags/ml_models.py
[2025-12-30T20:09:34.073+0000] {processor.py:830} INFO - Processing file /opt/airflow/dags/ml_models.py for tasks to queue
[2025-12-30T20:09:34.074+0000] {logging_mixin.py:188} INFO - [2025-12-30T20:09:34.074+0000] {dagbag.py:538} INFO - Filling up the DagBag from /opt/airflow/dags/ml_models.py
[2025-12-30T20:09:34.095+0000] {processor.py:840} INFO - DAG(s) 'ml_models' retrieved from /opt/airflow/dags/ml_models.py
[2025-12-30T20:09:34.123+0000] {logging_mixin.py:188} INFO - [2025-12-30T20:09:34.123+0000] {dag.py:3036} INFO - Sync 1 DAGs
[2025-12-30T20:09:34.145+0000] {logging_mixin.py:188} INFO - [2025-12-30T20:09:34.144+0000] {dag.py:3823} INFO - Setting next_dagrun for ml_models to 2025-12-29 00:00:00+00:00, run_after=2025-12-30 00:00:00+00:00
[2025-12-30T20:09:34.164+0000] {processor.py:183} INFO - Processing /opt/airflow/dags/ml_models.py took 0.096 seconds
[2025-12-30T20:10:04.577+0000] {processor.py:161} INFO - Started process (PID=13141) to work on /opt/airflow/dags/ml_models.py
[2025-12-30T20:10:04.579+0000] {processor.py:830} INFO - Processing file /opt/airflow/dags/ml_models.py for tasks to queue
[2025-12-30T20:10:04.580+0000] {logging_mixin.py:188} INFO - [2025-12-30T20:10:04.580+0000] {dagbag.py:538} INFO - Filling up the DagBag from /opt/airflow/dags/ml_models.py
[2025-12-30T20:10:04.602+0000] {processor.py:840} INFO - DAG(s) 'ml_models' retrieved from /opt/airflow/dags/ml_models.py
[2025-12-30T20:10:04.629+0000] {logging_mixin.py:188} INFO - [2025-12-30T20:10:04.629+0000] {dag.py:3036} INFO - Sync 1 DAGs
[2025-12-30T20:10:04.650+0000] {logging_mixin.py:188} INFO - [2025-12-30T20:10:04.650+0000] {dag.py:3823} INFO - Setting next_dagrun for ml_models to 2025-12-29 00:00:00+00:00, run_after=2025-12-30 00:00:00+00:00
[2025-12-30T20:10:04.682+0000] {processor.py:183} INFO - Processing /opt/airflow/dags/ml_models.py took 0.109 seconds
[2025-12-30T20:10:35.098+0000] {processor.py:161} INFO - Started process (PID=13161) to work on /opt/airflow/dags/ml_models.py
[2025-12-30T20:10:35.100+0000] {processor.py:830} INFO - Processing file /opt/airflow/dags/ml_models.py for tasks to queue
[2025-12-30T20:10:35.100+0000] {logging_mixin.py:188} INFO - [2025-12-30T20:10:35.100+0000] {dagbag.py:538} INFO - Filling up the DagBag from /opt/airflow/dags/ml_models.py
[2025-12-30T20:10:35.123+0000] {processor.py:840} INFO - DAG(s) 'ml_models' retrieved from /opt/airflow/dags/ml_models.py
[2025-12-30T20:10:35.150+0000] {logging_mixin.py:188} INFO - [2025-12-30T20:10:35.150+0000] {dag.py:3036} INFO - Sync 1 DAGs
[2025-12-30T20:10:35.172+0000] {logging_mixin.py:188} INFO - [2025-12-30T20:10:35.171+0000] {dag.py:3823} INFO - Setting next_dagrun for ml_models to 2025-12-29 00:00:00+00:00, run_after=2025-12-30 00:00:00+00:00
[2025-12-30T20:10:35.201+0000] {processor.py:183} INFO - Processing /opt/airflow/dags/ml_models.py took 0.106 seconds
[2025-12-30T20:11:05.606+0000] {processor.py:161} INFO - Started process (PID=13181) to work on /opt/airflow/dags/ml_models.py
[2025-12-30T20:11:05.608+0000] {processor.py:830} INFO - Processing file /opt/airflow/dags/ml_models.py for tasks to queue
[2025-12-30T20:11:05.609+0000] {logging_mixin.py:188} INFO - [2025-12-30T20:11:05.608+0000] {dagbag.py:538} INFO - Filling up the DagBag from /opt/airflow/dags/ml_models.py
[2025-12-30T20:11:05.631+0000] {processor.py:840} INFO - DAG(s) 'ml_models' retrieved from /opt/airflow/dags/ml_models.py
[2025-12-30T20:11:05.659+0000] {logging_mixin.py:188} INFO - [2025-12-30T20:11:05.658+0000] {dag.py:3036} INFO - Sync 1 DAGs
[2025-12-30T20:11:05.681+0000] {logging_mixin.py:188} INFO - [2025-12-30T20:11:05.681+0000] {dag.py:3823} INFO - Setting next_dagrun for ml_models to 2025-12-29 00:00:00+00:00, run_after=2025-12-30 00:00:00+00:00
[2025-12-30T20:11:05.702+0000] {processor.py:183} INFO - Processing /opt/airflow/dags/ml_models.py took 0.099 seconds
[2025-12-30T20:11:36.111+0000] {processor.py:161} INFO - Started process (PID=13201) to work on /opt/airflow/dags/ml_models.py
[2025-12-30T20:11:36.112+0000] {processor.py:830} INFO - Processing file /opt/airflow/dags/ml_models.py for tasks to queue
[2025-12-30T20:11:36.113+0000] {logging_mixin.py:188} INFO - [2025-12-30T20:11:36.113+0000] {dagbag.py:538} INFO - Filling up the DagBag from /opt/airflow/dags/ml_models.py
[2025-12-30T20:11:36.135+0000] {processor.py:840} INFO - DAG(s) 'ml_models' retrieved from /opt/airflow/dags/ml_models.py
[2025-12-30T20:11:36.169+0000] {logging_mixin.py:188} INFO - [2025-12-30T20:11:36.168+0000] {dag.py:3036} INFO - Sync 1 DAGs
[2025-12-30T20:11:36.196+0000] {logging_mixin.py:188} INFO - [2025-12-30T20:11:36.196+0000] {dag.py:3823} INFO - Setting next_dagrun for ml_models to 2025-12-29 00:00:00+00:00, run_after=2025-12-30 00:00:00+00:00
[2025-12-30T20:11:36.216+0000] {processor.py:183} INFO - Processing /opt/airflow/dags/ml_models.py took 0.109 seconds
[2025-12-30T20:12:06.635+0000] {processor.py:161} INFO - Started process (PID=13221) to work on /opt/airflow/dags/ml_models.py
[2025-12-30T20:12:06.636+0000] {processor.py:830} INFO - Processing file /opt/airflow/dags/ml_models.py for tasks to queue
[2025-12-30T20:12:06.637+0000] {logging_mixin.py:188} INFO - [2025-12-30T20:12:06.637+0000] {dagbag.py:538} INFO - Filling up the DagBag from /opt/airflow/dags/ml_models.py
[2025-12-30T20:12:06.658+0000] {processor.py:840} INFO - DAG(s) 'ml_models' retrieved from /opt/airflow/dags/ml_models.py
[2025-12-30T20:12:06.685+0000] {logging_mixin.py:188} INFO - [2025-12-30T20:12:06.685+0000] {dag.py:3036} INFO - Sync 1 DAGs
[2025-12-30T20:12:06.708+0000] {logging_mixin.py:188} INFO - [2025-12-30T20:12:06.708+0000] {dag.py:3823} INFO - Setting next_dagrun for ml_models to 2025-12-29 00:00:00+00:00, run_after=2025-12-30 00:00:00+00:00
[2025-12-30T20:12:06.728+0000] {processor.py:183} INFO - Processing /opt/airflow/dags/ml_models.py took 0.097 seconds
[2025-12-30T20:12:37.153+0000] {processor.py:161} INFO - Started process (PID=13241) to work on /opt/airflow/dags/ml_models.py
[2025-12-30T20:12:37.154+0000] {processor.py:830} INFO - Processing file /opt/airflow/dags/ml_models.py for tasks to queue
[2025-12-30T20:12:37.156+0000] {logging_mixin.py:188} INFO - [2025-12-30T20:12:37.155+0000] {dagbag.py:538} INFO - Filling up the DagBag from /opt/airflow/dags/ml_models.py
[2025-12-30T20:12:37.179+0000] {processor.py:840} INFO - DAG(s) 'ml_models' retrieved from /opt/airflow/dags/ml_models.py
[2025-12-30T20:12:37.205+0000] {logging_mixin.py:188} INFO - [2025-12-30T20:12:37.205+0000] {dag.py:3036} INFO - Sync 1 DAGs
[2025-12-30T20:12:37.228+0000] {logging_mixin.py:188} INFO - [2025-12-30T20:12:37.227+0000] {dag.py:3823} INFO - Setting next_dagrun for ml_models to 2025-12-29 00:00:00+00:00, run_after=2025-12-30 00:00:00+00:00
[2025-12-30T20:12:37.246+0000] {processor.py:183} INFO - Processing /opt/airflow/dags/ml_models.py took 0.097 seconds
[2025-12-30T20:13:07.666+0000] {processor.py:161} INFO - Started process (PID=13261) to work on /opt/airflow/dags/ml_models.py
[2025-12-30T20:13:07.668+0000] {processor.py:830} INFO - Processing file /opt/airflow/dags/ml_models.py for tasks to queue
[2025-12-30T20:13:07.669+0000] {logging_mixin.py:188} INFO - [2025-12-30T20:13:07.668+0000] {dagbag.py:538} INFO - Filling up the DagBag from /opt/airflow/dags/ml_models.py
[2025-12-30T20:13:07.692+0000] {processor.py:840} INFO - DAG(s) 'ml_models' retrieved from /opt/airflow/dags/ml_models.py
[2025-12-30T20:13:07.719+0000] {logging_mixin.py:188} INFO - [2025-12-30T20:13:07.719+0000] {dag.py:3036} INFO - Sync 1 DAGs
[2025-12-30T20:13:07.740+0000] {logging_mixin.py:188} INFO - [2025-12-30T20:13:07.740+0000] {dag.py:3823} INFO - Setting next_dagrun for ml_models to 2025-12-29 00:00:00+00:00, run_after=2025-12-30 00:00:00+00:00
[2025-12-30T20:13:07.771+0000] {processor.py:183} INFO - Processing /opt/airflow/dags/ml_models.py took 0.109 seconds
[2025-12-30T20:13:38.169+0000] {processor.py:161} INFO - Started process (PID=13281) to work on /opt/airflow/dags/ml_models.py
[2025-12-30T20:13:38.170+0000] {processor.py:830} INFO - Processing file /opt/airflow/dags/ml_models.py for tasks to queue
[2025-12-30T20:13:38.171+0000] {logging_mixin.py:188} INFO - [2025-12-30T20:13:38.171+0000] {dagbag.py:538} INFO - Filling up the DagBag from /opt/airflow/dags/ml_models.py
[2025-12-30T20:13:38.193+0000] {processor.py:840} INFO - DAG(s) 'ml_models' retrieved from /opt/airflow/dags/ml_models.py
[2025-12-30T20:13:38.220+0000] {logging_mixin.py:188} INFO - [2025-12-30T20:13:38.219+0000] {dag.py:3036} INFO - Sync 1 DAGs
[2025-12-30T20:13:38.242+0000] {logging_mixin.py:188} INFO - [2025-12-30T20:13:38.242+0000] {dag.py:3823} INFO - Setting next_dagrun for ml_models to 2025-12-29 00:00:00+00:00, run_after=2025-12-30 00:00:00+00:00
[2025-12-30T20:13:38.262+0000] {processor.py:183} INFO - Processing /opt/airflow/dags/ml_models.py took 0.097 seconds
[2025-12-30T20:14:08.683+0000] {processor.py:161} INFO - Started process (PID=13301) to work on /opt/airflow/dags/ml_models.py
[2025-12-30T20:14:08.685+0000] {processor.py:830} INFO - Processing file /opt/airflow/dags/ml_models.py for tasks to queue
[2025-12-30T20:14:08.686+0000] {logging_mixin.py:188} INFO - [2025-12-30T20:14:08.685+0000] {dagbag.py:538} INFO - Filling up the DagBag from /opt/airflow/dags/ml_models.py
[2025-12-30T20:14:08.708+0000] {processor.py:840} INFO - DAG(s) 'ml_models' retrieved from /opt/airflow/dags/ml_models.py
[2025-12-30T20:14:08.735+0000] {logging_mixin.py:188} INFO - [2025-12-30T20:14:08.735+0000] {dag.py:3036} INFO - Sync 1 DAGs
[2025-12-30T20:14:08.757+0000] {logging_mixin.py:188} INFO - [2025-12-30T20:14:08.756+0000] {dag.py:3823} INFO - Setting next_dagrun for ml_models to 2025-12-29 00:00:00+00:00, run_after=2025-12-30 00:00:00+00:00
[2025-12-30T20:14:08.787+0000] {processor.py:183} INFO - Processing /opt/airflow/dags/ml_models.py took 0.107 seconds
[2025-12-30T20:14:39.190+0000] {processor.py:161} INFO - Started process (PID=13321) to work on /opt/airflow/dags/ml_models.py
[2025-12-30T20:14:39.191+0000] {processor.py:830} INFO - Processing file /opt/airflow/dags/ml_models.py for tasks to queue
[2025-12-30T20:14:39.192+0000] {logging_mixin.py:188} INFO - [2025-12-30T20:14:39.192+0000] {dagbag.py:538} INFO - Filling up the DagBag from /opt/airflow/dags/ml_models.py
[2025-12-30T20:14:39.214+0000] {processor.py:840} INFO - DAG(s) 'ml_models' retrieved from /opt/airflow/dags/ml_models.py
[2025-12-30T20:14:39.242+0000] {logging_mixin.py:188} INFO - [2025-12-30T20:14:39.241+0000] {dag.py:3036} INFO - Sync 1 DAGs
[2025-12-30T20:14:39.265+0000] {logging_mixin.py:188} INFO - [2025-12-30T20:14:39.265+0000] {dag.py:3823} INFO - Setting next_dagrun for ml_models to 2025-12-29 00:00:00+00:00, run_after=2025-12-30 00:00:00+00:00
[2025-12-30T20:14:39.298+0000] {processor.py:183} INFO - Processing /opt/airflow/dags/ml_models.py took 0.112 seconds
[2025-12-30T20:15:09.770+0000] {processor.py:161} INFO - Started process (PID=13341) to work on /opt/airflow/dags/ml_models.py
[2025-12-30T20:15:09.771+0000] {processor.py:830} INFO - Processing file /opt/airflow/dags/ml_models.py for tasks to queue
[2025-12-30T20:15:09.773+0000] {logging_mixin.py:188} INFO - [2025-12-30T20:15:09.772+0000] {dagbag.py:538} INFO - Filling up the DagBag from /opt/airflow/dags/ml_models.py
[2025-12-30T20:15:09.794+0000] {processor.py:840} INFO - DAG(s) 'ml_models' retrieved from /opt/airflow/dags/ml_models.py
[2025-12-30T20:15:09.822+0000] {logging_mixin.py:188} INFO - [2025-12-30T20:15:09.822+0000] {dag.py:3036} INFO - Sync 1 DAGs
[2025-12-30T20:15:09.846+0000] {logging_mixin.py:188} INFO - [2025-12-30T20:15:09.846+0000] {dag.py:3823} INFO - Setting next_dagrun for ml_models to 2025-12-29 00:00:00+00:00, run_after=2025-12-30 00:00:00+00:00
[2025-12-30T20:15:09.876+0000] {processor.py:183} INFO - Processing /opt/airflow/dags/ml_models.py took 0.110 seconds
[2025-12-30T20:15:40.270+0000] {processor.py:161} INFO - Started process (PID=13361) to work on /opt/airflow/dags/ml_models.py
[2025-12-30T20:15:40.271+0000] {processor.py:830} INFO - Processing file /opt/airflow/dags/ml_models.py for tasks to queue
[2025-12-30T20:15:40.273+0000] {logging_mixin.py:188} INFO - [2025-12-30T20:15:40.272+0000] {dagbag.py:538} INFO - Filling up the DagBag from /opt/airflow/dags/ml_models.py
[2025-12-30T20:15:40.294+0000] {processor.py:840} INFO - DAG(s) 'ml_models' retrieved from /opt/airflow/dags/ml_models.py
[2025-12-30T20:15:40.321+0000] {logging_mixin.py:188} INFO - [2025-12-30T20:15:40.321+0000] {dag.py:3036} INFO - Sync 1 DAGs
[2025-12-30T20:15:40.343+0000] {logging_mixin.py:188} INFO - [2025-12-30T20:15:40.343+0000] {dag.py:3823} INFO - Setting next_dagrun for ml_models to 2025-12-29 00:00:00+00:00, run_after=2025-12-30 00:00:00+00:00
[2025-12-30T20:15:40.372+0000] {processor.py:183} INFO - Processing /opt/airflow/dags/ml_models.py took 0.106 seconds
[2025-12-30T20:16:10.785+0000] {processor.py:161} INFO - Started process (PID=13381) to work on /opt/airflow/dags/ml_models.py
[2025-12-30T20:16:10.787+0000] {processor.py:830} INFO - Processing file /opt/airflow/dags/ml_models.py for tasks to queue
[2025-12-30T20:16:10.788+0000] {logging_mixin.py:188} INFO - [2025-12-30T20:16:10.788+0000] {dagbag.py:538} INFO - Filling up the DagBag from /opt/airflow/dags/ml_models.py
[2025-12-30T20:16:10.810+0000] {processor.py:840} INFO - DAG(s) 'ml_models' retrieved from /opt/airflow/dags/ml_models.py
[2025-12-30T20:16:10.838+0000] {logging_mixin.py:188} INFO - [2025-12-30T20:16:10.838+0000] {dag.py:3036} INFO - Sync 1 DAGs
[2025-12-30T20:16:10.859+0000] {logging_mixin.py:188} INFO - [2025-12-30T20:16:10.859+0000] {dag.py:3823} INFO - Setting next_dagrun for ml_models to 2025-12-29 00:00:00+00:00, run_after=2025-12-30 00:00:00+00:00
[2025-12-30T20:16:10.879+0000] {processor.py:183} INFO - Processing /opt/airflow/dags/ml_models.py took 0.097 seconds
[2025-12-30T20:16:41.313+0000] {processor.py:161} INFO - Started process (PID=13401) to work on /opt/airflow/dags/ml_models.py
[2025-12-30T20:16:41.314+0000] {processor.py:830} INFO - Processing file /opt/airflow/dags/ml_models.py for tasks to queue
[2025-12-30T20:16:41.315+0000] {logging_mixin.py:188} INFO - [2025-12-30T20:16:41.315+0000] {dagbag.py:538} INFO - Filling up the DagBag from /opt/airflow/dags/ml_models.py
[2025-12-30T20:16:41.338+0000] {processor.py:840} INFO - DAG(s) 'ml_models' retrieved from /opt/airflow/dags/ml_models.py
[2025-12-30T20:16:41.365+0000] {logging_mixin.py:188} INFO - [2025-12-30T20:16:41.364+0000] {dag.py:3036} INFO - Sync 1 DAGs
[2025-12-30T20:16:41.386+0000] {logging_mixin.py:188} INFO - [2025-12-30T20:16:41.386+0000] {dag.py:3823} INFO - Setting next_dagrun for ml_models to 2025-12-29 00:00:00+00:00, run_after=2025-12-30 00:00:00+00:00
[2025-12-30T20:16:41.405+0000] {processor.py:183} INFO - Processing /opt/airflow/dags/ml_models.py took 0.097 seconds
[2025-12-30T20:17:11.997+0000] {processor.py:161} INFO - Started process (PID=13421) to work on /opt/airflow/dags/ml_models.py
[2025-12-30T20:17:12.001+0000] {processor.py:830} INFO - Processing file /opt/airflow/dags/ml_models.py for tasks to queue
[2025-12-30T20:17:12.005+0000] {logging_mixin.py:188} INFO - [2025-12-30T20:17:12.004+0000] {dagbag.py:538} INFO - Filling up the DagBag from /opt/airflow/dags/ml_models.py
[2025-12-30T20:17:12.051+0000] {processor.py:840} INFO - DAG(s) 'ml_models' retrieved from /opt/airflow/dags/ml_models.py
[2025-12-30T20:17:12.104+0000] {logging_mixin.py:188} INFO - [2025-12-30T20:17:12.104+0000] {dag.py:3036} INFO - Sync 1 DAGs
[2025-12-30T20:17:12.147+0000] {logging_mixin.py:188} INFO - [2025-12-30T20:17:12.147+0000] {dag.py:3823} INFO - Setting next_dagrun for ml_models to 2025-12-29 00:00:00+00:00, run_after=2025-12-30 00:00:00+00:00
[2025-12-30T20:17:12.225+0000] {processor.py:183} INFO - Processing /opt/airflow/dags/ml_models.py took 0.242 seconds
