[2025-12-30T05:48:45.222+0000] {processor.py:161} INFO - Started process (PID=5902) to work on /opt/airflow/dags/prediction_features_pipeline.py
[2025-12-30T05:48:45.395+0000] {processor.py:830} INFO - Processing file /opt/airflow/dags/prediction_features_pipeline.py for tasks to queue
[2025-12-30T05:48:45.468+0000] {logging_mixin.py:188} INFO - [2025-12-30T05:48:45.463+0000] {dagbag.py:538} INFO - Filling up the DagBag from /opt/airflow/dags/prediction_features_pipeline.py
[2025-12-30T05:48:46.635+0000] {processor.py:840} INFO - DAG(s) 'match_features_pipeline' retrieved from /opt/airflow/dags/prediction_features_pipeline.py
[2025-12-30T05:48:50.893+0000] {logging_mixin.py:188} INFO - [2025-12-30T05:48:50.880+0000] {dag.py:3036} INFO - Sync 1 DAGs
[2025-12-30T05:48:52.539+0000] {logging_mixin.py:188} INFO - [2025-12-30T05:48:52.535+0000] {dag.py:3823} INFO - Setting next_dagrun for match_features_pipeline to 2025-12-29 00:00:00+00:00, run_after=2025-12-30 00:00:00+00:00
[2025-12-30T05:48:53.280+0000] {processor.py:183} INFO - Processing /opt/airflow/dags/prediction_features_pipeline.py took 8.170 seconds
[2025-12-30T17:04:53.187+0000] {processor.py:161} INFO - Started process (PID=5924) to work on /opt/airflow/dags/prediction_features_pipeline.py
[2025-12-30T17:04:53.196+0000] {processor.py:830} INFO - Processing file /opt/airflow/dags/prediction_features_pipeline.py for tasks to queue
[2025-12-30T17:04:53.229+0000] {logging_mixin.py:188} INFO - [2025-12-30T17:04:53.204+0000] {dagbag.py:538} INFO - Filling up the DagBag from /opt/airflow/dags/prediction_features_pipeline.py
[2025-12-30T17:04:53.416+0000] {processor.py:840} INFO - DAG(s) 'match_features_pipeline' retrieved from /opt/airflow/dags/prediction_features_pipeline.py
[2025-12-30T17:04:53.532+0000] {logging_mixin.py:188} INFO - [2025-12-30T17:04:53.521+0000] {dag.py:3036} INFO - Sync 1 DAGs
[2025-12-30T17:04:53.668+0000] {logging_mixin.py:188} INFO - [2025-12-30T17:04:53.657+0000] {dag.py:3823} INFO - Setting next_dagrun for match_features_pipeline to 2025-12-29 00:00:00+00:00, run_after=2025-12-30 00:00:00+00:00
[2025-12-30T17:04:53.771+0000] {processor.py:183} INFO - Processing /opt/airflow/dags/prediction_features_pipeline.py took 0.608 seconds
[2025-12-30T17:05:24.016+0000] {processor.py:161} INFO - Started process (PID=5944) to work on /opt/airflow/dags/prediction_features_pipeline.py
[2025-12-30T17:05:24.017+0000] {processor.py:830} INFO - Processing file /opt/airflow/dags/prediction_features_pipeline.py for tasks to queue
[2025-12-30T17:05:24.019+0000] {logging_mixin.py:188} INFO - [2025-12-30T17:05:24.019+0000] {dagbag.py:538} INFO - Filling up the DagBag from /opt/airflow/dags/prediction_features_pipeline.py
[2025-12-30T17:05:24.064+0000] {processor.py:840} INFO - DAG(s) 'match_features_pipeline' retrieved from /opt/airflow/dags/prediction_features_pipeline.py
[2025-12-30T17:05:24.124+0000] {logging_mixin.py:188} INFO - [2025-12-30T17:05:24.124+0000] {dag.py:3036} INFO - Sync 1 DAGs
[2025-12-30T17:05:24.170+0000] {logging_mixin.py:188} INFO - [2025-12-30T17:05:24.169+0000] {dag.py:3823} INFO - Setting next_dagrun for match_features_pipeline to 2025-12-29 00:00:00+00:00, run_after=2025-12-30 00:00:00+00:00
[2025-12-30T17:05:24.207+0000] {processor.py:183} INFO - Processing /opt/airflow/dags/prediction_features_pipeline.py took 0.202 seconds
[2025-12-30T17:05:54.464+0000] {processor.py:161} INFO - Started process (PID=5964) to work on /opt/airflow/dags/prediction_features_pipeline.py
[2025-12-30T17:05:54.466+0000] {processor.py:830} INFO - Processing file /opt/airflow/dags/prediction_features_pipeline.py for tasks to queue
[2025-12-30T17:05:54.468+0000] {logging_mixin.py:188} INFO - [2025-12-30T17:05:54.467+0000] {dagbag.py:538} INFO - Filling up the DagBag from /opt/airflow/dags/prediction_features_pipeline.py
[2025-12-30T17:05:54.502+0000] {processor.py:840} INFO - DAG(s) 'match_features_pipeline' retrieved from /opt/airflow/dags/prediction_features_pipeline.py
[2025-12-30T17:05:54.537+0000] {logging_mixin.py:188} INFO - [2025-12-30T17:05:54.537+0000] {dag.py:3036} INFO - Sync 1 DAGs
[2025-12-30T17:05:54.577+0000] {logging_mixin.py:188} INFO - [2025-12-30T17:05:54.576+0000] {dag.py:3823} INFO - Setting next_dagrun for match_features_pipeline to 2025-12-29 00:00:00+00:00, run_after=2025-12-30 00:00:00+00:00
[2025-12-30T17:05:54.606+0000] {processor.py:183} INFO - Processing /opt/airflow/dags/prediction_features_pipeline.py took 0.148 seconds
[2025-12-30T17:06:25.248+0000] {processor.py:161} INFO - Started process (PID=5984) to work on /opt/airflow/dags/prediction_features_pipeline.py
[2025-12-30T17:06:25.251+0000] {processor.py:830} INFO - Processing file /opt/airflow/dags/prediction_features_pipeline.py for tasks to queue
[2025-12-30T17:06:25.253+0000] {logging_mixin.py:188} INFO - [2025-12-30T17:06:25.252+0000] {dagbag.py:538} INFO - Filling up the DagBag from /opt/airflow/dags/prediction_features_pipeline.py
[2025-12-30T17:06:25.301+0000] {processor.py:840} INFO - DAG(s) 'match_features_pipeline' retrieved from /opt/airflow/dags/prediction_features_pipeline.py
[2025-12-30T17:06:25.360+0000] {logging_mixin.py:188} INFO - [2025-12-30T17:06:25.359+0000] {dag.py:3036} INFO - Sync 1 DAGs
[2025-12-30T17:06:25.412+0000] {logging_mixin.py:188} INFO - [2025-12-30T17:06:25.411+0000] {dag.py:3823} INFO - Setting next_dagrun for match_features_pipeline to 2025-12-29 00:00:00+00:00, run_after=2025-12-30 00:00:00+00:00
[2025-12-30T17:06:25.476+0000] {processor.py:183} INFO - Processing /opt/airflow/dags/prediction_features_pipeline.py took 0.238 seconds
[2025-12-30T17:06:56.050+0000] {processor.py:161} INFO - Started process (PID=6004) to work on /opt/airflow/dags/prediction_features_pipeline.py
[2025-12-30T17:06:56.053+0000] {processor.py:830} INFO - Processing file /opt/airflow/dags/prediction_features_pipeline.py for tasks to queue
[2025-12-30T17:06:56.059+0000] {logging_mixin.py:188} INFO - [2025-12-30T17:06:56.059+0000] {dagbag.py:538} INFO - Filling up the DagBag from /opt/airflow/dags/prediction_features_pipeline.py
[2025-12-30T17:06:56.113+0000] {processor.py:840} INFO - DAG(s) 'match_features_pipeline' retrieved from /opt/airflow/dags/prediction_features_pipeline.py
[2025-12-30T17:06:56.163+0000] {logging_mixin.py:188} INFO - [2025-12-30T17:06:56.162+0000] {dag.py:3036} INFO - Sync 1 DAGs
[2025-12-30T17:06:56.221+0000] {logging_mixin.py:188} INFO - [2025-12-30T17:06:56.220+0000] {dag.py:3823} INFO - Setting next_dagrun for match_features_pipeline to 2025-12-29 00:00:00+00:00, run_after=2025-12-30 00:00:00+00:00
[2025-12-30T17:06:56.262+0000] {processor.py:183} INFO - Processing /opt/airflow/dags/prediction_features_pipeline.py took 0.219 seconds
[2025-12-30T17:07:27.000+0000] {processor.py:161} INFO - Started process (PID=6024) to work on /opt/airflow/dags/prediction_features_pipeline.py
[2025-12-30T17:07:27.003+0000] {processor.py:830} INFO - Processing file /opt/airflow/dags/prediction_features_pipeline.py for tasks to queue
[2025-12-30T17:07:27.005+0000] {logging_mixin.py:188} INFO - [2025-12-30T17:07:27.005+0000] {dagbag.py:538} INFO - Filling up the DagBag from /opt/airflow/dags/prediction_features_pipeline.py
[2025-12-30T17:07:27.048+0000] {processor.py:840} INFO - DAG(s) 'match_features_pipeline' retrieved from /opt/airflow/dags/prediction_features_pipeline.py
[2025-12-30T17:07:27.093+0000] {logging_mixin.py:188} INFO - [2025-12-30T17:07:27.093+0000] {dag.py:3036} INFO - Sync 1 DAGs
[2025-12-30T17:07:27.133+0000] {logging_mixin.py:188} INFO - [2025-12-30T17:07:27.132+0000] {dag.py:3823} INFO - Setting next_dagrun for match_features_pipeline to 2025-12-29 00:00:00+00:00, run_after=2025-12-30 00:00:00+00:00
[2025-12-30T17:07:27.185+0000] {processor.py:183} INFO - Processing /opt/airflow/dags/prediction_features_pipeline.py took 0.190 seconds
[2025-12-30T17:07:57.693+0000] {processor.py:161} INFO - Started process (PID=6044) to work on /opt/airflow/dags/prediction_features_pipeline.py
[2025-12-30T17:07:57.696+0000] {processor.py:830} INFO - Processing file /opt/airflow/dags/prediction_features_pipeline.py for tasks to queue
[2025-12-30T17:07:57.698+0000] {logging_mixin.py:188} INFO - [2025-12-30T17:07:57.697+0000] {dagbag.py:538} INFO - Filling up the DagBag from /opt/airflow/dags/prediction_features_pipeline.py
[2025-12-30T17:07:57.739+0000] {processor.py:840} INFO - DAG(s) 'match_features_pipeline' retrieved from /opt/airflow/dags/prediction_features_pipeline.py
[2025-12-30T17:07:57.785+0000] {logging_mixin.py:188} INFO - [2025-12-30T17:07:57.785+0000] {dag.py:3036} INFO - Sync 1 DAGs
[2025-12-30T17:07:57.832+0000] {logging_mixin.py:188} INFO - [2025-12-30T17:07:57.831+0000] {dag.py:3823} INFO - Setting next_dagrun for match_features_pipeline to 2025-12-29 00:00:00+00:00, run_after=2025-12-30 00:00:00+00:00
[2025-12-30T17:07:57.873+0000] {processor.py:183} INFO - Processing /opt/airflow/dags/prediction_features_pipeline.py took 0.186 seconds
[2025-12-30T17:08:28.644+0000] {processor.py:161} INFO - Started process (PID=6064) to work on /opt/airflow/dags/prediction_features_pipeline.py
[2025-12-30T17:08:28.648+0000] {processor.py:830} INFO - Processing file /opt/airflow/dags/prediction_features_pipeline.py for tasks to queue
[2025-12-30T17:08:28.651+0000] {logging_mixin.py:188} INFO - [2025-12-30T17:08:28.650+0000] {dagbag.py:538} INFO - Filling up the DagBag from /opt/airflow/dags/prediction_features_pipeline.py
[2025-12-30T17:08:28.694+0000] {processor.py:840} INFO - DAG(s) 'match_features_pipeline' retrieved from /opt/airflow/dags/prediction_features_pipeline.py
[2025-12-30T17:08:28.743+0000] {logging_mixin.py:188} INFO - [2025-12-30T17:08:28.742+0000] {dag.py:3036} INFO - Sync 1 DAGs
[2025-12-30T17:08:28.786+0000] {logging_mixin.py:188} INFO - [2025-12-30T17:08:28.785+0000] {dag.py:3823} INFO - Setting next_dagrun for match_features_pipeline to 2025-12-29 00:00:00+00:00, run_after=2025-12-30 00:00:00+00:00
[2025-12-30T17:08:28.833+0000] {processor.py:183} INFO - Processing /opt/airflow/dags/prediction_features_pipeline.py took 0.199 seconds
[2025-12-30T17:08:59.335+0000] {processor.py:161} INFO - Started process (PID=6084) to work on /opt/airflow/dags/prediction_features_pipeline.py
[2025-12-30T17:08:59.339+0000] {processor.py:830} INFO - Processing file /opt/airflow/dags/prediction_features_pipeline.py for tasks to queue
[2025-12-30T17:08:59.341+0000] {logging_mixin.py:188} INFO - [2025-12-30T17:08:59.341+0000] {dagbag.py:538} INFO - Filling up the DagBag from /opt/airflow/dags/prediction_features_pipeline.py
[2025-12-30T17:08:59.386+0000] {processor.py:840} INFO - DAG(s) 'match_features_pipeline' retrieved from /opt/airflow/dags/prediction_features_pipeline.py
[2025-12-30T17:08:59.431+0000] {logging_mixin.py:188} INFO - [2025-12-30T17:08:59.430+0000] {dag.py:3036} INFO - Sync 1 DAGs
[2025-12-30T17:08:59.477+0000] {logging_mixin.py:188} INFO - [2025-12-30T17:08:59.477+0000] {dag.py:3823} INFO - Setting next_dagrun for match_features_pipeline to 2025-12-29 00:00:00+00:00, run_after=2025-12-30 00:00:00+00:00
[2025-12-30T17:08:59.513+0000] {processor.py:183} INFO - Processing /opt/airflow/dags/prediction_features_pipeline.py took 0.187 seconds
[2025-12-30T17:09:30.248+0000] {processor.py:161} INFO - Started process (PID=6104) to work on /opt/airflow/dags/prediction_features_pipeline.py
[2025-12-30T17:09:30.251+0000] {processor.py:830} INFO - Processing file /opt/airflow/dags/prediction_features_pipeline.py for tasks to queue
[2025-12-30T17:09:30.253+0000] {logging_mixin.py:188} INFO - [2025-12-30T17:09:30.252+0000] {dagbag.py:538} INFO - Filling up the DagBag from /opt/airflow/dags/prediction_features_pipeline.py
[2025-12-30T17:09:30.305+0000] {processor.py:840} INFO - DAG(s) 'match_features_pipeline' retrieved from /opt/airflow/dags/prediction_features_pipeline.py
[2025-12-30T17:09:30.362+0000] {logging_mixin.py:188} INFO - [2025-12-30T17:09:30.361+0000] {dag.py:3036} INFO - Sync 1 DAGs
[2025-12-30T17:09:30.420+0000] {logging_mixin.py:188} INFO - [2025-12-30T17:09:30.420+0000] {dag.py:3823} INFO - Setting next_dagrun for match_features_pipeline to 2025-12-29 00:00:00+00:00, run_after=2025-12-30 00:00:00+00:00
[2025-12-30T17:09:30.486+0000] {processor.py:183} INFO - Processing /opt/airflow/dags/prediction_features_pipeline.py took 0.248 seconds
[2025-12-30T17:10:01.119+0000] {processor.py:161} INFO - Started process (PID=6124) to work on /opt/airflow/dags/prediction_features_pipeline.py
[2025-12-30T17:10:01.121+0000] {processor.py:830} INFO - Processing file /opt/airflow/dags/prediction_features_pipeline.py for tasks to queue
[2025-12-30T17:10:01.123+0000] {logging_mixin.py:188} INFO - [2025-12-30T17:10:01.122+0000] {dagbag.py:538} INFO - Filling up the DagBag from /opt/airflow/dags/prediction_features_pipeline.py
[2025-12-30T17:10:01.168+0000] {processor.py:840} INFO - DAG(s) 'match_features_pipeline' retrieved from /opt/airflow/dags/prediction_features_pipeline.py
[2025-12-30T17:10:01.217+0000] {logging_mixin.py:188} INFO - [2025-12-30T17:10:01.217+0000] {dag.py:3036} INFO - Sync 1 DAGs
[2025-12-30T17:10:01.267+0000] {logging_mixin.py:188} INFO - [2025-12-30T17:10:01.267+0000] {dag.py:3823} INFO - Setting next_dagrun for match_features_pipeline to 2025-12-29 00:00:00+00:00, run_after=2025-12-30 00:00:00+00:00
[2025-12-30T17:10:01.332+0000] {processor.py:183} INFO - Processing /opt/airflow/dags/prediction_features_pipeline.py took 0.222 seconds
[2025-12-30T17:10:31.805+0000] {processor.py:161} INFO - Started process (PID=6144) to work on /opt/airflow/dags/prediction_features_pipeline.py
[2025-12-30T17:10:31.808+0000] {processor.py:830} INFO - Processing file /opt/airflow/dags/prediction_features_pipeline.py for tasks to queue
[2025-12-30T17:10:31.810+0000] {logging_mixin.py:188} INFO - [2025-12-30T17:10:31.810+0000] {dagbag.py:538} INFO - Filling up the DagBag from /opt/airflow/dags/prediction_features_pipeline.py
[2025-12-30T17:10:31.852+0000] {processor.py:840} INFO - DAG(s) 'match_features_pipeline' retrieved from /opt/airflow/dags/prediction_features_pipeline.py
[2025-12-30T17:10:31.899+0000] {logging_mixin.py:188} INFO - [2025-12-30T17:10:31.899+0000] {dag.py:3036} INFO - Sync 1 DAGs
[2025-12-30T17:10:31.941+0000] {logging_mixin.py:188} INFO - [2025-12-30T17:10:31.941+0000] {dag.py:3823} INFO - Setting next_dagrun for match_features_pipeline to 2025-12-29 00:00:00+00:00, run_after=2025-12-30 00:00:00+00:00
[2025-12-30T17:10:31.977+0000] {processor.py:183} INFO - Processing /opt/airflow/dags/prediction_features_pipeline.py took 0.182 seconds
[2025-12-30T17:11:02.872+0000] {processor.py:161} INFO - Started process (PID=6164) to work on /opt/airflow/dags/prediction_features_pipeline.py
[2025-12-30T17:11:02.877+0000] {processor.py:830} INFO - Processing file /opt/airflow/dags/prediction_features_pipeline.py for tasks to queue
[2025-12-30T17:11:02.879+0000] {logging_mixin.py:188} INFO - [2025-12-30T17:11:02.879+0000] {dagbag.py:538} INFO - Filling up the DagBag from /opt/airflow/dags/prediction_features_pipeline.py
[2025-12-30T17:11:02.921+0000] {processor.py:840} INFO - DAG(s) 'match_features_pipeline' retrieved from /opt/airflow/dags/prediction_features_pipeline.py
[2025-12-30T17:11:02.968+0000] {logging_mixin.py:188} INFO - [2025-12-30T17:11:02.968+0000] {dag.py:3036} INFO - Sync 1 DAGs
[2025-12-30T17:11:03.018+0000] {logging_mixin.py:188} INFO - [2025-12-30T17:11:03.017+0000] {dag.py:3823} INFO - Setting next_dagrun for match_features_pipeline to 2025-12-29 00:00:00+00:00, run_after=2025-12-30 00:00:00+00:00
[2025-12-30T17:11:03.064+0000] {processor.py:183} INFO - Processing /opt/airflow/dags/prediction_features_pipeline.py took 0.199 seconds
[2025-12-30T17:11:33.632+0000] {processor.py:161} INFO - Started process (PID=6184) to work on /opt/airflow/dags/prediction_features_pipeline.py
[2025-12-30T17:11:33.634+0000] {processor.py:830} INFO - Processing file /opt/airflow/dags/prediction_features_pipeline.py for tasks to queue
[2025-12-30T17:11:33.637+0000] {logging_mixin.py:188} INFO - [2025-12-30T17:11:33.636+0000] {dagbag.py:538} INFO - Filling up the DagBag from /opt/airflow/dags/prediction_features_pipeline.py
[2025-12-30T17:11:33.684+0000] {processor.py:840} INFO - DAG(s) 'match_features_pipeline' retrieved from /opt/airflow/dags/prediction_features_pipeline.py
[2025-12-30T17:11:33.733+0000] {logging_mixin.py:188} INFO - [2025-12-30T17:11:33.732+0000] {dag.py:3036} INFO - Sync 1 DAGs
[2025-12-30T17:11:33.783+0000] {logging_mixin.py:188} INFO - [2025-12-30T17:11:33.782+0000] {dag.py:3823} INFO - Setting next_dagrun for match_features_pipeline to 2025-12-29 00:00:00+00:00, run_after=2025-12-30 00:00:00+00:00
[2025-12-30T17:11:33.856+0000] {processor.py:183} INFO - Processing /opt/airflow/dags/prediction_features_pipeline.py took 0.231 seconds
[2025-12-30T17:12:04.496+0000] {processor.py:161} INFO - Started process (PID=6204) to work on /opt/airflow/dags/prediction_features_pipeline.py
[2025-12-30T17:12:04.499+0000] {processor.py:830} INFO - Processing file /opt/airflow/dags/prediction_features_pipeline.py for tasks to queue
[2025-12-30T17:12:04.502+0000] {logging_mixin.py:188} INFO - [2025-12-30T17:12:04.501+0000] {dagbag.py:538} INFO - Filling up the DagBag from /opt/airflow/dags/prediction_features_pipeline.py
[2025-12-30T17:12:04.554+0000] {processor.py:840} INFO - DAG(s) 'match_features_pipeline' retrieved from /opt/airflow/dags/prediction_features_pipeline.py
[2025-12-30T17:12:04.603+0000] {logging_mixin.py:188} INFO - [2025-12-30T17:12:04.602+0000] {dag.py:3036} INFO - Sync 1 DAGs
[2025-12-30T17:12:04.655+0000] {logging_mixin.py:188} INFO - [2025-12-30T17:12:04.655+0000] {dag.py:3823} INFO - Setting next_dagrun for match_features_pipeline to 2025-12-29 00:00:00+00:00, run_after=2025-12-30 00:00:00+00:00
[2025-12-30T17:12:04.700+0000] {processor.py:183} INFO - Processing /opt/airflow/dags/prediction_features_pipeline.py took 0.213 seconds
[2025-12-30T17:12:35.309+0000] {processor.py:161} INFO - Started process (PID=6224) to work on /opt/airflow/dags/prediction_features_pipeline.py
[2025-12-30T17:12:35.315+0000] {processor.py:830} INFO - Processing file /opt/airflow/dags/prediction_features_pipeline.py for tasks to queue
[2025-12-30T17:12:35.318+0000] {logging_mixin.py:188} INFO - [2025-12-30T17:12:35.317+0000] {dagbag.py:538} INFO - Filling up the DagBag from /opt/airflow/dags/prediction_features_pipeline.py
[2025-12-30T17:12:35.375+0000] {processor.py:840} INFO - DAG(s) 'match_features_pipeline' retrieved from /opt/airflow/dags/prediction_features_pipeline.py
[2025-12-30T17:12:35.436+0000] {logging_mixin.py:188} INFO - [2025-12-30T17:12:35.435+0000] {dag.py:3036} INFO - Sync 1 DAGs
[2025-12-30T17:12:35.491+0000] {logging_mixin.py:188} INFO - [2025-12-30T17:12:35.490+0000] {dag.py:3823} INFO - Setting next_dagrun for match_features_pipeline to 2025-12-29 00:00:00+00:00, run_after=2025-12-30 00:00:00+00:00
[2025-12-30T17:12:35.546+0000] {processor.py:183} INFO - Processing /opt/airflow/dags/prediction_features_pipeline.py took 0.244 seconds
[2025-12-30T17:13:06.204+0000] {processor.py:161} INFO - Started process (PID=6244) to work on /opt/airflow/dags/prediction_features_pipeline.py
[2025-12-30T17:13:06.207+0000] {processor.py:830} INFO - Processing file /opt/airflow/dags/prediction_features_pipeline.py for tasks to queue
[2025-12-30T17:13:06.209+0000] {logging_mixin.py:188} INFO - [2025-12-30T17:13:06.208+0000] {dagbag.py:538} INFO - Filling up the DagBag from /opt/airflow/dags/prediction_features_pipeline.py
[2025-12-30T17:13:06.267+0000] {processor.py:840} INFO - DAG(s) 'match_features_pipeline' retrieved from /opt/airflow/dags/prediction_features_pipeline.py
[2025-12-30T17:13:06.323+0000] {logging_mixin.py:188} INFO - [2025-12-30T17:13:06.322+0000] {dag.py:3036} INFO - Sync 1 DAGs
[2025-12-30T17:13:06.380+0000] {logging_mixin.py:188} INFO - [2025-12-30T17:13:06.379+0000] {dag.py:3823} INFO - Setting next_dagrun for match_features_pipeline to 2025-12-29 00:00:00+00:00, run_after=2025-12-30 00:00:00+00:00
[2025-12-30T17:13:06.434+0000] {processor.py:183} INFO - Processing /opt/airflow/dags/prediction_features_pipeline.py took 0.238 seconds
[2025-12-30T17:13:36.990+0000] {processor.py:161} INFO - Started process (PID=6264) to work on /opt/airflow/dags/prediction_features_pipeline.py
[2025-12-30T17:13:36.992+0000] {processor.py:830} INFO - Processing file /opt/airflow/dags/prediction_features_pipeline.py for tasks to queue
[2025-12-30T17:13:36.994+0000] {logging_mixin.py:188} INFO - [2025-12-30T17:13:36.993+0000] {dagbag.py:538} INFO - Filling up the DagBag from /opt/airflow/dags/prediction_features_pipeline.py
[2025-12-30T17:13:37.038+0000] {processor.py:840} INFO - DAG(s) 'match_features_pipeline' retrieved from /opt/airflow/dags/prediction_features_pipeline.py
[2025-12-30T17:13:37.086+0000] {logging_mixin.py:188} INFO - [2025-12-30T17:13:37.085+0000] {dag.py:3036} INFO - Sync 1 DAGs
[2025-12-30T17:13:37.137+0000] {logging_mixin.py:188} INFO - [2025-12-30T17:13:37.137+0000] {dag.py:3823} INFO - Setting next_dagrun for match_features_pipeline to 2025-12-29 00:00:00+00:00, run_after=2025-12-30 00:00:00+00:00
[2025-12-30T17:13:37.174+0000] {processor.py:183} INFO - Processing /opt/airflow/dags/prediction_features_pipeline.py took 0.190 seconds
[2025-12-30T17:14:07.861+0000] {processor.py:161} INFO - Started process (PID=6284) to work on /opt/airflow/dags/prediction_features_pipeline.py
[2025-12-30T17:14:07.868+0000] {processor.py:830} INFO - Processing file /opt/airflow/dags/prediction_features_pipeline.py for tasks to queue
[2025-12-30T17:14:07.870+0000] {logging_mixin.py:188} INFO - [2025-12-30T17:14:07.870+0000] {dagbag.py:538} INFO - Filling up the DagBag from /opt/airflow/dags/prediction_features_pipeline.py
[2025-12-30T17:14:07.926+0000] {processor.py:840} INFO - DAG(s) 'match_features_pipeline' retrieved from /opt/airflow/dags/prediction_features_pipeline.py
[2025-12-30T17:14:07.985+0000] {logging_mixin.py:188} INFO - [2025-12-30T17:14:07.984+0000] {dag.py:3036} INFO - Sync 1 DAGs
[2025-12-30T17:14:08.039+0000] {logging_mixin.py:188} INFO - [2025-12-30T17:14:08.038+0000] {dag.py:3823} INFO - Setting next_dagrun for match_features_pipeline to 2025-12-29 00:00:00+00:00, run_after=2025-12-30 00:00:00+00:00
[2025-12-30T17:14:08.095+0000] {processor.py:183} INFO - Processing /opt/airflow/dags/prediction_features_pipeline.py took 0.242 seconds
[2025-12-30T17:14:38.637+0000] {processor.py:161} INFO - Started process (PID=6304) to work on /opt/airflow/dags/prediction_features_pipeline.py
[2025-12-30T17:14:38.639+0000] {processor.py:830} INFO - Processing file /opt/airflow/dags/prediction_features_pipeline.py for tasks to queue
[2025-12-30T17:14:38.641+0000] {logging_mixin.py:188} INFO - [2025-12-30T17:14:38.640+0000] {dagbag.py:538} INFO - Filling up the DagBag from /opt/airflow/dags/prediction_features_pipeline.py
[2025-12-30T17:14:38.686+0000] {processor.py:840} INFO - DAG(s) 'match_features_pipeline' retrieved from /opt/airflow/dags/prediction_features_pipeline.py
[2025-12-30T17:14:38.736+0000] {logging_mixin.py:188} INFO - [2025-12-30T17:14:38.735+0000] {dag.py:3036} INFO - Sync 1 DAGs
[2025-12-30T17:14:38.788+0000] {logging_mixin.py:188} INFO - [2025-12-30T17:14:38.788+0000] {dag.py:3823} INFO - Setting next_dagrun for match_features_pipeline to 2025-12-29 00:00:00+00:00, run_after=2025-12-30 00:00:00+00:00
[2025-12-30T17:14:38.860+0000] {processor.py:183} INFO - Processing /opt/airflow/dags/prediction_features_pipeline.py took 0.229 seconds
[2025-12-30T17:15:09.593+0000] {processor.py:161} INFO - Started process (PID=6324) to work on /opt/airflow/dags/prediction_features_pipeline.py
[2025-12-30T17:15:09.596+0000] {processor.py:830} INFO - Processing file /opt/airflow/dags/prediction_features_pipeline.py for tasks to queue
[2025-12-30T17:15:09.601+0000] {logging_mixin.py:188} INFO - [2025-12-30T17:15:09.600+0000] {dagbag.py:538} INFO - Filling up the DagBag from /opt/airflow/dags/prediction_features_pipeline.py
[2025-12-30T17:15:09.645+0000] {processor.py:840} INFO - DAG(s) 'match_features_pipeline' retrieved from /opt/airflow/dags/prediction_features_pipeline.py
[2025-12-30T17:15:09.702+0000] {logging_mixin.py:188} INFO - [2025-12-30T17:15:09.702+0000] {dag.py:3036} INFO - Sync 1 DAGs
[2025-12-30T17:15:09.753+0000] {logging_mixin.py:188} INFO - [2025-12-30T17:15:09.753+0000] {dag.py:3823} INFO - Setting next_dagrun for match_features_pipeline to 2025-12-29 00:00:00+00:00, run_after=2025-12-30 00:00:00+00:00
[2025-12-30T17:15:09.817+0000] {processor.py:183} INFO - Processing /opt/airflow/dags/prediction_features_pipeline.py took 0.231 seconds
[2025-12-30T17:15:40.347+0000] {processor.py:161} INFO - Started process (PID=6344) to work on /opt/airflow/dags/prediction_features_pipeline.py
[2025-12-30T17:15:40.350+0000] {processor.py:830} INFO - Processing file /opt/airflow/dags/prediction_features_pipeline.py for tasks to queue
[2025-12-30T17:15:40.352+0000] {logging_mixin.py:188} INFO - [2025-12-30T17:15:40.351+0000] {dagbag.py:538} INFO - Filling up the DagBag from /opt/airflow/dags/prediction_features_pipeline.py
[2025-12-30T17:15:40.400+0000] {processor.py:840} INFO - DAG(s) 'match_features_pipeline' retrieved from /opt/airflow/dags/prediction_features_pipeline.py
[2025-12-30T17:15:40.450+0000] {logging_mixin.py:188} INFO - [2025-12-30T17:15:40.450+0000] {dag.py:3036} INFO - Sync 1 DAGs
[2025-12-30T17:15:40.501+0000] {logging_mixin.py:188} INFO - [2025-12-30T17:15:40.501+0000] {dag.py:3823} INFO - Setting next_dagrun for match_features_pipeline to 2025-12-29 00:00:00+00:00, run_after=2025-12-30 00:00:00+00:00
[2025-12-30T17:15:40.543+0000] {processor.py:183} INFO - Processing /opt/airflow/dags/prediction_features_pipeline.py took 0.202 seconds
[2025-12-30T17:16:11.357+0000] {processor.py:161} INFO - Started process (PID=6364) to work on /opt/airflow/dags/prediction_features_pipeline.py
[2025-12-30T17:16:11.359+0000] {processor.py:830} INFO - Processing file /opt/airflow/dags/prediction_features_pipeline.py for tasks to queue
[2025-12-30T17:16:11.361+0000] {logging_mixin.py:188} INFO - [2025-12-30T17:16:11.360+0000] {dagbag.py:538} INFO - Filling up the DagBag from /opt/airflow/dags/prediction_features_pipeline.py
[2025-12-30T17:16:11.418+0000] {processor.py:840} INFO - DAG(s) 'match_features_pipeline' retrieved from /opt/airflow/dags/prediction_features_pipeline.py
[2025-12-30T17:16:11.472+0000] {logging_mixin.py:188} INFO - [2025-12-30T17:16:11.471+0000] {dag.py:3036} INFO - Sync 1 DAGs
[2025-12-30T17:16:11.533+0000] {logging_mixin.py:188} INFO - [2025-12-30T17:16:11.530+0000] {dag.py:3823} INFO - Setting next_dagrun for match_features_pipeline to 2025-12-29 00:00:00+00:00, run_after=2025-12-30 00:00:00+00:00
[2025-12-30T17:16:11.571+0000] {processor.py:183} INFO - Processing /opt/airflow/dags/prediction_features_pipeline.py took 0.220 seconds
[2025-12-30T17:16:42.377+0000] {processor.py:161} INFO - Started process (PID=6384) to work on /opt/airflow/dags/prediction_features_pipeline.py
[2025-12-30T17:16:42.380+0000] {processor.py:830} INFO - Processing file /opt/airflow/dags/prediction_features_pipeline.py for tasks to queue
[2025-12-30T17:16:42.384+0000] {logging_mixin.py:188} INFO - [2025-12-30T17:16:42.383+0000] {dagbag.py:538} INFO - Filling up the DagBag from /opt/airflow/dags/prediction_features_pipeline.py
[2025-12-30T17:16:42.436+0000] {processor.py:840} INFO - DAG(s) 'match_features_pipeline' retrieved from /opt/airflow/dags/prediction_features_pipeline.py
[2025-12-30T17:16:42.485+0000] {logging_mixin.py:188} INFO - [2025-12-30T17:16:42.484+0000] {dag.py:3036} INFO - Sync 1 DAGs
[2025-12-30T17:16:42.537+0000] {logging_mixin.py:188} INFO - [2025-12-30T17:16:42.537+0000] {dag.py:3823} INFO - Setting next_dagrun for match_features_pipeline to 2025-12-29 00:00:00+00:00, run_after=2025-12-30 00:00:00+00:00
[2025-12-30T17:16:42.578+0000] {processor.py:183} INFO - Processing /opt/airflow/dags/prediction_features_pipeline.py took 0.207 seconds
[2025-12-30T17:17:13.154+0000] {processor.py:161} INFO - Started process (PID=6404) to work on /opt/airflow/dags/prediction_features_pipeline.py
[2025-12-30T17:17:13.156+0000] {processor.py:830} INFO - Processing file /opt/airflow/dags/prediction_features_pipeline.py for tasks to queue
[2025-12-30T17:17:13.158+0000] {logging_mixin.py:188} INFO - [2025-12-30T17:17:13.158+0000] {dagbag.py:538} INFO - Filling up the DagBag from /opt/airflow/dags/prediction_features_pipeline.py
[2025-12-30T17:17:13.204+0000] {processor.py:840} INFO - DAG(s) 'match_features_pipeline' retrieved from /opt/airflow/dags/prediction_features_pipeline.py
[2025-12-30T17:17:13.254+0000] {logging_mixin.py:188} INFO - [2025-12-30T17:17:13.254+0000] {dag.py:3036} INFO - Sync 1 DAGs
[2025-12-30T17:17:13.307+0000] {logging_mixin.py:188} INFO - [2025-12-30T17:17:13.306+0000] {dag.py:3823} INFO - Setting next_dagrun for match_features_pipeline to 2025-12-29 00:00:00+00:00, run_after=2025-12-30 00:00:00+00:00
[2025-12-30T17:17:13.370+0000] {processor.py:183} INFO - Processing /opt/airflow/dags/prediction_features_pipeline.py took 0.224 seconds
[2025-12-30T17:17:43.956+0000] {processor.py:161} INFO - Started process (PID=6424) to work on /opt/airflow/dags/prediction_features_pipeline.py
[2025-12-30T17:17:43.959+0000] {processor.py:830} INFO - Processing file /opt/airflow/dags/prediction_features_pipeline.py for tasks to queue
[2025-12-30T17:17:43.961+0000] {logging_mixin.py:188} INFO - [2025-12-30T17:17:43.960+0000] {dagbag.py:538} INFO - Filling up the DagBag from /opt/airflow/dags/prediction_features_pipeline.py
[2025-12-30T17:17:44.021+0000] {processor.py:840} INFO - DAG(s) 'match_features_pipeline' retrieved from /opt/airflow/dags/prediction_features_pipeline.py
[2025-12-30T17:17:44.070+0000] {logging_mixin.py:188} INFO - [2025-12-30T17:17:44.070+0000] {dag.py:3036} INFO - Sync 1 DAGs
[2025-12-30T17:17:44.111+0000] {logging_mixin.py:188} INFO - [2025-12-30T17:17:44.111+0000] {dag.py:3823} INFO - Setting next_dagrun for match_features_pipeline to 2025-12-29 00:00:00+00:00, run_after=2025-12-30 00:00:00+00:00
[2025-12-30T17:17:44.148+0000] {processor.py:183} INFO - Processing /opt/airflow/dags/prediction_features_pipeline.py took 0.201 seconds
[2025-12-30T17:18:14.705+0000] {processor.py:161} INFO - Started process (PID=6444) to work on /opt/airflow/dags/prediction_features_pipeline.py
[2025-12-30T17:18:14.707+0000] {processor.py:830} INFO - Processing file /opt/airflow/dags/prediction_features_pipeline.py for tasks to queue
[2025-12-30T17:18:14.709+0000] {logging_mixin.py:188} INFO - [2025-12-30T17:18:14.708+0000] {dagbag.py:538} INFO - Filling up the DagBag from /opt/airflow/dags/prediction_features_pipeline.py
[2025-12-30T17:18:14.752+0000] {processor.py:840} INFO - DAG(s) 'match_features_pipeline' retrieved from /opt/airflow/dags/prediction_features_pipeline.py
[2025-12-30T17:18:14.794+0000] {logging_mixin.py:188} INFO - [2025-12-30T17:18:14.794+0000] {dag.py:3036} INFO - Sync 1 DAGs
[2025-12-30T17:18:14.840+0000] {logging_mixin.py:188} INFO - [2025-12-30T17:18:14.840+0000] {dag.py:3823} INFO - Setting next_dagrun for match_features_pipeline to 2025-12-29 00:00:00+00:00, run_after=2025-12-30 00:00:00+00:00
[2025-12-30T17:18:14.898+0000] {processor.py:183} INFO - Processing /opt/airflow/dags/prediction_features_pipeline.py took 0.200 seconds
[2025-12-30T17:18:45.527+0000] {processor.py:161} INFO - Started process (PID=6464) to work on /opt/airflow/dags/prediction_features_pipeline.py
[2025-12-30T17:18:45.529+0000] {processor.py:830} INFO - Processing file /opt/airflow/dags/prediction_features_pipeline.py for tasks to queue
[2025-12-30T17:18:45.537+0000] {logging_mixin.py:188} INFO - [2025-12-30T17:18:45.531+0000] {dagbag.py:538} INFO - Filling up the DagBag from /opt/airflow/dags/prediction_features_pipeline.py
[2025-12-30T17:18:45.579+0000] {processor.py:840} INFO - DAG(s) 'match_features_pipeline' retrieved from /opt/airflow/dags/prediction_features_pipeline.py
[2025-12-30T17:18:45.623+0000] {logging_mixin.py:188} INFO - [2025-12-30T17:18:45.622+0000] {dag.py:3036} INFO - Sync 1 DAGs
[2025-12-30T17:18:45.672+0000] {logging_mixin.py:188} INFO - [2025-12-30T17:18:45.672+0000] {dag.py:3823} INFO - Setting next_dagrun for match_features_pipeline to 2025-12-29 00:00:00+00:00, run_after=2025-12-30 00:00:00+00:00
[2025-12-30T17:18:45.710+0000] {processor.py:183} INFO - Processing /opt/airflow/dags/prediction_features_pipeline.py took 0.191 seconds
[2025-12-30T17:19:16.296+0000] {processor.py:161} INFO - Started process (PID=6484) to work on /opt/airflow/dags/prediction_features_pipeline.py
[2025-12-30T17:19:16.298+0000] {processor.py:830} INFO - Processing file /opt/airflow/dags/prediction_features_pipeline.py for tasks to queue
[2025-12-30T17:19:16.302+0000] {logging_mixin.py:188} INFO - [2025-12-30T17:19:16.301+0000] {dagbag.py:538} INFO - Filling up the DagBag from /opt/airflow/dags/prediction_features_pipeline.py
[2025-12-30T17:19:16.350+0000] {processor.py:840} INFO - DAG(s) 'match_features_pipeline' retrieved from /opt/airflow/dags/prediction_features_pipeline.py
[2025-12-30T17:19:16.401+0000] {logging_mixin.py:188} INFO - [2025-12-30T17:19:16.400+0000] {dag.py:3036} INFO - Sync 1 DAGs
[2025-12-30T17:19:16.450+0000] {logging_mixin.py:188} INFO - [2025-12-30T17:19:16.449+0000] {dag.py:3823} INFO - Setting next_dagrun for match_features_pipeline to 2025-12-29 00:00:00+00:00, run_after=2025-12-30 00:00:00+00:00
[2025-12-30T17:19:16.527+0000] {processor.py:183} INFO - Processing /opt/airflow/dags/prediction_features_pipeline.py took 0.237 seconds
[2025-12-30T17:19:47.065+0000] {processor.py:161} INFO - Started process (PID=6504) to work on /opt/airflow/dags/prediction_features_pipeline.py
[2025-12-30T17:19:47.067+0000] {processor.py:830} INFO - Processing file /opt/airflow/dags/prediction_features_pipeline.py for tasks to queue
[2025-12-30T17:19:47.071+0000] {logging_mixin.py:188} INFO - [2025-12-30T17:19:47.071+0000] {dagbag.py:538} INFO - Filling up the DagBag from /opt/airflow/dags/prediction_features_pipeline.py
[2025-12-30T17:19:47.124+0000] {processor.py:840} INFO - DAG(s) 'match_features_pipeline' retrieved from /opt/airflow/dags/prediction_features_pipeline.py
[2025-12-30T17:19:47.175+0000] {logging_mixin.py:188} INFO - [2025-12-30T17:19:47.174+0000] {dag.py:3036} INFO - Sync 1 DAGs
[2025-12-30T17:19:47.226+0000] {logging_mixin.py:188} INFO - [2025-12-30T17:19:47.226+0000] {dag.py:3823} INFO - Setting next_dagrun for match_features_pipeline to 2025-12-29 00:00:00+00:00, run_after=2025-12-30 00:00:00+00:00
[2025-12-30T17:19:47.265+0000] {processor.py:183} INFO - Processing /opt/airflow/dags/prediction_features_pipeline.py took 0.206 seconds
[2025-12-30T17:20:18.281+0000] {processor.py:161} INFO - Started process (PID=6524) to work on /opt/airflow/dags/prediction_features_pipeline.py
[2025-12-30T17:20:18.286+0000] {processor.py:830} INFO - Processing file /opt/airflow/dags/prediction_features_pipeline.py for tasks to queue
[2025-12-30T17:20:18.289+0000] {logging_mixin.py:188} INFO - [2025-12-30T17:20:18.288+0000] {dagbag.py:538} INFO - Filling up the DagBag from /opt/airflow/dags/prediction_features_pipeline.py
[2025-12-30T17:20:18.344+0000] {processor.py:840} INFO - DAG(s) 'match_features_pipeline' retrieved from /opt/airflow/dags/prediction_features_pipeline.py
[2025-12-30T17:20:18.395+0000] {logging_mixin.py:188} INFO - [2025-12-30T17:20:18.394+0000] {dag.py:3036} INFO - Sync 1 DAGs
[2025-12-30T17:20:18.446+0000] {logging_mixin.py:188} INFO - [2025-12-30T17:20:18.445+0000] {dag.py:3823} INFO - Setting next_dagrun for match_features_pipeline to 2025-12-29 00:00:00+00:00, run_after=2025-12-30 00:00:00+00:00
[2025-12-30T17:20:18.499+0000] {processor.py:183} INFO - Processing /opt/airflow/dags/prediction_features_pipeline.py took 0.226 seconds
[2025-12-30T17:20:49.057+0000] {processor.py:161} INFO - Started process (PID=6544) to work on /opt/airflow/dags/prediction_features_pipeline.py
[2025-12-30T17:20:49.059+0000] {processor.py:830} INFO - Processing file /opt/airflow/dags/prediction_features_pipeline.py for tasks to queue
[2025-12-30T17:20:49.061+0000] {logging_mixin.py:188} INFO - [2025-12-30T17:20:49.060+0000] {dagbag.py:538} INFO - Filling up the DagBag from /opt/airflow/dags/prediction_features_pipeline.py
[2025-12-30T17:20:49.099+0000] {processor.py:840} INFO - DAG(s) 'match_features_pipeline' retrieved from /opt/airflow/dags/prediction_features_pipeline.py
[2025-12-30T17:20:49.148+0000] {logging_mixin.py:188} INFO - [2025-12-30T17:20:49.148+0000] {dag.py:3036} INFO - Sync 1 DAGs
[2025-12-30T17:20:49.197+0000] {logging_mixin.py:188} INFO - [2025-12-30T17:20:49.197+0000] {dag.py:3823} INFO - Setting next_dagrun for match_features_pipeline to 2025-12-29 00:00:00+00:00, run_after=2025-12-30 00:00:00+00:00
[2025-12-30T17:20:49.246+0000] {processor.py:183} INFO - Processing /opt/airflow/dags/prediction_features_pipeline.py took 0.196 seconds
[2025-12-30T17:21:19.886+0000] {processor.py:161} INFO - Started process (PID=6564) to work on /opt/airflow/dags/prediction_features_pipeline.py
[2025-12-30T17:21:19.889+0000] {processor.py:830} INFO - Processing file /opt/airflow/dags/prediction_features_pipeline.py for tasks to queue
[2025-12-30T17:21:19.891+0000] {logging_mixin.py:188} INFO - [2025-12-30T17:21:19.891+0000] {dagbag.py:538} INFO - Filling up the DagBag from /opt/airflow/dags/prediction_features_pipeline.py
[2025-12-30T17:21:19.934+0000] {processor.py:840} INFO - DAG(s) 'match_features_pipeline' retrieved from /opt/airflow/dags/prediction_features_pipeline.py
[2025-12-30T17:21:19.982+0000] {logging_mixin.py:188} INFO - [2025-12-30T17:21:19.982+0000] {dag.py:3036} INFO - Sync 1 DAGs
[2025-12-30T17:21:20.032+0000] {logging_mixin.py:188} INFO - [2025-12-30T17:21:20.031+0000] {dag.py:3823} INFO - Setting next_dagrun for match_features_pipeline to 2025-12-29 00:00:00+00:00, run_after=2025-12-30 00:00:00+00:00
[2025-12-30T17:21:20.099+0000] {processor.py:183} INFO - Processing /opt/airflow/dags/prediction_features_pipeline.py took 0.219 seconds
[2025-12-30T17:21:50.658+0000] {processor.py:161} INFO - Started process (PID=6584) to work on /opt/airflow/dags/prediction_features_pipeline.py
[2025-12-30T17:21:50.661+0000] {processor.py:830} INFO - Processing file /opt/airflow/dags/prediction_features_pipeline.py for tasks to queue
[2025-12-30T17:21:50.664+0000] {logging_mixin.py:188} INFO - [2025-12-30T17:21:50.663+0000] {dagbag.py:538} INFO - Filling up the DagBag from /opt/airflow/dags/prediction_features_pipeline.py
[2025-12-30T17:21:50.717+0000] {processor.py:840} INFO - DAG(s) 'match_features_pipeline' retrieved from /opt/airflow/dags/prediction_features_pipeline.py
[2025-12-30T17:21:50.776+0000] {logging_mixin.py:188} INFO - [2025-12-30T17:21:50.775+0000] {dag.py:3036} INFO - Sync 1 DAGs
[2025-12-30T17:21:50.828+0000] {logging_mixin.py:188} INFO - [2025-12-30T17:21:50.827+0000] {dag.py:3823} INFO - Setting next_dagrun for match_features_pipeline to 2025-12-29 00:00:00+00:00, run_after=2025-12-30 00:00:00+00:00
[2025-12-30T17:21:50.873+0000] {processor.py:183} INFO - Processing /opt/airflow/dags/prediction_features_pipeline.py took 0.227 seconds
[2025-12-30T17:22:21.434+0000] {processor.py:161} INFO - Started process (PID=6604) to work on /opt/airflow/dags/prediction_features_pipeline.py
[2025-12-30T17:22:21.436+0000] {processor.py:830} INFO - Processing file /opt/airflow/dags/prediction_features_pipeline.py for tasks to queue
[2025-12-30T17:22:21.439+0000] {logging_mixin.py:188} INFO - [2025-12-30T17:22:21.438+0000] {dagbag.py:538} INFO - Filling up the DagBag from /opt/airflow/dags/prediction_features_pipeline.py
[2025-12-30T17:22:21.483+0000] {processor.py:840} INFO - DAG(s) 'match_features_pipeline' retrieved from /opt/airflow/dags/prediction_features_pipeline.py
[2025-12-30T17:22:21.536+0000] {logging_mixin.py:188} INFO - [2025-12-30T17:22:21.535+0000] {dag.py:3036} INFO - Sync 1 DAGs
[2025-12-30T17:22:21.578+0000] {logging_mixin.py:188} INFO - [2025-12-30T17:22:21.578+0000] {dag.py:3823} INFO - Setting next_dagrun for match_features_pipeline to 2025-12-29 00:00:00+00:00, run_after=2025-12-30 00:00:00+00:00
[2025-12-30T17:22:21.613+0000] {processor.py:183} INFO - Processing /opt/airflow/dags/prediction_features_pipeline.py took 0.185 seconds
[2025-12-30T17:22:52.368+0000] {processor.py:161} INFO - Started process (PID=6624) to work on /opt/airflow/dags/prediction_features_pipeline.py
[2025-12-30T17:22:52.373+0000] {processor.py:830} INFO - Processing file /opt/airflow/dags/prediction_features_pipeline.py for tasks to queue
[2025-12-30T17:22:52.376+0000] {logging_mixin.py:188} INFO - [2025-12-30T17:22:52.375+0000] {dagbag.py:538} INFO - Filling up the DagBag from /opt/airflow/dags/prediction_features_pipeline.py
[2025-12-30T17:22:52.424+0000] {processor.py:840} INFO - DAG(s) 'match_features_pipeline' retrieved from /opt/airflow/dags/prediction_features_pipeline.py
[2025-12-30T17:22:52.478+0000] {logging_mixin.py:188} INFO - [2025-12-30T17:22:52.478+0000] {dag.py:3036} INFO - Sync 1 DAGs
[2025-12-30T17:22:52.526+0000] {logging_mixin.py:188} INFO - [2025-12-30T17:22:52.526+0000] {dag.py:3823} INFO - Setting next_dagrun for match_features_pipeline to 2025-12-29 00:00:00+00:00, run_after=2025-12-30 00:00:00+00:00
[2025-12-30T17:22:52.568+0000] {processor.py:183} INFO - Processing /opt/airflow/dags/prediction_features_pipeline.py took 0.207 seconds
[2025-12-30T17:23:23.163+0000] {processor.py:161} INFO - Started process (PID=6644) to work on /opt/airflow/dags/prediction_features_pipeline.py
[2025-12-30T17:23:23.166+0000] {processor.py:830} INFO - Processing file /opt/airflow/dags/prediction_features_pipeline.py for tasks to queue
[2025-12-30T17:23:23.168+0000] {logging_mixin.py:188} INFO - [2025-12-30T17:23:23.168+0000] {dagbag.py:538} INFO - Filling up the DagBag from /opt/airflow/dags/prediction_features_pipeline.py
[2025-12-30T17:23:23.212+0000] {processor.py:840} INFO - DAG(s) 'match_features_pipeline' retrieved from /opt/airflow/dags/prediction_features_pipeline.py
[2025-12-30T17:23:23.259+0000] {logging_mixin.py:188} INFO - [2025-12-30T17:23:23.259+0000] {dag.py:3036} INFO - Sync 1 DAGs
[2025-12-30T17:23:23.310+0000] {logging_mixin.py:188} INFO - [2025-12-30T17:23:23.309+0000] {dag.py:3823} INFO - Setting next_dagrun for match_features_pipeline to 2025-12-29 00:00:00+00:00, run_after=2025-12-30 00:00:00+00:00
[2025-12-30T17:23:23.358+0000] {processor.py:183} INFO - Processing /opt/airflow/dags/prediction_features_pipeline.py took 0.208 seconds
[2025-12-30T17:23:53.903+0000] {processor.py:161} INFO - Started process (PID=6664) to work on /opt/airflow/dags/prediction_features_pipeline.py
[2025-12-30T17:23:53.906+0000] {processor.py:830} INFO - Processing file /opt/airflow/dags/prediction_features_pipeline.py for tasks to queue
[2025-12-30T17:23:53.909+0000] {logging_mixin.py:188} INFO - [2025-12-30T17:23:53.908+0000] {dagbag.py:538} INFO - Filling up the DagBag from /opt/airflow/dags/prediction_features_pipeline.py
[2025-12-30T17:23:53.971+0000] {processor.py:840} INFO - DAG(s) 'match_features_pipeline' retrieved from /opt/airflow/dags/prediction_features_pipeline.py
[2025-12-30T17:23:54.030+0000] {logging_mixin.py:188} INFO - [2025-12-30T17:23:54.030+0000] {dag.py:3036} INFO - Sync 1 DAGs
[2025-12-30T17:23:54.069+0000] {logging_mixin.py:188} INFO - [2025-12-30T17:23:54.069+0000] {dag.py:3823} INFO - Setting next_dagrun for match_features_pipeline to 2025-12-29 00:00:00+00:00, run_after=2025-12-30 00:00:00+00:00
[2025-12-30T17:23:54.107+0000] {processor.py:183} INFO - Processing /opt/airflow/dags/prediction_features_pipeline.py took 0.214 seconds
[2025-12-30T17:24:24.739+0000] {processor.py:161} INFO - Started process (PID=6684) to work on /opt/airflow/dags/prediction_features_pipeline.py
[2025-12-30T17:24:24.744+0000] {processor.py:830} INFO - Processing file /opt/airflow/dags/prediction_features_pipeline.py for tasks to queue
[2025-12-30T17:24:24.747+0000] {logging_mixin.py:188} INFO - [2025-12-30T17:24:24.746+0000] {dagbag.py:538} INFO - Filling up the DagBag from /opt/airflow/dags/prediction_features_pipeline.py
[2025-12-30T17:24:24.802+0000] {processor.py:840} INFO - DAG(s) 'match_features_pipeline' retrieved from /opt/airflow/dags/prediction_features_pipeline.py
[2025-12-30T17:24:24.860+0000] {logging_mixin.py:188} INFO - [2025-12-30T17:24:24.859+0000] {dag.py:3036} INFO - Sync 1 DAGs
[2025-12-30T17:24:24.910+0000] {logging_mixin.py:188} INFO - [2025-12-30T17:24:24.910+0000] {dag.py:3823} INFO - Setting next_dagrun for match_features_pipeline to 2025-12-29 00:00:00+00:00, run_after=2025-12-30 00:00:00+00:00
[2025-12-30T17:24:24.970+0000] {processor.py:183} INFO - Processing /opt/airflow/dags/prediction_features_pipeline.py took 0.238 seconds
[2025-12-30T17:24:55.619+0000] {processor.py:161} INFO - Started process (PID=6704) to work on /opt/airflow/dags/prediction_features_pipeline.py
[2025-12-30T17:24:55.625+0000] {processor.py:830} INFO - Processing file /opt/airflow/dags/prediction_features_pipeline.py for tasks to queue
[2025-12-30T17:24:55.628+0000] {logging_mixin.py:188} INFO - [2025-12-30T17:24:55.627+0000] {dagbag.py:538} INFO - Filling up the DagBag from /opt/airflow/dags/prediction_features_pipeline.py
[2025-12-30T17:24:55.687+0000] {processor.py:840} INFO - DAG(s) 'match_features_pipeline' retrieved from /opt/airflow/dags/prediction_features_pipeline.py
[2025-12-30T17:24:55.745+0000] {logging_mixin.py:188} INFO - [2025-12-30T17:24:55.744+0000] {dag.py:3036} INFO - Sync 1 DAGs
[2025-12-30T17:24:55.797+0000] {logging_mixin.py:188} INFO - [2025-12-30T17:24:55.796+0000] {dag.py:3823} INFO - Setting next_dagrun for match_features_pipeline to 2025-12-29 00:00:00+00:00, run_after=2025-12-30 00:00:00+00:00
[2025-12-30T17:24:55.837+0000] {processor.py:183} INFO - Processing /opt/airflow/dags/prediction_features_pipeline.py took 0.226 seconds
[2025-12-30T17:25:26.397+0000] {processor.py:161} INFO - Started process (PID=6724) to work on /opt/airflow/dags/prediction_features_pipeline.py
[2025-12-30T17:25:26.401+0000] {processor.py:830} INFO - Processing file /opt/airflow/dags/prediction_features_pipeline.py for tasks to queue
[2025-12-30T17:25:26.403+0000] {logging_mixin.py:188} INFO - [2025-12-30T17:25:26.402+0000] {dagbag.py:538} INFO - Filling up the DagBag from /opt/airflow/dags/prediction_features_pipeline.py
[2025-12-30T17:25:26.457+0000] {processor.py:840} INFO - DAG(s) 'match_features_pipeline' retrieved from /opt/airflow/dags/prediction_features_pipeline.py
[2025-12-30T17:25:26.527+0000] {logging_mixin.py:188} INFO - [2025-12-30T17:25:26.526+0000] {dag.py:3036} INFO - Sync 1 DAGs
[2025-12-30T17:25:26.593+0000] {logging_mixin.py:188} INFO - [2025-12-30T17:25:26.592+0000] {dag.py:3823} INFO - Setting next_dagrun for match_features_pipeline to 2025-12-29 00:00:00+00:00, run_after=2025-12-30 00:00:00+00:00
[2025-12-30T17:25:26.644+0000] {processor.py:183} INFO - Processing /opt/airflow/dags/prediction_features_pipeline.py took 0.257 seconds
[2025-12-30T17:25:57.376+0000] {processor.py:161} INFO - Started process (PID=6744) to work on /opt/airflow/dags/prediction_features_pipeline.py
[2025-12-30T17:25:57.379+0000] {processor.py:830} INFO - Processing file /opt/airflow/dags/prediction_features_pipeline.py for tasks to queue
[2025-12-30T17:25:57.381+0000] {logging_mixin.py:188} INFO - [2025-12-30T17:25:57.380+0000] {dagbag.py:538} INFO - Filling up the DagBag from /opt/airflow/dags/prediction_features_pipeline.py
[2025-12-30T17:25:57.440+0000] {processor.py:840} INFO - DAG(s) 'match_features_pipeline' retrieved from /opt/airflow/dags/prediction_features_pipeline.py
[2025-12-30T17:25:57.490+0000] {logging_mixin.py:188} INFO - [2025-12-30T17:25:57.489+0000] {dag.py:3036} INFO - Sync 1 DAGs
[2025-12-30T17:25:57.532+0000] {logging_mixin.py:188} INFO - [2025-12-30T17:25:57.532+0000] {dag.py:3823} INFO - Setting next_dagrun for match_features_pipeline to 2025-12-29 00:00:00+00:00, run_after=2025-12-30 00:00:00+00:00
[2025-12-30T17:25:57.568+0000] {processor.py:183} INFO - Processing /opt/airflow/dags/prediction_features_pipeline.py took 0.197 seconds
[2025-12-30T17:26:28.203+0000] {processor.py:161} INFO - Started process (PID=6764) to work on /opt/airflow/dags/prediction_features_pipeline.py
[2025-12-30T17:26:28.206+0000] {processor.py:830} INFO - Processing file /opt/airflow/dags/prediction_features_pipeline.py for tasks to queue
[2025-12-30T17:26:28.212+0000] {logging_mixin.py:188} INFO - [2025-12-30T17:26:28.210+0000] {dagbag.py:538} INFO - Filling up the DagBag from /opt/airflow/dags/prediction_features_pipeline.py
[2025-12-30T17:26:28.259+0000] {processor.py:840} INFO - DAG(s) 'match_features_pipeline' retrieved from /opt/airflow/dags/prediction_features_pipeline.py
[2025-12-30T17:26:28.317+0000] {logging_mixin.py:188} INFO - [2025-12-30T17:26:28.316+0000] {dag.py:3036} INFO - Sync 1 DAGs
[2025-12-30T17:26:28.376+0000] {logging_mixin.py:188} INFO - [2025-12-30T17:26:28.375+0000] {dag.py:3823} INFO - Setting next_dagrun for match_features_pipeline to 2025-12-29 00:00:00+00:00, run_after=2025-12-30 00:00:00+00:00
[2025-12-30T17:26:28.433+0000] {processor.py:183} INFO - Processing /opt/airflow/dags/prediction_features_pipeline.py took 0.236 seconds
[2025-12-30T17:26:58.925+0000] {processor.py:161} INFO - Started process (PID=6784) to work on /opt/airflow/dags/prediction_features_pipeline.py
[2025-12-30T17:26:58.927+0000] {processor.py:830} INFO - Processing file /opt/airflow/dags/prediction_features_pipeline.py for tasks to queue
[2025-12-30T17:26:58.929+0000] {logging_mixin.py:188} INFO - [2025-12-30T17:26:58.929+0000] {dagbag.py:538} INFO - Filling up the DagBag from /opt/airflow/dags/prediction_features_pipeline.py
[2025-12-30T17:26:58.972+0000] {processor.py:840} INFO - DAG(s) 'match_features_pipeline' retrieved from /opt/airflow/dags/prediction_features_pipeline.py
[2025-12-30T17:26:59.020+0000] {logging_mixin.py:188} INFO - [2025-12-30T17:26:59.019+0000] {dag.py:3036} INFO - Sync 1 DAGs
[2025-12-30T17:26:59.062+0000] {logging_mixin.py:188} INFO - [2025-12-30T17:26:59.061+0000] {dag.py:3823} INFO - Setting next_dagrun for match_features_pipeline to 2025-12-29 00:00:00+00:00, run_after=2025-12-30 00:00:00+00:00
[2025-12-30T17:26:59.098+0000] {processor.py:183} INFO - Processing /opt/airflow/dags/prediction_features_pipeline.py took 0.180 seconds
[2025-12-30T17:27:29.697+0000] {processor.py:161} INFO - Started process (PID=6804) to work on /opt/airflow/dags/prediction_features_pipeline.py
[2025-12-30T17:27:29.699+0000] {processor.py:830} INFO - Processing file /opt/airflow/dags/prediction_features_pipeline.py for tasks to queue
[2025-12-30T17:27:29.701+0000] {logging_mixin.py:188} INFO - [2025-12-30T17:27:29.701+0000] {dagbag.py:538} INFO - Filling up the DagBag from /opt/airflow/dags/prediction_features_pipeline.py
[2025-12-30T17:27:29.749+0000] {processor.py:840} INFO - DAG(s) 'match_features_pipeline' retrieved from /opt/airflow/dags/prediction_features_pipeline.py
[2025-12-30T17:27:29.801+0000] {logging_mixin.py:188} INFO - [2025-12-30T17:27:29.801+0000] {dag.py:3036} INFO - Sync 1 DAGs
[2025-12-30T17:27:29.854+0000] {logging_mixin.py:188} INFO - [2025-12-30T17:27:29.853+0000] {dag.py:3823} INFO - Setting next_dagrun for match_features_pipeline to 2025-12-29 00:00:00+00:00, run_after=2025-12-30 00:00:00+00:00
[2025-12-30T17:27:29.916+0000] {processor.py:183} INFO - Processing /opt/airflow/dags/prediction_features_pipeline.py took 0.226 seconds
[2025-12-30T17:28:00.465+0000] {processor.py:161} INFO - Started process (PID=6824) to work on /opt/airflow/dags/prediction_features_pipeline.py
[2025-12-30T17:28:00.468+0000] {processor.py:830} INFO - Processing file /opt/airflow/dags/prediction_features_pipeline.py for tasks to queue
[2025-12-30T17:28:00.471+0000] {logging_mixin.py:188} INFO - [2025-12-30T17:28:00.470+0000] {dagbag.py:538} INFO - Filling up the DagBag from /opt/airflow/dags/prediction_features_pipeline.py
[2025-12-30T17:28:00.538+0000] {processor.py:840} INFO - DAG(s) 'match_features_pipeline' retrieved from /opt/airflow/dags/prediction_features_pipeline.py
[2025-12-30T17:28:00.597+0000] {logging_mixin.py:188} INFO - [2025-12-30T17:28:00.597+0000] {dag.py:3036} INFO - Sync 1 DAGs
[2025-12-30T17:28:00.643+0000] {logging_mixin.py:188} INFO - [2025-12-30T17:28:00.642+0000] {dag.py:3823} INFO - Setting next_dagrun for match_features_pipeline to 2025-12-29 00:00:00+00:00, run_after=2025-12-30 00:00:00+00:00
[2025-12-30T17:28:00.688+0000] {processor.py:183} INFO - Processing /opt/airflow/dags/prediction_features_pipeline.py took 0.231 seconds
[2025-12-30T17:28:31.335+0000] {processor.py:161} INFO - Started process (PID=6844) to work on /opt/airflow/dags/prediction_features_pipeline.py
[2025-12-30T17:28:31.338+0000] {processor.py:830} INFO - Processing file /opt/airflow/dags/prediction_features_pipeline.py for tasks to queue
[2025-12-30T17:28:31.341+0000] {logging_mixin.py:188} INFO - [2025-12-30T17:28:31.340+0000] {dagbag.py:538} INFO - Filling up the DagBag from /opt/airflow/dags/prediction_features_pipeline.py
[2025-12-30T17:28:31.390+0000] {processor.py:840} INFO - DAG(s) 'match_features_pipeline' retrieved from /opt/airflow/dags/prediction_features_pipeline.py
[2025-12-30T17:28:31.435+0000] {logging_mixin.py:188} INFO - [2025-12-30T17:28:31.435+0000] {dag.py:3036} INFO - Sync 1 DAGs
[2025-12-30T17:28:31.484+0000] {logging_mixin.py:188} INFO - [2025-12-30T17:28:31.484+0000] {dag.py:3823} INFO - Setting next_dagrun for match_features_pipeline to 2025-12-29 00:00:00+00:00, run_after=2025-12-30 00:00:00+00:00
[2025-12-30T17:28:31.536+0000] {processor.py:183} INFO - Processing /opt/airflow/dags/prediction_features_pipeline.py took 0.207 seconds
[2025-12-30T17:29:02.091+0000] {processor.py:161} INFO - Started process (PID=6864) to work on /opt/airflow/dags/prediction_features_pipeline.py
[2025-12-30T17:29:02.094+0000] {processor.py:830} INFO - Processing file /opt/airflow/dags/prediction_features_pipeline.py for tasks to queue
[2025-12-30T17:29:02.097+0000] {logging_mixin.py:188} INFO - [2025-12-30T17:29:02.096+0000] {dagbag.py:538} INFO - Filling up the DagBag from /opt/airflow/dags/prediction_features_pipeline.py
[2025-12-30T17:29:02.157+0000] {processor.py:840} INFO - DAG(s) 'match_features_pipeline' retrieved from /opt/airflow/dags/prediction_features_pipeline.py
[2025-12-30T17:29:02.218+0000] {logging_mixin.py:188} INFO - [2025-12-30T17:29:02.217+0000] {dag.py:3036} INFO - Sync 1 DAGs
[2025-12-30T17:29:02.271+0000] {logging_mixin.py:188} INFO - [2025-12-30T17:29:02.270+0000] {dag.py:3823} INFO - Setting next_dagrun for match_features_pipeline to 2025-12-29 00:00:00+00:00, run_after=2025-12-30 00:00:00+00:00
[2025-12-30T17:29:02.314+0000] {processor.py:183} INFO - Processing /opt/airflow/dags/prediction_features_pipeline.py took 0.232 seconds
[2025-12-30T17:29:32.875+0000] {processor.py:161} INFO - Started process (PID=6884) to work on /opt/airflow/dags/prediction_features_pipeline.py
[2025-12-30T17:29:32.880+0000] {processor.py:830} INFO - Processing file /opt/airflow/dags/prediction_features_pipeline.py for tasks to queue
[2025-12-30T17:29:32.883+0000] {logging_mixin.py:188} INFO - [2025-12-30T17:29:32.882+0000] {dagbag.py:538} INFO - Filling up the DagBag from /opt/airflow/dags/prediction_features_pipeline.py
[2025-12-30T17:29:32.935+0000] {processor.py:840} INFO - DAG(s) 'match_features_pipeline' retrieved from /opt/airflow/dags/prediction_features_pipeline.py
[2025-12-30T17:29:32.987+0000] {logging_mixin.py:188} INFO - [2025-12-30T17:29:32.986+0000] {dag.py:3036} INFO - Sync 1 DAGs
[2025-12-30T17:29:33.038+0000] {logging_mixin.py:188} INFO - [2025-12-30T17:29:33.037+0000] {dag.py:3823} INFO - Setting next_dagrun for match_features_pipeline to 2025-12-29 00:00:00+00:00, run_after=2025-12-30 00:00:00+00:00
[2025-12-30T17:29:33.093+0000] {processor.py:183} INFO - Processing /opt/airflow/dags/prediction_features_pipeline.py took 0.225 seconds
[2025-12-30T17:30:03.802+0000] {processor.py:161} INFO - Started process (PID=6904) to work on /opt/airflow/dags/prediction_features_pipeline.py
[2025-12-30T17:30:03.805+0000] {processor.py:830} INFO - Processing file /opt/airflow/dags/prediction_features_pipeline.py for tasks to queue
[2025-12-30T17:30:03.808+0000] {logging_mixin.py:188} INFO - [2025-12-30T17:30:03.807+0000] {dagbag.py:538} INFO - Filling up the DagBag from /opt/airflow/dags/prediction_features_pipeline.py
[2025-12-30T17:30:03.868+0000] {processor.py:840} INFO - DAG(s) 'match_features_pipeline' retrieved from /opt/airflow/dags/prediction_features_pipeline.py
[2025-12-30T17:30:03.933+0000] {logging_mixin.py:188} INFO - [2025-12-30T17:30:03.932+0000] {dag.py:3036} INFO - Sync 1 DAGs
[2025-12-30T17:30:03.980+0000] {logging_mixin.py:188} INFO - [2025-12-30T17:30:03.980+0000] {dag.py:3823} INFO - Setting next_dagrun for match_features_pipeline to 2025-12-29 00:00:00+00:00, run_after=2025-12-30 00:00:00+00:00
[2025-12-30T17:30:04.027+0000] {processor.py:183} INFO - Processing /opt/airflow/dags/prediction_features_pipeline.py took 0.237 seconds
[2025-12-30T17:30:34.524+0000] {processor.py:161} INFO - Started process (PID=6924) to work on /opt/airflow/dags/prediction_features_pipeline.py
[2025-12-30T17:30:34.527+0000] {processor.py:830} INFO - Processing file /opt/airflow/dags/prediction_features_pipeline.py for tasks to queue
[2025-12-30T17:30:34.531+0000] {logging_mixin.py:188} INFO - [2025-12-30T17:30:34.530+0000] {dagbag.py:538} INFO - Filling up the DagBag from /opt/airflow/dags/prediction_features_pipeline.py
[2025-12-30T17:30:34.578+0000] {processor.py:840} INFO - DAG(s) 'match_features_pipeline' retrieved from /opt/airflow/dags/prediction_features_pipeline.py
[2025-12-30T17:30:34.627+0000] {logging_mixin.py:188} INFO - [2025-12-30T17:30:34.626+0000] {dag.py:3036} INFO - Sync 1 DAGs
[2025-12-30T17:30:34.680+0000] {logging_mixin.py:188} INFO - [2025-12-30T17:30:34.679+0000] {dag.py:3823} INFO - Setting next_dagrun for match_features_pipeline to 2025-12-29 00:00:00+00:00, run_after=2025-12-30 00:00:00+00:00
[2025-12-30T17:30:34.720+0000] {processor.py:183} INFO - Processing /opt/airflow/dags/prediction_features_pipeline.py took 0.202 seconds
[2025-12-30T17:31:05.324+0000] {processor.py:161} INFO - Started process (PID=6944) to work on /opt/airflow/dags/prediction_features_pipeline.py
[2025-12-30T17:31:05.327+0000] {processor.py:830} INFO - Processing file /opt/airflow/dags/prediction_features_pipeline.py for tasks to queue
[2025-12-30T17:31:05.329+0000] {logging_mixin.py:188} INFO - [2025-12-30T17:31:05.328+0000] {dagbag.py:538} INFO - Filling up the DagBag from /opt/airflow/dags/prediction_features_pipeline.py
[2025-12-30T17:31:05.391+0000] {processor.py:840} INFO - DAG(s) 'match_features_pipeline' retrieved from /opt/airflow/dags/prediction_features_pipeline.py
[2025-12-30T17:31:05.448+0000] {logging_mixin.py:188} INFO - [2025-12-30T17:31:05.448+0000] {dag.py:3036} INFO - Sync 1 DAGs
[2025-12-30T17:31:05.500+0000] {logging_mixin.py:188} INFO - [2025-12-30T17:31:05.499+0000] {dag.py:3823} INFO - Setting next_dagrun for match_features_pipeline to 2025-12-29 00:00:00+00:00, run_after=2025-12-30 00:00:00+00:00
[2025-12-30T17:31:05.541+0000] {processor.py:183} INFO - Processing /opt/airflow/dags/prediction_features_pipeline.py took 0.223 seconds
[2025-12-30T17:31:36.119+0000] {processor.py:161} INFO - Started process (PID=6964) to work on /opt/airflow/dags/prediction_features_pipeline.py
[2025-12-30T17:31:36.123+0000] {processor.py:830} INFO - Processing file /opt/airflow/dags/prediction_features_pipeline.py for tasks to queue
[2025-12-30T17:31:36.125+0000] {logging_mixin.py:188} INFO - [2025-12-30T17:31:36.124+0000] {dagbag.py:538} INFO - Filling up the DagBag from /opt/airflow/dags/prediction_features_pipeline.py
[2025-12-30T17:31:36.173+0000] {processor.py:840} INFO - DAG(s) 'match_features_pipeline' retrieved from /opt/airflow/dags/prediction_features_pipeline.py
[2025-12-30T17:31:36.231+0000] {logging_mixin.py:188} INFO - [2025-12-30T17:31:36.230+0000] {dag.py:3036} INFO - Sync 1 DAGs
[2025-12-30T17:31:36.294+0000] {logging_mixin.py:188} INFO - [2025-12-30T17:31:36.294+0000] {dag.py:3823} INFO - Setting next_dagrun for match_features_pipeline to 2025-12-29 00:00:00+00:00, run_after=2025-12-30 00:00:00+00:00
[2025-12-30T17:31:36.347+0000] {processor.py:183} INFO - Processing /opt/airflow/dags/prediction_features_pipeline.py took 0.238 seconds
[2025-12-30T17:32:07.203+0000] {processor.py:161} INFO - Started process (PID=6984) to work on /opt/airflow/dags/prediction_features_pipeline.py
[2025-12-30T17:32:07.206+0000] {processor.py:830} INFO - Processing file /opt/airflow/dags/prediction_features_pipeline.py for tasks to queue
[2025-12-30T17:32:07.207+0000] {logging_mixin.py:188} INFO - [2025-12-30T17:32:07.207+0000] {dagbag.py:538} INFO - Filling up the DagBag from /opt/airflow/dags/prediction_features_pipeline.py
[2025-12-30T17:32:07.248+0000] {processor.py:840} INFO - DAG(s) 'match_features_pipeline' retrieved from /opt/airflow/dags/prediction_features_pipeline.py
[2025-12-30T17:32:07.288+0000] {logging_mixin.py:188} INFO - [2025-12-30T17:32:07.288+0000] {dag.py:3036} INFO - Sync 1 DAGs
[2025-12-30T17:32:07.336+0000] {logging_mixin.py:188} INFO - [2025-12-30T17:32:07.335+0000] {dag.py:3823} INFO - Setting next_dagrun for match_features_pipeline to 2025-12-29 00:00:00+00:00, run_after=2025-12-30 00:00:00+00:00
[2025-12-30T17:32:07.373+0000] {processor.py:183} INFO - Processing /opt/airflow/dags/prediction_features_pipeline.py took 0.176 seconds
[2025-12-30T17:32:38.125+0000] {processor.py:161} INFO - Started process (PID=7004) to work on /opt/airflow/dags/prediction_features_pipeline.py
[2025-12-30T17:32:38.127+0000] {processor.py:830} INFO - Processing file /opt/airflow/dags/prediction_features_pipeline.py for tasks to queue
[2025-12-30T17:32:38.129+0000] {logging_mixin.py:188} INFO - [2025-12-30T17:32:38.128+0000] {dagbag.py:538} INFO - Filling up the DagBag from /opt/airflow/dags/prediction_features_pipeline.py
[2025-12-30T17:32:38.175+0000] {processor.py:840} INFO - DAG(s) 'match_features_pipeline' retrieved from /opt/airflow/dags/prediction_features_pipeline.py
[2025-12-30T17:32:38.219+0000] {logging_mixin.py:188} INFO - [2025-12-30T17:32:38.219+0000] {dag.py:3036} INFO - Sync 1 DAGs
[2025-12-30T17:32:38.265+0000] {logging_mixin.py:188} INFO - [2025-12-30T17:32:38.264+0000] {dag.py:3823} INFO - Setting next_dagrun for match_features_pipeline to 2025-12-29 00:00:00+00:00, run_after=2025-12-30 00:00:00+00:00
[2025-12-30T17:32:38.328+0000] {processor.py:183} INFO - Processing /opt/airflow/dags/prediction_features_pipeline.py took 0.210 seconds
[2025-12-30T17:33:08.935+0000] {processor.py:161} INFO - Started process (PID=7024) to work on /opt/airflow/dags/prediction_features_pipeline.py
[2025-12-30T17:33:08.937+0000] {processor.py:830} INFO - Processing file /opt/airflow/dags/prediction_features_pipeline.py for tasks to queue
[2025-12-30T17:33:08.939+0000] {logging_mixin.py:188} INFO - [2025-12-30T17:33:08.938+0000] {dagbag.py:538} INFO - Filling up the DagBag from /opt/airflow/dags/prediction_features_pipeline.py
[2025-12-30T17:33:09.005+0000] {processor.py:840} INFO - DAG(s) 'match_features_pipeline' retrieved from /opt/airflow/dags/prediction_features_pipeline.py
[2025-12-30T17:33:09.067+0000] {logging_mixin.py:188} INFO - [2025-12-30T17:33:09.066+0000] {dag.py:3036} INFO - Sync 1 DAGs
[2025-12-30T17:33:09.120+0000] {logging_mixin.py:188} INFO - [2025-12-30T17:33:09.120+0000] {dag.py:3823} INFO - Setting next_dagrun for match_features_pipeline to 2025-12-29 00:00:00+00:00, run_after=2025-12-30 00:00:00+00:00
[2025-12-30T17:33:09.172+0000] {processor.py:183} INFO - Processing /opt/airflow/dags/prediction_features_pipeline.py took 0.245 seconds
[2025-12-30T17:33:39.989+0000] {processor.py:161} INFO - Started process (PID=7044) to work on /opt/airflow/dags/prediction_features_pipeline.py
[2025-12-30T17:33:39.992+0000] {processor.py:830} INFO - Processing file /opt/airflow/dags/prediction_features_pipeline.py for tasks to queue
[2025-12-30T17:33:39.994+0000] {logging_mixin.py:188} INFO - [2025-12-30T17:33:39.993+0000] {dagbag.py:538} INFO - Filling up the DagBag from /opt/airflow/dags/prediction_features_pipeline.py
[2025-12-30T17:33:40.046+0000] {processor.py:840} INFO - DAG(s) 'match_features_pipeline' retrieved from /opt/airflow/dags/prediction_features_pipeline.py
[2025-12-30T17:33:40.096+0000] {logging_mixin.py:188} INFO - [2025-12-30T17:33:40.095+0000] {dag.py:3036} INFO - Sync 1 DAGs
[2025-12-30T17:33:40.149+0000] {logging_mixin.py:188} INFO - [2025-12-30T17:33:40.148+0000] {dag.py:3823} INFO - Setting next_dagrun for match_features_pipeline to 2025-12-29 00:00:00+00:00, run_after=2025-12-30 00:00:00+00:00
[2025-12-30T17:33:40.221+0000] {processor.py:183} INFO - Processing /opt/airflow/dags/prediction_features_pipeline.py took 0.240 seconds
[2025-12-30T17:34:10.781+0000] {processor.py:161} INFO - Started process (PID=7064) to work on /opt/airflow/dags/prediction_features_pipeline.py
[2025-12-30T17:34:10.785+0000] {processor.py:830} INFO - Processing file /opt/airflow/dags/prediction_features_pipeline.py for tasks to queue
[2025-12-30T17:34:10.789+0000] {logging_mixin.py:188} INFO - [2025-12-30T17:34:10.789+0000] {dagbag.py:538} INFO - Filling up the DagBag from /opt/airflow/dags/prediction_features_pipeline.py
[2025-12-30T17:34:10.870+0000] {processor.py:840} INFO - DAG(s) 'match_features_pipeline' retrieved from /opt/airflow/dags/prediction_features_pipeline.py
[2025-12-30T17:34:10.918+0000] {logging_mixin.py:188} INFO - [2025-12-30T17:34:10.918+0000] {dag.py:3036} INFO - Sync 1 DAGs
[2025-12-30T17:34:10.965+0000] {logging_mixin.py:188} INFO - [2025-12-30T17:34:10.965+0000] {dag.py:3823} INFO - Setting next_dagrun for match_features_pipeline to 2025-12-29 00:00:00+00:00, run_after=2025-12-30 00:00:00+00:00
[2025-12-30T17:34:11.006+0000] {processor.py:183} INFO - Processing /opt/airflow/dags/prediction_features_pipeline.py took 0.235 seconds
[2025-12-30T17:34:41.563+0000] {processor.py:161} INFO - Started process (PID=7084) to work on /opt/airflow/dags/prediction_features_pipeline.py
[2025-12-30T17:34:41.566+0000] {processor.py:830} INFO - Processing file /opt/airflow/dags/prediction_features_pipeline.py for tasks to queue
[2025-12-30T17:34:41.568+0000] {logging_mixin.py:188} INFO - [2025-12-30T17:34:41.567+0000] {dagbag.py:538} INFO - Filling up the DagBag from /opt/airflow/dags/prediction_features_pipeline.py
[2025-12-30T17:34:41.612+0000] {processor.py:840} INFO - DAG(s) 'match_features_pipeline' retrieved from /opt/airflow/dags/prediction_features_pipeline.py
[2025-12-30T17:34:41.665+0000] {logging_mixin.py:188} INFO - [2025-12-30T17:34:41.664+0000] {dag.py:3036} INFO - Sync 1 DAGs
[2025-12-30T17:34:41.715+0000] {logging_mixin.py:188} INFO - [2025-12-30T17:34:41.714+0000] {dag.py:3823} INFO - Setting next_dagrun for match_features_pipeline to 2025-12-29 00:00:00+00:00, run_after=2025-12-30 00:00:00+00:00
[2025-12-30T17:34:41.774+0000] {processor.py:183} INFO - Processing /opt/airflow/dags/prediction_features_pipeline.py took 0.218 seconds
[2025-12-30T17:35:12.543+0000] {processor.py:161} INFO - Started process (PID=7104) to work on /opt/airflow/dags/prediction_features_pipeline.py
[2025-12-30T17:35:12.546+0000] {processor.py:830} INFO - Processing file /opt/airflow/dags/prediction_features_pipeline.py for tasks to queue
[2025-12-30T17:35:12.548+0000] {logging_mixin.py:188} INFO - [2025-12-30T17:35:12.547+0000] {dagbag.py:538} INFO - Filling up the DagBag from /opt/airflow/dags/prediction_features_pipeline.py
[2025-12-30T17:35:12.591+0000] {processor.py:840} INFO - DAG(s) 'match_features_pipeline' retrieved from /opt/airflow/dags/prediction_features_pipeline.py
[2025-12-30T17:35:12.638+0000] {logging_mixin.py:188} INFO - [2025-12-30T17:35:12.637+0000] {dag.py:3036} INFO - Sync 1 DAGs
[2025-12-30T17:35:12.680+0000] {logging_mixin.py:188} INFO - [2025-12-30T17:35:12.680+0000] {dag.py:3823} INFO - Setting next_dagrun for match_features_pipeline to 2025-12-29 00:00:00+00:00, run_after=2025-12-30 00:00:00+00:00
[2025-12-30T17:35:12.722+0000] {processor.py:183} INFO - Processing /opt/airflow/dags/prediction_features_pipeline.py took 0.187 seconds
[2025-12-30T17:35:43.285+0000] {processor.py:161} INFO - Started process (PID=7124) to work on /opt/airflow/dags/prediction_features_pipeline.py
[2025-12-30T17:35:43.287+0000] {processor.py:830} INFO - Processing file /opt/airflow/dags/prediction_features_pipeline.py for tasks to queue
[2025-12-30T17:35:43.288+0000] {logging_mixin.py:188} INFO - [2025-12-30T17:35:43.288+0000] {dagbag.py:538} INFO - Filling up the DagBag from /opt/airflow/dags/prediction_features_pipeline.py
[2025-12-30T17:35:43.343+0000] {processor.py:840} INFO - DAG(s) 'match_features_pipeline' retrieved from /opt/airflow/dags/prediction_features_pipeline.py
[2025-12-30T17:35:43.387+0000] {logging_mixin.py:188} INFO - [2025-12-30T17:35:43.386+0000] {dag.py:3036} INFO - Sync 1 DAGs
[2025-12-30T17:35:43.424+0000] {logging_mixin.py:188} INFO - [2025-12-30T17:35:43.423+0000] {dag.py:3823} INFO - Setting next_dagrun for match_features_pipeline to 2025-12-29 00:00:00+00:00, run_after=2025-12-30 00:00:00+00:00
[2025-12-30T17:35:43.459+0000] {processor.py:183} INFO - Processing /opt/airflow/dags/prediction_features_pipeline.py took 0.180 seconds
[2025-12-30T17:36:13.994+0000] {processor.py:161} INFO - Started process (PID=7144) to work on /opt/airflow/dags/prediction_features_pipeline.py
[2025-12-30T17:36:13.997+0000] {processor.py:830} INFO - Processing file /opt/airflow/dags/prediction_features_pipeline.py for tasks to queue
[2025-12-30T17:36:13.999+0000] {logging_mixin.py:188} INFO - [2025-12-30T17:36:13.998+0000] {dagbag.py:538} INFO - Filling up the DagBag from /opt/airflow/dags/prediction_features_pipeline.py
[2025-12-30T17:36:14.245+0000] {processor.py:840} INFO - DAG(s) 'match_features_pipeline' retrieved from /opt/airflow/dags/prediction_features_pipeline.py
[2025-12-30T17:36:14.307+0000] {logging_mixin.py:188} INFO - [2025-12-30T17:36:14.306+0000] {dag.py:3036} INFO - Sync 1 DAGs
[2025-12-30T17:36:14.351+0000] {logging_mixin.py:188} INFO - [2025-12-30T17:36:14.351+0000] {dag.py:3823} INFO - Setting next_dagrun for match_features_pipeline to 2025-12-29 00:00:00+00:00, run_after=2025-12-30 00:00:00+00:00
[2025-12-30T17:36:14.394+0000] {processor.py:183} INFO - Processing /opt/airflow/dags/prediction_features_pipeline.py took 0.408 seconds
[2025-12-30T17:36:44.728+0000] {processor.py:161} INFO - Started process (PID=7164) to work on /opt/airflow/dags/prediction_features_pipeline.py
[2025-12-30T17:36:44.730+0000] {processor.py:830} INFO - Processing file /opt/airflow/dags/prediction_features_pipeline.py for tasks to queue
[2025-12-30T17:36:44.732+0000] {logging_mixin.py:188} INFO - [2025-12-30T17:36:44.732+0000] {dagbag.py:538} INFO - Filling up the DagBag from /opt/airflow/dags/prediction_features_pipeline.py
[2025-12-30T17:36:44.787+0000] {processor.py:840} INFO - DAG(s) 'match_features_pipeline' retrieved from /opt/airflow/dags/prediction_features_pipeline.py
[2025-12-30T17:36:44.836+0000] {logging_mixin.py:188} INFO - [2025-12-30T17:36:44.836+0000] {dag.py:3036} INFO - Sync 1 DAGs
[2025-12-30T17:36:44.881+0000] {logging_mixin.py:188} INFO - [2025-12-30T17:36:44.880+0000] {dag.py:3823} INFO - Setting next_dagrun for match_features_pipeline to 2025-12-29 00:00:00+00:00, run_after=2025-12-30 00:00:00+00:00
[2025-12-30T17:36:44.916+0000] {processor.py:183} INFO - Processing /opt/airflow/dags/prediction_features_pipeline.py took 0.195 seconds
[2025-12-30T17:37:15.512+0000] {processor.py:161} INFO - Started process (PID=7184) to work on /opt/airflow/dags/prediction_features_pipeline.py
[2025-12-30T17:37:15.514+0000] {processor.py:830} INFO - Processing file /opt/airflow/dags/prediction_features_pipeline.py for tasks to queue
[2025-12-30T17:37:15.516+0000] {logging_mixin.py:188} INFO - [2025-12-30T17:37:15.516+0000] {dagbag.py:538} INFO - Filling up the DagBag from /opt/airflow/dags/prediction_features_pipeline.py
[2025-12-30T17:37:15.562+0000] {processor.py:840} INFO - DAG(s) 'match_features_pipeline' retrieved from /opt/airflow/dags/prediction_features_pipeline.py
[2025-12-30T17:37:15.613+0000] {logging_mixin.py:188} INFO - [2025-12-30T17:37:15.613+0000] {dag.py:3036} INFO - Sync 1 DAGs
[2025-12-30T17:37:15.661+0000] {logging_mixin.py:188} INFO - [2025-12-30T17:37:15.660+0000] {dag.py:3823} INFO - Setting next_dagrun for match_features_pipeline to 2025-12-29 00:00:00+00:00, run_after=2025-12-30 00:00:00+00:00
[2025-12-30T17:37:15.701+0000] {processor.py:183} INFO - Processing /opt/airflow/dags/prediction_features_pipeline.py took 0.195 seconds
[2025-12-30T17:37:46.268+0000] {processor.py:161} INFO - Started process (PID=7204) to work on /opt/airflow/dags/prediction_features_pipeline.py
[2025-12-30T17:37:46.270+0000] {processor.py:830} INFO - Processing file /opt/airflow/dags/prediction_features_pipeline.py for tasks to queue
[2025-12-30T17:37:46.272+0000] {logging_mixin.py:188} INFO - [2025-12-30T17:37:46.271+0000] {dagbag.py:538} INFO - Filling up the DagBag from /opt/airflow/dags/prediction_features_pipeline.py
[2025-12-30T17:37:46.326+0000] {processor.py:840} INFO - DAG(s) 'match_features_pipeline' retrieved from /opt/airflow/dags/prediction_features_pipeline.py
[2025-12-30T17:37:46.382+0000] {logging_mixin.py:188} INFO - [2025-12-30T17:37:46.381+0000] {dag.py:3036} INFO - Sync 1 DAGs
[2025-12-30T17:37:46.430+0000] {logging_mixin.py:188} INFO - [2025-12-30T17:37:46.430+0000] {dag.py:3823} INFO - Setting next_dagrun for match_features_pipeline to 2025-12-29 00:00:00+00:00, run_after=2025-12-30 00:00:00+00:00
[2025-12-30T17:37:46.471+0000] {processor.py:183} INFO - Processing /opt/airflow/dags/prediction_features_pipeline.py took 0.208 seconds
[2025-12-30T17:38:17.031+0000] {processor.py:161} INFO - Started process (PID=7224) to work on /opt/airflow/dags/prediction_features_pipeline.py
[2025-12-30T17:38:17.034+0000] {processor.py:830} INFO - Processing file /opt/airflow/dags/prediction_features_pipeline.py for tasks to queue
[2025-12-30T17:38:17.037+0000] {logging_mixin.py:188} INFO - [2025-12-30T17:38:17.036+0000] {dagbag.py:538} INFO - Filling up the DagBag from /opt/airflow/dags/prediction_features_pipeline.py
[2025-12-30T17:38:17.083+0000] {processor.py:840} INFO - DAG(s) 'match_features_pipeline' retrieved from /opt/airflow/dags/prediction_features_pipeline.py
[2025-12-30T17:38:17.131+0000] {logging_mixin.py:188} INFO - [2025-12-30T17:38:17.131+0000] {dag.py:3036} INFO - Sync 1 DAGs
[2025-12-30T17:38:17.182+0000] {logging_mixin.py:188} INFO - [2025-12-30T17:38:17.182+0000] {dag.py:3823} INFO - Setting next_dagrun for match_features_pipeline to 2025-12-29 00:00:00+00:00, run_after=2025-12-30 00:00:00+00:00
[2025-12-30T17:38:17.230+0000] {processor.py:183} INFO - Processing /opt/airflow/dags/prediction_features_pipeline.py took 0.205 seconds
[2025-12-30T17:38:47.775+0000] {processor.py:161} INFO - Started process (PID=7244) to work on /opt/airflow/dags/prediction_features_pipeline.py
[2025-12-30T17:38:47.777+0000] {processor.py:830} INFO - Processing file /opt/airflow/dags/prediction_features_pipeline.py for tasks to queue
[2025-12-30T17:38:47.779+0000] {logging_mixin.py:188} INFO - [2025-12-30T17:38:47.779+0000] {dagbag.py:538} INFO - Filling up the DagBag from /opt/airflow/dags/prediction_features_pipeline.py
[2025-12-30T17:38:47.822+0000] {processor.py:840} INFO - DAG(s) 'match_features_pipeline' retrieved from /opt/airflow/dags/prediction_features_pipeline.py
[2025-12-30T17:38:47.863+0000] {logging_mixin.py:188} INFO - [2025-12-30T17:38:47.862+0000] {dag.py:3036} INFO - Sync 1 DAGs
[2025-12-30T17:38:47.906+0000] {logging_mixin.py:188} INFO - [2025-12-30T17:38:47.906+0000] {dag.py:3823} INFO - Setting next_dagrun for match_features_pipeline to 2025-12-29 00:00:00+00:00, run_after=2025-12-30 00:00:00+00:00
[2025-12-30T17:38:47.966+0000] {processor.py:183} INFO - Processing /opt/airflow/dags/prediction_features_pipeline.py took 0.196 seconds
[2025-12-30T17:39:18.542+0000] {processor.py:161} INFO - Started process (PID=7264) to work on /opt/airflow/dags/prediction_features_pipeline.py
[2025-12-30T17:39:18.544+0000] {processor.py:830} INFO - Processing file /opt/airflow/dags/prediction_features_pipeline.py for tasks to queue
[2025-12-30T17:39:18.545+0000] {logging_mixin.py:188} INFO - [2025-12-30T17:39:18.545+0000] {dagbag.py:538} INFO - Filling up the DagBag from /opt/airflow/dags/prediction_features_pipeline.py
[2025-12-30T17:39:18.586+0000] {processor.py:840} INFO - DAG(s) 'match_features_pipeline' retrieved from /opt/airflow/dags/prediction_features_pipeline.py
[2025-12-30T17:39:18.631+0000] {logging_mixin.py:188} INFO - [2025-12-30T17:39:18.631+0000] {dag.py:3036} INFO - Sync 1 DAGs
[2025-12-30T17:39:18.671+0000] {logging_mixin.py:188} INFO - [2025-12-30T17:39:18.670+0000] {dag.py:3823} INFO - Setting next_dagrun for match_features_pipeline to 2025-12-29 00:00:00+00:00, run_after=2025-12-30 00:00:00+00:00
[2025-12-30T17:39:18.747+0000] {processor.py:183} INFO - Processing /opt/airflow/dags/prediction_features_pipeline.py took 0.212 seconds
[2025-12-30T17:39:49.362+0000] {processor.py:161} INFO - Started process (PID=7284) to work on /opt/airflow/dags/prediction_features_pipeline.py
[2025-12-30T17:39:49.365+0000] {processor.py:830} INFO - Processing file /opt/airflow/dags/prediction_features_pipeline.py for tasks to queue
[2025-12-30T17:39:49.368+0000] {logging_mixin.py:188} INFO - [2025-12-30T17:39:49.367+0000] {dagbag.py:538} INFO - Filling up the DagBag from /opt/airflow/dags/prediction_features_pipeline.py
[2025-12-30T17:39:49.429+0000] {processor.py:840} INFO - DAG(s) 'match_features_pipeline' retrieved from /opt/airflow/dags/prediction_features_pipeline.py
[2025-12-30T17:39:49.486+0000] {logging_mixin.py:188} INFO - [2025-12-30T17:39:49.485+0000] {dag.py:3036} INFO - Sync 1 DAGs
[2025-12-30T17:39:49.534+0000] {logging_mixin.py:188} INFO - [2025-12-30T17:39:49.534+0000] {dag.py:3823} INFO - Setting next_dagrun for match_features_pipeline to 2025-12-29 00:00:00+00:00, run_after=2025-12-30 00:00:00+00:00
[2025-12-30T17:39:49.578+0000] {processor.py:183} INFO - Processing /opt/airflow/dags/prediction_features_pipeline.py took 0.223 seconds
[2025-12-30T17:40:20.295+0000] {processor.py:161} INFO - Started process (PID=7304) to work on /opt/airflow/dags/prediction_features_pipeline.py
[2025-12-30T17:40:20.298+0000] {processor.py:830} INFO - Processing file /opt/airflow/dags/prediction_features_pipeline.py for tasks to queue
[2025-12-30T17:40:20.301+0000] {logging_mixin.py:188} INFO - [2025-12-30T17:40:20.300+0000] {dagbag.py:538} INFO - Filling up the DagBag from /opt/airflow/dags/prediction_features_pipeline.py
[2025-12-30T17:40:20.349+0000] {processor.py:840} INFO - DAG(s) 'match_features_pipeline' retrieved from /opt/airflow/dags/prediction_features_pipeline.py
[2025-12-30T17:40:20.400+0000] {logging_mixin.py:188} INFO - [2025-12-30T17:40:20.400+0000] {dag.py:3036} INFO - Sync 1 DAGs
[2025-12-30T17:40:20.452+0000] {logging_mixin.py:188} INFO - [2025-12-30T17:40:20.452+0000] {dag.py:3823} INFO - Setting next_dagrun for match_features_pipeline to 2025-12-29 00:00:00+00:00, run_after=2025-12-30 00:00:00+00:00
[2025-12-30T17:40:20.494+0000] {processor.py:183} INFO - Processing /opt/airflow/dags/prediction_features_pipeline.py took 0.206 seconds
[2025-12-30T17:40:51.074+0000] {processor.py:161} INFO - Started process (PID=7324) to work on /opt/airflow/dags/prediction_features_pipeline.py
[2025-12-30T17:40:51.077+0000] {processor.py:830} INFO - Processing file /opt/airflow/dags/prediction_features_pipeline.py for tasks to queue
[2025-12-30T17:40:51.078+0000] {logging_mixin.py:188} INFO - [2025-12-30T17:40:51.078+0000] {dagbag.py:538} INFO - Filling up the DagBag from /opt/airflow/dags/prediction_features_pipeline.py
[2025-12-30T17:40:51.139+0000] {processor.py:840} INFO - DAG(s) 'match_features_pipeline' retrieved from /opt/airflow/dags/prediction_features_pipeline.py
[2025-12-30T17:40:51.197+0000] {logging_mixin.py:188} INFO - [2025-12-30T17:40:51.197+0000] {dag.py:3036} INFO - Sync 1 DAGs
[2025-12-30T17:40:51.249+0000] {logging_mixin.py:188} INFO - [2025-12-30T17:40:51.249+0000] {dag.py:3823} INFO - Setting next_dagrun for match_features_pipeline to 2025-12-29 00:00:00+00:00, run_after=2025-12-30 00:00:00+00:00
[2025-12-30T17:40:51.296+0000] {processor.py:183} INFO - Processing /opt/airflow/dags/prediction_features_pipeline.py took 0.229 seconds
[2025-12-30T17:41:21.938+0000] {processor.py:161} INFO - Started process (PID=7344) to work on /opt/airflow/dags/prediction_features_pipeline.py
[2025-12-30T17:41:21.941+0000] {processor.py:830} INFO - Processing file /opt/airflow/dags/prediction_features_pipeline.py for tasks to queue
[2025-12-30T17:41:21.944+0000] {logging_mixin.py:188} INFO - [2025-12-30T17:41:21.943+0000] {dagbag.py:538} INFO - Filling up the DagBag from /opt/airflow/dags/prediction_features_pipeline.py
[2025-12-30T17:41:21.989+0000] {processor.py:840} INFO - DAG(s) 'match_features_pipeline' retrieved from /opt/airflow/dags/prediction_features_pipeline.py
[2025-12-30T17:41:22.037+0000] {logging_mixin.py:188} INFO - [2025-12-30T17:41:22.037+0000] {dag.py:3036} INFO - Sync 1 DAGs
[2025-12-30T17:41:22.086+0000] {logging_mixin.py:188} INFO - [2025-12-30T17:41:22.086+0000] {dag.py:3823} INFO - Setting next_dagrun for match_features_pipeline to 2025-12-29 00:00:00+00:00, run_after=2025-12-30 00:00:00+00:00
[2025-12-30T17:41:22.143+0000] {processor.py:183} INFO - Processing /opt/airflow/dags/prediction_features_pipeline.py took 0.210 seconds
[2025-12-30T17:41:52.719+0000] {processor.py:161} INFO - Started process (PID=7364) to work on /opt/airflow/dags/prediction_features_pipeline.py
[2025-12-30T17:41:52.722+0000] {processor.py:830} INFO - Processing file /opt/airflow/dags/prediction_features_pipeline.py for tasks to queue
[2025-12-30T17:41:52.725+0000] {logging_mixin.py:188} INFO - [2025-12-30T17:41:52.724+0000] {dagbag.py:538} INFO - Filling up the DagBag from /opt/airflow/dags/prediction_features_pipeline.py
[2025-12-30T17:41:52.780+0000] {processor.py:840} INFO - DAG(s) 'match_features_pipeline' retrieved from /opt/airflow/dags/prediction_features_pipeline.py
[2025-12-30T17:41:52.836+0000] {logging_mixin.py:188} INFO - [2025-12-30T17:41:52.835+0000] {dag.py:3036} INFO - Sync 1 DAGs
[2025-12-30T17:41:52.885+0000] {logging_mixin.py:188} INFO - [2025-12-30T17:41:52.885+0000] {dag.py:3823} INFO - Setting next_dagrun for match_features_pipeline to 2025-12-29 00:00:00+00:00, run_after=2025-12-30 00:00:00+00:00
[2025-12-30T17:41:52.928+0000] {processor.py:183} INFO - Processing /opt/airflow/dags/prediction_features_pipeline.py took 0.218 seconds
[2025-12-30T17:42:23.533+0000] {processor.py:161} INFO - Started process (PID=7384) to work on /opt/airflow/dags/prediction_features_pipeline.py
[2025-12-30T17:42:23.536+0000] {processor.py:830} INFO - Processing file /opt/airflow/dags/prediction_features_pipeline.py for tasks to queue
[2025-12-30T17:42:23.538+0000] {logging_mixin.py:188} INFO - [2025-12-30T17:42:23.537+0000] {dagbag.py:538} INFO - Filling up the DagBag from /opt/airflow/dags/prediction_features_pipeline.py
[2025-12-30T17:42:23.588+0000] {processor.py:840} INFO - DAG(s) 'match_features_pipeline' retrieved from /opt/airflow/dags/prediction_features_pipeline.py
[2025-12-30T17:42:23.643+0000] {logging_mixin.py:188} INFO - [2025-12-30T17:42:23.640+0000] {dag.py:3036} INFO - Sync 1 DAGs
[2025-12-30T17:42:23.695+0000] {logging_mixin.py:188} INFO - [2025-12-30T17:42:23.694+0000] {dag.py:3823} INFO - Setting next_dagrun for match_features_pipeline to 2025-12-29 00:00:00+00:00, run_after=2025-12-30 00:00:00+00:00
[2025-12-30T17:42:23.754+0000] {processor.py:183} INFO - Processing /opt/airflow/dags/prediction_features_pipeline.py took 0.228 seconds
[2025-12-30T17:42:54.258+0000] {processor.py:161} INFO - Started process (PID=7404) to work on /opt/airflow/dags/prediction_features_pipeline.py
[2025-12-30T17:42:54.285+0000] {processor.py:830} INFO - Processing file /opt/airflow/dags/prediction_features_pipeline.py for tasks to queue
[2025-12-30T17:42:54.287+0000] {logging_mixin.py:188} INFO - [2025-12-30T17:42:54.287+0000] {dagbag.py:538} INFO - Filling up the DagBag from /opt/airflow/dags/prediction_features_pipeline.py
[2025-12-30T17:42:54.329+0000] {processor.py:840} INFO - DAG(s) 'match_features_pipeline' retrieved from /opt/airflow/dags/prediction_features_pipeline.py
[2025-12-30T17:42:54.371+0000] {logging_mixin.py:188} INFO - [2025-12-30T17:42:54.371+0000] {dag.py:3036} INFO - Sync 1 DAGs
[2025-12-30T17:42:54.412+0000] {logging_mixin.py:188} INFO - [2025-12-30T17:42:54.412+0000] {dag.py:3823} INFO - Setting next_dagrun for match_features_pipeline to 2025-12-29 00:00:00+00:00, run_after=2025-12-30 00:00:00+00:00
[2025-12-30T17:42:54.445+0000] {processor.py:183} INFO - Processing /opt/airflow/dags/prediction_features_pipeline.py took 0.195 seconds
[2025-12-30T17:43:25.086+0000] {processor.py:161} INFO - Started process (PID=7424) to work on /opt/airflow/dags/prediction_features_pipeline.py
[2025-12-30T17:43:25.088+0000] {processor.py:830} INFO - Processing file /opt/airflow/dags/prediction_features_pipeline.py for tasks to queue
[2025-12-30T17:43:25.090+0000] {logging_mixin.py:188} INFO - [2025-12-30T17:43:25.089+0000] {dagbag.py:538} INFO - Filling up the DagBag from /opt/airflow/dags/prediction_features_pipeline.py
[2025-12-30T17:43:25.137+0000] {processor.py:840} INFO - DAG(s) 'match_features_pipeline' retrieved from /opt/airflow/dags/prediction_features_pipeline.py
[2025-12-30T17:43:25.186+0000] {logging_mixin.py:188} INFO - [2025-12-30T17:43:25.185+0000] {dag.py:3036} INFO - Sync 1 DAGs
[2025-12-30T17:43:25.239+0000] {logging_mixin.py:188} INFO - [2025-12-30T17:43:25.238+0000] {dag.py:3823} INFO - Setting next_dagrun for match_features_pipeline to 2025-12-29 00:00:00+00:00, run_after=2025-12-30 00:00:00+00:00
[2025-12-30T17:43:25.296+0000] {processor.py:183} INFO - Processing /opt/airflow/dags/prediction_features_pipeline.py took 0.216 seconds
[2025-12-30T17:43:55.893+0000] {processor.py:161} INFO - Started process (PID=7444) to work on /opt/airflow/dags/prediction_features_pipeline.py
[2025-12-30T17:43:55.896+0000] {processor.py:830} INFO - Processing file /opt/airflow/dags/prediction_features_pipeline.py for tasks to queue
[2025-12-30T17:43:55.898+0000] {logging_mixin.py:188} INFO - [2025-12-30T17:43:55.897+0000] {dagbag.py:538} INFO - Filling up the DagBag from /opt/airflow/dags/prediction_features_pipeline.py
[2025-12-30T17:43:55.941+0000] {processor.py:840} INFO - DAG(s) 'match_features_pipeline' retrieved from /opt/airflow/dags/prediction_features_pipeline.py
[2025-12-30T17:43:55.993+0000] {logging_mixin.py:188} INFO - [2025-12-30T17:43:55.992+0000] {dag.py:3036} INFO - Sync 1 DAGs
[2025-12-30T17:43:56.037+0000] {logging_mixin.py:188} INFO - [2025-12-30T17:43:56.036+0000] {dag.py:3823} INFO - Setting next_dagrun for match_features_pipeline to 2025-12-29 00:00:00+00:00, run_after=2025-12-30 00:00:00+00:00
[2025-12-30T17:43:56.086+0000] {processor.py:183} INFO - Processing /opt/airflow/dags/prediction_features_pipeline.py took 0.200 seconds
[2025-12-30T17:44:26.670+0000] {processor.py:161} INFO - Started process (PID=7464) to work on /opt/airflow/dags/prediction_features_pipeline.py
[2025-12-30T17:44:26.672+0000] {processor.py:830} INFO - Processing file /opt/airflow/dags/prediction_features_pipeline.py for tasks to queue
[2025-12-30T17:44:26.675+0000] {logging_mixin.py:188} INFO - [2025-12-30T17:44:26.674+0000] {dagbag.py:538} INFO - Filling up the DagBag from /opt/airflow/dags/prediction_features_pipeline.py
[2025-12-30T17:44:26.723+0000] {processor.py:840} INFO - DAG(s) 'match_features_pipeline' retrieved from /opt/airflow/dags/prediction_features_pipeline.py
[2025-12-30T17:44:26.773+0000] {logging_mixin.py:188} INFO - [2025-12-30T17:44:26.772+0000] {dag.py:3036} INFO - Sync 1 DAGs
[2025-12-30T17:44:26.822+0000] {logging_mixin.py:188} INFO - [2025-12-30T17:44:26.821+0000] {dag.py:3823} INFO - Setting next_dagrun for match_features_pipeline to 2025-12-29 00:00:00+00:00, run_after=2025-12-30 00:00:00+00:00
[2025-12-30T17:44:26.866+0000] {processor.py:183} INFO - Processing /opt/airflow/dags/prediction_features_pipeline.py took 0.205 seconds
[2025-12-30T17:44:57.645+0000] {processor.py:161} INFO - Started process (PID=7484) to work on /opt/airflow/dags/prediction_features_pipeline.py
[2025-12-30T17:44:57.648+0000] {processor.py:830} INFO - Processing file /opt/airflow/dags/prediction_features_pipeline.py for tasks to queue
[2025-12-30T17:44:57.651+0000] {logging_mixin.py:188} INFO - [2025-12-30T17:44:57.650+0000] {dagbag.py:538} INFO - Filling up the DagBag from /opt/airflow/dags/prediction_features_pipeline.py
[2025-12-30T17:44:57.703+0000] {processor.py:840} INFO - DAG(s) 'match_features_pipeline' retrieved from /opt/airflow/dags/prediction_features_pipeline.py
[2025-12-30T17:44:57.760+0000] {logging_mixin.py:188} INFO - [2025-12-30T17:44:57.759+0000] {dag.py:3036} INFO - Sync 1 DAGs
[2025-12-30T17:44:57.810+0000] {logging_mixin.py:188} INFO - [2025-12-30T17:44:57.809+0000] {dag.py:3823} INFO - Setting next_dagrun for match_features_pipeline to 2025-12-29 00:00:00+00:00, run_after=2025-12-30 00:00:00+00:00
[2025-12-30T17:44:57.854+0000] {processor.py:183} INFO - Processing /opt/airflow/dags/prediction_features_pipeline.py took 0.218 seconds
[2025-12-30T17:45:28.427+0000] {processor.py:161} INFO - Started process (PID=7504) to work on /opt/airflow/dags/prediction_features_pipeline.py
[2025-12-30T17:45:28.429+0000] {processor.py:830} INFO - Processing file /opt/airflow/dags/prediction_features_pipeline.py for tasks to queue
[2025-12-30T17:45:28.431+0000] {logging_mixin.py:188} INFO - [2025-12-30T17:45:28.431+0000] {dagbag.py:538} INFO - Filling up the DagBag from /opt/airflow/dags/prediction_features_pipeline.py
[2025-12-30T17:45:28.482+0000] {processor.py:840} INFO - DAG(s) 'match_features_pipeline' retrieved from /opt/airflow/dags/prediction_features_pipeline.py
[2025-12-30T17:45:28.531+0000] {logging_mixin.py:188} INFO - [2025-12-30T17:45:28.530+0000] {dag.py:3036} INFO - Sync 1 DAGs
[2025-12-30T17:45:28.580+0000] {logging_mixin.py:188} INFO - [2025-12-30T17:45:28.579+0000] {dag.py:3823} INFO - Setting next_dagrun for match_features_pipeline to 2025-12-29 00:00:00+00:00, run_after=2025-12-30 00:00:00+00:00
[2025-12-30T17:45:28.634+0000] {processor.py:183} INFO - Processing /opt/airflow/dags/prediction_features_pipeline.py took 0.214 seconds
[2025-12-30T17:45:59.366+0000] {processor.py:161} INFO - Started process (PID=7524) to work on /opt/airflow/dags/prediction_features_pipeline.py
[2025-12-30T17:45:59.369+0000] {processor.py:830} INFO - Processing file /opt/airflow/dags/prediction_features_pipeline.py for tasks to queue
[2025-12-30T17:45:59.372+0000] {logging_mixin.py:188} INFO - [2025-12-30T17:45:59.371+0000] {dagbag.py:538} INFO - Filling up the DagBag from /opt/airflow/dags/prediction_features_pipeline.py
[2025-12-30T17:45:59.434+0000] {processor.py:840} INFO - DAG(s) 'match_features_pipeline' retrieved from /opt/airflow/dags/prediction_features_pipeline.py
[2025-12-30T17:45:59.492+0000] {logging_mixin.py:188} INFO - [2025-12-30T17:45:59.491+0000] {dag.py:3036} INFO - Sync 1 DAGs
[2025-12-30T17:45:59.541+0000] {logging_mixin.py:188} INFO - [2025-12-30T17:45:59.541+0000] {dag.py:3823} INFO - Setting next_dagrun for match_features_pipeline to 2025-12-29 00:00:00+00:00, run_after=2025-12-30 00:00:00+00:00
[2025-12-30T17:45:59.586+0000] {processor.py:183} INFO - Processing /opt/airflow/dags/prediction_features_pipeline.py took 0.230 seconds
[2025-12-30T17:46:30.208+0000] {processor.py:161} INFO - Started process (PID=7544) to work on /opt/airflow/dags/prediction_features_pipeline.py
[2025-12-30T17:46:30.213+0000] {processor.py:830} INFO - Processing file /opt/airflow/dags/prediction_features_pipeline.py for tasks to queue
[2025-12-30T17:46:30.216+0000] {logging_mixin.py:188} INFO - [2025-12-30T17:46:30.215+0000] {dagbag.py:538} INFO - Filling up the DagBag from /opt/airflow/dags/prediction_features_pipeline.py
[2025-12-30T17:46:30.292+0000] {processor.py:840} INFO - DAG(s) 'match_features_pipeline' retrieved from /opt/airflow/dags/prediction_features_pipeline.py
[2025-12-30T17:46:30.353+0000] {logging_mixin.py:188} INFO - [2025-12-30T17:46:30.353+0000] {dag.py:3036} INFO - Sync 1 DAGs
[2025-12-30T17:46:30.411+0000] {logging_mixin.py:188} INFO - [2025-12-30T17:46:30.409+0000] {dag.py:3823} INFO - Setting next_dagrun for match_features_pipeline to 2025-12-29 00:00:00+00:00, run_after=2025-12-30 00:00:00+00:00
[2025-12-30T17:46:30.470+0000] {processor.py:183} INFO - Processing /opt/airflow/dags/prediction_features_pipeline.py took 0.269 seconds
[2025-12-30T17:47:01.006+0000] {processor.py:161} INFO - Started process (PID=7564) to work on /opt/airflow/dags/prediction_features_pipeline.py
[2025-12-30T17:47:01.013+0000] {processor.py:830} INFO - Processing file /opt/airflow/dags/prediction_features_pipeline.py for tasks to queue
[2025-12-30T17:47:01.019+0000] {logging_mixin.py:188} INFO - [2025-12-30T17:47:01.017+0000] {dagbag.py:538} INFO - Filling up the DagBag from /opt/airflow/dags/prediction_features_pipeline.py
[2025-12-30T17:47:01.063+0000] {processor.py:840} INFO - DAG(s) 'match_features_pipeline' retrieved from /opt/airflow/dags/prediction_features_pipeline.py
[2025-12-30T17:47:01.121+0000] {logging_mixin.py:188} INFO - [2025-12-30T17:47:01.121+0000] {dag.py:3036} INFO - Sync 1 DAGs
[2025-12-30T17:47:01.175+0000] {logging_mixin.py:188} INFO - [2025-12-30T17:47:01.174+0000] {dag.py:3823} INFO - Setting next_dagrun for match_features_pipeline to 2025-12-29 00:00:00+00:00, run_after=2025-12-30 00:00:00+00:00
[2025-12-30T17:47:01.224+0000] {processor.py:183} INFO - Processing /opt/airflow/dags/prediction_features_pipeline.py took 0.227 seconds
[2025-12-30T17:47:32.048+0000] {processor.py:161} INFO - Started process (PID=7584) to work on /opt/airflow/dags/prediction_features_pipeline.py
[2025-12-30T17:47:32.050+0000] {processor.py:830} INFO - Processing file /opt/airflow/dags/prediction_features_pipeline.py for tasks to queue
[2025-12-30T17:47:32.053+0000] {logging_mixin.py:188} INFO - [2025-12-30T17:47:32.052+0000] {dagbag.py:538} INFO - Filling up the DagBag from /opt/airflow/dags/prediction_features_pipeline.py
[2025-12-30T17:47:32.099+0000] {processor.py:840} INFO - DAG(s) 'match_features_pipeline' retrieved from /opt/airflow/dags/prediction_features_pipeline.py
[2025-12-30T17:47:32.151+0000] {logging_mixin.py:188} INFO - [2025-12-30T17:47:32.151+0000] {dag.py:3036} INFO - Sync 1 DAGs
[2025-12-30T17:47:32.203+0000] {logging_mixin.py:188} INFO - [2025-12-30T17:47:32.203+0000] {dag.py:3823} INFO - Setting next_dagrun for match_features_pipeline to 2025-12-29 00:00:00+00:00, run_after=2025-12-30 00:00:00+00:00
[2025-12-30T17:47:32.274+0000] {processor.py:183} INFO - Processing /opt/airflow/dags/prediction_features_pipeline.py took 0.237 seconds
[2025-12-30T17:48:02.888+0000] {processor.py:161} INFO - Started process (PID=7604) to work on /opt/airflow/dags/prediction_features_pipeline.py
[2025-12-30T17:48:02.891+0000] {processor.py:830} INFO - Processing file /opt/airflow/dags/prediction_features_pipeline.py for tasks to queue
[2025-12-30T17:48:02.894+0000] {logging_mixin.py:188} INFO - [2025-12-30T17:48:02.893+0000] {dagbag.py:538} INFO - Filling up the DagBag from /opt/airflow/dags/prediction_features_pipeline.py
[2025-12-30T17:48:02.943+0000] {processor.py:840} INFO - DAG(s) 'match_features_pipeline' retrieved from /opt/airflow/dags/prediction_features_pipeline.py
[2025-12-30T17:48:02.999+0000] {logging_mixin.py:188} INFO - [2025-12-30T17:48:02.999+0000] {dag.py:3036} INFO - Sync 1 DAGs
[2025-12-30T17:48:03.048+0000] {logging_mixin.py:188} INFO - [2025-12-30T17:48:03.047+0000] {dag.py:3823} INFO - Setting next_dagrun for match_features_pipeline to 2025-12-29 00:00:00+00:00, run_after=2025-12-30 00:00:00+00:00
[2025-12-30T17:48:03.097+0000] {processor.py:183} INFO - Processing /opt/airflow/dags/prediction_features_pipeline.py took 0.215 seconds
[2025-12-30T17:48:33.928+0000] {processor.py:161} INFO - Started process (PID=7624) to work on /opt/airflow/dags/prediction_features_pipeline.py
[2025-12-30T17:48:33.932+0000] {processor.py:830} INFO - Processing file /opt/airflow/dags/prediction_features_pipeline.py for tasks to queue
[2025-12-30T17:48:33.934+0000] {logging_mixin.py:188} INFO - [2025-12-30T17:48:33.934+0000] {dagbag.py:538} INFO - Filling up the DagBag from /opt/airflow/dags/prediction_features_pipeline.py
[2025-12-30T17:48:33.979+0000] {processor.py:840} INFO - DAG(s) 'match_features_pipeline' retrieved from /opt/airflow/dags/prediction_features_pipeline.py
[2025-12-30T17:48:34.038+0000] {logging_mixin.py:188} INFO - [2025-12-30T17:48:34.038+0000] {dag.py:3036} INFO - Sync 1 DAGs
[2025-12-30T17:48:34.088+0000] {logging_mixin.py:188} INFO - [2025-12-30T17:48:34.087+0000] {dag.py:3823} INFO - Setting next_dagrun for match_features_pipeline to 2025-12-29 00:00:00+00:00, run_after=2025-12-30 00:00:00+00:00
[2025-12-30T17:48:34.131+0000] {processor.py:183} INFO - Processing /opt/airflow/dags/prediction_features_pipeline.py took 0.210 seconds
[2025-12-30T17:49:04.918+0000] {processor.py:161} INFO - Started process (PID=7644) to work on /opt/airflow/dags/prediction_features_pipeline.py
[2025-12-30T17:49:04.921+0000] {processor.py:830} INFO - Processing file /opt/airflow/dags/prediction_features_pipeline.py for tasks to queue
[2025-12-30T17:49:04.923+0000] {logging_mixin.py:188} INFO - [2025-12-30T17:49:04.923+0000] {dagbag.py:538} INFO - Filling up the DagBag from /opt/airflow/dags/prediction_features_pipeline.py
[2025-12-30T17:49:04.972+0000] {processor.py:840} INFO - DAG(s) 'match_features_pipeline' retrieved from /opt/airflow/dags/prediction_features_pipeline.py
[2025-12-30T17:49:05.032+0000] {logging_mixin.py:188} INFO - [2025-12-30T17:49:05.031+0000] {dag.py:3036} INFO - Sync 1 DAGs
[2025-12-30T17:49:05.078+0000] {logging_mixin.py:188} INFO - [2025-12-30T17:49:05.077+0000] {dag.py:3823} INFO - Setting next_dagrun for match_features_pipeline to 2025-12-29 00:00:00+00:00, run_after=2025-12-30 00:00:00+00:00
[2025-12-30T17:49:05.120+0000] {processor.py:183} INFO - Processing /opt/airflow/dags/prediction_features_pipeline.py took 0.213 seconds
[2025-12-30T17:49:35.730+0000] {processor.py:161} INFO - Started process (PID=7664) to work on /opt/airflow/dags/prediction_features_pipeline.py
[2025-12-30T17:49:35.733+0000] {processor.py:830} INFO - Processing file /opt/airflow/dags/prediction_features_pipeline.py for tasks to queue
[2025-12-30T17:49:35.736+0000] {logging_mixin.py:188} INFO - [2025-12-30T17:49:35.735+0000] {dagbag.py:538} INFO - Filling up the DagBag from /opt/airflow/dags/prediction_features_pipeline.py
[2025-12-30T17:49:35.787+0000] {processor.py:840} INFO - DAG(s) 'match_features_pipeline' retrieved from /opt/airflow/dags/prediction_features_pipeline.py
[2025-12-30T17:49:35.837+0000] {logging_mixin.py:188} INFO - [2025-12-30T17:49:35.837+0000] {dag.py:3036} INFO - Sync 1 DAGs
[2025-12-30T17:49:35.887+0000] {logging_mixin.py:188} INFO - [2025-12-30T17:49:35.886+0000] {dag.py:3823} INFO - Setting next_dagrun for match_features_pipeline to 2025-12-29 00:00:00+00:00, run_after=2025-12-30 00:00:00+00:00
[2025-12-30T17:49:35.929+0000] {processor.py:183} INFO - Processing /opt/airflow/dags/prediction_features_pipeline.py took 0.208 seconds
[2025-12-30T17:50:06.818+0000] {processor.py:161} INFO - Started process (PID=7684) to work on /opt/airflow/dags/prediction_features_pipeline.py
[2025-12-30T17:50:06.822+0000] {processor.py:830} INFO - Processing file /opt/airflow/dags/prediction_features_pipeline.py for tasks to queue
[2025-12-30T17:50:06.825+0000] {logging_mixin.py:188} INFO - [2025-12-30T17:50:06.824+0000] {dagbag.py:538} INFO - Filling up the DagBag from /opt/airflow/dags/prediction_features_pipeline.py
[2025-12-30T17:50:06.884+0000] {processor.py:840} INFO - DAG(s) 'match_features_pipeline' retrieved from /opt/airflow/dags/prediction_features_pipeline.py
[2025-12-30T17:50:06.940+0000] {logging_mixin.py:188} INFO - [2025-12-30T17:50:06.940+0000] {dag.py:3036} INFO - Sync 1 DAGs
[2025-12-30T17:50:06.991+0000] {logging_mixin.py:188} INFO - [2025-12-30T17:50:06.990+0000] {dag.py:3823} INFO - Setting next_dagrun for match_features_pipeline to 2025-12-29 00:00:00+00:00, run_after=2025-12-30 00:00:00+00:00
[2025-12-30T17:50:07.029+0000] {processor.py:183} INFO - Processing /opt/airflow/dags/prediction_features_pipeline.py took 0.222 seconds
[2025-12-30T17:50:37.594+0000] {processor.py:161} INFO - Started process (PID=7704) to work on /opt/airflow/dags/prediction_features_pipeline.py
[2025-12-30T17:50:37.596+0000] {processor.py:830} INFO - Processing file /opt/airflow/dags/prediction_features_pipeline.py for tasks to queue
[2025-12-30T17:50:37.598+0000] {logging_mixin.py:188} INFO - [2025-12-30T17:50:37.597+0000] {dagbag.py:538} INFO - Filling up the DagBag from /opt/airflow/dags/prediction_features_pipeline.py
[2025-12-30T17:50:37.643+0000] {processor.py:840} INFO - DAG(s) 'match_features_pipeline' retrieved from /opt/airflow/dags/prediction_features_pipeline.py
[2025-12-30T17:50:37.691+0000] {logging_mixin.py:188} INFO - [2025-12-30T17:50:37.691+0000] {dag.py:3036} INFO - Sync 1 DAGs
[2025-12-30T17:50:37.739+0000] {logging_mixin.py:188} INFO - [2025-12-30T17:50:37.739+0000] {dag.py:3823} INFO - Setting next_dagrun for match_features_pipeline to 2025-12-29 00:00:00+00:00, run_after=2025-12-30 00:00:00+00:00
[2025-12-30T17:50:37.804+0000] {processor.py:183} INFO - Processing /opt/airflow/dags/prediction_features_pipeline.py took 0.215 seconds
[2025-12-30T17:51:08.325+0000] {processor.py:161} INFO - Started process (PID=7724) to work on /opt/airflow/dags/prediction_features_pipeline.py
[2025-12-30T17:51:08.328+0000] {processor.py:830} INFO - Processing file /opt/airflow/dags/prediction_features_pipeline.py for tasks to queue
[2025-12-30T17:51:08.331+0000] {logging_mixin.py:188} INFO - [2025-12-30T17:51:08.331+0000] {dagbag.py:538} INFO - Filling up the DagBag from /opt/airflow/dags/prediction_features_pipeline.py
[2025-12-30T17:51:08.373+0000] {processor.py:840} INFO - DAG(s) 'match_features_pipeline' retrieved from /opt/airflow/dags/prediction_features_pipeline.py
[2025-12-30T17:51:08.422+0000] {logging_mixin.py:188} INFO - [2025-12-30T17:51:08.422+0000] {dag.py:3036} INFO - Sync 1 DAGs
[2025-12-30T17:51:08.473+0000] {logging_mixin.py:188} INFO - [2025-12-30T17:51:08.473+0000] {dag.py:3823} INFO - Setting next_dagrun for match_features_pipeline to 2025-12-29 00:00:00+00:00, run_after=2025-12-30 00:00:00+00:00
[2025-12-30T17:51:08.520+0000] {processor.py:183} INFO - Processing /opt/airflow/dags/prediction_features_pipeline.py took 0.202 seconds
[2025-12-30T17:51:39.320+0000] {processor.py:161} INFO - Started process (PID=7744) to work on /opt/airflow/dags/prediction_features_pipeline.py
[2025-12-30T17:51:39.323+0000] {processor.py:830} INFO - Processing file /opt/airflow/dags/prediction_features_pipeline.py for tasks to queue
[2025-12-30T17:51:39.325+0000] {logging_mixin.py:188} INFO - [2025-12-30T17:51:39.324+0000] {dagbag.py:538} INFO - Filling up the DagBag from /opt/airflow/dags/prediction_features_pipeline.py
[2025-12-30T17:51:39.371+0000] {processor.py:840} INFO - DAG(s) 'match_features_pipeline' retrieved from /opt/airflow/dags/prediction_features_pipeline.py
[2025-12-30T17:51:39.422+0000] {logging_mixin.py:188} INFO - [2025-12-30T17:51:39.421+0000] {dag.py:3036} INFO - Sync 1 DAGs
[2025-12-30T17:51:39.471+0000] {logging_mixin.py:188} INFO - [2025-12-30T17:51:39.471+0000] {dag.py:3823} INFO - Setting next_dagrun for match_features_pipeline to 2025-12-29 00:00:00+00:00, run_after=2025-12-30 00:00:00+00:00
[2025-12-30T17:51:39.547+0000] {processor.py:183} INFO - Processing /opt/airflow/dags/prediction_features_pipeline.py took 0.234 seconds
[2025-12-30T17:52:10.058+0000] {processor.py:161} INFO - Started process (PID=7764) to work on /opt/airflow/dags/prediction_features_pipeline.py
[2025-12-30T17:52:10.060+0000] {processor.py:830} INFO - Processing file /opt/airflow/dags/prediction_features_pipeline.py for tasks to queue
[2025-12-30T17:52:10.062+0000] {logging_mixin.py:188} INFO - [2025-12-30T17:52:10.061+0000] {dagbag.py:538} INFO - Filling up the DagBag from /opt/airflow/dags/prediction_features_pipeline.py
[2025-12-30T17:52:10.126+0000] {processor.py:840} INFO - DAG(s) 'match_features_pipeline' retrieved from /opt/airflow/dags/prediction_features_pipeline.py
[2025-12-30T17:52:10.175+0000] {logging_mixin.py:188} INFO - [2025-12-30T17:52:10.175+0000] {dag.py:3036} INFO - Sync 1 DAGs
[2025-12-30T17:52:10.220+0000] {logging_mixin.py:188} INFO - [2025-12-30T17:52:10.220+0000] {dag.py:3823} INFO - Setting next_dagrun for match_features_pipeline to 2025-12-29 00:00:00+00:00, run_after=2025-12-30 00:00:00+00:00
[2025-12-30T17:52:10.258+0000] {processor.py:183} INFO - Processing /opt/airflow/dags/prediction_features_pipeline.py took 0.206 seconds
[2025-12-30T17:52:40.906+0000] {processor.py:161} INFO - Started process (PID=7784) to work on /opt/airflow/dags/prediction_features_pipeline.py
[2025-12-30T17:52:40.908+0000] {processor.py:830} INFO - Processing file /opt/airflow/dags/prediction_features_pipeline.py for tasks to queue
[2025-12-30T17:52:40.910+0000] {logging_mixin.py:188} INFO - [2025-12-30T17:52:40.909+0000] {dagbag.py:538} INFO - Filling up the DagBag from /opt/airflow/dags/prediction_features_pipeline.py
[2025-12-30T17:52:40.961+0000] {processor.py:840} INFO - DAG(s) 'match_features_pipeline' retrieved from /opt/airflow/dags/prediction_features_pipeline.py
[2025-12-30T17:52:41.008+0000] {logging_mixin.py:188} INFO - [2025-12-30T17:52:41.007+0000] {dag.py:3036} INFO - Sync 1 DAGs
[2025-12-30T17:52:41.048+0000] {logging_mixin.py:188} INFO - [2025-12-30T17:52:41.048+0000] {dag.py:3823} INFO - Setting next_dagrun for match_features_pipeline to 2025-12-29 00:00:00+00:00, run_after=2025-12-30 00:00:00+00:00
[2025-12-30T17:52:41.083+0000] {processor.py:183} INFO - Processing /opt/airflow/dags/prediction_features_pipeline.py took 0.187 seconds
[2025-12-30T17:53:11.850+0000] {processor.py:161} INFO - Started process (PID=7804) to work on /opt/airflow/dags/prediction_features_pipeline.py
[2025-12-30T17:53:11.853+0000] {processor.py:830} INFO - Processing file /opt/airflow/dags/prediction_features_pipeline.py for tasks to queue
[2025-12-30T17:53:11.855+0000] {logging_mixin.py:188} INFO - [2025-12-30T17:53:11.855+0000] {dagbag.py:538} INFO - Filling up the DagBag from /opt/airflow/dags/prediction_features_pipeline.py
[2025-12-30T17:53:11.918+0000] {processor.py:840} INFO - DAG(s) 'match_features_pipeline' retrieved from /opt/airflow/dags/prediction_features_pipeline.py
[2025-12-30T17:53:11.966+0000] {logging_mixin.py:188} INFO - [2025-12-30T17:53:11.966+0000] {dag.py:3036} INFO - Sync 1 DAGs
[2025-12-30T17:53:12.010+0000] {logging_mixin.py:188} INFO - [2025-12-30T17:53:12.009+0000] {dag.py:3823} INFO - Setting next_dagrun for match_features_pipeline to 2025-12-29 00:00:00+00:00, run_after=2025-12-30 00:00:00+00:00
[2025-12-30T17:53:12.047+0000] {processor.py:183} INFO - Processing /opt/airflow/dags/prediction_features_pipeline.py took 0.202 seconds
[2025-12-30T17:53:42.674+0000] {processor.py:161} INFO - Started process (PID=7824) to work on /opt/airflow/dags/prediction_features_pipeline.py
[2025-12-30T17:53:42.676+0000] {processor.py:830} INFO - Processing file /opt/airflow/dags/prediction_features_pipeline.py for tasks to queue
[2025-12-30T17:53:42.678+0000] {logging_mixin.py:188} INFO - [2025-12-30T17:53:42.677+0000] {dagbag.py:538} INFO - Filling up the DagBag from /opt/airflow/dags/prediction_features_pipeline.py
[2025-12-30T17:53:42.725+0000] {processor.py:840} INFO - DAG(s) 'match_features_pipeline' retrieved from /opt/airflow/dags/prediction_features_pipeline.py
[2025-12-30T17:53:42.778+0000] {logging_mixin.py:188} INFO - [2025-12-30T17:53:42.777+0000] {dag.py:3036} INFO - Sync 1 DAGs
[2025-12-30T17:53:42.828+0000] {logging_mixin.py:188} INFO - [2025-12-30T17:53:42.827+0000] {dag.py:3823} INFO - Setting next_dagrun for match_features_pipeline to 2025-12-29 00:00:00+00:00, run_after=2025-12-30 00:00:00+00:00
[2025-12-30T17:53:42.872+0000] {processor.py:183} INFO - Processing /opt/airflow/dags/prediction_features_pipeline.py took 0.208 seconds
[2025-12-30T17:54:13.471+0000] {processor.py:161} INFO - Started process (PID=7844) to work on /opt/airflow/dags/prediction_features_pipeline.py
[2025-12-30T17:54:13.473+0000] {processor.py:830} INFO - Processing file /opt/airflow/dags/prediction_features_pipeline.py for tasks to queue
[2025-12-30T17:54:13.475+0000] {logging_mixin.py:188} INFO - [2025-12-30T17:54:13.474+0000] {dagbag.py:538} INFO - Filling up the DagBag from /opt/airflow/dags/prediction_features_pipeline.py
[2025-12-30T17:54:13.517+0000] {processor.py:840} INFO - DAG(s) 'match_features_pipeline' retrieved from /opt/airflow/dags/prediction_features_pipeline.py
[2025-12-30T17:54:13.559+0000] {logging_mixin.py:188} INFO - [2025-12-30T17:54:13.559+0000] {dag.py:3036} INFO - Sync 1 DAGs
[2025-12-30T17:54:13.600+0000] {logging_mixin.py:188} INFO - [2025-12-30T17:54:13.600+0000] {dag.py:3823} INFO - Setting next_dagrun for match_features_pipeline to 2025-12-29 00:00:00+00:00, run_after=2025-12-30 00:00:00+00:00
[2025-12-30T17:54:13.660+0000] {processor.py:183} INFO - Processing /opt/airflow/dags/prediction_features_pipeline.py took 0.196 seconds
[2025-12-30T17:54:44.271+0000] {processor.py:161} INFO - Started process (PID=7864) to work on /opt/airflow/dags/prediction_features_pipeline.py
[2025-12-30T17:54:44.274+0000] {processor.py:830} INFO - Processing file /opt/airflow/dags/prediction_features_pipeline.py for tasks to queue
[2025-12-30T17:54:44.276+0000] {logging_mixin.py:188} INFO - [2025-12-30T17:54:44.275+0000] {dagbag.py:538} INFO - Filling up the DagBag from /opt/airflow/dags/prediction_features_pipeline.py
[2025-12-30T17:54:44.336+0000] {processor.py:840} INFO - DAG(s) 'match_features_pipeline' retrieved from /opt/airflow/dags/prediction_features_pipeline.py
[2025-12-30T17:54:44.396+0000] {logging_mixin.py:188} INFO - [2025-12-30T17:54:44.395+0000] {dag.py:3036} INFO - Sync 1 DAGs
[2025-12-30T17:54:44.444+0000] {logging_mixin.py:188} INFO - [2025-12-30T17:54:44.444+0000] {dag.py:3823} INFO - Setting next_dagrun for match_features_pipeline to 2025-12-29 00:00:00+00:00, run_after=2025-12-30 00:00:00+00:00
[2025-12-30T17:54:44.487+0000] {processor.py:183} INFO - Processing /opt/airflow/dags/prediction_features_pipeline.py took 0.225 seconds
[2025-12-30T17:55:15.233+0000] {processor.py:161} INFO - Started process (PID=7884) to work on /opt/airflow/dags/prediction_features_pipeline.py
[2025-12-30T17:55:15.236+0000] {processor.py:830} INFO - Processing file /opt/airflow/dags/prediction_features_pipeline.py for tasks to queue
[2025-12-30T17:55:15.239+0000] {logging_mixin.py:188} INFO - [2025-12-30T17:55:15.238+0000] {dagbag.py:538} INFO - Filling up the DagBag from /opt/airflow/dags/prediction_features_pipeline.py
[2025-12-30T17:55:15.290+0000] {processor.py:840} INFO - DAG(s) 'match_features_pipeline' retrieved from /opt/airflow/dags/prediction_features_pipeline.py
[2025-12-30T17:55:15.340+0000] {logging_mixin.py:188} INFO - [2025-12-30T17:55:15.340+0000] {dag.py:3036} INFO - Sync 1 DAGs
[2025-12-30T17:55:15.387+0000] {logging_mixin.py:188} INFO - [2025-12-30T17:55:15.386+0000] {dag.py:3823} INFO - Setting next_dagrun for match_features_pipeline to 2025-12-29 00:00:00+00:00, run_after=2025-12-30 00:00:00+00:00
[2025-12-30T17:55:15.432+0000] {processor.py:183} INFO - Processing /opt/airflow/dags/prediction_features_pipeline.py took 0.207 seconds
[2025-12-30T17:55:46.191+0000] {processor.py:161} INFO - Started process (PID=7904) to work on /opt/airflow/dags/prediction_features_pipeline.py
[2025-12-30T17:55:46.193+0000] {processor.py:830} INFO - Processing file /opt/airflow/dags/prediction_features_pipeline.py for tasks to queue
[2025-12-30T17:55:46.195+0000] {logging_mixin.py:188} INFO - [2025-12-30T17:55:46.195+0000] {dagbag.py:538} INFO - Filling up the DagBag from /opt/airflow/dags/prediction_features_pipeline.py
[2025-12-30T17:55:46.268+0000] {processor.py:840} INFO - DAG(s) 'match_features_pipeline' retrieved from /opt/airflow/dags/prediction_features_pipeline.py
[2025-12-30T17:55:46.329+0000] {logging_mixin.py:188} INFO - [2025-12-30T17:55:46.329+0000] {dag.py:3036} INFO - Sync 1 DAGs
[2025-12-30T17:55:46.377+0000] {logging_mixin.py:188} INFO - [2025-12-30T17:55:46.376+0000] {dag.py:3823} INFO - Setting next_dagrun for match_features_pipeline to 2025-12-29 00:00:00+00:00, run_after=2025-12-30 00:00:00+00:00
[2025-12-30T17:55:46.418+0000] {processor.py:183} INFO - Processing /opt/airflow/dags/prediction_features_pipeline.py took 0.235 seconds
[2025-12-30T17:56:16.959+0000] {processor.py:161} INFO - Started process (PID=7924) to work on /opt/airflow/dags/prediction_features_pipeline.py
[2025-12-30T17:56:16.965+0000] {processor.py:830} INFO - Processing file /opt/airflow/dags/prediction_features_pipeline.py for tasks to queue
[2025-12-30T17:56:16.968+0000] {logging_mixin.py:188} INFO - [2025-12-30T17:56:16.967+0000] {dagbag.py:538} INFO - Filling up the DagBag from /opt/airflow/dags/prediction_features_pipeline.py
[2025-12-30T17:56:17.014+0000] {processor.py:840} INFO - DAG(s) 'match_features_pipeline' retrieved from /opt/airflow/dags/prediction_features_pipeline.py
[2025-12-30T17:56:17.064+0000] {logging_mixin.py:188} INFO - [2025-12-30T17:56:17.063+0000] {dag.py:3036} INFO - Sync 1 DAGs
[2025-12-30T17:56:17.111+0000] {logging_mixin.py:188} INFO - [2025-12-30T17:56:17.111+0000] {dag.py:3823} INFO - Setting next_dagrun for match_features_pipeline to 2025-12-29 00:00:00+00:00, run_after=2025-12-30 00:00:00+00:00
[2025-12-30T17:56:17.187+0000] {processor.py:183} INFO - Processing /opt/airflow/dags/prediction_features_pipeline.py took 0.241 seconds
[2025-12-30T17:56:47.794+0000] {processor.py:161} INFO - Started process (PID=7944) to work on /opt/airflow/dags/prediction_features_pipeline.py
[2025-12-30T17:56:47.796+0000] {processor.py:830} INFO - Processing file /opt/airflow/dags/prediction_features_pipeline.py for tasks to queue
[2025-12-30T17:56:47.798+0000] {logging_mixin.py:188} INFO - [2025-12-30T17:56:47.797+0000] {dagbag.py:538} INFO - Filling up the DagBag from /opt/airflow/dags/prediction_features_pipeline.py
[2025-12-30T17:56:47.842+0000] {processor.py:840} INFO - DAG(s) 'match_features_pipeline' retrieved from /opt/airflow/dags/prediction_features_pipeline.py
[2025-12-30T17:56:47.889+0000] {logging_mixin.py:188} INFO - [2025-12-30T17:56:47.889+0000] {dag.py:3036} INFO - Sync 1 DAGs
[2025-12-30T17:56:47.937+0000] {logging_mixin.py:188} INFO - [2025-12-30T17:56:47.937+0000] {dag.py:3823} INFO - Setting next_dagrun for match_features_pipeline to 2025-12-29 00:00:00+00:00, run_after=2025-12-30 00:00:00+00:00
[2025-12-30T17:56:47.991+0000] {processor.py:183} INFO - Processing /opt/airflow/dags/prediction_features_pipeline.py took 0.205 seconds
[2025-12-30T17:57:18.554+0000] {processor.py:161} INFO - Started process (PID=7964) to work on /opt/airflow/dags/prediction_features_pipeline.py
[2025-12-30T17:57:18.562+0000] {processor.py:830} INFO - Processing file /opt/airflow/dags/prediction_features_pipeline.py for tasks to queue
[2025-12-30T17:57:18.564+0000] {logging_mixin.py:188} INFO - [2025-12-30T17:57:18.563+0000] {dagbag.py:538} INFO - Filling up the DagBag from /opt/airflow/dags/prediction_features_pipeline.py
[2025-12-30T17:57:18.605+0000] {processor.py:840} INFO - DAG(s) 'match_features_pipeline' retrieved from /opt/airflow/dags/prediction_features_pipeline.py
[2025-12-30T17:57:18.652+0000] {logging_mixin.py:188} INFO - [2025-12-30T17:57:18.651+0000] {dag.py:3036} INFO - Sync 1 DAGs
[2025-12-30T17:57:18.695+0000] {logging_mixin.py:188} INFO - [2025-12-30T17:57:18.695+0000] {dag.py:3823} INFO - Setting next_dagrun for match_features_pipeline to 2025-12-29 00:00:00+00:00, run_after=2025-12-30 00:00:00+00:00
[2025-12-30T17:57:18.753+0000] {processor.py:183} INFO - Processing /opt/airflow/dags/prediction_features_pipeline.py took 0.207 seconds
[2025-12-30T17:57:49.401+0000] {processor.py:161} INFO - Started process (PID=7984) to work on /opt/airflow/dags/prediction_features_pipeline.py
[2025-12-30T17:57:49.403+0000] {processor.py:830} INFO - Processing file /opt/airflow/dags/prediction_features_pipeline.py for tasks to queue
[2025-12-30T17:57:49.405+0000] {logging_mixin.py:188} INFO - [2025-12-30T17:57:49.404+0000] {dagbag.py:538} INFO - Filling up the DagBag from /opt/airflow/dags/prediction_features_pipeline.py
[2025-12-30T17:57:49.475+0000] {processor.py:840} INFO - DAG(s) 'match_features_pipeline' retrieved from /opt/airflow/dags/prediction_features_pipeline.py
[2025-12-30T17:57:49.529+0000] {logging_mixin.py:188} INFO - [2025-12-30T17:57:49.529+0000] {dag.py:3036} INFO - Sync 1 DAGs
[2025-12-30T17:57:49.578+0000] {logging_mixin.py:188} INFO - [2025-12-30T17:57:49.577+0000] {dag.py:3823} INFO - Setting next_dagrun for match_features_pipeline to 2025-12-29 00:00:00+00:00, run_after=2025-12-30 00:00:00+00:00
[2025-12-30T17:57:49.619+0000] {processor.py:183} INFO - Processing /opt/airflow/dags/prediction_features_pipeline.py took 0.223 seconds
[2025-12-30T17:58:20.151+0000] {processor.py:161} INFO - Started process (PID=8004) to work on /opt/airflow/dags/prediction_features_pipeline.py
[2025-12-30T17:58:20.154+0000] {processor.py:830} INFO - Processing file /opt/airflow/dags/prediction_features_pipeline.py for tasks to queue
[2025-12-30T17:58:20.156+0000] {logging_mixin.py:188} INFO - [2025-12-30T17:58:20.155+0000] {dagbag.py:538} INFO - Filling up the DagBag from /opt/airflow/dags/prediction_features_pipeline.py
[2025-12-30T17:58:20.207+0000] {processor.py:840} INFO - DAG(s) 'match_features_pipeline' retrieved from /opt/airflow/dags/prediction_features_pipeline.py
[2025-12-30T17:58:20.259+0000] {logging_mixin.py:188} INFO - [2025-12-30T17:58:20.259+0000] {dag.py:3036} INFO - Sync 1 DAGs
[2025-12-30T17:58:20.311+0000] {logging_mixin.py:188} INFO - [2025-12-30T17:58:20.310+0000] {dag.py:3823} INFO - Setting next_dagrun for match_features_pipeline to 2025-12-29 00:00:00+00:00, run_after=2025-12-30 00:00:00+00:00
[2025-12-30T17:58:20.377+0000] {processor.py:183} INFO - Processing /opt/airflow/dags/prediction_features_pipeline.py took 0.232 seconds
[2025-12-30T17:58:50.920+0000] {processor.py:161} INFO - Started process (PID=8024) to work on /opt/airflow/dags/prediction_features_pipeline.py
[2025-12-30T17:58:50.923+0000] {processor.py:830} INFO - Processing file /opt/airflow/dags/prediction_features_pipeline.py for tasks to queue
[2025-12-30T17:58:50.926+0000] {logging_mixin.py:188} INFO - [2025-12-30T17:58:50.925+0000] {dagbag.py:538} INFO - Filling up the DagBag from /opt/airflow/dags/prediction_features_pipeline.py
[2025-12-30T17:58:50.972+0000] {processor.py:840} INFO - DAG(s) 'match_features_pipeline' retrieved from /opt/airflow/dags/prediction_features_pipeline.py
[2025-12-30T17:58:51.028+0000] {logging_mixin.py:188} INFO - [2025-12-30T17:58:51.028+0000] {dag.py:3036} INFO - Sync 1 DAGs
[2025-12-30T17:58:51.077+0000] {logging_mixin.py:188} INFO - [2025-12-30T17:58:51.076+0000] {dag.py:3823} INFO - Setting next_dagrun for match_features_pipeline to 2025-12-29 00:00:00+00:00, run_after=2025-12-30 00:00:00+00:00
[2025-12-30T17:58:51.138+0000] {processor.py:183} INFO - Processing /opt/airflow/dags/prediction_features_pipeline.py took 0.227 seconds
[2025-12-30T17:59:21.679+0000] {processor.py:161} INFO - Started process (PID=8044) to work on /opt/airflow/dags/prediction_features_pipeline.py
[2025-12-30T17:59:21.681+0000] {processor.py:830} INFO - Processing file /opt/airflow/dags/prediction_features_pipeline.py for tasks to queue
[2025-12-30T17:59:21.683+0000] {logging_mixin.py:188} INFO - [2025-12-30T17:59:21.683+0000] {dagbag.py:538} INFO - Filling up the DagBag from /opt/airflow/dags/prediction_features_pipeline.py
[2025-12-30T17:59:21.735+0000] {processor.py:840} INFO - DAG(s) 'match_features_pipeline' retrieved from /opt/airflow/dags/prediction_features_pipeline.py
[2025-12-30T17:59:21.786+0000] {logging_mixin.py:188} INFO - [2025-12-30T17:59:21.785+0000] {dag.py:3036} INFO - Sync 1 DAGs
[2025-12-30T17:59:21.868+0000] {logging_mixin.py:188} INFO - [2025-12-30T17:59:21.867+0000] {dag.py:3823} INFO - Setting next_dagrun for match_features_pipeline to 2025-12-29 00:00:00+00:00, run_after=2025-12-30 00:00:00+00:00
[2025-12-30T17:59:21.907+0000] {processor.py:183} INFO - Processing /opt/airflow/dags/prediction_features_pipeline.py took 0.234 seconds
[2025-12-30T17:59:52.632+0000] {processor.py:161} INFO - Started process (PID=8064) to work on /opt/airflow/dags/prediction_features_pipeline.py
[2025-12-30T17:59:52.635+0000] {processor.py:830} INFO - Processing file /opt/airflow/dags/prediction_features_pipeline.py for tasks to queue
[2025-12-30T17:59:52.638+0000] {logging_mixin.py:188} INFO - [2025-12-30T17:59:52.637+0000] {dagbag.py:538} INFO - Filling up the DagBag from /opt/airflow/dags/prediction_features_pipeline.py
[2025-12-30T17:59:52.702+0000] {processor.py:840} INFO - DAG(s) 'match_features_pipeline' retrieved from /opt/airflow/dags/prediction_features_pipeline.py
[2025-12-30T17:59:52.754+0000] {logging_mixin.py:188} INFO - [2025-12-30T17:59:52.754+0000] {dag.py:3036} INFO - Sync 1 DAGs
[2025-12-30T17:59:52.802+0000] {logging_mixin.py:188} INFO - [2025-12-30T17:59:52.802+0000] {dag.py:3823} INFO - Setting next_dagrun for match_features_pipeline to 2025-12-29 00:00:00+00:00, run_after=2025-12-30 00:00:00+00:00
[2025-12-30T17:59:52.841+0000] {processor.py:183} INFO - Processing /opt/airflow/dags/prediction_features_pipeline.py took 0.218 seconds
[2025-12-30T18:00:23.518+0000] {processor.py:161} INFO - Started process (PID=8084) to work on /opt/airflow/dags/prediction_features_pipeline.py
[2025-12-30T18:00:23.520+0000] {processor.py:830} INFO - Processing file /opt/airflow/dags/prediction_features_pipeline.py for tasks to queue
[2025-12-30T18:00:23.521+0000] {logging_mixin.py:188} INFO - [2025-12-30T18:00:23.521+0000] {dagbag.py:538} INFO - Filling up the DagBag from /opt/airflow/dags/prediction_features_pipeline.py
[2025-12-30T18:00:23.565+0000] {processor.py:840} INFO - DAG(s) 'match_features_pipeline' retrieved from /opt/airflow/dags/prediction_features_pipeline.py
[2025-12-30T18:00:23.612+0000] {logging_mixin.py:188} INFO - [2025-12-30T18:00:23.611+0000] {dag.py:3036} INFO - Sync 1 DAGs
[2025-12-30T18:00:23.652+0000] {logging_mixin.py:188} INFO - [2025-12-30T18:00:23.652+0000] {dag.py:3823} INFO - Setting next_dagrun for match_features_pipeline to 2025-12-29 00:00:00+00:00, run_after=2025-12-30 00:00:00+00:00
[2025-12-30T18:00:23.712+0000] {processor.py:183} INFO - Processing /opt/airflow/dags/prediction_features_pipeline.py took 0.200 seconds
[2025-12-30T18:00:54.253+0000] {processor.py:161} INFO - Started process (PID=8104) to work on /opt/airflow/dags/prediction_features_pipeline.py
[2025-12-30T18:00:54.255+0000] {processor.py:830} INFO - Processing file /opt/airflow/dags/prediction_features_pipeline.py for tasks to queue
[2025-12-30T18:00:54.257+0000] {logging_mixin.py:188} INFO - [2025-12-30T18:00:54.256+0000] {dagbag.py:538} INFO - Filling up the DagBag from /opt/airflow/dags/prediction_features_pipeline.py
[2025-12-30T18:00:54.298+0000] {processor.py:840} INFO - DAG(s) 'match_features_pipeline' retrieved from /opt/airflow/dags/prediction_features_pipeline.py
[2025-12-30T18:00:54.339+0000] {logging_mixin.py:188} INFO - [2025-12-30T18:00:54.338+0000] {dag.py:3036} INFO - Sync 1 DAGs
[2025-12-30T18:00:54.389+0000] {logging_mixin.py:188} INFO - [2025-12-30T18:00:54.388+0000] {dag.py:3823} INFO - Setting next_dagrun for match_features_pipeline to 2025-12-29 00:00:00+00:00, run_after=2025-12-30 00:00:00+00:00
[2025-12-30T18:00:54.450+0000] {processor.py:183} INFO - Processing /opt/airflow/dags/prediction_features_pipeline.py took 0.205 seconds
[2025-12-30T18:01:24.973+0000] {processor.py:161} INFO - Started process (PID=8124) to work on /opt/airflow/dags/prediction_features_pipeline.py
[2025-12-30T18:01:24.975+0000] {processor.py:830} INFO - Processing file /opt/airflow/dags/prediction_features_pipeline.py for tasks to queue
[2025-12-30T18:01:24.979+0000] {logging_mixin.py:188} INFO - [2025-12-30T18:01:24.978+0000] {dagbag.py:538} INFO - Filling up the DagBag from /opt/airflow/dags/prediction_features_pipeline.py
[2025-12-30T18:01:25.025+0000] {processor.py:840} INFO - DAG(s) 'match_features_pipeline' retrieved from /opt/airflow/dags/prediction_features_pipeline.py
[2025-12-30T18:01:25.070+0000] {logging_mixin.py:188} INFO - [2025-12-30T18:01:25.070+0000] {dag.py:3036} INFO - Sync 1 DAGs
[2025-12-30T18:01:25.119+0000] {logging_mixin.py:188} INFO - [2025-12-30T18:01:25.119+0000] {dag.py:3823} INFO - Setting next_dagrun for match_features_pipeline to 2025-12-29 00:00:00+00:00, run_after=2025-12-30 00:00:00+00:00
[2025-12-30T18:01:25.160+0000] {processor.py:183} INFO - Processing /opt/airflow/dags/prediction_features_pipeline.py took 0.194 seconds
[2025-12-30T18:01:55.714+0000] {processor.py:161} INFO - Started process (PID=8144) to work on /opt/airflow/dags/prediction_features_pipeline.py
[2025-12-30T18:01:55.716+0000] {processor.py:830} INFO - Processing file /opt/airflow/dags/prediction_features_pipeline.py for tasks to queue
[2025-12-30T18:01:55.718+0000] {logging_mixin.py:188} INFO - [2025-12-30T18:01:55.718+0000] {dagbag.py:538} INFO - Filling up the DagBag from /opt/airflow/dags/prediction_features_pipeline.py
[2025-12-30T18:01:55.780+0000] {processor.py:840} INFO - DAG(s) 'match_features_pipeline' retrieved from /opt/airflow/dags/prediction_features_pipeline.py
[2025-12-30T18:01:55.829+0000] {logging_mixin.py:188} INFO - [2025-12-30T18:01:55.829+0000] {dag.py:3036} INFO - Sync 1 DAGs
[2025-12-30T18:01:55.870+0000] {logging_mixin.py:188} INFO - [2025-12-30T18:01:55.870+0000] {dag.py:3823} INFO - Setting next_dagrun for match_features_pipeline to 2025-12-29 00:00:00+00:00, run_after=2025-12-30 00:00:00+00:00
[2025-12-30T18:01:55.903+0000] {processor.py:183} INFO - Processing /opt/airflow/dags/prediction_features_pipeline.py took 0.194 seconds
[2025-12-30T18:02:26.349+0000] {processor.py:161} INFO - Started process (PID=8164) to work on /opt/airflow/dags/prediction_features_pipeline.py
[2025-12-30T18:02:26.352+0000] {processor.py:830} INFO - Processing file /opt/airflow/dags/prediction_features_pipeline.py for tasks to queue
[2025-12-30T18:02:26.354+0000] {logging_mixin.py:188} INFO - [2025-12-30T18:02:26.353+0000] {dagbag.py:538} INFO - Filling up the DagBag from /opt/airflow/dags/prediction_features_pipeline.py
[2025-12-30T18:02:26.402+0000] {processor.py:840} INFO - DAG(s) 'match_features_pipeline' retrieved from /opt/airflow/dags/prediction_features_pipeline.py
[2025-12-30T18:02:26.446+0000] {logging_mixin.py:188} INFO - [2025-12-30T18:02:26.446+0000] {dag.py:3036} INFO - Sync 1 DAGs
[2025-12-30T18:02:26.488+0000] {logging_mixin.py:188} INFO - [2025-12-30T18:02:26.487+0000] {dag.py:3823} INFO - Setting next_dagrun for match_features_pipeline to 2025-12-29 00:00:00+00:00, run_after=2025-12-30 00:00:00+00:00
[2025-12-30T18:02:26.525+0000] {processor.py:183} INFO - Processing /opt/airflow/dags/prediction_features_pipeline.py took 0.184 seconds
[2025-12-30T18:02:57.272+0000] {processor.py:161} INFO - Started process (PID=8184) to work on /opt/airflow/dags/prediction_features_pipeline.py
[2025-12-30T18:02:57.274+0000] {processor.py:830} INFO - Processing file /opt/airflow/dags/prediction_features_pipeline.py for tasks to queue
[2025-12-30T18:02:57.277+0000] {logging_mixin.py:188} INFO - [2025-12-30T18:02:57.275+0000] {dagbag.py:538} INFO - Filling up the DagBag from /opt/airflow/dags/prediction_features_pipeline.py
[2025-12-30T18:02:57.324+0000] {processor.py:840} INFO - DAG(s) 'match_features_pipeline' retrieved from /opt/airflow/dags/prediction_features_pipeline.py
[2025-12-30T18:02:57.389+0000] {logging_mixin.py:188} INFO - [2025-12-30T18:02:57.389+0000] {dag.py:3036} INFO - Sync 1 DAGs
[2025-12-30T18:02:57.433+0000] {logging_mixin.py:188} INFO - [2025-12-30T18:02:57.432+0000] {dag.py:3823} INFO - Setting next_dagrun for match_features_pipeline to 2025-12-29 00:00:00+00:00, run_after=2025-12-30 00:00:00+00:00
[2025-12-30T18:02:57.467+0000] {processor.py:183} INFO - Processing /opt/airflow/dags/prediction_features_pipeline.py took 0.201 seconds
[2025-12-30T18:03:28.253+0000] {processor.py:161} INFO - Started process (PID=8204) to work on /opt/airflow/dags/prediction_features_pipeline.py
[2025-12-30T18:03:28.256+0000] {processor.py:830} INFO - Processing file /opt/airflow/dags/prediction_features_pipeline.py for tasks to queue
[2025-12-30T18:03:28.258+0000] {logging_mixin.py:188} INFO - [2025-12-30T18:03:28.258+0000] {dagbag.py:538} INFO - Filling up the DagBag from /opt/airflow/dags/prediction_features_pipeline.py
[2025-12-30T18:03:28.309+0000] {processor.py:840} INFO - DAG(s) 'match_features_pipeline' retrieved from /opt/airflow/dags/prediction_features_pipeline.py
[2025-12-30T18:03:28.379+0000] {logging_mixin.py:188} INFO - [2025-12-30T18:03:28.378+0000] {dag.py:3036} INFO - Sync 1 DAGs
[2025-12-30T18:03:28.432+0000] {logging_mixin.py:188} INFO - [2025-12-30T18:03:28.432+0000] {dag.py:3823} INFO - Setting next_dagrun for match_features_pipeline to 2025-12-29 00:00:00+00:00, run_after=2025-12-30 00:00:00+00:00
[2025-12-30T18:03:28.475+0000] {processor.py:183} INFO - Processing /opt/airflow/dags/prediction_features_pipeline.py took 0.233 seconds
[2025-12-30T18:03:59.122+0000] {processor.py:161} INFO - Started process (PID=8224) to work on /opt/airflow/dags/prediction_features_pipeline.py
[2025-12-30T18:03:59.124+0000] {processor.py:830} INFO - Processing file /opt/airflow/dags/prediction_features_pipeline.py for tasks to queue
[2025-12-30T18:03:59.126+0000] {logging_mixin.py:188} INFO - [2025-12-30T18:03:59.125+0000] {dagbag.py:538} INFO - Filling up the DagBag from /opt/airflow/dags/prediction_features_pipeline.py
[2025-12-30T18:03:59.168+0000] {processor.py:840} INFO - DAG(s) 'match_features_pipeline' retrieved from /opt/airflow/dags/prediction_features_pipeline.py
[2025-12-30T18:03:59.212+0000] {logging_mixin.py:188} INFO - [2025-12-30T18:03:59.211+0000] {dag.py:3036} INFO - Sync 1 DAGs
[2025-12-30T18:03:59.256+0000] {logging_mixin.py:188} INFO - [2025-12-30T18:03:59.256+0000] {dag.py:3823} INFO - Setting next_dagrun for match_features_pipeline to 2025-12-29 00:00:00+00:00, run_after=2025-12-30 00:00:00+00:00
[2025-12-30T18:03:59.298+0000] {processor.py:183} INFO - Processing /opt/airflow/dags/prediction_features_pipeline.py took 0.182 seconds
[2025-12-30T18:04:29.889+0000] {processor.py:161} INFO - Started process (PID=8244) to work on /opt/airflow/dags/prediction_features_pipeline.py
[2025-12-30T18:04:29.892+0000] {processor.py:830} INFO - Processing file /opt/airflow/dags/prediction_features_pipeline.py for tasks to queue
[2025-12-30T18:04:29.897+0000] {logging_mixin.py:188} INFO - [2025-12-30T18:04:29.893+0000] {dagbag.py:538} INFO - Filling up the DagBag from /opt/airflow/dags/prediction_features_pipeline.py
[2025-12-30T18:04:29.943+0000] {processor.py:840} INFO - DAG(s) 'match_features_pipeline' retrieved from /opt/airflow/dags/prediction_features_pipeline.py
[2025-12-30T18:04:29.998+0000] {logging_mixin.py:188} INFO - [2025-12-30T18:04:29.998+0000] {dag.py:3036} INFO - Sync 1 DAGs
[2025-12-30T18:04:30.049+0000] {logging_mixin.py:188} INFO - [2025-12-30T18:04:30.048+0000] {dag.py:3823} INFO - Setting next_dagrun for match_features_pipeline to 2025-12-29 00:00:00+00:00, run_after=2025-12-30 00:00:00+00:00
[2025-12-30T18:04:30.088+0000] {processor.py:183} INFO - Processing /opt/airflow/dags/prediction_features_pipeline.py took 0.206 seconds
[2025-12-30T18:05:00.969+0000] {processor.py:161} INFO - Started process (PID=8264) to work on /opt/airflow/dags/prediction_features_pipeline.py
[2025-12-30T18:05:00.972+0000] {processor.py:830} INFO - Processing file /opt/airflow/dags/prediction_features_pipeline.py for tasks to queue
[2025-12-30T18:05:00.974+0000] {logging_mixin.py:188} INFO - [2025-12-30T18:05:00.973+0000] {dagbag.py:538} INFO - Filling up the DagBag from /opt/airflow/dags/prediction_features_pipeline.py
[2025-12-30T18:05:01.047+0000] {processor.py:840} INFO - DAG(s) 'match_features_pipeline' retrieved from /opt/airflow/dags/prediction_features_pipeline.py
[2025-12-30T18:05:01.100+0000] {logging_mixin.py:188} INFO - [2025-12-30T18:05:01.100+0000] {dag.py:3036} INFO - Sync 1 DAGs
[2025-12-30T18:05:01.154+0000] {logging_mixin.py:188} INFO - [2025-12-30T18:05:01.154+0000] {dag.py:3823} INFO - Setting next_dagrun for match_features_pipeline to 2025-12-29 00:00:00+00:00, run_after=2025-12-30 00:00:00+00:00
[2025-12-30T18:05:01.203+0000] {processor.py:183} INFO - Processing /opt/airflow/dags/prediction_features_pipeline.py took 0.243 seconds
[2025-12-30T18:05:32.017+0000] {processor.py:161} INFO - Started process (PID=8284) to work on /opt/airflow/dags/prediction_features_pipeline.py
[2025-12-30T18:05:32.020+0000] {processor.py:830} INFO - Processing file /opt/airflow/dags/prediction_features_pipeline.py for tasks to queue
[2025-12-30T18:05:32.023+0000] {logging_mixin.py:188} INFO - [2025-12-30T18:05:32.022+0000] {dagbag.py:538} INFO - Filling up the DagBag from /opt/airflow/dags/prediction_features_pipeline.py
[2025-12-30T18:05:32.072+0000] {processor.py:840} INFO - DAG(s) 'match_features_pipeline' retrieved from /opt/airflow/dags/prediction_features_pipeline.py
[2025-12-30T18:05:32.125+0000] {logging_mixin.py:188} INFO - [2025-12-30T18:05:32.124+0000] {dag.py:3036} INFO - Sync 1 DAGs
[2025-12-30T18:05:32.174+0000] {logging_mixin.py:188} INFO - [2025-12-30T18:05:32.174+0000] {dag.py:3823} INFO - Setting next_dagrun for match_features_pipeline to 2025-12-29 00:00:00+00:00, run_after=2025-12-30 00:00:00+00:00
[2025-12-30T18:05:32.232+0000] {processor.py:183} INFO - Processing /opt/airflow/dags/prediction_features_pipeline.py took 0.228 seconds
[2025-12-30T18:06:03.094+0000] {processor.py:161} INFO - Started process (PID=8304) to work on /opt/airflow/dags/prediction_features_pipeline.py
[2025-12-30T18:06:03.097+0000] {processor.py:830} INFO - Processing file /opt/airflow/dags/prediction_features_pipeline.py for tasks to queue
[2025-12-30T18:06:03.100+0000] {logging_mixin.py:188} INFO - [2025-12-30T18:06:03.099+0000] {dagbag.py:538} INFO - Filling up the DagBag from /opt/airflow/dags/prediction_features_pipeline.py
[2025-12-30T18:06:03.165+0000] {processor.py:840} INFO - DAG(s) 'match_features_pipeline' retrieved from /opt/airflow/dags/prediction_features_pipeline.py
[2025-12-30T18:06:03.219+0000] {logging_mixin.py:188} INFO - [2025-12-30T18:06:03.219+0000] {dag.py:3036} INFO - Sync 1 DAGs
[2025-12-30T18:06:03.265+0000] {logging_mixin.py:188} INFO - [2025-12-30T18:06:03.264+0000] {dag.py:3823} INFO - Setting next_dagrun for match_features_pipeline to 2025-12-29 00:00:00+00:00, run_after=2025-12-30 00:00:00+00:00
[2025-12-30T18:06:03.308+0000] {processor.py:183} INFO - Processing /opt/airflow/dags/prediction_features_pipeline.py took 0.221 seconds
[2025-12-30T18:06:34.136+0000] {processor.py:161} INFO - Started process (PID=8324) to work on /opt/airflow/dags/prediction_features_pipeline.py
[2025-12-30T18:06:34.139+0000] {processor.py:830} INFO - Processing file /opt/airflow/dags/prediction_features_pipeline.py for tasks to queue
[2025-12-30T18:06:34.141+0000] {logging_mixin.py:188} INFO - [2025-12-30T18:06:34.141+0000] {dagbag.py:538} INFO - Filling up the DagBag from /opt/airflow/dags/prediction_features_pipeline.py
[2025-12-30T18:06:34.187+0000] {processor.py:840} INFO - DAG(s) 'match_features_pipeline' retrieved from /opt/airflow/dags/prediction_features_pipeline.py
[2025-12-30T18:06:34.237+0000] {logging_mixin.py:188} INFO - [2025-12-30T18:06:34.237+0000] {dag.py:3036} INFO - Sync 1 DAGs
[2025-12-30T18:06:34.283+0000] {logging_mixin.py:188} INFO - [2025-12-30T18:06:34.282+0000] {dag.py:3823} INFO - Setting next_dagrun for match_features_pipeline to 2025-12-29 00:00:00+00:00, run_after=2025-12-30 00:00:00+00:00
[2025-12-30T18:06:34.344+0000] {processor.py:183} INFO - Processing /opt/airflow/dags/prediction_features_pipeline.py took 0.219 seconds
[2025-12-30T18:07:05.156+0000] {processor.py:161} INFO - Started process (PID=8344) to work on /opt/airflow/dags/prediction_features_pipeline.py
[2025-12-30T18:07:05.158+0000] {processor.py:830} INFO - Processing file /opt/airflow/dags/prediction_features_pipeline.py for tasks to queue
[2025-12-30T18:07:05.160+0000] {logging_mixin.py:188} INFO - [2025-12-30T18:07:05.159+0000] {dagbag.py:538} INFO - Filling up the DagBag from /opt/airflow/dags/prediction_features_pipeline.py
[2025-12-30T18:07:05.221+0000] {processor.py:840} INFO - DAG(s) 'match_features_pipeline' retrieved from /opt/airflow/dags/prediction_features_pipeline.py
[2025-12-30T18:07:05.277+0000] {logging_mixin.py:188} INFO - [2025-12-30T18:07:05.276+0000] {dag.py:3036} INFO - Sync 1 DAGs
[2025-12-30T18:07:05.325+0000] {logging_mixin.py:188} INFO - [2025-12-30T18:07:05.325+0000] {dag.py:3823} INFO - Setting next_dagrun for match_features_pipeline to 2025-12-29 00:00:00+00:00, run_after=2025-12-30 00:00:00+00:00
[2025-12-30T18:07:05.370+0000] {processor.py:183} INFO - Processing /opt/airflow/dags/prediction_features_pipeline.py took 0.221 seconds
[2025-12-30T18:07:36.203+0000] {processor.py:161} INFO - Started process (PID=8364) to work on /opt/airflow/dags/prediction_features_pipeline.py
[2025-12-30T18:07:36.205+0000] {processor.py:830} INFO - Processing file /opt/airflow/dags/prediction_features_pipeline.py for tasks to queue
[2025-12-30T18:07:36.207+0000] {logging_mixin.py:188} INFO - [2025-12-30T18:07:36.207+0000] {dagbag.py:538} INFO - Filling up the DagBag from /opt/airflow/dags/prediction_features_pipeline.py
[2025-12-30T18:07:36.261+0000] {processor.py:840} INFO - DAG(s) 'match_features_pipeline' retrieved from /opt/airflow/dags/prediction_features_pipeline.py
[2025-12-30T18:07:36.317+0000] {logging_mixin.py:188} INFO - [2025-12-30T18:07:36.316+0000] {dag.py:3036} INFO - Sync 1 DAGs
[2025-12-30T18:07:36.365+0000] {logging_mixin.py:188} INFO - [2025-12-30T18:07:36.365+0000] {dag.py:3823} INFO - Setting next_dagrun for match_features_pipeline to 2025-12-29 00:00:00+00:00, run_after=2025-12-30 00:00:00+00:00
[2025-12-30T18:07:36.413+0000] {processor.py:183} INFO - Processing /opt/airflow/dags/prediction_features_pipeline.py took 0.218 seconds
[2025-12-30T18:08:07.429+0000] {processor.py:161} INFO - Started process (PID=8384) to work on /opt/airflow/dags/prediction_features_pipeline.py
[2025-12-30T18:08:07.432+0000] {processor.py:830} INFO - Processing file /opt/airflow/dags/prediction_features_pipeline.py for tasks to queue
[2025-12-30T18:08:07.435+0000] {logging_mixin.py:188} INFO - [2025-12-30T18:08:07.434+0000] {dagbag.py:538} INFO - Filling up the DagBag from /opt/airflow/dags/prediction_features_pipeline.py
[2025-12-30T18:08:07.507+0000] {processor.py:840} INFO - DAG(s) 'match_features_pipeline' retrieved from /opt/airflow/dags/prediction_features_pipeline.py
[2025-12-30T18:08:07.574+0000] {logging_mixin.py:188} INFO - [2025-12-30T18:08:07.573+0000] {dag.py:3036} INFO - Sync 1 DAGs
[2025-12-30T18:08:07.628+0000] {logging_mixin.py:188} INFO - [2025-12-30T18:08:07.628+0000] {dag.py:3823} INFO - Setting next_dagrun for match_features_pipeline to 2025-12-29 00:00:00+00:00, run_after=2025-12-30 00:00:00+00:00
[2025-12-30T18:08:07.692+0000] {processor.py:183} INFO - Processing /opt/airflow/dags/prediction_features_pipeline.py took 0.268 seconds
[2025-12-30T18:08:38.546+0000] {processor.py:161} INFO - Started process (PID=8404) to work on /opt/airflow/dags/prediction_features_pipeline.py
[2025-12-30T18:08:38.554+0000] {processor.py:830} INFO - Processing file /opt/airflow/dags/prediction_features_pipeline.py for tasks to queue
[2025-12-30T18:08:38.556+0000] {logging_mixin.py:188} INFO - [2025-12-30T18:08:38.555+0000] {dagbag.py:538} INFO - Filling up the DagBag from /opt/airflow/dags/prediction_features_pipeline.py
[2025-12-30T18:08:38.606+0000] {processor.py:840} INFO - DAG(s) 'match_features_pipeline' retrieved from /opt/airflow/dags/prediction_features_pipeline.py
[2025-12-30T18:08:38.660+0000] {logging_mixin.py:188} INFO - [2025-12-30T18:08:38.659+0000] {dag.py:3036} INFO - Sync 1 DAGs
[2025-12-30T18:08:38.714+0000] {logging_mixin.py:188} INFO - [2025-12-30T18:08:38.713+0000] {dag.py:3823} INFO - Setting next_dagrun for match_features_pipeline to 2025-12-29 00:00:00+00:00, run_after=2025-12-30 00:00:00+00:00
[2025-12-30T18:08:38.771+0000] {processor.py:183} INFO - Processing /opt/airflow/dags/prediction_features_pipeline.py took 0.232 seconds
[2025-12-30T18:09:09.580+0000] {processor.py:161} INFO - Started process (PID=8424) to work on /opt/airflow/dags/prediction_features_pipeline.py
[2025-12-30T18:09:09.582+0000] {processor.py:830} INFO - Processing file /opt/airflow/dags/prediction_features_pipeline.py for tasks to queue
[2025-12-30T18:09:09.586+0000] {logging_mixin.py:188} INFO - [2025-12-30T18:09:09.585+0000] {dagbag.py:538} INFO - Filling up the DagBag from /opt/airflow/dags/prediction_features_pipeline.py
[2025-12-30T18:09:09.655+0000] {processor.py:840} INFO - DAG(s) 'match_features_pipeline' retrieved from /opt/airflow/dags/prediction_features_pipeline.py
[2025-12-30T18:09:09.712+0000] {logging_mixin.py:188} INFO - [2025-12-30T18:09:09.711+0000] {dag.py:3036} INFO - Sync 1 DAGs
[2025-12-30T18:09:09.762+0000] {logging_mixin.py:188} INFO - [2025-12-30T18:09:09.761+0000] {dag.py:3823} INFO - Setting next_dagrun for match_features_pipeline to 2025-12-29 00:00:00+00:00, run_after=2025-12-30 00:00:00+00:00
[2025-12-30T18:09:09.806+0000] {processor.py:183} INFO - Processing /opt/airflow/dags/prediction_features_pipeline.py took 0.232 seconds
[2025-12-30T18:09:40.620+0000] {processor.py:161} INFO - Started process (PID=8444) to work on /opt/airflow/dags/prediction_features_pipeline.py
[2025-12-30T18:09:40.624+0000] {processor.py:830} INFO - Processing file /opt/airflow/dags/prediction_features_pipeline.py for tasks to queue
[2025-12-30T18:09:40.626+0000] {logging_mixin.py:188} INFO - [2025-12-30T18:09:40.625+0000] {dagbag.py:538} INFO - Filling up the DagBag from /opt/airflow/dags/prediction_features_pipeline.py
[2025-12-30T18:09:40.673+0000] {processor.py:840} INFO - DAG(s) 'match_features_pipeline' retrieved from /opt/airflow/dags/prediction_features_pipeline.py
[2025-12-30T18:09:40.726+0000] {logging_mixin.py:188} INFO - [2025-12-30T18:09:40.726+0000] {dag.py:3036} INFO - Sync 1 DAGs
[2025-12-30T18:09:40.777+0000] {logging_mixin.py:188} INFO - [2025-12-30T18:09:40.777+0000] {dag.py:3823} INFO - Setting next_dagrun for match_features_pipeline to 2025-12-29 00:00:00+00:00, run_after=2025-12-30 00:00:00+00:00
[2025-12-30T18:09:40.845+0000] {processor.py:183} INFO - Processing /opt/airflow/dags/prediction_features_pipeline.py took 0.235 seconds
[2025-12-30T18:10:11.833+0000] {processor.py:161} INFO - Started process (PID=8464) to work on /opt/airflow/dags/prediction_features_pipeline.py
[2025-12-30T18:10:11.837+0000] {processor.py:830} INFO - Processing file /opt/airflow/dags/prediction_features_pipeline.py for tasks to queue
[2025-12-30T18:10:11.840+0000] {logging_mixin.py:188} INFO - [2025-12-30T18:10:11.839+0000] {dagbag.py:538} INFO - Filling up the DagBag from /opt/airflow/dags/prediction_features_pipeline.py
[2025-12-30T18:10:11.895+0000] {processor.py:840} INFO - DAG(s) 'match_features_pipeline' retrieved from /opt/airflow/dags/prediction_features_pipeline.py
[2025-12-30T18:10:11.954+0000] {logging_mixin.py:188} INFO - [2025-12-30T18:10:11.953+0000] {dag.py:3036} INFO - Sync 1 DAGs
[2025-12-30T18:10:12.009+0000] {logging_mixin.py:188} INFO - [2025-12-30T18:10:12.008+0000] {dag.py:3823} INFO - Setting next_dagrun for match_features_pipeline to 2025-12-29 00:00:00+00:00, run_after=2025-12-30 00:00:00+00:00
[2025-12-30T18:10:12.054+0000] {processor.py:183} INFO - Processing /opt/airflow/dags/prediction_features_pipeline.py took 0.229 seconds
[2025-12-30T18:10:42.914+0000] {processor.py:161} INFO - Started process (PID=8484) to work on /opt/airflow/dags/prediction_features_pipeline.py
[2025-12-30T18:10:42.917+0000] {processor.py:830} INFO - Processing file /opt/airflow/dags/prediction_features_pipeline.py for tasks to queue
[2025-12-30T18:10:42.921+0000] {logging_mixin.py:188} INFO - [2025-12-30T18:10:42.920+0000] {dagbag.py:538} INFO - Filling up the DagBag from /opt/airflow/dags/prediction_features_pipeline.py
[2025-12-30T18:10:42.981+0000] {processor.py:840} INFO - DAG(s) 'match_features_pipeline' retrieved from /opt/airflow/dags/prediction_features_pipeline.py
[2025-12-30T18:10:43.040+0000] {logging_mixin.py:188} INFO - [2025-12-30T18:10:43.039+0000] {dag.py:3036} INFO - Sync 1 DAGs
[2025-12-30T18:10:43.090+0000] {logging_mixin.py:188} INFO - [2025-12-30T18:10:43.089+0000] {dag.py:3823} INFO - Setting next_dagrun for match_features_pipeline to 2025-12-29 00:00:00+00:00, run_after=2025-12-30 00:00:00+00:00
[2025-12-30T18:10:43.142+0000] {processor.py:183} INFO - Processing /opt/airflow/dags/prediction_features_pipeline.py took 0.233 seconds
[2025-12-30T18:11:13.989+0000] {processor.py:161} INFO - Started process (PID=8504) to work on /opt/airflow/dags/prediction_features_pipeline.py
[2025-12-30T18:11:13.992+0000] {processor.py:830} INFO - Processing file /opt/airflow/dags/prediction_features_pipeline.py for tasks to queue
[2025-12-30T18:11:13.995+0000] {logging_mixin.py:188} INFO - [2025-12-30T18:11:13.994+0000] {dagbag.py:538} INFO - Filling up the DagBag from /opt/airflow/dags/prediction_features_pipeline.py
[2025-12-30T18:11:14.040+0000] {processor.py:840} INFO - DAG(s) 'match_features_pipeline' retrieved from /opt/airflow/dags/prediction_features_pipeline.py
[2025-12-30T18:11:14.090+0000] {logging_mixin.py:188} INFO - [2025-12-30T18:11:14.089+0000] {dag.py:3036} INFO - Sync 1 DAGs
[2025-12-30T18:11:14.136+0000] {logging_mixin.py:188} INFO - [2025-12-30T18:11:14.136+0000] {dag.py:3823} INFO - Setting next_dagrun for match_features_pipeline to 2025-12-29 00:00:00+00:00, run_after=2025-12-30 00:00:00+00:00
[2025-12-30T18:11:14.196+0000] {processor.py:183} INFO - Processing /opt/airflow/dags/prediction_features_pipeline.py took 0.218 seconds
[2025-12-30T18:11:45.027+0000] {processor.py:161} INFO - Started process (PID=8524) to work on /opt/airflow/dags/prediction_features_pipeline.py
[2025-12-30T18:11:45.029+0000] {processor.py:830} INFO - Processing file /opt/airflow/dags/prediction_features_pipeline.py for tasks to queue
[2025-12-30T18:11:45.031+0000] {logging_mixin.py:188} INFO - [2025-12-30T18:11:45.031+0000] {dagbag.py:538} INFO - Filling up the DagBag from /opt/airflow/dags/prediction_features_pipeline.py
[2025-12-30T18:11:45.093+0000] {processor.py:840} INFO - DAG(s) 'match_features_pipeline' retrieved from /opt/airflow/dags/prediction_features_pipeline.py
[2025-12-30T18:11:45.151+0000] {logging_mixin.py:188} INFO - [2025-12-30T18:11:45.151+0000] {dag.py:3036} INFO - Sync 1 DAGs
[2025-12-30T18:11:45.200+0000] {logging_mixin.py:188} INFO - [2025-12-30T18:11:45.200+0000] {dag.py:3823} INFO - Setting next_dagrun for match_features_pipeline to 2025-12-29 00:00:00+00:00, run_after=2025-12-30 00:00:00+00:00
[2025-12-30T18:11:45.243+0000] {processor.py:183} INFO - Processing /opt/airflow/dags/prediction_features_pipeline.py took 0.223 seconds
[2025-12-30T18:12:16.188+0000] {processor.py:161} INFO - Started process (PID=8544) to work on /opt/airflow/dags/prediction_features_pipeline.py
[2025-12-30T18:12:16.190+0000] {processor.py:830} INFO - Processing file /opt/airflow/dags/prediction_features_pipeline.py for tasks to queue
[2025-12-30T18:12:16.192+0000] {logging_mixin.py:188} INFO - [2025-12-30T18:12:16.191+0000] {dagbag.py:538} INFO - Filling up the DagBag from /opt/airflow/dags/prediction_features_pipeline.py
[2025-12-30T18:12:16.233+0000] {processor.py:840} INFO - DAG(s) 'match_features_pipeline' retrieved from /opt/airflow/dags/prediction_features_pipeline.py
[2025-12-30T18:12:16.279+0000] {logging_mixin.py:188} INFO - [2025-12-30T18:12:16.278+0000] {dag.py:3036} INFO - Sync 1 DAGs
[2025-12-30T18:12:16.323+0000] {logging_mixin.py:188} INFO - [2025-12-30T18:12:16.323+0000] {dag.py:3823} INFO - Setting next_dagrun for match_features_pipeline to 2025-12-29 00:00:00+00:00, run_after=2025-12-30 00:00:00+00:00
[2025-12-30T18:12:16.357+0000] {processor.py:183} INFO - Processing /opt/airflow/dags/prediction_features_pipeline.py took 0.176 seconds
[2025-12-30T18:12:47.244+0000] {processor.py:161} INFO - Started process (PID=8564) to work on /opt/airflow/dags/prediction_features_pipeline.py
[2025-12-30T18:12:47.247+0000] {processor.py:830} INFO - Processing file /opt/airflow/dags/prediction_features_pipeline.py for tasks to queue
[2025-12-30T18:12:47.249+0000] {logging_mixin.py:188} INFO - [2025-12-30T18:12:47.248+0000] {dagbag.py:538} INFO - Filling up the DagBag from /opt/airflow/dags/prediction_features_pipeline.py
[2025-12-30T18:12:47.298+0000] {processor.py:840} INFO - DAG(s) 'match_features_pipeline' retrieved from /opt/airflow/dags/prediction_features_pipeline.py
[2025-12-30T18:12:47.349+0000] {logging_mixin.py:188} INFO - [2025-12-30T18:12:47.349+0000] {dag.py:3036} INFO - Sync 1 DAGs
[2025-12-30T18:12:47.399+0000] {logging_mixin.py:188} INFO - [2025-12-30T18:12:47.399+0000] {dag.py:3823} INFO - Setting next_dagrun for match_features_pipeline to 2025-12-29 00:00:00+00:00, run_after=2025-12-30 00:00:00+00:00
[2025-12-30T18:12:47.439+0000] {processor.py:183} INFO - Processing /opt/airflow/dags/prediction_features_pipeline.py took 0.202 seconds
[2025-12-30T18:13:18.341+0000] {processor.py:161} INFO - Started process (PID=8584) to work on /opt/airflow/dags/prediction_features_pipeline.py
[2025-12-30T18:13:18.344+0000] {processor.py:830} INFO - Processing file /opt/airflow/dags/prediction_features_pipeline.py for tasks to queue
[2025-12-30T18:13:18.346+0000] {logging_mixin.py:188} INFO - [2025-12-30T18:13:18.345+0000] {dagbag.py:538} INFO - Filling up the DagBag from /opt/airflow/dags/prediction_features_pipeline.py
[2025-12-30T18:13:18.395+0000] {processor.py:840} INFO - DAG(s) 'match_features_pipeline' retrieved from /opt/airflow/dags/prediction_features_pipeline.py
[2025-12-30T18:13:18.445+0000] {logging_mixin.py:188} INFO - [2025-12-30T18:13:18.444+0000] {dag.py:3036} INFO - Sync 1 DAGs
[2025-12-30T18:13:18.494+0000] {logging_mixin.py:188} INFO - [2025-12-30T18:13:18.493+0000] {dag.py:3823} INFO - Setting next_dagrun for match_features_pipeline to 2025-12-29 00:00:00+00:00, run_after=2025-12-30 00:00:00+00:00
[2025-12-30T18:13:18.543+0000] {processor.py:183} INFO - Processing /opt/airflow/dags/prediction_features_pipeline.py took 0.210 seconds
[2025-12-30T18:13:49.425+0000] {processor.py:161} INFO - Started process (PID=8604) to work on /opt/airflow/dags/prediction_features_pipeline.py
[2025-12-30T18:13:49.428+0000] {processor.py:830} INFO - Processing file /opt/airflow/dags/prediction_features_pipeline.py for tasks to queue
[2025-12-30T18:13:49.429+0000] {logging_mixin.py:188} INFO - [2025-12-30T18:13:49.429+0000] {dagbag.py:538} INFO - Filling up the DagBag from /opt/airflow/dags/prediction_features_pipeline.py
[2025-12-30T18:13:49.484+0000] {processor.py:840} INFO - DAG(s) 'match_features_pipeline' retrieved from /opt/airflow/dags/prediction_features_pipeline.py
[2025-12-30T18:13:49.548+0000] {logging_mixin.py:188} INFO - [2025-12-30T18:13:49.547+0000] {dag.py:3036} INFO - Sync 1 DAGs
[2025-12-30T18:13:49.599+0000] {logging_mixin.py:188} INFO - [2025-12-30T18:13:49.599+0000] {dag.py:3823} INFO - Setting next_dagrun for match_features_pipeline to 2025-12-29 00:00:00+00:00, run_after=2025-12-30 00:00:00+00:00
[2025-12-30T18:13:49.645+0000] {processor.py:183} INFO - Processing /opt/airflow/dags/prediction_features_pipeline.py took 0.226 seconds
[2025-12-30T18:14:20.431+0000] {processor.py:161} INFO - Started process (PID=8624) to work on /opt/airflow/dags/prediction_features_pipeline.py
[2025-12-30T18:14:20.434+0000] {processor.py:830} INFO - Processing file /opt/airflow/dags/prediction_features_pipeline.py for tasks to queue
[2025-12-30T18:14:20.436+0000] {logging_mixin.py:188} INFO - [2025-12-30T18:14:20.435+0000] {dagbag.py:538} INFO - Filling up the DagBag from /opt/airflow/dags/prediction_features_pipeline.py
[2025-12-30T18:14:20.493+0000] {processor.py:840} INFO - DAG(s) 'match_features_pipeline' retrieved from /opt/airflow/dags/prediction_features_pipeline.py
[2025-12-30T18:14:20.545+0000] {logging_mixin.py:188} INFO - [2025-12-30T18:14:20.545+0000] {dag.py:3036} INFO - Sync 1 DAGs
[2025-12-30T18:14:20.594+0000] {logging_mixin.py:188} INFO - [2025-12-30T18:14:20.594+0000] {dag.py:3823} INFO - Setting next_dagrun for match_features_pipeline to 2025-12-29 00:00:00+00:00, run_after=2025-12-30 00:00:00+00:00
[2025-12-30T18:14:20.653+0000] {processor.py:183} INFO - Processing /opt/airflow/dags/prediction_features_pipeline.py took 0.229 seconds
[2025-12-30T18:14:51.481+0000] {processor.py:161} INFO - Started process (PID=8644) to work on /opt/airflow/dags/prediction_features_pipeline.py
[2025-12-30T18:14:51.484+0000] {processor.py:830} INFO - Processing file /opt/airflow/dags/prediction_features_pipeline.py for tasks to queue
[2025-12-30T18:14:51.486+0000] {logging_mixin.py:188} INFO - [2025-12-30T18:14:51.485+0000] {dagbag.py:538} INFO - Filling up the DagBag from /opt/airflow/dags/prediction_features_pipeline.py
[2025-12-30T18:14:51.531+0000] {processor.py:840} INFO - DAG(s) 'match_features_pipeline' retrieved from /opt/airflow/dags/prediction_features_pipeline.py
[2025-12-30T18:14:51.578+0000] {logging_mixin.py:188} INFO - [2025-12-30T18:14:51.578+0000] {dag.py:3036} INFO - Sync 1 DAGs
[2025-12-30T18:14:51.635+0000] {logging_mixin.py:188} INFO - [2025-12-30T18:14:51.635+0000] {dag.py:3823} INFO - Setting next_dagrun for match_features_pipeline to 2025-12-29 00:00:00+00:00, run_after=2025-12-30 00:00:00+00:00
[2025-12-30T18:14:51.677+0000] {processor.py:183} INFO - Processing /opt/airflow/dags/prediction_features_pipeline.py took 0.205 seconds
[2025-12-30T18:15:22.728+0000] {processor.py:161} INFO - Started process (PID=8664) to work on /opt/airflow/dags/prediction_features_pipeline.py
[2025-12-30T18:15:22.731+0000] {processor.py:830} INFO - Processing file /opt/airflow/dags/prediction_features_pipeline.py for tasks to queue
[2025-12-30T18:15:22.733+0000] {logging_mixin.py:188} INFO - [2025-12-30T18:15:22.733+0000] {dagbag.py:538} INFO - Filling up the DagBag from /opt/airflow/dags/prediction_features_pipeline.py
[2025-12-30T18:15:22.781+0000] {processor.py:840} INFO - DAG(s) 'match_features_pipeline' retrieved from /opt/airflow/dags/prediction_features_pipeline.py
[2025-12-30T18:15:22.833+0000] {logging_mixin.py:188} INFO - [2025-12-30T18:15:22.832+0000] {dag.py:3036} INFO - Sync 1 DAGs
[2025-12-30T18:15:22.882+0000] {logging_mixin.py:188} INFO - [2025-12-30T18:15:22.881+0000] {dag.py:3823} INFO - Setting next_dagrun for match_features_pipeline to 2025-12-29 00:00:00+00:00, run_after=2025-12-30 00:00:00+00:00
[2025-12-30T18:15:22.924+0000] {processor.py:183} INFO - Processing /opt/airflow/dags/prediction_features_pipeline.py took 0.206 seconds
[2025-12-30T18:15:53.905+0000] {processor.py:161} INFO - Started process (PID=8684) to work on /opt/airflow/dags/prediction_features_pipeline.py
[2025-12-30T18:15:53.908+0000] {processor.py:830} INFO - Processing file /opt/airflow/dags/prediction_features_pipeline.py for tasks to queue
[2025-12-30T18:15:53.912+0000] {logging_mixin.py:188} INFO - [2025-12-30T18:15:53.910+0000] {dagbag.py:538} INFO - Filling up the DagBag from /opt/airflow/dags/prediction_features_pipeline.py
[2025-12-30T18:15:53.970+0000] {processor.py:840} INFO - DAG(s) 'match_features_pipeline' retrieved from /opt/airflow/dags/prediction_features_pipeline.py
[2025-12-30T18:15:54.032+0000] {logging_mixin.py:188} INFO - [2025-12-30T18:15:54.031+0000] {dag.py:3036} INFO - Sync 1 DAGs
[2025-12-30T18:15:54.077+0000] {logging_mixin.py:188} INFO - [2025-12-30T18:15:54.077+0000] {dag.py:3823} INFO - Setting next_dagrun for match_features_pipeline to 2025-12-29 00:00:00+00:00, run_after=2025-12-30 00:00:00+00:00
[2025-12-30T18:15:54.124+0000] {processor.py:183} INFO - Processing /opt/airflow/dags/prediction_features_pipeline.py took 0.229 seconds
[2025-12-30T18:16:24.920+0000] {processor.py:161} INFO - Started process (PID=8704) to work on /opt/airflow/dags/prediction_features_pipeline.py
[2025-12-30T18:16:24.922+0000] {processor.py:830} INFO - Processing file /opt/airflow/dags/prediction_features_pipeline.py for tasks to queue
[2025-12-30T18:16:24.924+0000] {logging_mixin.py:188} INFO - [2025-12-30T18:16:24.924+0000] {dagbag.py:538} INFO - Filling up the DagBag from /opt/airflow/dags/prediction_features_pipeline.py
[2025-12-30T18:16:24.970+0000] {processor.py:840} INFO - DAG(s) 'match_features_pipeline' retrieved from /opt/airflow/dags/prediction_features_pipeline.py
[2025-12-30T18:16:25.012+0000] {logging_mixin.py:188} INFO - [2025-12-30T18:16:25.012+0000] {dag.py:3036} INFO - Sync 1 DAGs
[2025-12-30T18:16:25.054+0000] {logging_mixin.py:188} INFO - [2025-12-30T18:16:25.054+0000] {dag.py:3823} INFO - Setting next_dagrun for match_features_pipeline to 2025-12-29 00:00:00+00:00, run_after=2025-12-30 00:00:00+00:00
[2025-12-30T18:16:25.087+0000] {processor.py:183} INFO - Processing /opt/airflow/dags/prediction_features_pipeline.py took 0.172 seconds
[2025-12-30T18:16:55.969+0000] {processor.py:161} INFO - Started process (PID=8724) to work on /opt/airflow/dags/prediction_features_pipeline.py
[2025-12-30T18:16:55.972+0000] {processor.py:830} INFO - Processing file /opt/airflow/dags/prediction_features_pipeline.py for tasks to queue
[2025-12-30T18:16:55.974+0000] {logging_mixin.py:188} INFO - [2025-12-30T18:16:55.973+0000] {dagbag.py:538} INFO - Filling up the DagBag from /opt/airflow/dags/prediction_features_pipeline.py
[2025-12-30T18:16:56.037+0000] {processor.py:840} INFO - DAG(s) 'match_features_pipeline' retrieved from /opt/airflow/dags/prediction_features_pipeline.py
[2025-12-30T18:16:56.093+0000] {logging_mixin.py:188} INFO - [2025-12-30T18:16:56.092+0000] {dag.py:3036} INFO - Sync 1 DAGs
[2025-12-30T18:16:56.144+0000] {logging_mixin.py:188} INFO - [2025-12-30T18:16:56.144+0000] {dag.py:3823} INFO - Setting next_dagrun for match_features_pipeline to 2025-12-29 00:00:00+00:00, run_after=2025-12-30 00:00:00+00:00
[2025-12-30T18:16:56.187+0000] {processor.py:183} INFO - Processing /opt/airflow/dags/prediction_features_pipeline.py took 0.224 seconds
[2025-12-30T18:17:27.141+0000] {processor.py:161} INFO - Started process (PID=8744) to work on /opt/airflow/dags/prediction_features_pipeline.py
[2025-12-30T18:17:27.144+0000] {processor.py:830} INFO - Processing file /opt/airflow/dags/prediction_features_pipeline.py for tasks to queue
[2025-12-30T18:17:27.146+0000] {logging_mixin.py:188} INFO - [2025-12-30T18:17:27.146+0000] {dagbag.py:538} INFO - Filling up the DagBag from /opt/airflow/dags/prediction_features_pipeline.py
[2025-12-30T18:17:27.195+0000] {processor.py:840} INFO - DAG(s) 'match_features_pipeline' retrieved from /opt/airflow/dags/prediction_features_pipeline.py
[2025-12-30T18:17:27.241+0000] {logging_mixin.py:188} INFO - [2025-12-30T18:17:27.241+0000] {dag.py:3036} INFO - Sync 1 DAGs
[2025-12-30T18:17:27.300+0000] {logging_mixin.py:188} INFO - [2025-12-30T18:17:27.299+0000] {dag.py:3823} INFO - Setting next_dagrun for match_features_pipeline to 2025-12-29 00:00:00+00:00, run_after=2025-12-30 00:00:00+00:00
[2025-12-30T18:17:27.339+0000] {processor.py:183} INFO - Processing /opt/airflow/dags/prediction_features_pipeline.py took 0.206 seconds
[2025-12-30T18:17:58.125+0000] {processor.py:161} INFO - Started process (PID=8764) to work on /opt/airflow/dags/prediction_features_pipeline.py
[2025-12-30T18:17:58.128+0000] {processor.py:830} INFO - Processing file /opt/airflow/dags/prediction_features_pipeline.py for tasks to queue
[2025-12-30T18:17:58.130+0000] {logging_mixin.py:188} INFO - [2025-12-30T18:17:58.130+0000] {dagbag.py:538} INFO - Filling up the DagBag from /opt/airflow/dags/prediction_features_pipeline.py
[2025-12-30T18:17:58.193+0000] {processor.py:840} INFO - DAG(s) 'match_features_pipeline' retrieved from /opt/airflow/dags/prediction_features_pipeline.py
[2025-12-30T18:17:58.253+0000] {logging_mixin.py:188} INFO - [2025-12-30T18:17:58.253+0000] {dag.py:3036} INFO - Sync 1 DAGs
[2025-12-30T18:17:58.306+0000] {logging_mixin.py:188} INFO - [2025-12-30T18:17:58.305+0000] {dag.py:3823} INFO - Setting next_dagrun for match_features_pipeline to 2025-12-29 00:00:00+00:00, run_after=2025-12-30 00:00:00+00:00
[2025-12-30T18:17:58.352+0000] {processor.py:183} INFO - Processing /opt/airflow/dags/prediction_features_pipeline.py took 0.236 seconds
[2025-12-30T18:18:29.181+0000] {processor.py:161} INFO - Started process (PID=8784) to work on /opt/airflow/dags/prediction_features_pipeline.py
[2025-12-30T18:18:29.183+0000] {processor.py:830} INFO - Processing file /opt/airflow/dags/prediction_features_pipeline.py for tasks to queue
[2025-12-30T18:18:29.185+0000] {logging_mixin.py:188} INFO - [2025-12-30T18:18:29.185+0000] {dagbag.py:538} INFO - Filling up the DagBag from /opt/airflow/dags/prediction_features_pipeline.py
[2025-12-30T18:18:29.228+0000] {processor.py:840} INFO - DAG(s) 'match_features_pipeline' retrieved from /opt/airflow/dags/prediction_features_pipeline.py
[2025-12-30T18:18:29.278+0000] {logging_mixin.py:188} INFO - [2025-12-30T18:18:29.278+0000] {dag.py:3036} INFO - Sync 1 DAGs
[2025-12-30T18:18:29.331+0000] {logging_mixin.py:188} INFO - [2025-12-30T18:18:29.331+0000] {dag.py:3823} INFO - Setting next_dagrun for match_features_pipeline to 2025-12-29 00:00:00+00:00, run_after=2025-12-30 00:00:00+00:00
[2025-12-30T18:18:29.385+0000] {processor.py:183} INFO - Processing /opt/airflow/dags/prediction_features_pipeline.py took 0.210 seconds
[2025-12-30T18:19:00.265+0000] {processor.py:161} INFO - Started process (PID=8804) to work on /opt/airflow/dags/prediction_features_pipeline.py
[2025-12-30T18:19:00.267+0000] {processor.py:830} INFO - Processing file /opt/airflow/dags/prediction_features_pipeline.py for tasks to queue
[2025-12-30T18:19:00.269+0000] {logging_mixin.py:188} INFO - [2025-12-30T18:19:00.269+0000] {dagbag.py:538} INFO - Filling up the DagBag from /opt/airflow/dags/prediction_features_pipeline.py
[2025-12-30T18:19:00.331+0000] {processor.py:840} INFO - DAG(s) 'match_features_pipeline' retrieved from /opt/airflow/dags/prediction_features_pipeline.py
[2025-12-30T18:19:00.388+0000] {logging_mixin.py:188} INFO - [2025-12-30T18:19:00.387+0000] {dag.py:3036} INFO - Sync 1 DAGs
[2025-12-30T18:19:00.441+0000] {logging_mixin.py:188} INFO - [2025-12-30T18:19:00.441+0000] {dag.py:3823} INFO - Setting next_dagrun for match_features_pipeline to 2025-12-29 00:00:00+00:00, run_after=2025-12-30 00:00:00+00:00
[2025-12-30T18:19:00.485+0000] {processor.py:183} INFO - Processing /opt/airflow/dags/prediction_features_pipeline.py took 0.228 seconds
[2025-12-30T18:19:31.454+0000] {processor.py:161} INFO - Started process (PID=8824) to work on /opt/airflow/dags/prediction_features_pipeline.py
[2025-12-30T18:19:31.456+0000] {processor.py:830} INFO - Processing file /opt/airflow/dags/prediction_features_pipeline.py for tasks to queue
[2025-12-30T18:19:31.458+0000] {logging_mixin.py:188} INFO - [2025-12-30T18:19:31.458+0000] {dagbag.py:538} INFO - Filling up the DagBag from /opt/airflow/dags/prediction_features_pipeline.py
[2025-12-30T18:19:31.506+0000] {processor.py:840} INFO - DAG(s) 'match_features_pipeline' retrieved from /opt/airflow/dags/prediction_features_pipeline.py
[2025-12-30T18:19:31.558+0000] {logging_mixin.py:188} INFO - [2025-12-30T18:19:31.558+0000] {dag.py:3036} INFO - Sync 1 DAGs
[2025-12-30T18:19:31.612+0000] {logging_mixin.py:188} INFO - [2025-12-30T18:19:31.611+0000] {dag.py:3823} INFO - Setting next_dagrun for match_features_pipeline to 2025-12-29 00:00:00+00:00, run_after=2025-12-30 00:00:00+00:00
[2025-12-30T18:19:31.655+0000] {processor.py:183} INFO - Processing /opt/airflow/dags/prediction_features_pipeline.py took 0.208 seconds
[2025-12-30T18:20:01.841+0000] {processor.py:161} INFO - Started process (PID=8844) to work on /opt/airflow/dags/prediction_features_pipeline.py
[2025-12-30T18:20:01.844+0000] {processor.py:830} INFO - Processing file /opt/airflow/dags/prediction_features_pipeline.py for tasks to queue
[2025-12-30T18:20:01.847+0000] {logging_mixin.py:188} INFO - [2025-12-30T18:20:01.846+0000] {dagbag.py:538} INFO - Filling up the DagBag from /opt/airflow/dags/prediction_features_pipeline.py
[2025-12-30T18:20:01.900+0000] {processor.py:840} INFO - DAG(s) 'match_features_pipeline' retrieved from /opt/airflow/dags/prediction_features_pipeline.py
[2025-12-30T18:20:01.953+0000] {logging_mixin.py:188} INFO - [2025-12-30T18:20:01.953+0000] {dag.py:3036} INFO - Sync 1 DAGs
[2025-12-30T18:20:02.003+0000] {logging_mixin.py:188} INFO - [2025-12-30T18:20:02.002+0000] {dag.py:3823} INFO - Setting next_dagrun for match_features_pipeline to 2025-12-29 00:00:00+00:00, run_after=2025-12-30 00:00:00+00:00
[2025-12-30T18:20:02.045+0000] {processor.py:183} INFO - Processing /opt/airflow/dags/prediction_features_pipeline.py took 0.213 seconds
[2025-12-30T18:20:33.082+0000] {processor.py:161} INFO - Started process (PID=8864) to work on /opt/airflow/dags/prediction_features_pipeline.py
[2025-12-30T18:20:33.086+0000] {processor.py:830} INFO - Processing file /opt/airflow/dags/prediction_features_pipeline.py for tasks to queue
[2025-12-30T18:20:33.088+0000] {logging_mixin.py:188} INFO - [2025-12-30T18:20:33.088+0000] {dagbag.py:538} INFO - Filling up the DagBag from /opt/airflow/dags/prediction_features_pipeline.py
[2025-12-30T18:20:33.140+0000] {processor.py:840} INFO - DAG(s) 'match_features_pipeline' retrieved from /opt/airflow/dags/prediction_features_pipeline.py
[2025-12-30T18:20:33.201+0000] {logging_mixin.py:188} INFO - [2025-12-30T18:20:33.200+0000] {dag.py:3036} INFO - Sync 1 DAGs
[2025-12-30T18:20:33.250+0000] {logging_mixin.py:188} INFO - [2025-12-30T18:20:33.249+0000] {dag.py:3823} INFO - Setting next_dagrun for match_features_pipeline to 2025-12-29 00:00:00+00:00, run_after=2025-12-30 00:00:00+00:00
[2025-12-30T18:20:33.296+0000] {processor.py:183} INFO - Processing /opt/airflow/dags/prediction_features_pipeline.py took 0.224 seconds
[2025-12-30T18:21:04.212+0000] {processor.py:161} INFO - Started process (PID=8884) to work on /opt/airflow/dags/prediction_features_pipeline.py
[2025-12-30T18:21:04.216+0000] {processor.py:830} INFO - Processing file /opt/airflow/dags/prediction_features_pipeline.py for tasks to queue
[2025-12-30T18:21:04.218+0000] {logging_mixin.py:188} INFO - [2025-12-30T18:21:04.218+0000] {dagbag.py:538} INFO - Filling up the DagBag from /opt/airflow/dags/prediction_features_pipeline.py
[2025-12-30T18:21:04.275+0000] {processor.py:840} INFO - DAG(s) 'match_features_pipeline' retrieved from /opt/airflow/dags/prediction_features_pipeline.py
[2025-12-30T18:21:04.342+0000] {logging_mixin.py:188} INFO - [2025-12-30T18:21:04.341+0000] {dag.py:3036} INFO - Sync 1 DAGs
[2025-12-30T18:21:04.401+0000] {logging_mixin.py:188} INFO - [2025-12-30T18:21:04.400+0000] {dag.py:3823} INFO - Setting next_dagrun for match_features_pipeline to 2025-12-29 00:00:00+00:00, run_after=2025-12-30 00:00:00+00:00
[2025-12-30T18:21:04.446+0000] {processor.py:183} INFO - Processing /opt/airflow/dags/prediction_features_pipeline.py took 0.244 seconds
[2025-12-30T18:21:35.221+0000] {processor.py:161} INFO - Started process (PID=8904) to work on /opt/airflow/dags/prediction_features_pipeline.py
[2025-12-30T18:21:35.223+0000] {processor.py:830} INFO - Processing file /opt/airflow/dags/prediction_features_pipeline.py for tasks to queue
[2025-12-30T18:21:35.225+0000] {logging_mixin.py:188} INFO - [2025-12-30T18:21:35.224+0000] {dagbag.py:538} INFO - Filling up the DagBag from /opt/airflow/dags/prediction_features_pipeline.py
[2025-12-30T18:21:35.264+0000] {processor.py:840} INFO - DAG(s) 'match_features_pipeline' retrieved from /opt/airflow/dags/prediction_features_pipeline.py
[2025-12-30T18:21:35.312+0000] {logging_mixin.py:188} INFO - [2025-12-30T18:21:35.312+0000] {dag.py:3036} INFO - Sync 1 DAGs
[2025-12-30T18:21:35.362+0000] {logging_mixin.py:188} INFO - [2025-12-30T18:21:35.361+0000] {dag.py:3823} INFO - Setting next_dagrun for match_features_pipeline to 2025-12-29 00:00:00+00:00, run_after=2025-12-30 00:00:00+00:00
[2025-12-30T18:21:35.420+0000] {processor.py:183} INFO - Processing /opt/airflow/dags/prediction_features_pipeline.py took 0.205 seconds
[2025-12-30T18:22:06.186+0000] {processor.py:161} INFO - Started process (PID=8924) to work on /opt/airflow/dags/prediction_features_pipeline.py
[2025-12-30T18:22:06.188+0000] {processor.py:830} INFO - Processing file /opt/airflow/dags/prediction_features_pipeline.py for tasks to queue
[2025-12-30T18:22:06.190+0000] {logging_mixin.py:188} INFO - [2025-12-30T18:22:06.189+0000] {dagbag.py:538} INFO - Filling up the DagBag from /opt/airflow/dags/prediction_features_pipeline.py
[2025-12-30T18:22:06.251+0000] {processor.py:840} INFO - DAG(s) 'match_features_pipeline' retrieved from /opt/airflow/dags/prediction_features_pipeline.py
[2025-12-30T18:22:06.310+0000] {logging_mixin.py:188} INFO - [2025-12-30T18:22:06.309+0000] {dag.py:3036} INFO - Sync 1 DAGs
[2025-12-30T18:22:06.358+0000] {logging_mixin.py:188} INFO - [2025-12-30T18:22:06.358+0000] {dag.py:3823} INFO - Setting next_dagrun for match_features_pipeline to 2025-12-29 00:00:00+00:00, run_after=2025-12-30 00:00:00+00:00
[2025-12-30T18:22:06.399+0000] {processor.py:183} INFO - Processing /opt/airflow/dags/prediction_features_pipeline.py took 0.222 seconds
[2025-12-30T18:22:37.181+0000] {processor.py:161} INFO - Started process (PID=8944) to work on /opt/airflow/dags/prediction_features_pipeline.py
[2025-12-30T18:22:37.183+0000] {processor.py:830} INFO - Processing file /opt/airflow/dags/prediction_features_pipeline.py for tasks to queue
[2025-12-30T18:22:37.184+0000] {logging_mixin.py:188} INFO - [2025-12-30T18:22:37.184+0000] {dagbag.py:538} INFO - Filling up the DagBag from /opt/airflow/dags/prediction_features_pipeline.py
[2025-12-30T18:22:37.230+0000] {processor.py:840} INFO - DAG(s) 'match_features_pipeline' retrieved from /opt/airflow/dags/prediction_features_pipeline.py
[2025-12-30T18:22:37.271+0000] {logging_mixin.py:188} INFO - [2025-12-30T18:22:37.271+0000] {dag.py:3036} INFO - Sync 1 DAGs
[2025-12-30T18:22:37.311+0000] {logging_mixin.py:188} INFO - [2025-12-30T18:22:37.311+0000] {dag.py:3823} INFO - Setting next_dagrun for match_features_pipeline to 2025-12-29 00:00:00+00:00, run_after=2025-12-30 00:00:00+00:00
[2025-12-30T18:22:37.388+0000] {processor.py:183} INFO - Processing /opt/airflow/dags/prediction_features_pipeline.py took 0.214 seconds
[2025-12-30T18:23:08.316+0000] {processor.py:161} INFO - Started process (PID=8964) to work on /opt/airflow/dags/prediction_features_pipeline.py
[2025-12-30T18:23:08.320+0000] {processor.py:830} INFO - Processing file /opt/airflow/dags/prediction_features_pipeline.py for tasks to queue
[2025-12-30T18:23:08.323+0000] {logging_mixin.py:188} INFO - [2025-12-30T18:23:08.322+0000] {dagbag.py:538} INFO - Filling up the DagBag from /opt/airflow/dags/prediction_features_pipeline.py
[2025-12-30T18:23:08.390+0000] {processor.py:840} INFO - DAG(s) 'match_features_pipeline' retrieved from /opt/airflow/dags/prediction_features_pipeline.py
[2025-12-30T18:23:08.447+0000] {logging_mixin.py:188} INFO - [2025-12-30T18:23:08.446+0000] {dag.py:3036} INFO - Sync 1 DAGs
[2025-12-30T18:23:08.498+0000] {logging_mixin.py:188} INFO - [2025-12-30T18:23:08.498+0000] {dag.py:3823} INFO - Setting next_dagrun for match_features_pipeline to 2025-12-29 00:00:00+00:00, run_after=2025-12-30 00:00:00+00:00
[2025-12-30T18:23:08.541+0000] {processor.py:183} INFO - Processing /opt/airflow/dags/prediction_features_pipeline.py took 0.233 seconds
[2025-12-30T18:23:39.359+0000] {processor.py:161} INFO - Started process (PID=8984) to work on /opt/airflow/dags/prediction_features_pipeline.py
[2025-12-30T18:23:39.362+0000] {processor.py:830} INFO - Processing file /opt/airflow/dags/prediction_features_pipeline.py for tasks to queue
[2025-12-30T18:23:39.363+0000] {logging_mixin.py:188} INFO - [2025-12-30T18:23:39.363+0000] {dagbag.py:538} INFO - Filling up the DagBag from /opt/airflow/dags/prediction_features_pipeline.py
[2025-12-30T18:23:39.408+0000] {processor.py:840} INFO - DAG(s) 'match_features_pipeline' retrieved from /opt/airflow/dags/prediction_features_pipeline.py
[2025-12-30T18:23:39.447+0000] {logging_mixin.py:188} INFO - [2025-12-30T18:23:39.447+0000] {dag.py:3036} INFO - Sync 1 DAGs
[2025-12-30T18:23:39.490+0000] {logging_mixin.py:188} INFO - [2025-12-30T18:23:39.490+0000] {dag.py:3823} INFO - Setting next_dagrun for match_features_pipeline to 2025-12-29 00:00:00+00:00, run_after=2025-12-30 00:00:00+00:00
[2025-12-30T18:23:39.551+0000] {processor.py:183} INFO - Processing /opt/airflow/dags/prediction_features_pipeline.py took 0.198 seconds
[2025-12-30T18:24:10.422+0000] {processor.py:161} INFO - Started process (PID=9004) to work on /opt/airflow/dags/prediction_features_pipeline.py
[2025-12-30T18:24:10.424+0000] {processor.py:830} INFO - Processing file /opt/airflow/dags/prediction_features_pipeline.py for tasks to queue
[2025-12-30T18:24:10.426+0000] {logging_mixin.py:188} INFO - [2025-12-30T18:24:10.426+0000] {dagbag.py:538} INFO - Filling up the DagBag from /opt/airflow/dags/prediction_features_pipeline.py
[2025-12-30T18:24:10.469+0000] {processor.py:840} INFO - DAG(s) 'match_features_pipeline' retrieved from /opt/airflow/dags/prediction_features_pipeline.py
[2025-12-30T18:24:10.517+0000] {logging_mixin.py:188} INFO - [2025-12-30T18:24:10.516+0000] {dag.py:3036} INFO - Sync 1 DAGs
[2025-12-30T18:24:10.570+0000] {logging_mixin.py:188} INFO - [2025-12-30T18:24:10.570+0000] {dag.py:3823} INFO - Setting next_dagrun for match_features_pipeline to 2025-12-29 00:00:00+00:00, run_after=2025-12-30 00:00:00+00:00
[2025-12-30T18:24:10.615+0000] {processor.py:183} INFO - Processing /opt/airflow/dags/prediction_features_pipeline.py took 0.200 seconds
[2025-12-30T18:24:41.470+0000] {processor.py:161} INFO - Started process (PID=9024) to work on /opt/airflow/dags/prediction_features_pipeline.py
[2025-12-30T18:24:41.472+0000] {processor.py:830} INFO - Processing file /opt/airflow/dags/prediction_features_pipeline.py for tasks to queue
[2025-12-30T18:24:41.474+0000] {logging_mixin.py:188} INFO - [2025-12-30T18:24:41.473+0000] {dagbag.py:538} INFO - Filling up the DagBag from /opt/airflow/dags/prediction_features_pipeline.py
[2025-12-30T18:24:41.516+0000] {processor.py:840} INFO - DAG(s) 'match_features_pipeline' retrieved from /opt/airflow/dags/prediction_features_pipeline.py
[2025-12-30T18:24:41.558+0000] {logging_mixin.py:188} INFO - [2025-12-30T18:24:41.557+0000] {dag.py:3036} INFO - Sync 1 DAGs
[2025-12-30T18:24:41.598+0000] {logging_mixin.py:188} INFO - [2025-12-30T18:24:41.598+0000] {dag.py:3823} INFO - Setting next_dagrun for match_features_pipeline to 2025-12-29 00:00:00+00:00, run_after=2025-12-30 00:00:00+00:00
[2025-12-30T18:24:41.637+0000] {processor.py:183} INFO - Processing /opt/airflow/dags/prediction_features_pipeline.py took 0.176 seconds
[2025-12-30T18:25:12.604+0000] {processor.py:161} INFO - Started process (PID=9044) to work on /opt/airflow/dags/prediction_features_pipeline.py
[2025-12-30T18:25:12.607+0000] {processor.py:830} INFO - Processing file /opt/airflow/dags/prediction_features_pipeline.py for tasks to queue
[2025-12-30T18:25:12.609+0000] {logging_mixin.py:188} INFO - [2025-12-30T18:25:12.608+0000] {dagbag.py:538} INFO - Filling up the DagBag from /opt/airflow/dags/prediction_features_pipeline.py
[2025-12-30T18:25:12.667+0000] {processor.py:840} INFO - DAG(s) 'match_features_pipeline' retrieved from /opt/airflow/dags/prediction_features_pipeline.py
[2025-12-30T18:25:12.721+0000] {logging_mixin.py:188} INFO - [2025-12-30T18:25:12.720+0000] {dag.py:3036} INFO - Sync 1 DAGs
[2025-12-30T18:25:12.774+0000] {logging_mixin.py:188} INFO - [2025-12-30T18:25:12.774+0000] {dag.py:3823} INFO - Setting next_dagrun for match_features_pipeline to 2025-12-29 00:00:00+00:00, run_after=2025-12-30 00:00:00+00:00
[2025-12-30T18:25:12.824+0000] {processor.py:183} INFO - Processing /opt/airflow/dags/prediction_features_pipeline.py took 0.228 seconds
[2025-12-30T18:25:43.632+0000] {processor.py:161} INFO - Started process (PID=9064) to work on /opt/airflow/dags/prediction_features_pipeline.py
[2025-12-30T18:25:43.633+0000] {processor.py:830} INFO - Processing file /opt/airflow/dags/prediction_features_pipeline.py for tasks to queue
[2025-12-30T18:25:43.636+0000] {logging_mixin.py:188} INFO - [2025-12-30T18:25:43.635+0000] {dagbag.py:538} INFO - Filling up the DagBag from /opt/airflow/dags/prediction_features_pipeline.py
[2025-12-30T18:25:43.678+0000] {processor.py:840} INFO - DAG(s) 'match_features_pipeline' retrieved from /opt/airflow/dags/prediction_features_pipeline.py
[2025-12-30T18:25:43.725+0000] {logging_mixin.py:188} INFO - [2025-12-30T18:25:43.725+0000] {dag.py:3036} INFO - Sync 1 DAGs
[2025-12-30T18:25:43.766+0000] {logging_mixin.py:188} INFO - [2025-12-30T18:25:43.766+0000] {dag.py:3823} INFO - Setting next_dagrun for match_features_pipeline to 2025-12-29 00:00:00+00:00, run_after=2025-12-30 00:00:00+00:00
[2025-12-30T18:25:43.824+0000] {processor.py:183} INFO - Processing /opt/airflow/dags/prediction_features_pipeline.py took 0.198 seconds
[2025-12-30T18:26:14.671+0000] {processor.py:161} INFO - Started process (PID=9084) to work on /opt/airflow/dags/prediction_features_pipeline.py
[2025-12-30T18:26:14.674+0000] {processor.py:830} INFO - Processing file /opt/airflow/dags/prediction_features_pipeline.py for tasks to queue
[2025-12-30T18:26:14.676+0000] {logging_mixin.py:188} INFO - [2025-12-30T18:26:14.675+0000] {dagbag.py:538} INFO - Filling up the DagBag from /opt/airflow/dags/prediction_features_pipeline.py
[2025-12-30T18:26:14.721+0000] {processor.py:840} INFO - DAG(s) 'match_features_pipeline' retrieved from /opt/airflow/dags/prediction_features_pipeline.py
[2025-12-30T18:26:14.773+0000] {logging_mixin.py:188} INFO - [2025-12-30T18:26:14.772+0000] {dag.py:3036} INFO - Sync 1 DAGs
[2025-12-30T18:26:14.815+0000] {logging_mixin.py:188} INFO - [2025-12-30T18:26:14.815+0000] {dag.py:3823} INFO - Setting next_dagrun for match_features_pipeline to 2025-12-29 00:00:00+00:00, run_after=2025-12-30 00:00:00+00:00
[2025-12-30T18:26:14.875+0000] {processor.py:183} INFO - Processing /opt/airflow/dags/prediction_features_pipeline.py took 0.210 seconds
[2025-12-30T18:26:45.666+0000] {processor.py:161} INFO - Started process (PID=9104) to work on /opt/airflow/dags/prediction_features_pipeline.py
[2025-12-30T18:26:45.668+0000] {processor.py:830} INFO - Processing file /opt/airflow/dags/prediction_features_pipeline.py for tasks to queue
[2025-12-30T18:26:45.670+0000] {logging_mixin.py:188} INFO - [2025-12-30T18:26:45.669+0000] {dagbag.py:538} INFO - Filling up the DagBag from /opt/airflow/dags/prediction_features_pipeline.py
[2025-12-30T18:26:45.724+0000] {processor.py:840} INFO - DAG(s) 'match_features_pipeline' retrieved from /opt/airflow/dags/prediction_features_pipeline.py
[2025-12-30T18:26:45.773+0000] {logging_mixin.py:188} INFO - [2025-12-30T18:26:45.772+0000] {dag.py:3036} INFO - Sync 1 DAGs
[2025-12-30T18:26:45.817+0000] {logging_mixin.py:188} INFO - [2025-12-30T18:26:45.817+0000] {dag.py:3823} INFO - Setting next_dagrun for match_features_pipeline to 2025-12-29 00:00:00+00:00, run_after=2025-12-30 00:00:00+00:00
[2025-12-30T18:26:45.852+0000] {processor.py:183} INFO - Processing /opt/airflow/dags/prediction_features_pipeline.py took 0.193 seconds
[2025-12-30T18:27:16.661+0000] {processor.py:161} INFO - Started process (PID=9124) to work on /opt/airflow/dags/prediction_features_pipeline.py
[2025-12-30T18:27:16.663+0000] {processor.py:830} INFO - Processing file /opt/airflow/dags/prediction_features_pipeline.py for tasks to queue
[2025-12-30T18:27:16.665+0000] {logging_mixin.py:188} INFO - [2025-12-30T18:27:16.665+0000] {dagbag.py:538} INFO - Filling up the DagBag from /opt/airflow/dags/prediction_features_pipeline.py
[2025-12-30T18:27:16.706+0000] {processor.py:840} INFO - DAG(s) 'match_features_pipeline' retrieved from /opt/airflow/dags/prediction_features_pipeline.py
[2025-12-30T18:27:16.765+0000] {logging_mixin.py:188} INFO - [2025-12-30T18:27:16.765+0000] {dag.py:3036} INFO - Sync 1 DAGs
[2025-12-30T18:27:16.811+0000] {logging_mixin.py:188} INFO - [2025-12-30T18:27:16.811+0000] {dag.py:3823} INFO - Setting next_dagrun for match_features_pipeline to 2025-12-29 00:00:00+00:00, run_after=2025-12-30 00:00:00+00:00
[2025-12-30T18:27:16.864+0000] {processor.py:183} INFO - Processing /opt/airflow/dags/prediction_features_pipeline.py took 0.210 seconds
[2025-12-30T18:27:47.652+0000] {processor.py:161} INFO - Started process (PID=9144) to work on /opt/airflow/dags/prediction_features_pipeline.py
[2025-12-30T18:27:47.654+0000] {processor.py:830} INFO - Processing file /opt/airflow/dags/prediction_features_pipeline.py for tasks to queue
[2025-12-30T18:27:47.657+0000] {logging_mixin.py:188} INFO - [2025-12-30T18:27:47.656+0000] {dagbag.py:538} INFO - Filling up the DagBag from /opt/airflow/dags/prediction_features_pipeline.py
[2025-12-30T18:27:47.717+0000] {processor.py:840} INFO - DAG(s) 'match_features_pipeline' retrieved from /opt/airflow/dags/prediction_features_pipeline.py
[2025-12-30T18:27:47.771+0000] {logging_mixin.py:188} INFO - [2025-12-30T18:27:47.770+0000] {dag.py:3036} INFO - Sync 1 DAGs
[2025-12-30T18:27:47.812+0000] {logging_mixin.py:188} INFO - [2025-12-30T18:27:47.812+0000] {dag.py:3823} INFO - Setting next_dagrun for match_features_pipeline to 2025-12-29 00:00:00+00:00, run_after=2025-12-30 00:00:00+00:00
[2025-12-30T18:27:47.857+0000] {processor.py:183} INFO - Processing /opt/airflow/dags/prediction_features_pipeline.py took 0.213 seconds
[2025-12-30T18:28:18.734+0000] {processor.py:161} INFO - Started process (PID=9164) to work on /opt/airflow/dags/prediction_features_pipeline.py
[2025-12-30T18:28:18.737+0000] {processor.py:830} INFO - Processing file /opt/airflow/dags/prediction_features_pipeline.py for tasks to queue
[2025-12-30T18:28:18.739+0000] {logging_mixin.py:188} INFO - [2025-12-30T18:28:18.738+0000] {dagbag.py:538} INFO - Filling up the DagBag from /opt/airflow/dags/prediction_features_pipeline.py
[2025-12-30T18:28:18.782+0000] {processor.py:840} INFO - DAG(s) 'match_features_pipeline' retrieved from /opt/airflow/dags/prediction_features_pipeline.py
[2025-12-30T18:28:18.833+0000] {logging_mixin.py:188} INFO - [2025-12-30T18:28:18.832+0000] {dag.py:3036} INFO - Sync 1 DAGs
[2025-12-30T18:28:18.879+0000] {logging_mixin.py:188} INFO - [2025-12-30T18:28:18.878+0000] {dag.py:3823} INFO - Setting next_dagrun for match_features_pipeline to 2025-12-29 00:00:00+00:00, run_after=2025-12-30 00:00:00+00:00
[2025-12-30T18:28:18.923+0000] {processor.py:183} INFO - Processing /opt/airflow/dags/prediction_features_pipeline.py took 0.195 seconds
[2025-12-30T18:28:49.826+0000] {processor.py:161} INFO - Started process (PID=9184) to work on /opt/airflow/dags/prediction_features_pipeline.py
[2025-12-30T18:28:49.830+0000] {processor.py:830} INFO - Processing file /opt/airflow/dags/prediction_features_pipeline.py for tasks to queue
[2025-12-30T18:28:49.833+0000] {logging_mixin.py:188} INFO - [2025-12-30T18:28:49.832+0000] {dagbag.py:538} INFO - Filling up the DagBag from /opt/airflow/dags/prediction_features_pipeline.py
[2025-12-30T18:28:49.883+0000] {processor.py:840} INFO - DAG(s) 'match_features_pipeline' retrieved from /opt/airflow/dags/prediction_features_pipeline.py
[2025-12-30T18:28:49.933+0000] {logging_mixin.py:188} INFO - [2025-12-30T18:28:49.932+0000] {dag.py:3036} INFO - Sync 1 DAGs
[2025-12-30T18:28:49.985+0000] {logging_mixin.py:188} INFO - [2025-12-30T18:28:49.984+0000] {dag.py:3823} INFO - Setting next_dagrun for match_features_pipeline to 2025-12-29 00:00:00+00:00, run_after=2025-12-30 00:00:00+00:00
[2025-12-30T18:28:50.058+0000] {processor.py:183} INFO - Processing /opt/airflow/dags/prediction_features_pipeline.py took 0.243 seconds
[2025-12-30T18:29:20.963+0000] {processor.py:161} INFO - Started process (PID=9204) to work on /opt/airflow/dags/prediction_features_pipeline.py
[2025-12-30T18:29:20.966+0000] {processor.py:830} INFO - Processing file /opt/airflow/dags/prediction_features_pipeline.py for tasks to queue
[2025-12-30T18:29:20.968+0000] {logging_mixin.py:188} INFO - [2025-12-30T18:29:20.968+0000] {dagbag.py:538} INFO - Filling up the DagBag from /opt/airflow/dags/prediction_features_pipeline.py
[2025-12-30T18:29:21.013+0000] {processor.py:840} INFO - DAG(s) 'match_features_pipeline' retrieved from /opt/airflow/dags/prediction_features_pipeline.py
[2025-12-30T18:29:21.059+0000] {logging_mixin.py:188} INFO - [2025-12-30T18:29:21.059+0000] {dag.py:3036} INFO - Sync 1 DAGs
[2025-12-30T18:29:21.101+0000] {logging_mixin.py:188} INFO - [2025-12-30T18:29:21.101+0000] {dag.py:3823} INFO - Setting next_dagrun for match_features_pipeline to 2025-12-29 00:00:00+00:00, run_after=2025-12-30 00:00:00+00:00
[2025-12-30T18:29:21.163+0000] {processor.py:183} INFO - Processing /opt/airflow/dags/prediction_features_pipeline.py took 0.208 seconds
[2025-12-30T18:29:51.956+0000] {processor.py:161} INFO - Started process (PID=9224) to work on /opt/airflow/dags/prediction_features_pipeline.py
[2025-12-30T18:29:51.960+0000] {processor.py:830} INFO - Processing file /opt/airflow/dags/prediction_features_pipeline.py for tasks to queue
[2025-12-30T18:29:51.964+0000] {logging_mixin.py:188} INFO - [2025-12-30T18:29:51.963+0000] {dagbag.py:538} INFO - Filling up the DagBag from /opt/airflow/dags/prediction_features_pipeline.py
[2025-12-30T18:29:52.003+0000] {processor.py:840} INFO - DAG(s) 'match_features_pipeline' retrieved from /opt/airflow/dags/prediction_features_pipeline.py
[2025-12-30T18:29:52.049+0000] {logging_mixin.py:188} INFO - [2025-12-30T18:29:52.049+0000] {dag.py:3036} INFO - Sync 1 DAGs
[2025-12-30T18:29:52.103+0000] {logging_mixin.py:188} INFO - [2025-12-30T18:29:52.102+0000] {dag.py:3823} INFO - Setting next_dagrun for match_features_pipeline to 2025-12-29 00:00:00+00:00, run_after=2025-12-30 00:00:00+00:00
[2025-12-30T18:29:52.152+0000] {processor.py:183} INFO - Processing /opt/airflow/dags/prediction_features_pipeline.py took 0.206 seconds
[2025-12-30T18:30:23.115+0000] {processor.py:161} INFO - Started process (PID=9244) to work on /opt/airflow/dags/prediction_features_pipeline.py
[2025-12-30T18:30:23.117+0000] {processor.py:830} INFO - Processing file /opt/airflow/dags/prediction_features_pipeline.py for tasks to queue
[2025-12-30T18:30:23.120+0000] {logging_mixin.py:188} INFO - [2025-12-30T18:30:23.119+0000] {dagbag.py:538} INFO - Filling up the DagBag from /opt/airflow/dags/prediction_features_pipeline.py
[2025-12-30T18:30:23.162+0000] {processor.py:840} INFO - DAG(s) 'match_features_pipeline' retrieved from /opt/airflow/dags/prediction_features_pipeline.py
[2025-12-30T18:30:23.214+0000] {logging_mixin.py:188} INFO - [2025-12-30T18:30:23.213+0000] {dag.py:3036} INFO - Sync 1 DAGs
[2025-12-30T18:30:23.254+0000] {logging_mixin.py:188} INFO - [2025-12-30T18:30:23.253+0000] {dag.py:3823} INFO - Setting next_dagrun for match_features_pipeline to 2025-12-29 00:00:00+00:00, run_after=2025-12-30 00:00:00+00:00
[2025-12-30T18:30:23.310+0000] {processor.py:183} INFO - Processing /opt/airflow/dags/prediction_features_pipeline.py took 0.202 seconds
[2025-12-30T18:30:54.112+0000] {processor.py:161} INFO - Started process (PID=9264) to work on /opt/airflow/dags/prediction_features_pipeline.py
[2025-12-30T18:30:54.115+0000] {processor.py:830} INFO - Processing file /opt/airflow/dags/prediction_features_pipeline.py for tasks to queue
[2025-12-30T18:30:54.118+0000] {logging_mixin.py:188} INFO - [2025-12-30T18:30:54.117+0000] {dagbag.py:538} INFO - Filling up the DagBag from /opt/airflow/dags/prediction_features_pipeline.py
[2025-12-30T18:30:54.167+0000] {processor.py:840} INFO - DAG(s) 'match_features_pipeline' retrieved from /opt/airflow/dags/prediction_features_pipeline.py
[2025-12-30T18:30:54.222+0000] {logging_mixin.py:188} INFO - [2025-12-30T18:30:54.221+0000] {dag.py:3036} INFO - Sync 1 DAGs
[2025-12-30T18:30:54.274+0000] {logging_mixin.py:188} INFO - [2025-12-30T18:30:54.274+0000] {dag.py:3823} INFO - Setting next_dagrun for match_features_pipeline to 2025-12-29 00:00:00+00:00, run_after=2025-12-30 00:00:00+00:00
[2025-12-30T18:30:54.316+0000] {processor.py:183} INFO - Processing /opt/airflow/dags/prediction_features_pipeline.py took 0.214 seconds
[2025-12-30T18:31:25.167+0000] {processor.py:161} INFO - Started process (PID=9284) to work on /opt/airflow/dags/prediction_features_pipeline.py
[2025-12-30T18:31:25.169+0000] {processor.py:830} INFO - Processing file /opt/airflow/dags/prediction_features_pipeline.py for tasks to queue
[2025-12-30T18:31:25.171+0000] {logging_mixin.py:188} INFO - [2025-12-30T18:31:25.170+0000] {dagbag.py:538} INFO - Filling up the DagBag from /opt/airflow/dags/prediction_features_pipeline.py
[2025-12-30T18:31:25.219+0000] {processor.py:840} INFO - DAG(s) 'match_features_pipeline' retrieved from /opt/airflow/dags/prediction_features_pipeline.py
[2025-12-30T18:31:25.277+0000] {logging_mixin.py:188} INFO - [2025-12-30T18:31:25.276+0000] {dag.py:3036} INFO - Sync 1 DAGs
[2025-12-30T18:31:25.321+0000] {logging_mixin.py:188} INFO - [2025-12-30T18:31:25.321+0000] {dag.py:3823} INFO - Setting next_dagrun for match_features_pipeline to 2025-12-29 00:00:00+00:00, run_after=2025-12-30 00:00:00+00:00
[2025-12-30T18:31:25.358+0000] {processor.py:183} INFO - Processing /opt/airflow/dags/prediction_features_pipeline.py took 0.198 seconds
[2025-12-30T18:31:56.228+0000] {processor.py:161} INFO - Started process (PID=9304) to work on /opt/airflow/dags/prediction_features_pipeline.py
[2025-12-30T18:31:56.230+0000] {processor.py:830} INFO - Processing file /opt/airflow/dags/prediction_features_pipeline.py for tasks to queue
[2025-12-30T18:31:56.232+0000] {logging_mixin.py:188} INFO - [2025-12-30T18:31:56.231+0000] {dagbag.py:538} INFO - Filling up the DagBag from /opt/airflow/dags/prediction_features_pipeline.py
[2025-12-30T18:31:56.289+0000] {processor.py:840} INFO - DAG(s) 'match_features_pipeline' retrieved from /opt/airflow/dags/prediction_features_pipeline.py
[2025-12-30T18:31:56.351+0000] {logging_mixin.py:188} INFO - [2025-12-30T18:31:56.350+0000] {dag.py:3036} INFO - Sync 1 DAGs
[2025-12-30T18:31:56.393+0000] {logging_mixin.py:188} INFO - [2025-12-30T18:31:56.392+0000] {dag.py:3823} INFO - Setting next_dagrun for match_features_pipeline to 2025-12-29 00:00:00+00:00, run_after=2025-12-30 00:00:00+00:00
[2025-12-30T18:31:56.430+0000] {processor.py:183} INFO - Processing /opt/airflow/dags/prediction_features_pipeline.py took 0.210 seconds
[2025-12-30T18:32:27.361+0000] {processor.py:161} INFO - Started process (PID=9324) to work on /opt/airflow/dags/prediction_features_pipeline.py
[2025-12-30T18:32:27.363+0000] {processor.py:830} INFO - Processing file /opt/airflow/dags/prediction_features_pipeline.py for tasks to queue
[2025-12-30T18:32:27.367+0000] {logging_mixin.py:188} INFO - [2025-12-30T18:32:27.367+0000] {dagbag.py:538} INFO - Filling up the DagBag from /opt/airflow/dags/prediction_features_pipeline.py
[2025-12-30T18:32:27.407+0000] {processor.py:840} INFO - DAG(s) 'match_features_pipeline' retrieved from /opt/airflow/dags/prediction_features_pipeline.py
[2025-12-30T18:32:27.467+0000] {logging_mixin.py:188} INFO - [2025-12-30T18:32:27.466+0000] {dag.py:3036} INFO - Sync 1 DAGs
[2025-12-30T18:32:27.553+0000] {logging_mixin.py:188} INFO - [2025-12-30T18:32:27.552+0000] {dag.py:3823} INFO - Setting next_dagrun for match_features_pipeline to 2025-12-29 00:00:00+00:00, run_after=2025-12-30 00:00:00+00:00
[2025-12-30T18:32:27.613+0000] {processor.py:183} INFO - Processing /opt/airflow/dags/prediction_features_pipeline.py took 0.260 seconds
[2025-12-30T18:32:58.598+0000] {processor.py:161} INFO - Started process (PID=9344) to work on /opt/airflow/dags/prediction_features_pipeline.py
[2025-12-30T18:32:58.601+0000] {processor.py:830} INFO - Processing file /opt/airflow/dags/prediction_features_pipeline.py for tasks to queue
[2025-12-30T18:32:58.603+0000] {logging_mixin.py:188} INFO - [2025-12-30T18:32:58.602+0000] {dagbag.py:538} INFO - Filling up the DagBag from /opt/airflow/dags/prediction_features_pipeline.py
[2025-12-30T18:32:58.652+0000] {processor.py:840} INFO - DAG(s) 'match_features_pipeline' retrieved from /opt/airflow/dags/prediction_features_pipeline.py
[2025-12-30T18:32:58.703+0000] {logging_mixin.py:188} INFO - [2025-12-30T18:32:58.703+0000] {dag.py:3036} INFO - Sync 1 DAGs
[2025-12-30T18:32:58.743+0000] {logging_mixin.py:188} INFO - [2025-12-30T18:32:58.743+0000] {dag.py:3823} INFO - Setting next_dagrun for match_features_pipeline to 2025-12-29 00:00:00+00:00, run_after=2025-12-30 00:00:00+00:00
[2025-12-30T18:32:58.785+0000] {processor.py:183} INFO - Processing /opt/airflow/dags/prediction_features_pipeline.py took 0.197 seconds
[2025-12-30T18:33:29.676+0000] {processor.py:161} INFO - Started process (PID=9364) to work on /opt/airflow/dags/prediction_features_pipeline.py
[2025-12-30T18:33:29.679+0000] {processor.py:830} INFO - Processing file /opt/airflow/dags/prediction_features_pipeline.py for tasks to queue
[2025-12-30T18:33:29.682+0000] {logging_mixin.py:188} INFO - [2025-12-30T18:33:29.681+0000] {dagbag.py:538} INFO - Filling up the DagBag from /opt/airflow/dags/prediction_features_pipeline.py
[2025-12-30T18:33:29.732+0000] {processor.py:840} INFO - DAG(s) 'match_features_pipeline' retrieved from /opt/airflow/dags/prediction_features_pipeline.py
[2025-12-30T18:33:29.781+0000] {logging_mixin.py:188} INFO - [2025-12-30T18:33:29.780+0000] {dag.py:3036} INFO - Sync 1 DAGs
[2025-12-30T18:33:29.823+0000] {logging_mixin.py:188} INFO - [2025-12-30T18:33:29.822+0000] {dag.py:3823} INFO - Setting next_dagrun for match_features_pipeline to 2025-12-29 00:00:00+00:00, run_after=2025-12-30 00:00:00+00:00
[2025-12-30T18:33:29.858+0000] {processor.py:183} INFO - Processing /opt/airflow/dags/prediction_features_pipeline.py took 0.192 seconds
[2025-12-30T18:34:00.747+0000] {processor.py:161} INFO - Started process (PID=9384) to work on /opt/airflow/dags/prediction_features_pipeline.py
[2025-12-30T18:34:00.750+0000] {processor.py:830} INFO - Processing file /opt/airflow/dags/prediction_features_pipeline.py for tasks to queue
[2025-12-30T18:34:00.752+0000] {logging_mixin.py:188} INFO - [2025-12-30T18:34:00.751+0000] {dagbag.py:538} INFO - Filling up the DagBag from /opt/airflow/dags/prediction_features_pipeline.py
[2025-12-30T18:34:00.793+0000] {processor.py:840} INFO - DAG(s) 'match_features_pipeline' retrieved from /opt/airflow/dags/prediction_features_pipeline.py
[2025-12-30T18:34:00.837+0000] {logging_mixin.py:188} INFO - [2025-12-30T18:34:00.837+0000] {dag.py:3036} INFO - Sync 1 DAGs
[2025-12-30T18:34:00.883+0000] {logging_mixin.py:188} INFO - [2025-12-30T18:34:00.882+0000] {dag.py:3823} INFO - Setting next_dagrun for match_features_pipeline to 2025-12-29 00:00:00+00:00, run_after=2025-12-30 00:00:00+00:00
[2025-12-30T18:34:00.919+0000] {processor.py:183} INFO - Processing /opt/airflow/dags/prediction_features_pipeline.py took 0.181 seconds
[2025-12-30T18:34:31.897+0000] {processor.py:161} INFO - Started process (PID=9404) to work on /opt/airflow/dags/prediction_features_pipeline.py
[2025-12-30T18:34:31.900+0000] {processor.py:830} INFO - Processing file /opt/airflow/dags/prediction_features_pipeline.py for tasks to queue
[2025-12-30T18:34:31.902+0000] {logging_mixin.py:188} INFO - [2025-12-30T18:34:31.902+0000] {dagbag.py:538} INFO - Filling up the DagBag from /opt/airflow/dags/prediction_features_pipeline.py
[2025-12-30T18:34:31.949+0000] {processor.py:840} INFO - DAG(s) 'match_features_pipeline' retrieved from /opt/airflow/dags/prediction_features_pipeline.py
[2025-12-30T18:34:31.999+0000] {logging_mixin.py:188} INFO - [2025-12-30T18:34:31.998+0000] {dag.py:3036} INFO - Sync 1 DAGs
[2025-12-30T18:34:32.055+0000] {logging_mixin.py:188} INFO - [2025-12-30T18:34:32.054+0000] {dag.py:3823} INFO - Setting next_dagrun for match_features_pipeline to 2025-12-29 00:00:00+00:00, run_after=2025-12-30 00:00:00+00:00
[2025-12-30T18:34:32.096+0000] {processor.py:183} INFO - Processing /opt/airflow/dags/prediction_features_pipeline.py took 0.209 seconds
[2025-12-30T18:35:02.239+0000] {processor.py:161} INFO - Started process (PID=9424) to work on /opt/airflow/dags/prediction_features_pipeline.py
[2025-12-30T18:35:02.243+0000] {processor.py:830} INFO - Processing file /opt/airflow/dags/prediction_features_pipeline.py for tasks to queue
[2025-12-30T18:35:02.246+0000] {logging_mixin.py:188} INFO - [2025-12-30T18:35:02.245+0000] {dagbag.py:538} INFO - Filling up the DagBag from /opt/airflow/dags/prediction_features_pipeline.py
[2025-12-30T18:35:02.291+0000] {processor.py:840} INFO - DAG(s) 'match_features_pipeline' retrieved from /opt/airflow/dags/prediction_features_pipeline.py
[2025-12-30T18:35:02.342+0000] {logging_mixin.py:188} INFO - [2025-12-30T18:35:02.341+0000] {dag.py:3036} INFO - Sync 1 DAGs
[2025-12-30T18:35:02.405+0000] {logging_mixin.py:188} INFO - [2025-12-30T18:35:02.405+0000] {dag.py:3823} INFO - Setting next_dagrun for match_features_pipeline to 2025-12-29 00:00:00+00:00, run_after=2025-12-30 00:00:00+00:00
[2025-12-30T18:35:02.442+0000] {processor.py:183} INFO - Processing /opt/airflow/dags/prediction_features_pipeline.py took 0.212 seconds
[2025-12-30T18:35:33.330+0000] {processor.py:161} INFO - Started process (PID=9444) to work on /opt/airflow/dags/prediction_features_pipeline.py
[2025-12-30T18:35:33.333+0000] {processor.py:830} INFO - Processing file /opt/airflow/dags/prediction_features_pipeline.py for tasks to queue
[2025-12-30T18:35:33.336+0000] {logging_mixin.py:188} INFO - [2025-12-30T18:35:33.335+0000] {dagbag.py:538} INFO - Filling up the DagBag from /opt/airflow/dags/prediction_features_pipeline.py
[2025-12-30T18:35:33.407+0000] {processor.py:840} INFO - DAG(s) 'match_features_pipeline' retrieved from /opt/airflow/dags/prediction_features_pipeline.py
[2025-12-30T18:35:33.454+0000] {logging_mixin.py:188} INFO - [2025-12-30T18:35:33.454+0000] {dag.py:3036} INFO - Sync 1 DAGs
[2025-12-30T18:35:33.499+0000] {logging_mixin.py:188} INFO - [2025-12-30T18:35:33.499+0000] {dag.py:3823} INFO - Setting next_dagrun for match_features_pipeline to 2025-12-29 00:00:00+00:00, run_after=2025-12-30 00:00:00+00:00
[2025-12-30T18:35:33.552+0000] {processor.py:183} INFO - Processing /opt/airflow/dags/prediction_features_pipeline.py took 0.235 seconds
[2025-12-30T18:36:04.322+0000] {processor.py:161} INFO - Started process (PID=9464) to work on /opt/airflow/dags/prediction_features_pipeline.py
[2025-12-30T18:36:04.325+0000] {processor.py:830} INFO - Processing file /opt/airflow/dags/prediction_features_pipeline.py for tasks to queue
[2025-12-30T18:36:04.327+0000] {logging_mixin.py:188} INFO - [2025-12-30T18:36:04.326+0000] {dagbag.py:538} INFO - Filling up the DagBag from /opt/airflow/dags/prediction_features_pipeline.py
[2025-12-30T18:36:04.383+0000] {processor.py:840} INFO - DAG(s) 'match_features_pipeline' retrieved from /opt/airflow/dags/prediction_features_pipeline.py
[2025-12-30T18:36:04.437+0000] {logging_mixin.py:188} INFO - [2025-12-30T18:36:04.436+0000] {dag.py:3036} INFO - Sync 1 DAGs
[2025-12-30T18:36:04.486+0000] {logging_mixin.py:188} INFO - [2025-12-30T18:36:04.485+0000] {dag.py:3823} INFO - Setting next_dagrun for match_features_pipeline to 2025-12-29 00:00:00+00:00, run_after=2025-12-30 00:00:00+00:00
[2025-12-30T18:36:04.533+0000] {processor.py:183} INFO - Processing /opt/airflow/dags/prediction_features_pipeline.py took 0.218 seconds
[2025-12-30T18:36:35.348+0000] {processor.py:161} INFO - Started process (PID=9484) to work on /opt/airflow/dags/prediction_features_pipeline.py
[2025-12-30T18:36:35.351+0000] {processor.py:830} INFO - Processing file /opt/airflow/dags/prediction_features_pipeline.py for tasks to queue
[2025-12-30T18:36:35.353+0000] {logging_mixin.py:188} INFO - [2025-12-30T18:36:35.352+0000] {dagbag.py:538} INFO - Filling up the DagBag from /opt/airflow/dags/prediction_features_pipeline.py
[2025-12-30T18:36:35.396+0000] {processor.py:840} INFO - DAG(s) 'match_features_pipeline' retrieved from /opt/airflow/dags/prediction_features_pipeline.py
[2025-12-30T18:36:35.438+0000] {logging_mixin.py:188} INFO - [2025-12-30T18:36:35.437+0000] {dag.py:3036} INFO - Sync 1 DAGs
[2025-12-30T18:36:35.478+0000] {logging_mixin.py:188} INFO - [2025-12-30T18:36:35.478+0000] {dag.py:3823} INFO - Setting next_dagrun for match_features_pipeline to 2025-12-29 00:00:00+00:00, run_after=2025-12-30 00:00:00+00:00
[2025-12-30T18:36:35.532+0000] {processor.py:183} INFO - Processing /opt/airflow/dags/prediction_features_pipeline.py took 0.192 seconds
[2025-12-30T18:37:06.307+0000] {processor.py:161} INFO - Started process (PID=9504) to work on /opt/airflow/dags/prediction_features_pipeline.py
[2025-12-30T18:37:06.310+0000] {processor.py:830} INFO - Processing file /opt/airflow/dags/prediction_features_pipeline.py for tasks to queue
[2025-12-30T18:37:06.312+0000] {logging_mixin.py:188} INFO - [2025-12-30T18:37:06.312+0000] {dagbag.py:538} INFO - Filling up the DagBag from /opt/airflow/dags/prediction_features_pipeline.py
[2025-12-30T18:37:06.372+0000] {processor.py:840} INFO - DAG(s) 'match_features_pipeline' retrieved from /opt/airflow/dags/prediction_features_pipeline.py
[2025-12-30T18:37:06.420+0000] {logging_mixin.py:188} INFO - [2025-12-30T18:37:06.420+0000] {dag.py:3036} INFO - Sync 1 DAGs
[2025-12-30T18:37:06.470+0000] {logging_mixin.py:188} INFO - [2025-12-30T18:37:06.470+0000] {dag.py:3823} INFO - Setting next_dagrun for match_features_pipeline to 2025-12-29 00:00:00+00:00, run_after=2025-12-30 00:00:00+00:00
[2025-12-30T18:37:06.508+0000] {processor.py:183} INFO - Processing /opt/airflow/dags/prediction_features_pipeline.py took 0.208 seconds
[2025-12-30T18:37:37.275+0000] {processor.py:161} INFO - Started process (PID=9524) to work on /opt/airflow/dags/prediction_features_pipeline.py
[2025-12-30T18:37:37.277+0000] {processor.py:830} INFO - Processing file /opt/airflow/dags/prediction_features_pipeline.py for tasks to queue
[2025-12-30T18:37:37.279+0000] {logging_mixin.py:188} INFO - [2025-12-30T18:37:37.279+0000] {dagbag.py:538} INFO - Filling up the DagBag from /opt/airflow/dags/prediction_features_pipeline.py
[2025-12-30T18:37:37.320+0000] {processor.py:840} INFO - DAG(s) 'match_features_pipeline' retrieved from /opt/airflow/dags/prediction_features_pipeline.py
[2025-12-30T18:37:37.362+0000] {logging_mixin.py:188} INFO - [2025-12-30T18:37:37.361+0000] {dag.py:3036} INFO - Sync 1 DAGs
[2025-12-30T18:37:37.405+0000] {logging_mixin.py:188} INFO - [2025-12-30T18:37:37.404+0000] {dag.py:3823} INFO - Setting next_dagrun for match_features_pipeline to 2025-12-29 00:00:00+00:00, run_after=2025-12-30 00:00:00+00:00
[2025-12-30T18:37:37.446+0000] {processor.py:183} INFO - Processing /opt/airflow/dags/prediction_features_pipeline.py took 0.177 seconds
[2025-12-30T18:38:08.305+0000] {processor.py:161} INFO - Started process (PID=9544) to work on /opt/airflow/dags/prediction_features_pipeline.py
[2025-12-30T18:38:08.309+0000] {processor.py:830} INFO - Processing file /opt/airflow/dags/prediction_features_pipeline.py for tasks to queue
[2025-12-30T18:38:08.311+0000] {logging_mixin.py:188} INFO - [2025-12-30T18:38:08.310+0000] {dagbag.py:538} INFO - Filling up the DagBag from /opt/airflow/dags/prediction_features_pipeline.py
[2025-12-30T18:38:08.355+0000] {processor.py:840} INFO - DAG(s) 'match_features_pipeline' retrieved from /opt/airflow/dags/prediction_features_pipeline.py
[2025-12-30T18:38:08.401+0000] {logging_mixin.py:188} INFO - [2025-12-30T18:38:08.400+0000] {dag.py:3036} INFO - Sync 1 DAGs
[2025-12-30T18:38:08.456+0000] {logging_mixin.py:188} INFO - [2025-12-30T18:38:08.455+0000] {dag.py:3823} INFO - Setting next_dagrun for match_features_pipeline to 2025-12-29 00:00:00+00:00, run_after=2025-12-30 00:00:00+00:00
[2025-12-30T18:38:08.497+0000] {processor.py:183} INFO - Processing /opt/airflow/dags/prediction_features_pipeline.py took 0.200 seconds
[2025-12-30T18:38:39.387+0000] {processor.py:161} INFO - Started process (PID=9564) to work on /opt/airflow/dags/prediction_features_pipeline.py
[2025-12-30T18:38:39.390+0000] {processor.py:830} INFO - Processing file /opt/airflow/dags/prediction_features_pipeline.py for tasks to queue
[2025-12-30T18:38:39.392+0000] {logging_mixin.py:188} INFO - [2025-12-30T18:38:39.391+0000] {dagbag.py:538} INFO - Filling up the DagBag from /opt/airflow/dags/prediction_features_pipeline.py
[2025-12-30T18:38:39.434+0000] {processor.py:840} INFO - DAG(s) 'match_features_pipeline' retrieved from /opt/airflow/dags/prediction_features_pipeline.py
[2025-12-30T18:38:39.479+0000] {logging_mixin.py:188} INFO - [2025-12-30T18:38:39.479+0000] {dag.py:3036} INFO - Sync 1 DAGs
[2025-12-30T18:38:39.530+0000] {logging_mixin.py:188} INFO - [2025-12-30T18:38:39.530+0000] {dag.py:3823} INFO - Setting next_dagrun for match_features_pipeline to 2025-12-29 00:00:00+00:00, run_after=2025-12-30 00:00:00+00:00
[2025-12-30T18:38:39.588+0000] {processor.py:183} INFO - Processing /opt/airflow/dags/prediction_features_pipeline.py took 0.207 seconds
[2025-12-30T18:39:10.479+0000] {processor.py:161} INFO - Started process (PID=9584) to work on /opt/airflow/dags/prediction_features_pipeline.py
[2025-12-30T18:39:10.482+0000] {processor.py:830} INFO - Processing file /opt/airflow/dags/prediction_features_pipeline.py for tasks to queue
[2025-12-30T18:39:10.484+0000] {logging_mixin.py:188} INFO - [2025-12-30T18:39:10.483+0000] {dagbag.py:538} INFO - Filling up the DagBag from /opt/airflow/dags/prediction_features_pipeline.py
[2025-12-30T18:39:10.544+0000] {processor.py:840} INFO - DAG(s) 'match_features_pipeline' retrieved from /opt/airflow/dags/prediction_features_pipeline.py
[2025-12-30T18:39:10.595+0000] {logging_mixin.py:188} INFO - [2025-12-30T18:39:10.595+0000] {dag.py:3036} INFO - Sync 1 DAGs
[2025-12-30T18:39:10.643+0000] {logging_mixin.py:188} INFO - [2025-12-30T18:39:10.642+0000] {dag.py:3823} INFO - Setting next_dagrun for match_features_pipeline to 2025-12-29 00:00:00+00:00, run_after=2025-12-30 00:00:00+00:00
[2025-12-30T18:39:10.677+0000] {processor.py:183} INFO - Processing /opt/airflow/dags/prediction_features_pipeline.py took 0.206 seconds
[2025-12-30T18:39:41.419+0000] {processor.py:161} INFO - Started process (PID=9604) to work on /opt/airflow/dags/prediction_features_pipeline.py
[2025-12-30T18:39:41.421+0000] {processor.py:830} INFO - Processing file /opt/airflow/dags/prediction_features_pipeline.py for tasks to queue
[2025-12-30T18:39:41.423+0000] {logging_mixin.py:188} INFO - [2025-12-30T18:39:41.423+0000] {dagbag.py:538} INFO - Filling up the DagBag from /opt/airflow/dags/prediction_features_pipeline.py
[2025-12-30T18:39:41.496+0000] {processor.py:840} INFO - DAG(s) 'match_features_pipeline' retrieved from /opt/airflow/dags/prediction_features_pipeline.py
[2025-12-30T18:39:41.539+0000] {logging_mixin.py:188} INFO - [2025-12-30T18:39:41.539+0000] {dag.py:3036} INFO - Sync 1 DAGs
[2025-12-30T18:39:41.588+0000] {logging_mixin.py:188} INFO - [2025-12-30T18:39:41.588+0000] {dag.py:3823} INFO - Setting next_dagrun for match_features_pipeline to 2025-12-29 00:00:00+00:00, run_after=2025-12-30 00:00:00+00:00
[2025-12-30T18:39:41.650+0000] {processor.py:183} INFO - Processing /opt/airflow/dags/prediction_features_pipeline.py took 0.240 seconds
[2025-12-30T18:40:12.619+0000] {processor.py:161} INFO - Started process (PID=9624) to work on /opt/airflow/dags/prediction_features_pipeline.py
[2025-12-30T18:40:12.622+0000] {processor.py:830} INFO - Processing file /opt/airflow/dags/prediction_features_pipeline.py for tasks to queue
[2025-12-30T18:40:12.624+0000] {logging_mixin.py:188} INFO - [2025-12-30T18:40:12.623+0000] {dagbag.py:538} INFO - Filling up the DagBag from /opt/airflow/dags/prediction_features_pipeline.py
[2025-12-30T18:40:12.676+0000] {processor.py:840} INFO - DAG(s) 'match_features_pipeline' retrieved from /opt/airflow/dags/prediction_features_pipeline.py
[2025-12-30T18:40:12.719+0000] {logging_mixin.py:188} INFO - [2025-12-30T18:40:12.718+0000] {dag.py:3036} INFO - Sync 1 DAGs
[2025-12-30T18:40:12.760+0000] {logging_mixin.py:188} INFO - [2025-12-30T18:40:12.759+0000] {dag.py:3823} INFO - Setting next_dagrun for match_features_pipeline to 2025-12-29 00:00:00+00:00, run_after=2025-12-30 00:00:00+00:00
[2025-12-30T18:40:12.795+0000] {processor.py:183} INFO - Processing /opt/airflow/dags/prediction_features_pipeline.py took 0.190 seconds
[2025-12-30T18:40:43.520+0000] {processor.py:161} INFO - Started process (PID=9644) to work on /opt/airflow/dags/prediction_features_pipeline.py
[2025-12-30T18:40:43.522+0000] {processor.py:830} INFO - Processing file /opt/airflow/dags/prediction_features_pipeline.py for tasks to queue
[2025-12-30T18:40:43.524+0000] {logging_mixin.py:188} INFO - [2025-12-30T18:40:43.523+0000] {dagbag.py:538} INFO - Filling up the DagBag from /opt/airflow/dags/prediction_features_pipeline.py
[2025-12-30T18:40:43.564+0000] {processor.py:840} INFO - DAG(s) 'match_features_pipeline' retrieved from /opt/airflow/dags/prediction_features_pipeline.py
[2025-12-30T18:40:43.606+0000] {logging_mixin.py:188} INFO - [2025-12-30T18:40:43.605+0000] {dag.py:3036} INFO - Sync 1 DAGs
[2025-12-30T18:40:43.657+0000] {logging_mixin.py:188} INFO - [2025-12-30T18:40:43.656+0000] {dag.py:3823} INFO - Setting next_dagrun for match_features_pipeline to 2025-12-29 00:00:00+00:00, run_after=2025-12-30 00:00:00+00:00
[2025-12-30T18:40:43.704+0000] {processor.py:183} INFO - Processing /opt/airflow/dags/prediction_features_pipeline.py took 0.190 seconds
[2025-12-30T18:41:14.418+0000] {processor.py:161} INFO - Started process (PID=9664) to work on /opt/airflow/dags/prediction_features_pipeline.py
[2025-12-30T18:41:14.421+0000] {processor.py:830} INFO - Processing file /opt/airflow/dags/prediction_features_pipeline.py for tasks to queue
[2025-12-30T18:41:14.429+0000] {logging_mixin.py:188} INFO - [2025-12-30T18:41:14.428+0000] {dagbag.py:538} INFO - Filling up the DagBag from /opt/airflow/dags/prediction_features_pipeline.py
[2025-12-30T18:41:14.475+0000] {processor.py:840} INFO - DAG(s) 'match_features_pipeline' retrieved from /opt/airflow/dags/prediction_features_pipeline.py
[2025-12-30T18:41:14.516+0000] {logging_mixin.py:188} INFO - [2025-12-30T18:41:14.516+0000] {dag.py:3036} INFO - Sync 1 DAGs
[2025-12-30T18:41:14.557+0000] {logging_mixin.py:188} INFO - [2025-12-30T18:41:14.556+0000] {dag.py:3823} INFO - Setting next_dagrun for match_features_pipeline to 2025-12-29 00:00:00+00:00, run_after=2025-12-30 00:00:00+00:00
[2025-12-30T18:41:14.612+0000] {processor.py:183} INFO - Processing /opt/airflow/dags/prediction_features_pipeline.py took 0.200 seconds
[2025-12-30T18:41:45.353+0000] {processor.py:161} INFO - Started process (PID=9684) to work on /opt/airflow/dags/prediction_features_pipeline.py
[2025-12-30T18:41:45.355+0000] {processor.py:830} INFO - Processing file /opt/airflow/dags/prediction_features_pipeline.py for tasks to queue
[2025-12-30T18:41:45.357+0000] {logging_mixin.py:188} INFO - [2025-12-30T18:41:45.356+0000] {dagbag.py:538} INFO - Filling up the DagBag from /opt/airflow/dags/prediction_features_pipeline.py
[2025-12-30T18:41:45.434+0000] {processor.py:840} INFO - DAG(s) 'match_features_pipeline' retrieved from /opt/airflow/dags/prediction_features_pipeline.py
[2025-12-30T18:41:45.477+0000] {logging_mixin.py:188} INFO - [2025-12-30T18:41:45.477+0000] {dag.py:3036} INFO - Sync 1 DAGs
[2025-12-30T18:41:45.528+0000] {logging_mixin.py:188} INFO - [2025-12-30T18:41:45.527+0000] {dag.py:3823} INFO - Setting next_dagrun for match_features_pipeline to 2025-12-29 00:00:00+00:00, run_after=2025-12-30 00:00:00+00:00
[2025-12-30T18:41:45.563+0000] {processor.py:183} INFO - Processing /opt/airflow/dags/prediction_features_pipeline.py took 0.217 seconds
[2025-12-30T18:42:16.264+0000] {processor.py:161} INFO - Started process (PID=9704) to work on /opt/airflow/dags/prediction_features_pipeline.py
[2025-12-30T18:42:16.266+0000] {processor.py:830} INFO - Processing file /opt/airflow/dags/prediction_features_pipeline.py for tasks to queue
[2025-12-30T18:42:16.268+0000] {logging_mixin.py:188} INFO - [2025-12-30T18:42:16.267+0000] {dagbag.py:538} INFO - Filling up the DagBag from /opt/airflow/dags/prediction_features_pipeline.py
[2025-12-30T18:42:16.308+0000] {processor.py:840} INFO - DAG(s) 'match_features_pipeline' retrieved from /opt/airflow/dags/prediction_features_pipeline.py
[2025-12-30T18:42:16.350+0000] {logging_mixin.py:188} INFO - [2025-12-30T18:42:16.350+0000] {dag.py:3036} INFO - Sync 1 DAGs
[2025-12-30T18:42:16.391+0000] {logging_mixin.py:188} INFO - [2025-12-30T18:42:16.391+0000] {dag.py:3823} INFO - Setting next_dagrun for match_features_pipeline to 2025-12-29 00:00:00+00:00, run_after=2025-12-30 00:00:00+00:00
[2025-12-30T18:42:16.425+0000] {processor.py:183} INFO - Processing /opt/airflow/dags/prediction_features_pipeline.py took 0.169 seconds
[2025-12-30T18:42:47.242+0000] {processor.py:161} INFO - Started process (PID=9724) to work on /opt/airflow/dags/prediction_features_pipeline.py
[2025-12-30T18:42:47.244+0000] {processor.py:830} INFO - Processing file /opt/airflow/dags/prediction_features_pipeline.py for tasks to queue
[2025-12-30T18:42:47.246+0000] {logging_mixin.py:188} INFO - [2025-12-30T18:42:47.246+0000] {dagbag.py:538} INFO - Filling up the DagBag from /opt/airflow/dags/prediction_features_pipeline.py
[2025-12-30T18:42:47.296+0000] {processor.py:840} INFO - DAG(s) 'match_features_pipeline' retrieved from /opt/airflow/dags/prediction_features_pipeline.py
[2025-12-30T18:42:47.337+0000] {logging_mixin.py:188} INFO - [2025-12-30T18:42:47.336+0000] {dag.py:3036} INFO - Sync 1 DAGs
[2025-12-30T18:42:47.375+0000] {logging_mixin.py:188} INFO - [2025-12-30T18:42:47.375+0000] {dag.py:3823} INFO - Setting next_dagrun for match_features_pipeline to 2025-12-29 00:00:00+00:00, run_after=2025-12-30 00:00:00+00:00
[2025-12-30T18:42:47.434+0000] {processor.py:183} INFO - Processing /opt/airflow/dags/prediction_features_pipeline.py took 0.201 seconds
[2025-12-30T18:43:18.143+0000] {processor.py:161} INFO - Started process (PID=9744) to work on /opt/airflow/dags/prediction_features_pipeline.py
[2025-12-30T18:43:18.146+0000] {processor.py:830} INFO - Processing file /opt/airflow/dags/prediction_features_pipeline.py for tasks to queue
[2025-12-30T18:43:18.148+0000] {logging_mixin.py:188} INFO - [2025-12-30T18:43:18.147+0000] {dagbag.py:538} INFO - Filling up the DagBag from /opt/airflow/dags/prediction_features_pipeline.py
[2025-12-30T18:43:18.191+0000] {processor.py:840} INFO - DAG(s) 'match_features_pipeline' retrieved from /opt/airflow/dags/prediction_features_pipeline.py
[2025-12-30T18:43:18.234+0000] {logging_mixin.py:188} INFO - [2025-12-30T18:43:18.233+0000] {dag.py:3036} INFO - Sync 1 DAGs
[2025-12-30T18:43:18.276+0000] {logging_mixin.py:188} INFO - [2025-12-30T18:43:18.275+0000] {dag.py:3823} INFO - Setting next_dagrun for match_features_pipeline to 2025-12-29 00:00:00+00:00, run_after=2025-12-30 00:00:00+00:00
[2025-12-30T18:43:18.311+0000] {processor.py:183} INFO - Processing /opt/airflow/dags/prediction_features_pipeline.py took 0.174 seconds
[2025-12-30T18:43:49.137+0000] {processor.py:161} INFO - Started process (PID=9764) to work on /opt/airflow/dags/prediction_features_pipeline.py
[2025-12-30T18:43:49.141+0000] {processor.py:830} INFO - Processing file /opt/airflow/dags/prediction_features_pipeline.py for tasks to queue
[2025-12-30T18:43:49.143+0000] {logging_mixin.py:188} INFO - [2025-12-30T18:43:49.142+0000] {dagbag.py:538} INFO - Filling up the DagBag from /opt/airflow/dags/prediction_features_pipeline.py
[2025-12-30T18:43:49.195+0000] {processor.py:840} INFO - DAG(s) 'match_features_pipeline' retrieved from /opt/airflow/dags/prediction_features_pipeline.py
[2025-12-30T18:43:49.244+0000] {logging_mixin.py:188} INFO - [2025-12-30T18:43:49.243+0000] {dag.py:3036} INFO - Sync 1 DAGs
[2025-12-30T18:43:49.310+0000] {logging_mixin.py:188} INFO - [2025-12-30T18:43:49.310+0000] {dag.py:3823} INFO - Setting next_dagrun for match_features_pipeline to 2025-12-29 00:00:00+00:00, run_after=2025-12-30 00:00:00+00:00
[2025-12-30T18:43:49.343+0000] {processor.py:183} INFO - Processing /opt/airflow/dags/prediction_features_pipeline.py took 0.215 seconds
[2025-12-30T18:44:20.117+0000] {processor.py:161} INFO - Started process (PID=9784) to work on /opt/airflow/dags/prediction_features_pipeline.py
[2025-12-30T18:44:20.120+0000] {processor.py:830} INFO - Processing file /opt/airflow/dags/prediction_features_pipeline.py for tasks to queue
[2025-12-30T18:44:20.123+0000] {logging_mixin.py:188} INFO - [2025-12-30T18:44:20.122+0000] {dagbag.py:538} INFO - Filling up the DagBag from /opt/airflow/dags/prediction_features_pipeline.py
[2025-12-30T18:44:20.185+0000] {processor.py:840} INFO - DAG(s) 'match_features_pipeline' retrieved from /opt/airflow/dags/prediction_features_pipeline.py
[2025-12-30T18:44:20.231+0000] {logging_mixin.py:188} INFO - [2025-12-30T18:44:20.230+0000] {dag.py:3036} INFO - Sync 1 DAGs
[2025-12-30T18:44:20.277+0000] {logging_mixin.py:188} INFO - [2025-12-30T18:44:20.276+0000] {dag.py:3823} INFO - Setting next_dagrun for match_features_pipeline to 2025-12-29 00:00:00+00:00, run_after=2025-12-30 00:00:00+00:00
[2025-12-30T18:44:20.334+0000] {processor.py:183} INFO - Processing /opt/airflow/dags/prediction_features_pipeline.py took 0.226 seconds
[2025-12-30T18:44:51.109+0000] {processor.py:161} INFO - Started process (PID=9804) to work on /opt/airflow/dags/prediction_features_pipeline.py
[2025-12-30T18:44:51.111+0000] {processor.py:830} INFO - Processing file /opt/airflow/dags/prediction_features_pipeline.py for tasks to queue
[2025-12-30T18:44:51.113+0000] {logging_mixin.py:188} INFO - [2025-12-30T18:44:51.113+0000] {dagbag.py:538} INFO - Filling up the DagBag from /opt/airflow/dags/prediction_features_pipeline.py
[2025-12-30T18:44:51.175+0000] {processor.py:840} INFO - DAG(s) 'match_features_pipeline' retrieved from /opt/airflow/dags/prediction_features_pipeline.py
[2025-12-30T18:44:51.228+0000] {logging_mixin.py:188} INFO - [2025-12-30T18:44:51.227+0000] {dag.py:3036} INFO - Sync 1 DAGs
[2025-12-30T18:44:51.267+0000] {logging_mixin.py:188} INFO - [2025-12-30T18:44:51.267+0000] {dag.py:3823} INFO - Setting next_dagrun for match_features_pipeline to 2025-12-29 00:00:00+00:00, run_after=2025-12-30 00:00:00+00:00
[2025-12-30T18:44:51.306+0000] {processor.py:183} INFO - Processing /opt/airflow/dags/prediction_features_pipeline.py took 0.208 seconds
[2025-12-30T18:45:22.212+0000] {processor.py:161} INFO - Started process (PID=9824) to work on /opt/airflow/dags/prediction_features_pipeline.py
[2025-12-30T18:45:22.214+0000] {processor.py:830} INFO - Processing file /opt/airflow/dags/prediction_features_pipeline.py for tasks to queue
[2025-12-30T18:45:22.216+0000] {logging_mixin.py:188} INFO - [2025-12-30T18:45:22.216+0000] {dagbag.py:538} INFO - Filling up the DagBag from /opt/airflow/dags/prediction_features_pipeline.py
[2025-12-30T18:45:22.265+0000] {processor.py:840} INFO - DAG(s) 'match_features_pipeline' retrieved from /opt/airflow/dags/prediction_features_pipeline.py
[2025-12-30T18:45:22.308+0000] {logging_mixin.py:188} INFO - [2025-12-30T18:45:22.307+0000] {dag.py:3036} INFO - Sync 1 DAGs
[2025-12-30T18:45:22.370+0000] {logging_mixin.py:188} INFO - [2025-12-30T18:45:22.369+0000] {dag.py:3823} INFO - Setting next_dagrun for match_features_pipeline to 2025-12-29 00:00:00+00:00, run_after=2025-12-30 00:00:00+00:00
[2025-12-30T18:45:22.437+0000] {processor.py:183} INFO - Processing /opt/airflow/dags/prediction_features_pipeline.py took 0.232 seconds
[2025-12-30T18:45:53.218+0000] {processor.py:161} INFO - Started process (PID=9844) to work on /opt/airflow/dags/prediction_features_pipeline.py
[2025-12-30T18:45:53.221+0000] {processor.py:830} INFO - Processing file /opt/airflow/dags/prediction_features_pipeline.py for tasks to queue
[2025-12-30T18:45:53.224+0000] {logging_mixin.py:188} INFO - [2025-12-30T18:45:53.223+0000] {dagbag.py:538} INFO - Filling up the DagBag from /opt/airflow/dags/prediction_features_pipeline.py
[2025-12-30T18:45:53.285+0000] {processor.py:840} INFO - DAG(s) 'match_features_pipeline' retrieved from /opt/airflow/dags/prediction_features_pipeline.py
[2025-12-30T18:45:53.334+0000] {logging_mixin.py:188} INFO - [2025-12-30T18:45:53.334+0000] {dag.py:3036} INFO - Sync 1 DAGs
[2025-12-30T18:45:53.377+0000] {logging_mixin.py:188} INFO - [2025-12-30T18:45:53.376+0000] {dag.py:3823} INFO - Setting next_dagrun for match_features_pipeline to 2025-12-29 00:00:00+00:00, run_after=2025-12-30 00:00:00+00:00
[2025-12-30T18:45:53.417+0000] {processor.py:183} INFO - Processing /opt/airflow/dags/prediction_features_pipeline.py took 0.205 seconds
[2025-12-30T18:46:24.170+0000] {processor.py:161} INFO - Started process (PID=9864) to work on /opt/airflow/dags/prediction_features_pipeline.py
[2025-12-30T18:46:24.172+0000] {processor.py:830} INFO - Processing file /opt/airflow/dags/prediction_features_pipeline.py for tasks to queue
[2025-12-30T18:46:24.174+0000] {logging_mixin.py:188} INFO - [2025-12-30T18:46:24.173+0000] {dagbag.py:538} INFO - Filling up the DagBag from /opt/airflow/dags/prediction_features_pipeline.py
[2025-12-30T18:46:24.212+0000] {processor.py:840} INFO - DAG(s) 'match_features_pipeline' retrieved from /opt/airflow/dags/prediction_features_pipeline.py
[2025-12-30T18:46:24.254+0000] {logging_mixin.py:188} INFO - [2025-12-30T18:46:24.254+0000] {dag.py:3036} INFO - Sync 1 DAGs
[2025-12-30T18:46:24.299+0000] {logging_mixin.py:188} INFO - [2025-12-30T18:46:24.298+0000] {dag.py:3823} INFO - Setting next_dagrun for match_features_pipeline to 2025-12-29 00:00:00+00:00, run_after=2025-12-30 00:00:00+00:00
[2025-12-30T18:46:24.351+0000] {processor.py:183} INFO - Processing /opt/airflow/dags/prediction_features_pipeline.py took 0.187 seconds
[2025-12-30T18:46:55.110+0000] {processor.py:161} INFO - Started process (PID=9884) to work on /opt/airflow/dags/prediction_features_pipeline.py
[2025-12-30T18:46:55.113+0000] {processor.py:830} INFO - Processing file /opt/airflow/dags/prediction_features_pipeline.py for tasks to queue
[2025-12-30T18:46:55.116+0000] {logging_mixin.py:188} INFO - [2025-12-30T18:46:55.116+0000] {dagbag.py:538} INFO - Filling up the DagBag from /opt/airflow/dags/prediction_features_pipeline.py
[2025-12-30T18:46:55.176+0000] {processor.py:840} INFO - DAG(s) 'match_features_pipeline' retrieved from /opt/airflow/dags/prediction_features_pipeline.py
[2025-12-30T18:46:55.227+0000] {logging_mixin.py:188} INFO - [2025-12-30T18:46:55.227+0000] {dag.py:3036} INFO - Sync 1 DAGs
[2025-12-30T18:46:55.272+0000] {logging_mixin.py:188} INFO - [2025-12-30T18:46:55.271+0000] {dag.py:3823} INFO - Setting next_dagrun for match_features_pipeline to 2025-12-29 00:00:00+00:00, run_after=2025-12-30 00:00:00+00:00
[2025-12-30T18:46:55.306+0000] {processor.py:183} INFO - Processing /opt/airflow/dags/prediction_features_pipeline.py took 0.204 seconds
[2025-12-30T18:47:26.169+0000] {processor.py:161} INFO - Started process (PID=9904) to work on /opt/airflow/dags/prediction_features_pipeline.py
[2025-12-30T18:47:26.171+0000] {processor.py:830} INFO - Processing file /opt/airflow/dags/prediction_features_pipeline.py for tasks to queue
[2025-12-30T18:47:26.173+0000] {logging_mixin.py:188} INFO - [2025-12-30T18:47:26.172+0000] {dagbag.py:538} INFO - Filling up the DagBag from /opt/airflow/dags/prediction_features_pipeline.py
[2025-12-30T18:47:26.220+0000] {processor.py:840} INFO - DAG(s) 'match_features_pipeline' retrieved from /opt/airflow/dags/prediction_features_pipeline.py
[2025-12-30T18:47:26.263+0000] {logging_mixin.py:188} INFO - [2025-12-30T18:47:26.262+0000] {dag.py:3036} INFO - Sync 1 DAGs
[2025-12-30T18:47:26.314+0000] {logging_mixin.py:188} INFO - [2025-12-30T18:47:26.313+0000] {dag.py:3823} INFO - Setting next_dagrun for match_features_pipeline to 2025-12-29 00:00:00+00:00, run_after=2025-12-30 00:00:00+00:00
[2025-12-30T18:47:26.351+0000] {processor.py:183} INFO - Processing /opt/airflow/dags/prediction_features_pipeline.py took 0.189 seconds
[2025-12-30T18:47:57.202+0000] {processor.py:161} INFO - Started process (PID=9924) to work on /opt/airflow/dags/prediction_features_pipeline.py
[2025-12-30T18:47:57.204+0000] {processor.py:830} INFO - Processing file /opt/airflow/dags/prediction_features_pipeline.py for tasks to queue
[2025-12-30T18:47:57.206+0000] {logging_mixin.py:188} INFO - [2025-12-30T18:47:57.206+0000] {dagbag.py:538} INFO - Filling up the DagBag from /opt/airflow/dags/prediction_features_pipeline.py
[2025-12-30T18:47:57.263+0000] {processor.py:840} INFO - DAG(s) 'match_features_pipeline' retrieved from /opt/airflow/dags/prediction_features_pipeline.py
[2025-12-30T18:47:57.317+0000] {logging_mixin.py:188} INFO - [2025-12-30T18:47:57.316+0000] {dag.py:3036} INFO - Sync 1 DAGs
[2025-12-30T18:47:57.368+0000] {logging_mixin.py:188} INFO - [2025-12-30T18:47:57.367+0000] {dag.py:3823} INFO - Setting next_dagrun for match_features_pipeline to 2025-12-29 00:00:00+00:00, run_after=2025-12-30 00:00:00+00:00
[2025-12-30T18:47:57.408+0000] {processor.py:183} INFO - Processing /opt/airflow/dags/prediction_features_pipeline.py took 0.215 seconds
[2025-12-30T18:48:28.344+0000] {processor.py:161} INFO - Started process (PID=9944) to work on /opt/airflow/dags/prediction_features_pipeline.py
[2025-12-30T18:48:28.347+0000] {processor.py:830} INFO - Processing file /opt/airflow/dags/prediction_features_pipeline.py for tasks to queue
[2025-12-30T18:48:28.350+0000] {logging_mixin.py:188} INFO - [2025-12-30T18:48:28.350+0000] {dagbag.py:538} INFO - Filling up the DagBag from /opt/airflow/dags/prediction_features_pipeline.py
[2025-12-30T18:48:28.390+0000] {processor.py:840} INFO - DAG(s) 'match_features_pipeline' retrieved from /opt/airflow/dags/prediction_features_pipeline.py
[2025-12-30T18:48:28.434+0000] {logging_mixin.py:188} INFO - [2025-12-30T18:48:28.434+0000] {dag.py:3036} INFO - Sync 1 DAGs
[2025-12-30T18:48:28.479+0000] {logging_mixin.py:188} INFO - [2025-12-30T18:48:28.479+0000] {dag.py:3823} INFO - Setting next_dagrun for match_features_pipeline to 2025-12-29 00:00:00+00:00, run_after=2025-12-30 00:00:00+00:00
[2025-12-30T18:48:28.545+0000] {processor.py:183} INFO - Processing /opt/airflow/dags/prediction_features_pipeline.py took 0.214 seconds
[2025-12-30T18:48:59.372+0000] {processor.py:161} INFO - Started process (PID=9964) to work on /opt/airflow/dags/prediction_features_pipeline.py
[2025-12-30T18:48:59.375+0000] {processor.py:830} INFO - Processing file /opt/airflow/dags/prediction_features_pipeline.py for tasks to queue
[2025-12-30T18:48:59.379+0000] {logging_mixin.py:188} INFO - [2025-12-30T18:48:59.377+0000] {dagbag.py:538} INFO - Filling up the DagBag from /opt/airflow/dags/prediction_features_pipeline.py
[2025-12-30T18:48:59.436+0000] {processor.py:840} INFO - DAG(s) 'match_features_pipeline' retrieved from /opt/airflow/dags/prediction_features_pipeline.py
[2025-12-30T18:48:59.487+0000] {logging_mixin.py:188} INFO - [2025-12-30T18:48:59.487+0000] {dag.py:3036} INFO - Sync 1 DAGs
[2025-12-30T18:48:59.528+0000] {logging_mixin.py:188} INFO - [2025-12-30T18:48:59.528+0000] {dag.py:3823} INFO - Setting next_dagrun for match_features_pipeline to 2025-12-29 00:00:00+00:00, run_after=2025-12-30 00:00:00+00:00
[2025-12-30T18:48:59.569+0000] {processor.py:183} INFO - Processing /opt/airflow/dags/prediction_features_pipeline.py took 0.205 seconds
[2025-12-30T18:49:30.305+0000] {processor.py:161} INFO - Started process (PID=9984) to work on /opt/airflow/dags/prediction_features_pipeline.py
[2025-12-30T18:49:30.307+0000] {processor.py:830} INFO - Processing file /opt/airflow/dags/prediction_features_pipeline.py for tasks to queue
[2025-12-30T18:49:30.309+0000] {logging_mixin.py:188} INFO - [2025-12-30T18:49:30.309+0000] {dagbag.py:538} INFO - Filling up the DagBag from /opt/airflow/dags/prediction_features_pipeline.py
[2025-12-30T18:49:30.356+0000] {processor.py:840} INFO - DAG(s) 'match_features_pipeline' retrieved from /opt/airflow/dags/prediction_features_pipeline.py
[2025-12-30T18:49:30.410+0000] {logging_mixin.py:188} INFO - [2025-12-30T18:49:30.410+0000] {dag.py:3036} INFO - Sync 1 DAGs
[2025-12-30T18:49:30.451+0000] {logging_mixin.py:188} INFO - [2025-12-30T18:49:30.451+0000] {dag.py:3823} INFO - Setting next_dagrun for match_features_pipeline to 2025-12-29 00:00:00+00:00, run_after=2025-12-30 00:00:00+00:00
[2025-12-30T18:49:30.516+0000] {processor.py:183} INFO - Processing /opt/airflow/dags/prediction_features_pipeline.py took 0.216 seconds
[2025-12-30T18:50:01.634+0000] {processor.py:161} INFO - Started process (PID=10004) to work on /opt/airflow/dags/prediction_features_pipeline.py
[2025-12-30T18:50:01.637+0000] {processor.py:830} INFO - Processing file /opt/airflow/dags/prediction_features_pipeline.py for tasks to queue
[2025-12-30T18:50:01.640+0000] {logging_mixin.py:188} INFO - [2025-12-30T18:50:01.639+0000] {dagbag.py:538} INFO - Filling up the DagBag from /opt/airflow/dags/prediction_features_pipeline.py
[2025-12-30T18:50:01.689+0000] {processor.py:840} INFO - DAG(s) 'match_features_pipeline' retrieved from /opt/airflow/dags/prediction_features_pipeline.py
[2025-12-30T18:50:01.738+0000] {logging_mixin.py:188} INFO - [2025-12-30T18:50:01.738+0000] {dag.py:3036} INFO - Sync 1 DAGs
[2025-12-30T18:50:01.780+0000] {logging_mixin.py:188} INFO - [2025-12-30T18:50:01.780+0000] {dag.py:3823} INFO - Setting next_dagrun for match_features_pipeline to 2025-12-29 00:00:00+00:00, run_after=2025-12-30 00:00:00+00:00
[2025-12-30T18:50:01.822+0000] {processor.py:183} INFO - Processing /opt/airflow/dags/prediction_features_pipeline.py took 0.196 seconds
[2025-12-30T18:50:32.613+0000] {processor.py:161} INFO - Started process (PID=10024) to work on /opt/airflow/dags/prediction_features_pipeline.py
[2025-12-30T18:50:32.617+0000] {processor.py:830} INFO - Processing file /opt/airflow/dags/prediction_features_pipeline.py for tasks to queue
[2025-12-30T18:50:32.619+0000] {logging_mixin.py:188} INFO - [2025-12-30T18:50:32.619+0000] {dagbag.py:538} INFO - Filling up the DagBag from /opt/airflow/dags/prediction_features_pipeline.py
[2025-12-30T18:50:32.664+0000] {processor.py:840} INFO - DAG(s) 'match_features_pipeline' retrieved from /opt/airflow/dags/prediction_features_pipeline.py
[2025-12-30T18:50:32.716+0000] {logging_mixin.py:188} INFO - [2025-12-30T18:50:32.715+0000] {dag.py:3036} INFO - Sync 1 DAGs
[2025-12-30T18:50:32.773+0000] {logging_mixin.py:188} INFO - [2025-12-30T18:50:32.772+0000] {dag.py:3823} INFO - Setting next_dagrun for match_features_pipeline to 2025-12-29 00:00:00+00:00, run_after=2025-12-30 00:00:00+00:00
[2025-12-30T18:50:32.815+0000] {processor.py:183} INFO - Processing /opt/airflow/dags/prediction_features_pipeline.py took 0.213 seconds
[2025-12-30T18:51:03.692+0000] {processor.py:161} INFO - Started process (PID=10044) to work on /opt/airflow/dags/prediction_features_pipeline.py
[2025-12-30T18:51:03.696+0000] {processor.py:830} INFO - Processing file /opt/airflow/dags/prediction_features_pipeline.py for tasks to queue
[2025-12-30T18:51:03.698+0000] {logging_mixin.py:188} INFO - [2025-12-30T18:51:03.697+0000] {dagbag.py:538} INFO - Filling up the DagBag from /opt/airflow/dags/prediction_features_pipeline.py
[2025-12-30T18:51:03.742+0000] {processor.py:840} INFO - DAG(s) 'match_features_pipeline' retrieved from /opt/airflow/dags/prediction_features_pipeline.py
[2025-12-30T18:51:03.801+0000] {logging_mixin.py:188} INFO - [2025-12-30T18:51:03.800+0000] {dag.py:3036} INFO - Sync 1 DAGs
[2025-12-30T18:51:03.854+0000] {logging_mixin.py:188} INFO - [2025-12-30T18:51:03.854+0000] {dag.py:3823} INFO - Setting next_dagrun for match_features_pipeline to 2025-12-29 00:00:00+00:00, run_after=2025-12-30 00:00:00+00:00
[2025-12-30T18:51:03.910+0000] {processor.py:183} INFO - Processing /opt/airflow/dags/prediction_features_pipeline.py took 0.228 seconds
[2025-12-30T18:51:34.685+0000] {processor.py:161} INFO - Started process (PID=10064) to work on /opt/airflow/dags/prediction_features_pipeline.py
[2025-12-30T18:51:34.688+0000] {processor.py:830} INFO - Processing file /opt/airflow/dags/prediction_features_pipeline.py for tasks to queue
[2025-12-30T18:51:34.691+0000] {logging_mixin.py:188} INFO - [2025-12-30T18:51:34.690+0000] {dagbag.py:538} INFO - Filling up the DagBag from /opt/airflow/dags/prediction_features_pipeline.py
[2025-12-30T18:51:34.736+0000] {processor.py:840} INFO - DAG(s) 'match_features_pipeline' retrieved from /opt/airflow/dags/prediction_features_pipeline.py
[2025-12-30T18:51:34.784+0000] {logging_mixin.py:188} INFO - [2025-12-30T18:51:34.784+0000] {dag.py:3036} INFO - Sync 1 DAGs
[2025-12-30T18:51:34.831+0000] {logging_mixin.py:188} INFO - [2025-12-30T18:51:34.830+0000] {dag.py:3823} INFO - Setting next_dagrun for match_features_pipeline to 2025-12-29 00:00:00+00:00, run_after=2025-12-30 00:00:00+00:00
[2025-12-30T18:51:34.878+0000] {processor.py:183} INFO - Processing /opt/airflow/dags/prediction_features_pipeline.py took 0.203 seconds
[2025-12-30T18:52:05.633+0000] {processor.py:161} INFO - Started process (PID=10084) to work on /opt/airflow/dags/prediction_features_pipeline.py
[2025-12-30T18:52:05.636+0000] {processor.py:830} INFO - Processing file /opt/airflow/dags/prediction_features_pipeline.py for tasks to queue
[2025-12-30T18:52:05.638+0000] {logging_mixin.py:188} INFO - [2025-12-30T18:52:05.638+0000] {dagbag.py:538} INFO - Filling up the DagBag from /opt/airflow/dags/prediction_features_pipeline.py
[2025-12-30T18:52:05.692+0000] {processor.py:840} INFO - DAG(s) 'match_features_pipeline' retrieved from /opt/airflow/dags/prediction_features_pipeline.py
[2025-12-30T18:52:05.748+0000] {logging_mixin.py:188} INFO - [2025-12-30T18:52:05.747+0000] {dag.py:3036} INFO - Sync 1 DAGs
[2025-12-30T18:52:05.789+0000] {logging_mixin.py:188} INFO - [2025-12-30T18:52:05.789+0000] {dag.py:3823} INFO - Setting next_dagrun for match_features_pipeline to 2025-12-29 00:00:00+00:00, run_after=2025-12-30 00:00:00+00:00
[2025-12-30T18:52:05.825+0000] {processor.py:183} INFO - Processing /opt/airflow/dags/prediction_features_pipeline.py took 0.199 seconds
[2025-12-30T18:52:36.580+0000] {processor.py:161} INFO - Started process (PID=10104) to work on /opt/airflow/dags/prediction_features_pipeline.py
[2025-12-30T18:52:36.583+0000] {processor.py:830} INFO - Processing file /opt/airflow/dags/prediction_features_pipeline.py for tasks to queue
[2025-12-30T18:52:36.585+0000] {logging_mixin.py:188} INFO - [2025-12-30T18:52:36.585+0000] {dagbag.py:538} INFO - Filling up the DagBag from /opt/airflow/dags/prediction_features_pipeline.py
[2025-12-30T18:52:36.630+0000] {processor.py:840} INFO - DAG(s) 'match_features_pipeline' retrieved from /opt/airflow/dags/prediction_features_pipeline.py
[2025-12-30T18:52:36.678+0000] {logging_mixin.py:188} INFO - [2025-12-30T18:52:36.677+0000] {dag.py:3036} INFO - Sync 1 DAGs
[2025-12-30T18:52:36.718+0000] {logging_mixin.py:188} INFO - [2025-12-30T18:52:36.718+0000] {dag.py:3823} INFO - Setting next_dagrun for match_features_pipeline to 2025-12-29 00:00:00+00:00, run_after=2025-12-30 00:00:00+00:00
[2025-12-30T18:52:36.774+0000] {processor.py:183} INFO - Processing /opt/airflow/dags/prediction_features_pipeline.py took 0.203 seconds
[2025-12-30T18:53:07.673+0000] {processor.py:161} INFO - Started process (PID=10124) to work on /opt/airflow/dags/prediction_features_pipeline.py
[2025-12-30T18:53:07.676+0000] {processor.py:830} INFO - Processing file /opt/airflow/dags/prediction_features_pipeline.py for tasks to queue
[2025-12-30T18:53:07.678+0000] {logging_mixin.py:188} INFO - [2025-12-30T18:53:07.677+0000] {dagbag.py:538} INFO - Filling up the DagBag from /opt/airflow/dags/prediction_features_pipeline.py
[2025-12-30T18:53:07.735+0000] {processor.py:840} INFO - DAG(s) 'match_features_pipeline' retrieved from /opt/airflow/dags/prediction_features_pipeline.py
[2025-12-30T18:53:07.785+0000] {logging_mixin.py:188} INFO - [2025-12-30T18:53:07.784+0000] {dag.py:3036} INFO - Sync 1 DAGs
[2025-12-30T18:53:07.833+0000] {logging_mixin.py:188} INFO - [2025-12-30T18:53:07.833+0000] {dag.py:3823} INFO - Setting next_dagrun for match_features_pipeline to 2025-12-29 00:00:00+00:00, run_after=2025-12-30 00:00:00+00:00
[2025-12-30T18:53:07.871+0000] {processor.py:183} INFO - Processing /opt/airflow/dags/prediction_features_pipeline.py took 0.207 seconds
[2025-12-30T18:53:37.992+0000] {processor.py:161} INFO - Started process (PID=10141) to work on /opt/airflow/dags/prediction_features_pipeline.py
[2025-12-30T18:53:37.996+0000] {processor.py:830} INFO - Processing file /opt/airflow/dags/prediction_features_pipeline.py for tasks to queue
[2025-12-30T18:53:37.998+0000] {logging_mixin.py:188} INFO - [2025-12-30T18:53:37.998+0000] {dagbag.py:538} INFO - Filling up the DagBag from /opt/airflow/dags/prediction_features_pipeline.py
[2025-12-30T18:53:38.039+0000] {processor.py:840} INFO - DAG(s) 'match_features_pipeline' retrieved from /opt/airflow/dags/prediction_features_pipeline.py
[2025-12-30T18:53:38.094+0000] {logging_mixin.py:188} INFO - [2025-12-30T18:53:38.093+0000] {dag.py:3036} INFO - Sync 1 DAGs
[2025-12-30T18:53:38.135+0000] {logging_mixin.py:188} INFO - [2025-12-30T18:53:38.134+0000] {dag.py:3823} INFO - Setting next_dagrun for match_features_pipeline to 2025-12-29 00:00:00+00:00, run_after=2025-12-30 00:00:00+00:00
[2025-12-30T18:53:38.172+0000] {processor.py:183} INFO - Processing /opt/airflow/dags/prediction_features_pipeline.py took 0.188 seconds
[2025-12-30T18:54:08.302+0000] {processor.py:161} INFO - Started process (PID=10161) to work on /opt/airflow/dags/prediction_features_pipeline.py
[2025-12-30T18:54:08.308+0000] {processor.py:830} INFO - Processing file /opt/airflow/dags/prediction_features_pipeline.py for tasks to queue
[2025-12-30T18:54:08.309+0000] {logging_mixin.py:188} INFO - [2025-12-30T18:54:08.309+0000] {dagbag.py:538} INFO - Filling up the DagBag from /opt/airflow/dags/prediction_features_pipeline.py
[2025-12-30T18:54:08.387+0000] {processor.py:840} INFO - DAG(s) 'match_features_pipeline' retrieved from /opt/airflow/dags/prediction_features_pipeline.py
[2025-12-30T18:54:08.439+0000] {logging_mixin.py:188} INFO - [2025-12-30T18:54:08.439+0000] {dag.py:3036} INFO - Sync 1 DAGs
[2025-12-30T18:54:08.496+0000] {logging_mixin.py:188} INFO - [2025-12-30T18:54:08.496+0000] {dag.py:3823} INFO - Setting next_dagrun for match_features_pipeline to 2025-12-29 00:00:00+00:00, run_after=2025-12-30 00:00:00+00:00
[2025-12-30T18:54:08.547+0000] {processor.py:183} INFO - Processing /opt/airflow/dags/prediction_features_pipeline.py took 0.254 seconds
[2025-12-30T18:54:38.696+0000] {processor.py:161} INFO - Started process (PID=10181) to work on /opt/airflow/dags/prediction_features_pipeline.py
[2025-12-30T18:54:38.698+0000] {processor.py:830} INFO - Processing file /opt/airflow/dags/prediction_features_pipeline.py for tasks to queue
[2025-12-30T18:54:38.700+0000] {logging_mixin.py:188} INFO - [2025-12-30T18:54:38.700+0000] {dagbag.py:538} INFO - Filling up the DagBag from /opt/airflow/dags/prediction_features_pipeline.py
[2025-12-30T18:54:38.740+0000] {processor.py:840} INFO - DAG(s) 'match_features_pipeline' retrieved from /opt/airflow/dags/prediction_features_pipeline.py
[2025-12-30T18:54:38.780+0000] {logging_mixin.py:188} INFO - [2025-12-30T18:54:38.779+0000] {dag.py:3036} INFO - Sync 1 DAGs
[2025-12-30T18:54:38.821+0000] {logging_mixin.py:188} INFO - [2025-12-30T18:54:38.820+0000] {dag.py:3823} INFO - Setting next_dagrun for match_features_pipeline to 2025-12-29 00:00:00+00:00, run_after=2025-12-30 00:00:00+00:00
[2025-12-30T18:54:38.896+0000] {processor.py:183} INFO - Processing /opt/airflow/dags/prediction_features_pipeline.py took 0.208 seconds
[2025-12-30T18:55:09.026+0000] {processor.py:161} INFO - Started process (PID=10201) to work on /opt/airflow/dags/prediction_features_pipeline.py
[2025-12-30T18:55:09.029+0000] {processor.py:830} INFO - Processing file /opt/airflow/dags/prediction_features_pipeline.py for tasks to queue
[2025-12-30T18:55:09.031+0000] {logging_mixin.py:188} INFO - [2025-12-30T18:55:09.030+0000] {dagbag.py:538} INFO - Filling up the DagBag from /opt/airflow/dags/prediction_features_pipeline.py
[2025-12-30T18:55:09.104+0000] {processor.py:840} INFO - DAG(s) 'match_features_pipeline' retrieved from /opt/airflow/dags/prediction_features_pipeline.py
[2025-12-30T18:55:09.151+0000] {logging_mixin.py:188} INFO - [2025-12-30T18:55:09.151+0000] {dag.py:3036} INFO - Sync 1 DAGs
[2025-12-30T18:55:09.199+0000] {logging_mixin.py:188} INFO - [2025-12-30T18:55:09.199+0000] {dag.py:3823} INFO - Setting next_dagrun for match_features_pipeline to 2025-12-29 00:00:00+00:00, run_after=2025-12-30 00:00:00+00:00
[2025-12-30T18:55:09.241+0000] {processor.py:183} INFO - Processing /opt/airflow/dags/prediction_features_pipeline.py took 0.221 seconds
[2025-12-30T18:55:39.536+0000] {processor.py:161} INFO - Started process (PID=10221) to work on /opt/airflow/dags/prediction_features_pipeline.py
[2025-12-30T18:55:39.538+0000] {processor.py:830} INFO - Processing file /opt/airflow/dags/prediction_features_pipeline.py for tasks to queue
[2025-12-30T18:55:39.541+0000] {logging_mixin.py:188} INFO - [2025-12-30T18:55:39.540+0000] {dagbag.py:538} INFO - Filling up the DagBag from /opt/airflow/dags/prediction_features_pipeline.py
[2025-12-30T18:55:39.580+0000] {processor.py:840} INFO - DAG(s) 'match_features_pipeline' retrieved from /opt/airflow/dags/prediction_features_pipeline.py
[2025-12-30T18:55:39.622+0000] {logging_mixin.py:188} INFO - [2025-12-30T18:55:39.621+0000] {dag.py:3036} INFO - Sync 1 DAGs
[2025-12-30T18:55:39.667+0000] {logging_mixin.py:188} INFO - [2025-12-30T18:55:39.667+0000] {dag.py:3823} INFO - Setting next_dagrun for match_features_pipeline to 2025-12-29 00:00:00+00:00, run_after=2025-12-30 00:00:00+00:00
[2025-12-30T18:55:39.715+0000] {processor.py:183} INFO - Processing /opt/airflow/dags/prediction_features_pipeline.py took 0.185 seconds
[2025-12-30T18:56:10.584+0000] {processor.py:161} INFO - Started process (PID=10244) to work on /opt/airflow/dags/prediction_features_pipeline.py
[2025-12-30T18:56:10.587+0000] {processor.py:830} INFO - Processing file /opt/airflow/dags/prediction_features_pipeline.py for tasks to queue
[2025-12-30T18:56:10.589+0000] {logging_mixin.py:188} INFO - [2025-12-30T18:56:10.588+0000] {dagbag.py:538} INFO - Filling up the DagBag from /opt/airflow/dags/prediction_features_pipeline.py
[2025-12-30T18:56:10.638+0000] {processor.py:840} INFO - DAG(s) 'match_features_pipeline' retrieved from /opt/airflow/dags/prediction_features_pipeline.py
[2025-12-30T18:56:10.688+0000] {logging_mixin.py:188} INFO - [2025-12-30T18:56:10.687+0000] {dag.py:3036} INFO - Sync 1 DAGs
[2025-12-30T18:56:10.752+0000] {logging_mixin.py:188} INFO - [2025-12-30T18:56:10.751+0000] {dag.py:3823} INFO - Setting next_dagrun for match_features_pipeline to 2025-12-29 00:00:00+00:00, run_after=2025-12-30 00:00:00+00:00
[2025-12-30T18:56:10.789+0000] {processor.py:183} INFO - Processing /opt/airflow/dags/prediction_features_pipeline.py took 0.214 seconds
[2025-12-30T18:56:41.528+0000] {processor.py:161} INFO - Started process (PID=10264) to work on /opt/airflow/dags/prediction_features_pipeline.py
[2025-12-30T18:56:41.531+0000] {processor.py:830} INFO - Processing file /opt/airflow/dags/prediction_features_pipeline.py for tasks to queue
[2025-12-30T18:56:41.532+0000] {logging_mixin.py:188} INFO - [2025-12-30T18:56:41.532+0000] {dagbag.py:538} INFO - Filling up the DagBag from /opt/airflow/dags/prediction_features_pipeline.py
[2025-12-30T18:56:41.573+0000] {processor.py:840} INFO - DAG(s) 'match_features_pipeline' retrieved from /opt/airflow/dags/prediction_features_pipeline.py
[2025-12-30T18:56:41.625+0000] {logging_mixin.py:188} INFO - [2025-12-30T18:56:41.624+0000] {dag.py:3036} INFO - Sync 1 DAGs
[2025-12-30T18:56:41.673+0000] {logging_mixin.py:188} INFO - [2025-12-30T18:56:41.672+0000] {dag.py:3823} INFO - Setting next_dagrun for match_features_pipeline to 2025-12-29 00:00:00+00:00, run_after=2025-12-30 00:00:00+00:00
[2025-12-30T18:56:41.708+0000] {processor.py:183} INFO - Processing /opt/airflow/dags/prediction_features_pipeline.py took 0.187 seconds
[2025-12-30T18:57:12.490+0000] {processor.py:161} INFO - Started process (PID=10284) to work on /opt/airflow/dags/prediction_features_pipeline.py
[2025-12-30T18:57:12.493+0000] {processor.py:830} INFO - Processing file /opt/airflow/dags/prediction_features_pipeline.py for tasks to queue
[2025-12-30T18:57:12.495+0000] {logging_mixin.py:188} INFO - [2025-12-30T18:57:12.494+0000] {dagbag.py:538} INFO - Filling up the DagBag from /opt/airflow/dags/prediction_features_pipeline.py
[2025-12-30T18:57:12.539+0000] {processor.py:840} INFO - DAG(s) 'match_features_pipeline' retrieved from /opt/airflow/dags/prediction_features_pipeline.py
[2025-12-30T18:57:12.583+0000] {logging_mixin.py:188} INFO - [2025-12-30T18:57:12.582+0000] {dag.py:3036} INFO - Sync 1 DAGs
[2025-12-30T18:57:12.625+0000] {logging_mixin.py:188} INFO - [2025-12-30T18:57:12.624+0000] {dag.py:3823} INFO - Setting next_dagrun for match_features_pipeline to 2025-12-29 00:00:00+00:00, run_after=2025-12-30 00:00:00+00:00
[2025-12-30T18:57:12.666+0000] {processor.py:183} INFO - Processing /opt/airflow/dags/prediction_features_pipeline.py took 0.183 seconds
[2025-12-30T18:57:43.410+0000] {processor.py:161} INFO - Started process (PID=10304) to work on /opt/airflow/dags/prediction_features_pipeline.py
[2025-12-30T18:57:43.413+0000] {processor.py:830} INFO - Processing file /opt/airflow/dags/prediction_features_pipeline.py for tasks to queue
[2025-12-30T18:57:43.418+0000] {logging_mixin.py:188} INFO - [2025-12-30T18:57:43.417+0000] {dagbag.py:538} INFO - Filling up the DagBag from /opt/airflow/dags/prediction_features_pipeline.py
[2025-12-30T18:57:43.474+0000] {processor.py:840} INFO - DAG(s) 'match_features_pipeline' retrieved from /opt/airflow/dags/prediction_features_pipeline.py
[2025-12-30T18:57:43.522+0000] {logging_mixin.py:188} INFO - [2025-12-30T18:57:43.521+0000] {dag.py:3036} INFO - Sync 1 DAGs
[2025-12-30T18:57:43.572+0000] {logging_mixin.py:188} INFO - [2025-12-30T18:57:43.572+0000] {dag.py:3823} INFO - Setting next_dagrun for match_features_pipeline to 2025-12-29 00:00:00+00:00, run_after=2025-12-30 00:00:00+00:00
[2025-12-30T18:57:43.614+0000] {processor.py:183} INFO - Processing /opt/airflow/dags/prediction_features_pipeline.py took 0.215 seconds
[2025-12-30T18:58:14.342+0000] {processor.py:161} INFO - Started process (PID=10324) to work on /opt/airflow/dags/prediction_features_pipeline.py
[2025-12-30T18:58:14.344+0000] {processor.py:830} INFO - Processing file /opt/airflow/dags/prediction_features_pipeline.py for tasks to queue
[2025-12-30T18:58:14.346+0000] {logging_mixin.py:188} INFO - [2025-12-30T18:58:14.345+0000] {dagbag.py:538} INFO - Filling up the DagBag from /opt/airflow/dags/prediction_features_pipeline.py
[2025-12-30T18:58:14.388+0000] {processor.py:840} INFO - DAG(s) 'match_features_pipeline' retrieved from /opt/airflow/dags/prediction_features_pipeline.py
[2025-12-30T18:58:14.441+0000] {logging_mixin.py:188} INFO - [2025-12-30T18:58:14.441+0000] {dag.py:3036} INFO - Sync 1 DAGs
[2025-12-30T18:58:14.489+0000] {logging_mixin.py:188} INFO - [2025-12-30T18:58:14.488+0000] {dag.py:3823} INFO - Setting next_dagrun for match_features_pipeline to 2025-12-29 00:00:00+00:00, run_after=2025-12-30 00:00:00+00:00
[2025-12-30T18:58:14.542+0000] {processor.py:183} INFO - Processing /opt/airflow/dags/prediction_features_pipeline.py took 0.207 seconds
[2025-12-30T18:58:45.296+0000] {processor.py:161} INFO - Started process (PID=10344) to work on /opt/airflow/dags/prediction_features_pipeline.py
[2025-12-30T18:58:45.299+0000] {processor.py:830} INFO - Processing file /opt/airflow/dags/prediction_features_pipeline.py for tasks to queue
[2025-12-30T18:58:45.302+0000] {logging_mixin.py:188} INFO - [2025-12-30T18:58:45.301+0000] {dagbag.py:538} INFO - Filling up the DagBag from /opt/airflow/dags/prediction_features_pipeline.py
[2025-12-30T18:58:45.351+0000] {processor.py:840} INFO - DAG(s) 'match_features_pipeline' retrieved from /opt/airflow/dags/prediction_features_pipeline.py
[2025-12-30T18:58:45.405+0000] {logging_mixin.py:188} INFO - [2025-12-30T18:58:45.404+0000] {dag.py:3036} INFO - Sync 1 DAGs
[2025-12-30T18:58:45.457+0000] {logging_mixin.py:188} INFO - [2025-12-30T18:58:45.456+0000] {dag.py:3823} INFO - Setting next_dagrun for match_features_pipeline to 2025-12-29 00:00:00+00:00, run_after=2025-12-30 00:00:00+00:00
[2025-12-30T18:58:45.501+0000] {processor.py:183} INFO - Processing /opt/airflow/dags/prediction_features_pipeline.py took 0.210 seconds
[2025-12-30T18:59:16.212+0000] {processor.py:161} INFO - Started process (PID=10364) to work on /opt/airflow/dags/prediction_features_pipeline.py
[2025-12-30T18:59:16.215+0000] {processor.py:830} INFO - Processing file /opt/airflow/dags/prediction_features_pipeline.py for tasks to queue
[2025-12-30T18:59:16.218+0000] {logging_mixin.py:188} INFO - [2025-12-30T18:59:16.217+0000] {dagbag.py:538} INFO - Filling up the DagBag from /opt/airflow/dags/prediction_features_pipeline.py
[2025-12-30T18:59:16.257+0000] {processor.py:840} INFO - DAG(s) 'match_features_pipeline' retrieved from /opt/airflow/dags/prediction_features_pipeline.py
[2025-12-30T18:59:16.307+0000] {logging_mixin.py:188} INFO - [2025-12-30T18:59:16.307+0000] {dag.py:3036} INFO - Sync 1 DAGs
[2025-12-30T18:59:16.353+0000] {logging_mixin.py:188} INFO - [2025-12-30T18:59:16.353+0000] {dag.py:3823} INFO - Setting next_dagrun for match_features_pipeline to 2025-12-29 00:00:00+00:00, run_after=2025-12-30 00:00:00+00:00
[2025-12-30T18:59:16.392+0000] {processor.py:183} INFO - Processing /opt/airflow/dags/prediction_features_pipeline.py took 0.187 seconds
[2025-12-30T18:59:47.129+0000] {processor.py:161} INFO - Started process (PID=10384) to work on /opt/airflow/dags/prediction_features_pipeline.py
[2025-12-30T18:59:47.132+0000] {processor.py:830} INFO - Processing file /opt/airflow/dags/prediction_features_pipeline.py for tasks to queue
[2025-12-30T18:59:47.134+0000] {logging_mixin.py:188} INFO - [2025-12-30T18:59:47.134+0000] {dagbag.py:538} INFO - Filling up the DagBag from /opt/airflow/dags/prediction_features_pipeline.py
[2025-12-30T18:59:47.176+0000] {processor.py:840} INFO - DAG(s) 'match_features_pipeline' retrieved from /opt/airflow/dags/prediction_features_pipeline.py
[2025-12-30T18:59:47.223+0000] {logging_mixin.py:188} INFO - [2025-12-30T18:59:47.222+0000] {dag.py:3036} INFO - Sync 1 DAGs
[2025-12-30T18:59:47.264+0000] {logging_mixin.py:188} INFO - [2025-12-30T18:59:47.263+0000] {dag.py:3823} INFO - Setting next_dagrun for match_features_pipeline to 2025-12-29 00:00:00+00:00, run_after=2025-12-30 00:00:00+00:00
[2025-12-30T18:59:47.300+0000] {processor.py:183} INFO - Processing /opt/airflow/dags/prediction_features_pipeline.py took 0.179 seconds
[2025-12-30T19:00:18.013+0000] {processor.py:161} INFO - Started process (PID=10404) to work on /opt/airflow/dags/prediction_features_pipeline.py
[2025-12-30T19:00:18.016+0000] {processor.py:830} INFO - Processing file /opt/airflow/dags/prediction_features_pipeline.py for tasks to queue
[2025-12-30T19:00:18.018+0000] {logging_mixin.py:188} INFO - [2025-12-30T19:00:18.017+0000] {dagbag.py:538} INFO - Filling up the DagBag from /opt/airflow/dags/prediction_features_pipeline.py
[2025-12-30T19:00:18.063+0000] {processor.py:840} INFO - DAG(s) 'match_features_pipeline' retrieved from /opt/airflow/dags/prediction_features_pipeline.py
[2025-12-30T19:00:18.111+0000] {logging_mixin.py:188} INFO - [2025-12-30T19:00:18.111+0000] {dag.py:3036} INFO - Sync 1 DAGs
[2025-12-30T19:00:18.154+0000] {logging_mixin.py:188} INFO - [2025-12-30T19:00:18.154+0000] {dag.py:3823} INFO - Setting next_dagrun for match_features_pipeline to 2025-12-29 00:00:00+00:00, run_after=2025-12-30 00:00:00+00:00
[2025-12-30T19:00:18.210+0000] {processor.py:183} INFO - Processing /opt/airflow/dags/prediction_features_pipeline.py took 0.205 seconds
[2025-12-30T19:00:48.916+0000] {processor.py:161} INFO - Started process (PID=10424) to work on /opt/airflow/dags/prediction_features_pipeline.py
[2025-12-30T19:00:48.919+0000] {processor.py:830} INFO - Processing file /opt/airflow/dags/prediction_features_pipeline.py for tasks to queue
[2025-12-30T19:00:48.921+0000] {logging_mixin.py:188} INFO - [2025-12-30T19:00:48.921+0000] {dagbag.py:538} INFO - Filling up the DagBag from /opt/airflow/dags/prediction_features_pipeline.py
[2025-12-30T19:00:48.966+0000] {processor.py:840} INFO - DAG(s) 'match_features_pipeline' retrieved from /opt/airflow/dags/prediction_features_pipeline.py
[2025-12-30T19:00:49.010+0000] {logging_mixin.py:188} INFO - [2025-12-30T19:00:49.010+0000] {dag.py:3036} INFO - Sync 1 DAGs
[2025-12-30T19:00:49.051+0000] {logging_mixin.py:188} INFO - [2025-12-30T19:00:49.050+0000] {dag.py:3823} INFO - Setting next_dagrun for match_features_pipeline to 2025-12-29 00:00:00+00:00, run_after=2025-12-30 00:00:00+00:00
[2025-12-30T19:00:49.087+0000] {processor.py:183} INFO - Processing /opt/airflow/dags/prediction_features_pipeline.py took 0.177 seconds
[2025-12-30T19:01:19.783+0000] {processor.py:161} INFO - Started process (PID=10444) to work on /opt/airflow/dags/prediction_features_pipeline.py
[2025-12-30T19:01:19.785+0000] {processor.py:830} INFO - Processing file /opt/airflow/dags/prediction_features_pipeline.py for tasks to queue
[2025-12-30T19:01:19.787+0000] {logging_mixin.py:188} INFO - [2025-12-30T19:01:19.787+0000] {dagbag.py:538} INFO - Filling up the DagBag from /opt/airflow/dags/prediction_features_pipeline.py
[2025-12-30T19:01:19.833+0000] {processor.py:840} INFO - DAG(s) 'match_features_pipeline' retrieved from /opt/airflow/dags/prediction_features_pipeline.py
[2025-12-30T19:01:19.900+0000] {logging_mixin.py:188} INFO - [2025-12-30T19:01:19.899+0000] {dag.py:3036} INFO - Sync 1 DAGs
[2025-12-30T19:01:19.942+0000] {logging_mixin.py:188} INFO - [2025-12-30T19:01:19.942+0000] {dag.py:3823} INFO - Setting next_dagrun for match_features_pipeline to 2025-12-29 00:00:00+00:00, run_after=2025-12-30 00:00:00+00:00
[2025-12-30T19:01:19.977+0000] {processor.py:183} INFO - Processing /opt/airflow/dags/prediction_features_pipeline.py took 0.202 seconds
[2025-12-30T19:01:50.711+0000] {processor.py:161} INFO - Started process (PID=10464) to work on /opt/airflow/dags/prediction_features_pipeline.py
[2025-12-30T19:01:50.715+0000] {processor.py:830} INFO - Processing file /opt/airflow/dags/prediction_features_pipeline.py for tasks to queue
[2025-12-30T19:01:50.717+0000] {logging_mixin.py:188} INFO - [2025-12-30T19:01:50.716+0000] {dagbag.py:538} INFO - Filling up the DagBag from /opt/airflow/dags/prediction_features_pipeline.py
[2025-12-30T19:01:50.759+0000] {processor.py:840} INFO - DAG(s) 'match_features_pipeline' retrieved from /opt/airflow/dags/prediction_features_pipeline.py
[2025-12-30T19:01:50.806+0000] {logging_mixin.py:188} INFO - [2025-12-30T19:01:50.806+0000] {dag.py:3036} INFO - Sync 1 DAGs
[2025-12-30T19:01:50.860+0000] {logging_mixin.py:188} INFO - [2025-12-30T19:01:50.859+0000] {dag.py:3823} INFO - Setting next_dagrun for match_features_pipeline to 2025-12-29 00:00:00+00:00, run_after=2025-12-30 00:00:00+00:00
[2025-12-30T19:01:50.910+0000] {processor.py:183} INFO - Processing /opt/airflow/dags/prediction_features_pipeline.py took 0.210 seconds
[2025-12-30T19:02:21.625+0000] {processor.py:161} INFO - Started process (PID=10484) to work on /opt/airflow/dags/prediction_features_pipeline.py
[2025-12-30T19:02:21.628+0000] {processor.py:830} INFO - Processing file /opt/airflow/dags/prediction_features_pipeline.py for tasks to queue
[2025-12-30T19:02:21.631+0000] {logging_mixin.py:188} INFO - [2025-12-30T19:02:21.630+0000] {dagbag.py:538} INFO - Filling up the DagBag from /opt/airflow/dags/prediction_features_pipeline.py
[2025-12-30T19:02:21.673+0000] {processor.py:840} INFO - DAG(s) 'match_features_pipeline' retrieved from /opt/airflow/dags/prediction_features_pipeline.py
[2025-12-30T19:02:21.718+0000] {logging_mixin.py:188} INFO - [2025-12-30T19:02:21.717+0000] {dag.py:3036} INFO - Sync 1 DAGs
[2025-12-30T19:02:21.760+0000] {logging_mixin.py:188} INFO - [2025-12-30T19:02:21.759+0000] {dag.py:3823} INFO - Setting next_dagrun for match_features_pipeline to 2025-12-29 00:00:00+00:00, run_after=2025-12-30 00:00:00+00:00
[2025-12-30T19:02:21.821+0000] {processor.py:183} INFO - Processing /opt/airflow/dags/prediction_features_pipeline.py took 0.203 seconds
[2025-12-30T19:02:52.656+0000] {processor.py:161} INFO - Started process (PID=10504) to work on /opt/airflow/dags/prediction_features_pipeline.py
[2025-12-30T19:02:52.662+0000] {processor.py:830} INFO - Processing file /opt/airflow/dags/prediction_features_pipeline.py for tasks to queue
[2025-12-30T19:02:52.665+0000] {logging_mixin.py:188} INFO - [2025-12-30T19:02:52.664+0000] {dagbag.py:538} INFO - Filling up the DagBag from /opt/airflow/dags/prediction_features_pipeline.py
[2025-12-30T19:02:52.736+0000] {processor.py:840} INFO - DAG(s) 'match_features_pipeline' retrieved from /opt/airflow/dags/prediction_features_pipeline.py
[2025-12-30T19:02:52.797+0000] {logging_mixin.py:188} INFO - [2025-12-30T19:02:52.796+0000] {dag.py:3036} INFO - Sync 1 DAGs
[2025-12-30T19:02:52.858+0000] {logging_mixin.py:188} INFO - [2025-12-30T19:02:52.858+0000] {dag.py:3823} INFO - Setting next_dagrun for match_features_pipeline to 2025-12-29 00:00:00+00:00, run_after=2025-12-30 00:00:00+00:00
[2025-12-30T19:02:52.903+0000] {processor.py:183} INFO - Processing /opt/airflow/dags/prediction_features_pipeline.py took 0.263 seconds
[2025-12-30T19:03:23.849+0000] {processor.py:161} INFO - Started process (PID=10524) to work on /opt/airflow/dags/prediction_features_pipeline.py
[2025-12-30T19:03:23.852+0000] {processor.py:830} INFO - Processing file /opt/airflow/dags/prediction_features_pipeline.py for tasks to queue
[2025-12-30T19:03:23.854+0000] {logging_mixin.py:188} INFO - [2025-12-30T19:03:23.854+0000] {dagbag.py:538} INFO - Filling up the DagBag from /opt/airflow/dags/prediction_features_pipeline.py
[2025-12-30T19:03:23.913+0000] {processor.py:840} INFO - DAG(s) 'match_features_pipeline' retrieved from /opt/airflow/dags/prediction_features_pipeline.py
[2025-12-30T19:03:23.976+0000] {logging_mixin.py:188} INFO - [2025-12-30T19:03:23.975+0000] {dag.py:3036} INFO - Sync 1 DAGs
[2025-12-30T19:03:24.041+0000] {logging_mixin.py:188} INFO - [2025-12-30T19:03:24.040+0000] {dag.py:3823} INFO - Setting next_dagrun for match_features_pipeline to 2025-12-29 00:00:00+00:00, run_after=2025-12-30 00:00:00+00:00
[2025-12-30T19:03:24.088+0000] {processor.py:183} INFO - Processing /opt/airflow/dags/prediction_features_pipeline.py took 0.250 seconds
[2025-12-30T19:03:54.990+0000] {processor.py:161} INFO - Started process (PID=10544) to work on /opt/airflow/dags/prediction_features_pipeline.py
[2025-12-30T19:03:54.994+0000] {processor.py:830} INFO - Processing file /opt/airflow/dags/prediction_features_pipeline.py for tasks to queue
[2025-12-30T19:03:54.996+0000] {logging_mixin.py:188} INFO - [2025-12-30T19:03:54.996+0000] {dagbag.py:538} INFO - Filling up the DagBag from /opt/airflow/dags/prediction_features_pipeline.py
[2025-12-30T19:03:55.054+0000] {processor.py:840} INFO - DAG(s) 'match_features_pipeline' retrieved from /opt/airflow/dags/prediction_features_pipeline.py
[2025-12-30T19:03:55.109+0000] {logging_mixin.py:188} INFO - [2025-12-30T19:03:55.108+0000] {dag.py:3036} INFO - Sync 1 DAGs
[2025-12-30T19:03:55.166+0000] {logging_mixin.py:188} INFO - [2025-12-30T19:03:55.166+0000] {dag.py:3823} INFO - Setting next_dagrun for match_features_pipeline to 2025-12-29 00:00:00+00:00, run_after=2025-12-30 00:00:00+00:00
[2025-12-30T19:03:55.220+0000] {processor.py:183} INFO - Processing /opt/airflow/dags/prediction_features_pipeline.py took 0.244 seconds
[2025-12-30T19:04:26.132+0000] {processor.py:161} INFO - Started process (PID=10564) to work on /opt/airflow/dags/prediction_features_pipeline.py
[2025-12-30T19:04:26.136+0000] {processor.py:830} INFO - Processing file /opt/airflow/dags/prediction_features_pipeline.py for tasks to queue
[2025-12-30T19:04:26.141+0000] {logging_mixin.py:188} INFO - [2025-12-30T19:04:26.139+0000] {dagbag.py:538} INFO - Filling up the DagBag from /opt/airflow/dags/prediction_features_pipeline.py
[2025-12-30T19:04:26.208+0000] {processor.py:840} INFO - DAG(s) 'match_features_pipeline' retrieved from /opt/airflow/dags/prediction_features_pipeline.py
[2025-12-30T19:04:26.281+0000] {logging_mixin.py:188} INFO - [2025-12-30T19:04:26.280+0000] {dag.py:3036} INFO - Sync 1 DAGs
[2025-12-30T19:04:26.352+0000] {logging_mixin.py:188} INFO - [2025-12-30T19:04:26.352+0000] {dag.py:3823} INFO - Setting next_dagrun for match_features_pipeline to 2025-12-29 00:00:00+00:00, run_after=2025-12-30 00:00:00+00:00
[2025-12-30T19:04:26.401+0000] {processor.py:183} INFO - Processing /opt/airflow/dags/prediction_features_pipeline.py took 0.280 seconds
[2025-12-30T19:04:57.346+0000] {processor.py:161} INFO - Started process (PID=10584) to work on /opt/airflow/dags/prediction_features_pipeline.py
[2025-12-30T19:04:57.349+0000] {processor.py:830} INFO - Processing file /opt/airflow/dags/prediction_features_pipeline.py for tasks to queue
[2025-12-30T19:04:57.352+0000] {logging_mixin.py:188} INFO - [2025-12-30T19:04:57.351+0000] {dagbag.py:538} INFO - Filling up the DagBag from /opt/airflow/dags/prediction_features_pipeline.py
[2025-12-30T19:04:57.410+0000] {processor.py:840} INFO - DAG(s) 'match_features_pipeline' retrieved from /opt/airflow/dags/prediction_features_pipeline.py
[2025-12-30T19:04:57.477+0000] {logging_mixin.py:188} INFO - [2025-12-30T19:04:57.477+0000] {dag.py:3036} INFO - Sync 1 DAGs
[2025-12-30T19:04:57.545+0000] {logging_mixin.py:188} INFO - [2025-12-30T19:04:57.544+0000] {dag.py:3823} INFO - Setting next_dagrun for match_features_pipeline to 2025-12-29 00:00:00+00:00, run_after=2025-12-30 00:00:00+00:00
[2025-12-30T19:04:57.608+0000] {processor.py:183} INFO - Processing /opt/airflow/dags/prediction_features_pipeline.py took 0.277 seconds
[2025-12-30T19:05:28.169+0000] {processor.py:161} INFO - Started process (PID=10606) to work on /opt/airflow/dags/prediction_features_pipeline.py
[2025-12-30T19:05:28.172+0000] {processor.py:830} INFO - Processing file /opt/airflow/dags/prediction_features_pipeline.py for tasks to queue
[2025-12-30T19:05:28.175+0000] {logging_mixin.py:188} INFO - [2025-12-30T19:05:28.174+0000] {dagbag.py:538} INFO - Filling up the DagBag from /opt/airflow/dags/prediction_features_pipeline.py
[2025-12-30T19:05:28.232+0000] {processor.py:840} INFO - DAG(s) 'match_features_pipeline' retrieved from /opt/airflow/dags/prediction_features_pipeline.py
[2025-12-30T19:05:28.295+0000] {logging_mixin.py:188} INFO - [2025-12-30T19:05:28.294+0000] {dag.py:3036} INFO - Sync 1 DAGs
[2025-12-30T19:05:28.350+0000] {logging_mixin.py:188} INFO - [2025-12-30T19:05:28.350+0000] {dag.py:3823} INFO - Setting next_dagrun for match_features_pipeline to 2025-12-29 00:00:00+00:00, run_after=2025-12-30 00:00:00+00:00
[2025-12-30T19:05:28.435+0000] {processor.py:183} INFO - Processing /opt/airflow/dags/prediction_features_pipeline.py took 0.276 seconds
[2025-12-30T19:05:58.770+0000] {processor.py:161} INFO - Started process (PID=10631) to work on /opt/airflow/dags/prediction_features_pipeline.py
[2025-12-30T19:05:58.773+0000] {processor.py:830} INFO - Processing file /opt/airflow/dags/prediction_features_pipeline.py for tasks to queue
[2025-12-30T19:05:58.776+0000] {logging_mixin.py:188} INFO - [2025-12-30T19:05:58.775+0000] {dagbag.py:538} INFO - Filling up the DagBag from /opt/airflow/dags/prediction_features_pipeline.py
[2025-12-30T19:05:58.836+0000] {processor.py:840} INFO - DAG(s) 'match_features_pipeline' retrieved from /opt/airflow/dags/prediction_features_pipeline.py
[2025-12-30T19:05:58.899+0000] {logging_mixin.py:188} INFO - [2025-12-30T19:05:58.898+0000] {dag.py:3036} INFO - Sync 1 DAGs
[2025-12-30T19:05:58.954+0000] {logging_mixin.py:188} INFO - [2025-12-30T19:05:58.954+0000] {dag.py:3823} INFO - Setting next_dagrun for match_features_pipeline to 2025-12-29 00:00:00+00:00, run_after=2025-12-30 00:00:00+00:00
[2025-12-30T19:05:59.049+0000] {processor.py:183} INFO - Processing /opt/airflow/dags/prediction_features_pipeline.py took 0.287 seconds
[2025-12-30T19:06:29.824+0000] {processor.py:161} INFO - Started process (PID=10651) to work on /opt/airflow/dags/prediction_features_pipeline.py
[2025-12-30T19:06:29.826+0000] {processor.py:830} INFO - Processing file /opt/airflow/dags/prediction_features_pipeline.py for tasks to queue
[2025-12-30T19:06:29.827+0000] {logging_mixin.py:188} INFO - [2025-12-30T19:06:29.827+0000] {dagbag.py:538} INFO - Filling up the DagBag from /opt/airflow/dags/prediction_features_pipeline.py
[2025-12-30T19:06:29.850+0000] {processor.py:840} INFO - DAG(s) 'match_features_pipeline' retrieved from /opt/airflow/dags/prediction_features_pipeline.py
[2025-12-30T19:06:29.875+0000] {logging_mixin.py:188} INFO - [2025-12-30T19:06:29.875+0000] {dag.py:3036} INFO - Sync 1 DAGs
[2025-12-30T19:06:29.898+0000] {logging_mixin.py:188} INFO - [2025-12-30T19:06:29.898+0000] {dag.py:3823} INFO - Setting next_dagrun for match_features_pipeline to 2025-12-29 00:00:00+00:00, run_after=2025-12-30 00:00:00+00:00
[2025-12-30T19:06:29.927+0000] {processor.py:183} INFO - Processing /opt/airflow/dags/prediction_features_pipeline.py took 0.107 seconds
[2025-12-30T19:07:00.362+0000] {processor.py:161} INFO - Started process (PID=10671) to work on /opt/airflow/dags/prediction_features_pipeline.py
[2025-12-30T19:07:00.363+0000] {processor.py:830} INFO - Processing file /opt/airflow/dags/prediction_features_pipeline.py for tasks to queue
[2025-12-30T19:07:00.364+0000] {logging_mixin.py:188} INFO - [2025-12-30T19:07:00.364+0000] {dagbag.py:538} INFO - Filling up the DagBag from /opt/airflow/dags/prediction_features_pipeline.py
[2025-12-30T19:07:00.384+0000] {processor.py:840} INFO - DAG(s) 'match_features_pipeline' retrieved from /opt/airflow/dags/prediction_features_pipeline.py
[2025-12-30T19:07:00.404+0000] {logging_mixin.py:188} INFO - [2025-12-30T19:07:00.404+0000] {dag.py:3036} INFO - Sync 1 DAGs
[2025-12-30T19:07:00.424+0000] {logging_mixin.py:188} INFO - [2025-12-30T19:07:00.424+0000] {dag.py:3823} INFO - Setting next_dagrun for match_features_pipeline to 2025-12-29 00:00:00+00:00, run_after=2025-12-30 00:00:00+00:00
[2025-12-30T19:07:00.442+0000] {processor.py:183} INFO - Processing /opt/airflow/dags/prediction_features_pipeline.py took 0.083 seconds
[2025-12-30T19:07:30.885+0000] {processor.py:161} INFO - Started process (PID=10691) to work on /opt/airflow/dags/prediction_features_pipeline.py
[2025-12-30T19:07:30.886+0000] {processor.py:830} INFO - Processing file /opt/airflow/dags/prediction_features_pipeline.py for tasks to queue
[2025-12-30T19:07:30.887+0000] {logging_mixin.py:188} INFO - [2025-12-30T19:07:30.887+0000] {dagbag.py:538} INFO - Filling up the DagBag from /opt/airflow/dags/prediction_features_pipeline.py
[2025-12-30T19:07:30.908+0000] {processor.py:840} INFO - DAG(s) 'match_features_pipeline' retrieved from /opt/airflow/dags/prediction_features_pipeline.py
[2025-12-30T19:07:30.932+0000] {logging_mixin.py:188} INFO - [2025-12-30T19:07:30.932+0000] {dag.py:3036} INFO - Sync 1 DAGs
[2025-12-30T19:07:30.954+0000] {logging_mixin.py:188} INFO - [2025-12-30T19:07:30.953+0000] {dag.py:3823} INFO - Setting next_dagrun for match_features_pipeline to 2025-12-29 00:00:00+00:00, run_after=2025-12-30 00:00:00+00:00
[2025-12-30T19:07:30.972+0000] {processor.py:183} INFO - Processing /opt/airflow/dags/prediction_features_pipeline.py took 0.091 seconds
[2025-12-30T19:08:01.419+0000] {processor.py:161} INFO - Started process (PID=10711) to work on /opt/airflow/dags/prediction_features_pipeline.py
[2025-12-30T19:08:01.420+0000] {processor.py:830} INFO - Processing file /opt/airflow/dags/prediction_features_pipeline.py for tasks to queue
[2025-12-30T19:08:01.421+0000] {logging_mixin.py:188} INFO - [2025-12-30T19:08:01.421+0000] {dagbag.py:538} INFO - Filling up the DagBag from /opt/airflow/dags/prediction_features_pipeline.py
[2025-12-30T19:08:01.441+0000] {processor.py:840} INFO - DAG(s) 'match_features_pipeline' retrieved from /opt/airflow/dags/prediction_features_pipeline.py
[2025-12-30T19:08:01.462+0000] {logging_mixin.py:188} INFO - [2025-12-30T19:08:01.462+0000] {dag.py:3036} INFO - Sync 1 DAGs
[2025-12-30T19:08:01.483+0000] {logging_mixin.py:188} INFO - [2025-12-30T19:08:01.483+0000] {dag.py:3823} INFO - Setting next_dagrun for match_features_pipeline to 2025-12-29 00:00:00+00:00, run_after=2025-12-30 00:00:00+00:00
[2025-12-30T19:08:01.501+0000] {processor.py:183} INFO - Processing /opt/airflow/dags/prediction_features_pipeline.py took 0.086 seconds
[2025-12-30T19:08:31.943+0000] {processor.py:161} INFO - Started process (PID=10731) to work on /opt/airflow/dags/prediction_features_pipeline.py
[2025-12-30T19:08:31.945+0000] {processor.py:830} INFO - Processing file /opt/airflow/dags/prediction_features_pipeline.py for tasks to queue
[2025-12-30T19:08:31.946+0000] {logging_mixin.py:188} INFO - [2025-12-30T19:08:31.945+0000] {dagbag.py:538} INFO - Filling up the DagBag from /opt/airflow/dags/prediction_features_pipeline.py
[2025-12-30T19:08:31.966+0000] {processor.py:840} INFO - DAG(s) 'match_features_pipeline' retrieved from /opt/airflow/dags/prediction_features_pipeline.py
[2025-12-30T19:08:31.987+0000] {logging_mixin.py:188} INFO - [2025-12-30T19:08:31.986+0000] {dag.py:3036} INFO - Sync 1 DAGs
[2025-12-30T19:08:32.010+0000] {logging_mixin.py:188} INFO - [2025-12-30T19:08:32.009+0000] {dag.py:3823} INFO - Setting next_dagrun for match_features_pipeline to 2025-12-29 00:00:00+00:00, run_after=2025-12-30 00:00:00+00:00
[2025-12-30T19:08:32.046+0000] {processor.py:183} INFO - Processing /opt/airflow/dags/prediction_features_pipeline.py took 0.107 seconds
[2025-12-30T19:09:02.496+0000] {processor.py:161} INFO - Started process (PID=10751) to work on /opt/airflow/dags/prediction_features_pipeline.py
[2025-12-30T19:09:02.498+0000] {processor.py:830} INFO - Processing file /opt/airflow/dags/prediction_features_pipeline.py for tasks to queue
[2025-12-30T19:09:02.499+0000] {logging_mixin.py:188} INFO - [2025-12-30T19:09:02.498+0000] {dagbag.py:538} INFO - Filling up the DagBag from /opt/airflow/dags/prediction_features_pipeline.py
[2025-12-30T19:09:02.519+0000] {processor.py:840} INFO - DAG(s) 'match_features_pipeline' retrieved from /opt/airflow/dags/prediction_features_pipeline.py
[2025-12-30T19:09:02.549+0000] {logging_mixin.py:188} INFO - [2025-12-30T19:09:02.549+0000] {dag.py:3036} INFO - Sync 1 DAGs
[2025-12-30T19:09:02.570+0000] {logging_mixin.py:188} INFO - [2025-12-30T19:09:02.570+0000] {dag.py:3823} INFO - Setting next_dagrun for match_features_pipeline to 2025-12-29 00:00:00+00:00, run_after=2025-12-30 00:00:00+00:00
[2025-12-30T19:09:02.589+0000] {processor.py:183} INFO - Processing /opt/airflow/dags/prediction_features_pipeline.py took 0.098 seconds
[2025-12-30T19:09:33.000+0000] {processor.py:161} INFO - Started process (PID=10771) to work on /opt/airflow/dags/prediction_features_pipeline.py
[2025-12-30T19:09:33.002+0000] {processor.py:830} INFO - Processing file /opt/airflow/dags/prediction_features_pipeline.py for tasks to queue
[2025-12-30T19:09:33.003+0000] {logging_mixin.py:188} INFO - [2025-12-30T19:09:33.003+0000] {dagbag.py:538} INFO - Filling up the DagBag from /opt/airflow/dags/prediction_features_pipeline.py
[2025-12-30T19:09:33.025+0000] {processor.py:840} INFO - DAG(s) 'match_features_pipeline' retrieved from /opt/airflow/dags/prediction_features_pipeline.py
[2025-12-30T19:09:33.048+0000] {logging_mixin.py:188} INFO - [2025-12-30T19:09:33.048+0000] {dag.py:3036} INFO - Sync 1 DAGs
[2025-12-30T19:09:33.072+0000] {logging_mixin.py:188} INFO - [2025-12-30T19:09:33.072+0000] {dag.py:3823} INFO - Setting next_dagrun for match_features_pipeline to 2025-12-29 00:00:00+00:00, run_after=2025-12-30 00:00:00+00:00
[2025-12-30T19:09:33.093+0000] {processor.py:183} INFO - Processing /opt/airflow/dags/prediction_features_pipeline.py took 0.097 seconds
[2025-12-30T19:10:03.603+0000] {processor.py:161} INFO - Started process (PID=10791) to work on /opt/airflow/dags/prediction_features_pipeline.py
[2025-12-30T19:10:03.604+0000] {processor.py:830} INFO - Processing file /opt/airflow/dags/prediction_features_pipeline.py for tasks to queue
[2025-12-30T19:10:03.605+0000] {logging_mixin.py:188} INFO - [2025-12-30T19:10:03.605+0000] {dagbag.py:538} INFO - Filling up the DagBag from /opt/airflow/dags/prediction_features_pipeline.py
[2025-12-30T19:10:03.627+0000] {processor.py:840} INFO - DAG(s) 'match_features_pipeline' retrieved from /opt/airflow/dags/prediction_features_pipeline.py
[2025-12-30T19:10:03.646+0000] {logging_mixin.py:188} INFO - [2025-12-30T19:10:03.646+0000] {dag.py:3036} INFO - Sync 1 DAGs
[2025-12-30T19:10:03.666+0000] {logging_mixin.py:188} INFO - [2025-12-30T19:10:03.666+0000] {dag.py:3823} INFO - Setting next_dagrun for match_features_pipeline to 2025-12-29 00:00:00+00:00, run_after=2025-12-30 00:00:00+00:00
[2025-12-30T19:10:03.697+0000] {processor.py:183} INFO - Processing /opt/airflow/dags/prediction_features_pipeline.py took 0.097 seconds
[2025-12-30T19:10:34.143+0000] {processor.py:161} INFO - Started process (PID=10811) to work on /opt/airflow/dags/prediction_features_pipeline.py
[2025-12-30T19:10:34.145+0000] {processor.py:830} INFO - Processing file /opt/airflow/dags/prediction_features_pipeline.py for tasks to queue
[2025-12-30T19:10:34.146+0000] {logging_mixin.py:188} INFO - [2025-12-30T19:10:34.146+0000] {dagbag.py:538} INFO - Filling up the DagBag from /opt/airflow/dags/prediction_features_pipeline.py
[2025-12-30T19:10:34.168+0000] {processor.py:840} INFO - DAG(s) 'match_features_pipeline' retrieved from /opt/airflow/dags/prediction_features_pipeline.py
[2025-12-30T19:10:34.191+0000] {logging_mixin.py:188} INFO - [2025-12-30T19:10:34.191+0000] {dag.py:3036} INFO - Sync 1 DAGs
[2025-12-30T19:10:34.214+0000] {logging_mixin.py:188} INFO - [2025-12-30T19:10:34.214+0000] {dag.py:3823} INFO - Setting next_dagrun for match_features_pipeline to 2025-12-29 00:00:00+00:00, run_after=2025-12-30 00:00:00+00:00
[2025-12-30T19:10:34.235+0000] {processor.py:183} INFO - Processing /opt/airflow/dags/prediction_features_pipeline.py took 0.096 seconds
[2025-12-30T19:11:04.710+0000] {processor.py:161} INFO - Started process (PID=10831) to work on /opt/airflow/dags/prediction_features_pipeline.py
[2025-12-30T19:11:04.712+0000] {processor.py:830} INFO - Processing file /opt/airflow/dags/prediction_features_pipeline.py for tasks to queue
[2025-12-30T19:11:04.713+0000] {logging_mixin.py:188} INFO - [2025-12-30T19:11:04.713+0000] {dagbag.py:538} INFO - Filling up the DagBag from /opt/airflow/dags/prediction_features_pipeline.py
[2025-12-30T19:11:04.735+0000] {processor.py:840} INFO - DAG(s) 'match_features_pipeline' retrieved from /opt/airflow/dags/prediction_features_pipeline.py
[2025-12-30T19:11:04.758+0000] {logging_mixin.py:188} INFO - [2025-12-30T19:11:04.758+0000] {dag.py:3036} INFO - Sync 1 DAGs
[2025-12-30T19:11:04.780+0000] {logging_mixin.py:188} INFO - [2025-12-30T19:11:04.780+0000] {dag.py:3823} INFO - Setting next_dagrun for match_features_pipeline to 2025-12-29 00:00:00+00:00, run_after=2025-12-30 00:00:00+00:00
[2025-12-30T19:11:04.800+0000] {processor.py:183} INFO - Processing /opt/airflow/dags/prediction_features_pipeline.py took 0.094 seconds
[2025-12-30T19:11:35.241+0000] {processor.py:161} INFO - Started process (PID=10851) to work on /opt/airflow/dags/prediction_features_pipeline.py
[2025-12-30T19:11:35.243+0000] {processor.py:830} INFO - Processing file /opt/airflow/dags/prediction_features_pipeline.py for tasks to queue
[2025-12-30T19:11:35.244+0000] {logging_mixin.py:188} INFO - [2025-12-30T19:11:35.243+0000] {dagbag.py:538} INFO - Filling up the DagBag from /opt/airflow/dags/prediction_features_pipeline.py
[2025-12-30T19:11:35.263+0000] {processor.py:840} INFO - DAG(s) 'match_features_pipeline' retrieved from /opt/airflow/dags/prediction_features_pipeline.py
[2025-12-30T19:11:35.284+0000] {logging_mixin.py:188} INFO - [2025-12-30T19:11:35.284+0000] {dag.py:3036} INFO - Sync 1 DAGs
[2025-12-30T19:11:35.305+0000] {logging_mixin.py:188} INFO - [2025-12-30T19:11:35.305+0000] {dag.py:3823} INFO - Setting next_dagrun for match_features_pipeline to 2025-12-29 00:00:00+00:00, run_after=2025-12-30 00:00:00+00:00
[2025-12-30T19:11:35.332+0000] {processor.py:183} INFO - Processing /opt/airflow/dags/prediction_features_pipeline.py took 0.094 seconds
[2025-12-30T19:12:05.760+0000] {processor.py:161} INFO - Started process (PID=10871) to work on /opt/airflow/dags/prediction_features_pipeline.py
[2025-12-30T19:12:05.761+0000] {processor.py:830} INFO - Processing file /opt/airflow/dags/prediction_features_pipeline.py for tasks to queue
[2025-12-30T19:12:05.762+0000] {logging_mixin.py:188} INFO - [2025-12-30T19:12:05.762+0000] {dagbag.py:538} INFO - Filling up the DagBag from /opt/airflow/dags/prediction_features_pipeline.py
[2025-12-30T19:12:05.781+0000] {processor.py:840} INFO - DAG(s) 'match_features_pipeline' retrieved from /opt/airflow/dags/prediction_features_pipeline.py
[2025-12-30T19:12:05.802+0000] {logging_mixin.py:188} INFO - [2025-12-30T19:12:05.801+0000] {dag.py:3036} INFO - Sync 1 DAGs
[2025-12-30T19:12:05.822+0000] {logging_mixin.py:188} INFO - [2025-12-30T19:12:05.822+0000] {dag.py:3823} INFO - Setting next_dagrun for match_features_pipeline to 2025-12-29 00:00:00+00:00, run_after=2025-12-30 00:00:00+00:00
[2025-12-30T19:12:05.852+0000] {processor.py:183} INFO - Processing /opt/airflow/dags/prediction_features_pipeline.py took 0.095 seconds
[2025-12-30T19:12:36.280+0000] {processor.py:161} INFO - Started process (PID=10891) to work on /opt/airflow/dags/prediction_features_pipeline.py
[2025-12-30T19:12:36.281+0000] {processor.py:830} INFO - Processing file /opt/airflow/dags/prediction_features_pipeline.py for tasks to queue
[2025-12-30T19:12:36.282+0000] {logging_mixin.py:188} INFO - [2025-12-30T19:12:36.282+0000] {dagbag.py:538} INFO - Filling up the DagBag from /opt/airflow/dags/prediction_features_pipeline.py
[2025-12-30T19:12:36.302+0000] {processor.py:840} INFO - DAG(s) 'match_features_pipeline' retrieved from /opt/airflow/dags/prediction_features_pipeline.py
[2025-12-30T19:12:36.323+0000] {logging_mixin.py:188} INFO - [2025-12-30T19:12:36.323+0000] {dag.py:3036} INFO - Sync 1 DAGs
[2025-12-30T19:12:36.344+0000] {logging_mixin.py:188} INFO - [2025-12-30T19:12:36.344+0000] {dag.py:3823} INFO - Setting next_dagrun for match_features_pipeline to 2025-12-29 00:00:00+00:00, run_after=2025-12-30 00:00:00+00:00
[2025-12-30T19:12:36.362+0000] {processor.py:183} INFO - Processing /opt/airflow/dags/prediction_features_pipeline.py took 0.086 seconds
[2025-12-30T19:13:06.787+0000] {processor.py:161} INFO - Started process (PID=10911) to work on /opt/airflow/dags/prediction_features_pipeline.py
[2025-12-30T19:13:06.788+0000] {processor.py:830} INFO - Processing file /opt/airflow/dags/prediction_features_pipeline.py for tasks to queue
[2025-12-30T19:13:06.789+0000] {logging_mixin.py:188} INFO - [2025-12-30T19:13:06.789+0000] {dagbag.py:538} INFO - Filling up the DagBag from /opt/airflow/dags/prediction_features_pipeline.py
[2025-12-30T19:13:06.809+0000] {processor.py:840} INFO - DAG(s) 'match_features_pipeline' retrieved from /opt/airflow/dags/prediction_features_pipeline.py
[2025-12-30T19:13:06.830+0000] {logging_mixin.py:188} INFO - [2025-12-30T19:13:06.829+0000] {dag.py:3036} INFO - Sync 1 DAGs
[2025-12-30T19:13:06.849+0000] {logging_mixin.py:188} INFO - [2025-12-30T19:13:06.849+0000] {dag.py:3823} INFO - Setting next_dagrun for match_features_pipeline to 2025-12-29 00:00:00+00:00, run_after=2025-12-30 00:00:00+00:00
[2025-12-30T19:13:06.867+0000] {processor.py:183} INFO - Processing /opt/airflow/dags/prediction_features_pipeline.py took 0.084 seconds
[2025-12-30T19:13:37.296+0000] {processor.py:161} INFO - Started process (PID=10931) to work on /opt/airflow/dags/prediction_features_pipeline.py
[2025-12-30T19:13:37.297+0000] {processor.py:830} INFO - Processing file /opt/airflow/dags/prediction_features_pipeline.py for tasks to queue
[2025-12-30T19:13:37.298+0000] {logging_mixin.py:188} INFO - [2025-12-30T19:13:37.298+0000] {dagbag.py:538} INFO - Filling up the DagBag from /opt/airflow/dags/prediction_features_pipeline.py
[2025-12-30T19:13:37.318+0000] {processor.py:840} INFO - DAG(s) 'match_features_pipeline' retrieved from /opt/airflow/dags/prediction_features_pipeline.py
[2025-12-30T19:13:37.338+0000] {logging_mixin.py:188} INFO - [2025-12-30T19:13:37.338+0000] {dag.py:3036} INFO - Sync 1 DAGs
[2025-12-30T19:13:37.360+0000] {logging_mixin.py:188} INFO - [2025-12-30T19:13:37.360+0000] {dag.py:3823} INFO - Setting next_dagrun for match_features_pipeline to 2025-12-29 00:00:00+00:00, run_after=2025-12-30 00:00:00+00:00
[2025-12-30T19:13:37.390+0000] {processor.py:183} INFO - Processing /opt/airflow/dags/prediction_features_pipeline.py took 0.097 seconds
[2025-12-30T19:14:07.820+0000] {processor.py:161} INFO - Started process (PID=10951) to work on /opt/airflow/dags/prediction_features_pipeline.py
[2025-12-30T19:14:07.822+0000] {processor.py:830} INFO - Processing file /opt/airflow/dags/prediction_features_pipeline.py for tasks to queue
[2025-12-30T19:14:07.823+0000] {logging_mixin.py:188} INFO - [2025-12-30T19:14:07.823+0000] {dagbag.py:538} INFO - Filling up the DagBag from /opt/airflow/dags/prediction_features_pipeline.py
[2025-12-30T19:14:07.844+0000] {processor.py:840} INFO - DAG(s) 'match_features_pipeline' retrieved from /opt/airflow/dags/prediction_features_pipeline.py
[2025-12-30T19:14:07.863+0000] {logging_mixin.py:188} INFO - [2025-12-30T19:14:07.863+0000] {dag.py:3036} INFO - Sync 1 DAGs
[2025-12-30T19:14:07.885+0000] {logging_mixin.py:188} INFO - [2025-12-30T19:14:07.885+0000] {dag.py:3823} INFO - Setting next_dagrun for match_features_pipeline to 2025-12-29 00:00:00+00:00, run_after=2025-12-30 00:00:00+00:00
[2025-12-30T19:14:07.915+0000] {processor.py:183} INFO - Processing /opt/airflow/dags/prediction_features_pipeline.py took 0.098 seconds
[2025-12-30T19:14:38.351+0000] {processor.py:161} INFO - Started process (PID=10971) to work on /opt/airflow/dags/prediction_features_pipeline.py
[2025-12-30T19:14:38.352+0000] {processor.py:830} INFO - Processing file /opt/airflow/dags/prediction_features_pipeline.py for tasks to queue
[2025-12-30T19:14:38.353+0000] {logging_mixin.py:188} INFO - [2025-12-30T19:14:38.353+0000] {dagbag.py:538} INFO - Filling up the DagBag from /opt/airflow/dags/prediction_features_pipeline.py
[2025-12-30T19:14:38.372+0000] {processor.py:840} INFO - DAG(s) 'match_features_pipeline' retrieved from /opt/airflow/dags/prediction_features_pipeline.py
[2025-12-30T19:14:38.393+0000] {logging_mixin.py:188} INFO - [2025-12-30T19:14:38.392+0000] {dag.py:3036} INFO - Sync 1 DAGs
[2025-12-30T19:14:38.413+0000] {logging_mixin.py:188} INFO - [2025-12-30T19:14:38.413+0000] {dag.py:3823} INFO - Setting next_dagrun for match_features_pipeline to 2025-12-29 00:00:00+00:00, run_after=2025-12-30 00:00:00+00:00
[2025-12-30T19:14:38.433+0000] {processor.py:183} INFO - Processing /opt/airflow/dags/prediction_features_pipeline.py took 0.086 seconds
[2025-12-30T19:15:08.919+0000] {processor.py:161} INFO - Started process (PID=10991) to work on /opt/airflow/dags/prediction_features_pipeline.py
[2025-12-30T19:15:08.920+0000] {processor.py:830} INFO - Processing file /opt/airflow/dags/prediction_features_pipeline.py for tasks to queue
[2025-12-30T19:15:08.921+0000] {logging_mixin.py:188} INFO - [2025-12-30T19:15:08.921+0000] {dagbag.py:538} INFO - Filling up the DagBag from /opt/airflow/dags/prediction_features_pipeline.py
[2025-12-30T19:15:08.941+0000] {processor.py:840} INFO - DAG(s) 'match_features_pipeline' retrieved from /opt/airflow/dags/prediction_features_pipeline.py
[2025-12-30T19:15:08.961+0000] {logging_mixin.py:188} INFO - [2025-12-30T19:15:08.961+0000] {dag.py:3036} INFO - Sync 1 DAGs
[2025-12-30T19:15:08.981+0000] {logging_mixin.py:188} INFO - [2025-12-30T19:15:08.981+0000] {dag.py:3823} INFO - Setting next_dagrun for match_features_pipeline to 2025-12-29 00:00:00+00:00, run_after=2025-12-30 00:00:00+00:00
[2025-12-30T19:15:09.010+0000] {processor.py:183} INFO - Processing /opt/airflow/dags/prediction_features_pipeline.py took 0.095 seconds
[2025-12-30T19:15:39.440+0000] {processor.py:161} INFO - Started process (PID=11011) to work on /opt/airflow/dags/prediction_features_pipeline.py
[2025-12-30T19:15:39.442+0000] {processor.py:830} INFO - Processing file /opt/airflow/dags/prediction_features_pipeline.py for tasks to queue
[2025-12-30T19:15:39.443+0000] {logging_mixin.py:188} INFO - [2025-12-30T19:15:39.442+0000] {dagbag.py:538} INFO - Filling up the DagBag from /opt/airflow/dags/prediction_features_pipeline.py
[2025-12-30T19:15:39.463+0000] {processor.py:840} INFO - DAG(s) 'match_features_pipeline' retrieved from /opt/airflow/dags/prediction_features_pipeline.py
[2025-12-30T19:15:39.483+0000] {logging_mixin.py:188} INFO - [2025-12-30T19:15:39.483+0000] {dag.py:3036} INFO - Sync 1 DAGs
[2025-12-30T19:15:39.504+0000] {logging_mixin.py:188} INFO - [2025-12-30T19:15:39.504+0000] {dag.py:3823} INFO - Setting next_dagrun for match_features_pipeline to 2025-12-29 00:00:00+00:00, run_after=2025-12-30 00:00:00+00:00
[2025-12-30T19:15:39.523+0000] {processor.py:183} INFO - Processing /opt/airflow/dags/prediction_features_pipeline.py took 0.086 seconds
[2025-12-30T19:16:09.952+0000] {processor.py:161} INFO - Started process (PID=11031) to work on /opt/airflow/dags/prediction_features_pipeline.py
[2025-12-30T19:16:09.953+0000] {processor.py:830} INFO - Processing file /opt/airflow/dags/prediction_features_pipeline.py for tasks to queue
[2025-12-30T19:16:09.954+0000] {logging_mixin.py:188} INFO - [2025-12-30T19:16:09.954+0000] {dagbag.py:538} INFO - Filling up the DagBag from /opt/airflow/dags/prediction_features_pipeline.py
[2025-12-30T19:16:09.974+0000] {processor.py:840} INFO - DAG(s) 'match_features_pipeline' retrieved from /opt/airflow/dags/prediction_features_pipeline.py
[2025-12-30T19:16:09.995+0000] {logging_mixin.py:188} INFO - [2025-12-30T19:16:09.995+0000] {dag.py:3036} INFO - Sync 1 DAGs
[2025-12-30T19:16:10.016+0000] {logging_mixin.py:188} INFO - [2025-12-30T19:16:10.016+0000] {dag.py:3823} INFO - Setting next_dagrun for match_features_pipeline to 2025-12-29 00:00:00+00:00, run_after=2025-12-30 00:00:00+00:00
[2025-12-30T19:16:10.035+0000] {processor.py:183} INFO - Processing /opt/airflow/dags/prediction_features_pipeline.py took 0.088 seconds
[2025-12-30T19:16:40.464+0000] {processor.py:161} INFO - Started process (PID=11051) to work on /opt/airflow/dags/prediction_features_pipeline.py
[2025-12-30T19:16:40.465+0000] {processor.py:830} INFO - Processing file /opt/airflow/dags/prediction_features_pipeline.py for tasks to queue
[2025-12-30T19:16:40.466+0000] {logging_mixin.py:188} INFO - [2025-12-30T19:16:40.466+0000] {dagbag.py:538} INFO - Filling up the DagBag from /opt/airflow/dags/prediction_features_pipeline.py
[2025-12-30T19:16:40.486+0000] {processor.py:840} INFO - DAG(s) 'match_features_pipeline' retrieved from /opt/airflow/dags/prediction_features_pipeline.py
[2025-12-30T19:16:40.507+0000] {logging_mixin.py:188} INFO - [2025-12-30T19:16:40.507+0000] {dag.py:3036} INFO - Sync 1 DAGs
[2025-12-30T19:16:40.529+0000] {logging_mixin.py:188} INFO - [2025-12-30T19:16:40.528+0000] {dag.py:3823} INFO - Setting next_dagrun for match_features_pipeline to 2025-12-29 00:00:00+00:00, run_after=2025-12-30 00:00:00+00:00
[2025-12-30T19:16:40.547+0000] {processor.py:183} INFO - Processing /opt/airflow/dags/prediction_features_pipeline.py took 0.086 seconds
[2025-12-30T19:17:10.982+0000] {processor.py:161} INFO - Started process (PID=11071) to work on /opt/airflow/dags/prediction_features_pipeline.py
[2025-12-30T19:17:10.983+0000] {processor.py:830} INFO - Processing file /opt/airflow/dags/prediction_features_pipeline.py for tasks to queue
[2025-12-30T19:17:10.984+0000] {logging_mixin.py:188} INFO - [2025-12-30T19:17:10.984+0000] {dagbag.py:538} INFO - Filling up the DagBag from /opt/airflow/dags/prediction_features_pipeline.py
[2025-12-30T19:17:11.003+0000] {processor.py:840} INFO - DAG(s) 'match_features_pipeline' retrieved from /opt/airflow/dags/prediction_features_pipeline.py
[2025-12-30T19:17:11.024+0000] {logging_mixin.py:188} INFO - [2025-12-30T19:17:11.023+0000] {dag.py:3036} INFO - Sync 1 DAGs
[2025-12-30T19:17:11.044+0000] {logging_mixin.py:188} INFO - [2025-12-30T19:17:11.044+0000] {dag.py:3823} INFO - Setting next_dagrun for match_features_pipeline to 2025-12-29 00:00:00+00:00, run_after=2025-12-30 00:00:00+00:00
[2025-12-30T19:17:11.075+0000] {processor.py:183} INFO - Processing /opt/airflow/dags/prediction_features_pipeline.py took 0.097 seconds
[2025-12-30T19:17:41.494+0000] {processor.py:161} INFO - Started process (PID=11091) to work on /opt/airflow/dags/prediction_features_pipeline.py
[2025-12-30T19:17:41.495+0000] {processor.py:830} INFO - Processing file /opt/airflow/dags/prediction_features_pipeline.py for tasks to queue
[2025-12-30T19:17:41.496+0000] {logging_mixin.py:188} INFO - [2025-12-30T19:17:41.496+0000] {dagbag.py:538} INFO - Filling up the DagBag from /opt/airflow/dags/prediction_features_pipeline.py
[2025-12-30T19:17:41.516+0000] {processor.py:840} INFO - DAG(s) 'match_features_pipeline' retrieved from /opt/airflow/dags/prediction_features_pipeline.py
[2025-12-30T19:17:41.537+0000] {logging_mixin.py:188} INFO - [2025-12-30T19:17:41.536+0000] {dag.py:3036} INFO - Sync 1 DAGs
[2025-12-30T19:17:41.559+0000] {logging_mixin.py:188} INFO - [2025-12-30T19:17:41.559+0000] {dag.py:3823} INFO - Setting next_dagrun for match_features_pipeline to 2025-12-29 00:00:00+00:00, run_after=2025-12-30 00:00:00+00:00
[2025-12-30T19:17:41.590+0000] {processor.py:183} INFO - Processing /opt/airflow/dags/prediction_features_pipeline.py took 0.099 seconds
[2025-12-30T19:18:12.024+0000] {processor.py:161} INFO - Started process (PID=11111) to work on /opt/airflow/dags/prediction_features_pipeline.py
[2025-12-30T19:18:12.025+0000] {processor.py:830} INFO - Processing file /opt/airflow/dags/prediction_features_pipeline.py for tasks to queue
[2025-12-30T19:18:12.026+0000] {logging_mixin.py:188} INFO - [2025-12-30T19:18:12.026+0000] {dagbag.py:538} INFO - Filling up the DagBag from /opt/airflow/dags/prediction_features_pipeline.py
[2025-12-30T19:18:12.046+0000] {processor.py:840} INFO - DAG(s) 'match_features_pipeline' retrieved from /opt/airflow/dags/prediction_features_pipeline.py
[2025-12-30T19:18:12.065+0000] {logging_mixin.py:188} INFO - [2025-12-30T19:18:12.065+0000] {dag.py:3036} INFO - Sync 1 DAGs
[2025-12-30T19:18:12.086+0000] {logging_mixin.py:188} INFO - [2025-12-30T19:18:12.086+0000] {dag.py:3823} INFO - Setting next_dagrun for match_features_pipeline to 2025-12-29 00:00:00+00:00, run_after=2025-12-30 00:00:00+00:00
[2025-12-30T19:18:12.103+0000] {processor.py:183} INFO - Processing /opt/airflow/dags/prediction_features_pipeline.py took 0.083 seconds
[2025-12-30T19:18:42.517+0000] {processor.py:161} INFO - Started process (PID=11131) to work on /opt/airflow/dags/prediction_features_pipeline.py
[2025-12-30T19:18:42.519+0000] {processor.py:830} INFO - Processing file /opt/airflow/dags/prediction_features_pipeline.py for tasks to queue
[2025-12-30T19:18:42.520+0000] {logging_mixin.py:188} INFO - [2025-12-30T19:18:42.519+0000] {dagbag.py:538} INFO - Filling up the DagBag from /opt/airflow/dags/prediction_features_pipeline.py
[2025-12-30T19:18:42.540+0000] {processor.py:840} INFO - DAG(s) 'match_features_pipeline' retrieved from /opt/airflow/dags/prediction_features_pipeline.py
[2025-12-30T19:18:42.560+0000] {logging_mixin.py:188} INFO - [2025-12-30T19:18:42.560+0000] {dag.py:3036} INFO - Sync 1 DAGs
[2025-12-30T19:18:42.580+0000] {logging_mixin.py:188} INFO - [2025-12-30T19:18:42.580+0000] {dag.py:3823} INFO - Setting next_dagrun for match_features_pipeline to 2025-12-29 00:00:00+00:00, run_after=2025-12-30 00:00:00+00:00
[2025-12-30T19:18:42.598+0000] {processor.py:183} INFO - Processing /opt/airflow/dags/prediction_features_pipeline.py took 0.084 seconds
[2025-12-30T19:19:13.032+0000] {processor.py:161} INFO - Started process (PID=11151) to work on /opt/airflow/dags/prediction_features_pipeline.py
[2025-12-30T19:19:13.033+0000] {processor.py:830} INFO - Processing file /opt/airflow/dags/prediction_features_pipeline.py for tasks to queue
[2025-12-30T19:19:13.034+0000] {logging_mixin.py:188} INFO - [2025-12-30T19:19:13.034+0000] {dagbag.py:538} INFO - Filling up the DagBag from /opt/airflow/dags/prediction_features_pipeline.py
[2025-12-30T19:19:13.052+0000] {processor.py:840} INFO - DAG(s) 'match_features_pipeline' retrieved from /opt/airflow/dags/prediction_features_pipeline.py
[2025-12-30T19:19:13.074+0000] {logging_mixin.py:188} INFO - [2025-12-30T19:19:13.073+0000] {dag.py:3036} INFO - Sync 1 DAGs
[2025-12-30T19:19:13.094+0000] {logging_mixin.py:188} INFO - [2025-12-30T19:19:13.094+0000] {dag.py:3823} INFO - Setting next_dagrun for match_features_pipeline to 2025-12-29 00:00:00+00:00, run_after=2025-12-30 00:00:00+00:00
[2025-12-30T19:19:13.123+0000] {processor.py:183} INFO - Processing /opt/airflow/dags/prediction_features_pipeline.py took 0.094 seconds
[2025-12-30T19:19:43.554+0000] {processor.py:161} INFO - Started process (PID=11171) to work on /opt/airflow/dags/prediction_features_pipeline.py
[2025-12-30T19:19:43.555+0000] {processor.py:830} INFO - Processing file /opt/airflow/dags/prediction_features_pipeline.py for tasks to queue
[2025-12-30T19:19:43.556+0000] {logging_mixin.py:188} INFO - [2025-12-30T19:19:43.556+0000] {dagbag.py:538} INFO - Filling up the DagBag from /opt/airflow/dags/prediction_features_pipeline.py
[2025-12-30T19:19:43.575+0000] {processor.py:840} INFO - DAG(s) 'match_features_pipeline' retrieved from /opt/airflow/dags/prediction_features_pipeline.py
[2025-12-30T19:19:43.595+0000] {logging_mixin.py:188} INFO - [2025-12-30T19:19:43.595+0000] {dag.py:3036} INFO - Sync 1 DAGs
[2025-12-30T19:19:43.617+0000] {logging_mixin.py:188} INFO - [2025-12-30T19:19:43.617+0000] {dag.py:3823} INFO - Setting next_dagrun for match_features_pipeline to 2025-12-29 00:00:00+00:00, run_after=2025-12-30 00:00:00+00:00
[2025-12-30T19:19:43.635+0000] {processor.py:183} INFO - Processing /opt/airflow/dags/prediction_features_pipeline.py took 0.085 seconds
[2025-12-30T19:20:14.141+0000] {processor.py:161} INFO - Started process (PID=11191) to work on /opt/airflow/dags/prediction_features_pipeline.py
[2025-12-30T19:20:14.143+0000] {processor.py:830} INFO - Processing file /opt/airflow/dags/prediction_features_pipeline.py for tasks to queue
[2025-12-30T19:20:14.144+0000] {logging_mixin.py:188} INFO - [2025-12-30T19:20:14.144+0000] {dagbag.py:538} INFO - Filling up the DagBag from /opt/airflow/dags/prediction_features_pipeline.py
[2025-12-30T19:20:14.165+0000] {processor.py:840} INFO - DAG(s) 'match_features_pipeline' retrieved from /opt/airflow/dags/prediction_features_pipeline.py
[2025-12-30T19:20:14.187+0000] {logging_mixin.py:188} INFO - [2025-12-30T19:20:14.186+0000] {dag.py:3036} INFO - Sync 1 DAGs
[2025-12-30T19:20:14.209+0000] {logging_mixin.py:188} INFO - [2025-12-30T19:20:14.209+0000] {dag.py:3823} INFO - Setting next_dagrun for match_features_pipeline to 2025-12-29 00:00:00+00:00, run_after=2025-12-30 00:00:00+00:00
[2025-12-30T19:20:14.227+0000] {processor.py:183} INFO - Processing /opt/airflow/dags/prediction_features_pipeline.py took 0.089 seconds
[2025-12-30T19:20:44.642+0000] {processor.py:161} INFO - Started process (PID=11211) to work on /opt/airflow/dags/prediction_features_pipeline.py
[2025-12-30T19:20:44.643+0000] {processor.py:830} INFO - Processing file /opt/airflow/dags/prediction_features_pipeline.py for tasks to queue
[2025-12-30T19:20:44.644+0000] {logging_mixin.py:188} INFO - [2025-12-30T19:20:44.644+0000] {dagbag.py:538} INFO - Filling up the DagBag from /opt/airflow/dags/prediction_features_pipeline.py
[2025-12-30T19:20:44.663+0000] {processor.py:840} INFO - DAG(s) 'match_features_pipeline' retrieved from /opt/airflow/dags/prediction_features_pipeline.py
[2025-12-30T19:20:44.684+0000] {logging_mixin.py:188} INFO - [2025-12-30T19:20:44.683+0000] {dag.py:3036} INFO - Sync 1 DAGs
[2025-12-30T19:20:44.704+0000] {logging_mixin.py:188} INFO - [2025-12-30T19:20:44.704+0000] {dag.py:3823} INFO - Setting next_dagrun for match_features_pipeline to 2025-12-29 00:00:00+00:00, run_after=2025-12-30 00:00:00+00:00
[2025-12-30T19:20:44.731+0000] {processor.py:183} INFO - Processing /opt/airflow/dags/prediction_features_pipeline.py took 0.093 seconds
[2025-12-30T19:21:15.152+0000] {processor.py:161} INFO - Started process (PID=11231) to work on /opt/airflow/dags/prediction_features_pipeline.py
[2025-12-30T19:21:15.153+0000] {processor.py:830} INFO - Processing file /opt/airflow/dags/prediction_features_pipeline.py for tasks to queue
[2025-12-30T19:21:15.155+0000] {logging_mixin.py:188} INFO - [2025-12-30T19:21:15.155+0000] {dagbag.py:538} INFO - Filling up the DagBag from /opt/airflow/dags/prediction_features_pipeline.py
[2025-12-30T19:21:15.174+0000] {processor.py:840} INFO - DAG(s) 'match_features_pipeline' retrieved from /opt/airflow/dags/prediction_features_pipeline.py
[2025-12-30T19:21:15.198+0000] {logging_mixin.py:188} INFO - [2025-12-30T19:21:15.198+0000] {dag.py:3036} INFO - Sync 1 DAGs
[2025-12-30T19:21:15.223+0000] {logging_mixin.py:188} INFO - [2025-12-30T19:21:15.223+0000] {dag.py:3823} INFO - Setting next_dagrun for match_features_pipeline to 2025-12-29 00:00:00+00:00, run_after=2025-12-30 00:00:00+00:00
[2025-12-30T19:21:15.254+0000] {processor.py:183} INFO - Processing /opt/airflow/dags/prediction_features_pipeline.py took 0.105 seconds
[2025-12-30T19:21:45.685+0000] {processor.py:161} INFO - Started process (PID=11251) to work on /opt/airflow/dags/prediction_features_pipeline.py
[2025-12-30T19:21:45.686+0000] {processor.py:830} INFO - Processing file /opt/airflow/dags/prediction_features_pipeline.py for tasks to queue
[2025-12-30T19:21:45.687+0000] {logging_mixin.py:188} INFO - [2025-12-30T19:21:45.687+0000] {dagbag.py:538} INFO - Filling up the DagBag from /opt/airflow/dags/prediction_features_pipeline.py
[2025-12-30T19:21:45.708+0000] {processor.py:840} INFO - DAG(s) 'match_features_pipeline' retrieved from /opt/airflow/dags/prediction_features_pipeline.py
[2025-12-30T19:21:45.729+0000] {logging_mixin.py:188} INFO - [2025-12-30T19:21:45.729+0000] {dag.py:3036} INFO - Sync 1 DAGs
[2025-12-30T19:21:45.753+0000] {logging_mixin.py:188} INFO - [2025-12-30T19:21:45.753+0000] {dag.py:3823} INFO - Setting next_dagrun for match_features_pipeline to 2025-12-29 00:00:00+00:00, run_after=2025-12-30 00:00:00+00:00
[2025-12-30T19:21:45.773+0000] {processor.py:183} INFO - Processing /opt/airflow/dags/prediction_features_pipeline.py took 0.093 seconds
[2025-12-30T19:22:16.217+0000] {processor.py:161} INFO - Started process (PID=11271) to work on /opt/airflow/dags/prediction_features_pipeline.py
[2025-12-30T19:22:16.218+0000] {processor.py:830} INFO - Processing file /opt/airflow/dags/prediction_features_pipeline.py for tasks to queue
[2025-12-30T19:22:16.219+0000] {logging_mixin.py:188} INFO - [2025-12-30T19:22:16.218+0000] {dagbag.py:538} INFO - Filling up the DagBag from /opt/airflow/dags/prediction_features_pipeline.py
[2025-12-30T19:22:16.238+0000] {processor.py:840} INFO - DAG(s) 'match_features_pipeline' retrieved from /opt/airflow/dags/prediction_features_pipeline.py
[2025-12-30T19:22:16.258+0000] {logging_mixin.py:188} INFO - [2025-12-30T19:22:16.258+0000] {dag.py:3036} INFO - Sync 1 DAGs
[2025-12-30T19:22:16.279+0000] {logging_mixin.py:188} INFO - [2025-12-30T19:22:16.279+0000] {dag.py:3823} INFO - Setting next_dagrun for match_features_pipeline to 2025-12-29 00:00:00+00:00, run_after=2025-12-30 00:00:00+00:00
[2025-12-30T19:22:16.300+0000] {processor.py:183} INFO - Processing /opt/airflow/dags/prediction_features_pipeline.py took 0.087 seconds
[2025-12-30T19:22:46.741+0000] {processor.py:161} INFO - Started process (PID=11291) to work on /opt/airflow/dags/prediction_features_pipeline.py
[2025-12-30T19:22:46.742+0000] {processor.py:830} INFO - Processing file /opt/airflow/dags/prediction_features_pipeline.py for tasks to queue
[2025-12-30T19:22:46.743+0000] {logging_mixin.py:188} INFO - [2025-12-30T19:22:46.743+0000] {dagbag.py:538} INFO - Filling up the DagBag from /opt/airflow/dags/prediction_features_pipeline.py
[2025-12-30T19:22:46.762+0000] {processor.py:840} INFO - DAG(s) 'match_features_pipeline' retrieved from /opt/airflow/dags/prediction_features_pipeline.py
[2025-12-30T19:22:46.786+0000] {logging_mixin.py:188} INFO - [2025-12-30T19:22:46.786+0000] {dag.py:3036} INFO - Sync 1 DAGs
[2025-12-30T19:22:46.807+0000] {logging_mixin.py:188} INFO - [2025-12-30T19:22:46.807+0000] {dag.py:3823} INFO - Setting next_dagrun for match_features_pipeline to 2025-12-29 00:00:00+00:00, run_after=2025-12-30 00:00:00+00:00
[2025-12-30T19:22:46.826+0000] {processor.py:183} INFO - Processing /opt/airflow/dags/prediction_features_pipeline.py took 0.089 seconds
[2025-12-30T19:23:17.274+0000] {processor.py:161} INFO - Started process (PID=11311) to work on /opt/airflow/dags/prediction_features_pipeline.py
[2025-12-30T19:23:17.275+0000] {processor.py:830} INFO - Processing file /opt/airflow/dags/prediction_features_pipeline.py for tasks to queue
[2025-12-30T19:23:17.276+0000] {logging_mixin.py:188} INFO - [2025-12-30T19:23:17.276+0000] {dagbag.py:538} INFO - Filling up the DagBag from /opt/airflow/dags/prediction_features_pipeline.py
[2025-12-30T19:23:17.296+0000] {processor.py:840} INFO - DAG(s) 'match_features_pipeline' retrieved from /opt/airflow/dags/prediction_features_pipeline.py
[2025-12-30T19:23:17.316+0000] {logging_mixin.py:188} INFO - [2025-12-30T19:23:17.316+0000] {dag.py:3036} INFO - Sync 1 DAGs
[2025-12-30T19:23:17.337+0000] {logging_mixin.py:188} INFO - [2025-12-30T19:23:17.337+0000] {dag.py:3823} INFO - Setting next_dagrun for match_features_pipeline to 2025-12-29 00:00:00+00:00, run_after=2025-12-30 00:00:00+00:00
[2025-12-30T19:23:17.357+0000] {processor.py:183} INFO - Processing /opt/airflow/dags/prediction_features_pipeline.py took 0.087 seconds
[2025-12-30T19:23:47.826+0000] {processor.py:161} INFO - Started process (PID=11331) to work on /opt/airflow/dags/prediction_features_pipeline.py
[2025-12-30T19:23:47.828+0000] {processor.py:830} INFO - Processing file /opt/airflow/dags/prediction_features_pipeline.py for tasks to queue
[2025-12-30T19:23:47.829+0000] {logging_mixin.py:188} INFO - [2025-12-30T19:23:47.828+0000] {dagbag.py:538} INFO - Filling up the DagBag from /opt/airflow/dags/prediction_features_pipeline.py
[2025-12-30T19:23:47.848+0000] {processor.py:840} INFO - DAG(s) 'match_features_pipeline' retrieved from /opt/airflow/dags/prediction_features_pipeline.py
[2025-12-30T19:23:47.871+0000] {logging_mixin.py:188} INFO - [2025-12-30T19:23:47.871+0000] {dag.py:3036} INFO - Sync 1 DAGs
[2025-12-30T19:23:47.892+0000] {logging_mixin.py:188} INFO - [2025-12-30T19:23:47.892+0000] {dag.py:3823} INFO - Setting next_dagrun for match_features_pipeline to 2025-12-29 00:00:00+00:00, run_after=2025-12-30 00:00:00+00:00
[2025-12-30T19:23:47.915+0000] {processor.py:183} INFO - Processing /opt/airflow/dags/prediction_features_pipeline.py took 0.092 seconds
[2025-12-30T19:24:18.343+0000] {processor.py:161} INFO - Started process (PID=11351) to work on /opt/airflow/dags/prediction_features_pipeline.py
[2025-12-30T19:24:18.344+0000] {processor.py:830} INFO - Processing file /opt/airflow/dags/prediction_features_pipeline.py for tasks to queue
[2025-12-30T19:24:18.345+0000] {logging_mixin.py:188} INFO - [2025-12-30T19:24:18.344+0000] {dagbag.py:538} INFO - Filling up the DagBag from /opt/airflow/dags/prediction_features_pipeline.py
[2025-12-30T19:24:18.364+0000] {processor.py:840} INFO - DAG(s) 'match_features_pipeline' retrieved from /opt/airflow/dags/prediction_features_pipeline.py
[2025-12-30T19:24:18.386+0000] {logging_mixin.py:188} INFO - [2025-12-30T19:24:18.386+0000] {dag.py:3036} INFO - Sync 1 DAGs
[2025-12-30T19:24:18.406+0000] {logging_mixin.py:188} INFO - [2025-12-30T19:24:18.405+0000] {dag.py:3823} INFO - Setting next_dagrun for match_features_pipeline to 2025-12-29 00:00:00+00:00, run_after=2025-12-30 00:00:00+00:00
[2025-12-30T19:24:18.436+0000] {processor.py:183} INFO - Processing /opt/airflow/dags/prediction_features_pipeline.py took 0.097 seconds
[2025-12-30T19:24:48.857+0000] {processor.py:161} INFO - Started process (PID=11371) to work on /opt/airflow/dags/prediction_features_pipeline.py
[2025-12-30T19:24:48.858+0000] {processor.py:830} INFO - Processing file /opt/airflow/dags/prediction_features_pipeline.py for tasks to queue
[2025-12-30T19:24:48.859+0000] {logging_mixin.py:188} INFO - [2025-12-30T19:24:48.859+0000] {dagbag.py:538} INFO - Filling up the DagBag from /opt/airflow/dags/prediction_features_pipeline.py
[2025-12-30T19:24:48.879+0000] {processor.py:840} INFO - DAG(s) 'match_features_pipeline' retrieved from /opt/airflow/dags/prediction_features_pipeline.py
[2025-12-30T19:24:48.901+0000] {logging_mixin.py:188} INFO - [2025-12-30T19:24:48.900+0000] {dag.py:3036} INFO - Sync 1 DAGs
[2025-12-30T19:24:48.923+0000] {logging_mixin.py:188} INFO - [2025-12-30T19:24:48.923+0000] {dag.py:3823} INFO - Setting next_dagrun for match_features_pipeline to 2025-12-29 00:00:00+00:00, run_after=2025-12-30 00:00:00+00:00
[2025-12-30T19:24:48.941+0000] {processor.py:183} INFO - Processing /opt/airflow/dags/prediction_features_pipeline.py took 0.087 seconds
[2025-12-30T19:25:19.432+0000] {processor.py:161} INFO - Started process (PID=11391) to work on /opt/airflow/dags/prediction_features_pipeline.py
[2025-12-30T19:25:19.433+0000] {processor.py:830} INFO - Processing file /opt/airflow/dags/prediction_features_pipeline.py for tasks to queue
[2025-12-30T19:25:19.434+0000] {logging_mixin.py:188} INFO - [2025-12-30T19:25:19.434+0000] {dagbag.py:538} INFO - Filling up the DagBag from /opt/airflow/dags/prediction_features_pipeline.py
[2025-12-30T19:25:19.453+0000] {processor.py:840} INFO - DAG(s) 'match_features_pipeline' retrieved from /opt/airflow/dags/prediction_features_pipeline.py
[2025-12-30T19:25:19.473+0000] {logging_mixin.py:188} INFO - [2025-12-30T19:25:19.473+0000] {dag.py:3036} INFO - Sync 1 DAGs
[2025-12-30T19:25:19.494+0000] {logging_mixin.py:188} INFO - [2025-12-30T19:25:19.494+0000] {dag.py:3823} INFO - Setting next_dagrun for match_features_pipeline to 2025-12-29 00:00:00+00:00, run_after=2025-12-30 00:00:00+00:00
[2025-12-30T19:25:19.512+0000] {processor.py:183} INFO - Processing /opt/airflow/dags/prediction_features_pipeline.py took 0.084 seconds
[2025-12-30T19:25:49.940+0000] {processor.py:161} INFO - Started process (PID=11411) to work on /opt/airflow/dags/prediction_features_pipeline.py
[2025-12-30T19:25:49.941+0000] {processor.py:830} INFO - Processing file /opt/airflow/dags/prediction_features_pipeline.py for tasks to queue
[2025-12-30T19:25:49.942+0000] {logging_mixin.py:188} INFO - [2025-12-30T19:25:49.942+0000] {dagbag.py:538} INFO - Filling up the DagBag from /opt/airflow/dags/prediction_features_pipeline.py
[2025-12-30T19:25:49.962+0000] {processor.py:840} INFO - DAG(s) 'match_features_pipeline' retrieved from /opt/airflow/dags/prediction_features_pipeline.py
[2025-12-30T19:25:49.984+0000] {logging_mixin.py:188} INFO - [2025-12-30T19:25:49.984+0000] {dag.py:3036} INFO - Sync 1 DAGs
[2025-12-30T19:25:50.004+0000] {logging_mixin.py:188} INFO - [2025-12-30T19:25:50.004+0000] {dag.py:3823} INFO - Setting next_dagrun for match_features_pipeline to 2025-12-29 00:00:00+00:00, run_after=2025-12-30 00:00:00+00:00
[2025-12-30T19:25:50.023+0000] {processor.py:183} INFO - Processing /opt/airflow/dags/prediction_features_pipeline.py took 0.087 seconds
[2025-12-30T19:26:20.445+0000] {processor.py:161} INFO - Started process (PID=11431) to work on /opt/airflow/dags/prediction_features_pipeline.py
[2025-12-30T19:26:20.446+0000] {processor.py:830} INFO - Processing file /opt/airflow/dags/prediction_features_pipeline.py for tasks to queue
[2025-12-30T19:26:20.447+0000] {logging_mixin.py:188} INFO - [2025-12-30T19:26:20.447+0000] {dagbag.py:538} INFO - Filling up the DagBag from /opt/airflow/dags/prediction_features_pipeline.py
[2025-12-30T19:26:20.467+0000] {processor.py:840} INFO - DAG(s) 'match_features_pipeline' retrieved from /opt/airflow/dags/prediction_features_pipeline.py
[2025-12-30T19:26:20.488+0000] {logging_mixin.py:188} INFO - [2025-12-30T19:26:20.487+0000] {dag.py:3036} INFO - Sync 1 DAGs
[2025-12-30T19:26:20.509+0000] {logging_mixin.py:188} INFO - [2025-12-30T19:26:20.509+0000] {dag.py:3823} INFO - Setting next_dagrun for match_features_pipeline to 2025-12-29 00:00:00+00:00, run_after=2025-12-30 00:00:00+00:00
[2025-12-30T19:26:20.537+0000] {processor.py:183} INFO - Processing /opt/airflow/dags/prediction_features_pipeline.py took 0.096 seconds
[2025-12-30T19:26:50.973+0000] {processor.py:161} INFO - Started process (PID=11451) to work on /opt/airflow/dags/prediction_features_pipeline.py
[2025-12-30T19:26:50.974+0000] {processor.py:830} INFO - Processing file /opt/airflow/dags/prediction_features_pipeline.py for tasks to queue
[2025-12-30T19:26:50.975+0000] {logging_mixin.py:188} INFO - [2025-12-30T19:26:50.974+0000] {dagbag.py:538} INFO - Filling up the DagBag from /opt/airflow/dags/prediction_features_pipeline.py
[2025-12-30T19:26:50.996+0000] {processor.py:840} INFO - DAG(s) 'match_features_pipeline' retrieved from /opt/airflow/dags/prediction_features_pipeline.py
[2025-12-30T19:26:51.018+0000] {logging_mixin.py:188} INFO - [2025-12-30T19:26:51.017+0000] {dag.py:3036} INFO - Sync 1 DAGs
[2025-12-30T19:26:51.037+0000] {logging_mixin.py:188} INFO - [2025-12-30T19:26:51.037+0000] {dag.py:3823} INFO - Setting next_dagrun for match_features_pipeline to 2025-12-29 00:00:00+00:00, run_after=2025-12-30 00:00:00+00:00
[2025-12-30T19:26:51.055+0000] {processor.py:183} INFO - Processing /opt/airflow/dags/prediction_features_pipeline.py took 0.086 seconds
[2025-12-30T19:27:21.484+0000] {processor.py:161} INFO - Started process (PID=11471) to work on /opt/airflow/dags/prediction_features_pipeline.py
[2025-12-30T19:27:21.485+0000] {processor.py:830} INFO - Processing file /opt/airflow/dags/prediction_features_pipeline.py for tasks to queue
[2025-12-30T19:27:21.487+0000] {logging_mixin.py:188} INFO - [2025-12-30T19:27:21.486+0000] {dagbag.py:538} INFO - Filling up the DagBag from /opt/airflow/dags/prediction_features_pipeline.py
[2025-12-30T19:27:21.506+0000] {processor.py:840} INFO - DAG(s) 'match_features_pipeline' retrieved from /opt/airflow/dags/prediction_features_pipeline.py
[2025-12-30T19:27:21.527+0000] {logging_mixin.py:188} INFO - [2025-12-30T19:27:21.526+0000] {dag.py:3036} INFO - Sync 1 DAGs
[2025-12-30T19:27:21.547+0000] {logging_mixin.py:188} INFO - [2025-12-30T19:27:21.547+0000] {dag.py:3823} INFO - Setting next_dagrun for match_features_pipeline to 2025-12-29 00:00:00+00:00, run_after=2025-12-30 00:00:00+00:00
[2025-12-30T19:27:21.565+0000] {processor.py:183} INFO - Processing /opt/airflow/dags/prediction_features_pipeline.py took 0.085 seconds
[2025-12-30T19:27:52.005+0000] {processor.py:161} INFO - Started process (PID=11491) to work on /opt/airflow/dags/prediction_features_pipeline.py
[2025-12-30T19:27:52.006+0000] {processor.py:830} INFO - Processing file /opt/airflow/dags/prediction_features_pipeline.py for tasks to queue
[2025-12-30T19:27:52.007+0000] {logging_mixin.py:188} INFO - [2025-12-30T19:27:52.007+0000] {dagbag.py:538} INFO - Filling up the DagBag from /opt/airflow/dags/prediction_features_pipeline.py
[2025-12-30T19:27:52.027+0000] {processor.py:840} INFO - DAG(s) 'match_features_pipeline' retrieved from /opt/airflow/dags/prediction_features_pipeline.py
[2025-12-30T19:27:52.048+0000] {logging_mixin.py:188} INFO - [2025-12-30T19:27:52.048+0000] {dag.py:3036} INFO - Sync 1 DAGs
[2025-12-30T19:27:52.072+0000] {logging_mixin.py:188} INFO - [2025-12-30T19:27:52.071+0000] {dag.py:3823} INFO - Setting next_dagrun for match_features_pipeline to 2025-12-29 00:00:00+00:00, run_after=2025-12-30 00:00:00+00:00
[2025-12-30T19:27:52.103+0000] {processor.py:183} INFO - Processing /opt/airflow/dags/prediction_features_pipeline.py took 0.102 seconds
[2025-12-30T19:28:22.529+0000] {processor.py:161} INFO - Started process (PID=11511) to work on /opt/airflow/dags/prediction_features_pipeline.py
[2025-12-30T19:28:22.531+0000] {processor.py:830} INFO - Processing file /opt/airflow/dags/prediction_features_pipeline.py for tasks to queue
[2025-12-30T19:28:22.532+0000] {logging_mixin.py:188} INFO - [2025-12-30T19:28:22.531+0000] {dagbag.py:538} INFO - Filling up the DagBag from /opt/airflow/dags/prediction_features_pipeline.py
[2025-12-30T19:28:22.551+0000] {processor.py:840} INFO - DAG(s) 'match_features_pipeline' retrieved from /opt/airflow/dags/prediction_features_pipeline.py
[2025-12-30T19:28:22.572+0000] {logging_mixin.py:188} INFO - [2025-12-30T19:28:22.572+0000] {dag.py:3036} INFO - Sync 1 DAGs
[2025-12-30T19:28:22.592+0000] {logging_mixin.py:188} INFO - [2025-12-30T19:28:22.592+0000] {dag.py:3823} INFO - Setting next_dagrun for match_features_pipeline to 2025-12-29 00:00:00+00:00, run_after=2025-12-30 00:00:00+00:00
[2025-12-30T19:28:22.611+0000] {processor.py:183} INFO - Processing /opt/airflow/dags/prediction_features_pipeline.py took 0.085 seconds
[2025-12-30T19:28:53.048+0000] {processor.py:161} INFO - Started process (PID=11531) to work on /opt/airflow/dags/prediction_features_pipeline.py
[2025-12-30T19:28:53.049+0000] {processor.py:830} INFO - Processing file /opt/airflow/dags/prediction_features_pipeline.py for tasks to queue
[2025-12-30T19:28:53.051+0000] {logging_mixin.py:188} INFO - [2025-12-30T19:28:53.050+0000] {dagbag.py:538} INFO - Filling up the DagBag from /opt/airflow/dags/prediction_features_pipeline.py
[2025-12-30T19:28:53.072+0000] {processor.py:840} INFO - DAG(s) 'match_features_pipeline' retrieved from /opt/airflow/dags/prediction_features_pipeline.py
[2025-12-30T19:28:53.094+0000] {logging_mixin.py:188} INFO - [2025-12-30T19:28:53.094+0000] {dag.py:3036} INFO - Sync 1 DAGs
[2025-12-30T19:28:53.117+0000] {logging_mixin.py:188} INFO - [2025-12-30T19:28:53.116+0000] {dag.py:3823} INFO - Setting next_dagrun for match_features_pipeline to 2025-12-29 00:00:00+00:00, run_after=2025-12-30 00:00:00+00:00
[2025-12-30T19:28:53.136+0000] {processor.py:183} INFO - Processing /opt/airflow/dags/prediction_features_pipeline.py took 0.092 seconds
[2025-12-30T19:29:23.567+0000] {processor.py:161} INFO - Started process (PID=11551) to work on /opt/airflow/dags/prediction_features_pipeline.py
[2025-12-30T19:29:23.568+0000] {processor.py:830} INFO - Processing file /opt/airflow/dags/prediction_features_pipeline.py for tasks to queue
[2025-12-30T19:29:23.569+0000] {logging_mixin.py:188} INFO - [2025-12-30T19:29:23.569+0000] {dagbag.py:538} INFO - Filling up the DagBag from /opt/airflow/dags/prediction_features_pipeline.py
[2025-12-30T19:29:23.589+0000] {processor.py:840} INFO - DAG(s) 'match_features_pipeline' retrieved from /opt/airflow/dags/prediction_features_pipeline.py
[2025-12-30T19:29:23.609+0000] {logging_mixin.py:188} INFO - [2025-12-30T19:29:23.609+0000] {dag.py:3036} INFO - Sync 1 DAGs
[2025-12-30T19:29:23.630+0000] {logging_mixin.py:188} INFO - [2025-12-30T19:29:23.629+0000] {dag.py:3823} INFO - Setting next_dagrun for match_features_pipeline to 2025-12-29 00:00:00+00:00, run_after=2025-12-30 00:00:00+00:00
[2025-12-30T19:29:23.658+0000] {processor.py:183} INFO - Processing /opt/airflow/dags/prediction_features_pipeline.py took 0.094 seconds
[2025-12-30T19:29:54.075+0000] {processor.py:161} INFO - Started process (PID=11571) to work on /opt/airflow/dags/prediction_features_pipeline.py
[2025-12-30T19:29:54.077+0000] {processor.py:830} INFO - Processing file /opt/airflow/dags/prediction_features_pipeline.py for tasks to queue
[2025-12-30T19:29:54.078+0000] {logging_mixin.py:188} INFO - [2025-12-30T19:29:54.077+0000] {dagbag.py:538} INFO - Filling up the DagBag from /opt/airflow/dags/prediction_features_pipeline.py
[2025-12-30T19:29:54.097+0000] {processor.py:840} INFO - DAG(s) 'match_features_pipeline' retrieved from /opt/airflow/dags/prediction_features_pipeline.py
[2025-12-30T19:29:54.118+0000] {logging_mixin.py:188} INFO - [2025-12-30T19:29:54.117+0000] {dag.py:3036} INFO - Sync 1 DAGs
[2025-12-30T19:29:54.139+0000] {logging_mixin.py:188} INFO - [2025-12-30T19:29:54.139+0000] {dag.py:3823} INFO - Setting next_dagrun for match_features_pipeline to 2025-12-29 00:00:00+00:00, run_after=2025-12-30 00:00:00+00:00
[2025-12-30T19:29:54.158+0000] {processor.py:183} INFO - Processing /opt/airflow/dags/prediction_features_pipeline.py took 0.087 seconds
[2025-12-30T19:30:24.652+0000] {processor.py:161} INFO - Started process (PID=11591) to work on /opt/airflow/dags/prediction_features_pipeline.py
[2025-12-30T19:30:24.653+0000] {processor.py:830} INFO - Processing file /opt/airflow/dags/prediction_features_pipeline.py for tasks to queue
[2025-12-30T19:30:24.654+0000] {logging_mixin.py:188} INFO - [2025-12-30T19:30:24.653+0000] {dagbag.py:538} INFO - Filling up the DagBag from /opt/airflow/dags/prediction_features_pipeline.py
[2025-12-30T19:30:24.673+0000] {processor.py:840} INFO - DAG(s) 'match_features_pipeline' retrieved from /opt/airflow/dags/prediction_features_pipeline.py
[2025-12-30T19:30:24.693+0000] {logging_mixin.py:188} INFO - [2025-12-30T19:30:24.693+0000] {dag.py:3036} INFO - Sync 1 DAGs
[2025-12-30T19:30:24.714+0000] {logging_mixin.py:188} INFO - [2025-12-30T19:30:24.714+0000] {dag.py:3823} INFO - Setting next_dagrun for match_features_pipeline to 2025-12-29 00:00:00+00:00, run_after=2025-12-30 00:00:00+00:00
[2025-12-30T19:30:24.744+0000] {processor.py:183} INFO - Processing /opt/airflow/dags/prediction_features_pipeline.py took 0.095 seconds
[2025-12-30T19:30:55.175+0000] {processor.py:161} INFO - Started process (PID=11611) to work on /opt/airflow/dags/prediction_features_pipeline.py
[2025-12-30T19:30:55.176+0000] {processor.py:830} INFO - Processing file /opt/airflow/dags/prediction_features_pipeline.py for tasks to queue
[2025-12-30T19:30:55.177+0000] {logging_mixin.py:188} INFO - [2025-12-30T19:30:55.177+0000] {dagbag.py:538} INFO - Filling up the DagBag from /opt/airflow/dags/prediction_features_pipeline.py
[2025-12-30T19:30:55.199+0000] {processor.py:840} INFO - DAG(s) 'match_features_pipeline' retrieved from /opt/airflow/dags/prediction_features_pipeline.py
[2025-12-30T19:30:55.226+0000] {logging_mixin.py:188} INFO - [2025-12-30T19:30:55.225+0000] {dag.py:3036} INFO - Sync 1 DAGs
[2025-12-30T19:30:55.248+0000] {logging_mixin.py:188} INFO - [2025-12-30T19:30:55.248+0000] {dag.py:3823} INFO - Setting next_dagrun for match_features_pipeline to 2025-12-29 00:00:00+00:00, run_after=2025-12-30 00:00:00+00:00
[2025-12-30T19:30:55.278+0000] {processor.py:183} INFO - Processing /opt/airflow/dags/prediction_features_pipeline.py took 0.106 seconds
[2025-12-30T19:31:25.692+0000] {processor.py:161} INFO - Started process (PID=11631) to work on /opt/airflow/dags/prediction_features_pipeline.py
[2025-12-30T19:31:25.694+0000] {processor.py:830} INFO - Processing file /opt/airflow/dags/prediction_features_pipeline.py for tasks to queue
[2025-12-30T19:31:25.695+0000] {logging_mixin.py:188} INFO - [2025-12-30T19:31:25.694+0000] {dagbag.py:538} INFO - Filling up the DagBag from /opt/airflow/dags/prediction_features_pipeline.py
[2025-12-30T19:31:25.715+0000] {processor.py:840} INFO - DAG(s) 'match_features_pipeline' retrieved from /opt/airflow/dags/prediction_features_pipeline.py
[2025-12-30T19:31:25.735+0000] {logging_mixin.py:188} INFO - [2025-12-30T19:31:25.735+0000] {dag.py:3036} INFO - Sync 1 DAGs
[2025-12-30T19:31:25.757+0000] {logging_mixin.py:188} INFO - [2025-12-30T19:31:25.757+0000] {dag.py:3823} INFO - Setting next_dagrun for match_features_pipeline to 2025-12-29 00:00:00+00:00, run_after=2025-12-30 00:00:00+00:00
[2025-12-30T19:31:25.776+0000] {processor.py:183} INFO - Processing /opt/airflow/dags/prediction_features_pipeline.py took 0.087 seconds
[2025-12-30T19:31:56.196+0000] {processor.py:161} INFO - Started process (PID=11651) to work on /opt/airflow/dags/prediction_features_pipeline.py
[2025-12-30T19:31:56.198+0000] {processor.py:830} INFO - Processing file /opt/airflow/dags/prediction_features_pipeline.py for tasks to queue
[2025-12-30T19:31:56.199+0000] {logging_mixin.py:188} INFO - [2025-12-30T19:31:56.199+0000] {dagbag.py:538} INFO - Filling up the DagBag from /opt/airflow/dags/prediction_features_pipeline.py
[2025-12-30T19:31:56.219+0000] {processor.py:840} INFO - DAG(s) 'match_features_pipeline' retrieved from /opt/airflow/dags/prediction_features_pipeline.py
[2025-12-30T19:31:56.240+0000] {logging_mixin.py:188} INFO - [2025-12-30T19:31:56.240+0000] {dag.py:3036} INFO - Sync 1 DAGs
[2025-12-30T19:31:56.262+0000] {logging_mixin.py:188} INFO - [2025-12-30T19:31:56.262+0000] {dag.py:3823} INFO - Setting next_dagrun for match_features_pipeline to 2025-12-29 00:00:00+00:00, run_after=2025-12-30 00:00:00+00:00
[2025-12-30T19:31:56.284+0000] {processor.py:183} INFO - Processing /opt/airflow/dags/prediction_features_pipeline.py took 0.091 seconds
[2025-12-30T19:32:26.706+0000] {processor.py:161} INFO - Started process (PID=11671) to work on /opt/airflow/dags/prediction_features_pipeline.py
[2025-12-30T19:32:26.708+0000] {processor.py:830} INFO - Processing file /opt/airflow/dags/prediction_features_pipeline.py for tasks to queue
[2025-12-30T19:32:26.709+0000] {logging_mixin.py:188} INFO - [2025-12-30T19:32:26.709+0000] {dagbag.py:538} INFO - Filling up the DagBag from /opt/airflow/dags/prediction_features_pipeline.py
[2025-12-30T19:32:26.729+0000] {processor.py:840} INFO - DAG(s) 'match_features_pipeline' retrieved from /opt/airflow/dags/prediction_features_pipeline.py
[2025-12-30T19:32:26.750+0000] {logging_mixin.py:188} INFO - [2025-12-30T19:32:26.749+0000] {dag.py:3036} INFO - Sync 1 DAGs
[2025-12-30T19:32:26.772+0000] {logging_mixin.py:188} INFO - [2025-12-30T19:32:26.772+0000] {dag.py:3823} INFO - Setting next_dagrun for match_features_pipeline to 2025-12-29 00:00:00+00:00, run_after=2025-12-30 00:00:00+00:00
[2025-12-30T19:32:26.799+0000] {processor.py:183} INFO - Processing /opt/airflow/dags/prediction_features_pipeline.py took 0.096 seconds
[2025-12-30T19:32:57.222+0000] {processor.py:161} INFO - Started process (PID=11691) to work on /opt/airflow/dags/prediction_features_pipeline.py
[2025-12-30T19:32:57.224+0000] {processor.py:830} INFO - Processing file /opt/airflow/dags/prediction_features_pipeline.py for tasks to queue
[2025-12-30T19:32:57.225+0000] {logging_mixin.py:188} INFO - [2025-12-30T19:32:57.224+0000] {dagbag.py:538} INFO - Filling up the DagBag from /opt/airflow/dags/prediction_features_pipeline.py
[2025-12-30T19:32:57.244+0000] {processor.py:840} INFO - DAG(s) 'match_features_pipeline' retrieved from /opt/airflow/dags/prediction_features_pipeline.py
[2025-12-30T19:32:57.264+0000] {logging_mixin.py:188} INFO - [2025-12-30T19:32:57.264+0000] {dag.py:3036} INFO - Sync 1 DAGs
[2025-12-30T19:32:57.287+0000] {logging_mixin.py:188} INFO - [2025-12-30T19:32:57.287+0000] {dag.py:3823} INFO - Setting next_dagrun for match_features_pipeline to 2025-12-29 00:00:00+00:00, run_after=2025-12-30 00:00:00+00:00
[2025-12-30T19:32:57.307+0000] {processor.py:183} INFO - Processing /opt/airflow/dags/prediction_features_pipeline.py took 0.089 seconds
[2025-12-30T19:33:27.716+0000] {processor.py:161} INFO - Started process (PID=11711) to work on /opt/airflow/dags/prediction_features_pipeline.py
[2025-12-30T19:33:27.718+0000] {processor.py:830} INFO - Processing file /opt/airflow/dags/prediction_features_pipeline.py for tasks to queue
[2025-12-30T19:33:27.719+0000] {logging_mixin.py:188} INFO - [2025-12-30T19:33:27.719+0000] {dagbag.py:538} INFO - Filling up the DagBag from /opt/airflow/dags/prediction_features_pipeline.py
[2025-12-30T19:33:27.738+0000] {processor.py:840} INFO - DAG(s) 'match_features_pipeline' retrieved from /opt/airflow/dags/prediction_features_pipeline.py
[2025-12-30T19:33:27.760+0000] {logging_mixin.py:188} INFO - [2025-12-30T19:33:27.760+0000] {dag.py:3036} INFO - Sync 1 DAGs
[2025-12-30T19:33:27.782+0000] {logging_mixin.py:188} INFO - [2025-12-30T19:33:27.782+0000] {dag.py:3823} INFO - Setting next_dagrun for match_features_pipeline to 2025-12-29 00:00:00+00:00, run_after=2025-12-30 00:00:00+00:00
[2025-12-30T19:33:27.811+0000] {processor.py:183} INFO - Processing /opt/airflow/dags/prediction_features_pipeline.py took 0.098 seconds
[2025-12-30T19:33:58.229+0000] {processor.py:161} INFO - Started process (PID=11731) to work on /opt/airflow/dags/prediction_features_pipeline.py
[2025-12-30T19:33:58.230+0000] {processor.py:830} INFO - Processing file /opt/airflow/dags/prediction_features_pipeline.py for tasks to queue
[2025-12-30T19:33:58.232+0000] {logging_mixin.py:188} INFO - [2025-12-30T19:33:58.231+0000] {dagbag.py:538} INFO - Filling up the DagBag from /opt/airflow/dags/prediction_features_pipeline.py
[2025-12-30T19:33:58.252+0000] {processor.py:840} INFO - DAG(s) 'match_features_pipeline' retrieved from /opt/airflow/dags/prediction_features_pipeline.py
[2025-12-30T19:33:58.273+0000] {logging_mixin.py:188} INFO - [2025-12-30T19:33:58.273+0000] {dag.py:3036} INFO - Sync 1 DAGs
[2025-12-30T19:33:58.295+0000] {logging_mixin.py:188} INFO - [2025-12-30T19:33:58.294+0000] {dag.py:3823} INFO - Setting next_dagrun for match_features_pipeline to 2025-12-29 00:00:00+00:00, run_after=2025-12-30 00:00:00+00:00
[2025-12-30T19:33:58.314+0000] {processor.py:183} INFO - Processing /opt/airflow/dags/prediction_features_pipeline.py took 0.088 seconds
[2025-12-30T19:34:28.732+0000] {processor.py:161} INFO - Started process (PID=11751) to work on /opt/airflow/dags/prediction_features_pipeline.py
[2025-12-30T19:34:28.733+0000] {processor.py:830} INFO - Processing file /opt/airflow/dags/prediction_features_pipeline.py for tasks to queue
[2025-12-30T19:34:28.734+0000] {logging_mixin.py:188} INFO - [2025-12-30T19:34:28.734+0000] {dagbag.py:538} INFO - Filling up the DagBag from /opt/airflow/dags/prediction_features_pipeline.py
[2025-12-30T19:34:28.755+0000] {processor.py:840} INFO - DAG(s) 'match_features_pipeline' retrieved from /opt/airflow/dags/prediction_features_pipeline.py
[2025-12-30T19:34:28.778+0000] {logging_mixin.py:188} INFO - [2025-12-30T19:34:28.778+0000] {dag.py:3036} INFO - Sync 1 DAGs
[2025-12-30T19:34:28.801+0000] {logging_mixin.py:188} INFO - [2025-12-30T19:34:28.801+0000] {dag.py:3823} INFO - Setting next_dagrun for match_features_pipeline to 2025-12-29 00:00:00+00:00, run_after=2025-12-30 00:00:00+00:00
[2025-12-30T19:34:28.832+0000] {processor.py:183} INFO - Processing /opt/airflow/dags/prediction_features_pipeline.py took 0.104 seconds
[2025-12-30T19:34:59.269+0000] {processor.py:161} INFO - Started process (PID=11771) to work on /opt/airflow/dags/prediction_features_pipeline.py
[2025-12-30T19:34:59.271+0000] {processor.py:830} INFO - Processing file /opt/airflow/dags/prediction_features_pipeline.py for tasks to queue
[2025-12-30T19:34:59.272+0000] {logging_mixin.py:188} INFO - [2025-12-30T19:34:59.271+0000] {dagbag.py:538} INFO - Filling up the DagBag from /opt/airflow/dags/prediction_features_pipeline.py
[2025-12-30T19:34:59.293+0000] {processor.py:840} INFO - DAG(s) 'match_features_pipeline' retrieved from /opt/airflow/dags/prediction_features_pipeline.py
[2025-12-30T19:34:59.313+0000] {logging_mixin.py:188} INFO - [2025-12-30T19:34:59.313+0000] {dag.py:3036} INFO - Sync 1 DAGs
[2025-12-30T19:34:59.335+0000] {logging_mixin.py:188} INFO - [2025-12-30T19:34:59.335+0000] {dag.py:3823} INFO - Setting next_dagrun for match_features_pipeline to 2025-12-29 00:00:00+00:00, run_after=2025-12-30 00:00:00+00:00
[2025-12-30T19:34:59.364+0000] {processor.py:183} INFO - Processing /opt/airflow/dags/prediction_features_pipeline.py took 0.099 seconds
[2025-12-30T19:35:29.871+0000] {processor.py:161} INFO - Started process (PID=11791) to work on /opt/airflow/dags/prediction_features_pipeline.py
[2025-12-30T19:35:29.873+0000] {processor.py:830} INFO - Processing file /opt/airflow/dags/prediction_features_pipeline.py for tasks to queue
[2025-12-30T19:35:29.874+0000] {logging_mixin.py:188} INFO - [2025-12-30T19:35:29.873+0000] {dagbag.py:538} INFO - Filling up the DagBag from /opt/airflow/dags/prediction_features_pipeline.py
[2025-12-30T19:35:29.894+0000] {processor.py:840} INFO - DAG(s) 'match_features_pipeline' retrieved from /opt/airflow/dags/prediction_features_pipeline.py
[2025-12-30T19:35:29.917+0000] {logging_mixin.py:188} INFO - [2025-12-30T19:35:29.917+0000] {dag.py:3036} INFO - Sync 1 DAGs
[2025-12-30T19:35:29.939+0000] {logging_mixin.py:188} INFO - [2025-12-30T19:35:29.939+0000] {dag.py:3823} INFO - Setting next_dagrun for match_features_pipeline to 2025-12-29 00:00:00+00:00, run_after=2025-12-30 00:00:00+00:00
[2025-12-30T19:35:29.970+0000] {processor.py:183} INFO - Processing /opt/airflow/dags/prediction_features_pipeline.py took 0.103 seconds
[2025-12-30T19:36:00.409+0000] {processor.py:161} INFO - Started process (PID=11811) to work on /opt/airflow/dags/prediction_features_pipeline.py
[2025-12-30T19:36:00.410+0000] {processor.py:830} INFO - Processing file /opt/airflow/dags/prediction_features_pipeline.py for tasks to queue
[2025-12-30T19:36:00.411+0000] {logging_mixin.py:188} INFO - [2025-12-30T19:36:00.411+0000] {dagbag.py:538} INFO - Filling up the DagBag from /opt/airflow/dags/prediction_features_pipeline.py
[2025-12-30T19:36:00.432+0000] {processor.py:840} INFO - DAG(s) 'match_features_pipeline' retrieved from /opt/airflow/dags/prediction_features_pipeline.py
[2025-12-30T19:36:00.454+0000] {logging_mixin.py:188} INFO - [2025-12-30T19:36:00.454+0000] {dag.py:3036} INFO - Sync 1 DAGs
[2025-12-30T19:36:00.476+0000] {logging_mixin.py:188} INFO - [2025-12-30T19:36:00.476+0000] {dag.py:3823} INFO - Setting next_dagrun for match_features_pipeline to 2025-12-29 00:00:00+00:00, run_after=2025-12-30 00:00:00+00:00
[2025-12-30T19:36:00.506+0000] {processor.py:183} INFO - Processing /opt/airflow/dags/prediction_features_pipeline.py took 0.101 seconds
[2025-12-30T19:36:30.934+0000] {processor.py:161} INFO - Started process (PID=11831) to work on /opt/airflow/dags/prediction_features_pipeline.py
[2025-12-30T19:36:30.936+0000] {processor.py:830} INFO - Processing file /opt/airflow/dags/prediction_features_pipeline.py for tasks to queue
[2025-12-30T19:36:30.937+0000] {logging_mixin.py:188} INFO - [2025-12-30T19:36:30.936+0000] {dagbag.py:538} INFO - Filling up the DagBag from /opt/airflow/dags/prediction_features_pipeline.py
[2025-12-30T19:36:30.957+0000] {processor.py:840} INFO - DAG(s) 'match_features_pipeline' retrieved from /opt/airflow/dags/prediction_features_pipeline.py
[2025-12-30T19:36:30.979+0000] {logging_mixin.py:188} INFO - [2025-12-30T19:36:30.978+0000] {dag.py:3036} INFO - Sync 1 DAGs
[2025-12-30T19:36:31.000+0000] {logging_mixin.py:188} INFO - [2025-12-30T19:36:31.000+0000] {dag.py:3823} INFO - Setting next_dagrun for match_features_pipeline to 2025-12-29 00:00:00+00:00, run_after=2025-12-30 00:00:00+00:00
[2025-12-30T19:36:31.030+0000] {processor.py:183} INFO - Processing /opt/airflow/dags/prediction_features_pipeline.py took 0.099 seconds
[2025-12-30T19:37:01.456+0000] {processor.py:161} INFO - Started process (PID=11851) to work on /opt/airflow/dags/prediction_features_pipeline.py
[2025-12-30T19:37:01.457+0000] {processor.py:830} INFO - Processing file /opt/airflow/dags/prediction_features_pipeline.py for tasks to queue
[2025-12-30T19:37:01.458+0000] {logging_mixin.py:188} INFO - [2025-12-30T19:37:01.458+0000] {dagbag.py:538} INFO - Filling up the DagBag from /opt/airflow/dags/prediction_features_pipeline.py
[2025-12-30T19:37:01.482+0000] {processor.py:840} INFO - DAG(s) 'match_features_pipeline' retrieved from /opt/airflow/dags/prediction_features_pipeline.py
[2025-12-30T19:37:01.504+0000] {logging_mixin.py:188} INFO - [2025-12-30T19:37:01.504+0000] {dag.py:3036} INFO - Sync 1 DAGs
[2025-12-30T19:37:01.527+0000] {logging_mixin.py:188} INFO - [2025-12-30T19:37:01.526+0000] {dag.py:3823} INFO - Setting next_dagrun for match_features_pipeline to 2025-12-29 00:00:00+00:00, run_after=2025-12-30 00:00:00+00:00
[2025-12-30T19:37:01.546+0000] {processor.py:183} INFO - Processing /opt/airflow/dags/prediction_features_pipeline.py took 0.094 seconds
[2025-12-30T19:37:31.966+0000] {processor.py:161} INFO - Started process (PID=11871) to work on /opt/airflow/dags/prediction_features_pipeline.py
[2025-12-30T19:37:31.967+0000] {processor.py:830} INFO - Processing file /opt/airflow/dags/prediction_features_pipeline.py for tasks to queue
[2025-12-30T19:37:31.968+0000] {logging_mixin.py:188} INFO - [2025-12-30T19:37:31.968+0000] {dagbag.py:538} INFO - Filling up the DagBag from /opt/airflow/dags/prediction_features_pipeline.py
[2025-12-30T19:37:31.989+0000] {processor.py:840} INFO - DAG(s) 'match_features_pipeline' retrieved from /opt/airflow/dags/prediction_features_pipeline.py
[2025-12-30T19:37:32.011+0000] {logging_mixin.py:188} INFO - [2025-12-30T19:37:32.011+0000] {dag.py:3036} INFO - Sync 1 DAGs
[2025-12-30T19:37:32.034+0000] {logging_mixin.py:188} INFO - [2025-12-30T19:37:32.034+0000] {dag.py:3823} INFO - Setting next_dagrun for match_features_pipeline to 2025-12-29 00:00:00+00:00, run_after=2025-12-30 00:00:00+00:00
[2025-12-30T19:37:32.064+0000] {processor.py:183} INFO - Processing /opt/airflow/dags/prediction_features_pipeline.py took 0.102 seconds
[2025-12-30T19:38:02.497+0000] {processor.py:161} INFO - Started process (PID=11891) to work on /opt/airflow/dags/prediction_features_pipeline.py
[2025-12-30T19:38:02.498+0000] {processor.py:830} INFO - Processing file /opt/airflow/dags/prediction_features_pipeline.py for tasks to queue
[2025-12-30T19:38:02.499+0000] {logging_mixin.py:188} INFO - [2025-12-30T19:38:02.499+0000] {dagbag.py:538} INFO - Filling up the DagBag from /opt/airflow/dags/prediction_features_pipeline.py
[2025-12-30T19:38:02.519+0000] {processor.py:840} INFO - DAG(s) 'match_features_pipeline' retrieved from /opt/airflow/dags/prediction_features_pipeline.py
[2025-12-30T19:38:02.542+0000] {logging_mixin.py:188} INFO - [2025-12-30T19:38:02.541+0000] {dag.py:3036} INFO - Sync 1 DAGs
[2025-12-30T19:38:02.563+0000] {logging_mixin.py:188} INFO - [2025-12-30T19:38:02.563+0000] {dag.py:3823} INFO - Setting next_dagrun for match_features_pipeline to 2025-12-29 00:00:00+00:00, run_after=2025-12-30 00:00:00+00:00
[2025-12-30T19:38:02.595+0000] {processor.py:183} INFO - Processing /opt/airflow/dags/prediction_features_pipeline.py took 0.101 seconds
[2025-12-30T19:38:33.019+0000] {processor.py:161} INFO - Started process (PID=11911) to work on /opt/airflow/dags/prediction_features_pipeline.py
[2025-12-30T19:38:33.020+0000] {processor.py:830} INFO - Processing file /opt/airflow/dags/prediction_features_pipeline.py for tasks to queue
[2025-12-30T19:38:33.021+0000] {logging_mixin.py:188} INFO - [2025-12-30T19:38:33.020+0000] {dagbag.py:538} INFO - Filling up the DagBag from /opt/airflow/dags/prediction_features_pipeline.py
[2025-12-30T19:38:33.042+0000] {processor.py:840} INFO - DAG(s) 'match_features_pipeline' retrieved from /opt/airflow/dags/prediction_features_pipeline.py
[2025-12-30T19:38:33.063+0000] {logging_mixin.py:188} INFO - [2025-12-30T19:38:33.062+0000] {dag.py:3036} INFO - Sync 1 DAGs
[2025-12-30T19:38:33.085+0000] {logging_mixin.py:188} INFO - [2025-12-30T19:38:33.085+0000] {dag.py:3823} INFO - Setting next_dagrun for match_features_pipeline to 2025-12-29 00:00:00+00:00, run_after=2025-12-30 00:00:00+00:00
[2025-12-30T19:38:33.104+0000] {processor.py:183} INFO - Processing /opt/airflow/dags/prediction_features_pipeline.py took 0.089 seconds
[2025-12-30T19:39:03.535+0000] {processor.py:161} INFO - Started process (PID=11931) to work on /opt/airflow/dags/prediction_features_pipeline.py
[2025-12-30T19:39:03.536+0000] {processor.py:830} INFO - Processing file /opt/airflow/dags/prediction_features_pipeline.py for tasks to queue
[2025-12-30T19:39:03.537+0000] {logging_mixin.py:188} INFO - [2025-12-30T19:39:03.537+0000] {dagbag.py:538} INFO - Filling up the DagBag from /opt/airflow/dags/prediction_features_pipeline.py
[2025-12-30T19:39:03.559+0000] {processor.py:840} INFO - DAG(s) 'match_features_pipeline' retrieved from /opt/airflow/dags/prediction_features_pipeline.py
[2025-12-30T19:39:03.580+0000] {logging_mixin.py:188} INFO - [2025-12-30T19:39:03.580+0000] {dag.py:3036} INFO - Sync 1 DAGs
[2025-12-30T19:39:03.608+0000] {logging_mixin.py:188} INFO - [2025-12-30T19:39:03.608+0000] {dag.py:3823} INFO - Setting next_dagrun for match_features_pipeline to 2025-12-29 00:00:00+00:00, run_after=2025-12-30 00:00:00+00:00
[2025-12-30T19:39:03.628+0000] {processor.py:183} INFO - Processing /opt/airflow/dags/prediction_features_pipeline.py took 0.097 seconds
[2025-12-30T19:39:34.053+0000] {processor.py:161} INFO - Started process (PID=11951) to work on /opt/airflow/dags/prediction_features_pipeline.py
[2025-12-30T19:39:34.054+0000] {processor.py:830} INFO - Processing file /opt/airflow/dags/prediction_features_pipeline.py for tasks to queue
[2025-12-30T19:39:34.055+0000] {logging_mixin.py:188} INFO - [2025-12-30T19:39:34.055+0000] {dagbag.py:538} INFO - Filling up the DagBag from /opt/airflow/dags/prediction_features_pipeline.py
[2025-12-30T19:39:34.076+0000] {processor.py:840} INFO - DAG(s) 'match_features_pipeline' retrieved from /opt/airflow/dags/prediction_features_pipeline.py
[2025-12-30T19:39:34.098+0000] {logging_mixin.py:188} INFO - [2025-12-30T19:39:34.098+0000] {dag.py:3036} INFO - Sync 1 DAGs
[2025-12-30T19:39:34.121+0000] {logging_mixin.py:188} INFO - [2025-12-30T19:39:34.121+0000] {dag.py:3823} INFO - Setting next_dagrun for match_features_pipeline to 2025-12-29 00:00:00+00:00, run_after=2025-12-30 00:00:00+00:00
[2025-12-30T19:39:34.141+0000] {processor.py:183} INFO - Processing /opt/airflow/dags/prediction_features_pipeline.py took 0.092 seconds
[2025-12-30T19:40:04.638+0000] {processor.py:161} INFO - Started process (PID=11971) to work on /opt/airflow/dags/prediction_features_pipeline.py
[2025-12-30T19:40:04.639+0000] {processor.py:830} INFO - Processing file /opt/airflow/dags/prediction_features_pipeline.py for tasks to queue
[2025-12-30T19:40:04.641+0000] {logging_mixin.py:188} INFO - [2025-12-30T19:40:04.640+0000] {dagbag.py:538} INFO - Filling up the DagBag from /opt/airflow/dags/prediction_features_pipeline.py
[2025-12-30T19:40:04.661+0000] {processor.py:840} INFO - DAG(s) 'match_features_pipeline' retrieved from /opt/airflow/dags/prediction_features_pipeline.py
[2025-12-30T19:40:04.683+0000] {logging_mixin.py:188} INFO - [2025-12-30T19:40:04.682+0000] {dag.py:3036} INFO - Sync 1 DAGs
[2025-12-30T19:40:04.704+0000] {logging_mixin.py:188} INFO - [2025-12-30T19:40:04.704+0000] {dag.py:3823} INFO - Setting next_dagrun for match_features_pipeline to 2025-12-29 00:00:00+00:00, run_after=2025-12-30 00:00:00+00:00
[2025-12-30T19:40:04.734+0000] {processor.py:183} INFO - Processing /opt/airflow/dags/prediction_features_pipeline.py took 0.100 seconds
[2025-12-30T19:40:35.188+0000] {processor.py:161} INFO - Started process (PID=11991) to work on /opt/airflow/dags/prediction_features_pipeline.py
[2025-12-30T19:40:35.190+0000] {processor.py:830} INFO - Processing file /opt/airflow/dags/prediction_features_pipeline.py for tasks to queue
[2025-12-30T19:40:35.191+0000] {logging_mixin.py:188} INFO - [2025-12-30T19:40:35.191+0000] {dagbag.py:538} INFO - Filling up the DagBag from /opt/airflow/dags/prediction_features_pipeline.py
[2025-12-30T19:40:35.212+0000] {processor.py:840} INFO - DAG(s) 'match_features_pipeline' retrieved from /opt/airflow/dags/prediction_features_pipeline.py
[2025-12-30T19:40:35.233+0000] {logging_mixin.py:188} INFO - [2025-12-30T19:40:35.233+0000] {dag.py:3036} INFO - Sync 1 DAGs
[2025-12-30T19:40:35.255+0000] {logging_mixin.py:188} INFO - [2025-12-30T19:40:35.255+0000] {dag.py:3823} INFO - Setting next_dagrun for match_features_pipeline to 2025-12-29 00:00:00+00:00, run_after=2025-12-30 00:00:00+00:00
[2025-12-30T19:40:35.285+0000] {processor.py:183} INFO - Processing /opt/airflow/dags/prediction_features_pipeline.py took 0.100 seconds
[2025-12-30T19:41:05.704+0000] {processor.py:161} INFO - Started process (PID=12011) to work on /opt/airflow/dags/prediction_features_pipeline.py
[2025-12-30T19:41:05.705+0000] {processor.py:830} INFO - Processing file /opt/airflow/dags/prediction_features_pipeline.py for tasks to queue
[2025-12-30T19:41:05.706+0000] {logging_mixin.py:188} INFO - [2025-12-30T19:41:05.706+0000] {dagbag.py:538} INFO - Filling up the DagBag from /opt/airflow/dags/prediction_features_pipeline.py
[2025-12-30T19:41:05.728+0000] {processor.py:840} INFO - DAG(s) 'match_features_pipeline' retrieved from /opt/airflow/dags/prediction_features_pipeline.py
[2025-12-30T19:41:05.750+0000] {logging_mixin.py:188} INFO - [2025-12-30T19:41:05.750+0000] {dag.py:3036} INFO - Sync 1 DAGs
[2025-12-30T19:41:05.772+0000] {logging_mixin.py:188} INFO - [2025-12-30T19:41:05.772+0000] {dag.py:3823} INFO - Setting next_dagrun for match_features_pipeline to 2025-12-29 00:00:00+00:00, run_after=2025-12-30 00:00:00+00:00
[2025-12-30T19:41:05.791+0000] {processor.py:183} INFO - Processing /opt/airflow/dags/prediction_features_pipeline.py took 0.091 seconds
[2025-12-30T19:41:36.199+0000] {processor.py:161} INFO - Started process (PID=12031) to work on /opt/airflow/dags/prediction_features_pipeline.py
[2025-12-30T19:41:36.200+0000] {processor.py:830} INFO - Processing file /opt/airflow/dags/prediction_features_pipeline.py for tasks to queue
[2025-12-30T19:41:36.201+0000] {logging_mixin.py:188} INFO - [2025-12-30T19:41:36.201+0000] {dagbag.py:538} INFO - Filling up the DagBag from /opt/airflow/dags/prediction_features_pipeline.py
[2025-12-30T19:41:36.222+0000] {processor.py:840} INFO - DAG(s) 'match_features_pipeline' retrieved from /opt/airflow/dags/prediction_features_pipeline.py
[2025-12-30T19:41:36.244+0000] {logging_mixin.py:188} INFO - [2025-12-30T19:41:36.244+0000] {dag.py:3036} INFO - Sync 1 DAGs
[2025-12-30T19:41:36.266+0000] {logging_mixin.py:188} INFO - [2025-12-30T19:41:36.266+0000] {dag.py:3823} INFO - Setting next_dagrun for match_features_pipeline to 2025-12-29 00:00:00+00:00, run_after=2025-12-30 00:00:00+00:00
[2025-12-30T19:41:36.285+0000] {processor.py:183} INFO - Processing /opt/airflow/dags/prediction_features_pipeline.py took 0.089 seconds
[2025-12-30T19:42:06.710+0000] {processor.py:161} INFO - Started process (PID=12051) to work on /opt/airflow/dags/prediction_features_pipeline.py
[2025-12-30T19:42:06.711+0000] {processor.py:830} INFO - Processing file /opt/airflow/dags/prediction_features_pipeline.py for tasks to queue
[2025-12-30T19:42:06.712+0000] {logging_mixin.py:188} INFO - [2025-12-30T19:42:06.712+0000] {dagbag.py:538} INFO - Filling up the DagBag from /opt/airflow/dags/prediction_features_pipeline.py
[2025-12-30T19:42:06.734+0000] {processor.py:840} INFO - DAG(s) 'match_features_pipeline' retrieved from /opt/airflow/dags/prediction_features_pipeline.py
[2025-12-30T19:42:06.757+0000] {logging_mixin.py:188} INFO - [2025-12-30T19:42:06.756+0000] {dag.py:3036} INFO - Sync 1 DAGs
[2025-12-30T19:42:06.779+0000] {logging_mixin.py:188} INFO - [2025-12-30T19:42:06.779+0000] {dag.py:3823} INFO - Setting next_dagrun for match_features_pipeline to 2025-12-29 00:00:00+00:00, run_after=2025-12-30 00:00:00+00:00
[2025-12-30T19:42:06.798+0000] {processor.py:183} INFO - Processing /opt/airflow/dags/prediction_features_pipeline.py took 0.092 seconds
[2025-12-30T19:42:37.235+0000] {processor.py:161} INFO - Started process (PID=12071) to work on /opt/airflow/dags/prediction_features_pipeline.py
[2025-12-30T19:42:37.236+0000] {processor.py:830} INFO - Processing file /opt/airflow/dags/prediction_features_pipeline.py for tasks to queue
[2025-12-30T19:42:37.237+0000] {logging_mixin.py:188} INFO - [2025-12-30T19:42:37.237+0000] {dagbag.py:538} INFO - Filling up the DagBag from /opt/airflow/dags/prediction_features_pipeline.py
[2025-12-30T19:42:37.258+0000] {processor.py:840} INFO - DAG(s) 'match_features_pipeline' retrieved from /opt/airflow/dags/prediction_features_pipeline.py
[2025-12-30T19:42:37.279+0000] {logging_mixin.py:188} INFO - [2025-12-30T19:42:37.279+0000] {dag.py:3036} INFO - Sync 1 DAGs
[2025-12-30T19:42:37.300+0000] {logging_mixin.py:188} INFO - [2025-12-30T19:42:37.300+0000] {dag.py:3823} INFO - Setting next_dagrun for match_features_pipeline to 2025-12-29 00:00:00+00:00, run_after=2025-12-30 00:00:00+00:00
[2025-12-30T19:42:37.319+0000] {processor.py:183} INFO - Processing /opt/airflow/dags/prediction_features_pipeline.py took 0.089 seconds
[2025-12-30T19:43:07.750+0000] {processor.py:161} INFO - Started process (PID=12091) to work on /opt/airflow/dags/prediction_features_pipeline.py
[2025-12-30T19:43:07.751+0000] {processor.py:830} INFO - Processing file /opt/airflow/dags/prediction_features_pipeline.py for tasks to queue
[2025-12-30T19:43:07.753+0000] {logging_mixin.py:188} INFO - [2025-12-30T19:43:07.752+0000] {dagbag.py:538} INFO - Filling up the DagBag from /opt/airflow/dags/prediction_features_pipeline.py
[2025-12-30T19:43:07.775+0000] {processor.py:840} INFO - DAG(s) 'match_features_pipeline' retrieved from /opt/airflow/dags/prediction_features_pipeline.py
[2025-12-30T19:43:07.796+0000] {logging_mixin.py:188} INFO - [2025-12-30T19:43:07.796+0000] {dag.py:3036} INFO - Sync 1 DAGs
[2025-12-30T19:43:07.818+0000] {logging_mixin.py:188} INFO - [2025-12-30T19:43:07.818+0000] {dag.py:3823} INFO - Setting next_dagrun for match_features_pipeline to 2025-12-29 00:00:00+00:00, run_after=2025-12-30 00:00:00+00:00
[2025-12-30T19:43:07.848+0000] {processor.py:183} INFO - Processing /opt/airflow/dags/prediction_features_pipeline.py took 0.102 seconds
[2025-12-30T19:43:38.267+0000] {processor.py:161} INFO - Started process (PID=12111) to work on /opt/airflow/dags/prediction_features_pipeline.py
[2025-12-30T19:43:38.268+0000] {processor.py:830} INFO - Processing file /opt/airflow/dags/prediction_features_pipeline.py for tasks to queue
[2025-12-30T19:43:38.269+0000] {logging_mixin.py:188} INFO - [2025-12-30T19:43:38.269+0000] {dagbag.py:538} INFO - Filling up the DagBag from /opt/airflow/dags/prediction_features_pipeline.py
[2025-12-30T19:43:38.291+0000] {processor.py:840} INFO - DAG(s) 'match_features_pipeline' retrieved from /opt/airflow/dags/prediction_features_pipeline.py
[2025-12-30T19:43:38.313+0000] {logging_mixin.py:188} INFO - [2025-12-30T19:43:38.313+0000] {dag.py:3036} INFO - Sync 1 DAGs
[2025-12-30T19:43:38.336+0000] {logging_mixin.py:188} INFO - [2025-12-30T19:43:38.336+0000] {dag.py:3823} INFO - Setting next_dagrun for match_features_pipeline to 2025-12-29 00:00:00+00:00, run_after=2025-12-30 00:00:00+00:00
[2025-12-30T19:43:38.368+0000] {processor.py:183} INFO - Processing /opt/airflow/dags/prediction_features_pipeline.py took 0.105 seconds
[2025-12-30T19:44:08.795+0000] {processor.py:161} INFO - Started process (PID=12131) to work on /opt/airflow/dags/prediction_features_pipeline.py
[2025-12-30T19:44:08.796+0000] {processor.py:830} INFO - Processing file /opt/airflow/dags/prediction_features_pipeline.py for tasks to queue
[2025-12-30T19:44:08.798+0000] {logging_mixin.py:188} INFO - [2025-12-30T19:44:08.797+0000] {dagbag.py:538} INFO - Filling up the DagBag from /opt/airflow/dags/prediction_features_pipeline.py
[2025-12-30T19:44:08.818+0000] {processor.py:840} INFO - DAG(s) 'match_features_pipeline' retrieved from /opt/airflow/dags/prediction_features_pipeline.py
[2025-12-30T19:44:08.839+0000] {logging_mixin.py:188} INFO - [2025-12-30T19:44:08.839+0000] {dag.py:3036} INFO - Sync 1 DAGs
[2025-12-30T19:44:08.862+0000] {logging_mixin.py:188} INFO - [2025-12-30T19:44:08.862+0000] {dag.py:3823} INFO - Setting next_dagrun for match_features_pipeline to 2025-12-29 00:00:00+00:00, run_after=2025-12-30 00:00:00+00:00
[2025-12-30T19:44:08.881+0000] {processor.py:183} INFO - Processing /opt/airflow/dags/prediction_features_pipeline.py took 0.090 seconds
[2025-12-30T19:44:39.305+0000] {processor.py:161} INFO - Started process (PID=12151) to work on /opt/airflow/dags/prediction_features_pipeline.py
[2025-12-30T19:44:39.306+0000] {processor.py:830} INFO - Processing file /opt/airflow/dags/prediction_features_pipeline.py for tasks to queue
[2025-12-30T19:44:39.307+0000] {logging_mixin.py:188} INFO - [2025-12-30T19:44:39.307+0000] {dagbag.py:538} INFO - Filling up the DagBag from /opt/airflow/dags/prediction_features_pipeline.py
[2025-12-30T19:44:39.328+0000] {processor.py:840} INFO - DAG(s) 'match_features_pipeline' retrieved from /opt/airflow/dags/prediction_features_pipeline.py
[2025-12-30T19:44:39.351+0000] {logging_mixin.py:188} INFO - [2025-12-30T19:44:39.351+0000] {dag.py:3036} INFO - Sync 1 DAGs
[2025-12-30T19:44:39.373+0000] {logging_mixin.py:188} INFO - [2025-12-30T19:44:39.373+0000] {dag.py:3823} INFO - Setting next_dagrun for match_features_pipeline to 2025-12-29 00:00:00+00:00, run_after=2025-12-30 00:00:00+00:00
[2025-12-30T19:44:39.404+0000] {processor.py:183} INFO - Processing /opt/airflow/dags/prediction_features_pipeline.py took 0.102 seconds
[2025-12-30T19:45:09.903+0000] {processor.py:161} INFO - Started process (PID=12171) to work on /opt/airflow/dags/prediction_features_pipeline.py
[2025-12-30T19:45:09.904+0000] {processor.py:830} INFO - Processing file /opt/airflow/dags/prediction_features_pipeline.py for tasks to queue
[2025-12-30T19:45:09.905+0000] {logging_mixin.py:188} INFO - [2025-12-30T19:45:09.905+0000] {dagbag.py:538} INFO - Filling up the DagBag from /opt/airflow/dags/prediction_features_pipeline.py
[2025-12-30T19:45:09.926+0000] {processor.py:840} INFO - DAG(s) 'match_features_pipeline' retrieved from /opt/airflow/dags/prediction_features_pipeline.py
[2025-12-30T19:45:09.948+0000] {logging_mixin.py:188} INFO - [2025-12-30T19:45:09.948+0000] {dag.py:3036} INFO - Sync 1 DAGs
[2025-12-30T19:45:09.970+0000] {logging_mixin.py:188} INFO - [2025-12-30T19:45:09.970+0000] {dag.py:3823} INFO - Setting next_dagrun for match_features_pipeline to 2025-12-29 00:00:00+00:00, run_after=2025-12-30 00:00:00+00:00
[2025-12-30T19:45:10.001+0000] {processor.py:183} INFO - Processing /opt/airflow/dags/prediction_features_pipeline.py took 0.102 seconds
[2025-12-30T19:45:40.420+0000] {processor.py:161} INFO - Started process (PID=12191) to work on /opt/airflow/dags/prediction_features_pipeline.py
[2025-12-30T19:45:40.421+0000] {processor.py:830} INFO - Processing file /opt/airflow/dags/prediction_features_pipeline.py for tasks to queue
[2025-12-30T19:45:40.422+0000] {logging_mixin.py:188} INFO - [2025-12-30T19:45:40.422+0000] {dagbag.py:538} INFO - Filling up the DagBag from /opt/airflow/dags/prediction_features_pipeline.py
[2025-12-30T19:45:40.443+0000] {processor.py:840} INFO - DAG(s) 'match_features_pipeline' retrieved from /opt/airflow/dags/prediction_features_pipeline.py
[2025-12-30T19:45:40.465+0000] {logging_mixin.py:188} INFO - [2025-12-30T19:45:40.464+0000] {dag.py:3036} INFO - Sync 1 DAGs
[2025-12-30T19:45:40.486+0000] {logging_mixin.py:188} INFO - [2025-12-30T19:45:40.486+0000] {dag.py:3823} INFO - Setting next_dagrun for match_features_pipeline to 2025-12-29 00:00:00+00:00, run_after=2025-12-30 00:00:00+00:00
[2025-12-30T19:45:40.516+0000] {processor.py:183} INFO - Processing /opt/airflow/dags/prediction_features_pipeline.py took 0.100 seconds
[2025-12-30T19:46:10.949+0000] {processor.py:161} INFO - Started process (PID=12211) to work on /opt/airflow/dags/prediction_features_pipeline.py
[2025-12-30T19:46:10.951+0000] {processor.py:830} INFO - Processing file /opt/airflow/dags/prediction_features_pipeline.py for tasks to queue
[2025-12-30T19:46:10.952+0000] {logging_mixin.py:188} INFO - [2025-12-30T19:46:10.952+0000] {dagbag.py:538} INFO - Filling up the DagBag from /opt/airflow/dags/prediction_features_pipeline.py
[2025-12-30T19:46:10.973+0000] {processor.py:840} INFO - DAG(s) 'match_features_pipeline' retrieved from /opt/airflow/dags/prediction_features_pipeline.py
[2025-12-30T19:46:10.993+0000] {logging_mixin.py:188} INFO - [2025-12-30T19:46:10.993+0000] {dag.py:3036} INFO - Sync 1 DAGs
[2025-12-30T19:46:11.015+0000] {logging_mixin.py:188} INFO - [2025-12-30T19:46:11.014+0000] {dag.py:3823} INFO - Setting next_dagrun for match_features_pipeline to 2025-12-29 00:00:00+00:00, run_after=2025-12-30 00:00:00+00:00
[2025-12-30T19:46:11.034+0000] {processor.py:183} INFO - Processing /opt/airflow/dags/prediction_features_pipeline.py took 0.088 seconds
[2025-12-30T19:46:41.451+0000] {processor.py:161} INFO - Started process (PID=12231) to work on /opt/airflow/dags/prediction_features_pipeline.py
[2025-12-30T19:46:41.452+0000] {processor.py:830} INFO - Processing file /opt/airflow/dags/prediction_features_pipeline.py for tasks to queue
[2025-12-30T19:46:41.454+0000] {logging_mixin.py:188} INFO - [2025-12-30T19:46:41.453+0000] {dagbag.py:538} INFO - Filling up the DagBag from /opt/airflow/dags/prediction_features_pipeline.py
[2025-12-30T19:46:41.475+0000] {processor.py:840} INFO - DAG(s) 'match_features_pipeline' retrieved from /opt/airflow/dags/prediction_features_pipeline.py
[2025-12-30T19:46:41.495+0000] {logging_mixin.py:188} INFO - [2025-12-30T19:46:41.495+0000] {dag.py:3036} INFO - Sync 1 DAGs
[2025-12-30T19:46:41.518+0000] {logging_mixin.py:188} INFO - [2025-12-30T19:46:41.518+0000] {dag.py:3823} INFO - Setting next_dagrun for match_features_pipeline to 2025-12-29 00:00:00+00:00, run_after=2025-12-30 00:00:00+00:00
[2025-12-30T19:46:41.538+0000] {processor.py:183} INFO - Processing /opt/airflow/dags/prediction_features_pipeline.py took 0.091 seconds
[2025-12-30T19:47:11.967+0000] {processor.py:161} INFO - Started process (PID=12251) to work on /opt/airflow/dags/prediction_features_pipeline.py
[2025-12-30T19:47:11.968+0000] {processor.py:830} INFO - Processing file /opt/airflow/dags/prediction_features_pipeline.py for tasks to queue
[2025-12-30T19:47:11.970+0000] {logging_mixin.py:188} INFO - [2025-12-30T19:47:11.969+0000] {dagbag.py:538} INFO - Filling up the DagBag from /opt/airflow/dags/prediction_features_pipeline.py
[2025-12-30T19:47:11.989+0000] {processor.py:840} INFO - DAG(s) 'match_features_pipeline' retrieved from /opt/airflow/dags/prediction_features_pipeline.py
[2025-12-30T19:47:12.011+0000] {logging_mixin.py:188} INFO - [2025-12-30T19:47:12.011+0000] {dag.py:3036} INFO - Sync 1 DAGs
[2025-12-30T19:47:12.033+0000] {logging_mixin.py:188} INFO - [2025-12-30T19:47:12.033+0000] {dag.py:3823} INFO - Setting next_dagrun for match_features_pipeline to 2025-12-29 00:00:00+00:00, run_after=2025-12-30 00:00:00+00:00
[2025-12-30T19:47:12.063+0000] {processor.py:183} INFO - Processing /opt/airflow/dags/prediction_features_pipeline.py took 0.101 seconds
[2025-12-30T19:47:42.489+0000] {processor.py:161} INFO - Started process (PID=12271) to work on /opt/airflow/dags/prediction_features_pipeline.py
[2025-12-30T19:47:42.490+0000] {processor.py:830} INFO - Processing file /opt/airflow/dags/prediction_features_pipeline.py for tasks to queue
[2025-12-30T19:47:42.491+0000] {logging_mixin.py:188} INFO - [2025-12-30T19:47:42.491+0000] {dagbag.py:538} INFO - Filling up the DagBag from /opt/airflow/dags/prediction_features_pipeline.py
[2025-12-30T19:47:42.511+0000] {processor.py:840} INFO - DAG(s) 'match_features_pipeline' retrieved from /opt/airflow/dags/prediction_features_pipeline.py
[2025-12-30T19:47:42.533+0000] {logging_mixin.py:188} INFO - [2025-12-30T19:47:42.533+0000] {dag.py:3036} INFO - Sync 1 DAGs
[2025-12-30T19:47:42.555+0000] {logging_mixin.py:188} INFO - [2025-12-30T19:47:42.555+0000] {dag.py:3823} INFO - Setting next_dagrun for match_features_pipeline to 2025-12-29 00:00:00+00:00, run_after=2025-12-30 00:00:00+00:00
[2025-12-30T19:47:42.574+0000] {processor.py:183} INFO - Processing /opt/airflow/dags/prediction_features_pipeline.py took 0.090 seconds
[2025-12-30T19:48:13.017+0000] {processor.py:161} INFO - Started process (PID=12291) to work on /opt/airflow/dags/prediction_features_pipeline.py
[2025-12-30T19:48:13.018+0000] {processor.py:830} INFO - Processing file /opt/airflow/dags/prediction_features_pipeline.py for tasks to queue
[2025-12-30T19:48:13.020+0000] {logging_mixin.py:188} INFO - [2025-12-30T19:48:13.019+0000] {dagbag.py:538} INFO - Filling up the DagBag from /opt/airflow/dags/prediction_features_pipeline.py
[2025-12-30T19:48:13.041+0000] {processor.py:840} INFO - DAG(s) 'match_features_pipeline' retrieved from /opt/airflow/dags/prediction_features_pipeline.py
[2025-12-30T19:48:13.064+0000] {logging_mixin.py:188} INFO - [2025-12-30T19:48:13.064+0000] {dag.py:3036} INFO - Sync 1 DAGs
[2025-12-30T19:48:13.090+0000] {logging_mixin.py:188} INFO - [2025-12-30T19:48:13.089+0000] {dag.py:3823} INFO - Setting next_dagrun for match_features_pipeline to 2025-12-29 00:00:00+00:00, run_after=2025-12-30 00:00:00+00:00
[2025-12-30T19:48:13.122+0000] {processor.py:183} INFO - Processing /opt/airflow/dags/prediction_features_pipeline.py took 0.109 seconds
[2025-12-30T19:48:43.546+0000] {processor.py:161} INFO - Started process (PID=12311) to work on /opt/airflow/dags/prediction_features_pipeline.py
[2025-12-30T19:48:43.547+0000] {processor.py:830} INFO - Processing file /opt/airflow/dags/prediction_features_pipeline.py for tasks to queue
[2025-12-30T19:48:43.548+0000] {logging_mixin.py:188} INFO - [2025-12-30T19:48:43.548+0000] {dagbag.py:538} INFO - Filling up the DagBag from /opt/airflow/dags/prediction_features_pipeline.py
[2025-12-30T19:48:43.570+0000] {processor.py:840} INFO - DAG(s) 'match_features_pipeline' retrieved from /opt/airflow/dags/prediction_features_pipeline.py
[2025-12-30T19:48:43.591+0000] {logging_mixin.py:188} INFO - [2025-12-30T19:48:43.591+0000] {dag.py:3036} INFO - Sync 1 DAGs
[2025-12-30T19:48:43.613+0000] {logging_mixin.py:188} INFO - [2025-12-30T19:48:43.613+0000] {dag.py:3823} INFO - Setting next_dagrun for match_features_pipeline to 2025-12-29 00:00:00+00:00, run_after=2025-12-30 00:00:00+00:00
[2025-12-30T19:48:43.632+0000] {processor.py:183} INFO - Processing /opt/airflow/dags/prediction_features_pipeline.py took 0.089 seconds
[2025-12-30T19:49:14.063+0000] {processor.py:161} INFO - Started process (PID=12331) to work on /opt/airflow/dags/prediction_features_pipeline.py
[2025-12-30T19:49:14.064+0000] {processor.py:830} INFO - Processing file /opt/airflow/dags/prediction_features_pipeline.py for tasks to queue
[2025-12-30T19:49:14.065+0000] {logging_mixin.py:188} INFO - [2025-12-30T19:49:14.064+0000] {dagbag.py:538} INFO - Filling up the DagBag from /opt/airflow/dags/prediction_features_pipeline.py
[2025-12-30T19:49:14.086+0000] {processor.py:840} INFO - DAG(s) 'match_features_pipeline' retrieved from /opt/airflow/dags/prediction_features_pipeline.py
[2025-12-30T19:49:14.108+0000] {logging_mixin.py:188} INFO - [2025-12-30T19:49:14.108+0000] {dag.py:3036} INFO - Sync 1 DAGs
[2025-12-30T19:49:14.130+0000] {logging_mixin.py:188} INFO - [2025-12-30T19:49:14.129+0000] {dag.py:3823} INFO - Setting next_dagrun for match_features_pipeline to 2025-12-29 00:00:00+00:00, run_after=2025-12-30 00:00:00+00:00
[2025-12-30T19:49:14.159+0000] {processor.py:183} INFO - Processing /opt/airflow/dags/prediction_features_pipeline.py took 0.100 seconds
[2025-12-30T19:49:44.579+0000] {processor.py:161} INFO - Started process (PID=12351) to work on /opt/airflow/dags/prediction_features_pipeline.py
[2025-12-30T19:49:44.580+0000] {processor.py:830} INFO - Processing file /opt/airflow/dags/prediction_features_pipeline.py for tasks to queue
[2025-12-30T19:49:44.581+0000] {logging_mixin.py:188} INFO - [2025-12-30T19:49:44.581+0000] {dagbag.py:538} INFO - Filling up the DagBag from /opt/airflow/dags/prediction_features_pipeline.py
[2025-12-30T19:49:44.605+0000] {processor.py:840} INFO - DAG(s) 'match_features_pipeline' retrieved from /opt/airflow/dags/prediction_features_pipeline.py
[2025-12-30T19:49:44.627+0000] {logging_mixin.py:188} INFO - [2025-12-30T19:49:44.627+0000] {dag.py:3036} INFO - Sync 1 DAGs
[2025-12-30T19:49:44.653+0000] {logging_mixin.py:188} INFO - [2025-12-30T19:49:44.653+0000] {dag.py:3823} INFO - Setting next_dagrun for match_features_pipeline to 2025-12-29 00:00:00+00:00, run_after=2025-12-30 00:00:00+00:00
[2025-12-30T19:49:44.674+0000] {processor.py:183} INFO - Processing /opt/airflow/dags/prediction_features_pipeline.py took 0.098 seconds
[2025-12-30T19:50:15.167+0000] {processor.py:161} INFO - Started process (PID=12371) to work on /opt/airflow/dags/prediction_features_pipeline.py
[2025-12-30T19:50:15.168+0000] {processor.py:830} INFO - Processing file /opt/airflow/dags/prediction_features_pipeline.py for tasks to queue
[2025-12-30T19:50:15.170+0000] {logging_mixin.py:188} INFO - [2025-12-30T19:50:15.169+0000] {dagbag.py:538} INFO - Filling up the DagBag from /opt/airflow/dags/prediction_features_pipeline.py
[2025-12-30T19:50:15.194+0000] {processor.py:840} INFO - DAG(s) 'match_features_pipeline' retrieved from /opt/airflow/dags/prediction_features_pipeline.py
[2025-12-30T19:50:15.220+0000] {logging_mixin.py:188} INFO - [2025-12-30T19:50:15.219+0000] {dag.py:3036} INFO - Sync 1 DAGs
[2025-12-30T19:50:15.246+0000] {logging_mixin.py:188} INFO - [2025-12-30T19:50:15.246+0000] {dag.py:3823} INFO - Setting next_dagrun for match_features_pipeline to 2025-12-29 00:00:00+00:00, run_after=2025-12-30 00:00:00+00:00
[2025-12-30T19:50:15.268+0000] {processor.py:183} INFO - Processing /opt/airflow/dags/prediction_features_pipeline.py took 0.105 seconds
[2025-12-30T19:50:45.706+0000] {processor.py:161} INFO - Started process (PID=12391) to work on /opt/airflow/dags/prediction_features_pipeline.py
[2025-12-30T19:50:45.707+0000] {processor.py:830} INFO - Processing file /opt/airflow/dags/prediction_features_pipeline.py for tasks to queue
[2025-12-30T19:50:45.708+0000] {logging_mixin.py:188} INFO - [2025-12-30T19:50:45.708+0000] {dagbag.py:538} INFO - Filling up the DagBag from /opt/airflow/dags/prediction_features_pipeline.py
[2025-12-30T19:50:45.729+0000] {processor.py:840} INFO - DAG(s) 'match_features_pipeline' retrieved from /opt/airflow/dags/prediction_features_pipeline.py
[2025-12-30T19:50:45.750+0000] {logging_mixin.py:188} INFO - [2025-12-30T19:50:45.750+0000] {dag.py:3036} INFO - Sync 1 DAGs
[2025-12-30T19:50:45.772+0000] {logging_mixin.py:188} INFO - [2025-12-30T19:50:45.772+0000] {dag.py:3823} INFO - Setting next_dagrun for match_features_pipeline to 2025-12-29 00:00:00+00:00, run_after=2025-12-30 00:00:00+00:00
[2025-12-30T19:50:45.804+0000] {processor.py:183} INFO - Processing /opt/airflow/dags/prediction_features_pipeline.py took 0.102 seconds
[2025-12-30T19:51:16.234+0000] {processor.py:161} INFO - Started process (PID=12411) to work on /opt/airflow/dags/prediction_features_pipeline.py
[2025-12-30T19:51:16.236+0000] {processor.py:830} INFO - Processing file /opt/airflow/dags/prediction_features_pipeline.py for tasks to queue
[2025-12-30T19:51:16.237+0000] {logging_mixin.py:188} INFO - [2025-12-30T19:51:16.237+0000] {dagbag.py:538} INFO - Filling up the DagBag from /opt/airflow/dags/prediction_features_pipeline.py
[2025-12-30T19:51:16.260+0000] {processor.py:840} INFO - DAG(s) 'match_features_pipeline' retrieved from /opt/airflow/dags/prediction_features_pipeline.py
[2025-12-30T19:51:16.282+0000] {logging_mixin.py:188} INFO - [2025-12-30T19:51:16.281+0000] {dag.py:3036} INFO - Sync 1 DAGs
[2025-12-30T19:51:16.303+0000] {logging_mixin.py:188} INFO - [2025-12-30T19:51:16.303+0000] {dag.py:3823} INFO - Setting next_dagrun for match_features_pipeline to 2025-12-29 00:00:00+00:00, run_after=2025-12-30 00:00:00+00:00
[2025-12-30T19:51:16.332+0000] {processor.py:183} INFO - Processing /opt/airflow/dags/prediction_features_pipeline.py took 0.102 seconds
[2025-12-30T19:51:46.750+0000] {processor.py:161} INFO - Started process (PID=12431) to work on /opt/airflow/dags/prediction_features_pipeline.py
[2025-12-30T19:51:46.751+0000] {processor.py:830} INFO - Processing file /opt/airflow/dags/prediction_features_pipeline.py for tasks to queue
[2025-12-30T19:51:46.753+0000] {logging_mixin.py:188} INFO - [2025-12-30T19:51:46.752+0000] {dagbag.py:538} INFO - Filling up the DagBag from /opt/airflow/dags/prediction_features_pipeline.py
[2025-12-30T19:51:46.773+0000] {processor.py:840} INFO - DAG(s) 'match_features_pipeline' retrieved from /opt/airflow/dags/prediction_features_pipeline.py
[2025-12-30T19:51:46.794+0000] {logging_mixin.py:188} INFO - [2025-12-30T19:51:46.794+0000] {dag.py:3036} INFO - Sync 1 DAGs
[2025-12-30T19:51:46.816+0000] {logging_mixin.py:188} INFO - [2025-12-30T19:51:46.815+0000] {dag.py:3823} INFO - Setting next_dagrun for match_features_pipeline to 2025-12-29 00:00:00+00:00, run_after=2025-12-30 00:00:00+00:00
[2025-12-30T19:51:46.835+0000] {processor.py:183} INFO - Processing /opt/airflow/dags/prediction_features_pipeline.py took 0.089 seconds
[2025-12-30T19:52:17.269+0000] {processor.py:161} INFO - Started process (PID=12451) to work on /opt/airflow/dags/prediction_features_pipeline.py
[2025-12-30T19:52:17.270+0000] {processor.py:830} INFO - Processing file /opt/airflow/dags/prediction_features_pipeline.py for tasks to queue
[2025-12-30T19:52:17.271+0000] {logging_mixin.py:188} INFO - [2025-12-30T19:52:17.271+0000] {dagbag.py:538} INFO - Filling up the DagBag from /opt/airflow/dags/prediction_features_pipeline.py
[2025-12-30T19:52:17.291+0000] {processor.py:840} INFO - DAG(s) 'match_features_pipeline' retrieved from /opt/airflow/dags/prediction_features_pipeline.py
[2025-12-30T19:52:17.313+0000] {logging_mixin.py:188} INFO - [2025-12-30T19:52:17.313+0000] {dag.py:3036} INFO - Sync 1 DAGs
[2025-12-30T19:52:17.335+0000] {logging_mixin.py:188} INFO - [2025-12-30T19:52:17.335+0000] {dag.py:3823} INFO - Setting next_dagrun for match_features_pipeline to 2025-12-29 00:00:00+00:00, run_after=2025-12-30 00:00:00+00:00
[2025-12-30T19:52:17.364+0000] {processor.py:183} INFO - Processing /opt/airflow/dags/prediction_features_pipeline.py took 0.099 seconds
[2025-12-30T19:52:47.790+0000] {processor.py:161} INFO - Started process (PID=12471) to work on /opt/airflow/dags/prediction_features_pipeline.py
[2025-12-30T19:52:47.791+0000] {processor.py:830} INFO - Processing file /opt/airflow/dags/prediction_features_pipeline.py for tasks to queue
[2025-12-30T19:52:47.792+0000] {logging_mixin.py:188} INFO - [2025-12-30T19:52:47.792+0000] {dagbag.py:538} INFO - Filling up the DagBag from /opt/airflow/dags/prediction_features_pipeline.py
[2025-12-30T19:52:47.813+0000] {processor.py:840} INFO - DAG(s) 'match_features_pipeline' retrieved from /opt/airflow/dags/prediction_features_pipeline.py
[2025-12-30T19:52:47.834+0000] {logging_mixin.py:188} INFO - [2025-12-30T19:52:47.834+0000] {dag.py:3036} INFO - Sync 1 DAGs
[2025-12-30T19:52:47.857+0000] {logging_mixin.py:188} INFO - [2025-12-30T19:52:47.856+0000] {dag.py:3823} INFO - Setting next_dagrun for match_features_pipeline to 2025-12-29 00:00:00+00:00, run_after=2025-12-30 00:00:00+00:00
[2025-12-30T19:52:47.886+0000] {processor.py:183} INFO - Processing /opt/airflow/dags/prediction_features_pipeline.py took 0.100 seconds
[2025-12-30T19:53:18.310+0000] {processor.py:161} INFO - Started process (PID=12491) to work on /opt/airflow/dags/prediction_features_pipeline.py
[2025-12-30T19:53:18.311+0000] {processor.py:830} INFO - Processing file /opt/airflow/dags/prediction_features_pipeline.py for tasks to queue
[2025-12-30T19:53:18.312+0000] {logging_mixin.py:188} INFO - [2025-12-30T19:53:18.312+0000] {dagbag.py:538} INFO - Filling up the DagBag from /opt/airflow/dags/prediction_features_pipeline.py
[2025-12-30T19:53:18.333+0000] {processor.py:840} INFO - DAG(s) 'match_features_pipeline' retrieved from /opt/airflow/dags/prediction_features_pipeline.py
[2025-12-30T19:53:18.354+0000] {logging_mixin.py:188} INFO - [2025-12-30T19:53:18.354+0000] {dag.py:3036} INFO - Sync 1 DAGs
[2025-12-30T19:53:18.376+0000] {logging_mixin.py:188} INFO - [2025-12-30T19:53:18.375+0000] {dag.py:3823} INFO - Setting next_dagrun for match_features_pipeline to 2025-12-29 00:00:00+00:00, run_after=2025-12-30 00:00:00+00:00
[2025-12-30T19:53:18.407+0000] {processor.py:183} INFO - Processing /opt/airflow/dags/prediction_features_pipeline.py took 0.100 seconds
[2025-12-30T19:53:48.829+0000] {processor.py:161} INFO - Started process (PID=12511) to work on /opt/airflow/dags/prediction_features_pipeline.py
[2025-12-30T19:53:48.831+0000] {processor.py:830} INFO - Processing file /opt/airflow/dags/prediction_features_pipeline.py for tasks to queue
[2025-12-30T19:53:48.832+0000] {logging_mixin.py:188} INFO - [2025-12-30T19:53:48.831+0000] {dagbag.py:538} INFO - Filling up the DagBag from /opt/airflow/dags/prediction_features_pipeline.py
[2025-12-30T19:53:48.853+0000] {processor.py:840} INFO - DAG(s) 'match_features_pipeline' retrieved from /opt/airflow/dags/prediction_features_pipeline.py
[2025-12-30T19:53:48.876+0000] {logging_mixin.py:188} INFO - [2025-12-30T19:53:48.875+0000] {dag.py:3036} INFO - Sync 1 DAGs
[2025-12-30T19:53:48.898+0000] {logging_mixin.py:188} INFO - [2025-12-30T19:53:48.897+0000] {dag.py:3823} INFO - Setting next_dagrun for match_features_pipeline to 2025-12-29 00:00:00+00:00, run_after=2025-12-30 00:00:00+00:00
[2025-12-30T19:53:48.917+0000] {processor.py:183} INFO - Processing /opt/airflow/dags/prediction_features_pipeline.py took 0.091 seconds
[2025-12-30T19:54:19.340+0000] {processor.py:161} INFO - Started process (PID=12531) to work on /opt/airflow/dags/prediction_features_pipeline.py
[2025-12-30T19:54:19.342+0000] {processor.py:830} INFO - Processing file /opt/airflow/dags/prediction_features_pipeline.py for tasks to queue
[2025-12-30T19:54:19.343+0000] {logging_mixin.py:188} INFO - [2025-12-30T19:54:19.342+0000] {dagbag.py:538} INFO - Filling up the DagBag from /opt/airflow/dags/prediction_features_pipeline.py
[2025-12-30T19:54:19.364+0000] {processor.py:840} INFO - DAG(s) 'match_features_pipeline' retrieved from /opt/airflow/dags/prediction_features_pipeline.py
[2025-12-30T19:54:19.385+0000] {logging_mixin.py:188} INFO - [2025-12-30T19:54:19.385+0000] {dag.py:3036} INFO - Sync 1 DAGs
[2025-12-30T19:54:19.407+0000] {logging_mixin.py:188} INFO - [2025-12-30T19:54:19.406+0000] {dag.py:3823} INFO - Setting next_dagrun for match_features_pipeline to 2025-12-29 00:00:00+00:00, run_after=2025-12-30 00:00:00+00:00
[2025-12-30T19:54:19.436+0000] {processor.py:183} INFO - Processing /opt/airflow/dags/prediction_features_pipeline.py took 0.101 seconds
[2025-12-30T19:54:49.869+0000] {processor.py:161} INFO - Started process (PID=12551) to work on /opt/airflow/dags/prediction_features_pipeline.py
[2025-12-30T19:54:49.871+0000] {processor.py:830} INFO - Processing file /opt/airflow/dags/prediction_features_pipeline.py for tasks to queue
[2025-12-30T19:54:49.872+0000] {logging_mixin.py:188} INFO - [2025-12-30T19:54:49.872+0000] {dagbag.py:538} INFO - Filling up the DagBag from /opt/airflow/dags/prediction_features_pipeline.py
[2025-12-30T19:54:49.901+0000] {processor.py:840} INFO - DAG(s) 'match_features_pipeline' retrieved from /opt/airflow/dags/prediction_features_pipeline.py
[2025-12-30T19:54:49.934+0000] {logging_mixin.py:188} INFO - [2025-12-30T19:54:49.933+0000] {dag.py:3036} INFO - Sync 1 DAGs
[2025-12-30T19:54:49.968+0000] {logging_mixin.py:188} INFO - [2025-12-30T19:54:49.968+0000] {dag.py:3823} INFO - Setting next_dagrun for match_features_pipeline to 2025-12-29 00:00:00+00:00, run_after=2025-12-30 00:00:00+00:00
[2025-12-30T19:54:49.997+0000] {processor.py:183} INFO - Processing /opt/airflow/dags/prediction_features_pipeline.py took 0.131 seconds
[2025-12-30T19:55:20.493+0000] {processor.py:161} INFO - Started process (PID=12571) to work on /opt/airflow/dags/prediction_features_pipeline.py
[2025-12-30T19:55:20.495+0000] {processor.py:830} INFO - Processing file /opt/airflow/dags/prediction_features_pipeline.py for tasks to queue
[2025-12-30T19:55:20.496+0000] {logging_mixin.py:188} INFO - [2025-12-30T19:55:20.496+0000] {dagbag.py:538} INFO - Filling up the DagBag from /opt/airflow/dags/prediction_features_pipeline.py
[2025-12-30T19:55:20.516+0000] {processor.py:840} INFO - DAG(s) 'match_features_pipeline' retrieved from /opt/airflow/dags/prediction_features_pipeline.py
[2025-12-30T19:55:20.538+0000] {logging_mixin.py:188} INFO - [2025-12-30T19:55:20.537+0000] {dag.py:3036} INFO - Sync 1 DAGs
[2025-12-30T19:55:20.560+0000] {logging_mixin.py:188} INFO - [2025-12-30T19:55:20.560+0000] {dag.py:3823} INFO - Setting next_dagrun for match_features_pipeline to 2025-12-29 00:00:00+00:00, run_after=2025-12-30 00:00:00+00:00
[2025-12-30T19:55:20.579+0000] {processor.py:183} INFO - Processing /opt/airflow/dags/prediction_features_pipeline.py took 0.089 seconds
[2025-12-30T19:55:51.037+0000] {processor.py:161} INFO - Started process (PID=12591) to work on /opt/airflow/dags/prediction_features_pipeline.py
[2025-12-30T19:55:51.038+0000] {processor.py:830} INFO - Processing file /opt/airflow/dags/prediction_features_pipeline.py for tasks to queue
[2025-12-30T19:55:51.039+0000] {logging_mixin.py:188} INFO - [2025-12-30T19:55:51.038+0000] {dagbag.py:538} INFO - Filling up the DagBag from /opt/airflow/dags/prediction_features_pipeline.py
[2025-12-30T19:55:51.060+0000] {processor.py:840} INFO - DAG(s) 'match_features_pipeline' retrieved from /opt/airflow/dags/prediction_features_pipeline.py
[2025-12-30T19:55:51.084+0000] {logging_mixin.py:188} INFO - [2025-12-30T19:55:51.083+0000] {dag.py:3036} INFO - Sync 1 DAGs
[2025-12-30T19:55:51.107+0000] {logging_mixin.py:188} INFO - [2025-12-30T19:55:51.107+0000] {dag.py:3823} INFO - Setting next_dagrun for match_features_pipeline to 2025-12-29 00:00:00+00:00, run_after=2025-12-30 00:00:00+00:00
[2025-12-30T19:55:51.131+0000] {processor.py:183} INFO - Processing /opt/airflow/dags/prediction_features_pipeline.py took 0.098 seconds
[2025-12-30T19:56:21.559+0000] {processor.py:161} INFO - Started process (PID=12611) to work on /opt/airflow/dags/prediction_features_pipeline.py
[2025-12-30T19:56:21.560+0000] {processor.py:830} INFO - Processing file /opt/airflow/dags/prediction_features_pipeline.py for tasks to queue
[2025-12-30T19:56:21.561+0000] {logging_mixin.py:188} INFO - [2025-12-30T19:56:21.561+0000] {dagbag.py:538} INFO - Filling up the DagBag from /opt/airflow/dags/prediction_features_pipeline.py
[2025-12-30T19:56:21.581+0000] {processor.py:840} INFO - DAG(s) 'match_features_pipeline' retrieved from /opt/airflow/dags/prediction_features_pipeline.py
[2025-12-30T19:56:21.603+0000] {logging_mixin.py:188} INFO - [2025-12-30T19:56:21.603+0000] {dag.py:3036} INFO - Sync 1 DAGs
[2025-12-30T19:56:21.625+0000] {logging_mixin.py:188} INFO - [2025-12-30T19:56:21.624+0000] {dag.py:3823} INFO - Setting next_dagrun for match_features_pipeline to 2025-12-29 00:00:00+00:00, run_after=2025-12-30 00:00:00+00:00
[2025-12-30T19:56:21.655+0000] {processor.py:183} INFO - Processing /opt/airflow/dags/prediction_features_pipeline.py took 0.101 seconds
[2025-12-30T19:56:52.082+0000] {processor.py:161} INFO - Started process (PID=12631) to work on /opt/airflow/dags/prediction_features_pipeline.py
[2025-12-30T19:56:52.084+0000] {processor.py:830} INFO - Processing file /opt/airflow/dags/prediction_features_pipeline.py for tasks to queue
[2025-12-30T19:56:52.085+0000] {logging_mixin.py:188} INFO - [2025-12-30T19:56:52.084+0000] {dagbag.py:538} INFO - Filling up the DagBag from /opt/airflow/dags/prediction_features_pipeline.py
[2025-12-30T19:56:52.106+0000] {processor.py:840} INFO - DAG(s) 'match_features_pipeline' retrieved from /opt/airflow/dags/prediction_features_pipeline.py
[2025-12-30T19:56:52.129+0000] {logging_mixin.py:188} INFO - [2025-12-30T19:56:52.128+0000] {dag.py:3036} INFO - Sync 1 DAGs
[2025-12-30T19:56:52.151+0000] {logging_mixin.py:188} INFO - [2025-12-30T19:56:52.150+0000] {dag.py:3823} INFO - Setting next_dagrun for match_features_pipeline to 2025-12-29 00:00:00+00:00, run_after=2025-12-30 00:00:00+00:00
[2025-12-30T19:56:52.182+0000] {processor.py:183} INFO - Processing /opt/airflow/dags/prediction_features_pipeline.py took 0.103 seconds
[2025-12-30T19:57:22.610+0000] {processor.py:161} INFO - Started process (PID=12651) to work on /opt/airflow/dags/prediction_features_pipeline.py
[2025-12-30T19:57:22.611+0000] {processor.py:830} INFO - Processing file /opt/airflow/dags/prediction_features_pipeline.py for tasks to queue
[2025-12-30T19:57:22.612+0000] {logging_mixin.py:188} INFO - [2025-12-30T19:57:22.612+0000] {dagbag.py:538} INFO - Filling up the DagBag from /opt/airflow/dags/prediction_features_pipeline.py
[2025-12-30T19:57:22.633+0000] {processor.py:840} INFO - DAG(s) 'match_features_pipeline' retrieved from /opt/airflow/dags/prediction_features_pipeline.py
[2025-12-30T19:57:22.654+0000] {logging_mixin.py:188} INFO - [2025-12-30T19:57:22.654+0000] {dag.py:3036} INFO - Sync 1 DAGs
[2025-12-30T19:57:22.676+0000] {logging_mixin.py:188} INFO - [2025-12-30T19:57:22.676+0000] {dag.py:3823} INFO - Setting next_dagrun for match_features_pipeline to 2025-12-29 00:00:00+00:00, run_after=2025-12-30 00:00:00+00:00
[2025-12-30T19:57:22.697+0000] {processor.py:183} INFO - Processing /opt/airflow/dags/prediction_features_pipeline.py took 0.091 seconds
[2025-12-30T19:57:53.128+0000] {processor.py:161} INFO - Started process (PID=12671) to work on /opt/airflow/dags/prediction_features_pipeline.py
[2025-12-30T19:57:53.129+0000] {processor.py:830} INFO - Processing file /opt/airflow/dags/prediction_features_pipeline.py for tasks to queue
[2025-12-30T19:57:53.130+0000] {logging_mixin.py:188} INFO - [2025-12-30T19:57:53.130+0000] {dagbag.py:538} INFO - Filling up the DagBag from /opt/airflow/dags/prediction_features_pipeline.py
[2025-12-30T19:57:53.152+0000] {processor.py:840} INFO - DAG(s) 'match_features_pipeline' retrieved from /opt/airflow/dags/prediction_features_pipeline.py
[2025-12-30T19:57:53.173+0000] {logging_mixin.py:188} INFO - [2025-12-30T19:57:53.172+0000] {dag.py:3036} INFO - Sync 1 DAGs
[2025-12-30T19:57:53.194+0000] {logging_mixin.py:188} INFO - [2025-12-30T19:57:53.194+0000] {dag.py:3823} INFO - Setting next_dagrun for match_features_pipeline to 2025-12-29 00:00:00+00:00, run_after=2025-12-30 00:00:00+00:00
[2025-12-30T19:57:53.224+0000] {processor.py:183} INFO - Processing /opt/airflow/dags/prediction_features_pipeline.py took 0.101 seconds
[2025-12-30T19:58:23.662+0000] {processor.py:161} INFO - Started process (PID=12691) to work on /opt/airflow/dags/prediction_features_pipeline.py
[2025-12-30T19:58:23.664+0000] {processor.py:830} INFO - Processing file /opt/airflow/dags/prediction_features_pipeline.py for tasks to queue
[2025-12-30T19:58:23.665+0000] {logging_mixin.py:188} INFO - [2025-12-30T19:58:23.665+0000] {dagbag.py:538} INFO - Filling up the DagBag from /opt/airflow/dags/prediction_features_pipeline.py
[2025-12-30T19:58:23.687+0000] {processor.py:840} INFO - DAG(s) 'match_features_pipeline' retrieved from /opt/airflow/dags/prediction_features_pipeline.py
[2025-12-30T19:58:23.707+0000] {logging_mixin.py:188} INFO - [2025-12-30T19:58:23.707+0000] {dag.py:3036} INFO - Sync 1 DAGs
[2025-12-30T19:58:23.729+0000] {logging_mixin.py:188} INFO - [2025-12-30T19:58:23.729+0000] {dag.py:3823} INFO - Setting next_dagrun for match_features_pipeline to 2025-12-29 00:00:00+00:00, run_after=2025-12-30 00:00:00+00:00
[2025-12-30T19:58:23.748+0000] {processor.py:183} INFO - Processing /opt/airflow/dags/prediction_features_pipeline.py took 0.090 seconds
[2025-12-30T19:58:54.183+0000] {processor.py:161} INFO - Started process (PID=12711) to work on /opt/airflow/dags/prediction_features_pipeline.py
[2025-12-30T19:58:54.185+0000] {processor.py:830} INFO - Processing file /opt/airflow/dags/prediction_features_pipeline.py for tasks to queue
[2025-12-30T19:58:54.186+0000] {logging_mixin.py:188} INFO - [2025-12-30T19:58:54.185+0000] {dagbag.py:538} INFO - Filling up the DagBag from /opt/airflow/dags/prediction_features_pipeline.py
[2025-12-30T19:58:54.206+0000] {processor.py:840} INFO - DAG(s) 'match_features_pipeline' retrieved from /opt/airflow/dags/prediction_features_pipeline.py
[2025-12-30T19:58:54.229+0000] {logging_mixin.py:188} INFO - [2025-12-30T19:58:54.228+0000] {dag.py:3036} INFO - Sync 1 DAGs
[2025-12-30T19:58:54.251+0000] {logging_mixin.py:188} INFO - [2025-12-30T19:58:54.251+0000] {dag.py:3823} INFO - Setting next_dagrun for match_features_pipeline to 2025-12-29 00:00:00+00:00, run_after=2025-12-30 00:00:00+00:00
[2025-12-30T19:58:54.279+0000] {processor.py:183} INFO - Processing /opt/airflow/dags/prediction_features_pipeline.py took 0.100 seconds
[2025-12-30T19:59:24.695+0000] {processor.py:161} INFO - Started process (PID=12731) to work on /opt/airflow/dags/prediction_features_pipeline.py
[2025-12-30T19:59:24.696+0000] {processor.py:830} INFO - Processing file /opt/airflow/dags/prediction_features_pipeline.py for tasks to queue
[2025-12-30T19:59:24.697+0000] {logging_mixin.py:188} INFO - [2025-12-30T19:59:24.697+0000] {dagbag.py:538} INFO - Filling up the DagBag from /opt/airflow/dags/prediction_features_pipeline.py
[2025-12-30T19:59:24.720+0000] {processor.py:840} INFO - DAG(s) 'match_features_pipeline' retrieved from /opt/airflow/dags/prediction_features_pipeline.py
[2025-12-30T19:59:24.742+0000] {logging_mixin.py:188} INFO - [2025-12-30T19:59:24.741+0000] {dag.py:3036} INFO - Sync 1 DAGs
[2025-12-30T19:59:24.764+0000] {logging_mixin.py:188} INFO - [2025-12-30T19:59:24.764+0000] {dag.py:3823} INFO - Setting next_dagrun for match_features_pipeline to 2025-12-29 00:00:00+00:00, run_after=2025-12-30 00:00:00+00:00
[2025-12-30T19:59:24.794+0000] {processor.py:183} INFO - Processing /opt/airflow/dags/prediction_features_pipeline.py took 0.103 seconds
[2025-12-30T19:59:55.215+0000] {processor.py:161} INFO - Started process (PID=12751) to work on /opt/airflow/dags/prediction_features_pipeline.py
[2025-12-30T19:59:55.217+0000] {processor.py:830} INFO - Processing file /opt/airflow/dags/prediction_features_pipeline.py for tasks to queue
[2025-12-30T19:59:55.218+0000] {logging_mixin.py:188} INFO - [2025-12-30T19:59:55.217+0000] {dagbag.py:538} INFO - Filling up the DagBag from /opt/airflow/dags/prediction_features_pipeline.py
[2025-12-30T19:59:55.239+0000] {processor.py:840} INFO - DAG(s) 'match_features_pipeline' retrieved from /opt/airflow/dags/prediction_features_pipeline.py
[2025-12-30T19:59:55.261+0000] {logging_mixin.py:188} INFO - [2025-12-30T19:59:55.261+0000] {dag.py:3036} INFO - Sync 1 DAGs
[2025-12-30T19:59:55.284+0000] {logging_mixin.py:188} INFO - [2025-12-30T19:59:55.284+0000] {dag.py:3823} INFO - Setting next_dagrun for match_features_pipeline to 2025-12-29 00:00:00+00:00, run_after=2025-12-30 00:00:00+00:00
[2025-12-30T19:59:55.303+0000] {processor.py:183} INFO - Processing /opt/airflow/dags/prediction_features_pipeline.py took 0.092 seconds
[2025-12-30T20:00:25.787+0000] {processor.py:161} INFO - Started process (PID=12771) to work on /opt/airflow/dags/prediction_features_pipeline.py
[2025-12-30T20:00:25.788+0000] {processor.py:830} INFO - Processing file /opt/airflow/dags/prediction_features_pipeline.py for tasks to queue
[2025-12-30T20:00:25.789+0000] {logging_mixin.py:188} INFO - [2025-12-30T20:00:25.789+0000] {dagbag.py:538} INFO - Filling up the DagBag from /opt/airflow/dags/prediction_features_pipeline.py
[2025-12-30T20:00:25.810+0000] {processor.py:840} INFO - DAG(s) 'match_features_pipeline' retrieved from /opt/airflow/dags/prediction_features_pipeline.py
[2025-12-30T20:00:25.833+0000] {logging_mixin.py:188} INFO - [2025-12-30T20:00:25.832+0000] {dag.py:3036} INFO - Sync 1 DAGs
[2025-12-30T20:00:25.857+0000] {logging_mixin.py:188} INFO - [2025-12-30T20:00:25.857+0000] {dag.py:3823} INFO - Setting next_dagrun for match_features_pipeline to 2025-12-29 00:00:00+00:00, run_after=2025-12-30 00:00:00+00:00
[2025-12-30T20:00:25.891+0000] {processor.py:183} INFO - Processing /opt/airflow/dags/prediction_features_pipeline.py took 0.108 seconds
[2025-12-30T20:00:56.322+0000] {processor.py:161} INFO - Started process (PID=12791) to work on /opt/airflow/dags/prediction_features_pipeline.py
[2025-12-30T20:00:56.323+0000] {processor.py:830} INFO - Processing file /opt/airflow/dags/prediction_features_pipeline.py for tasks to queue
[2025-12-30T20:00:56.324+0000] {logging_mixin.py:188} INFO - [2025-12-30T20:00:56.324+0000] {dagbag.py:538} INFO - Filling up the DagBag from /opt/airflow/dags/prediction_features_pipeline.py
[2025-12-30T20:00:56.346+0000] {processor.py:840} INFO - DAG(s) 'match_features_pipeline' retrieved from /opt/airflow/dags/prediction_features_pipeline.py
[2025-12-30T20:00:56.367+0000] {logging_mixin.py:188} INFO - [2025-12-30T20:00:56.367+0000] {dag.py:3036} INFO - Sync 1 DAGs
[2025-12-30T20:00:56.389+0000] {logging_mixin.py:188} INFO - [2025-12-30T20:00:56.388+0000] {dag.py:3823} INFO - Setting next_dagrun for match_features_pipeline to 2025-12-29 00:00:00+00:00, run_after=2025-12-30 00:00:00+00:00
[2025-12-30T20:00:56.407+0000] {processor.py:183} INFO - Processing /opt/airflow/dags/prediction_features_pipeline.py took 0.089 seconds
[2025-12-30T20:01:26.827+0000] {processor.py:161} INFO - Started process (PID=12811) to work on /opt/airflow/dags/prediction_features_pipeline.py
[2025-12-30T20:01:26.829+0000] {processor.py:830} INFO - Processing file /opt/airflow/dags/prediction_features_pipeline.py for tasks to queue
[2025-12-30T20:01:26.830+0000] {logging_mixin.py:188} INFO - [2025-12-30T20:01:26.830+0000] {dagbag.py:538} INFO - Filling up the DagBag from /opt/airflow/dags/prediction_features_pipeline.py
[2025-12-30T20:01:26.850+0000] {processor.py:840} INFO - DAG(s) 'match_features_pipeline' retrieved from /opt/airflow/dags/prediction_features_pipeline.py
[2025-12-30T20:01:26.872+0000] {logging_mixin.py:188} INFO - [2025-12-30T20:01:26.871+0000] {dag.py:3036} INFO - Sync 1 DAGs
[2025-12-30T20:01:26.894+0000] {logging_mixin.py:188} INFO - [2025-12-30T20:01:26.893+0000] {dag.py:3823} INFO - Setting next_dagrun for match_features_pipeline to 2025-12-29 00:00:00+00:00, run_after=2025-12-30 00:00:00+00:00
[2025-12-30T20:01:26.924+0000] {processor.py:183} INFO - Processing /opt/airflow/dags/prediction_features_pipeline.py took 0.100 seconds
[2025-12-30T20:01:57.350+0000] {processor.py:161} INFO - Started process (PID=12831) to work on /opt/airflow/dags/prediction_features_pipeline.py
[2025-12-30T20:01:57.352+0000] {processor.py:830} INFO - Processing file /opt/airflow/dags/prediction_features_pipeline.py for tasks to queue
[2025-12-30T20:01:57.353+0000] {logging_mixin.py:188} INFO - [2025-12-30T20:01:57.352+0000] {dagbag.py:538} INFO - Filling up the DagBag from /opt/airflow/dags/prediction_features_pipeline.py
[2025-12-30T20:01:57.375+0000] {processor.py:840} INFO - DAG(s) 'match_features_pipeline' retrieved from /opt/airflow/dags/prediction_features_pipeline.py
[2025-12-30T20:01:57.397+0000] {logging_mixin.py:188} INFO - [2025-12-30T20:01:57.397+0000] {dag.py:3036} INFO - Sync 1 DAGs
[2025-12-30T20:01:57.419+0000] {logging_mixin.py:188} INFO - [2025-12-30T20:01:57.419+0000] {dag.py:3823} INFO - Setting next_dagrun for match_features_pipeline to 2025-12-29 00:00:00+00:00, run_after=2025-12-30 00:00:00+00:00
[2025-12-30T20:01:57.439+0000] {processor.py:183} INFO - Processing /opt/airflow/dags/prediction_features_pipeline.py took 0.092 seconds
[2025-12-30T20:02:27.853+0000] {processor.py:161} INFO - Started process (PID=12851) to work on /opt/airflow/dags/prediction_features_pipeline.py
[2025-12-30T20:02:27.854+0000] {processor.py:830} INFO - Processing file /opt/airflow/dags/prediction_features_pipeline.py for tasks to queue
[2025-12-30T20:02:27.855+0000] {logging_mixin.py:188} INFO - [2025-12-30T20:02:27.855+0000] {dagbag.py:538} INFO - Filling up the DagBag from /opt/airflow/dags/prediction_features_pipeline.py
[2025-12-30T20:02:27.876+0000] {processor.py:840} INFO - DAG(s) 'match_features_pipeline' retrieved from /opt/airflow/dags/prediction_features_pipeline.py
[2025-12-30T20:02:27.897+0000] {logging_mixin.py:188} INFO - [2025-12-30T20:02:27.897+0000] {dag.py:3036} INFO - Sync 1 DAGs
[2025-12-30T20:02:27.919+0000] {logging_mixin.py:188} INFO - [2025-12-30T20:02:27.919+0000] {dag.py:3823} INFO - Setting next_dagrun for match_features_pipeline to 2025-12-29 00:00:00+00:00, run_after=2025-12-30 00:00:00+00:00
[2025-12-30T20:02:27.940+0000] {processor.py:183} INFO - Processing /opt/airflow/dags/prediction_features_pipeline.py took 0.091 seconds
[2025-12-30T20:02:58.373+0000] {processor.py:161} INFO - Started process (PID=12871) to work on /opt/airflow/dags/prediction_features_pipeline.py
[2025-12-30T20:02:58.374+0000] {processor.py:830} INFO - Processing file /opt/airflow/dags/prediction_features_pipeline.py for tasks to queue
[2025-12-30T20:02:58.375+0000] {logging_mixin.py:188} INFO - [2025-12-30T20:02:58.375+0000] {dagbag.py:538} INFO - Filling up the DagBag from /opt/airflow/dags/prediction_features_pipeline.py
[2025-12-30T20:02:58.398+0000] {processor.py:840} INFO - DAG(s) 'match_features_pipeline' retrieved from /opt/airflow/dags/prediction_features_pipeline.py
[2025-12-30T20:02:58.421+0000] {logging_mixin.py:188} INFO - [2025-12-30T20:02:58.420+0000] {dag.py:3036} INFO - Sync 1 DAGs
[2025-12-30T20:02:58.443+0000] {logging_mixin.py:188} INFO - [2025-12-30T20:02:58.443+0000] {dag.py:3823} INFO - Setting next_dagrun for match_features_pipeline to 2025-12-29 00:00:00+00:00, run_after=2025-12-30 00:00:00+00:00
[2025-12-30T20:02:58.465+0000] {processor.py:183} INFO - Processing /opt/airflow/dags/prediction_features_pipeline.py took 0.096 seconds
[2025-12-30T20:03:28.880+0000] {processor.py:161} INFO - Started process (PID=12891) to work on /opt/airflow/dags/prediction_features_pipeline.py
[2025-12-30T20:03:28.882+0000] {processor.py:830} INFO - Processing file /opt/airflow/dags/prediction_features_pipeline.py for tasks to queue
[2025-12-30T20:03:28.883+0000] {logging_mixin.py:188} INFO - [2025-12-30T20:03:28.883+0000] {dagbag.py:538} INFO - Filling up the DagBag from /opt/airflow/dags/prediction_features_pipeline.py
[2025-12-30T20:03:28.904+0000] {processor.py:840} INFO - DAG(s) 'match_features_pipeline' retrieved from /opt/airflow/dags/prediction_features_pipeline.py
[2025-12-30T20:03:28.926+0000] {logging_mixin.py:188} INFO - [2025-12-30T20:03:28.925+0000] {dag.py:3036} INFO - Sync 1 DAGs
[2025-12-30T20:03:28.948+0000] {logging_mixin.py:188} INFO - [2025-12-30T20:03:28.948+0000] {dag.py:3823} INFO - Setting next_dagrun for match_features_pipeline to 2025-12-29 00:00:00+00:00, run_after=2025-12-30 00:00:00+00:00
[2025-12-30T20:03:28.968+0000] {processor.py:183} INFO - Processing /opt/airflow/dags/prediction_features_pipeline.py took 0.091 seconds
[2025-12-30T20:03:59.389+0000] {processor.py:161} INFO - Started process (PID=12911) to work on /opt/airflow/dags/prediction_features_pipeline.py
[2025-12-30T20:03:59.391+0000] {processor.py:830} INFO - Processing file /opt/airflow/dags/prediction_features_pipeline.py for tasks to queue
[2025-12-30T20:03:59.392+0000] {logging_mixin.py:188} INFO - [2025-12-30T20:03:59.392+0000] {dagbag.py:538} INFO - Filling up the DagBag from /opt/airflow/dags/prediction_features_pipeline.py
[2025-12-30T20:03:59.414+0000] {processor.py:840} INFO - DAG(s) 'match_features_pipeline' retrieved from /opt/airflow/dags/prediction_features_pipeline.py
[2025-12-30T20:03:59.436+0000] {logging_mixin.py:188} INFO - [2025-12-30T20:03:59.435+0000] {dag.py:3036} INFO - Sync 1 DAGs
[2025-12-30T20:03:59.460+0000] {logging_mixin.py:188} INFO - [2025-12-30T20:03:59.459+0000] {dag.py:3823} INFO - Setting next_dagrun for match_features_pipeline to 2025-12-29 00:00:00+00:00, run_after=2025-12-30 00:00:00+00:00
[2025-12-30T20:03:59.480+0000] {processor.py:183} INFO - Processing /opt/airflow/dags/prediction_features_pipeline.py took 0.095 seconds
[2025-12-30T20:04:29.900+0000] {processor.py:161} INFO - Started process (PID=12931) to work on /opt/airflow/dags/prediction_features_pipeline.py
[2025-12-30T20:04:29.902+0000] {processor.py:830} INFO - Processing file /opt/airflow/dags/prediction_features_pipeline.py for tasks to queue
[2025-12-30T20:04:29.903+0000] {logging_mixin.py:188} INFO - [2025-12-30T20:04:29.903+0000] {dagbag.py:538} INFO - Filling up the DagBag from /opt/airflow/dags/prediction_features_pipeline.py
[2025-12-30T20:04:29.924+0000] {processor.py:840} INFO - DAG(s) 'match_features_pipeline' retrieved from /opt/airflow/dags/prediction_features_pipeline.py
[2025-12-30T20:04:29.945+0000] {logging_mixin.py:188} INFO - [2025-12-30T20:04:29.944+0000] {dag.py:3036} INFO - Sync 1 DAGs
[2025-12-30T20:04:29.966+0000] {logging_mixin.py:188} INFO - [2025-12-30T20:04:29.966+0000] {dag.py:3823} INFO - Setting next_dagrun for match_features_pipeline to 2025-12-29 00:00:00+00:00, run_after=2025-12-30 00:00:00+00:00
[2025-12-30T20:04:29.986+0000] {processor.py:183} INFO - Processing /opt/airflow/dags/prediction_features_pipeline.py took 0.090 seconds
[2025-12-30T20:05:00.413+0000] {processor.py:161} INFO - Started process (PID=12951) to work on /opt/airflow/dags/prediction_features_pipeline.py
[2025-12-30T20:05:00.415+0000] {processor.py:830} INFO - Processing file /opt/airflow/dags/prediction_features_pipeline.py for tasks to queue
[2025-12-30T20:05:00.416+0000] {logging_mixin.py:188} INFO - [2025-12-30T20:05:00.416+0000] {dagbag.py:538} INFO - Filling up the DagBag from /opt/airflow/dags/prediction_features_pipeline.py
[2025-12-30T20:05:00.437+0000] {processor.py:840} INFO - DAG(s) 'match_features_pipeline' retrieved from /opt/airflow/dags/prediction_features_pipeline.py
[2025-12-30T20:05:00.458+0000] {logging_mixin.py:188} INFO - [2025-12-30T20:05:00.458+0000] {dag.py:3036} INFO - Sync 1 DAGs
[2025-12-30T20:05:00.480+0000] {logging_mixin.py:188} INFO - [2025-12-30T20:05:00.480+0000] {dag.py:3823} INFO - Setting next_dagrun for match_features_pipeline to 2025-12-29 00:00:00+00:00, run_after=2025-12-30 00:00:00+00:00
[2025-12-30T20:05:00.501+0000] {processor.py:183} INFO - Processing /opt/airflow/dags/prediction_features_pipeline.py took 0.091 seconds
[2025-12-30T20:05:30.989+0000] {processor.py:161} INFO - Started process (PID=12971) to work on /opt/airflow/dags/prediction_features_pipeline.py
[2025-12-30T20:05:30.991+0000] {processor.py:830} INFO - Processing file /opt/airflow/dags/prediction_features_pipeline.py for tasks to queue
[2025-12-30T20:05:30.992+0000] {logging_mixin.py:188} INFO - [2025-12-30T20:05:30.991+0000] {dagbag.py:538} INFO - Filling up the DagBag from /opt/airflow/dags/prediction_features_pipeline.py
[2025-12-30T20:05:31.012+0000] {processor.py:840} INFO - DAG(s) 'match_features_pipeline' retrieved from /opt/airflow/dags/prediction_features_pipeline.py
[2025-12-30T20:05:31.034+0000] {logging_mixin.py:188} INFO - [2025-12-30T20:05:31.033+0000] {dag.py:3036} INFO - Sync 1 DAGs
[2025-12-30T20:05:31.055+0000] {logging_mixin.py:188} INFO - [2025-12-30T20:05:31.055+0000] {dag.py:3823} INFO - Setting next_dagrun for match_features_pipeline to 2025-12-29 00:00:00+00:00, run_after=2025-12-30 00:00:00+00:00
[2025-12-30T20:05:31.085+0000] {processor.py:183} INFO - Processing /opt/airflow/dags/prediction_features_pipeline.py took 0.099 seconds
[2025-12-30T20:06:01.524+0000] {processor.py:161} INFO - Started process (PID=12991) to work on /opt/airflow/dags/prediction_features_pipeline.py
[2025-12-30T20:06:01.526+0000] {processor.py:830} INFO - Processing file /opt/airflow/dags/prediction_features_pipeline.py for tasks to queue
[2025-12-30T20:06:01.527+0000] {logging_mixin.py:188} INFO - [2025-12-30T20:06:01.527+0000] {dagbag.py:538} INFO - Filling up the DagBag from /opt/airflow/dags/prediction_features_pipeline.py
[2025-12-30T20:06:01.548+0000] {processor.py:840} INFO - DAG(s) 'match_features_pipeline' retrieved from /opt/airflow/dags/prediction_features_pipeline.py
[2025-12-30T20:06:01.573+0000] {logging_mixin.py:188} INFO - [2025-12-30T20:06:01.572+0000] {dag.py:3036} INFO - Sync 1 DAGs
[2025-12-30T20:06:01.598+0000] {logging_mixin.py:188} INFO - [2025-12-30T20:06:01.598+0000] {dag.py:3823} INFO - Setting next_dagrun for match_features_pipeline to 2025-12-29 00:00:00+00:00, run_after=2025-12-30 00:00:00+00:00
[2025-12-30T20:06:01.622+0000] {processor.py:183} INFO - Processing /opt/airflow/dags/prediction_features_pipeline.py took 0.101 seconds
[2025-12-30T20:06:32.048+0000] {processor.py:161} INFO - Started process (PID=13011) to work on /opt/airflow/dags/prediction_features_pipeline.py
[2025-12-30T20:06:32.059+0000] {processor.py:830} INFO - Processing file /opt/airflow/dags/prediction_features_pipeline.py for tasks to queue
[2025-12-30T20:06:32.060+0000] {logging_mixin.py:188} INFO - [2025-12-30T20:06:32.060+0000] {dagbag.py:538} INFO - Filling up the DagBag from /opt/airflow/dags/prediction_features_pipeline.py
[2025-12-30T20:06:32.082+0000] {processor.py:840} INFO - DAG(s) 'match_features_pipeline' retrieved from /opt/airflow/dags/prediction_features_pipeline.py
[2025-12-30T20:06:32.105+0000] {logging_mixin.py:188} INFO - [2025-12-30T20:06:32.105+0000] {dag.py:3036} INFO - Sync 1 DAGs
[2025-12-30T20:06:32.127+0000] {logging_mixin.py:188} INFO - [2025-12-30T20:06:32.126+0000] {dag.py:3823} INFO - Setting next_dagrun for match_features_pipeline to 2025-12-29 00:00:00+00:00, run_after=2025-12-30 00:00:00+00:00
[2025-12-30T20:06:32.146+0000] {processor.py:183} INFO - Processing /opt/airflow/dags/prediction_features_pipeline.py took 0.101 seconds
[2025-12-30T20:07:02.579+0000] {processor.py:161} INFO - Started process (PID=13031) to work on /opt/airflow/dags/prediction_features_pipeline.py
[2025-12-30T20:07:02.580+0000] {processor.py:830} INFO - Processing file /opt/airflow/dags/prediction_features_pipeline.py for tasks to queue
[2025-12-30T20:07:02.581+0000] {logging_mixin.py:188} INFO - [2025-12-30T20:07:02.581+0000] {dagbag.py:538} INFO - Filling up the DagBag from /opt/airflow/dags/prediction_features_pipeline.py
[2025-12-30T20:07:02.601+0000] {processor.py:840} INFO - DAG(s) 'match_features_pipeline' retrieved from /opt/airflow/dags/prediction_features_pipeline.py
[2025-12-30T20:07:02.623+0000] {logging_mixin.py:188} INFO - [2025-12-30T20:07:02.623+0000] {dag.py:3036} INFO - Sync 1 DAGs
[2025-12-30T20:07:02.644+0000] {logging_mixin.py:188} INFO - [2025-12-30T20:07:02.644+0000] {dag.py:3823} INFO - Setting next_dagrun for match_features_pipeline to 2025-12-29 00:00:00+00:00, run_after=2025-12-30 00:00:00+00:00
[2025-12-30T20:07:02.676+0000] {processor.py:183} INFO - Processing /opt/airflow/dags/prediction_features_pipeline.py took 0.101 seconds
[2025-12-30T20:07:33.105+0000] {processor.py:161} INFO - Started process (PID=13051) to work on /opt/airflow/dags/prediction_features_pipeline.py
[2025-12-30T20:07:33.106+0000] {processor.py:830} INFO - Processing file /opt/airflow/dags/prediction_features_pipeline.py for tasks to queue
[2025-12-30T20:07:33.107+0000] {logging_mixin.py:188} INFO - [2025-12-30T20:07:33.107+0000] {dagbag.py:538} INFO - Filling up the DagBag from /opt/airflow/dags/prediction_features_pipeline.py
[2025-12-30T20:07:33.128+0000] {processor.py:840} INFO - DAG(s) 'match_features_pipeline' retrieved from /opt/airflow/dags/prediction_features_pipeline.py
[2025-12-30T20:07:33.150+0000] {logging_mixin.py:188} INFO - [2025-12-30T20:07:33.150+0000] {dag.py:3036} INFO - Sync 1 DAGs
[2025-12-30T20:07:33.174+0000] {logging_mixin.py:188} INFO - [2025-12-30T20:07:33.174+0000] {dag.py:3823} INFO - Setting next_dagrun for match_features_pipeline to 2025-12-29 00:00:00+00:00, run_after=2025-12-30 00:00:00+00:00
[2025-12-30T20:07:33.206+0000] {processor.py:183} INFO - Processing /opt/airflow/dags/prediction_features_pipeline.py took 0.105 seconds
[2025-12-30T20:08:03.628+0000] {processor.py:161} INFO - Started process (PID=13071) to work on /opt/airflow/dags/prediction_features_pipeline.py
[2025-12-30T20:08:03.629+0000] {processor.py:830} INFO - Processing file /opt/airflow/dags/prediction_features_pipeline.py for tasks to queue
[2025-12-30T20:08:03.630+0000] {logging_mixin.py:188} INFO - [2025-12-30T20:08:03.630+0000] {dagbag.py:538} INFO - Filling up the DagBag from /opt/airflow/dags/prediction_features_pipeline.py
[2025-12-30T20:08:03.651+0000] {processor.py:840} INFO - DAG(s) 'match_features_pipeline' retrieved from /opt/airflow/dags/prediction_features_pipeline.py
[2025-12-30T20:08:03.674+0000] {logging_mixin.py:188} INFO - [2025-12-30T20:08:03.674+0000] {dag.py:3036} INFO - Sync 1 DAGs
[2025-12-30T20:08:03.696+0000] {logging_mixin.py:188} INFO - [2025-12-30T20:08:03.696+0000] {dag.py:3823} INFO - Setting next_dagrun for match_features_pipeline to 2025-12-29 00:00:00+00:00, run_after=2025-12-30 00:00:00+00:00
[2025-12-30T20:08:03.728+0000] {processor.py:183} INFO - Processing /opt/airflow/dags/prediction_features_pipeline.py took 0.104 seconds
[2025-12-30T20:08:34.152+0000] {processor.py:161} INFO - Started process (PID=13091) to work on /opt/airflow/dags/prediction_features_pipeline.py
[2025-12-30T20:08:34.153+0000] {processor.py:830} INFO - Processing file /opt/airflow/dags/prediction_features_pipeline.py for tasks to queue
[2025-12-30T20:08:34.154+0000] {logging_mixin.py:188} INFO - [2025-12-30T20:08:34.154+0000] {dagbag.py:538} INFO - Filling up the DagBag from /opt/airflow/dags/prediction_features_pipeline.py
[2025-12-30T20:08:34.175+0000] {processor.py:840} INFO - DAG(s) 'match_features_pipeline' retrieved from /opt/airflow/dags/prediction_features_pipeline.py
[2025-12-30T20:08:34.196+0000] {logging_mixin.py:188} INFO - [2025-12-30T20:08:34.196+0000] {dag.py:3036} INFO - Sync 1 DAGs
[2025-12-30T20:08:34.218+0000] {logging_mixin.py:188} INFO - [2025-12-30T20:08:34.217+0000] {dag.py:3823} INFO - Setting next_dagrun for match_features_pipeline to 2025-12-29 00:00:00+00:00, run_after=2025-12-30 00:00:00+00:00
[2025-12-30T20:08:34.238+0000] {processor.py:183} INFO - Processing /opt/airflow/dags/prediction_features_pipeline.py took 0.090 seconds
[2025-12-30T20:09:04.662+0000] {processor.py:161} INFO - Started process (PID=13111) to work on /opt/airflow/dags/prediction_features_pipeline.py
[2025-12-30T20:09:04.663+0000] {processor.py:830} INFO - Processing file /opt/airflow/dags/prediction_features_pipeline.py for tasks to queue
[2025-12-30T20:09:04.664+0000] {logging_mixin.py:188} INFO - [2025-12-30T20:09:04.664+0000] {dagbag.py:538} INFO - Filling up the DagBag from /opt/airflow/dags/prediction_features_pipeline.py
[2025-12-30T20:09:04.684+0000] {processor.py:840} INFO - DAG(s) 'match_features_pipeline' retrieved from /opt/airflow/dags/prediction_features_pipeline.py
[2025-12-30T20:09:04.706+0000] {logging_mixin.py:188} INFO - [2025-12-30T20:09:04.706+0000] {dag.py:3036} INFO - Sync 1 DAGs
[2025-12-30T20:09:04.731+0000] {logging_mixin.py:188} INFO - [2025-12-30T20:09:04.730+0000] {dag.py:3823} INFO - Setting next_dagrun for match_features_pipeline to 2025-12-29 00:00:00+00:00, run_after=2025-12-30 00:00:00+00:00
[2025-12-30T20:09:04.763+0000] {processor.py:183} INFO - Processing /opt/airflow/dags/prediction_features_pipeline.py took 0.105 seconds
[2025-12-30T20:09:35.178+0000] {processor.py:161} INFO - Started process (PID=13131) to work on /opt/airflow/dags/prediction_features_pipeline.py
[2025-12-30T20:09:35.179+0000] {processor.py:830} INFO - Processing file /opt/airflow/dags/prediction_features_pipeline.py for tasks to queue
[2025-12-30T20:09:35.180+0000] {logging_mixin.py:188} INFO - [2025-12-30T20:09:35.180+0000] {dagbag.py:538} INFO - Filling up the DagBag from /opt/airflow/dags/prediction_features_pipeline.py
[2025-12-30T20:09:35.201+0000] {processor.py:840} INFO - DAG(s) 'match_features_pipeline' retrieved from /opt/airflow/dags/prediction_features_pipeline.py
[2025-12-30T20:09:35.222+0000] {logging_mixin.py:188} INFO - [2025-12-30T20:09:35.221+0000] {dag.py:3036} INFO - Sync 1 DAGs
[2025-12-30T20:09:35.243+0000] {logging_mixin.py:188} INFO - [2025-12-30T20:09:35.242+0000] {dag.py:3823} INFO - Setting next_dagrun for match_features_pipeline to 2025-12-29 00:00:00+00:00, run_after=2025-12-30 00:00:00+00:00
[2025-12-30T20:09:35.262+0000] {processor.py:183} INFO - Processing /opt/airflow/dags/prediction_features_pipeline.py took 0.088 seconds
[2025-12-30T20:10:05.696+0000] {processor.py:161} INFO - Started process (PID=13151) to work on /opt/airflow/dags/prediction_features_pipeline.py
[2025-12-30T20:10:05.698+0000] {processor.py:830} INFO - Processing file /opt/airflow/dags/prediction_features_pipeline.py for tasks to queue
[2025-12-30T20:10:05.699+0000] {logging_mixin.py:188} INFO - [2025-12-30T20:10:05.698+0000] {dagbag.py:538} INFO - Filling up the DagBag from /opt/airflow/dags/prediction_features_pipeline.py
[2025-12-30T20:10:05.720+0000] {processor.py:840} INFO - DAG(s) 'match_features_pipeline' retrieved from /opt/airflow/dags/prediction_features_pipeline.py
[2025-12-30T20:10:05.741+0000] {logging_mixin.py:188} INFO - [2025-12-30T20:10:05.741+0000] {dag.py:3036} INFO - Sync 1 DAGs
[2025-12-30T20:10:05.764+0000] {logging_mixin.py:188} INFO - [2025-12-30T20:10:05.763+0000] {dag.py:3823} INFO - Setting next_dagrun for match_features_pipeline to 2025-12-29 00:00:00+00:00, run_after=2025-12-30 00:00:00+00:00
[2025-12-30T20:10:05.796+0000] {processor.py:183} INFO - Processing /opt/airflow/dags/prediction_features_pipeline.py took 0.103 seconds
[2025-12-30T20:10:36.206+0000] {processor.py:161} INFO - Started process (PID=13171) to work on /opt/airflow/dags/prediction_features_pipeline.py
[2025-12-30T20:10:36.207+0000] {processor.py:830} INFO - Processing file /opt/airflow/dags/prediction_features_pipeline.py for tasks to queue
[2025-12-30T20:10:36.208+0000] {logging_mixin.py:188} INFO - [2025-12-30T20:10:36.208+0000] {dagbag.py:538} INFO - Filling up the DagBag from /opt/airflow/dags/prediction_features_pipeline.py
[2025-12-30T20:10:36.227+0000] {processor.py:840} INFO - DAG(s) 'match_features_pipeline' retrieved from /opt/airflow/dags/prediction_features_pipeline.py
[2025-12-30T20:10:36.248+0000] {logging_mixin.py:188} INFO - [2025-12-30T20:10:36.248+0000] {dag.py:3036} INFO - Sync 1 DAGs
[2025-12-30T20:10:36.269+0000] {logging_mixin.py:188} INFO - [2025-12-30T20:10:36.269+0000] {dag.py:3823} INFO - Setting next_dagrun for match_features_pipeline to 2025-12-29 00:00:00+00:00, run_after=2025-12-30 00:00:00+00:00
[2025-12-30T20:10:36.290+0000] {processor.py:183} INFO - Processing /opt/airflow/dags/prediction_features_pipeline.py took 0.089 seconds
[2025-12-30T20:11:06.714+0000] {processor.py:161} INFO - Started process (PID=13191) to work on /opt/airflow/dags/prediction_features_pipeline.py
[2025-12-30T20:11:06.716+0000] {processor.py:830} INFO - Processing file /opt/airflow/dags/prediction_features_pipeline.py for tasks to queue
[2025-12-30T20:11:06.717+0000] {logging_mixin.py:188} INFO - [2025-12-30T20:11:06.716+0000] {dagbag.py:538} INFO - Filling up the DagBag from /opt/airflow/dags/prediction_features_pipeline.py
[2025-12-30T20:11:06.737+0000] {processor.py:840} INFO - DAG(s) 'match_features_pipeline' retrieved from /opt/airflow/dags/prediction_features_pipeline.py
[2025-12-30T20:11:06.759+0000] {logging_mixin.py:188} INFO - [2025-12-30T20:11:06.759+0000] {dag.py:3036} INFO - Sync 1 DAGs
[2025-12-30T20:11:06.783+0000] {logging_mixin.py:188} INFO - [2025-12-30T20:11:06.782+0000] {dag.py:3823} INFO - Setting next_dagrun for match_features_pipeline to 2025-12-29 00:00:00+00:00, run_after=2025-12-30 00:00:00+00:00
[2025-12-30T20:11:06.802+0000] {processor.py:183} INFO - Processing /opt/airflow/dags/prediction_features_pipeline.py took 0.092 seconds
[2025-12-30T20:11:37.226+0000] {processor.py:161} INFO - Started process (PID=13211) to work on /opt/airflow/dags/prediction_features_pipeline.py
[2025-12-30T20:11:37.228+0000] {processor.py:830} INFO - Processing file /opt/airflow/dags/prediction_features_pipeline.py for tasks to queue
[2025-12-30T20:11:37.229+0000] {logging_mixin.py:188} INFO - [2025-12-30T20:11:37.229+0000] {dagbag.py:538} INFO - Filling up the DagBag from /opt/airflow/dags/prediction_features_pipeline.py
[2025-12-30T20:11:37.249+0000] {processor.py:840} INFO - DAG(s) 'match_features_pipeline' retrieved from /opt/airflow/dags/prediction_features_pipeline.py
[2025-12-30T20:11:37.270+0000] {logging_mixin.py:188} INFO - [2025-12-30T20:11:37.269+0000] {dag.py:3036} INFO - Sync 1 DAGs
[2025-12-30T20:11:37.292+0000] {logging_mixin.py:188} INFO - [2025-12-30T20:11:37.292+0000] {dag.py:3823} INFO - Setting next_dagrun for match_features_pipeline to 2025-12-29 00:00:00+00:00, run_after=2025-12-30 00:00:00+00:00
[2025-12-30T20:11:37.321+0000] {processor.py:183} INFO - Processing /opt/airflow/dags/prediction_features_pipeline.py took 0.098 seconds
[2025-12-30T20:12:07.744+0000] {processor.py:161} INFO - Started process (PID=13231) to work on /opt/airflow/dags/prediction_features_pipeline.py
[2025-12-30T20:12:07.745+0000] {processor.py:830} INFO - Processing file /opt/airflow/dags/prediction_features_pipeline.py for tasks to queue
[2025-12-30T20:12:07.746+0000] {logging_mixin.py:188} INFO - [2025-12-30T20:12:07.746+0000] {dagbag.py:538} INFO - Filling up the DagBag from /opt/airflow/dags/prediction_features_pipeline.py
[2025-12-30T20:12:07.767+0000] {processor.py:840} INFO - DAG(s) 'match_features_pipeline' retrieved from /opt/airflow/dags/prediction_features_pipeline.py
[2025-12-30T20:12:07.788+0000] {logging_mixin.py:188} INFO - [2025-12-30T20:12:07.788+0000] {dag.py:3036} INFO - Sync 1 DAGs
[2025-12-30T20:12:07.811+0000] {logging_mixin.py:188} INFO - [2025-12-30T20:12:07.811+0000] {dag.py:3823} INFO - Setting next_dagrun for match_features_pipeline to 2025-12-29 00:00:00+00:00, run_after=2025-12-30 00:00:00+00:00
[2025-12-30T20:12:07.841+0000] {processor.py:183} INFO - Processing /opt/airflow/dags/prediction_features_pipeline.py took 0.100 seconds
[2025-12-30T20:12:38.260+0000] {processor.py:161} INFO - Started process (PID=13251) to work on /opt/airflow/dags/prediction_features_pipeline.py
[2025-12-30T20:12:38.261+0000] {processor.py:830} INFO - Processing file /opt/airflow/dags/prediction_features_pipeline.py for tasks to queue
[2025-12-30T20:12:38.262+0000] {logging_mixin.py:188} INFO - [2025-12-30T20:12:38.262+0000] {dagbag.py:538} INFO - Filling up the DagBag from /opt/airflow/dags/prediction_features_pipeline.py
[2025-12-30T20:12:38.283+0000] {processor.py:840} INFO - DAG(s) 'match_features_pipeline' retrieved from /opt/airflow/dags/prediction_features_pipeline.py
[2025-12-30T20:12:38.304+0000] {logging_mixin.py:188} INFO - [2025-12-30T20:12:38.304+0000] {dag.py:3036} INFO - Sync 1 DAGs
[2025-12-30T20:12:38.327+0000] {logging_mixin.py:188} INFO - [2025-12-30T20:12:38.327+0000] {dag.py:3823} INFO - Setting next_dagrun for match_features_pipeline to 2025-12-29 00:00:00+00:00, run_after=2025-12-30 00:00:00+00:00
[2025-12-30T20:12:38.344+0000] {processor.py:183} INFO - Processing /opt/airflow/dags/prediction_features_pipeline.py took 0.089 seconds
[2025-12-30T20:13:08.773+0000] {processor.py:161} INFO - Started process (PID=13271) to work on /opt/airflow/dags/prediction_features_pipeline.py
[2025-12-30T20:13:08.774+0000] {processor.py:830} INFO - Processing file /opt/airflow/dags/prediction_features_pipeline.py for tasks to queue
[2025-12-30T20:13:08.775+0000] {logging_mixin.py:188} INFO - [2025-12-30T20:13:08.775+0000] {dagbag.py:538} INFO - Filling up the DagBag from /opt/airflow/dags/prediction_features_pipeline.py
[2025-12-30T20:13:08.796+0000] {processor.py:840} INFO - DAG(s) 'match_features_pipeline' retrieved from /opt/airflow/dags/prediction_features_pipeline.py
[2025-12-30T20:13:08.819+0000] {logging_mixin.py:188} INFO - [2025-12-30T20:13:08.818+0000] {dag.py:3036} INFO - Sync 1 DAGs
[2025-12-30T20:13:08.842+0000] {logging_mixin.py:188} INFO - [2025-12-30T20:13:08.841+0000] {dag.py:3823} INFO - Setting next_dagrun for match_features_pipeline to 2025-12-29 00:00:00+00:00, run_after=2025-12-30 00:00:00+00:00
[2025-12-30T20:13:08.861+0000] {processor.py:183} INFO - Processing /opt/airflow/dags/prediction_features_pipeline.py took 0.092 seconds
[2025-12-30T20:13:39.275+0000] {processor.py:161} INFO - Started process (PID=13291) to work on /opt/airflow/dags/prediction_features_pipeline.py
[2025-12-30T20:13:39.276+0000] {processor.py:830} INFO - Processing file /opt/airflow/dags/prediction_features_pipeline.py for tasks to queue
[2025-12-30T20:13:39.278+0000] {logging_mixin.py:188} INFO - [2025-12-30T20:13:39.277+0000] {dagbag.py:538} INFO - Filling up the DagBag from /opt/airflow/dags/prediction_features_pipeline.py
[2025-12-30T20:13:39.298+0000] {processor.py:840} INFO - DAG(s) 'match_features_pipeline' retrieved from /opt/airflow/dags/prediction_features_pipeline.py
[2025-12-30T20:13:39.319+0000] {logging_mixin.py:188} INFO - [2025-12-30T20:13:39.319+0000] {dag.py:3036} INFO - Sync 1 DAGs
[2025-12-30T20:13:39.342+0000] {logging_mixin.py:188} INFO - [2025-12-30T20:13:39.342+0000] {dag.py:3823} INFO - Setting next_dagrun for match_features_pipeline to 2025-12-29 00:00:00+00:00, run_after=2025-12-30 00:00:00+00:00
[2025-12-30T20:13:39.362+0000] {processor.py:183} INFO - Processing /opt/airflow/dags/prediction_features_pipeline.py took 0.091 seconds
[2025-12-30T20:14:09.794+0000] {processor.py:161} INFO - Started process (PID=13311) to work on /opt/airflow/dags/prediction_features_pipeline.py
[2025-12-30T20:14:09.795+0000] {processor.py:830} INFO - Processing file /opt/airflow/dags/prediction_features_pipeline.py for tasks to queue
[2025-12-30T20:14:09.796+0000] {logging_mixin.py:188} INFO - [2025-12-30T20:14:09.796+0000] {dagbag.py:538} INFO - Filling up the DagBag from /opt/airflow/dags/prediction_features_pipeline.py
[2025-12-30T20:14:09.816+0000] {processor.py:840} INFO - DAG(s) 'match_features_pipeline' retrieved from /opt/airflow/dags/prediction_features_pipeline.py
[2025-12-30T20:14:09.837+0000] {logging_mixin.py:188} INFO - [2025-12-30T20:14:09.837+0000] {dag.py:3036} INFO - Sync 1 DAGs
[2025-12-30T20:14:09.858+0000] {logging_mixin.py:188} INFO - [2025-12-30T20:14:09.858+0000] {dag.py:3823} INFO - Setting next_dagrun for match_features_pipeline to 2025-12-29 00:00:00+00:00, run_after=2025-12-30 00:00:00+00:00
[2025-12-30T20:14:09.887+0000] {processor.py:183} INFO - Processing /opt/airflow/dags/prediction_features_pipeline.py took 0.097 seconds
[2025-12-30T20:14:40.299+0000] {processor.py:161} INFO - Started process (PID=13331) to work on /opt/airflow/dags/prediction_features_pipeline.py
[2025-12-30T20:14:40.301+0000] {processor.py:830} INFO - Processing file /opt/airflow/dags/prediction_features_pipeline.py for tasks to queue
[2025-12-30T20:14:40.302+0000] {logging_mixin.py:188} INFO - [2025-12-30T20:14:40.301+0000] {dagbag.py:538} INFO - Filling up the DagBag from /opt/airflow/dags/prediction_features_pipeline.py
[2025-12-30T20:14:40.322+0000] {processor.py:840} INFO - DAG(s) 'match_features_pipeline' retrieved from /opt/airflow/dags/prediction_features_pipeline.py
[2025-12-30T20:14:40.344+0000] {logging_mixin.py:188} INFO - [2025-12-30T20:14:40.344+0000] {dag.py:3036} INFO - Sync 1 DAGs
[2025-12-30T20:14:40.366+0000] {logging_mixin.py:188} INFO - [2025-12-30T20:14:40.366+0000] {dag.py:3823} INFO - Setting next_dagrun for match_features_pipeline to 2025-12-29 00:00:00+00:00, run_after=2025-12-30 00:00:00+00:00
[2025-12-30T20:14:40.385+0000] {processor.py:183} INFO - Processing /opt/airflow/dags/prediction_features_pipeline.py took 0.090 seconds
[2025-12-30T20:15:10.876+0000] {processor.py:161} INFO - Started process (PID=13351) to work on /opt/airflow/dags/prediction_features_pipeline.py
[2025-12-30T20:15:10.878+0000] {processor.py:830} INFO - Processing file /opt/airflow/dags/prediction_features_pipeline.py for tasks to queue
[2025-12-30T20:15:10.879+0000] {logging_mixin.py:188} INFO - [2025-12-30T20:15:10.879+0000] {dagbag.py:538} INFO - Filling up the DagBag from /opt/airflow/dags/prediction_features_pipeline.py
[2025-12-30T20:15:10.899+0000] {processor.py:840} INFO - DAG(s) 'match_features_pipeline' retrieved from /opt/airflow/dags/prediction_features_pipeline.py
[2025-12-30T20:15:10.922+0000] {logging_mixin.py:188} INFO - [2025-12-30T20:15:10.922+0000] {dag.py:3036} INFO - Sync 1 DAGs
[2025-12-30T20:15:10.943+0000] {logging_mixin.py:188} INFO - [2025-12-30T20:15:10.943+0000] {dag.py:3823} INFO - Setting next_dagrun for match_features_pipeline to 2025-12-29 00:00:00+00:00, run_after=2025-12-30 00:00:00+00:00
[2025-12-30T20:15:10.962+0000] {processor.py:183} INFO - Processing /opt/airflow/dags/prediction_features_pipeline.py took 0.090 seconds
[2025-12-30T20:15:41.375+0000] {processor.py:161} INFO - Started process (PID=13371) to work on /opt/airflow/dags/prediction_features_pipeline.py
[2025-12-30T20:15:41.377+0000] {processor.py:830} INFO - Processing file /opt/airflow/dags/prediction_features_pipeline.py for tasks to queue
[2025-12-30T20:15:41.378+0000] {logging_mixin.py:188} INFO - [2025-12-30T20:15:41.377+0000] {dagbag.py:538} INFO - Filling up the DagBag from /opt/airflow/dags/prediction_features_pipeline.py
[2025-12-30T20:15:41.399+0000] {processor.py:840} INFO - DAG(s) 'match_features_pipeline' retrieved from /opt/airflow/dags/prediction_features_pipeline.py
[2025-12-30T20:15:41.419+0000] {logging_mixin.py:188} INFO - [2025-12-30T20:15:41.419+0000] {dag.py:3036} INFO - Sync 1 DAGs
[2025-12-30T20:15:41.441+0000] {logging_mixin.py:188} INFO - [2025-12-30T20:15:41.441+0000] {dag.py:3823} INFO - Setting next_dagrun for match_features_pipeline to 2025-12-29 00:00:00+00:00, run_after=2025-12-30 00:00:00+00:00
[2025-12-30T20:15:41.471+0000] {processor.py:183} INFO - Processing /opt/airflow/dags/prediction_features_pipeline.py took 0.100 seconds
[2025-12-30T20:16:11.893+0000] {processor.py:161} INFO - Started process (PID=13391) to work on /opt/airflow/dags/prediction_features_pipeline.py
[2025-12-30T20:16:11.894+0000] {processor.py:830} INFO - Processing file /opt/airflow/dags/prediction_features_pipeline.py for tasks to queue
[2025-12-30T20:16:11.896+0000] {logging_mixin.py:188} INFO - [2025-12-30T20:16:11.895+0000] {dagbag.py:538} INFO - Filling up the DagBag from /opt/airflow/dags/prediction_features_pipeline.py
[2025-12-30T20:16:11.918+0000] {processor.py:840} INFO - DAG(s) 'match_features_pipeline' retrieved from /opt/airflow/dags/prediction_features_pipeline.py
[2025-12-30T20:16:11.939+0000] {logging_mixin.py:188} INFO - [2025-12-30T20:16:11.938+0000] {dag.py:3036} INFO - Sync 1 DAGs
[2025-12-30T20:16:11.962+0000] {logging_mixin.py:188} INFO - [2025-12-30T20:16:11.962+0000] {dag.py:3823} INFO - Setting next_dagrun for match_features_pipeline to 2025-12-29 00:00:00+00:00, run_after=2025-12-30 00:00:00+00:00
[2025-12-30T20:16:11.994+0000] {processor.py:183} INFO - Processing /opt/airflow/dags/prediction_features_pipeline.py took 0.105 seconds
[2025-12-30T20:16:42.419+0000] {processor.py:161} INFO - Started process (PID=13411) to work on /opt/airflow/dags/prediction_features_pipeline.py
[2025-12-30T20:16:42.420+0000] {processor.py:830} INFO - Processing file /opt/airflow/dags/prediction_features_pipeline.py for tasks to queue
[2025-12-30T20:16:42.421+0000] {logging_mixin.py:188} INFO - [2025-12-30T20:16:42.421+0000] {dagbag.py:538} INFO - Filling up the DagBag from /opt/airflow/dags/prediction_features_pipeline.py
[2025-12-30T20:16:42.441+0000] {processor.py:840} INFO - DAG(s) 'match_features_pipeline' retrieved from /opt/airflow/dags/prediction_features_pipeline.py
[2025-12-30T20:16:42.463+0000] {logging_mixin.py:188} INFO - [2025-12-30T20:16:42.462+0000] {dag.py:3036} INFO - Sync 1 DAGs
[2025-12-30T20:16:42.488+0000] {logging_mixin.py:188} INFO - [2025-12-30T20:16:42.487+0000] {dag.py:3823} INFO - Setting next_dagrun for match_features_pipeline to 2025-12-29 00:00:00+00:00, run_after=2025-12-30 00:00:00+00:00
[2025-12-30T20:16:42.519+0000] {processor.py:183} INFO - Processing /opt/airflow/dags/prediction_features_pipeline.py took 0.103 seconds
[2025-12-30T20:17:13.197+0000] {processor.py:161} INFO - Started process (PID=13431) to work on /opt/airflow/dags/prediction_features_pipeline.py
[2025-12-30T20:17:13.199+0000] {processor.py:830} INFO - Processing file /opt/airflow/dags/prediction_features_pipeline.py for tasks to queue
[2025-12-30T20:17:13.201+0000] {logging_mixin.py:188} INFO - [2025-12-30T20:17:13.200+0000] {dagbag.py:538} INFO - Filling up the DagBag from /opt/airflow/dags/prediction_features_pipeline.py
[2025-12-30T20:17:13.240+0000] {processor.py:840} INFO - DAG(s) 'match_features_pipeline' retrieved from /opt/airflow/dags/prediction_features_pipeline.py
[2025-12-30T20:17:13.283+0000] {logging_mixin.py:188} INFO - [2025-12-30T20:17:13.282+0000] {dag.py:3036} INFO - Sync 1 DAGs
[2025-12-30T20:17:13.320+0000] {logging_mixin.py:188} INFO - [2025-12-30T20:17:13.319+0000] {dag.py:3823} INFO - Setting next_dagrun for match_features_pipeline to 2025-12-29 00:00:00+00:00, run_after=2025-12-30 00:00:00+00:00
[2025-12-30T20:17:13.352+0000] {processor.py:183} INFO - Processing /opt/airflow/dags/prediction_features_pipeline.py took 0.163 seconds
