[2025-12-27T18:09:29.677+0000] {processor.py:161} INFO - Started process (PID=178) to work on /opt/airflow/dags/prediction_features_pipeline.py
[2025-12-27T18:09:29.679+0000] {processor.py:830} INFO - Processing file /opt/airflow/dags/prediction_features_pipeline.py for tasks to queue
[2025-12-27T18:09:29.680+0000] {logging_mixin.py:188} INFO - [2025-12-27T18:09:29.680+0000] {dagbag.py:538} INFO - Filling up the DagBag from /opt/airflow/dags/prediction_features_pipeline.py
[2025-12-27T18:09:29.723+0000] {logging_mixin.py:188} INFO - [2025-12-27T18:09:29.717+0000] {dagbag.py:348} ERROR - Failed to import: /opt/airflow/dags/prediction_features_pipeline.py
Traceback (most recent call last):
  File "/home/airflow/.local/lib/python3.8/site-packages/airflow/models/dagbag.py", line 344, in parse
    loader.exec_module(new_module)
  File "<frozen importlib._bootstrap_external>", line 843, in exec_module
  File "<frozen importlib._bootstrap>", line 219, in _call_with_frames_removed
  File "/opt/airflow/dags/prediction_features_pipeline.py", line 15, in <module>
    wait_for_etl = ExternalTaskSensor(
  File "/home/airflow/.local/lib/python3.8/site-packages/airflow/models/baseoperator.py", line 420, in apply_defaults
    raise AirflowException(f"missing keyword argument {missing_args.pop()!r}")
airflow.exceptions.AirflowException: missing keyword argument 'external_dag_id'
[2025-12-27T18:09:29.727+0000] {processor.py:842} WARNING - No viable dags retrieved from /opt/airflow/dags/prediction_features_pipeline.py
[2025-12-27T18:09:29.756+0000] {processor.py:183} INFO - Processing /opt/airflow/dags/prediction_features_pipeline.py took 0.085 seconds
[2025-12-27T18:10:00.197+0000] {processor.py:161} INFO - Started process (PID=193) to work on /opt/airflow/dags/prediction_features_pipeline.py
[2025-12-27T18:10:00.200+0000] {processor.py:830} INFO - Processing file /opt/airflow/dags/prediction_features_pipeline.py for tasks to queue
[2025-12-27T18:10:00.203+0000] {logging_mixin.py:188} INFO - [2025-12-27T18:10:00.202+0000] {dagbag.py:538} INFO - Filling up the DagBag from /opt/airflow/dags/prediction_features_pipeline.py
[2025-12-27T18:10:00.249+0000] {logging_mixin.py:188} INFO - [2025-12-27T18:10:00.239+0000] {dagbag.py:348} ERROR - Failed to import: /opt/airflow/dags/prediction_features_pipeline.py
Traceback (most recent call last):
  File "/home/airflow/.local/lib/python3.8/site-packages/airflow/models/dagbag.py", line 344, in parse
    loader.exec_module(new_module)
  File "<frozen importlib._bootstrap_external>", line 843, in exec_module
  File "<frozen importlib._bootstrap>", line 219, in _call_with_frames_removed
  File "/opt/airflow/dags/prediction_features_pipeline.py", line 15, in <module>
    wait_for_etl = ExternalTaskSensor(
  File "/home/airflow/.local/lib/python3.8/site-packages/airflow/models/baseoperator.py", line 420, in apply_defaults
    raise AirflowException(f"missing keyword argument {missing_args.pop()!r}")
airflow.exceptions.AirflowException: missing keyword argument 'external_dag_id'
[2025-12-27T18:10:00.252+0000] {processor.py:842} WARNING - No viable dags retrieved from /opt/airflow/dags/prediction_features_pipeline.py
[2025-12-27T18:10:00.322+0000] {processor.py:183} INFO - Processing /opt/airflow/dags/prediction_features_pipeline.py took 0.135 seconds
[2025-12-27T18:10:30.828+0000] {processor.py:161} INFO - Started process (PID=208) to work on /opt/airflow/dags/prediction_features_pipeline.py
[2025-12-27T18:10:30.831+0000] {processor.py:830} INFO - Processing file /opt/airflow/dags/prediction_features_pipeline.py for tasks to queue
[2025-12-27T18:10:30.833+0000] {logging_mixin.py:188} INFO - [2025-12-27T18:10:30.832+0000] {dagbag.py:538} INFO - Filling up the DagBag from /opt/airflow/dags/prediction_features_pipeline.py
[2025-12-27T18:10:30.886+0000] {logging_mixin.py:188} INFO - [2025-12-27T18:10:30.875+0000] {dagbag.py:348} ERROR - Failed to import: /opt/airflow/dags/prediction_features_pipeline.py
Traceback (most recent call last):
  File "/home/airflow/.local/lib/python3.8/site-packages/airflow/models/dagbag.py", line 344, in parse
    loader.exec_module(new_module)
  File "<frozen importlib._bootstrap_external>", line 843, in exec_module
  File "<frozen importlib._bootstrap>", line 219, in _call_with_frames_removed
  File "/opt/airflow/dags/prediction_features_pipeline.py", line 15, in <module>
    wait_for_etl = ExternalTaskSensor(
  File "/home/airflow/.local/lib/python3.8/site-packages/airflow/models/baseoperator.py", line 420, in apply_defaults
    raise AirflowException(f"missing keyword argument {missing_args.pop()!r}")
airflow.exceptions.AirflowException: missing keyword argument 'external_dag_id'
[2025-12-27T18:10:30.889+0000] {processor.py:842} WARNING - No viable dags retrieved from /opt/airflow/dags/prediction_features_pipeline.py
[2025-12-27T18:10:30.963+0000] {processor.py:183} INFO - Processing /opt/airflow/dags/prediction_features_pipeline.py took 0.144 seconds
[2025-12-27T18:11:01.467+0000] {processor.py:161} INFO - Started process (PID=223) to work on /opt/airflow/dags/prediction_features_pipeline.py
[2025-12-27T18:11:01.469+0000] {processor.py:830} INFO - Processing file /opt/airflow/dags/prediction_features_pipeline.py for tasks to queue
[2025-12-27T18:11:01.471+0000] {logging_mixin.py:188} INFO - [2025-12-27T18:11:01.470+0000] {dagbag.py:538} INFO - Filling up the DagBag from /opt/airflow/dags/prediction_features_pipeline.py
[2025-12-27T18:11:01.515+0000] {logging_mixin.py:188} INFO - [2025-12-27T18:11:01.505+0000] {dagbag.py:348} ERROR - Failed to import: /opt/airflow/dags/prediction_features_pipeline.py
Traceback (most recent call last):
  File "/home/airflow/.local/lib/python3.8/site-packages/airflow/models/dagbag.py", line 344, in parse
    loader.exec_module(new_module)
  File "<frozen importlib._bootstrap_external>", line 843, in exec_module
  File "<frozen importlib._bootstrap>", line 219, in _call_with_frames_removed
  File "/opt/airflow/dags/prediction_features_pipeline.py", line 15, in <module>
    wait_for_etl = ExternalTaskSensor(
  File "/home/airflow/.local/lib/python3.8/site-packages/airflow/models/baseoperator.py", line 420, in apply_defaults
    raise AirflowException(f"missing keyword argument {missing_args.pop()!r}")
airflow.exceptions.AirflowException: missing keyword argument 'external_dag_id'
[2025-12-27T18:11:01.518+0000] {processor.py:842} WARNING - No viable dags retrieved from /opt/airflow/dags/prediction_features_pipeline.py
[2025-12-27T18:11:01.592+0000] {processor.py:183} INFO - Processing /opt/airflow/dags/prediction_features_pipeline.py took 0.134 seconds
[2025-12-27T18:11:32.366+0000] {processor.py:161} INFO - Started process (PID=240) to work on /opt/airflow/dags/prediction_features_pipeline.py
[2025-12-27T18:11:32.370+0000] {processor.py:830} INFO - Processing file /opt/airflow/dags/prediction_features_pipeline.py for tasks to queue
[2025-12-27T18:11:32.372+0000] {logging_mixin.py:188} INFO - [2025-12-27T18:11:32.371+0000] {dagbag.py:538} INFO - Filling up the DagBag from /opt/airflow/dags/prediction_features_pipeline.py
[2025-12-27T18:11:32.418+0000] {logging_mixin.py:188} INFO - [2025-12-27T18:11:32.409+0000] {dagbag.py:348} ERROR - Failed to import: /opt/airflow/dags/prediction_features_pipeline.py
Traceback (most recent call last):
  File "/home/airflow/.local/lib/python3.8/site-packages/airflow/models/dagbag.py", line 344, in parse
    loader.exec_module(new_module)
  File "<frozen importlib._bootstrap_external>", line 843, in exec_module
  File "<frozen importlib._bootstrap>", line 219, in _call_with_frames_removed
  File "/opt/airflow/dags/prediction_features_pipeline.py", line 15, in <module>
    wait_for_etl = ExternalTaskSensor(
  File "/home/airflow/.local/lib/python3.8/site-packages/airflow/models/baseoperator.py", line 420, in apply_defaults
    raise AirflowException(f"missing keyword argument {missing_args.pop()!r}")
airflow.exceptions.AirflowException: missing keyword argument 'external_dag_id'
[2025-12-27T18:11:32.422+0000] {processor.py:842} WARNING - No viable dags retrieved from /opt/airflow/dags/prediction_features_pipeline.py
[2025-12-27T18:11:32.465+0000] {processor.py:183} INFO - Processing /opt/airflow/dags/prediction_features_pipeline.py took 0.105 seconds
[2025-12-27T18:12:03.022+0000] {processor.py:161} INFO - Started process (PID=255) to work on /opt/airflow/dags/prediction_features_pipeline.py
[2025-12-27T18:12:03.024+0000] {processor.py:830} INFO - Processing file /opt/airflow/dags/prediction_features_pipeline.py for tasks to queue
[2025-12-27T18:12:03.026+0000] {logging_mixin.py:188} INFO - [2025-12-27T18:12:03.025+0000] {dagbag.py:538} INFO - Filling up the DagBag from /opt/airflow/dags/prediction_features_pipeline.py
[2025-12-27T18:12:03.075+0000] {logging_mixin.py:188} INFO - [2025-12-27T18:12:03.066+0000] {dagbag.py:348} ERROR - Failed to import: /opt/airflow/dags/prediction_features_pipeline.py
Traceback (most recent call last):
  File "/home/airflow/.local/lib/python3.8/site-packages/airflow/models/dagbag.py", line 344, in parse
    loader.exec_module(new_module)
  File "<frozen importlib._bootstrap_external>", line 843, in exec_module
  File "<frozen importlib._bootstrap>", line 219, in _call_with_frames_removed
  File "/opt/airflow/dags/prediction_features_pipeline.py", line 15, in <module>
    wait_for_etl = ExternalTaskSensor(
  File "/home/airflow/.local/lib/python3.8/site-packages/airflow/models/baseoperator.py", line 420, in apply_defaults
    raise AirflowException(f"missing keyword argument {missing_args.pop()!r}")
airflow.exceptions.AirflowException: missing keyword argument 'external_dag_id'
[2025-12-27T18:12:03.078+0000] {processor.py:842} WARNING - No viable dags retrieved from /opt/airflow/dags/prediction_features_pipeline.py
[2025-12-27T18:12:03.120+0000] {processor.py:183} INFO - Processing /opt/airflow/dags/prediction_features_pipeline.py took 0.103 seconds
[2025-12-27T18:12:33.702+0000] {processor.py:161} INFO - Started process (PID=270) to work on /opt/airflow/dags/prediction_features_pipeline.py
[2025-12-27T18:12:33.705+0000] {processor.py:830} INFO - Processing file /opt/airflow/dags/prediction_features_pipeline.py for tasks to queue
[2025-12-27T18:12:33.708+0000] {logging_mixin.py:188} INFO - [2025-12-27T18:12:33.707+0000] {dagbag.py:538} INFO - Filling up the DagBag from /opt/airflow/dags/prediction_features_pipeline.py
[2025-12-27T18:12:33.758+0000] {logging_mixin.py:188} INFO - [2025-12-27T18:12:33.748+0000] {dagbag.py:348} ERROR - Failed to import: /opt/airflow/dags/prediction_features_pipeline.py
Traceback (most recent call last):
  File "/home/airflow/.local/lib/python3.8/site-packages/airflow/models/dagbag.py", line 344, in parse
    loader.exec_module(new_module)
  File "<frozen importlib._bootstrap_external>", line 843, in exec_module
  File "<frozen importlib._bootstrap>", line 219, in _call_with_frames_removed
  File "/opt/airflow/dags/prediction_features_pipeline.py", line 15, in <module>
    wait_for_etl = ExternalTaskSensor(
  File "/home/airflow/.local/lib/python3.8/site-packages/airflow/models/baseoperator.py", line 420, in apply_defaults
    raise AirflowException(f"missing keyword argument {missing_args.pop()!r}")
airflow.exceptions.AirflowException: missing keyword argument 'external_dag_id'
[2025-12-27T18:12:33.762+0000] {processor.py:842} WARNING - No viable dags retrieved from /opt/airflow/dags/prediction_features_pipeline.py
[2025-12-27T18:12:33.812+0000] {processor.py:183} INFO - Processing /opt/airflow/dags/prediction_features_pipeline.py took 0.122 seconds
[2025-12-27T18:13:04.380+0000] {processor.py:161} INFO - Started process (PID=285) to work on /opt/airflow/dags/prediction_features_pipeline.py
[2025-12-27T18:13:04.384+0000] {processor.py:830} INFO - Processing file /opt/airflow/dags/prediction_features_pipeline.py for tasks to queue
[2025-12-27T18:13:04.386+0000] {logging_mixin.py:188} INFO - [2025-12-27T18:13:04.386+0000] {dagbag.py:538} INFO - Filling up the DagBag from /opt/airflow/dags/prediction_features_pipeline.py
[2025-12-27T18:13:04.432+0000] {logging_mixin.py:188} INFO - [2025-12-27T18:13:04.422+0000] {dagbag.py:348} ERROR - Failed to import: /opt/airflow/dags/prediction_features_pipeline.py
Traceback (most recent call last):
  File "/home/airflow/.local/lib/python3.8/site-packages/airflow/models/dagbag.py", line 344, in parse
    loader.exec_module(new_module)
  File "<frozen importlib._bootstrap_external>", line 843, in exec_module
  File "<frozen importlib._bootstrap>", line 219, in _call_with_frames_removed
  File "/opt/airflow/dags/prediction_features_pipeline.py", line 15, in <module>
    wait_for_etl = ExternalTaskSensor(
  File "/home/airflow/.local/lib/python3.8/site-packages/airflow/models/baseoperator.py", line 420, in apply_defaults
    raise AirflowException(f"missing keyword argument {missing_args.pop()!r}")
airflow.exceptions.AirflowException: missing keyword argument 'external_dag_id'
[2025-12-27T18:13:04.434+0000] {processor.py:842} WARNING - No viable dags retrieved from /opt/airflow/dags/prediction_features_pipeline.py
[2025-12-27T18:13:04.519+0000] {processor.py:183} INFO - Processing /opt/airflow/dags/prediction_features_pipeline.py took 0.148 seconds
[2025-12-27T18:13:35.044+0000] {processor.py:161} INFO - Started process (PID=304) to work on /opt/airflow/dags/prediction_features_pipeline.py
[2025-12-27T18:13:35.047+0000] {processor.py:830} INFO - Processing file /opt/airflow/dags/prediction_features_pipeline.py for tasks to queue
[2025-12-27T18:13:35.050+0000] {logging_mixin.py:188} INFO - [2025-12-27T18:13:35.049+0000] {dagbag.py:538} INFO - Filling up the DagBag from /opt/airflow/dags/prediction_features_pipeline.py
[2025-12-27T18:13:35.097+0000] {logging_mixin.py:188} INFO - [2025-12-27T18:13:35.087+0000] {dagbag.py:348} ERROR - Failed to import: /opt/airflow/dags/prediction_features_pipeline.py
Traceback (most recent call last):
  File "/home/airflow/.local/lib/python3.8/site-packages/airflow/models/dagbag.py", line 344, in parse
    loader.exec_module(new_module)
  File "<frozen importlib._bootstrap_external>", line 843, in exec_module
  File "<frozen importlib._bootstrap>", line 219, in _call_with_frames_removed
  File "/opt/airflow/dags/prediction_features_pipeline.py", line 15, in <module>
    wait_for_etl = ExternalTaskSensor(
  File "/home/airflow/.local/lib/python3.8/site-packages/airflow/models/baseoperator.py", line 420, in apply_defaults
    raise AirflowException(f"missing keyword argument {missing_args.pop()!r}")
airflow.exceptions.AirflowException: missing keyword argument 'external_dag_id'
[2025-12-27T18:13:35.128+0000] {processor.py:842} WARNING - No viable dags retrieved from /opt/airflow/dags/prediction_features_pipeline.py
[2025-12-27T18:13:35.176+0000] {processor.py:183} INFO - Processing /opt/airflow/dags/prediction_features_pipeline.py took 0.145 seconds
[2025-12-27T18:14:05.746+0000] {processor.py:161} INFO - Started process (PID=319) to work on /opt/airflow/dags/prediction_features_pipeline.py
[2025-12-27T18:14:05.749+0000] {processor.py:830} INFO - Processing file /opt/airflow/dags/prediction_features_pipeline.py for tasks to queue
[2025-12-27T18:14:05.752+0000] {logging_mixin.py:188} INFO - [2025-12-27T18:14:05.751+0000] {dagbag.py:538} INFO - Filling up the DagBag from /opt/airflow/dags/prediction_features_pipeline.py
[2025-12-27T18:14:05.799+0000] {logging_mixin.py:188} INFO - [2025-12-27T18:14:05.790+0000] {dagbag.py:348} ERROR - Failed to import: /opt/airflow/dags/prediction_features_pipeline.py
Traceback (most recent call last):
  File "/home/airflow/.local/lib/python3.8/site-packages/airflow/models/dagbag.py", line 344, in parse
    loader.exec_module(new_module)
  File "<frozen importlib._bootstrap_external>", line 843, in exec_module
  File "<frozen importlib._bootstrap>", line 219, in _call_with_frames_removed
  File "/opt/airflow/dags/prediction_features_pipeline.py", line 15, in <module>
    wait_for_etl = ExternalTaskSensor(
  File "/home/airflow/.local/lib/python3.8/site-packages/airflow/models/baseoperator.py", line 420, in apply_defaults
    raise AirflowException(f"missing keyword argument {missing_args.pop()!r}")
airflow.exceptions.AirflowException: missing keyword argument 'external_dag_id'
[2025-12-27T18:14:05.802+0000] {processor.py:842} WARNING - No viable dags retrieved from /opt/airflow/dags/prediction_features_pipeline.py
[2025-12-27T18:14:05.886+0000] {processor.py:183} INFO - Processing /opt/airflow/dags/prediction_features_pipeline.py took 0.149 seconds
[2025-12-27T18:14:36.592+0000] {processor.py:161} INFO - Started process (PID=339) to work on /opt/airflow/dags/prediction_features_pipeline.py
[2025-12-27T18:14:36.595+0000] {processor.py:830} INFO - Processing file /opt/airflow/dags/prediction_features_pipeline.py for tasks to queue
[2025-12-27T18:14:36.597+0000] {logging_mixin.py:188} INFO - [2025-12-27T18:14:36.597+0000] {dagbag.py:538} INFO - Filling up the DagBag from /opt/airflow/dags/prediction_features_pipeline.py
[2025-12-27T18:14:36.645+0000] {logging_mixin.py:188} INFO - [2025-12-27T18:14:36.635+0000] {dagbag.py:348} ERROR - Failed to import: /opt/airflow/dags/prediction_features_pipeline.py
Traceback (most recent call last):
  File "/home/airflow/.local/lib/python3.8/site-packages/airflow/models/dagbag.py", line 344, in parse
    loader.exec_module(new_module)
  File "<frozen importlib._bootstrap_external>", line 843, in exec_module
  File "<frozen importlib._bootstrap>", line 219, in _call_with_frames_removed
  File "/opt/airflow/dags/prediction_features_pipeline.py", line 15, in <module>
    wait_for_etl = ExternalTaskSensor(
  File "/home/airflow/.local/lib/python3.8/site-packages/airflow/models/baseoperator.py", line 420, in apply_defaults
    raise AirflowException(f"missing keyword argument {missing_args.pop()!r}")
airflow.exceptions.AirflowException: missing keyword argument 'external_dag_id'
[2025-12-27T18:14:36.648+0000] {processor.py:842} WARNING - No viable dags retrieved from /opt/airflow/dags/prediction_features_pipeline.py
[2025-12-27T18:14:36.695+0000] {processor.py:183} INFO - Processing /opt/airflow/dags/prediction_features_pipeline.py took 0.113 seconds
[2025-12-27T18:15:07.210+0000] {processor.py:161} INFO - Started process (PID=359) to work on /opt/airflow/dags/prediction_features_pipeline.py
[2025-12-27T18:15:07.212+0000] {processor.py:830} INFO - Processing file /opt/airflow/dags/prediction_features_pipeline.py for tasks to queue
[2025-12-27T18:15:07.214+0000] {logging_mixin.py:188} INFO - [2025-12-27T18:15:07.214+0000] {dagbag.py:538} INFO - Filling up the DagBag from /opt/airflow/dags/prediction_features_pipeline.py
[2025-12-27T18:15:07.249+0000] {logging_mixin.py:188} INFO - [2025-12-27T18:15:07.243+0000] {dagbag.py:348} ERROR - Failed to import: /opt/airflow/dags/prediction_features_pipeline.py
Traceback (most recent call last):
  File "/home/airflow/.local/lib/python3.8/site-packages/airflow/models/dagbag.py", line 344, in parse
    loader.exec_module(new_module)
  File "<frozen importlib._bootstrap_external>", line 843, in exec_module
  File "<frozen importlib._bootstrap>", line 219, in _call_with_frames_removed
  File "/opt/airflow/dags/prediction_features_pipeline.py", line 15, in <module>
    wait_for_etl = ExternalTaskSensor(
  File "/home/airflow/.local/lib/python3.8/site-packages/airflow/models/baseoperator.py", line 420, in apply_defaults
    raise AirflowException(f"missing keyword argument {missing_args.pop()!r}")
airflow.exceptions.AirflowException: missing keyword argument 'external_dag_id'
[2025-12-27T18:15:07.251+0000] {processor.py:842} WARNING - No viable dags retrieved from /opt/airflow/dags/prediction_features_pipeline.py
[2025-12-27T18:15:07.319+0000] {processor.py:183} INFO - Processing /opt/airflow/dags/prediction_features_pipeline.py took 0.115 seconds
[2025-12-27T18:15:37.895+0000] {processor.py:161} INFO - Started process (PID=379) to work on /opt/airflow/dags/prediction_features_pipeline.py
[2025-12-27T18:15:37.920+0000] {processor.py:830} INFO - Processing file /opt/airflow/dags/prediction_features_pipeline.py for tasks to queue
[2025-12-27T18:15:37.924+0000] {logging_mixin.py:188} INFO - [2025-12-27T18:15:37.923+0000] {dagbag.py:538} INFO - Filling up the DagBag from /opt/airflow/dags/prediction_features_pipeline.py
[2025-12-27T18:15:37.970+0000] {logging_mixin.py:188} INFO - [2025-12-27T18:15:37.961+0000] {dagbag.py:348} ERROR - Failed to import: /opt/airflow/dags/prediction_features_pipeline.py
Traceback (most recent call last):
  File "/home/airflow/.local/lib/python3.8/site-packages/airflow/models/dagbag.py", line 344, in parse
    loader.exec_module(new_module)
  File "<frozen importlib._bootstrap_external>", line 843, in exec_module
  File "<frozen importlib._bootstrap>", line 219, in _call_with_frames_removed
  File "/opt/airflow/dags/prediction_features_pipeline.py", line 15, in <module>
    wait_for_etl = ExternalTaskSensor(
  File "/home/airflow/.local/lib/python3.8/site-packages/airflow/models/baseoperator.py", line 420, in apply_defaults
    raise AirflowException(f"missing keyword argument {missing_args.pop()!r}")
airflow.exceptions.AirflowException: missing keyword argument 'external_dag_id'
[2025-12-27T18:15:37.973+0000] {processor.py:842} WARNING - No viable dags retrieved from /opt/airflow/dags/prediction_features_pipeline.py
[2025-12-27T18:15:38.015+0000] {processor.py:183} INFO - Processing /opt/airflow/dags/prediction_features_pipeline.py took 0.129 seconds
[2025-12-27T18:16:08.741+0000] {processor.py:161} INFO - Started process (PID=399) to work on /opt/airflow/dags/prediction_features_pipeline.py
[2025-12-27T18:16:08.743+0000] {processor.py:830} INFO - Processing file /opt/airflow/dags/prediction_features_pipeline.py for tasks to queue
[2025-12-27T18:16:08.746+0000] {logging_mixin.py:188} INFO - [2025-12-27T18:16:08.745+0000] {dagbag.py:538} INFO - Filling up the DagBag from /opt/airflow/dags/prediction_features_pipeline.py
[2025-12-27T18:16:08.795+0000] {logging_mixin.py:188} INFO - [2025-12-27T18:16:08.786+0000] {dagbag.py:348} ERROR - Failed to import: /opt/airflow/dags/prediction_features_pipeline.py
Traceback (most recent call last):
  File "/home/airflow/.local/lib/python3.8/site-packages/airflow/models/dagbag.py", line 344, in parse
    loader.exec_module(new_module)
  File "<frozen importlib._bootstrap_external>", line 843, in exec_module
  File "<frozen importlib._bootstrap>", line 219, in _call_with_frames_removed
  File "/opt/airflow/dags/prediction_features_pipeline.py", line 15, in <module>
    wait_for_etl = ExternalTaskSensor(
  File "/home/airflow/.local/lib/python3.8/site-packages/airflow/models/baseoperator.py", line 420, in apply_defaults
    raise AirflowException(f"missing keyword argument {missing_args.pop()!r}")
airflow.exceptions.AirflowException: missing keyword argument 'external_dag_id'
[2025-12-27T18:16:08.798+0000] {processor.py:842} WARNING - No viable dags retrieved from /opt/airflow/dags/prediction_features_pipeline.py
[2025-12-27T18:16:08.875+0000] {processor.py:183} INFO - Processing /opt/airflow/dags/prediction_features_pipeline.py took 0.142 seconds
[2025-12-27T18:16:39.577+0000] {processor.py:161} INFO - Started process (PID=419) to work on /opt/airflow/dags/prediction_features_pipeline.py
[2025-12-27T18:16:39.580+0000] {processor.py:830} INFO - Processing file /opt/airflow/dags/prediction_features_pipeline.py for tasks to queue
[2025-12-27T18:16:39.583+0000] {logging_mixin.py:188} INFO - [2025-12-27T18:16:39.582+0000] {dagbag.py:538} INFO - Filling up the DagBag from /opt/airflow/dags/prediction_features_pipeline.py
[2025-12-27T18:16:39.627+0000] {logging_mixin.py:188} INFO - [2025-12-27T18:16:39.617+0000] {dagbag.py:348} ERROR - Failed to import: /opt/airflow/dags/prediction_features_pipeline.py
Traceback (most recent call last):
  File "/home/airflow/.local/lib/python3.8/site-packages/airflow/models/dagbag.py", line 344, in parse
    loader.exec_module(new_module)
  File "<frozen importlib._bootstrap_external>", line 843, in exec_module
  File "<frozen importlib._bootstrap>", line 219, in _call_with_frames_removed
  File "/opt/airflow/dags/prediction_features_pipeline.py", line 15, in <module>
    wait_for_etl = ExternalTaskSensor(
  File "/home/airflow/.local/lib/python3.8/site-packages/airflow/models/baseoperator.py", line 420, in apply_defaults
    raise AirflowException(f"missing keyword argument {missing_args.pop()!r}")
airflow.exceptions.AirflowException: missing keyword argument 'external_dag_id'
[2025-12-27T18:16:39.630+0000] {processor.py:842} WARNING - No viable dags retrieved from /opt/airflow/dags/prediction_features_pipeline.py
[2025-12-27T18:16:39.710+0000] {processor.py:183} INFO - Processing /opt/airflow/dags/prediction_features_pipeline.py took 0.139 seconds
[2025-12-27T18:17:10.555+0000] {processor.py:161} INFO - Started process (PID=439) to work on /opt/airflow/dags/prediction_features_pipeline.py
[2025-12-27T18:17:10.557+0000] {processor.py:830} INFO - Processing file /opt/airflow/dags/prediction_features_pipeline.py for tasks to queue
[2025-12-27T18:17:10.559+0000] {logging_mixin.py:188} INFO - [2025-12-27T18:17:10.558+0000] {dagbag.py:538} INFO - Filling up the DagBag from /opt/airflow/dags/prediction_features_pipeline.py
[2025-12-27T18:17:10.607+0000] {logging_mixin.py:188} INFO - [2025-12-27T18:17:10.597+0000] {dagbag.py:348} ERROR - Failed to import: /opt/airflow/dags/prediction_features_pipeline.py
Traceback (most recent call last):
  File "/home/airflow/.local/lib/python3.8/site-packages/airflow/models/dagbag.py", line 344, in parse
    loader.exec_module(new_module)
  File "<frozen importlib._bootstrap_external>", line 843, in exec_module
  File "<frozen importlib._bootstrap>", line 219, in _call_with_frames_removed
  File "/opt/airflow/dags/prediction_features_pipeline.py", line 15, in <module>
    wait_for_etl = ExternalTaskSensor(
  File "/home/airflow/.local/lib/python3.8/site-packages/airflow/models/baseoperator.py", line 420, in apply_defaults
    raise AirflowException(f"missing keyword argument {missing_args.pop()!r}")
airflow.exceptions.AirflowException: missing keyword argument 'external_dag_id'
[2025-12-27T18:17:10.610+0000] {processor.py:842} WARNING - No viable dags retrieved from /opt/airflow/dags/prediction_features_pipeline.py
[2025-12-27T18:17:10.657+0000] {processor.py:183} INFO - Processing /opt/airflow/dags/prediction_features_pipeline.py took 0.110 seconds
[2025-12-27T18:17:39.387+0000] {processor.py:161} INFO - Started process (PID=459) to work on /opt/airflow/dags/prediction_features_pipeline.py
[2025-12-27T18:17:39.389+0000] {processor.py:830} INFO - Processing file /opt/airflow/dags/prediction_features_pipeline.py for tasks to queue
[2025-12-27T18:17:39.392+0000] {logging_mixin.py:188} INFO - [2025-12-27T18:17:39.391+0000] {dagbag.py:538} INFO - Filling up the DagBag from /opt/airflow/dags/prediction_features_pipeline.py
[2025-12-27T18:17:39.456+0000] {processor.py:840} INFO - DAG(s) 'match_features_pipeline' retrieved from /opt/airflow/dags/prediction_features_pipeline.py
[2025-12-27T18:17:39.630+0000] {logging_mixin.py:188} INFO - [2025-12-27T18:17:39.628+0000] {override.py:1769} INFO - Created Permission View: can delete on DAG:match_features_pipeline
[2025-12-27T18:17:39.649+0000] {logging_mixin.py:188} INFO - [2025-12-27T18:17:39.649+0000] {override.py:1769} INFO - Created Permission View: can read on DAG:match_features_pipeline
[2025-12-27T18:17:39.664+0000] {logging_mixin.py:188} INFO - [2025-12-27T18:17:39.663+0000] {override.py:1769} INFO - Created Permission View: can edit on DAG:match_features_pipeline
[2025-12-27T18:17:39.665+0000] {logging_mixin.py:188} INFO - [2025-12-27T18:17:39.665+0000] {dag.py:3036} INFO - Sync 1 DAGs
[2025-12-27T18:17:39.687+0000] {logging_mixin.py:188} INFO - [2025-12-27T18:17:39.686+0000] {dag.py:3058} INFO - Creating ORM DAG for match_features_pipeline
[2025-12-27T18:17:39.711+0000] {logging_mixin.py:188} INFO - [2025-12-27T18:17:39.710+0000] {dag.py:3823} INFO - Setting next_dagrun for match_features_pipeline to 2025-12-26 00:00:00+00:00, run_after=2025-12-27 00:00:00+00:00
[2025-12-27T18:17:39.757+0000] {processor.py:183} INFO - Processing /opt/airflow/dags/prediction_features_pipeline.py took 0.375 seconds
[2025-12-27T18:18:10.702+0000] {processor.py:161} INFO - Started process (PID=479) to work on /opt/airflow/dags/prediction_features_pipeline.py
[2025-12-27T18:18:10.703+0000] {processor.py:830} INFO - Processing file /opt/airflow/dags/prediction_features_pipeline.py for tasks to queue
[2025-12-27T18:18:10.705+0000] {logging_mixin.py:188} INFO - [2025-12-27T18:18:10.705+0000] {dagbag.py:538} INFO - Filling up the DagBag from /opt/airflow/dags/prediction_features_pipeline.py
[2025-12-27T18:18:10.740+0000] {processor.py:840} INFO - DAG(s) 'match_features_pipeline' retrieved from /opt/airflow/dags/prediction_features_pipeline.py
[2025-12-27T18:18:10.784+0000] {logging_mixin.py:188} INFO - [2025-12-27T18:18:10.783+0000] {dag.py:3036} INFO - Sync 1 DAGs
[2025-12-27T18:18:10.824+0000] {logging_mixin.py:188} INFO - [2025-12-27T18:18:10.823+0000] {dag.py:3823} INFO - Setting next_dagrun for match_features_pipeline to 2025-12-26 00:00:00+00:00, run_after=2025-12-27 00:00:00+00:00
[2025-12-27T18:18:10.891+0000] {processor.py:183} INFO - Processing /opt/airflow/dags/prediction_features_pipeline.py took 0.197 seconds
[2025-12-27T18:18:41.503+0000] {processor.py:161} INFO - Started process (PID=501) to work on /opt/airflow/dags/prediction_features_pipeline.py
[2025-12-27T18:18:41.505+0000] {processor.py:830} INFO - Processing file /opt/airflow/dags/prediction_features_pipeline.py for tasks to queue
[2025-12-27T18:18:41.507+0000] {logging_mixin.py:188} INFO - [2025-12-27T18:18:41.506+0000] {dagbag.py:538} INFO - Filling up the DagBag from /opt/airflow/dags/prediction_features_pipeline.py
[2025-12-27T18:18:41.545+0000] {processor.py:840} INFO - DAG(s) 'match_features_pipeline' retrieved from /opt/airflow/dags/prediction_features_pipeline.py
[2025-12-27T18:18:41.597+0000] {logging_mixin.py:188} INFO - [2025-12-27T18:18:41.597+0000] {dag.py:3036} INFO - Sync 1 DAGs
[2025-12-27T18:18:41.650+0000] {logging_mixin.py:188} INFO - [2025-12-27T18:18:41.649+0000] {dag.py:3823} INFO - Setting next_dagrun for match_features_pipeline to 2025-12-26 00:00:00+00:00, run_after=2025-12-27 00:00:00+00:00
[2025-12-27T18:18:41.719+0000] {processor.py:183} INFO - Processing /opt/airflow/dags/prediction_features_pipeline.py took 0.223 seconds
[2025-12-27T18:19:12.552+0000] {processor.py:161} INFO - Started process (PID=525) to work on /opt/airflow/dags/prediction_features_pipeline.py
[2025-12-27T18:19:12.554+0000] {processor.py:830} INFO - Processing file /opt/airflow/dags/prediction_features_pipeline.py for tasks to queue
[2025-12-27T18:19:12.556+0000] {logging_mixin.py:188} INFO - [2025-12-27T18:19:12.556+0000] {dagbag.py:538} INFO - Filling up the DagBag from /opt/airflow/dags/prediction_features_pipeline.py
[2025-12-27T18:19:12.596+0000] {processor.py:840} INFO - DAG(s) 'match_features_pipeline' retrieved from /opt/airflow/dags/prediction_features_pipeline.py
[2025-12-27T18:19:12.637+0000] {logging_mixin.py:188} INFO - [2025-12-27T18:19:12.636+0000] {dag.py:3036} INFO - Sync 1 DAGs
[2025-12-27T18:19:12.680+0000] {logging_mixin.py:188} INFO - [2025-12-27T18:19:12.679+0000] {dag.py:3823} INFO - Setting next_dagrun for match_features_pipeline to 2025-12-27 00:00:00+00:00, run_after=2025-12-28 00:00:00+00:00
[2025-12-27T18:19:12.720+0000] {processor.py:183} INFO - Processing /opt/airflow/dags/prediction_features_pipeline.py took 0.173 seconds
[2025-12-27T18:19:42.954+0000] {processor.py:161} INFO - Started process (PID=545) to work on /opt/airflow/dags/prediction_features_pipeline.py
[2025-12-27T18:19:42.958+0000] {processor.py:830} INFO - Processing file /opt/airflow/dags/prediction_features_pipeline.py for tasks to queue
[2025-12-27T18:19:42.961+0000] {logging_mixin.py:188} INFO - [2025-12-27T18:19:42.960+0000] {dagbag.py:538} INFO - Filling up the DagBag from /opt/airflow/dags/prediction_features_pipeline.py
[2025-12-27T18:19:43.005+0000] {processor.py:840} INFO - DAG(s) 'match_features_pipeline' retrieved from /opt/airflow/dags/prediction_features_pipeline.py
[2025-12-27T18:19:43.111+0000] {logging_mixin.py:188} INFO - [2025-12-27T18:19:43.110+0000] {dag.py:3036} INFO - Sync 1 DAGs
[2025-12-27T18:19:43.230+0000] {logging_mixin.py:188} INFO - [2025-12-27T18:19:43.230+0000] {dag.py:3823} INFO - Setting next_dagrun for match_features_pipeline to 2025-12-27 00:00:00+00:00, run_after=2025-12-28 00:00:00+00:00
[2025-12-27T18:19:43.295+0000] {processor.py:183} INFO - Processing /opt/airflow/dags/prediction_features_pipeline.py took 0.351 seconds
[2025-12-27T18:20:14.021+0000] {processor.py:161} INFO - Started process (PID=569) to work on /opt/airflow/dags/prediction_features_pipeline.py
[2025-12-27T18:20:14.023+0000] {processor.py:830} INFO - Processing file /opt/airflow/dags/prediction_features_pipeline.py for tasks to queue
[2025-12-27T18:20:14.025+0000] {logging_mixin.py:188} INFO - [2025-12-27T18:20:14.025+0000] {dagbag.py:538} INFO - Filling up the DagBag from /opt/airflow/dags/prediction_features_pipeline.py
[2025-12-27T18:20:14.064+0000] {processor.py:840} INFO - DAG(s) 'match_features_pipeline' retrieved from /opt/airflow/dags/prediction_features_pipeline.py
[2025-12-27T18:20:14.105+0000] {logging_mixin.py:188} INFO - [2025-12-27T18:20:14.105+0000] {dag.py:3036} INFO - Sync 1 DAGs
[2025-12-27T18:20:14.142+0000] {logging_mixin.py:188} INFO - [2025-12-27T18:20:14.142+0000] {dag.py:3823} INFO - Setting next_dagrun for match_features_pipeline to 2025-12-27 00:00:00+00:00, run_after=2025-12-28 00:00:00+00:00
[2025-12-27T18:20:14.210+0000] {processor.py:183} INFO - Processing /opt/airflow/dags/prediction_features_pipeline.py took 0.195 seconds
[2025-12-27T18:20:45.080+0000] {processor.py:161} INFO - Started process (PID=591) to work on /opt/airflow/dags/prediction_features_pipeline.py
[2025-12-27T18:20:45.083+0000] {processor.py:830} INFO - Processing file /opt/airflow/dags/prediction_features_pipeline.py for tasks to queue
[2025-12-27T18:20:45.086+0000] {logging_mixin.py:188} INFO - [2025-12-27T18:20:45.084+0000] {dagbag.py:538} INFO - Filling up the DagBag from /opt/airflow/dags/prediction_features_pipeline.py
[2025-12-27T18:20:45.134+0000] {processor.py:840} INFO - DAG(s) 'match_features_pipeline' retrieved from /opt/airflow/dags/prediction_features_pipeline.py
[2025-12-27T18:20:45.190+0000] {logging_mixin.py:188} INFO - [2025-12-27T18:20:45.189+0000] {dag.py:3036} INFO - Sync 1 DAGs
[2025-12-27T18:20:45.231+0000] {logging_mixin.py:188} INFO - [2025-12-27T18:20:45.230+0000] {dag.py:3823} INFO - Setting next_dagrun for match_features_pipeline to 2025-12-27 00:00:00+00:00, run_after=2025-12-28 00:00:00+00:00
[2025-12-27T18:20:45.262+0000] {processor.py:183} INFO - Processing /opt/airflow/dags/prediction_features_pipeline.py took 0.189 seconds
[2025-12-27T18:21:15.894+0000] {processor.py:161} INFO - Started process (PID=615) to work on /opt/airflow/dags/prediction_features_pipeline.py
[2025-12-27T18:21:15.897+0000] {processor.py:830} INFO - Processing file /opt/airflow/dags/prediction_features_pipeline.py for tasks to queue
[2025-12-27T18:21:15.899+0000] {logging_mixin.py:188} INFO - [2025-12-27T18:21:15.898+0000] {dagbag.py:538} INFO - Filling up the DagBag from /opt/airflow/dags/prediction_features_pipeline.py
[2025-12-27T18:21:15.940+0000] {processor.py:840} INFO - DAG(s) 'match_features_pipeline' retrieved from /opt/airflow/dags/prediction_features_pipeline.py
[2025-12-27T18:21:16.004+0000] {logging_mixin.py:188} INFO - [2025-12-27T18:21:16.003+0000] {dag.py:3036} INFO - Sync 1 DAGs
[2025-12-27T18:21:16.072+0000] {logging_mixin.py:188} INFO - [2025-12-27T18:21:16.071+0000] {dag.py:3823} INFO - Setting next_dagrun for match_features_pipeline to 2025-12-27 00:00:00+00:00, run_after=2025-12-28 00:00:00+00:00
[2025-12-27T18:21:16.121+0000] {processor.py:183} INFO - Processing /opt/airflow/dags/prediction_features_pipeline.py took 0.235 seconds
[2025-12-27T18:21:46.757+0000] {processor.py:161} INFO - Started process (PID=635) to work on /opt/airflow/dags/prediction_features_pipeline.py
[2025-12-27T18:21:46.760+0000] {processor.py:830} INFO - Processing file /opt/airflow/dags/prediction_features_pipeline.py for tasks to queue
[2025-12-27T18:21:46.762+0000] {logging_mixin.py:188} INFO - [2025-12-27T18:21:46.761+0000] {dagbag.py:538} INFO - Filling up the DagBag from /opt/airflow/dags/prediction_features_pipeline.py
[2025-12-27T18:21:46.806+0000] {processor.py:840} INFO - DAG(s) 'match_features_pipeline' retrieved from /opt/airflow/dags/prediction_features_pipeline.py
[2025-12-27T18:21:46.858+0000] {logging_mixin.py:188} INFO - [2025-12-27T18:21:46.858+0000] {dag.py:3036} INFO - Sync 1 DAGs
[2025-12-27T18:21:46.903+0000] {logging_mixin.py:188} INFO - [2025-12-27T18:21:46.902+0000] {dag.py:3823} INFO - Setting next_dagrun for match_features_pipeline to 2025-12-27 00:00:00+00:00, run_after=2025-12-28 00:00:00+00:00
[2025-12-27T18:21:46.975+0000] {processor.py:183} INFO - Processing /opt/airflow/dags/prediction_features_pipeline.py took 0.226 seconds
[2025-12-27T18:22:17.638+0000] {processor.py:161} INFO - Started process (PID=659) to work on /opt/airflow/dags/prediction_features_pipeline.py
[2025-12-27T18:22:17.641+0000] {processor.py:830} INFO - Processing file /opt/airflow/dags/prediction_features_pipeline.py for tasks to queue
[2025-12-27T18:22:17.646+0000] {logging_mixin.py:188} INFO - [2025-12-27T18:22:17.643+0000] {dagbag.py:538} INFO - Filling up the DagBag from /opt/airflow/dags/prediction_features_pipeline.py
[2025-12-27T18:22:17.690+0000] {processor.py:840} INFO - DAG(s) 'match_features_pipeline' retrieved from /opt/airflow/dags/prediction_features_pipeline.py
[2025-12-27T18:22:17.760+0000] {logging_mixin.py:188} INFO - [2025-12-27T18:22:17.759+0000] {dag.py:3036} INFO - Sync 1 DAGs
[2025-12-27T18:22:17.812+0000] {logging_mixin.py:188} INFO - [2025-12-27T18:22:17.812+0000] {dag.py:3823} INFO - Setting next_dagrun for match_features_pipeline to 2025-12-27 00:00:00+00:00, run_after=2025-12-28 00:00:00+00:00
[2025-12-27T18:22:17.860+0000] {processor.py:183} INFO - Processing /opt/airflow/dags/prediction_features_pipeline.py took 0.233 seconds
[2025-12-27T18:22:48.483+0000] {processor.py:161} INFO - Started process (PID=679) to work on /opt/airflow/dags/prediction_features_pipeline.py
[2025-12-27T18:22:48.486+0000] {processor.py:830} INFO - Processing file /opt/airflow/dags/prediction_features_pipeline.py for tasks to queue
[2025-12-27T18:22:48.488+0000] {logging_mixin.py:188} INFO - [2025-12-27T18:22:48.487+0000] {dagbag.py:538} INFO - Filling up the DagBag from /opt/airflow/dags/prediction_features_pipeline.py
[2025-12-27T18:22:48.534+0000] {processor.py:840} INFO - DAG(s) 'match_features_pipeline' retrieved from /opt/airflow/dags/prediction_features_pipeline.py
[2025-12-27T18:22:48.586+0000] {logging_mixin.py:188} INFO - [2025-12-27T18:22:48.585+0000] {dag.py:3036} INFO - Sync 1 DAGs
[2025-12-27T18:22:48.632+0000] {logging_mixin.py:188} INFO - [2025-12-27T18:22:48.632+0000] {dag.py:3823} INFO - Setting next_dagrun for match_features_pipeline to 2025-12-27 00:00:00+00:00, run_after=2025-12-28 00:00:00+00:00
[2025-12-27T18:22:48.667+0000] {processor.py:183} INFO - Processing /opt/airflow/dags/prediction_features_pipeline.py took 0.191 seconds
[2025-12-27T18:23:19.257+0000] {processor.py:161} INFO - Started process (PID=703) to work on /opt/airflow/dags/prediction_features_pipeline.py
[2025-12-27T18:23:19.260+0000] {processor.py:830} INFO - Processing file /opt/airflow/dags/prediction_features_pipeline.py for tasks to queue
[2025-12-27T18:23:19.262+0000] {logging_mixin.py:188} INFO - [2025-12-27T18:23:19.261+0000] {dagbag.py:538} INFO - Filling up the DagBag from /opt/airflow/dags/prediction_features_pipeline.py
[2025-12-27T18:23:19.303+0000] {processor.py:840} INFO - DAG(s) 'match_features_pipeline' retrieved from /opt/airflow/dags/prediction_features_pipeline.py
[2025-12-27T18:23:19.353+0000] {logging_mixin.py:188} INFO - [2025-12-27T18:23:19.353+0000] {dag.py:3036} INFO - Sync 1 DAGs
[2025-12-27T18:23:19.394+0000] {logging_mixin.py:188} INFO - [2025-12-27T18:23:19.394+0000] {dag.py:3823} INFO - Setting next_dagrun for match_features_pipeline to 2025-12-27 00:00:00+00:00, run_after=2025-12-28 00:00:00+00:00
[2025-12-27T18:23:19.424+0000] {processor.py:183} INFO - Processing /opt/airflow/dags/prediction_features_pipeline.py took 0.175 seconds
[2025-12-27T18:23:50.031+0000] {processor.py:161} INFO - Started process (PID=723) to work on /opt/airflow/dags/prediction_features_pipeline.py
[2025-12-27T18:23:50.034+0000] {processor.py:830} INFO - Processing file /opt/airflow/dags/prediction_features_pipeline.py for tasks to queue
[2025-12-27T18:23:50.036+0000] {logging_mixin.py:188} INFO - [2025-12-27T18:23:50.035+0000] {dagbag.py:538} INFO - Filling up the DagBag from /opt/airflow/dags/prediction_features_pipeline.py
[2025-12-27T18:23:50.079+0000] {processor.py:840} INFO - DAG(s) 'match_features_pipeline' retrieved from /opt/airflow/dags/prediction_features_pipeline.py
[2025-12-27T18:23:50.130+0000] {logging_mixin.py:188} INFO - [2025-12-27T18:23:50.129+0000] {dag.py:3036} INFO - Sync 1 DAGs
[2025-12-27T18:23:50.170+0000] {logging_mixin.py:188} INFO - [2025-12-27T18:23:50.170+0000] {dag.py:3823} INFO - Setting next_dagrun for match_features_pipeline to 2025-12-27 00:00:00+00:00, run_after=2025-12-28 00:00:00+00:00
[2025-12-27T18:23:50.242+0000] {processor.py:183} INFO - Processing /opt/airflow/dags/prediction_features_pipeline.py took 0.219 seconds
[2025-12-27T18:24:20.855+0000] {processor.py:161} INFO - Started process (PID=747) to work on /opt/airflow/dags/prediction_features_pipeline.py
[2025-12-27T18:24:20.858+0000] {processor.py:830} INFO - Processing file /opt/airflow/dags/prediction_features_pipeline.py for tasks to queue
[2025-12-27T18:24:20.861+0000] {logging_mixin.py:188} INFO - [2025-12-27T18:24:20.860+0000] {dagbag.py:538} INFO - Filling up the DagBag from /opt/airflow/dags/prediction_features_pipeline.py
[2025-12-27T18:24:20.901+0000] {processor.py:840} INFO - DAG(s) 'match_features_pipeline' retrieved from /opt/airflow/dags/prediction_features_pipeline.py
[2025-12-27T18:24:20.949+0000] {logging_mixin.py:188} INFO - [2025-12-27T18:24:20.949+0000] {dag.py:3036} INFO - Sync 1 DAGs
[2025-12-27T18:24:20.990+0000] {logging_mixin.py:188} INFO - [2025-12-27T18:24:20.990+0000] {dag.py:3823} INFO - Setting next_dagrun for match_features_pipeline to 2025-12-27 00:00:00+00:00, run_after=2025-12-28 00:00:00+00:00
[2025-12-27T18:24:21.024+0000] {processor.py:183} INFO - Processing /opt/airflow/dags/prediction_features_pipeline.py took 0.176 seconds
[2025-12-27T18:24:51.728+0000] {processor.py:161} INFO - Started process (PID=767) to work on /opt/airflow/dags/prediction_features_pipeline.py
[2025-12-27T18:24:51.731+0000] {processor.py:830} INFO - Processing file /opt/airflow/dags/prediction_features_pipeline.py for tasks to queue
[2025-12-27T18:24:51.733+0000] {logging_mixin.py:188} INFO - [2025-12-27T18:24:51.732+0000] {dagbag.py:538} INFO - Filling up the DagBag from /opt/airflow/dags/prediction_features_pipeline.py
[2025-12-27T18:24:51.775+0000] {processor.py:840} INFO - DAG(s) 'match_features_pipeline' retrieved from /opt/airflow/dags/prediction_features_pipeline.py
[2025-12-27T18:24:51.825+0000] {logging_mixin.py:188} INFO - [2025-12-27T18:24:51.824+0000] {dag.py:3036} INFO - Sync 1 DAGs
[2025-12-27T18:24:51.865+0000] {logging_mixin.py:188} INFO - [2025-12-27T18:24:51.865+0000] {dag.py:3823} INFO - Setting next_dagrun for match_features_pipeline to 2025-12-27 00:00:00+00:00, run_after=2025-12-28 00:00:00+00:00
[2025-12-27T18:24:51.939+0000] {processor.py:183} INFO - Processing /opt/airflow/dags/prediction_features_pipeline.py took 0.217 seconds
[2025-12-27T18:25:22.559+0000] {processor.py:161} INFO - Started process (PID=791) to work on /opt/airflow/dags/prediction_features_pipeline.py
[2025-12-27T18:25:22.562+0000] {processor.py:830} INFO - Processing file /opt/airflow/dags/prediction_features_pipeline.py for tasks to queue
[2025-12-27T18:25:22.564+0000] {logging_mixin.py:188} INFO - [2025-12-27T18:25:22.563+0000] {dagbag.py:538} INFO - Filling up the DagBag from /opt/airflow/dags/prediction_features_pipeline.py
[2025-12-27T18:25:22.603+0000] {processor.py:840} INFO - DAG(s) 'match_features_pipeline' retrieved from /opt/airflow/dags/prediction_features_pipeline.py
[2025-12-27T18:25:22.650+0000] {logging_mixin.py:188} INFO - [2025-12-27T18:25:22.650+0000] {dag.py:3036} INFO - Sync 1 DAGs
[2025-12-27T18:25:22.703+0000] {logging_mixin.py:188} INFO - [2025-12-27T18:25:22.703+0000] {dag.py:3823} INFO - Setting next_dagrun for match_features_pipeline to 2025-12-27 00:00:00+00:00, run_after=2025-12-28 00:00:00+00:00
[2025-12-27T18:25:22.769+0000] {processor.py:183} INFO - Processing /opt/airflow/dags/prediction_features_pipeline.py took 0.220 seconds
[2025-12-27T18:25:53.361+0000] {processor.py:161} INFO - Started process (PID=811) to work on /opt/airflow/dags/prediction_features_pipeline.py
[2025-12-27T18:25:53.363+0000] {processor.py:830} INFO - Processing file /opt/airflow/dags/prediction_features_pipeline.py for tasks to queue
[2025-12-27T18:25:53.365+0000] {logging_mixin.py:188} INFO - [2025-12-27T18:25:53.364+0000] {dagbag.py:538} INFO - Filling up the DagBag from /opt/airflow/dags/prediction_features_pipeline.py
[2025-12-27T18:25:53.409+0000] {processor.py:840} INFO - DAG(s) 'match_features_pipeline' retrieved from /opt/airflow/dags/prediction_features_pipeline.py
[2025-12-27T18:25:53.459+0000] {logging_mixin.py:188} INFO - [2025-12-27T18:25:53.459+0000] {dag.py:3036} INFO - Sync 1 DAGs
[2025-12-27T18:25:53.502+0000] {logging_mixin.py:188} INFO - [2025-12-27T18:25:53.501+0000] {dag.py:3823} INFO - Setting next_dagrun for match_features_pipeline to 2025-12-27 00:00:00+00:00, run_after=2025-12-28 00:00:00+00:00
[2025-12-27T18:25:53.576+0000] {processor.py:183} INFO - Processing /opt/airflow/dags/prediction_features_pipeline.py took 0.222 seconds
[2025-12-27T18:26:24.175+0000] {processor.py:161} INFO - Started process (PID=835) to work on /opt/airflow/dags/prediction_features_pipeline.py
[2025-12-27T18:26:24.177+0000] {processor.py:830} INFO - Processing file /opt/airflow/dags/prediction_features_pipeline.py for tasks to queue
[2025-12-27T18:26:24.180+0000] {logging_mixin.py:188} INFO - [2025-12-27T18:26:24.179+0000] {dagbag.py:538} INFO - Filling up the DagBag from /opt/airflow/dags/prediction_features_pipeline.py
[2025-12-27T18:26:24.217+0000] {processor.py:840} INFO - DAG(s) 'match_features_pipeline' retrieved from /opt/airflow/dags/prediction_features_pipeline.py
[2025-12-27T18:26:24.278+0000] {logging_mixin.py:188} INFO - [2025-12-27T18:26:24.277+0000] {dag.py:3036} INFO - Sync 1 DAGs
[2025-12-27T18:26:24.328+0000] {logging_mixin.py:188} INFO - [2025-12-27T18:26:24.328+0000] {dag.py:3823} INFO - Setting next_dagrun for match_features_pipeline to 2025-12-27 00:00:00+00:00, run_after=2025-12-28 00:00:00+00:00
[2025-12-27T18:26:24.405+0000] {processor.py:183} INFO - Processing /opt/airflow/dags/prediction_features_pipeline.py took 0.238 seconds
[2025-12-27T18:26:54.866+0000] {processor.py:161} INFO - Started process (PID=855) to work on /opt/airflow/dags/prediction_features_pipeline.py
[2025-12-27T18:26:54.868+0000] {processor.py:830} INFO - Processing file /opt/airflow/dags/prediction_features_pipeline.py for tasks to queue
[2025-12-27T18:26:54.869+0000] {logging_mixin.py:188} INFO - [2025-12-27T18:26:54.869+0000] {dagbag.py:538} INFO - Filling up the DagBag from /opt/airflow/dags/prediction_features_pipeline.py
[2025-12-27T18:26:54.900+0000] {processor.py:840} INFO - DAG(s) 'match_features_pipeline' retrieved from /opt/airflow/dags/prediction_features_pipeline.py
[2025-12-27T18:26:54.940+0000] {logging_mixin.py:188} INFO - [2025-12-27T18:26:54.939+0000] {dag.py:3036} INFO - Sync 1 DAGs
[2025-12-27T18:26:54.972+0000] {logging_mixin.py:188} INFO - [2025-12-27T18:26:54.972+0000] {dag.py:3823} INFO - Setting next_dagrun for match_features_pipeline to 2025-12-27 00:00:00+00:00, run_after=2025-12-28 00:00:00+00:00
[2025-12-27T18:26:55.042+0000] {processor.py:183} INFO - Processing /opt/airflow/dags/prediction_features_pipeline.py took 0.181 seconds
[2025-12-27T18:27:25.535+0000] {processor.py:161} INFO - Started process (PID=879) to work on /opt/airflow/dags/prediction_features_pipeline.py
[2025-12-27T18:27:25.538+0000] {processor.py:830} INFO - Processing file /opt/airflow/dags/prediction_features_pipeline.py for tasks to queue
[2025-12-27T18:27:25.541+0000] {logging_mixin.py:188} INFO - [2025-12-27T18:27:25.540+0000] {dagbag.py:538} INFO - Filling up the DagBag from /opt/airflow/dags/prediction_features_pipeline.py
[2025-12-27T18:27:25.593+0000] {processor.py:840} INFO - DAG(s) 'match_features_pipeline' retrieved from /opt/airflow/dags/prediction_features_pipeline.py
[2025-12-27T18:27:25.667+0000] {logging_mixin.py:188} INFO - [2025-12-27T18:27:25.665+0000] {dag.py:3036} INFO - Sync 1 DAGs
[2025-12-27T18:27:25.721+0000] {logging_mixin.py:188} INFO - [2025-12-27T18:27:25.721+0000] {dag.py:3823} INFO - Setting next_dagrun for match_features_pipeline to 2025-12-27 00:00:00+00:00, run_after=2025-12-28 00:00:00+00:00
[2025-12-27T18:27:25.753+0000] {processor.py:183} INFO - Processing /opt/airflow/dags/prediction_features_pipeline.py took 0.230 seconds
[2025-12-27T18:27:56.316+0000] {processor.py:161} INFO - Started process (PID=899) to work on /opt/airflow/dags/prediction_features_pipeline.py
[2025-12-27T18:27:56.318+0000] {processor.py:830} INFO - Processing file /opt/airflow/dags/prediction_features_pipeline.py for tasks to queue
[2025-12-27T18:27:56.320+0000] {logging_mixin.py:188} INFO - [2025-12-27T18:27:56.319+0000] {dagbag.py:538} INFO - Filling up the DagBag from /opt/airflow/dags/prediction_features_pipeline.py
[2025-12-27T18:27:56.367+0000] {processor.py:840} INFO - DAG(s) 'match_features_pipeline' retrieved from /opt/airflow/dags/prediction_features_pipeline.py
[2025-12-27T18:27:56.421+0000] {logging_mixin.py:188} INFO - [2025-12-27T18:27:56.420+0000] {dag.py:3036} INFO - Sync 1 DAGs
[2025-12-27T18:27:56.468+0000] {logging_mixin.py:188} INFO - [2025-12-27T18:27:56.467+0000] {dag.py:3823} INFO - Setting next_dagrun for match_features_pipeline to 2025-12-27 00:00:00+00:00, run_after=2025-12-28 00:00:00+00:00
[2025-12-27T18:27:56.541+0000] {processor.py:183} INFO - Processing /opt/airflow/dags/prediction_features_pipeline.py took 0.233 seconds
[2025-12-27T18:28:27.143+0000] {processor.py:161} INFO - Started process (PID=923) to work on /opt/airflow/dags/prediction_features_pipeline.py
[2025-12-27T18:28:27.145+0000] {processor.py:830} INFO - Processing file /opt/airflow/dags/prediction_features_pipeline.py for tasks to queue
[2025-12-27T18:28:27.147+0000] {logging_mixin.py:188} INFO - [2025-12-27T18:28:27.147+0000] {dagbag.py:538} INFO - Filling up the DagBag from /opt/airflow/dags/prediction_features_pipeline.py
[2025-12-27T18:28:27.183+0000] {processor.py:840} INFO - DAG(s) 'match_features_pipeline' retrieved from /opt/airflow/dags/prediction_features_pipeline.py
[2025-12-27T18:28:27.222+0000] {logging_mixin.py:188} INFO - [2025-12-27T18:28:27.221+0000] {dag.py:3036} INFO - Sync 1 DAGs
[2025-12-27T18:28:27.264+0000] {logging_mixin.py:188} INFO - [2025-12-27T18:28:27.263+0000] {dag.py:3823} INFO - Setting next_dagrun for match_features_pipeline to 2025-12-27 00:00:00+00:00, run_after=2025-12-28 00:00:00+00:00
[2025-12-27T18:28:27.297+0000] {processor.py:183} INFO - Processing /opt/airflow/dags/prediction_features_pipeline.py took 0.161 seconds
[2025-12-27T18:28:57.891+0000] {processor.py:161} INFO - Started process (PID=943) to work on /opt/airflow/dags/prediction_features_pipeline.py
[2025-12-27T18:28:57.895+0000] {processor.py:830} INFO - Processing file /opt/airflow/dags/prediction_features_pipeline.py for tasks to queue
[2025-12-27T18:28:57.898+0000] {logging_mixin.py:188} INFO - [2025-12-27T18:28:57.897+0000] {dagbag.py:538} INFO - Filling up the DagBag from /opt/airflow/dags/prediction_features_pipeline.py
[2025-12-27T18:28:57.943+0000] {processor.py:840} INFO - DAG(s) 'match_features_pipeline' retrieved from /opt/airflow/dags/prediction_features_pipeline.py
[2025-12-27T18:28:57.999+0000] {logging_mixin.py:188} INFO - [2025-12-27T18:28:57.999+0000] {dag.py:3036} INFO - Sync 1 DAGs
[2025-12-27T18:28:58.054+0000] {logging_mixin.py:188} INFO - [2025-12-27T18:28:58.053+0000] {dag.py:3823} INFO - Setting next_dagrun for match_features_pipeline to 2025-12-27 00:00:00+00:00, run_after=2025-12-28 00:00:00+00:00
[2025-12-27T18:28:58.092+0000] {processor.py:183} INFO - Processing /opt/airflow/dags/prediction_features_pipeline.py took 0.209 seconds
[2025-12-27T18:29:28.670+0000] {processor.py:161} INFO - Started process (PID=967) to work on /opt/airflow/dags/prediction_features_pipeline.py
[2025-12-27T18:29:28.672+0000] {processor.py:830} INFO - Processing file /opt/airflow/dags/prediction_features_pipeline.py for tasks to queue
[2025-12-27T18:29:28.674+0000] {logging_mixin.py:188} INFO - [2025-12-27T18:29:28.674+0000] {dagbag.py:538} INFO - Filling up the DagBag from /opt/airflow/dags/prediction_features_pipeline.py
[2025-12-27T18:29:28.715+0000] {processor.py:840} INFO - DAG(s) 'match_features_pipeline' retrieved from /opt/airflow/dags/prediction_features_pipeline.py
[2025-12-27T18:29:28.762+0000] {logging_mixin.py:188} INFO - [2025-12-27T18:29:28.762+0000] {dag.py:3036} INFO - Sync 1 DAGs
[2025-12-27T18:29:28.803+0000] {logging_mixin.py:188} INFO - [2025-12-27T18:29:28.802+0000] {dag.py:3823} INFO - Setting next_dagrun for match_features_pipeline to 2025-12-27 00:00:00+00:00, run_after=2025-12-28 00:00:00+00:00
[2025-12-27T18:29:28.837+0000] {processor.py:183} INFO - Processing /opt/airflow/dags/prediction_features_pipeline.py took 0.175 seconds
[2025-12-27T18:29:59.547+0000] {processor.py:161} INFO - Started process (PID=987) to work on /opt/airflow/dags/prediction_features_pipeline.py
[2025-12-27T18:29:59.549+0000] {processor.py:830} INFO - Processing file /opt/airflow/dags/prediction_features_pipeline.py for tasks to queue
[2025-12-27T18:29:59.551+0000] {logging_mixin.py:188} INFO - [2025-12-27T18:29:59.550+0000] {dagbag.py:538} INFO - Filling up the DagBag from /opt/airflow/dags/prediction_features_pipeline.py
[2025-12-27T18:29:59.597+0000] {processor.py:840} INFO - DAG(s) 'match_features_pipeline' retrieved from /opt/airflow/dags/prediction_features_pipeline.py
[2025-12-27T18:29:59.641+0000] {logging_mixin.py:188} INFO - [2025-12-27T18:29:59.640+0000] {dag.py:3036} INFO - Sync 1 DAGs
[2025-12-27T18:29:59.681+0000] {logging_mixin.py:188} INFO - [2025-12-27T18:29:59.681+0000] {dag.py:3823} INFO - Setting next_dagrun for match_features_pipeline to 2025-12-27 00:00:00+00:00, run_after=2025-12-28 00:00:00+00:00
[2025-12-27T18:29:59.752+0000] {processor.py:183} INFO - Processing /opt/airflow/dags/prediction_features_pipeline.py took 0.214 seconds
[2025-12-27T18:30:30.363+0000] {processor.py:161} INFO - Started process (PID=1011) to work on /opt/airflow/dags/prediction_features_pipeline.py
[2025-12-27T18:30:30.376+0000] {processor.py:830} INFO - Processing file /opt/airflow/dags/prediction_features_pipeline.py for tasks to queue
[2025-12-27T18:30:30.379+0000] {logging_mixin.py:188} INFO - [2025-12-27T18:30:30.378+0000] {dagbag.py:538} INFO - Filling up the DagBag from /opt/airflow/dags/prediction_features_pipeline.py
[2025-12-27T18:30:30.422+0000] {processor.py:840} INFO - DAG(s) 'match_features_pipeline' retrieved from /opt/airflow/dags/prediction_features_pipeline.py
[2025-12-27T18:30:30.480+0000] {logging_mixin.py:188} INFO - [2025-12-27T18:30:30.479+0000] {dag.py:3036} INFO - Sync 1 DAGs
[2025-12-27T18:30:30.567+0000] {logging_mixin.py:188} INFO - [2025-12-27T18:30:30.566+0000] {dag.py:3823} INFO - Setting next_dagrun for match_features_pipeline to 2025-12-27 00:00:00+00:00, run_after=2025-12-28 00:00:00+00:00
[2025-12-27T18:30:30.602+0000] {processor.py:183} INFO - Processing /opt/airflow/dags/prediction_features_pipeline.py took 0.247 seconds
[2025-12-27T18:31:01.142+0000] {processor.py:161} INFO - Started process (PID=1031) to work on /opt/airflow/dags/prediction_features_pipeline.py
[2025-12-27T18:31:01.144+0000] {processor.py:830} INFO - Processing file /opt/airflow/dags/prediction_features_pipeline.py for tasks to queue
[2025-12-27T18:31:01.146+0000] {logging_mixin.py:188} INFO - [2025-12-27T18:31:01.146+0000] {dagbag.py:538} INFO - Filling up the DagBag from /opt/airflow/dags/prediction_features_pipeline.py
[2025-12-27T18:31:01.188+0000] {processor.py:840} INFO - DAG(s) 'match_features_pipeline' retrieved from /opt/airflow/dags/prediction_features_pipeline.py
[2025-12-27T18:31:01.255+0000] {logging_mixin.py:188} INFO - [2025-12-27T18:31:01.255+0000] {dag.py:3036} INFO - Sync 1 DAGs
[2025-12-27T18:31:01.294+0000] {logging_mixin.py:188} INFO - [2025-12-27T18:31:01.294+0000] {dag.py:3823} INFO - Setting next_dagrun for match_features_pipeline to 2025-12-27 00:00:00+00:00, run_after=2025-12-28 00:00:00+00:00
[2025-12-27T18:31:01.367+0000] {processor.py:183} INFO - Processing /opt/airflow/dags/prediction_features_pipeline.py took 0.232 seconds
[2025-12-27T18:31:32.004+0000] {processor.py:161} INFO - Started process (PID=1055) to work on /opt/airflow/dags/prediction_features_pipeline.py
[2025-12-27T18:31:32.007+0000] {processor.py:830} INFO - Processing file /opt/airflow/dags/prediction_features_pipeline.py for tasks to queue
[2025-12-27T18:31:32.009+0000] {logging_mixin.py:188} INFO - [2025-12-27T18:31:32.009+0000] {dagbag.py:538} INFO - Filling up the DagBag from /opt/airflow/dags/prediction_features_pipeline.py
[2025-12-27T18:31:32.051+0000] {processor.py:840} INFO - DAG(s) 'match_features_pipeline' retrieved from /opt/airflow/dags/prediction_features_pipeline.py
[2025-12-27T18:31:32.099+0000] {logging_mixin.py:188} INFO - [2025-12-27T18:31:32.099+0000] {dag.py:3036} INFO - Sync 1 DAGs
[2025-12-27T18:31:32.140+0000] {logging_mixin.py:188} INFO - [2025-12-27T18:31:32.140+0000] {dag.py:3823} INFO - Setting next_dagrun for match_features_pipeline to 2025-12-27 00:00:00+00:00, run_after=2025-12-28 00:00:00+00:00
[2025-12-27T18:31:32.177+0000] {processor.py:183} INFO - Processing /opt/airflow/dags/prediction_features_pipeline.py took 0.180 seconds
[2025-12-27T18:32:02.778+0000] {processor.py:161} INFO - Started process (PID=1075) to work on /opt/airflow/dags/prediction_features_pipeline.py
[2025-12-27T18:32:02.780+0000] {processor.py:830} INFO - Processing file /opt/airflow/dags/prediction_features_pipeline.py for tasks to queue
[2025-12-27T18:32:02.783+0000] {logging_mixin.py:188} INFO - [2025-12-27T18:32:02.782+0000] {dagbag.py:538} INFO - Filling up the DagBag from /opt/airflow/dags/prediction_features_pipeline.py
[2025-12-27T18:32:02.828+0000] {processor.py:840} INFO - DAG(s) 'match_features_pipeline' retrieved from /opt/airflow/dags/prediction_features_pipeline.py
[2025-12-27T18:32:02.879+0000] {logging_mixin.py:188} INFO - [2025-12-27T18:32:02.878+0000] {dag.py:3036} INFO - Sync 1 DAGs
[2025-12-27T18:32:02.923+0000] {logging_mixin.py:188} INFO - [2025-12-27T18:32:02.923+0000] {dag.py:3823} INFO - Setting next_dagrun for match_features_pipeline to 2025-12-27 00:00:00+00:00, run_after=2025-12-28 00:00:00+00:00
[2025-12-27T18:32:02.955+0000] {processor.py:183} INFO - Processing /opt/airflow/dags/prediction_features_pipeline.py took 0.185 seconds
[2025-12-27T18:32:33.584+0000] {processor.py:161} INFO - Started process (PID=1099) to work on /opt/airflow/dags/prediction_features_pipeline.py
[2025-12-27T18:32:33.587+0000] {processor.py:830} INFO - Processing file /opt/airflow/dags/prediction_features_pipeline.py for tasks to queue
[2025-12-27T18:32:33.588+0000] {logging_mixin.py:188} INFO - [2025-12-27T18:32:33.588+0000] {dagbag.py:538} INFO - Filling up the DagBag from /opt/airflow/dags/prediction_features_pipeline.py
[2025-12-27T18:32:33.626+0000] {processor.py:840} INFO - DAG(s) 'match_features_pipeline' retrieved from /opt/airflow/dags/prediction_features_pipeline.py
[2025-12-27T18:32:33.671+0000] {logging_mixin.py:188} INFO - [2025-12-27T18:32:33.671+0000] {dag.py:3036} INFO - Sync 1 DAGs
[2025-12-27T18:32:33.716+0000] {logging_mixin.py:188} INFO - [2025-12-27T18:32:33.715+0000] {dag.py:3823} INFO - Setting next_dagrun for match_features_pipeline to 2025-12-27 00:00:00+00:00, run_after=2025-12-28 00:00:00+00:00
[2025-12-27T18:32:33.785+0000] {processor.py:183} INFO - Processing /opt/airflow/dags/prediction_features_pipeline.py took 0.209 seconds
[2025-12-27T18:33:04.401+0000] {processor.py:161} INFO - Started process (PID=1119) to work on /opt/airflow/dags/prediction_features_pipeline.py
[2025-12-27T18:33:04.404+0000] {processor.py:830} INFO - Processing file /opt/airflow/dags/prediction_features_pipeline.py for tasks to queue
[2025-12-27T18:33:04.406+0000] {logging_mixin.py:188} INFO - [2025-12-27T18:33:04.405+0000] {dagbag.py:538} INFO - Filling up the DagBag from /opt/airflow/dags/prediction_features_pipeline.py
[2025-12-27T18:33:04.446+0000] {processor.py:840} INFO - DAG(s) 'match_features_pipeline' retrieved from /opt/airflow/dags/prediction_features_pipeline.py
[2025-12-27T18:33:04.499+0000] {logging_mixin.py:188} INFO - [2025-12-27T18:33:04.499+0000] {dag.py:3036} INFO - Sync 1 DAGs
[2025-12-27T18:33:04.546+0000] {logging_mixin.py:188} INFO - [2025-12-27T18:33:04.545+0000] {dag.py:3823} INFO - Setting next_dagrun for match_features_pipeline to 2025-12-27 00:00:00+00:00, run_after=2025-12-28 00:00:00+00:00
[2025-12-27T18:33:04.621+0000] {processor.py:183} INFO - Processing /opt/airflow/dags/prediction_features_pipeline.py took 0.228 seconds
[2025-12-27T18:33:35.192+0000] {processor.py:161} INFO - Started process (PID=1143) to work on /opt/airflow/dags/prediction_features_pipeline.py
[2025-12-27T18:33:35.194+0000] {processor.py:830} INFO - Processing file /opt/airflow/dags/prediction_features_pipeline.py for tasks to queue
[2025-12-27T18:33:35.196+0000] {logging_mixin.py:188} INFO - [2025-12-27T18:33:35.195+0000] {dagbag.py:538} INFO - Filling up the DagBag from /opt/airflow/dags/prediction_features_pipeline.py
[2025-12-27T18:33:35.235+0000] {processor.py:840} INFO - DAG(s) 'match_features_pipeline' retrieved from /opt/airflow/dags/prediction_features_pipeline.py
[2025-12-27T18:33:35.279+0000] {logging_mixin.py:188} INFO - [2025-12-27T18:33:35.279+0000] {dag.py:3036} INFO - Sync 1 DAGs
[2025-12-27T18:33:35.320+0000] {logging_mixin.py:188} INFO - [2025-12-27T18:33:35.320+0000] {dag.py:3823} INFO - Setting next_dagrun for match_features_pipeline to 2025-12-27 00:00:00+00:00, run_after=2025-12-28 00:00:00+00:00
[2025-12-27T18:33:35.393+0000] {processor.py:183} INFO - Processing /opt/airflow/dags/prediction_features_pipeline.py took 0.208 seconds
[2025-12-27T18:34:06.003+0000] {processor.py:161} INFO - Started process (PID=1163) to work on /opt/airflow/dags/prediction_features_pipeline.py
[2025-12-27T18:34:06.005+0000] {processor.py:830} INFO - Processing file /opt/airflow/dags/prediction_features_pipeline.py for tasks to queue
[2025-12-27T18:34:06.007+0000] {logging_mixin.py:188} INFO - [2025-12-27T18:34:06.006+0000] {dagbag.py:538} INFO - Filling up the DagBag from /opt/airflow/dags/prediction_features_pipeline.py
[2025-12-27T18:34:06.050+0000] {processor.py:840} INFO - DAG(s) 'match_features_pipeline' retrieved from /opt/airflow/dags/prediction_features_pipeline.py
[2025-12-27T18:34:06.096+0000] {logging_mixin.py:188} INFO - [2025-12-27T18:34:06.096+0000] {dag.py:3036} INFO - Sync 1 DAGs
[2025-12-27T18:34:06.144+0000] {logging_mixin.py:188} INFO - [2025-12-27T18:34:06.144+0000] {dag.py:3823} INFO - Setting next_dagrun for match_features_pipeline to 2025-12-27 00:00:00+00:00, run_after=2025-12-28 00:00:00+00:00
[2025-12-27T18:34:06.199+0000] {processor.py:183} INFO - Processing /opt/airflow/dags/prediction_features_pipeline.py took 0.202 seconds
[2025-12-27T18:34:36.906+0000] {processor.py:161} INFO - Started process (PID=1187) to work on /opt/airflow/dags/prediction_features_pipeline.py
[2025-12-27T18:34:36.908+0000] {processor.py:830} INFO - Processing file /opt/airflow/dags/prediction_features_pipeline.py for tasks to queue
[2025-12-27T18:34:36.911+0000] {logging_mixin.py:188} INFO - [2025-12-27T18:34:36.910+0000] {dagbag.py:538} INFO - Filling up the DagBag from /opt/airflow/dags/prediction_features_pipeline.py
[2025-12-27T18:34:36.955+0000] {processor.py:840} INFO - DAG(s) 'match_features_pipeline' retrieved from /opt/airflow/dags/prediction_features_pipeline.py
[2025-12-27T18:34:37.010+0000] {logging_mixin.py:188} INFO - [2025-12-27T18:34:37.009+0000] {dag.py:3036} INFO - Sync 1 DAGs
[2025-12-27T18:34:37.056+0000] {logging_mixin.py:188} INFO - [2025-12-27T18:34:37.056+0000] {dag.py:3823} INFO - Setting next_dagrun for match_features_pipeline to 2025-12-27 00:00:00+00:00, run_after=2025-12-28 00:00:00+00:00
[2025-12-27T18:34:37.130+0000] {processor.py:183} INFO - Processing /opt/airflow/dags/prediction_features_pipeline.py took 0.233 seconds
[2025-12-27T18:35:07.501+0000] {processor.py:161} INFO - Started process (PID=1207) to work on /opt/airflow/dags/prediction_features_pipeline.py
[2025-12-27T18:35:07.504+0000] {processor.py:830} INFO - Processing file /opt/airflow/dags/prediction_features_pipeline.py for tasks to queue
[2025-12-27T18:35:07.506+0000] {logging_mixin.py:188} INFO - [2025-12-27T18:35:07.505+0000] {dagbag.py:538} INFO - Filling up the DagBag from /opt/airflow/dags/prediction_features_pipeline.py
[2025-12-27T18:35:07.548+0000] {processor.py:840} INFO - DAG(s) 'match_features_pipeline' retrieved from /opt/airflow/dags/prediction_features_pipeline.py
[2025-12-27T18:35:07.599+0000] {logging_mixin.py:188} INFO - [2025-12-27T18:35:07.599+0000] {dag.py:3036} INFO - Sync 1 DAGs
[2025-12-27T18:35:07.638+0000] {logging_mixin.py:188} INFO - [2025-12-27T18:35:07.638+0000] {dag.py:3823} INFO - Setting next_dagrun for match_features_pipeline to 2025-12-27 00:00:00+00:00, run_after=2025-12-28 00:00:00+00:00
[2025-12-27T18:35:07.711+0000] {processor.py:183} INFO - Processing /opt/airflow/dags/prediction_features_pipeline.py took 0.219 seconds
[2025-12-27T18:35:38.369+0000] {processor.py:161} INFO - Started process (PID=1231) to work on /opt/airflow/dags/prediction_features_pipeline.py
[2025-12-27T18:35:38.372+0000] {processor.py:830} INFO - Processing file /opt/airflow/dags/prediction_features_pipeline.py for tasks to queue
[2025-12-27T18:35:38.374+0000] {logging_mixin.py:188} INFO - [2025-12-27T18:35:38.373+0000] {dagbag.py:538} INFO - Filling up the DagBag from /opt/airflow/dags/prediction_features_pipeline.py
[2025-12-27T18:35:38.417+0000] {processor.py:840} INFO - DAG(s) 'match_features_pipeline' retrieved from /opt/airflow/dags/prediction_features_pipeline.py
[2025-12-27T18:35:38.467+0000] {logging_mixin.py:188} INFO - [2025-12-27T18:35:38.466+0000] {dag.py:3036} INFO - Sync 1 DAGs
[2025-12-27T18:35:38.513+0000] {logging_mixin.py:188} INFO - [2025-12-27T18:35:38.513+0000] {dag.py:3823} INFO - Setting next_dagrun for match_features_pipeline to 2025-12-27 00:00:00+00:00, run_after=2025-12-28 00:00:00+00:00
[2025-12-27T18:35:38.552+0000] {processor.py:183} INFO - Processing /opt/airflow/dags/prediction_features_pipeline.py took 0.193 seconds
[2025-12-27T18:36:09.109+0000] {processor.py:161} INFO - Started process (PID=1251) to work on /opt/airflow/dags/prediction_features_pipeline.py
[2025-12-27T18:36:09.111+0000] {processor.py:830} INFO - Processing file /opt/airflow/dags/prediction_features_pipeline.py for tasks to queue
[2025-12-27T18:36:09.113+0000] {logging_mixin.py:188} INFO - [2025-12-27T18:36:09.113+0000] {dagbag.py:538} INFO - Filling up the DagBag from /opt/airflow/dags/prediction_features_pipeline.py
[2025-12-27T18:36:09.153+0000] {processor.py:840} INFO - DAG(s) 'match_features_pipeline' retrieved from /opt/airflow/dags/prediction_features_pipeline.py
[2025-12-27T18:36:09.208+0000] {logging_mixin.py:188} INFO - [2025-12-27T18:36:09.208+0000] {dag.py:3036} INFO - Sync 1 DAGs
[2025-12-27T18:36:09.260+0000] {logging_mixin.py:188} INFO - [2025-12-27T18:36:09.260+0000] {dag.py:3823} INFO - Setting next_dagrun for match_features_pipeline to 2025-12-27 00:00:00+00:00, run_after=2025-12-28 00:00:00+00:00
[2025-12-27T18:36:09.306+0000] {processor.py:183} INFO - Processing /opt/airflow/dags/prediction_features_pipeline.py took 0.205 seconds
[2025-12-27T18:36:39.911+0000] {processor.py:161} INFO - Started process (PID=1275) to work on /opt/airflow/dags/prediction_features_pipeline.py
[2025-12-27T18:36:39.913+0000] {processor.py:830} INFO - Processing file /opt/airflow/dags/prediction_features_pipeline.py for tasks to queue
[2025-12-27T18:36:39.915+0000] {logging_mixin.py:188} INFO - [2025-12-27T18:36:39.914+0000] {dagbag.py:538} INFO - Filling up the DagBag from /opt/airflow/dags/prediction_features_pipeline.py
[2025-12-27T18:36:39.954+0000] {processor.py:840} INFO - DAG(s) 'match_features_pipeline' retrieved from /opt/airflow/dags/prediction_features_pipeline.py
[2025-12-27T18:36:40.019+0000] {logging_mixin.py:188} INFO - [2025-12-27T18:36:40.019+0000] {dag.py:3036} INFO - Sync 1 DAGs
[2025-12-27T18:36:40.067+0000] {logging_mixin.py:188} INFO - [2025-12-27T18:36:40.066+0000] {dag.py:3823} INFO - Setting next_dagrun for match_features_pipeline to 2025-12-27 00:00:00+00:00, run_after=2025-12-28 00:00:00+00:00
[2025-12-27T18:36:40.142+0000] {processor.py:183} INFO - Processing /opt/airflow/dags/prediction_features_pipeline.py took 0.238 seconds
[2025-12-27T18:37:10.759+0000] {processor.py:161} INFO - Started process (PID=1295) to work on /opt/airflow/dags/prediction_features_pipeline.py
[2025-12-27T18:37:10.762+0000] {processor.py:830} INFO - Processing file /opt/airflow/dags/prediction_features_pipeline.py for tasks to queue
[2025-12-27T18:37:10.764+0000] {logging_mixin.py:188} INFO - [2025-12-27T18:37:10.763+0000] {dagbag.py:538} INFO - Filling up the DagBag from /opt/airflow/dags/prediction_features_pipeline.py
[2025-12-27T18:37:10.806+0000] {processor.py:840} INFO - DAG(s) 'match_features_pipeline' retrieved from /opt/airflow/dags/prediction_features_pipeline.py
[2025-12-27T18:37:10.858+0000] {logging_mixin.py:188} INFO - [2025-12-27T18:37:10.857+0000] {dag.py:3036} INFO - Sync 1 DAGs
[2025-12-27T18:37:10.898+0000] {logging_mixin.py:188} INFO - [2025-12-27T18:37:10.898+0000] {dag.py:3823} INFO - Setting next_dagrun for match_features_pipeline to 2025-12-27 00:00:00+00:00, run_after=2025-12-28 00:00:00+00:00
[2025-12-27T18:37:10.971+0000] {processor.py:183} INFO - Processing /opt/airflow/dags/prediction_features_pipeline.py took 0.220 seconds
[2025-12-27T18:37:41.654+0000] {processor.py:161} INFO - Started process (PID=1321) to work on /opt/airflow/dags/prediction_features_pipeline.py
[2025-12-27T18:37:41.658+0000] {processor.py:830} INFO - Processing file /opt/airflow/dags/prediction_features_pipeline.py for tasks to queue
[2025-12-27T18:37:41.661+0000] {logging_mixin.py:188} INFO - [2025-12-27T18:37:41.660+0000] {dagbag.py:538} INFO - Filling up the DagBag from /opt/airflow/dags/prediction_features_pipeline.py
[2025-12-27T18:37:41.721+0000] {processor.py:840} INFO - DAG(s) 'match_features_pipeline' retrieved from /opt/airflow/dags/prediction_features_pipeline.py
[2025-12-27T18:37:41.787+0000] {logging_mixin.py:188} INFO - [2025-12-27T18:37:41.787+0000] {dag.py:3036} INFO - Sync 1 DAGs
[2025-12-27T18:37:41.845+0000] {logging_mixin.py:188} INFO - [2025-12-27T18:37:41.844+0000] {dag.py:3823} INFO - Setting next_dagrun for match_features_pipeline to 2025-12-27 00:00:00+00:00, run_after=2025-12-28 00:00:00+00:00
[2025-12-27T18:37:41.901+0000] {processor.py:183} INFO - Processing /opt/airflow/dags/prediction_features_pipeline.py took 0.261 seconds
[2025-12-27T18:38:12.263+0000] {processor.py:161} INFO - Started process (PID=1341) to work on /opt/airflow/dags/prediction_features_pipeline.py
[2025-12-27T18:38:12.267+0000] {processor.py:830} INFO - Processing file /opt/airflow/dags/prediction_features_pipeline.py for tasks to queue
[2025-12-27T18:38:12.270+0000] {logging_mixin.py:188} INFO - [2025-12-27T18:38:12.270+0000] {dagbag.py:538} INFO - Filling up the DagBag from /opt/airflow/dags/prediction_features_pipeline.py
[2025-12-27T18:38:12.318+0000] {processor.py:840} INFO - DAG(s) 'match_features_pipeline' retrieved from /opt/airflow/dags/prediction_features_pipeline.py
[2025-12-27T18:38:12.367+0000] {logging_mixin.py:188} INFO - [2025-12-27T18:38:12.366+0000] {dag.py:3036} INFO - Sync 1 DAGs
[2025-12-27T18:38:12.409+0000] {logging_mixin.py:188} INFO - [2025-12-27T18:38:12.408+0000] {dag.py:3823} INFO - Setting next_dagrun for match_features_pipeline to 2025-12-27 00:00:00+00:00, run_after=2025-12-28 00:00:00+00:00
[2025-12-27T18:38:12.449+0000] {processor.py:183} INFO - Processing /opt/airflow/dags/prediction_features_pipeline.py took 0.198 seconds
[2025-12-27T18:38:51.562+0000] {processor.py:161} INFO - Started process (PID=178) to work on /opt/airflow/dags/prediction_features_pipeline.py
[2025-12-27T18:38:51.564+0000] {processor.py:830} INFO - Processing file /opt/airflow/dags/prediction_features_pipeline.py for tasks to queue
[2025-12-27T18:38:51.566+0000] {logging_mixin.py:188} INFO - [2025-12-27T18:38:51.565+0000] {dagbag.py:538} INFO - Filling up the DagBag from /opt/airflow/dags/prediction_features_pipeline.py
[2025-12-27T18:38:51.596+0000] {processor.py:840} INFO - DAG(s) 'match_features_pipeline' retrieved from /opt/airflow/dags/prediction_features_pipeline.py
[2025-12-27T18:38:51.627+0000] {logging_mixin.py:188} INFO - [2025-12-27T18:38:51.627+0000] {dag.py:3036} INFO - Sync 1 DAGs
[2025-12-27T18:38:51.657+0000] {logging_mixin.py:188} INFO - [2025-12-27T18:38:51.657+0000] {dag.py:3823} INFO - Setting next_dagrun for match_features_pipeline to 2025-12-27 00:00:00+00:00, run_after=2025-12-28 00:00:00+00:00
[2025-12-27T18:38:51.717+0000] {processor.py:183} INFO - Processing /opt/airflow/dags/prediction_features_pipeline.py took 0.160 seconds
[2025-12-27T18:39:22.377+0000] {processor.py:161} INFO - Started process (PID=198) to work on /opt/airflow/dags/prediction_features_pipeline.py
[2025-12-27T18:39:22.379+0000] {processor.py:830} INFO - Processing file /opt/airflow/dags/prediction_features_pipeline.py for tasks to queue
[2025-12-27T18:39:22.381+0000] {logging_mixin.py:188} INFO - [2025-12-27T18:39:22.380+0000] {dagbag.py:538} INFO - Filling up the DagBag from /opt/airflow/dags/prediction_features_pipeline.py
[2025-12-27T18:39:22.424+0000] {processor.py:840} INFO - DAG(s) 'match_features_pipeline' retrieved from /opt/airflow/dags/prediction_features_pipeline.py
[2025-12-27T18:39:22.478+0000] {logging_mixin.py:188} INFO - [2025-12-27T18:39:22.478+0000] {dag.py:3036} INFO - Sync 1 DAGs
[2025-12-27T18:39:22.522+0000] {logging_mixin.py:188} INFO - [2025-12-27T18:39:22.522+0000] {dag.py:3823} INFO - Setting next_dagrun for match_features_pipeline to 2025-12-27 00:00:00+00:00, run_after=2025-12-28 00:00:00+00:00
[2025-12-27T18:39:22.561+0000] {processor.py:183} INFO - Processing /opt/airflow/dags/prediction_features_pipeline.py took 0.192 seconds
[2025-12-27T18:39:53.253+0000] {processor.py:161} INFO - Started process (PID=222) to work on /opt/airflow/dags/prediction_features_pipeline.py
[2025-12-27T18:39:53.256+0000] {processor.py:830} INFO - Processing file /opt/airflow/dags/prediction_features_pipeline.py for tasks to queue
[2025-12-27T18:39:53.258+0000] {logging_mixin.py:188} INFO - [2025-12-27T18:39:53.257+0000] {dagbag.py:538} INFO - Filling up the DagBag from /opt/airflow/dags/prediction_features_pipeline.py
[2025-12-27T18:39:53.295+0000] {processor.py:840} INFO - DAG(s) 'match_features_pipeline' retrieved from /opt/airflow/dags/prediction_features_pipeline.py
[2025-12-27T18:39:53.334+0000] {logging_mixin.py:188} INFO - [2025-12-27T18:39:53.334+0000] {dag.py:3036} INFO - Sync 1 DAGs
[2025-12-27T18:39:53.376+0000] {logging_mixin.py:188} INFO - [2025-12-27T18:39:53.375+0000] {dag.py:3823} INFO - Setting next_dagrun for match_features_pipeline to 2025-12-27 00:00:00+00:00, run_after=2025-12-28 00:00:00+00:00
[2025-12-27T18:39:53.451+0000] {processor.py:183} INFO - Processing /opt/airflow/dags/prediction_features_pipeline.py took 0.206 seconds
[2025-12-27T18:40:24.157+0000] {processor.py:161} INFO - Started process (PID=242) to work on /opt/airflow/dags/prediction_features_pipeline.py
[2025-12-27T18:40:24.159+0000] {processor.py:830} INFO - Processing file /opt/airflow/dags/prediction_features_pipeline.py for tasks to queue
[2025-12-27T18:40:24.162+0000] {logging_mixin.py:188} INFO - [2025-12-27T18:40:24.161+0000] {dagbag.py:538} INFO - Filling up the DagBag from /opt/airflow/dags/prediction_features_pipeline.py
[2025-12-27T18:40:24.202+0000] {processor.py:840} INFO - DAG(s) 'match_features_pipeline' retrieved from /opt/airflow/dags/prediction_features_pipeline.py
[2025-12-27T18:40:24.253+0000] {logging_mixin.py:188} INFO - [2025-12-27T18:40:24.252+0000] {dag.py:3036} INFO - Sync 1 DAGs
[2025-12-27T18:40:24.296+0000] {logging_mixin.py:188} INFO - [2025-12-27T18:40:24.295+0000] {dag.py:3823} INFO - Setting next_dagrun for match_features_pipeline to 2025-12-27 00:00:00+00:00, run_after=2025-12-28 00:00:00+00:00
[2025-12-27T18:40:24.331+0000] {processor.py:183} INFO - Processing /opt/airflow/dags/prediction_features_pipeline.py took 0.182 seconds
[2025-12-27T18:40:55.058+0000] {processor.py:161} INFO - Started process (PID=266) to work on /opt/airflow/dags/prediction_features_pipeline.py
[2025-12-27T18:40:55.060+0000] {processor.py:830} INFO - Processing file /opt/airflow/dags/prediction_features_pipeline.py for tasks to queue
[2025-12-27T18:40:55.062+0000] {logging_mixin.py:188} INFO - [2025-12-27T18:40:55.062+0000] {dagbag.py:538} INFO - Filling up the DagBag from /opt/airflow/dags/prediction_features_pipeline.py
[2025-12-27T18:40:55.105+0000] {processor.py:840} INFO - DAG(s) 'match_features_pipeline' retrieved from /opt/airflow/dags/prediction_features_pipeline.py
[2025-12-27T18:40:55.179+0000] {logging_mixin.py:188} INFO - [2025-12-27T18:40:55.179+0000] {dag.py:3036} INFO - Sync 1 DAGs
[2025-12-27T18:40:55.220+0000] {logging_mixin.py:188} INFO - [2025-12-27T18:40:55.220+0000] {dag.py:3823} INFO - Setting next_dagrun for match_features_pipeline to 2025-12-27 00:00:00+00:00, run_after=2025-12-28 00:00:00+00:00
[2025-12-27T18:40:55.252+0000] {processor.py:183} INFO - Processing /opt/airflow/dags/prediction_features_pipeline.py took 0.200 seconds
[2025-12-27T18:41:25.880+0000] {processor.py:161} INFO - Started process (PID=286) to work on /opt/airflow/dags/prediction_features_pipeline.py
[2025-12-27T18:41:25.882+0000] {processor.py:830} INFO - Processing file /opt/airflow/dags/prediction_features_pipeline.py for tasks to queue
[2025-12-27T18:41:25.884+0000] {logging_mixin.py:188} INFO - [2025-12-27T18:41:25.884+0000] {dagbag.py:538} INFO - Filling up the DagBag from /opt/airflow/dags/prediction_features_pipeline.py
[2025-12-27T18:41:25.922+0000] {processor.py:840} INFO - DAG(s) 'match_features_pipeline' retrieved from /opt/airflow/dags/prediction_features_pipeline.py
[2025-12-27T18:41:25.970+0000] {logging_mixin.py:188} INFO - [2025-12-27T18:41:25.969+0000] {dag.py:3036} INFO - Sync 1 DAGs
[2025-12-27T18:41:26.007+0000] {logging_mixin.py:188} INFO - [2025-12-27T18:41:26.007+0000] {dag.py:3823} INFO - Setting next_dagrun for match_features_pipeline to 2025-12-27 00:00:00+00:00, run_after=2025-12-28 00:00:00+00:00
[2025-12-27T18:41:26.078+0000] {processor.py:183} INFO - Processing /opt/airflow/dags/prediction_features_pipeline.py took 0.206 seconds
[2025-12-27T18:41:56.752+0000] {processor.py:161} INFO - Started process (PID=310) to work on /opt/airflow/dags/prediction_features_pipeline.py
[2025-12-27T18:41:56.755+0000] {processor.py:830} INFO - Processing file /opt/airflow/dags/prediction_features_pipeline.py for tasks to queue
[2025-12-27T18:41:56.757+0000] {logging_mixin.py:188} INFO - [2025-12-27T18:41:56.756+0000] {dagbag.py:538} INFO - Filling up the DagBag from /opt/airflow/dags/prediction_features_pipeline.py
[2025-12-27T18:41:56.794+0000] {processor.py:840} INFO - DAG(s) 'match_features_pipeline' retrieved from /opt/airflow/dags/prediction_features_pipeline.py
[2025-12-27T18:41:56.834+0000] {logging_mixin.py:188} INFO - [2025-12-27T18:41:56.833+0000] {dag.py:3036} INFO - Sync 1 DAGs
[2025-12-27T18:41:56.874+0000] {logging_mixin.py:188} INFO - [2025-12-27T18:41:56.873+0000] {dag.py:3823} INFO - Setting next_dagrun for match_features_pipeline to 2025-12-27 00:00:00+00:00, run_after=2025-12-28 00:00:00+00:00
[2025-12-27T18:41:56.908+0000] {processor.py:183} INFO - Processing /opt/airflow/dags/prediction_features_pipeline.py took 0.162 seconds
[2025-12-27T18:42:27.649+0000] {processor.py:161} INFO - Started process (PID=332) to work on /opt/airflow/dags/prediction_features_pipeline.py
[2025-12-27T18:42:27.652+0000] {processor.py:830} INFO - Processing file /opt/airflow/dags/prediction_features_pipeline.py for tasks to queue
[2025-12-27T18:42:27.654+0000] {logging_mixin.py:188} INFO - [2025-12-27T18:42:27.653+0000] {dagbag.py:538} INFO - Filling up the DagBag from /opt/airflow/dags/prediction_features_pipeline.py
[2025-12-27T18:42:27.693+0000] {processor.py:840} INFO - DAG(s) 'match_features_pipeline' retrieved from /opt/airflow/dags/prediction_features_pipeline.py
[2025-12-27T18:42:27.739+0000] {logging_mixin.py:188} INFO - [2025-12-27T18:42:27.739+0000] {dag.py:3036} INFO - Sync 1 DAGs
[2025-12-27T18:42:27.823+0000] {logging_mixin.py:188} INFO - [2025-12-27T18:42:27.822+0000] {dag.py:3823} INFO - Setting next_dagrun for match_features_pipeline to 2025-12-27 00:00:00+00:00, run_after=2025-12-28 00:00:00+00:00
[2025-12-27T18:42:27.858+0000] {processor.py:183} INFO - Processing /opt/airflow/dags/prediction_features_pipeline.py took 0.218 seconds
[2025-12-27T18:42:58.607+0000] {processor.py:161} INFO - Started process (PID=356) to work on /opt/airflow/dags/prediction_features_pipeline.py
[2025-12-27T18:42:58.610+0000] {processor.py:830} INFO - Processing file /opt/airflow/dags/prediction_features_pipeline.py for tasks to queue
[2025-12-27T18:42:58.612+0000] {logging_mixin.py:188} INFO - [2025-12-27T18:42:58.611+0000] {dagbag.py:538} INFO - Filling up the DagBag from /opt/airflow/dags/prediction_features_pipeline.py
[2025-12-27T18:42:58.672+0000] {processor.py:840} INFO - DAG(s) 'match_features_pipeline' retrieved from /opt/airflow/dags/prediction_features_pipeline.py
[2025-12-27T18:42:58.716+0000] {logging_mixin.py:188} INFO - [2025-12-27T18:42:58.715+0000] {dag.py:3036} INFO - Sync 1 DAGs
[2025-12-27T18:42:58.757+0000] {logging_mixin.py:188} INFO - [2025-12-27T18:42:58.757+0000] {dag.py:3823} INFO - Setting next_dagrun for match_features_pipeline to 2025-12-27 00:00:00+00:00, run_after=2025-12-28 00:00:00+00:00
[2025-12-27T18:42:58.813+0000] {processor.py:183} INFO - Processing /opt/airflow/dags/prediction_features_pipeline.py took 0.214 seconds
[2025-12-27T18:43:29.573+0000] {processor.py:161} INFO - Started process (PID=376) to work on /opt/airflow/dags/prediction_features_pipeline.py
[2025-12-27T18:43:29.577+0000] {processor.py:830} INFO - Processing file /opt/airflow/dags/prediction_features_pipeline.py for tasks to queue
[2025-12-27T18:43:29.579+0000] {logging_mixin.py:188} INFO - [2025-12-27T18:43:29.578+0000] {dagbag.py:538} INFO - Filling up the DagBag from /opt/airflow/dags/prediction_features_pipeline.py
[2025-12-27T18:43:29.620+0000] {processor.py:840} INFO - DAG(s) 'match_features_pipeline' retrieved from /opt/airflow/dags/prediction_features_pipeline.py
[2025-12-27T18:43:29.675+0000] {logging_mixin.py:188} INFO - [2025-12-27T18:43:29.675+0000] {dag.py:3036} INFO - Sync 1 DAGs
[2025-12-27T18:43:29.738+0000] {logging_mixin.py:188} INFO - [2025-12-27T18:43:29.737+0000] {dag.py:3823} INFO - Setting next_dagrun for match_features_pipeline to 2025-12-27 00:00:00+00:00, run_after=2025-12-28 00:00:00+00:00
[2025-12-27T18:43:29.786+0000] {processor.py:183} INFO - Processing /opt/airflow/dags/prediction_features_pipeline.py took 0.223 seconds
[2025-12-27T18:44:00.475+0000] {processor.py:161} INFO - Started process (PID=400) to work on /opt/airflow/dags/prediction_features_pipeline.py
[2025-12-27T18:44:00.477+0000] {processor.py:830} INFO - Processing file /opt/airflow/dags/prediction_features_pipeline.py for tasks to queue
[2025-12-27T18:44:00.479+0000] {logging_mixin.py:188} INFO - [2025-12-27T18:44:00.479+0000] {dagbag.py:538} INFO - Filling up the DagBag from /opt/airflow/dags/prediction_features_pipeline.py
[2025-12-27T18:44:00.525+0000] {processor.py:840} INFO - DAG(s) 'match_features_pipeline' retrieved from /opt/airflow/dags/prediction_features_pipeline.py
[2025-12-27T18:44:00.580+0000] {logging_mixin.py:188} INFO - [2025-12-27T18:44:00.579+0000] {dag.py:3036} INFO - Sync 1 DAGs
[2025-12-27T18:44:00.622+0000] {logging_mixin.py:188} INFO - [2025-12-27T18:44:00.622+0000] {dag.py:3823} INFO - Setting next_dagrun for match_features_pipeline to 2025-12-27 00:00:00+00:00, run_after=2025-12-28 00:00:00+00:00
[2025-12-27T18:44:00.655+0000] {processor.py:183} INFO - Processing /opt/airflow/dags/prediction_features_pipeline.py took 0.187 seconds
[2025-12-27T18:44:31.361+0000] {processor.py:161} INFO - Started process (PID=420) to work on /opt/airflow/dags/prediction_features_pipeline.py
[2025-12-27T18:44:31.363+0000] {processor.py:830} INFO - Processing file /opt/airflow/dags/prediction_features_pipeline.py for tasks to queue
[2025-12-27T18:44:31.365+0000] {logging_mixin.py:188} INFO - [2025-12-27T18:44:31.365+0000] {dagbag.py:538} INFO - Filling up the DagBag from /opt/airflow/dags/prediction_features_pipeline.py
[2025-12-27T18:44:31.403+0000] {processor.py:840} INFO - DAG(s) 'match_features_pipeline' retrieved from /opt/airflow/dags/prediction_features_pipeline.py
[2025-12-27T18:44:31.449+0000] {logging_mixin.py:188} INFO - [2025-12-27T18:44:31.449+0000] {dag.py:3036} INFO - Sync 1 DAGs
[2025-12-27T18:44:31.484+0000] {logging_mixin.py:188} INFO - [2025-12-27T18:44:31.484+0000] {dag.py:3823} INFO - Setting next_dagrun for match_features_pipeline to 2025-12-27 00:00:00+00:00, run_after=2025-12-28 00:00:00+00:00
[2025-12-27T18:44:31.538+0000] {processor.py:183} INFO - Processing /opt/airflow/dags/prediction_features_pipeline.py took 0.186 seconds
[2025-12-27T18:45:02.243+0000] {processor.py:161} INFO - Started process (PID=444) to work on /opt/airflow/dags/prediction_features_pipeline.py
[2025-12-27T18:45:02.245+0000] {processor.py:830} INFO - Processing file /opt/airflow/dags/prediction_features_pipeline.py for tasks to queue
[2025-12-27T18:45:02.247+0000] {logging_mixin.py:188} INFO - [2025-12-27T18:45:02.246+0000] {dagbag.py:538} INFO - Filling up the DagBag from /opt/airflow/dags/prediction_features_pipeline.py
[2025-12-27T18:45:02.292+0000] {processor.py:840} INFO - DAG(s) 'match_features_pipeline' retrieved from /opt/airflow/dags/prediction_features_pipeline.py
[2025-12-27T18:45:02.334+0000] {logging_mixin.py:188} INFO - [2025-12-27T18:45:02.334+0000] {dag.py:3036} INFO - Sync 1 DAGs
[2025-12-27T18:45:02.368+0000] {logging_mixin.py:188} INFO - [2025-12-27T18:45:02.368+0000] {dag.py:3823} INFO - Setting next_dagrun for match_features_pipeline to 2025-12-27 00:00:00+00:00, run_after=2025-12-28 00:00:00+00:00
[2025-12-27T18:45:02.400+0000] {processor.py:183} INFO - Processing /opt/airflow/dags/prediction_features_pipeline.py took 0.167 seconds
[2025-12-27T18:45:33.100+0000] {processor.py:161} INFO - Started process (PID=464) to work on /opt/airflow/dags/prediction_features_pipeline.py
[2025-12-27T18:45:33.103+0000] {processor.py:830} INFO - Processing file /opt/airflow/dags/prediction_features_pipeline.py for tasks to queue
[2025-12-27T18:45:33.105+0000] {logging_mixin.py:188} INFO - [2025-12-27T18:45:33.104+0000] {dagbag.py:538} INFO - Filling up the DagBag from /opt/airflow/dags/prediction_features_pipeline.py
[2025-12-27T18:45:33.142+0000] {processor.py:840} INFO - DAG(s) 'match_features_pipeline' retrieved from /opt/airflow/dags/prediction_features_pipeline.py
[2025-12-27T18:45:33.217+0000] {logging_mixin.py:188} INFO - [2025-12-27T18:45:33.217+0000] {dag.py:3036} INFO - Sync 1 DAGs
[2025-12-27T18:45:33.277+0000] {logging_mixin.py:188} INFO - [2025-12-27T18:45:33.277+0000] {dag.py:3823} INFO - Setting next_dagrun for match_features_pipeline to 2025-12-27 00:00:00+00:00, run_after=2025-12-28 00:00:00+00:00
[2025-12-27T18:45:33.315+0000] {processor.py:183} INFO - Processing /opt/airflow/dags/prediction_features_pipeline.py took 0.221 seconds
[2025-12-27T18:46:04.047+0000] {processor.py:161} INFO - Started process (PID=488) to work on /opt/airflow/dags/prediction_features_pipeline.py
[2025-12-27T18:46:04.049+0000] {processor.py:830} INFO - Processing file /opt/airflow/dags/prediction_features_pipeline.py for tasks to queue
[2025-12-27T18:46:04.051+0000] {logging_mixin.py:188} INFO - [2025-12-27T18:46:04.050+0000] {dagbag.py:538} INFO - Filling up the DagBag from /opt/airflow/dags/prediction_features_pipeline.py
[2025-12-27T18:46:04.086+0000] {processor.py:840} INFO - DAG(s) 'match_features_pipeline' retrieved from /opt/airflow/dags/prediction_features_pipeline.py
[2025-12-27T18:46:04.135+0000] {logging_mixin.py:188} INFO - [2025-12-27T18:46:04.135+0000] {dag.py:3036} INFO - Sync 1 DAGs
[2025-12-27T18:46:04.175+0000] {logging_mixin.py:188} INFO - [2025-12-27T18:46:04.175+0000] {dag.py:3823} INFO - Setting next_dagrun for match_features_pipeline to 2025-12-27 00:00:00+00:00, run_after=2025-12-28 00:00:00+00:00
[2025-12-27T18:46:04.225+0000] {processor.py:183} INFO - Processing /opt/airflow/dags/prediction_features_pipeline.py took 0.185 seconds
[2025-12-27T18:46:34.936+0000] {processor.py:161} INFO - Started process (PID=508) to work on /opt/airflow/dags/prediction_features_pipeline.py
[2025-12-27T18:46:34.938+0000] {processor.py:830} INFO - Processing file /opt/airflow/dags/prediction_features_pipeline.py for tasks to queue
[2025-12-27T18:46:34.940+0000] {logging_mixin.py:188} INFO - [2025-12-27T18:46:34.939+0000] {dagbag.py:538} INFO - Filling up the DagBag from /opt/airflow/dags/prediction_features_pipeline.py
[2025-12-27T18:46:34.980+0000] {processor.py:840} INFO - DAG(s) 'match_features_pipeline' retrieved from /opt/airflow/dags/prediction_features_pipeline.py
[2025-12-27T18:46:35.025+0000] {logging_mixin.py:188} INFO - [2025-12-27T18:46:35.025+0000] {dag.py:3036} INFO - Sync 1 DAGs
[2025-12-27T18:46:35.073+0000] {logging_mixin.py:188} INFO - [2025-12-27T18:46:35.072+0000] {dag.py:3823} INFO - Setting next_dagrun for match_features_pipeline to 2025-12-27 00:00:00+00:00, run_after=2025-12-28 00:00:00+00:00
[2025-12-27T18:46:35.129+0000] {processor.py:183} INFO - Processing /opt/airflow/dags/prediction_features_pipeline.py took 0.200 seconds
[2025-12-27T18:47:05.818+0000] {processor.py:161} INFO - Started process (PID=532) to work on /opt/airflow/dags/prediction_features_pipeline.py
[2025-12-27T18:47:05.821+0000] {processor.py:830} INFO - Processing file /opt/airflow/dags/prediction_features_pipeline.py for tasks to queue
[2025-12-27T18:47:05.823+0000] {logging_mixin.py:188} INFO - [2025-12-27T18:47:05.822+0000] {dagbag.py:538} INFO - Filling up the DagBag from /opt/airflow/dags/prediction_features_pipeline.py
[2025-12-27T18:47:05.864+0000] {processor.py:840} INFO - DAG(s) 'match_features_pipeline' retrieved from /opt/airflow/dags/prediction_features_pipeline.py
[2025-12-27T18:47:05.913+0000] {logging_mixin.py:188} INFO - [2025-12-27T18:47:05.912+0000] {dag.py:3036} INFO - Sync 1 DAGs
[2025-12-27T18:47:05.976+0000] {logging_mixin.py:188} INFO - [2025-12-27T18:47:05.975+0000] {dag.py:3823} INFO - Setting next_dagrun for match_features_pipeline to 2025-12-27 00:00:00+00:00, run_after=2025-12-28 00:00:00+00:00
[2025-12-27T18:47:06.010+0000] {processor.py:183} INFO - Processing /opt/airflow/dags/prediction_features_pipeline.py took 0.201 seconds
[2025-12-27T18:47:36.710+0000] {processor.py:161} INFO - Started process (PID=552) to work on /opt/airflow/dags/prediction_features_pipeline.py
[2025-12-27T18:47:36.712+0000] {processor.py:830} INFO - Processing file /opt/airflow/dags/prediction_features_pipeline.py for tasks to queue
[2025-12-27T18:47:36.714+0000] {logging_mixin.py:188} INFO - [2025-12-27T18:47:36.714+0000] {dagbag.py:538} INFO - Filling up the DagBag from /opt/airflow/dags/prediction_features_pipeline.py
[2025-12-27T18:47:36.755+0000] {processor.py:840} INFO - DAG(s) 'match_features_pipeline' retrieved from /opt/airflow/dags/prediction_features_pipeline.py
[2025-12-27T18:47:36.809+0000] {logging_mixin.py:188} INFO - [2025-12-27T18:47:36.808+0000] {dag.py:3036} INFO - Sync 1 DAGs
[2025-12-27T18:47:36.849+0000] {logging_mixin.py:188} INFO - [2025-12-27T18:47:36.848+0000] {dag.py:3823} INFO - Setting next_dagrun for match_features_pipeline to 2025-12-27 00:00:00+00:00, run_after=2025-12-28 00:00:00+00:00
[2025-12-27T18:47:36.908+0000] {processor.py:183} INFO - Processing /opt/airflow/dags/prediction_features_pipeline.py took 0.203 seconds
[2025-12-27T18:48:07.614+0000] {processor.py:161} INFO - Started process (PID=576) to work on /opt/airflow/dags/prediction_features_pipeline.py
[2025-12-27T18:48:07.617+0000] {processor.py:830} INFO - Processing file /opt/airflow/dags/prediction_features_pipeline.py for tasks to queue
[2025-12-27T18:48:07.619+0000] {logging_mixin.py:188} INFO - [2025-12-27T18:48:07.618+0000] {dagbag.py:538} INFO - Filling up the DagBag from /opt/airflow/dags/prediction_features_pipeline.py
[2025-12-27T18:48:07.664+0000] {processor.py:840} INFO - DAG(s) 'match_features_pipeline' retrieved from /opt/airflow/dags/prediction_features_pipeline.py
[2025-12-27T18:48:07.719+0000] {logging_mixin.py:188} INFO - [2025-12-27T18:48:07.719+0000] {dag.py:3036} INFO - Sync 1 DAGs
[2025-12-27T18:48:07.785+0000] {logging_mixin.py:188} INFO - [2025-12-27T18:48:07.785+0000] {dag.py:3823} INFO - Setting next_dagrun for match_features_pipeline to 2025-12-27 00:00:00+00:00, run_after=2025-12-28 00:00:00+00:00
[2025-12-27T18:48:07.853+0000] {processor.py:183} INFO - Processing /opt/airflow/dags/prediction_features_pipeline.py took 0.252 seconds
[2025-12-27T18:48:38.540+0000] {processor.py:161} INFO - Started process (PID=596) to work on /opt/airflow/dags/prediction_features_pipeline.py
[2025-12-27T18:48:38.542+0000] {processor.py:830} INFO - Processing file /opt/airflow/dags/prediction_features_pipeline.py for tasks to queue
[2025-12-27T18:48:38.545+0000] {logging_mixin.py:188} INFO - [2025-12-27T18:48:38.543+0000] {dagbag.py:538} INFO - Filling up the DagBag from /opt/airflow/dags/prediction_features_pipeline.py
[2025-12-27T18:48:38.584+0000] {processor.py:840} INFO - DAG(s) 'match_features_pipeline' retrieved from /opt/airflow/dags/prediction_features_pipeline.py
[2025-12-27T18:48:38.636+0000] {logging_mixin.py:188} INFO - [2025-12-27T18:48:38.636+0000] {dag.py:3036} INFO - Sync 1 DAGs
[2025-12-27T18:48:38.676+0000] {logging_mixin.py:188} INFO - [2025-12-27T18:48:38.676+0000] {dag.py:3823} INFO - Setting next_dagrun for match_features_pipeline to 2025-12-27 00:00:00+00:00, run_after=2025-12-28 00:00:00+00:00
[2025-12-27T18:48:38.710+0000] {processor.py:183} INFO - Processing /opt/airflow/dags/prediction_features_pipeline.py took 0.177 seconds
[2025-12-27T18:49:09.564+0000] {processor.py:161} INFO - Started process (PID=620) to work on /opt/airflow/dags/prediction_features_pipeline.py
[2025-12-27T18:49:09.566+0000] {processor.py:830} INFO - Processing file /opt/airflow/dags/prediction_features_pipeline.py for tasks to queue
[2025-12-27T18:49:09.568+0000] {logging_mixin.py:188} INFO - [2025-12-27T18:49:09.567+0000] {dagbag.py:538} INFO - Filling up the DagBag from /opt/airflow/dags/prediction_features_pipeline.py
[2025-12-27T18:49:09.607+0000] {processor.py:840} INFO - DAG(s) 'match_features_pipeline' retrieved from /opt/airflow/dags/prediction_features_pipeline.py
[2025-12-27T18:49:09.655+0000] {logging_mixin.py:188} INFO - [2025-12-27T18:49:09.655+0000] {dag.py:3036} INFO - Sync 1 DAGs
[2025-12-27T18:49:09.710+0000] {logging_mixin.py:188} INFO - [2025-12-27T18:49:09.710+0000] {dag.py:3823} INFO - Setting next_dagrun for match_features_pipeline to 2025-12-27 00:00:00+00:00, run_after=2025-12-28 00:00:00+00:00
[2025-12-27T18:49:09.772+0000] {processor.py:183} INFO - Processing /opt/airflow/dags/prediction_features_pipeline.py took 0.215 seconds
[2025-12-27T18:49:40.521+0000] {processor.py:161} INFO - Started process (PID=640) to work on /opt/airflow/dags/prediction_features_pipeline.py
[2025-12-27T18:49:40.523+0000] {processor.py:830} INFO - Processing file /opt/airflow/dags/prediction_features_pipeline.py for tasks to queue
[2025-12-27T18:49:40.525+0000] {logging_mixin.py:188} INFO - [2025-12-27T18:49:40.524+0000] {dagbag.py:538} INFO - Filling up the DagBag from /opt/airflow/dags/prediction_features_pipeline.py
[2025-12-27T18:49:40.565+0000] {processor.py:840} INFO - DAG(s) 'match_features_pipeline' retrieved from /opt/airflow/dags/prediction_features_pipeline.py
[2025-12-27T18:49:40.615+0000] {logging_mixin.py:188} INFO - [2025-12-27T18:49:40.615+0000] {dag.py:3036} INFO - Sync 1 DAGs
[2025-12-27T18:49:40.663+0000] {logging_mixin.py:188} INFO - [2025-12-27T18:49:40.663+0000] {dag.py:3823} INFO - Setting next_dagrun for match_features_pipeline to 2025-12-27 00:00:00+00:00, run_after=2025-12-28 00:00:00+00:00
[2025-12-27T18:49:40.737+0000] {processor.py:183} INFO - Processing /opt/airflow/dags/prediction_features_pipeline.py took 0.222 seconds
[2025-12-27T18:50:11.437+0000] {processor.py:161} INFO - Started process (PID=664) to work on /opt/airflow/dags/prediction_features_pipeline.py
[2025-12-27T18:50:11.439+0000] {processor.py:830} INFO - Processing file /opt/airflow/dags/prediction_features_pipeline.py for tasks to queue
[2025-12-27T18:50:11.441+0000] {logging_mixin.py:188} INFO - [2025-12-27T18:50:11.440+0000] {dagbag.py:538} INFO - Filling up the DagBag from /opt/airflow/dags/prediction_features_pipeline.py
[2025-12-27T18:50:11.479+0000] {processor.py:840} INFO - DAG(s) 'match_features_pipeline' retrieved from /opt/airflow/dags/prediction_features_pipeline.py
[2025-12-27T18:50:11.534+0000] {logging_mixin.py:188} INFO - [2025-12-27T18:50:11.533+0000] {dag.py:3036} INFO - Sync 1 DAGs
[2025-12-27T18:50:11.582+0000] {logging_mixin.py:188} INFO - [2025-12-27T18:50:11.582+0000] {dag.py:3823} INFO - Setting next_dagrun for match_features_pipeline to 2025-12-27 00:00:00+00:00, run_after=2025-12-28 00:00:00+00:00
[2025-12-27T18:50:11.654+0000] {processor.py:183} INFO - Processing /opt/airflow/dags/prediction_features_pipeline.py took 0.223 seconds
[2025-12-27T18:50:42.600+0000] {processor.py:161} INFO - Started process (PID=689) to work on /opt/airflow/dags/prediction_features_pipeline.py
[2025-12-27T18:50:42.602+0000] {processor.py:830} INFO - Processing file /opt/airflow/dags/prediction_features_pipeline.py for tasks to queue
[2025-12-27T18:50:42.604+0000] {logging_mixin.py:188} INFO - [2025-12-27T18:50:42.603+0000] {dagbag.py:538} INFO - Filling up the DagBag from /opt/airflow/dags/prediction_features_pipeline.py
[2025-12-27T18:50:42.642+0000] {processor.py:840} INFO - DAG(s) 'match_features_pipeline' retrieved from /opt/airflow/dags/prediction_features_pipeline.py
[2025-12-27T18:50:42.683+0000] {logging_mixin.py:188} INFO - [2025-12-27T18:50:42.683+0000] {dag.py:3036} INFO - Sync 1 DAGs
[2025-12-27T18:50:42.724+0000] {logging_mixin.py:188} INFO - [2025-12-27T18:50:42.724+0000] {dag.py:3823} INFO - Setting next_dagrun for match_features_pipeline to 2025-12-27 00:00:00+00:00, run_after=2025-12-28 00:00:00+00:00
[2025-12-27T18:50:42.762+0000] {processor.py:183} INFO - Processing /opt/airflow/dags/prediction_features_pipeline.py took 0.169 seconds
[2025-12-27T18:51:13.456+0000] {processor.py:161} INFO - Started process (PID=713) to work on /opt/airflow/dags/prediction_features_pipeline.py
[2025-12-27T18:51:13.459+0000] {processor.py:830} INFO - Processing file /opt/airflow/dags/prediction_features_pipeline.py for tasks to queue
[2025-12-27T18:51:13.461+0000] {logging_mixin.py:188} INFO - [2025-12-27T18:51:13.460+0000] {dagbag.py:538} INFO - Filling up the DagBag from /opt/airflow/dags/prediction_features_pipeline.py
[2025-12-27T18:51:13.499+0000] {processor.py:840} INFO - DAG(s) 'match_features_pipeline' retrieved from /opt/airflow/dags/prediction_features_pipeline.py
[2025-12-27T18:51:13.556+0000] {logging_mixin.py:188} INFO - [2025-12-27T18:51:13.556+0000] {dag.py:3036} INFO - Sync 1 DAGs
[2025-12-27T18:51:13.603+0000] {logging_mixin.py:188} INFO - [2025-12-27T18:51:13.602+0000] {dag.py:3823} INFO - Setting next_dagrun for match_features_pipeline to 2025-12-27 00:00:00+00:00, run_after=2025-12-28 00:00:00+00:00
[2025-12-27T18:51:13.653+0000] {processor.py:183} INFO - Processing /opt/airflow/dags/prediction_features_pipeline.py took 0.203 seconds
[2025-12-27T18:51:44.461+0000] {processor.py:161} INFO - Started process (PID=733) to work on /opt/airflow/dags/prediction_features_pipeline.py
[2025-12-27T18:51:44.464+0000] {processor.py:830} INFO - Processing file /opt/airflow/dags/prediction_features_pipeline.py for tasks to queue
[2025-12-27T18:51:44.465+0000] {logging_mixin.py:188} INFO - [2025-12-27T18:51:44.465+0000] {dagbag.py:538} INFO - Filling up the DagBag from /opt/airflow/dags/prediction_features_pipeline.py
[2025-12-27T18:51:44.505+0000] {processor.py:840} INFO - DAG(s) 'match_features_pipeline' retrieved from /opt/airflow/dags/prediction_features_pipeline.py
[2025-12-27T18:51:44.590+0000] {logging_mixin.py:188} INFO - [2025-12-27T18:51:44.589+0000] {dag.py:3036} INFO - Sync 1 DAGs
[2025-12-27T18:51:44.690+0000] {logging_mixin.py:188} INFO - [2025-12-27T18:51:44.690+0000] {dag.py:3823} INFO - Setting next_dagrun for match_features_pipeline to 2025-12-27 00:00:00+00:00, run_after=2025-12-28 00:00:00+00:00
[2025-12-27T18:51:44.739+0000] {processor.py:183} INFO - Processing /opt/airflow/dags/prediction_features_pipeline.py took 0.284 seconds
[2025-12-27T18:52:10.383+0000] {processor.py:161} INFO - Started process (PID=754) to work on /opt/airflow/dags/prediction_features_pipeline.py
[2025-12-27T18:52:10.385+0000] {processor.py:830} INFO - Processing file /opt/airflow/dags/prediction_features_pipeline.py for tasks to queue
[2025-12-27T18:52:10.387+0000] {logging_mixin.py:188} INFO - [2025-12-27T18:52:10.387+0000] {dagbag.py:538} INFO - Filling up the DagBag from /opt/airflow/dags/prediction_features_pipeline.py
[2025-12-27T18:52:10.455+0000] {logging_mixin.py:188} INFO - [2025-12-27T18:52:10.447+0000] {dagbag.py:348} ERROR - Failed to import: /opt/airflow/dags/prediction_features_pipeline.py
Traceback (most recent call last):
  File "/home/airflow/.local/lib/python3.8/site-packages/airflow/models/dagbag.py", line 344, in parse
    loader.exec_module(new_module)
  File "<frozen importlib._bootstrap_external>", line 843, in exec_module
  File "<frozen importlib._bootstrap>", line 219, in _call_with_frames_removed
  File "/opt/airflow/dags/prediction_features_pipeline.py", line 31, in <module>
    trigger_ml_models = Trigger
NameError: name 'Trigger' is not defined
[2025-12-27T18:52:10.457+0000] {processor.py:842} WARNING - No viable dags retrieved from /opt/airflow/dags/prediction_features_pipeline.py
[2025-12-27T18:52:10.535+0000] {processor.py:183} INFO - Processing /opt/airflow/dags/prediction_features_pipeline.py took 0.158 seconds
[2025-12-27T18:52:41.259+0000] {processor.py:161} INFO - Started process (PID=774) to work on /opt/airflow/dags/prediction_features_pipeline.py
[2025-12-27T18:52:41.261+0000] {processor.py:830} INFO - Processing file /opt/airflow/dags/prediction_features_pipeline.py for tasks to queue
[2025-12-27T18:52:41.263+0000] {logging_mixin.py:188} INFO - [2025-12-27T18:52:41.262+0000] {dagbag.py:538} INFO - Filling up the DagBag from /opt/airflow/dags/prediction_features_pipeline.py
[2025-12-27T18:52:41.310+0000] {logging_mixin.py:188} INFO - [2025-12-27T18:52:41.302+0000] {dagbag.py:348} ERROR - Failed to import: /opt/airflow/dags/prediction_features_pipeline.py
Traceback (most recent call last):
  File "/home/airflow/.local/lib/python3.8/site-packages/airflow/models/dagbag.py", line 344, in parse
    loader.exec_module(new_module)
  File "<frozen importlib._bootstrap_external>", line 843, in exec_module
  File "<frozen importlib._bootstrap>", line 219, in _call_with_frames_removed
  File "/opt/airflow/dags/prediction_features_pipeline.py", line 31, in <module>
    trigger_ml_models = Trigger
NameError: name 'Trigger' is not defined
[2025-12-27T18:52:41.313+0000] {processor.py:842} WARNING - No viable dags retrieved from /opt/airflow/dags/prediction_features_pipeline.py
[2025-12-27T18:52:41.356+0000] {processor.py:183} INFO - Processing /opt/airflow/dags/prediction_features_pipeline.py took 0.103 seconds
[2025-12-27T18:53:12.041+0000] {processor.py:161} INFO - Started process (PID=797) to work on /opt/airflow/dags/prediction_features_pipeline.py
[2025-12-27T18:53:12.044+0000] {processor.py:830} INFO - Processing file /opt/airflow/dags/prediction_features_pipeline.py for tasks to queue
[2025-12-27T18:53:12.046+0000] {logging_mixin.py:188} INFO - [2025-12-27T18:53:12.046+0000] {dagbag.py:538} INFO - Filling up the DagBag from /opt/airflow/dags/prediction_features_pipeline.py
[2025-12-27T18:53:12.091+0000] {logging_mixin.py:188} INFO - [2025-12-27T18:53:12.083+0000] {dagbag.py:348} ERROR - Failed to import: /opt/airflow/dags/prediction_features_pipeline.py
Traceback (most recent call last):
  File "/home/airflow/.local/lib/python3.8/site-packages/airflow/models/dagbag.py", line 344, in parse
    loader.exec_module(new_module)
  File "<frozen importlib._bootstrap_external>", line 843, in exec_module
  File "<frozen importlib._bootstrap>", line 219, in _call_with_frames_removed
  File "/opt/airflow/dags/prediction_features_pipeline.py", line 31, in <module>
    trigger_ml_models = Trigger
NameError: name 'Trigger' is not defined
[2025-12-27T18:53:12.094+0000] {processor.py:842} WARNING - No viable dags retrieved from /opt/airflow/dags/prediction_features_pipeline.py
[2025-12-27T18:53:12.242+0000] {processor.py:183} INFO - Processing /opt/airflow/dags/prediction_features_pipeline.py took 0.209 seconds
[2025-12-27T18:53:43.002+0000] {processor.py:161} INFO - Started process (PID=817) to work on /opt/airflow/dags/prediction_features_pipeline.py
[2025-12-27T18:53:43.004+0000] {processor.py:830} INFO - Processing file /opt/airflow/dags/prediction_features_pipeline.py for tasks to queue
[2025-12-27T18:53:43.006+0000] {logging_mixin.py:188} INFO - [2025-12-27T18:53:43.005+0000] {dagbag.py:538} INFO - Filling up the DagBag from /opt/airflow/dags/prediction_features_pipeline.py
[2025-12-27T18:53:43.046+0000] {logging_mixin.py:188} INFO - [2025-12-27T18:53:43.039+0000] {dagbag.py:348} ERROR - Failed to import: /opt/airflow/dags/prediction_features_pipeline.py
Traceback (most recent call last):
  File "/home/airflow/.local/lib/python3.8/site-packages/airflow/models/dagbag.py", line 344, in parse
    loader.exec_module(new_module)
  File "<frozen importlib._bootstrap_external>", line 843, in exec_module
  File "<frozen importlib._bootstrap>", line 219, in _call_with_frames_removed
  File "/opt/airflow/dags/prediction_features_pipeline.py", line 31, in <module>
    trigger_ml_models = Trigger
NameError: name 'Trigger' is not defined
[2025-12-27T18:53:43.048+0000] {processor.py:842} WARNING - No viable dags retrieved from /opt/airflow/dags/prediction_features_pipeline.py
[2025-12-27T18:53:43.125+0000] {processor.py:183} INFO - Processing /opt/airflow/dags/prediction_features_pipeline.py took 0.130 seconds
[2025-12-27T18:53:44.047+0000] {processor.py:161} INFO - Started process (PID=822) to work on /opt/airflow/dags/prediction_features_pipeline.py
[2025-12-27T18:53:44.050+0000] {processor.py:830} INFO - Processing file /opt/airflow/dags/prediction_features_pipeline.py for tasks to queue
[2025-12-27T18:53:44.053+0000] {logging_mixin.py:188} INFO - [2025-12-27T18:53:44.052+0000] {dagbag.py:538} INFO - Filling up the DagBag from /opt/airflow/dags/prediction_features_pipeline.py
[2025-12-27T18:53:44.118+0000] {processor.py:840} INFO - DAG(s) 'match_features_pipeline' retrieved from /opt/airflow/dags/prediction_features_pipeline.py
[2025-12-27T18:53:44.248+0000] {logging_mixin.py:188} INFO - [2025-12-27T18:53:44.248+0000] {dag.py:3036} INFO - Sync 1 DAGs
[2025-12-27T18:53:44.295+0000] {logging_mixin.py:188} INFO - [2025-12-27T18:53:44.295+0000] {dag.py:3823} INFO - Setting next_dagrun for match_features_pipeline to 2025-12-27 00:00:00+00:00, run_after=2025-12-28 00:00:00+00:00
[2025-12-27T18:53:44.392+0000] {processor.py:183} INFO - Processing /opt/airflow/dags/prediction_features_pipeline.py took 0.353 seconds
[2025-12-27T18:54:14.610+0000] {processor.py:161} INFO - Started process (PID=844) to work on /opt/airflow/dags/prediction_features_pipeline.py
[2025-12-27T18:54:14.612+0000] {processor.py:830} INFO - Processing file /opt/airflow/dags/prediction_features_pipeline.py for tasks to queue
[2025-12-27T18:54:14.614+0000] {logging_mixin.py:188} INFO - [2025-12-27T18:54:14.613+0000] {dagbag.py:538} INFO - Filling up the DagBag from /opt/airflow/dags/prediction_features_pipeline.py
[2025-12-27T18:54:14.655+0000] {processor.py:840} INFO - DAG(s) 'match_features_pipeline' retrieved from /opt/airflow/dags/prediction_features_pipeline.py
[2025-12-27T18:54:14.698+0000] {logging_mixin.py:188} INFO - [2025-12-27T18:54:14.697+0000] {dag.py:3036} INFO - Sync 1 DAGs
[2025-12-27T18:54:14.753+0000] {logging_mixin.py:188} INFO - [2025-12-27T18:54:14.753+0000] {dag.py:3823} INFO - Setting next_dagrun for match_features_pipeline to 2025-12-27 00:00:00+00:00, run_after=2025-12-28 00:00:00+00:00
[2025-12-27T18:54:14.800+0000] {processor.py:183} INFO - Processing /opt/airflow/dags/prediction_features_pipeline.py took 0.197 seconds
[2025-12-27T18:54:45.757+0000] {processor.py:161} INFO - Started process (PID=866) to work on /opt/airflow/dags/prediction_features_pipeline.py
[2025-12-27T18:54:45.760+0000] {processor.py:830} INFO - Processing file /opt/airflow/dags/prediction_features_pipeline.py for tasks to queue
[2025-12-27T18:54:45.762+0000] {logging_mixin.py:188} INFO - [2025-12-27T18:54:45.761+0000] {dagbag.py:538} INFO - Filling up the DagBag from /opt/airflow/dags/prediction_features_pipeline.py
[2025-12-27T18:54:45.808+0000] {processor.py:840} INFO - DAG(s) 'match_features_pipeline' retrieved from /opt/airflow/dags/prediction_features_pipeline.py
[2025-12-27T18:54:45.848+0000] {logging_mixin.py:188} INFO - [2025-12-27T18:54:45.847+0000] {dag.py:3036} INFO - Sync 1 DAGs
[2025-12-27T18:54:45.886+0000] {logging_mixin.py:188} INFO - [2025-12-27T18:54:45.886+0000] {dag.py:3823} INFO - Setting next_dagrun for match_features_pipeline to 2025-12-27 00:00:00+00:00, run_after=2025-12-28 00:00:00+00:00
[2025-12-27T18:54:45.955+0000] {processor.py:183} INFO - Processing /opt/airflow/dags/prediction_features_pipeline.py took 0.206 seconds
[2025-12-27T18:55:16.676+0000] {processor.py:161} INFO - Started process (PID=888) to work on /opt/airflow/dags/prediction_features_pipeline.py
[2025-12-27T18:55:16.678+0000] {processor.py:830} INFO - Processing file /opt/airflow/dags/prediction_features_pipeline.py for tasks to queue
[2025-12-27T18:55:16.680+0000] {logging_mixin.py:188} INFO - [2025-12-27T18:55:16.680+0000] {dagbag.py:538} INFO - Filling up the DagBag from /opt/airflow/dags/prediction_features_pipeline.py
[2025-12-27T18:55:16.721+0000] {processor.py:840} INFO - DAG(s) 'match_features_pipeline' retrieved from /opt/airflow/dags/prediction_features_pipeline.py
[2025-12-27T18:55:16.759+0000] {logging_mixin.py:188} INFO - [2025-12-27T18:55:16.758+0000] {dag.py:3036} INFO - Sync 1 DAGs
[2025-12-27T18:55:16.793+0000] {logging_mixin.py:188} INFO - [2025-12-27T18:55:16.793+0000] {dag.py:3823} INFO - Setting next_dagrun for match_features_pipeline to 2025-12-27 00:00:00+00:00, run_after=2025-12-28 00:00:00+00:00
[2025-12-27T18:55:16.824+0000] {processor.py:183} INFO - Processing /opt/airflow/dags/prediction_features_pipeline.py took 0.156 seconds
[2025-12-27T18:55:47.505+0000] {processor.py:161} INFO - Started process (PID=908) to work on /opt/airflow/dags/prediction_features_pipeline.py
[2025-12-27T18:55:47.508+0000] {processor.py:830} INFO - Processing file /opt/airflow/dags/prediction_features_pipeline.py for tasks to queue
[2025-12-27T18:55:47.511+0000] {logging_mixin.py:188} INFO - [2025-12-27T18:55:47.510+0000] {dagbag.py:538} INFO - Filling up the DagBag from /opt/airflow/dags/prediction_features_pipeline.py
[2025-12-27T18:55:47.550+0000] {processor.py:840} INFO - DAG(s) 'match_features_pipeline' retrieved from /opt/airflow/dags/prediction_features_pipeline.py
[2025-12-27T18:55:47.588+0000] {logging_mixin.py:188} INFO - [2025-12-27T18:55:47.587+0000] {dag.py:3036} INFO - Sync 1 DAGs
[2025-12-27T18:55:47.624+0000] {logging_mixin.py:188} INFO - [2025-12-27T18:55:47.624+0000] {dag.py:3823} INFO - Setting next_dagrun for match_features_pipeline to 2025-12-27 00:00:00+00:00, run_after=2025-12-28 00:00:00+00:00
[2025-12-27T18:55:47.696+0000] {processor.py:183} INFO - Processing /opt/airflow/dags/prediction_features_pipeline.py took 0.198 seconds
[2025-12-27T18:56:18.388+0000] {processor.py:161} INFO - Started process (PID=930) to work on /opt/airflow/dags/prediction_features_pipeline.py
[2025-12-27T18:56:18.391+0000] {processor.py:830} INFO - Processing file /opt/airflow/dags/prediction_features_pipeline.py for tasks to queue
[2025-12-27T18:56:18.393+0000] {logging_mixin.py:188} INFO - [2025-12-27T18:56:18.393+0000] {dagbag.py:538} INFO - Filling up the DagBag from /opt/airflow/dags/prediction_features_pipeline.py
[2025-12-27T18:56:18.440+0000] {processor.py:840} INFO - DAG(s) 'match_features_pipeline' retrieved from /opt/airflow/dags/prediction_features_pipeline.py
[2025-12-27T18:56:18.480+0000] {logging_mixin.py:188} INFO - [2025-12-27T18:56:18.480+0000] {dag.py:3036} INFO - Sync 1 DAGs
[2025-12-27T18:56:18.522+0000] {logging_mixin.py:188} INFO - [2025-12-27T18:56:18.522+0000] {dag.py:3823} INFO - Setting next_dagrun for match_features_pipeline to 2025-12-27 00:00:00+00:00, run_after=2025-12-28 00:00:00+00:00
[2025-12-27T18:56:18.558+0000] {processor.py:183} INFO - Processing /opt/airflow/dags/prediction_features_pipeline.py took 0.176 seconds
[2025-12-27T18:56:49.241+0000] {processor.py:161} INFO - Started process (PID=950) to work on /opt/airflow/dags/prediction_features_pipeline.py
[2025-12-27T18:56:49.245+0000] {processor.py:830} INFO - Processing file /opt/airflow/dags/prediction_features_pipeline.py for tasks to queue
[2025-12-27T18:56:49.250+0000] {logging_mixin.py:188} INFO - [2025-12-27T18:56:49.249+0000] {dagbag.py:538} INFO - Filling up the DagBag from /opt/airflow/dags/prediction_features_pipeline.py
[2025-12-27T18:56:49.288+0000] {processor.py:840} INFO - DAG(s) 'match_features_pipeline' retrieved from /opt/airflow/dags/prediction_features_pipeline.py
[2025-12-27T18:56:49.328+0000] {logging_mixin.py:188} INFO - [2025-12-27T18:56:49.328+0000] {dag.py:3036} INFO - Sync 1 DAGs
[2025-12-27T18:56:49.369+0000] {logging_mixin.py:188} INFO - [2025-12-27T18:56:49.369+0000] {dag.py:3823} INFO - Setting next_dagrun for match_features_pipeline to 2025-12-27 00:00:00+00:00, run_after=2025-12-28 00:00:00+00:00
[2025-12-27T18:56:49.443+0000] {processor.py:183} INFO - Processing /opt/airflow/dags/prediction_features_pipeline.py took 0.209 seconds
[2025-12-27T18:57:20.155+0000] {processor.py:161} INFO - Started process (PID=972) to work on /opt/airflow/dags/prediction_features_pipeline.py
[2025-12-27T18:57:20.157+0000] {processor.py:830} INFO - Processing file /opt/airflow/dags/prediction_features_pipeline.py for tasks to queue
[2025-12-27T18:57:20.159+0000] {logging_mixin.py:188} INFO - [2025-12-27T18:57:20.159+0000] {dagbag.py:538} INFO - Filling up the DagBag from /opt/airflow/dags/prediction_features_pipeline.py
[2025-12-27T18:57:20.197+0000] {processor.py:840} INFO - DAG(s) 'match_features_pipeline' retrieved from /opt/airflow/dags/prediction_features_pipeline.py
[2025-12-27T18:57:20.236+0000] {logging_mixin.py:188} INFO - [2025-12-27T18:57:20.235+0000] {dag.py:3036} INFO - Sync 1 DAGs
[2025-12-27T18:57:20.272+0000] {logging_mixin.py:188} INFO - [2025-12-27T18:57:20.271+0000] {dag.py:3823} INFO - Setting next_dagrun for match_features_pipeline to 2025-12-27 00:00:00+00:00, run_after=2025-12-28 00:00:00+00:00
[2025-12-27T18:57:20.313+0000] {processor.py:183} INFO - Processing /opt/airflow/dags/prediction_features_pipeline.py took 0.164 seconds
[2025-12-27T18:57:51.028+0000] {processor.py:161} INFO - Started process (PID=994) to work on /opt/airflow/dags/prediction_features_pipeline.py
[2025-12-27T18:57:51.030+0000] {processor.py:830} INFO - Processing file /opt/airflow/dags/prediction_features_pipeline.py for tasks to queue
[2025-12-27T18:57:51.032+0000] {logging_mixin.py:188} INFO - [2025-12-27T18:57:51.032+0000] {dagbag.py:538} INFO - Filling up the DagBag from /opt/airflow/dags/prediction_features_pipeline.py
[2025-12-27T18:57:51.069+0000] {processor.py:840} INFO - DAG(s) 'match_features_pipeline' retrieved from /opt/airflow/dags/prediction_features_pipeline.py
[2025-12-27T18:57:51.108+0000] {logging_mixin.py:188} INFO - [2025-12-27T18:57:51.108+0000] {dag.py:3036} INFO - Sync 1 DAGs
[2025-12-27T18:57:51.143+0000] {logging_mixin.py:188} INFO - [2025-12-27T18:57:51.143+0000] {dag.py:3823} INFO - Setting next_dagrun for match_features_pipeline to 2025-12-27 00:00:00+00:00, run_after=2025-12-28 00:00:00+00:00
[2025-12-27T18:57:51.172+0000] {processor.py:183} INFO - Processing /opt/airflow/dags/prediction_features_pipeline.py took 0.150 seconds
[2025-12-27T18:58:21.866+0000] {processor.py:161} INFO - Started process (PID=1016) to work on /opt/airflow/dags/prediction_features_pipeline.py
[2025-12-27T18:58:21.868+0000] {processor.py:830} INFO - Processing file /opt/airflow/dags/prediction_features_pipeline.py for tasks to queue
[2025-12-27T18:58:21.870+0000] {logging_mixin.py:188} INFO - [2025-12-27T18:58:21.870+0000] {dagbag.py:538} INFO - Filling up the DagBag from /opt/airflow/dags/prediction_features_pipeline.py
[2025-12-27T18:58:21.913+0000] {processor.py:840} INFO - DAG(s) 'match_features_pipeline' retrieved from /opt/airflow/dags/prediction_features_pipeline.py
[2025-12-27T18:58:21.961+0000] {logging_mixin.py:188} INFO - [2025-12-27T18:58:21.961+0000] {dag.py:3036} INFO - Sync 1 DAGs
[2025-12-27T18:58:22.006+0000] {logging_mixin.py:188} INFO - [2025-12-27T18:58:22.005+0000] {dag.py:3823} INFO - Setting next_dagrun for match_features_pipeline to 2025-12-27 00:00:00+00:00, run_after=2025-12-28 00:00:00+00:00
[2025-12-27T18:58:22.077+0000] {processor.py:183} INFO - Processing /opt/airflow/dags/prediction_features_pipeline.py took 0.220 seconds
[2025-12-27T18:58:52.794+0000] {processor.py:161} INFO - Started process (PID=1036) to work on /opt/airflow/dags/prediction_features_pipeline.py
[2025-12-27T18:58:52.796+0000] {processor.py:830} INFO - Processing file /opt/airflow/dags/prediction_features_pipeline.py for tasks to queue
[2025-12-27T18:58:52.798+0000] {logging_mixin.py:188} INFO - [2025-12-27T18:58:52.798+0000] {dagbag.py:538} INFO - Filling up the DagBag from /opt/airflow/dags/prediction_features_pipeline.py
[2025-12-27T18:58:52.843+0000] {processor.py:840} INFO - DAG(s) 'match_features_pipeline' retrieved from /opt/airflow/dags/prediction_features_pipeline.py
[2025-12-27T18:58:52.891+0000] {logging_mixin.py:188} INFO - [2025-12-27T18:58:52.890+0000] {dag.py:3036} INFO - Sync 1 DAGs
[2025-12-27T18:58:52.930+0000] {logging_mixin.py:188} INFO - [2025-12-27T18:58:52.930+0000] {dag.py:3823} INFO - Setting next_dagrun for match_features_pipeline to 2025-12-27 00:00:00+00:00, run_after=2025-12-28 00:00:00+00:00
[2025-12-27T18:58:52.965+0000] {processor.py:183} INFO - Processing /opt/airflow/dags/prediction_features_pipeline.py took 0.178 seconds
[2025-12-27T18:59:23.405+0000] {processor.py:161} INFO - Started process (PID=1058) to work on /opt/airflow/dags/prediction_features_pipeline.py
[2025-12-27T18:59:23.408+0000] {processor.py:830} INFO - Processing file /opt/airflow/dags/prediction_features_pipeline.py for tasks to queue
[2025-12-27T18:59:23.409+0000] {logging_mixin.py:188} INFO - [2025-12-27T18:59:23.409+0000] {dagbag.py:538} INFO - Filling up the DagBag from /opt/airflow/dags/prediction_features_pipeline.py
[2025-12-27T18:59:23.446+0000] {processor.py:840} INFO - DAG(s) 'match_features_pipeline' retrieved from /opt/airflow/dags/prediction_features_pipeline.py
[2025-12-27T18:59:23.528+0000] {logging_mixin.py:188} INFO - [2025-12-27T18:59:23.527+0000] {dag.py:3036} INFO - Sync 1 DAGs
[2025-12-27T18:59:23.567+0000] {logging_mixin.py:188} INFO - [2025-12-27T18:59:23.566+0000] {dag.py:3823} INFO - Setting next_dagrun for match_features_pipeline to 2025-12-27 00:00:00+00:00, run_after=2025-12-28 00:00:00+00:00
[2025-12-27T18:59:23.602+0000] {processor.py:183} INFO - Processing /opt/airflow/dags/prediction_features_pipeline.py took 0.202 seconds
[2025-12-27T18:59:54.289+0000] {processor.py:161} INFO - Started process (PID=1078) to work on /opt/airflow/dags/prediction_features_pipeline.py
[2025-12-27T18:59:54.291+0000] {processor.py:830} INFO - Processing file /opt/airflow/dags/prediction_features_pipeline.py for tasks to queue
[2025-12-27T18:59:54.293+0000] {logging_mixin.py:188} INFO - [2025-12-27T18:59:54.293+0000] {dagbag.py:538} INFO - Filling up the DagBag from /opt/airflow/dags/prediction_features_pipeline.py
[2025-12-27T18:59:54.336+0000] {processor.py:840} INFO - DAG(s) 'match_features_pipeline' retrieved from /opt/airflow/dags/prediction_features_pipeline.py
[2025-12-27T18:59:54.384+0000] {logging_mixin.py:188} INFO - [2025-12-27T18:59:54.384+0000] {dag.py:3036} INFO - Sync 1 DAGs
[2025-12-27T18:59:54.427+0000] {logging_mixin.py:188} INFO - [2025-12-27T18:59:54.426+0000] {dag.py:3823} INFO - Setting next_dagrun for match_features_pipeline to 2025-12-27 00:00:00+00:00, run_after=2025-12-28 00:00:00+00:00
[2025-12-27T18:59:54.462+0000] {processor.py:183} INFO - Processing /opt/airflow/dags/prediction_features_pipeline.py took 0.180 seconds
[2025-12-27T19:00:25.189+0000] {processor.py:161} INFO - Started process (PID=1100) to work on /opt/airflow/dags/prediction_features_pipeline.py
[2025-12-27T19:00:25.192+0000] {processor.py:830} INFO - Processing file /opt/airflow/dags/prediction_features_pipeline.py for tasks to queue
[2025-12-27T19:00:25.194+0000] {logging_mixin.py:188} INFO - [2025-12-27T19:00:25.193+0000] {dagbag.py:538} INFO - Filling up the DagBag from /opt/airflow/dags/prediction_features_pipeline.py
[2025-12-27T19:00:25.234+0000] {processor.py:840} INFO - DAG(s) 'match_features_pipeline' retrieved from /opt/airflow/dags/prediction_features_pipeline.py
[2025-12-27T19:00:25.277+0000] {logging_mixin.py:188} INFO - [2025-12-27T19:00:25.277+0000] {dag.py:3036} INFO - Sync 1 DAGs
[2025-12-27T19:00:25.322+0000] {logging_mixin.py:188} INFO - [2025-12-27T19:00:25.322+0000] {dag.py:3823} INFO - Setting next_dagrun for match_features_pipeline to 2025-12-27 00:00:00+00:00, run_after=2025-12-28 00:00:00+00:00
[2025-12-27T19:00:25.398+0000] {processor.py:183} INFO - Processing /opt/airflow/dags/prediction_features_pipeline.py took 0.216 seconds
[2025-12-27T19:00:56.084+0000] {processor.py:161} INFO - Started process (PID=1120) to work on /opt/airflow/dags/prediction_features_pipeline.py
[2025-12-27T19:00:56.086+0000] {processor.py:830} INFO - Processing file /opt/airflow/dags/prediction_features_pipeline.py for tasks to queue
[2025-12-27T19:00:56.088+0000] {logging_mixin.py:188} INFO - [2025-12-27T19:00:56.087+0000] {dagbag.py:538} INFO - Filling up the DagBag from /opt/airflow/dags/prediction_features_pipeline.py
[2025-12-27T19:00:56.129+0000] {processor.py:840} INFO - DAG(s) 'match_features_pipeline' retrieved from /opt/airflow/dags/prediction_features_pipeline.py
[2025-12-27T19:00:56.175+0000] {logging_mixin.py:188} INFO - [2025-12-27T19:00:56.175+0000] {dag.py:3036} INFO - Sync 1 DAGs
[2025-12-27T19:00:56.217+0000] {logging_mixin.py:188} INFO - [2025-12-27T19:00:56.216+0000] {dag.py:3823} INFO - Setting next_dagrun for match_features_pipeline to 2025-12-27 00:00:00+00:00, run_after=2025-12-28 00:00:00+00:00
[2025-12-27T19:00:56.251+0000] {processor.py:183} INFO - Processing /opt/airflow/dags/prediction_features_pipeline.py took 0.173 seconds
[2025-12-27T19:01:26.951+0000] {processor.py:161} INFO - Started process (PID=1142) to work on /opt/airflow/dags/prediction_features_pipeline.py
[2025-12-27T19:01:26.954+0000] {processor.py:830} INFO - Processing file /opt/airflow/dags/prediction_features_pipeline.py for tasks to queue
[2025-12-27T19:01:26.956+0000] {logging_mixin.py:188} INFO - [2025-12-27T19:01:26.955+0000] {dagbag.py:538} INFO - Filling up the DagBag from /opt/airflow/dags/prediction_features_pipeline.py
[2025-12-27T19:01:26.994+0000] {processor.py:840} INFO - DAG(s) 'match_features_pipeline' retrieved from /opt/airflow/dags/prediction_features_pipeline.py
[2025-12-27T19:01:27.042+0000] {logging_mixin.py:188} INFO - [2025-12-27T19:01:27.042+0000] {dag.py:3036} INFO - Sync 1 DAGs
[2025-12-27T19:01:27.085+0000] {logging_mixin.py:188} INFO - [2025-12-27T19:01:27.084+0000] {dag.py:3823} INFO - Setting next_dagrun for match_features_pipeline to 2025-12-27 00:00:00+00:00, run_after=2025-12-28 00:00:00+00:00
[2025-12-27T19:01:27.157+0000] {processor.py:183} INFO - Processing /opt/airflow/dags/prediction_features_pipeline.py took 0.213 seconds
[2025-12-27T19:01:57.854+0000] {processor.py:161} INFO - Started process (PID=1162) to work on /opt/airflow/dags/prediction_features_pipeline.py
[2025-12-27T19:01:57.856+0000] {processor.py:830} INFO - Processing file /opt/airflow/dags/prediction_features_pipeline.py for tasks to queue
[2025-12-27T19:01:57.858+0000] {logging_mixin.py:188} INFO - [2025-12-27T19:01:57.858+0000] {dagbag.py:538} INFO - Filling up the DagBag from /opt/airflow/dags/prediction_features_pipeline.py
[2025-12-27T19:01:57.899+0000] {processor.py:840} INFO - DAG(s) 'match_features_pipeline' retrieved from /opt/airflow/dags/prediction_features_pipeline.py
[2025-12-27T19:01:57.944+0000] {logging_mixin.py:188} INFO - [2025-12-27T19:01:57.943+0000] {dag.py:3036} INFO - Sync 1 DAGs
[2025-12-27T19:01:57.984+0000] {logging_mixin.py:188} INFO - [2025-12-27T19:01:57.983+0000] {dag.py:3823} INFO - Setting next_dagrun for match_features_pipeline to 2025-12-27 00:00:00+00:00, run_after=2025-12-28 00:00:00+00:00
[2025-12-27T19:01:58.065+0000] {processor.py:183} INFO - Processing /opt/airflow/dags/prediction_features_pipeline.py took 0.216 seconds
[2025-12-27T19:02:28.739+0000] {processor.py:161} INFO - Started process (PID=1184) to work on /opt/airflow/dags/prediction_features_pipeline.py
[2025-12-27T19:02:28.742+0000] {processor.py:830} INFO - Processing file /opt/airflow/dags/prediction_features_pipeline.py for tasks to queue
[2025-12-27T19:02:28.744+0000] {logging_mixin.py:188} INFO - [2025-12-27T19:02:28.743+0000] {dagbag.py:538} INFO - Filling up the DagBag from /opt/airflow/dags/prediction_features_pipeline.py
[2025-12-27T19:02:28.783+0000] {processor.py:840} INFO - DAG(s) 'match_features_pipeline' retrieved from /opt/airflow/dags/prediction_features_pipeline.py
[2025-12-27T19:02:28.823+0000] {logging_mixin.py:188} INFO - [2025-12-27T19:02:28.822+0000] {dag.py:3036} INFO - Sync 1 DAGs
[2025-12-27T19:02:28.863+0000] {logging_mixin.py:188} INFO - [2025-12-27T19:02:28.862+0000] {dag.py:3823} INFO - Setting next_dagrun for match_features_pipeline to 2025-12-27 00:00:00+00:00, run_after=2025-12-28 00:00:00+00:00
[2025-12-27T19:02:28.895+0000] {processor.py:183} INFO - Processing /opt/airflow/dags/prediction_features_pipeline.py took 0.161 seconds
[2025-12-27T19:02:59.578+0000] {processor.py:161} INFO - Started process (PID=1204) to work on /opt/airflow/dags/prediction_features_pipeline.py
[2025-12-27T19:02:59.581+0000] {processor.py:830} INFO - Processing file /opt/airflow/dags/prediction_features_pipeline.py for tasks to queue
[2025-12-27T19:02:59.582+0000] {logging_mixin.py:188} INFO - [2025-12-27T19:02:59.582+0000] {dagbag.py:538} INFO - Filling up the DagBag from /opt/airflow/dags/prediction_features_pipeline.py
[2025-12-27T19:02:59.622+0000] {processor.py:840} INFO - DAG(s) 'match_features_pipeline' retrieved from /opt/airflow/dags/prediction_features_pipeline.py
[2025-12-27T19:02:59.668+0000] {logging_mixin.py:188} INFO - [2025-12-27T19:02:59.668+0000] {dag.py:3036} INFO - Sync 1 DAGs
[2025-12-27T19:02:59.708+0000] {logging_mixin.py:188} INFO - [2025-12-27T19:02:59.708+0000] {dag.py:3823} INFO - Setting next_dagrun for match_features_pipeline to 2025-12-27 00:00:00+00:00, run_after=2025-12-28 00:00:00+00:00
[2025-12-27T19:02:59.756+0000] {processor.py:183} INFO - Processing /opt/airflow/dags/prediction_features_pipeline.py took 0.183 seconds
[2025-12-27T19:03:14.938+0000] {processor.py:161} INFO - Started process (PID=176) to work on /opt/airflow/dags/prediction_features_pipeline.py
[2025-12-27T19:03:14.940+0000] {processor.py:830} INFO - Processing file /opt/airflow/dags/prediction_features_pipeline.py for tasks to queue
[2025-12-27T19:03:14.942+0000] {logging_mixin.py:188} INFO - [2025-12-27T19:03:14.941+0000] {dagbag.py:538} INFO - Filling up the DagBag from /opt/airflow/dags/prediction_features_pipeline.py
[2025-12-27T19:03:14.974+0000] {processor.py:840} INFO - DAG(s) 'match_features_pipeline' retrieved from /opt/airflow/dags/prediction_features_pipeline.py
[2025-12-27T19:03:15.002+0000] {logging_mixin.py:188} INFO - [2025-12-27T19:03:15.001+0000] {dag.py:3036} INFO - Sync 1 DAGs
[2025-12-27T19:03:15.033+0000] {logging_mixin.py:188} INFO - [2025-12-27T19:03:15.032+0000] {dag.py:3823} INFO - Setting next_dagrun for match_features_pipeline to 2025-12-27 00:00:00+00:00, run_after=2025-12-28 00:00:00+00:00
[2025-12-27T19:03:15.058+0000] {processor.py:183} INFO - Processing /opt/airflow/dags/prediction_features_pipeline.py took 0.125 seconds
[2025-12-27T19:03:45.778+0000] {processor.py:161} INFO - Started process (PID=199) to work on /opt/airflow/dags/prediction_features_pipeline.py
[2025-12-27T19:03:45.781+0000] {processor.py:830} INFO - Processing file /opt/airflow/dags/prediction_features_pipeline.py for tasks to queue
[2025-12-27T19:03:45.783+0000] {logging_mixin.py:188} INFO - [2025-12-27T19:03:45.783+0000] {dagbag.py:538} INFO - Filling up the DagBag from /opt/airflow/dags/prediction_features_pipeline.py
[2025-12-27T19:03:45.823+0000] {processor.py:840} INFO - DAG(s) 'match_features_pipeline' retrieved from /opt/airflow/dags/prediction_features_pipeline.py
[2025-12-27T19:03:45.876+0000] {logging_mixin.py:188} INFO - [2025-12-27T19:03:45.875+0000] {dag.py:3036} INFO - Sync 1 DAGs
[2025-12-27T19:03:45.915+0000] {logging_mixin.py:188} INFO - [2025-12-27T19:03:45.915+0000] {dag.py:3823} INFO - Setting next_dagrun for match_features_pipeline to 2025-12-27 00:00:00+00:00, run_after=2025-12-28 00:00:00+00:00
[2025-12-27T19:03:45.986+0000] {processor.py:183} INFO - Processing /opt/airflow/dags/prediction_features_pipeline.py took 0.221 seconds
[2025-12-27T19:04:16.816+0000] {processor.py:161} INFO - Started process (PID=221) to work on /opt/airflow/dags/prediction_features_pipeline.py
[2025-12-27T19:04:16.818+0000] {processor.py:830} INFO - Processing file /opt/airflow/dags/prediction_features_pipeline.py for tasks to queue
[2025-12-27T19:04:16.820+0000] {logging_mixin.py:188} INFO - [2025-12-27T19:04:16.820+0000] {dagbag.py:538} INFO - Filling up the DagBag from /opt/airflow/dags/prediction_features_pipeline.py
[2025-12-27T19:04:16.858+0000] {processor.py:840} INFO - DAG(s) 'match_features_pipeline' retrieved from /opt/airflow/dags/prediction_features_pipeline.py
[2025-12-27T19:04:16.896+0000] {logging_mixin.py:188} INFO - [2025-12-27T19:04:16.895+0000] {dag.py:3036} INFO - Sync 1 DAGs
[2025-12-27T19:04:16.933+0000] {logging_mixin.py:188} INFO - [2025-12-27T19:04:16.933+0000] {dag.py:3823} INFO - Setting next_dagrun for match_features_pipeline to 2025-12-27 00:00:00+00:00, run_after=2025-12-28 00:00:00+00:00
[2025-12-27T19:04:17.005+0000] {processor.py:183} INFO - Processing /opt/airflow/dags/prediction_features_pipeline.py took 0.195 seconds
[2025-12-27T19:04:47.851+0000] {processor.py:161} INFO - Started process (PID=241) to work on /opt/airflow/dags/prediction_features_pipeline.py
[2025-12-27T19:04:47.854+0000] {processor.py:830} INFO - Processing file /opt/airflow/dags/prediction_features_pipeline.py for tasks to queue
[2025-12-27T19:04:47.856+0000] {logging_mixin.py:188} INFO - [2025-12-27T19:04:47.855+0000] {dagbag.py:538} INFO - Filling up the DagBag from /opt/airflow/dags/prediction_features_pipeline.py
[2025-12-27T19:04:47.904+0000] {processor.py:840} INFO - DAG(s) 'match_features_pipeline' retrieved from /opt/airflow/dags/prediction_features_pipeline.py
[2025-12-27T19:04:47.958+0000] {logging_mixin.py:188} INFO - [2025-12-27T19:04:47.958+0000] {dag.py:3036} INFO - Sync 1 DAGs
[2025-12-27T19:04:48.005+0000] {logging_mixin.py:188} INFO - [2025-12-27T19:04:48.005+0000] {dag.py:3823} INFO - Setting next_dagrun for match_features_pipeline to 2025-12-27 00:00:00+00:00, run_after=2025-12-28 00:00:00+00:00
[2025-12-27T19:04:48.077+0000] {processor.py:183} INFO - Processing /opt/airflow/dags/prediction_features_pipeline.py took 0.234 seconds
[2025-12-27T19:05:18.786+0000] {processor.py:161} INFO - Started process (PID=263) to work on /opt/airflow/dags/prediction_features_pipeline.py
[2025-12-27T19:05:18.788+0000] {processor.py:830} INFO - Processing file /opt/airflow/dags/prediction_features_pipeline.py for tasks to queue
[2025-12-27T19:05:18.790+0000] {logging_mixin.py:188} INFO - [2025-12-27T19:05:18.789+0000] {dagbag.py:538} INFO - Filling up the DagBag from /opt/airflow/dags/prediction_features_pipeline.py
[2025-12-27T19:05:18.831+0000] {processor.py:840} INFO - DAG(s) 'match_features_pipeline' retrieved from /opt/airflow/dags/prediction_features_pipeline.py
[2025-12-27T19:05:18.872+0000] {logging_mixin.py:188} INFO - [2025-12-27T19:05:18.871+0000] {dag.py:3036} INFO - Sync 1 DAGs
[2025-12-27T19:05:18.910+0000] {logging_mixin.py:188} INFO - [2025-12-27T19:05:18.910+0000] {dag.py:3823} INFO - Setting next_dagrun for match_features_pipeline to 2025-12-27 00:00:00+00:00, run_after=2025-12-28 00:00:00+00:00
[2025-12-27T19:05:18.982+0000] {processor.py:183} INFO - Processing /opt/airflow/dags/prediction_features_pipeline.py took 0.203 seconds
[2025-12-27T19:05:49.681+0000] {processor.py:161} INFO - Started process (PID=283) to work on /opt/airflow/dags/prediction_features_pipeline.py
[2025-12-27T19:05:49.683+0000] {processor.py:830} INFO - Processing file /opt/airflow/dags/prediction_features_pipeline.py for tasks to queue
[2025-12-27T19:05:49.685+0000] {logging_mixin.py:188} INFO - [2025-12-27T19:05:49.684+0000] {dagbag.py:538} INFO - Filling up the DagBag from /opt/airflow/dags/prediction_features_pipeline.py
[2025-12-27T19:05:49.726+0000] {processor.py:840} INFO - DAG(s) 'match_features_pipeline' retrieved from /opt/airflow/dags/prediction_features_pipeline.py
[2025-12-27T19:05:49.771+0000] {logging_mixin.py:188} INFO - [2025-12-27T19:05:49.771+0000] {dag.py:3036} INFO - Sync 1 DAGs
[2025-12-27T19:05:49.821+0000] {logging_mixin.py:188} INFO - [2025-12-27T19:05:49.821+0000] {dag.py:3823} INFO - Setting next_dagrun for match_features_pipeline to 2025-12-27 00:00:00+00:00, run_after=2025-12-28 00:00:00+00:00
[2025-12-27T19:05:49.857+0000] {processor.py:183} INFO - Processing /opt/airflow/dags/prediction_features_pipeline.py took 0.183 seconds
[2025-12-27T19:06:20.661+0000] {processor.py:161} INFO - Started process (PID=305) to work on /opt/airflow/dags/prediction_features_pipeline.py
[2025-12-27T19:06:20.664+0000] {processor.py:830} INFO - Processing file /opt/airflow/dags/prediction_features_pipeline.py for tasks to queue
[2025-12-27T19:06:20.667+0000] {logging_mixin.py:188} INFO - [2025-12-27T19:06:20.666+0000] {dagbag.py:538} INFO - Filling up the DagBag from /opt/airflow/dags/prediction_features_pipeline.py
[2025-12-27T19:06:20.710+0000] {processor.py:840} INFO - DAG(s) 'match_features_pipeline' retrieved from /opt/airflow/dags/prediction_features_pipeline.py
[2025-12-27T19:06:20.757+0000] {logging_mixin.py:188} INFO - [2025-12-27T19:06:20.757+0000] {dag.py:3036} INFO - Sync 1 DAGs
[2025-12-27T19:06:20.798+0000] {logging_mixin.py:188} INFO - [2025-12-27T19:06:20.797+0000] {dag.py:3823} INFO - Setting next_dagrun for match_features_pipeline to 2025-12-27 00:00:00+00:00, run_after=2025-12-28 00:00:00+00:00
[2025-12-27T19:06:20.870+0000] {processor.py:183} INFO - Processing /opt/airflow/dags/prediction_features_pipeline.py took 0.215 seconds
[2025-12-27T19:06:51.565+0000] {processor.py:161} INFO - Started process (PID=327) to work on /opt/airflow/dags/prediction_features_pipeline.py
[2025-12-27T19:06:51.568+0000] {processor.py:830} INFO - Processing file /opt/airflow/dags/prediction_features_pipeline.py for tasks to queue
[2025-12-27T19:06:51.570+0000] {logging_mixin.py:188} INFO - [2025-12-27T19:06:51.569+0000] {dagbag.py:538} INFO - Filling up the DagBag from /opt/airflow/dags/prediction_features_pipeline.py
[2025-12-27T19:06:51.613+0000] {processor.py:840} INFO - DAG(s) 'match_features_pipeline' retrieved from /opt/airflow/dags/prediction_features_pipeline.py
[2025-12-27T19:06:51.651+0000] {logging_mixin.py:188} INFO - [2025-12-27T19:06:51.651+0000] {dag.py:3036} INFO - Sync 1 DAGs
[2025-12-27T19:06:51.685+0000] {logging_mixin.py:188} INFO - [2025-12-27T19:06:51.685+0000] {dag.py:3823} INFO - Setting next_dagrun for match_features_pipeline to 2025-12-27 00:00:00+00:00, run_after=2025-12-28 00:00:00+00:00
[2025-12-27T19:06:51.753+0000] {processor.py:183} INFO - Processing /opt/airflow/dags/prediction_features_pipeline.py took 0.195 seconds
[2025-12-27T19:07:22.529+0000] {processor.py:161} INFO - Started process (PID=349) to work on /opt/airflow/dags/prediction_features_pipeline.py
[2025-12-27T19:07:22.531+0000] {processor.py:830} INFO - Processing file /opt/airflow/dags/prediction_features_pipeline.py for tasks to queue
[2025-12-27T19:07:22.533+0000] {logging_mixin.py:188} INFO - [2025-12-27T19:07:22.533+0000] {dagbag.py:538} INFO - Filling up the DagBag from /opt/airflow/dags/prediction_features_pipeline.py
[2025-12-27T19:07:22.571+0000] {processor.py:840} INFO - DAG(s) 'match_features_pipeline' retrieved from /opt/airflow/dags/prediction_features_pipeline.py
[2025-12-27T19:07:22.616+0000] {logging_mixin.py:188} INFO - [2025-12-27T19:07:22.616+0000] {dag.py:3036} INFO - Sync 1 DAGs
[2025-12-27T19:07:22.660+0000] {logging_mixin.py:188} INFO - [2025-12-27T19:07:22.660+0000] {dag.py:3823} INFO - Setting next_dagrun for match_features_pipeline to 2025-12-27 00:00:00+00:00, run_after=2025-12-28 00:00:00+00:00
[2025-12-27T19:07:22.737+0000] {processor.py:183} INFO - Processing /opt/airflow/dags/prediction_features_pipeline.py took 0.214 seconds
[2025-12-27T19:07:53.468+0000] {processor.py:161} INFO - Started process (PID=369) to work on /opt/airflow/dags/prediction_features_pipeline.py
[2025-12-27T19:07:53.471+0000] {processor.py:830} INFO - Processing file /opt/airflow/dags/prediction_features_pipeline.py for tasks to queue
[2025-12-27T19:07:53.473+0000] {logging_mixin.py:188} INFO - [2025-12-27T19:07:53.473+0000] {dagbag.py:538} INFO - Filling up the DagBag from /opt/airflow/dags/prediction_features_pipeline.py
[2025-12-27T19:07:53.517+0000] {processor.py:840} INFO - DAG(s) 'match_features_pipeline' retrieved from /opt/airflow/dags/prediction_features_pipeline.py
[2025-12-27T19:07:53.563+0000] {logging_mixin.py:188} INFO - [2025-12-27T19:07:53.563+0000] {dag.py:3036} INFO - Sync 1 DAGs
[2025-12-27T19:07:53.603+0000] {logging_mixin.py:188} INFO - [2025-12-27T19:07:53.603+0000] {dag.py:3823} INFO - Setting next_dagrun for match_features_pipeline to 2025-12-27 00:00:00+00:00, run_after=2025-12-28 00:00:00+00:00
[2025-12-27T19:07:53.645+0000] {processor.py:183} INFO - Processing /opt/airflow/dags/prediction_features_pipeline.py took 0.187 seconds
[2025-12-27T19:08:24.498+0000] {processor.py:161} INFO - Started process (PID=391) to work on /opt/airflow/dags/prediction_features_pipeline.py
[2025-12-27T19:08:24.501+0000] {processor.py:830} INFO - Processing file /opt/airflow/dags/prediction_features_pipeline.py for tasks to queue
[2025-12-27T19:08:24.503+0000] {logging_mixin.py:188} INFO - [2025-12-27T19:08:24.503+0000] {dagbag.py:538} INFO - Filling up the DagBag from /opt/airflow/dags/prediction_features_pipeline.py
[2025-12-27T19:08:24.549+0000] {processor.py:840} INFO - DAG(s) 'match_features_pipeline' retrieved from /opt/airflow/dags/prediction_features_pipeline.py
[2025-12-27T19:08:24.596+0000] {logging_mixin.py:188} INFO - [2025-12-27T19:08:24.595+0000] {dag.py:3036} INFO - Sync 1 DAGs
[2025-12-27T19:08:24.636+0000] {logging_mixin.py:188} INFO - [2025-12-27T19:08:24.636+0000] {dag.py:3823} INFO - Setting next_dagrun for match_features_pipeline to 2025-12-27 00:00:00+00:00, run_after=2025-12-28 00:00:00+00:00
[2025-12-27T19:08:24.669+0000] {processor.py:183} INFO - Processing /opt/airflow/dags/prediction_features_pipeline.py took 0.182 seconds
[2025-12-27T19:08:55.512+0000] {processor.py:161} INFO - Started process (PID=411) to work on /opt/airflow/dags/prediction_features_pipeline.py
[2025-12-27T19:08:55.514+0000] {processor.py:830} INFO - Processing file /opt/airflow/dags/prediction_features_pipeline.py for tasks to queue
[2025-12-27T19:08:55.517+0000] {logging_mixin.py:188} INFO - [2025-12-27T19:08:55.516+0000] {dagbag.py:538} INFO - Filling up the DagBag from /opt/airflow/dags/prediction_features_pipeline.py
[2025-12-27T19:08:55.559+0000] {processor.py:840} INFO - DAG(s) 'match_features_pipeline' retrieved from /opt/airflow/dags/prediction_features_pipeline.py
[2025-12-27T19:08:55.607+0000] {logging_mixin.py:188} INFO - [2025-12-27T19:08:55.606+0000] {dag.py:3036} INFO - Sync 1 DAGs
[2025-12-27T19:08:55.651+0000] {logging_mixin.py:188} INFO - [2025-12-27T19:08:55.650+0000] {dag.py:3823} INFO - Setting next_dagrun for match_features_pipeline to 2025-12-27 00:00:00+00:00, run_after=2025-12-28 00:00:00+00:00
[2025-12-27T19:08:55.687+0000] {processor.py:183} INFO - Processing /opt/airflow/dags/prediction_features_pipeline.py took 0.184 seconds
[2025-12-27T19:09:26.500+0000] {processor.py:161} INFO - Started process (PID=433) to work on /opt/airflow/dags/prediction_features_pipeline.py
[2025-12-27T19:09:26.502+0000] {processor.py:830} INFO - Processing file /opt/airflow/dags/prediction_features_pipeline.py for tasks to queue
[2025-12-27T19:09:26.504+0000] {logging_mixin.py:188} INFO - [2025-12-27T19:09:26.504+0000] {dagbag.py:538} INFO - Filling up the DagBag from /opt/airflow/dags/prediction_features_pipeline.py
[2025-12-27T19:09:26.544+0000] {processor.py:840} INFO - DAG(s) 'match_features_pipeline' retrieved from /opt/airflow/dags/prediction_features_pipeline.py
[2025-12-27T19:09:26.595+0000] {logging_mixin.py:188} INFO - [2025-12-27T19:09:26.595+0000] {dag.py:3036} INFO - Sync 1 DAGs
[2025-12-27T19:09:26.640+0000] {logging_mixin.py:188} INFO - [2025-12-27T19:09:26.640+0000] {dag.py:3823} INFO - Setting next_dagrun for match_features_pipeline to 2025-12-27 00:00:00+00:00, run_after=2025-12-28 00:00:00+00:00
[2025-12-27T19:09:26.708+0000] {processor.py:183} INFO - Processing /opt/airflow/dags/prediction_features_pipeline.py took 0.216 seconds
[2025-12-27T19:09:57.485+0000] {processor.py:161} INFO - Started process (PID=453) to work on /opt/airflow/dags/prediction_features_pipeline.py
[2025-12-27T19:09:57.488+0000] {processor.py:830} INFO - Processing file /opt/airflow/dags/prediction_features_pipeline.py for tasks to queue
[2025-12-27T19:09:57.491+0000] {logging_mixin.py:188} INFO - [2025-12-27T19:09:57.490+0000] {dagbag.py:538} INFO - Filling up the DagBag from /opt/airflow/dags/prediction_features_pipeline.py
[2025-12-27T19:09:57.536+0000] {processor.py:840} INFO - DAG(s) 'match_features_pipeline' retrieved from /opt/airflow/dags/prediction_features_pipeline.py
[2025-12-27T19:09:57.585+0000] {logging_mixin.py:188} INFO - [2025-12-27T19:09:57.585+0000] {dag.py:3036} INFO - Sync 1 DAGs
[2025-12-27T19:09:57.631+0000] {logging_mixin.py:188} INFO - [2025-12-27T19:09:57.630+0000] {dag.py:3823} INFO - Setting next_dagrun for match_features_pipeline to 2025-12-27 00:00:00+00:00, run_after=2025-12-28 00:00:00+00:00
[2025-12-27T19:09:57.706+0000] {processor.py:183} INFO - Processing /opt/airflow/dags/prediction_features_pipeline.py took 0.230 seconds
[2025-12-27T19:10:28.373+0000] {processor.py:161} INFO - Started process (PID=475) to work on /opt/airflow/dags/prediction_features_pipeline.py
[2025-12-27T19:10:28.375+0000] {processor.py:830} INFO - Processing file /opt/airflow/dags/prediction_features_pipeline.py for tasks to queue
[2025-12-27T19:10:28.377+0000] {logging_mixin.py:188} INFO - [2025-12-27T19:10:28.377+0000] {dagbag.py:538} INFO - Filling up the DagBag from /opt/airflow/dags/prediction_features_pipeline.py
[2025-12-27T19:10:28.422+0000] {processor.py:840} INFO - DAG(s) 'match_features_pipeline' retrieved from /opt/airflow/dags/prediction_features_pipeline.py
[2025-12-27T19:10:28.472+0000] {logging_mixin.py:188} INFO - [2025-12-27T19:10:28.471+0000] {dag.py:3036} INFO - Sync 1 DAGs
[2025-12-27T19:10:28.512+0000] {logging_mixin.py:188} INFO - [2025-12-27T19:10:28.511+0000] {dag.py:3823} INFO - Setting next_dagrun for match_features_pipeline to 2025-12-27 00:00:00+00:00, run_after=2025-12-28 00:00:00+00:00
[2025-12-27T19:10:28.586+0000] {processor.py:183} INFO - Processing /opt/airflow/dags/prediction_features_pipeline.py took 0.219 seconds
[2025-12-27T19:10:59.310+0000] {processor.py:161} INFO - Started process (PID=495) to work on /opt/airflow/dags/prediction_features_pipeline.py
[2025-12-27T19:10:59.312+0000] {processor.py:830} INFO - Processing file /opt/airflow/dags/prediction_features_pipeline.py for tasks to queue
[2025-12-27T19:10:59.314+0000] {logging_mixin.py:188} INFO - [2025-12-27T19:10:59.314+0000] {dagbag.py:538} INFO - Filling up the DagBag from /opt/airflow/dags/prediction_features_pipeline.py
[2025-12-27T19:10:59.356+0000] {processor.py:840} INFO - DAG(s) 'match_features_pipeline' retrieved from /opt/airflow/dags/prediction_features_pipeline.py
[2025-12-27T19:10:59.406+0000] {logging_mixin.py:188} INFO - [2025-12-27T19:10:59.405+0000] {dag.py:3036} INFO - Sync 1 DAGs
[2025-12-27T19:10:59.445+0000] {logging_mixin.py:188} INFO - [2025-12-27T19:10:59.445+0000] {dag.py:3823} INFO - Setting next_dagrun for match_features_pipeline to 2025-12-27 00:00:00+00:00, run_after=2025-12-28 00:00:00+00:00
[2025-12-27T19:10:59.512+0000] {processor.py:183} INFO - Processing /opt/airflow/dags/prediction_features_pipeline.py took 0.212 seconds
[2025-12-27T19:11:30.115+0000] {processor.py:161} INFO - Started process (PID=517) to work on /opt/airflow/dags/prediction_features_pipeline.py
[2025-12-27T19:11:30.116+0000] {processor.py:830} INFO - Processing file /opt/airflow/dags/prediction_features_pipeline.py for tasks to queue
[2025-12-27T19:11:30.117+0000] {logging_mixin.py:188} INFO - [2025-12-27T19:11:30.117+0000] {dagbag.py:538} INFO - Filling up the DagBag from /opt/airflow/dags/prediction_features_pipeline.py
[2025-12-27T19:11:30.143+0000] {processor.py:840} INFO - DAG(s) 'match_features_pipeline' retrieved from /opt/airflow/dags/prediction_features_pipeline.py
[2025-12-27T19:11:30.181+0000] {logging_mixin.py:188} INFO - [2025-12-27T19:11:30.181+0000] {dag.py:3036} INFO - Sync 1 DAGs
[2025-12-27T19:11:30.214+0000] {logging_mixin.py:188} INFO - [2025-12-27T19:11:30.213+0000] {dag.py:3823} INFO - Setting next_dagrun for match_features_pipeline to 2025-12-27 00:00:00+00:00, run_after=2025-12-28 00:00:00+00:00
[2025-12-27T19:11:30.274+0000] {processor.py:183} INFO - Processing /opt/airflow/dags/prediction_features_pipeline.py took 0.165 seconds
[2025-12-27T19:12:00.880+0000] {processor.py:161} INFO - Started process (PID=537) to work on /opt/airflow/dags/prediction_features_pipeline.py
[2025-12-27T19:12:00.881+0000] {processor.py:830} INFO - Processing file /opt/airflow/dags/prediction_features_pipeline.py for tasks to queue
[2025-12-27T19:12:00.883+0000] {logging_mixin.py:188} INFO - [2025-12-27T19:12:00.882+0000] {dagbag.py:538} INFO - Filling up the DagBag from /opt/airflow/dags/prediction_features_pipeline.py
[2025-12-27T19:12:00.911+0000] {processor.py:840} INFO - DAG(s) 'match_features_pipeline' retrieved from /opt/airflow/dags/prediction_features_pipeline.py
[2025-12-27T19:12:00.948+0000] {logging_mixin.py:188} INFO - [2025-12-27T19:12:00.948+0000] {dag.py:3036} INFO - Sync 1 DAGs
[2025-12-27T19:12:00.994+0000] {logging_mixin.py:188} INFO - [2025-12-27T19:12:00.993+0000] {dag.py:3823} INFO - Setting next_dagrun for match_features_pipeline to 2025-12-27 00:00:00+00:00, run_after=2025-12-28 00:00:00+00:00
[2025-12-27T19:12:01.064+0000] {processor.py:183} INFO - Processing /opt/airflow/dags/prediction_features_pipeline.py took 0.189 seconds
[2025-12-27T19:12:31.800+0000] {processor.py:161} INFO - Started process (PID=559) to work on /opt/airflow/dags/prediction_features_pipeline.py
[2025-12-27T19:12:31.802+0000] {processor.py:830} INFO - Processing file /opt/airflow/dags/prediction_features_pipeline.py for tasks to queue
[2025-12-27T19:12:31.804+0000] {logging_mixin.py:188} INFO - [2025-12-27T19:12:31.804+0000] {dagbag.py:538} INFO - Filling up the DagBag from /opt/airflow/dags/prediction_features_pipeline.py
[2025-12-27T19:12:31.842+0000] {processor.py:840} INFO - DAG(s) 'match_features_pipeline' retrieved from /opt/airflow/dags/prediction_features_pipeline.py
[2025-12-27T19:12:31.886+0000] {logging_mixin.py:188} INFO - [2025-12-27T19:12:31.886+0000] {dag.py:3036} INFO - Sync 1 DAGs
[2025-12-27T19:12:31.928+0000] {logging_mixin.py:188} INFO - [2025-12-27T19:12:31.927+0000] {dag.py:3823} INFO - Setting next_dagrun for match_features_pipeline to 2025-12-27 00:00:00+00:00, run_after=2025-12-28 00:00:00+00:00
[2025-12-27T19:12:32.004+0000] {processor.py:183} INFO - Processing /opt/airflow/dags/prediction_features_pipeline.py took 0.212 seconds
[2025-12-27T19:13:02.812+0000] {processor.py:161} INFO - Started process (PID=579) to work on /opt/airflow/dags/prediction_features_pipeline.py
[2025-12-27T19:13:02.814+0000] {processor.py:830} INFO - Processing file /opt/airflow/dags/prediction_features_pipeline.py for tasks to queue
[2025-12-27T19:13:02.816+0000] {logging_mixin.py:188} INFO - [2025-12-27T19:13:02.816+0000] {dagbag.py:538} INFO - Filling up the DagBag from /opt/airflow/dags/prediction_features_pipeline.py
[2025-12-27T19:13:02.859+0000] {processor.py:840} INFO - DAG(s) 'match_features_pipeline' retrieved from /opt/airflow/dags/prediction_features_pipeline.py
[2025-12-27T19:13:02.906+0000] {logging_mixin.py:188} INFO - [2025-12-27T19:13:02.905+0000] {dag.py:3036} INFO - Sync 1 DAGs
[2025-12-27T19:13:02.944+0000] {logging_mixin.py:188} INFO - [2025-12-27T19:13:02.944+0000] {dag.py:3823} INFO - Setting next_dagrun for match_features_pipeline to 2025-12-27 00:00:00+00:00, run_after=2025-12-28 00:00:00+00:00
[2025-12-27T19:13:02.977+0000] {processor.py:183} INFO - Processing /opt/airflow/dags/prediction_features_pipeline.py took 0.171 seconds
[2025-12-27T19:13:33.934+0000] {processor.py:161} INFO - Started process (PID=601) to work on /opt/airflow/dags/prediction_features_pipeline.py
[2025-12-27T19:13:33.936+0000] {processor.py:830} INFO - Processing file /opt/airflow/dags/prediction_features_pipeline.py for tasks to queue
[2025-12-27T19:13:33.938+0000] {logging_mixin.py:188} INFO - [2025-12-27T19:13:33.938+0000] {dagbag.py:538} INFO - Filling up the DagBag from /opt/airflow/dags/prediction_features_pipeline.py
[2025-12-27T19:13:33.976+0000] {processor.py:840} INFO - DAG(s) 'match_features_pipeline' retrieved from /opt/airflow/dags/prediction_features_pipeline.py
[2025-12-27T19:13:34.022+0000] {logging_mixin.py:188} INFO - [2025-12-27T19:13:34.022+0000] {dag.py:3036} INFO - Sync 1 DAGs
[2025-12-27T19:13:34.063+0000] {logging_mixin.py:188} INFO - [2025-12-27T19:13:34.062+0000] {dag.py:3823} INFO - Setting next_dagrun for match_features_pipeline to 2025-12-27 00:00:00+00:00, run_after=2025-12-28 00:00:00+00:00
[2025-12-27T19:13:34.140+0000] {processor.py:183} INFO - Processing /opt/airflow/dags/prediction_features_pipeline.py took 0.214 seconds
[2025-12-27T19:14:04.954+0000] {processor.py:161} INFO - Started process (PID=621) to work on /opt/airflow/dags/prediction_features_pipeline.py
[2025-12-27T19:14:04.957+0000] {processor.py:830} INFO - Processing file /opt/airflow/dags/prediction_features_pipeline.py for tasks to queue
[2025-12-27T19:14:04.959+0000] {logging_mixin.py:188} INFO - [2025-12-27T19:14:04.959+0000] {dagbag.py:538} INFO - Filling up the DagBag from /opt/airflow/dags/prediction_features_pipeline.py
[2025-12-27T19:14:05.002+0000] {processor.py:840} INFO - DAG(s) 'match_features_pipeline' retrieved from /opt/airflow/dags/prediction_features_pipeline.py
[2025-12-27T19:14:05.050+0000] {logging_mixin.py:188} INFO - [2025-12-27T19:14:05.050+0000] {dag.py:3036} INFO - Sync 1 DAGs
[2025-12-27T19:14:05.094+0000] {logging_mixin.py:188} INFO - [2025-12-27T19:14:05.094+0000] {dag.py:3823} INFO - Setting next_dagrun for match_features_pipeline to 2025-12-27 00:00:00+00:00, run_after=2025-12-28 00:00:00+00:00
[2025-12-27T19:14:05.167+0000] {processor.py:183} INFO - Processing /opt/airflow/dags/prediction_features_pipeline.py took 0.219 seconds
[2025-12-27T19:14:35.889+0000] {processor.py:161} INFO - Started process (PID=643) to work on /opt/airflow/dags/prediction_features_pipeline.py
[2025-12-27T19:14:35.892+0000] {processor.py:830} INFO - Processing file /opt/airflow/dags/prediction_features_pipeline.py for tasks to queue
[2025-12-27T19:14:35.894+0000] {logging_mixin.py:188} INFO - [2025-12-27T19:14:35.893+0000] {dagbag.py:538} INFO - Filling up the DagBag from /opt/airflow/dags/prediction_features_pipeline.py
[2025-12-27T19:14:35.972+0000] {processor.py:840} INFO - DAG(s) 'match_features_pipeline' retrieved from /opt/airflow/dags/prediction_features_pipeline.py
[2025-12-27T19:14:36.030+0000] {logging_mixin.py:188} INFO - [2025-12-27T19:14:36.030+0000] {dag.py:3036} INFO - Sync 1 DAGs
[2025-12-27T19:14:36.079+0000] {logging_mixin.py:188} INFO - [2025-12-27T19:14:36.079+0000] {dag.py:3823} INFO - Setting next_dagrun for match_features_pipeline to 2025-12-27 00:00:00+00:00, run_after=2025-12-28 00:00:00+00:00
[2025-12-27T19:14:36.119+0000] {processor.py:183} INFO - Processing /opt/airflow/dags/prediction_features_pipeline.py took 0.236 seconds
[2025-12-27T19:15:06.989+0000] {processor.py:161} INFO - Started process (PID=663) to work on /opt/airflow/dags/prediction_features_pipeline.py
[2025-12-27T19:15:06.991+0000] {processor.py:830} INFO - Processing file /opt/airflow/dags/prediction_features_pipeline.py for tasks to queue
[2025-12-27T19:15:06.993+0000] {logging_mixin.py:188} INFO - [2025-12-27T19:15:06.993+0000] {dagbag.py:538} INFO - Filling up the DagBag from /opt/airflow/dags/prediction_features_pipeline.py
[2025-12-27T19:15:07.035+0000] {processor.py:840} INFO - DAG(s) 'match_features_pipeline' retrieved from /opt/airflow/dags/prediction_features_pipeline.py
[2025-12-27T19:15:07.089+0000] {logging_mixin.py:188} INFO - [2025-12-27T19:15:07.089+0000] {dag.py:3036} INFO - Sync 1 DAGs
[2025-12-27T19:15:07.141+0000] {logging_mixin.py:188} INFO - [2025-12-27T19:15:07.140+0000] {dag.py:3823} INFO - Setting next_dagrun for match_features_pipeline to 2025-12-27 00:00:00+00:00, run_after=2025-12-28 00:00:00+00:00
[2025-12-27T19:15:07.216+0000] {processor.py:183} INFO - Processing /opt/airflow/dags/prediction_features_pipeline.py took 0.234 seconds
[2025-12-27T19:15:38.026+0000] {processor.py:161} INFO - Started process (PID=690) to work on /opt/airflow/dags/prediction_features_pipeline.py
[2025-12-27T19:15:38.029+0000] {processor.py:830} INFO - Processing file /opt/airflow/dags/prediction_features_pipeline.py for tasks to queue
[2025-12-27T19:15:38.031+0000] {logging_mixin.py:188} INFO - [2025-12-27T19:15:38.031+0000] {dagbag.py:538} INFO - Filling up the DagBag from /opt/airflow/dags/prediction_features_pipeline.py
[2025-12-27T19:15:38.074+0000] {processor.py:840} INFO - DAG(s) 'match_features_pipeline' retrieved from /opt/airflow/dags/prediction_features_pipeline.py
[2025-12-27T19:15:38.129+0000] {logging_mixin.py:188} INFO - [2025-12-27T19:15:38.129+0000] {dag.py:3036} INFO - Sync 1 DAGs
[2025-12-27T19:15:38.176+0000] {logging_mixin.py:188} INFO - [2025-12-27T19:15:38.175+0000] {dag.py:3823} INFO - Setting next_dagrun for match_features_pipeline to 2025-12-27 00:00:00+00:00, run_after=2025-12-28 00:00:00+00:00
[2025-12-27T19:15:38.252+0000] {processor.py:183} INFO - Processing /opt/airflow/dags/prediction_features_pipeline.py took 0.234 seconds
[2025-12-27T19:16:08.944+0000] {processor.py:161} INFO - Started process (PID=710) to work on /opt/airflow/dags/prediction_features_pipeline.py
[2025-12-27T19:16:08.957+0000] {processor.py:830} INFO - Processing file /opt/airflow/dags/prediction_features_pipeline.py for tasks to queue
[2025-12-27T19:16:08.960+0000] {logging_mixin.py:188} INFO - [2025-12-27T19:16:08.960+0000] {dagbag.py:538} INFO - Filling up the DagBag from /opt/airflow/dags/prediction_features_pipeline.py
[2025-12-27T19:16:09.046+0000] {processor.py:840} INFO - DAG(s) 'match_features_pipeline' retrieved from /opt/airflow/dags/prediction_features_pipeline.py
[2025-12-27T19:16:09.100+0000] {logging_mixin.py:188} INFO - [2025-12-27T19:16:09.099+0000] {dag.py:3036} INFO - Sync 1 DAGs
[2025-12-27T19:16:09.140+0000] {logging_mixin.py:188} INFO - [2025-12-27T19:16:09.139+0000] {dag.py:3823} INFO - Setting next_dagrun for match_features_pipeline to 2025-12-27 00:00:00+00:00, run_after=2025-12-28 00:00:00+00:00
[2025-12-27T19:16:09.211+0000] {processor.py:183} INFO - Processing /opt/airflow/dags/prediction_features_pipeline.py took 0.276 seconds
[2025-12-27T19:16:24.554+0000] {processor.py:161} INFO - Started process (PID=725) to work on /opt/airflow/dags/prediction_features_pipeline.py
[2025-12-27T19:16:24.557+0000] {processor.py:830} INFO - Processing file /opt/airflow/dags/prediction_features_pipeline.py for tasks to queue
[2025-12-27T19:16:24.559+0000] {logging_mixin.py:188} INFO - [2025-12-27T19:16:24.558+0000] {dagbag.py:538} INFO - Filling up the DagBag from /opt/airflow/dags/prediction_features_pipeline.py
[2025-12-27T19:16:24.623+0000] {processor.py:840} INFO - DAG(s) 'match_features_pipeline' retrieved from /opt/airflow/dags/prediction_features_pipeline.py
[2025-12-27T19:16:24.736+0000] {logging_mixin.py:188} INFO - [2025-12-27T19:16:24.735+0000] {dag.py:3036} INFO - Sync 1 DAGs
[2025-12-27T19:16:24.771+0000] {logging_mixin.py:188} INFO - [2025-12-27T19:16:24.770+0000] {dag.py:3823} INFO - Setting next_dagrun for match_features_pipeline to 2025-12-27 00:00:00+00:00, run_after=2025-12-28 00:00:00+00:00
[2025-12-27T19:16:24.867+0000] {processor.py:183} INFO - Processing /opt/airflow/dags/prediction_features_pipeline.py took 0.319 seconds
[2025-12-27T19:16:55.061+0000] {processor.py:161} INFO - Started process (PID=747) to work on /opt/airflow/dags/prediction_features_pipeline.py
[2025-12-27T19:16:55.064+0000] {processor.py:830} INFO - Processing file /opt/airflow/dags/prediction_features_pipeline.py for tasks to queue
[2025-12-27T19:16:55.066+0000] {logging_mixin.py:188} INFO - [2025-12-27T19:16:55.065+0000] {dagbag.py:538} INFO - Filling up the DagBag from /opt/airflow/dags/prediction_features_pipeline.py
[2025-12-27T19:16:55.109+0000] {processor.py:840} INFO - DAG(s) 'match_features_pipeline' retrieved from /opt/airflow/dags/prediction_features_pipeline.py
[2025-12-27T19:16:55.160+0000] {logging_mixin.py:188} INFO - [2025-12-27T19:16:55.159+0000] {dag.py:3036} INFO - Sync 1 DAGs
[2025-12-27T19:16:55.211+0000] {logging_mixin.py:188} INFO - [2025-12-27T19:16:55.210+0000] {dag.py:3823} INFO - Setting next_dagrun for match_features_pipeline to 2025-12-27 00:00:00+00:00, run_after=2025-12-28 00:00:00+00:00
[2025-12-27T19:16:55.304+0000] {processor.py:183} INFO - Processing /opt/airflow/dags/prediction_features_pipeline.py took 0.250 seconds
[2025-12-27T19:17:26.298+0000] {processor.py:161} INFO - Started process (PID=769) to work on /opt/airflow/dags/prediction_features_pipeline.py
[2025-12-27T19:17:26.301+0000] {processor.py:830} INFO - Processing file /opt/airflow/dags/prediction_features_pipeline.py for tasks to queue
[2025-12-27T19:17:26.304+0000] {logging_mixin.py:188} INFO - [2025-12-27T19:17:26.303+0000] {dagbag.py:538} INFO - Filling up the DagBag from /opt/airflow/dags/prediction_features_pipeline.py
[2025-12-27T19:17:26.349+0000] {processor.py:840} INFO - DAG(s) 'match_features_pipeline' retrieved from /opt/airflow/dags/prediction_features_pipeline.py
[2025-12-27T19:17:26.406+0000] {logging_mixin.py:188} INFO - [2025-12-27T19:17:26.405+0000] {dag.py:3036} INFO - Sync 1 DAGs
[2025-12-27T19:17:26.456+0000] {logging_mixin.py:188} INFO - [2025-12-27T19:17:26.456+0000] {dag.py:3823} INFO - Setting next_dagrun for match_features_pipeline to 2025-12-27 00:00:00+00:00, run_after=2025-12-28 00:00:00+00:00
[2025-12-27T19:17:26.531+0000] {processor.py:183} INFO - Processing /opt/airflow/dags/prediction_features_pipeline.py took 0.245 seconds
[2025-12-27T19:17:57.188+0000] {processor.py:161} INFO - Started process (PID=791) to work on /opt/airflow/dags/prediction_features_pipeline.py
[2025-12-27T19:17:57.190+0000] {processor.py:830} INFO - Processing file /opt/airflow/dags/prediction_features_pipeline.py for tasks to queue
[2025-12-27T19:17:57.192+0000] {logging_mixin.py:188} INFO - [2025-12-27T19:17:57.192+0000] {dagbag.py:538} INFO - Filling up the DagBag from /opt/airflow/dags/prediction_features_pipeline.py
[2025-12-27T19:17:57.233+0000] {processor.py:840} INFO - DAG(s) 'match_features_pipeline' retrieved from /opt/airflow/dags/prediction_features_pipeline.py
[2025-12-27T19:17:57.278+0000] {logging_mixin.py:188} INFO - [2025-12-27T19:17:57.277+0000] {dag.py:3036} INFO - Sync 1 DAGs
[2025-12-27T19:17:57.324+0000] {logging_mixin.py:188} INFO - [2025-12-27T19:17:57.323+0000] {dag.py:3823} INFO - Setting next_dagrun for match_features_pipeline to 2025-12-27 00:00:00+00:00, run_after=2025-12-28 00:00:00+00:00
[2025-12-27T19:17:57.356+0000] {processor.py:183} INFO - Processing /opt/airflow/dags/prediction_features_pipeline.py took 0.177 seconds
[2025-12-27T19:18:28.118+0000] {processor.py:161} INFO - Started process (PID=811) to work on /opt/airflow/dags/prediction_features_pipeline.py
[2025-12-27T19:18:28.120+0000] {processor.py:830} INFO - Processing file /opt/airflow/dags/prediction_features_pipeline.py for tasks to queue
[2025-12-27T19:18:28.122+0000] {logging_mixin.py:188} INFO - [2025-12-27T19:18:28.121+0000] {dagbag.py:538} INFO - Filling up the DagBag from /opt/airflow/dags/prediction_features_pipeline.py
[2025-12-27T19:18:28.165+0000] {processor.py:840} INFO - DAG(s) 'match_features_pipeline' retrieved from /opt/airflow/dags/prediction_features_pipeline.py
[2025-12-27T19:18:28.215+0000] {logging_mixin.py:188} INFO - [2025-12-27T19:18:28.214+0000] {dag.py:3036} INFO - Sync 1 DAGs
[2025-12-27T19:18:28.255+0000] {logging_mixin.py:188} INFO - [2025-12-27T19:18:28.255+0000] {dag.py:3823} INFO - Setting next_dagrun for match_features_pipeline to 2025-12-27 00:00:00+00:00, run_after=2025-12-28 00:00:00+00:00
[2025-12-27T19:18:28.290+0000] {processor.py:183} INFO - Processing /opt/airflow/dags/prediction_features_pipeline.py took 0.178 seconds
[2025-12-27T19:18:58.942+0000] {processor.py:161} INFO - Started process (PID=831) to work on /opt/airflow/dags/prediction_features_pipeline.py
[2025-12-27T19:18:58.948+0000] {processor.py:830} INFO - Processing file /opt/airflow/dags/prediction_features_pipeline.py for tasks to queue
[2025-12-27T19:18:58.951+0000] {logging_mixin.py:188} INFO - [2025-12-27T19:18:58.950+0000] {dagbag.py:538} INFO - Filling up the DagBag from /opt/airflow/dags/prediction_features_pipeline.py
[2025-12-27T19:18:58.992+0000] {processor.py:840} INFO - DAG(s) 'match_features_pipeline' retrieved from /opt/airflow/dags/prediction_features_pipeline.py
[2025-12-27T19:18:59.046+0000] {logging_mixin.py:188} INFO - [2025-12-27T19:18:59.045+0000] {dag.py:3036} INFO - Sync 1 DAGs
[2025-12-27T19:18:59.106+0000] {logging_mixin.py:188} INFO - [2025-12-27T19:18:59.105+0000] {dag.py:3823} INFO - Setting next_dagrun for match_features_pipeline to 2025-12-27 00:00:00+00:00, run_after=2025-12-28 00:00:00+00:00
[2025-12-27T19:18:59.190+0000] {processor.py:183} INFO - Processing /opt/airflow/dags/prediction_features_pipeline.py took 0.259 seconds
[2025-12-27T19:19:29.511+0000] {processor.py:161} INFO - Started process (PID=851) to work on /opt/airflow/dags/prediction_features_pipeline.py
[2025-12-27T19:19:29.513+0000] {processor.py:830} INFO - Processing file /opt/airflow/dags/prediction_features_pipeline.py for tasks to queue
[2025-12-27T19:19:29.516+0000] {logging_mixin.py:188} INFO - [2025-12-27T19:19:29.515+0000] {dagbag.py:538} INFO - Filling up the DagBag from /opt/airflow/dags/prediction_features_pipeline.py
[2025-12-27T19:19:29.561+0000] {processor.py:840} INFO - DAG(s) 'match_features_pipeline' retrieved from /opt/airflow/dags/prediction_features_pipeline.py
[2025-12-27T19:19:29.611+0000] {logging_mixin.py:188} INFO - [2025-12-27T19:19:29.611+0000] {dag.py:3036} INFO - Sync 1 DAGs
[2025-12-27T19:19:29.654+0000] {logging_mixin.py:188} INFO - [2025-12-27T19:19:29.654+0000] {dag.py:3823} INFO - Setting next_dagrun for match_features_pipeline to 2025-12-27 00:00:00+00:00, run_after=2025-12-28 00:00:00+00:00
[2025-12-27T19:19:29.691+0000] {processor.py:183} INFO - Processing /opt/airflow/dags/prediction_features_pipeline.py took 0.188 seconds
[2025-12-27T19:20:00.320+0000] {processor.py:161} INFO - Started process (PID=871) to work on /opt/airflow/dags/prediction_features_pipeline.py
[2025-12-27T19:20:00.322+0000] {processor.py:830} INFO - Processing file /opt/airflow/dags/prediction_features_pipeline.py for tasks to queue
[2025-12-27T19:20:00.330+0000] {logging_mixin.py:188} INFO - [2025-12-27T19:20:00.329+0000] {dagbag.py:538} INFO - Filling up the DagBag from /opt/airflow/dags/prediction_features_pipeline.py
[2025-12-27T19:20:00.372+0000] {processor.py:840} INFO - DAG(s) 'match_features_pipeline' retrieved from /opt/airflow/dags/prediction_features_pipeline.py
[2025-12-27T19:20:00.419+0000] {logging_mixin.py:188} INFO - [2025-12-27T19:20:00.418+0000] {dag.py:3036} INFO - Sync 1 DAGs
[2025-12-27T19:20:00.467+0000] {logging_mixin.py:188} INFO - [2025-12-27T19:20:00.467+0000] {dag.py:3823} INFO - Setting next_dagrun for match_features_pipeline to 2025-12-27 00:00:00+00:00, run_after=2025-12-28 00:00:00+00:00
[2025-12-27T19:20:00.540+0000] {processor.py:183} INFO - Processing /opt/airflow/dags/prediction_features_pipeline.py took 0.231 seconds
[2025-12-27T19:20:31.130+0000] {processor.py:161} INFO - Started process (PID=891) to work on /opt/airflow/dags/prediction_features_pipeline.py
[2025-12-27T19:20:31.133+0000] {processor.py:830} INFO - Processing file /opt/airflow/dags/prediction_features_pipeline.py for tasks to queue
[2025-12-27T19:20:31.136+0000] {logging_mixin.py:188} INFO - [2025-12-27T19:20:31.135+0000] {dagbag.py:538} INFO - Filling up the DagBag from /opt/airflow/dags/prediction_features_pipeline.py
[2025-12-27T19:20:31.178+0000] {processor.py:840} INFO - DAG(s) 'match_features_pipeline' retrieved from /opt/airflow/dags/prediction_features_pipeline.py
[2025-12-27T19:20:31.249+0000] {logging_mixin.py:188} INFO - [2025-12-27T19:20:31.248+0000] {dag.py:3036} INFO - Sync 1 DAGs
[2025-12-27T19:20:31.331+0000] {logging_mixin.py:188} INFO - [2025-12-27T19:20:31.330+0000] {dag.py:3823} INFO - Setting next_dagrun for match_features_pipeline to 2025-12-27 00:00:00+00:00, run_after=2025-12-28 00:00:00+00:00
[2025-12-27T19:20:31.379+0000] {processor.py:183} INFO - Processing /opt/airflow/dags/prediction_features_pipeline.py took 0.259 seconds
[2025-12-27T19:21:01.667+0000] {processor.py:161} INFO - Started process (PID=911) to work on /opt/airflow/dags/prediction_features_pipeline.py
[2025-12-27T19:21:01.669+0000] {processor.py:830} INFO - Processing file /opt/airflow/dags/prediction_features_pipeline.py for tasks to queue
[2025-12-27T19:21:01.671+0000] {logging_mixin.py:188} INFO - [2025-12-27T19:21:01.671+0000] {dagbag.py:538} INFO - Filling up the DagBag from /opt/airflow/dags/prediction_features_pipeline.py
[2025-12-27T19:21:01.712+0000] {processor.py:840} INFO - DAG(s) 'match_features_pipeline' retrieved from /opt/airflow/dags/prediction_features_pipeline.py
[2025-12-27T19:21:01.762+0000] {logging_mixin.py:188} INFO - [2025-12-27T19:21:01.762+0000] {dag.py:3036} INFO - Sync 1 DAGs
[2025-12-27T19:21:01.813+0000] {logging_mixin.py:188} INFO - [2025-12-27T19:21:01.812+0000] {dag.py:3823} INFO - Setting next_dagrun for match_features_pipeline to 2025-12-27 00:00:00+00:00, run_after=2025-12-28 00:00:00+00:00
[2025-12-27T19:21:01.851+0000] {processor.py:183} INFO - Processing /opt/airflow/dags/prediction_features_pipeline.py took 0.190 seconds
[2025-12-27T19:21:32.445+0000] {processor.py:161} INFO - Started process (PID=934) to work on /opt/airflow/dags/prediction_features_pipeline.py
[2025-12-27T19:21:32.447+0000] {processor.py:830} INFO - Processing file /opt/airflow/dags/prediction_features_pipeline.py for tasks to queue
[2025-12-27T19:21:32.449+0000] {logging_mixin.py:188} INFO - [2025-12-27T19:21:32.449+0000] {dagbag.py:538} INFO - Filling up the DagBag from /opt/airflow/dags/prediction_features_pipeline.py
[2025-12-27T19:21:32.489+0000] {processor.py:840} INFO - DAG(s) 'match_features_pipeline' retrieved from /opt/airflow/dags/prediction_features_pipeline.py
[2025-12-27T19:21:32.534+0000] {logging_mixin.py:188} INFO - [2025-12-27T19:21:32.533+0000] {dag.py:3036} INFO - Sync 1 DAGs
[2025-12-27T19:21:32.577+0000] {logging_mixin.py:188} INFO - [2025-12-27T19:21:32.577+0000] {dag.py:3823} INFO - Setting next_dagrun for match_features_pipeline to 2025-12-27 00:00:00+00:00, run_after=2025-12-28 00:00:00+00:00
[2025-12-27T19:21:32.650+0000] {processor.py:183} INFO - Processing /opt/airflow/dags/prediction_features_pipeline.py took 0.215 seconds
[2025-12-27T19:22:03.308+0000] {processor.py:161} INFO - Started process (PID=956) to work on /opt/airflow/dags/prediction_features_pipeline.py
[2025-12-27T19:22:03.311+0000] {processor.py:830} INFO - Processing file /opt/airflow/dags/prediction_features_pipeline.py for tasks to queue
[2025-12-27T19:22:03.315+0000] {logging_mixin.py:188} INFO - [2025-12-27T19:22:03.314+0000] {dagbag.py:538} INFO - Filling up the DagBag from /opt/airflow/dags/prediction_features_pipeline.py
[2025-12-27T19:22:03.359+0000] {processor.py:840} INFO - DAG(s) 'match_features_pipeline' retrieved from /opt/airflow/dags/prediction_features_pipeline.py
[2025-12-27T19:22:03.411+0000] {logging_mixin.py:188} INFO - [2025-12-27T19:22:03.410+0000] {dag.py:3036} INFO - Sync 1 DAGs
[2025-12-27T19:22:03.457+0000] {logging_mixin.py:188} INFO - [2025-12-27T19:22:03.457+0000] {dag.py:3823} INFO - Setting next_dagrun for match_features_pipeline to 2025-12-27 00:00:00+00:00, run_after=2025-12-28 00:00:00+00:00
[2025-12-27T19:22:03.492+0000] {processor.py:183} INFO - Processing /opt/airflow/dags/prediction_features_pipeline.py took 0.195 seconds
[2025-12-27T19:22:34.108+0000] {processor.py:161} INFO - Started process (PID=976) to work on /opt/airflow/dags/prediction_features_pipeline.py
[2025-12-27T19:22:34.112+0000] {processor.py:830} INFO - Processing file /opt/airflow/dags/prediction_features_pipeline.py for tasks to queue
[2025-12-27T19:22:34.117+0000] {logging_mixin.py:188} INFO - [2025-12-27T19:22:34.115+0000] {dagbag.py:538} INFO - Filling up the DagBag from /opt/airflow/dags/prediction_features_pipeline.py
[2025-12-27T19:22:34.165+0000] {processor.py:840} INFO - DAG(s) 'match_features_pipeline' retrieved from /opt/airflow/dags/prediction_features_pipeline.py
[2025-12-27T19:22:34.219+0000] {logging_mixin.py:188} INFO - [2025-12-27T19:22:34.218+0000] {dag.py:3036} INFO - Sync 1 DAGs
[2025-12-27T19:22:34.265+0000] {logging_mixin.py:188} INFO - [2025-12-27T19:22:34.264+0000] {dag.py:3823} INFO - Setting next_dagrun for match_features_pipeline to 2025-12-27 00:00:00+00:00, run_after=2025-12-28 00:00:00+00:00
[2025-12-27T19:22:34.339+0000] {processor.py:183} INFO - Processing /opt/airflow/dags/prediction_features_pipeline.py took 0.245 seconds
[2025-12-27T19:23:04.951+0000] {processor.py:161} INFO - Started process (PID=996) to work on /opt/airflow/dags/prediction_features_pipeline.py
[2025-12-27T19:23:04.954+0000] {processor.py:830} INFO - Processing file /opt/airflow/dags/prediction_features_pipeline.py for tasks to queue
[2025-12-27T19:23:04.956+0000] {logging_mixin.py:188} INFO - [2025-12-27T19:23:04.956+0000] {dagbag.py:538} INFO - Filling up the DagBag from /opt/airflow/dags/prediction_features_pipeline.py
[2025-12-27T19:23:04.999+0000] {processor.py:840} INFO - DAG(s) 'match_features_pipeline' retrieved from /opt/airflow/dags/prediction_features_pipeline.py
[2025-12-27T19:23:05.051+0000] {logging_mixin.py:188} INFO - [2025-12-27T19:23:05.051+0000] {dag.py:3036} INFO - Sync 1 DAGs
[2025-12-27T19:23:05.094+0000] {logging_mixin.py:188} INFO - [2025-12-27T19:23:05.093+0000] {dag.py:3823} INFO - Setting next_dagrun for match_features_pipeline to 2025-12-27 00:00:00+00:00, run_after=2025-12-28 00:00:00+00:00
[2025-12-27T19:23:05.168+0000] {processor.py:183} INFO - Processing /opt/airflow/dags/prediction_features_pipeline.py took 0.228 seconds
[2025-12-27T19:23:35.884+0000] {processor.py:161} INFO - Started process (PID=1016) to work on /opt/airflow/dags/prediction_features_pipeline.py
[2025-12-27T19:23:35.887+0000] {processor.py:830} INFO - Processing file /opt/airflow/dags/prediction_features_pipeline.py for tasks to queue
[2025-12-27T19:23:35.889+0000] {logging_mixin.py:188} INFO - [2025-12-27T19:23:35.888+0000] {dagbag.py:538} INFO - Filling up the DagBag from /opt/airflow/dags/prediction_features_pipeline.py
[2025-12-27T19:23:35.929+0000] {processor.py:840} INFO - DAG(s) 'match_features_pipeline' retrieved from /opt/airflow/dags/prediction_features_pipeline.py
[2025-12-27T19:23:35.975+0000] {logging_mixin.py:188} INFO - [2025-12-27T19:23:35.975+0000] {dag.py:3036} INFO - Sync 1 DAGs
[2025-12-27T19:23:36.019+0000] {logging_mixin.py:188} INFO - [2025-12-27T19:23:36.019+0000] {dag.py:3823} INFO - Setting next_dagrun for match_features_pipeline to 2025-12-27 00:00:00+00:00, run_after=2025-12-28 00:00:00+00:00
[2025-12-27T19:23:36.088+0000] {processor.py:183} INFO - Processing /opt/airflow/dags/prediction_features_pipeline.py took 0.211 seconds
[2025-12-27T19:24:06.733+0000] {processor.py:161} INFO - Started process (PID=1041) to work on /opt/airflow/dags/prediction_features_pipeline.py
[2025-12-27T19:24:06.736+0000] {processor.py:830} INFO - Processing file /opt/airflow/dags/prediction_features_pipeline.py for tasks to queue
[2025-12-27T19:24:06.739+0000] {logging_mixin.py:188} INFO - [2025-12-27T19:24:06.738+0000] {dagbag.py:538} INFO - Filling up the DagBag from /opt/airflow/dags/prediction_features_pipeline.py
[2025-12-27T19:24:06.782+0000] {processor.py:840} INFO - DAG(s) 'match_features_pipeline' retrieved from /opt/airflow/dags/prediction_features_pipeline.py
[2025-12-27T19:24:06.832+0000] {logging_mixin.py:188} INFO - [2025-12-27T19:24:06.831+0000] {dag.py:3036} INFO - Sync 1 DAGs
[2025-12-27T19:24:06.880+0000] {logging_mixin.py:188} INFO - [2025-12-27T19:24:06.879+0000] {dag.py:3823} INFO - Setting next_dagrun for match_features_pipeline to 2025-12-27 00:00:00+00:00, run_after=2025-12-28 00:00:00+00:00
[2025-12-27T19:24:06.913+0000] {processor.py:183} INFO - Processing /opt/airflow/dags/prediction_features_pipeline.py took 0.190 seconds
[2025-12-27T19:24:37.519+0000] {processor.py:161} INFO - Started process (PID=1061) to work on /opt/airflow/dags/prediction_features_pipeline.py
[2025-12-27T19:24:37.522+0000] {processor.py:830} INFO - Processing file /opt/airflow/dags/prediction_features_pipeline.py for tasks to queue
[2025-12-27T19:24:37.524+0000] {logging_mixin.py:188} INFO - [2025-12-27T19:24:37.523+0000] {dagbag.py:538} INFO - Filling up the DagBag from /opt/airflow/dags/prediction_features_pipeline.py
[2025-12-27T19:24:37.569+0000] {processor.py:840} INFO - DAG(s) 'match_features_pipeline' retrieved from /opt/airflow/dags/prediction_features_pipeline.py
[2025-12-27T19:24:37.619+0000] {logging_mixin.py:188} INFO - [2025-12-27T19:24:37.619+0000] {dag.py:3036} INFO - Sync 1 DAGs
[2025-12-27T19:24:37.672+0000] {logging_mixin.py:188} INFO - [2025-12-27T19:24:37.671+0000] {dag.py:3823} INFO - Setting next_dagrun for match_features_pipeline to 2025-12-27 00:00:00+00:00, run_after=2025-12-28 00:00:00+00:00
[2025-12-27T19:24:37.708+0000] {processor.py:183} INFO - Processing /opt/airflow/dags/prediction_features_pipeline.py took 0.198 seconds
[2025-12-27T19:25:08.281+0000] {processor.py:161} INFO - Started process (PID=1081) to work on /opt/airflow/dags/prediction_features_pipeline.py
[2025-12-27T19:25:08.283+0000] {processor.py:830} INFO - Processing file /opt/airflow/dags/prediction_features_pipeline.py for tasks to queue
[2025-12-27T19:25:08.285+0000] {logging_mixin.py:188} INFO - [2025-12-27T19:25:08.284+0000] {dagbag.py:538} INFO - Filling up the DagBag from /opt/airflow/dags/prediction_features_pipeline.py
[2025-12-27T19:25:08.326+0000] {processor.py:840} INFO - DAG(s) 'match_features_pipeline' retrieved from /opt/airflow/dags/prediction_features_pipeline.py
[2025-12-27T19:25:08.379+0000] {logging_mixin.py:188} INFO - [2025-12-27T19:25:08.378+0000] {dag.py:3036} INFO - Sync 1 DAGs
[2025-12-27T19:25:08.420+0000] {logging_mixin.py:188} INFO - [2025-12-27T19:25:08.420+0000] {dag.py:3823} INFO - Setting next_dagrun for match_features_pipeline to 2025-12-27 00:00:00+00:00, run_after=2025-12-28 00:00:00+00:00
[2025-12-27T19:25:08.495+0000] {processor.py:183} INFO - Processing /opt/airflow/dags/prediction_features_pipeline.py took 0.222 seconds
[2025-12-27T19:25:39.183+0000] {processor.py:161} INFO - Started process (PID=1101) to work on /opt/airflow/dags/prediction_features_pipeline.py
[2025-12-27T19:25:39.186+0000] {processor.py:830} INFO - Processing file /opt/airflow/dags/prediction_features_pipeline.py for tasks to queue
[2025-12-27T19:25:39.189+0000] {logging_mixin.py:188} INFO - [2025-12-27T19:25:39.188+0000] {dagbag.py:538} INFO - Filling up the DagBag from /opt/airflow/dags/prediction_features_pipeline.py
[2025-12-27T19:25:39.232+0000] {processor.py:840} INFO - DAG(s) 'match_features_pipeline' retrieved from /opt/airflow/dags/prediction_features_pipeline.py
[2025-12-27T19:25:39.286+0000] {logging_mixin.py:188} INFO - [2025-12-27T19:25:39.285+0000] {dag.py:3036} INFO - Sync 1 DAGs
[2025-12-27T19:25:39.347+0000] {logging_mixin.py:188} INFO - [2025-12-27T19:25:39.344+0000] {dag.py:3823} INFO - Setting next_dagrun for match_features_pipeline to 2025-12-27 00:00:00+00:00, run_after=2025-12-28 00:00:00+00:00
[2025-12-27T19:25:39.426+0000] {processor.py:183} INFO - Processing /opt/airflow/dags/prediction_features_pipeline.py took 0.253 seconds
[2025-12-27T19:26:09.752+0000] {processor.py:161} INFO - Started process (PID=1121) to work on /opt/airflow/dags/prediction_features_pipeline.py
[2025-12-27T19:26:09.754+0000] {processor.py:830} INFO - Processing file /opt/airflow/dags/prediction_features_pipeline.py for tasks to queue
[2025-12-27T19:26:09.756+0000] {logging_mixin.py:188} INFO - [2025-12-27T19:26:09.756+0000] {dagbag.py:538} INFO - Filling up the DagBag from /opt/airflow/dags/prediction_features_pipeline.py
[2025-12-27T19:26:09.799+0000] {processor.py:840} INFO - DAG(s) 'match_features_pipeline' retrieved from /opt/airflow/dags/prediction_features_pipeline.py
[2025-12-27T19:26:09.846+0000] {logging_mixin.py:188} INFO - [2025-12-27T19:26:09.845+0000] {dag.py:3036} INFO - Sync 1 DAGs
[2025-12-27T19:26:09.891+0000] {logging_mixin.py:188} INFO - [2025-12-27T19:26:09.890+0000] {dag.py:3823} INFO - Setting next_dagrun for match_features_pipeline to 2025-12-27 00:00:00+00:00, run_after=2025-12-28 00:00:00+00:00
[2025-12-27T19:26:09.962+0000] {processor.py:183} INFO - Processing /opt/airflow/dags/prediction_features_pipeline.py took 0.217 seconds
[2025-12-27T19:26:40.596+0000] {processor.py:161} INFO - Started process (PID=1141) to work on /opt/airflow/dags/prediction_features_pipeline.py
[2025-12-27T19:26:40.598+0000] {processor.py:830} INFO - Processing file /opt/airflow/dags/prediction_features_pipeline.py for tasks to queue
[2025-12-27T19:26:40.600+0000] {logging_mixin.py:188} INFO - [2025-12-27T19:26:40.600+0000] {dagbag.py:538} INFO - Filling up the DagBag from /opt/airflow/dags/prediction_features_pipeline.py
[2025-12-27T19:26:40.643+0000] {processor.py:840} INFO - DAG(s) 'match_features_pipeline' retrieved from /opt/airflow/dags/prediction_features_pipeline.py
[2025-12-27T19:26:40.687+0000] {logging_mixin.py:188} INFO - [2025-12-27T19:26:40.687+0000] {dag.py:3036} INFO - Sync 1 DAGs
[2025-12-27T19:26:40.733+0000] {logging_mixin.py:188} INFO - [2025-12-27T19:26:40.732+0000] {dag.py:3823} INFO - Setting next_dagrun for match_features_pipeline to 2025-12-27 00:00:00+00:00, run_after=2025-12-28 00:00:00+00:00
[2025-12-27T19:26:40.776+0000] {processor.py:183} INFO - Processing /opt/airflow/dags/prediction_features_pipeline.py took 0.189 seconds
[2025-12-27T19:27:11.395+0000] {processor.py:161} INFO - Started process (PID=1161) to work on /opt/airflow/dags/prediction_features_pipeline.py
[2025-12-27T19:27:11.397+0000] {processor.py:830} INFO - Processing file /opt/airflow/dags/prediction_features_pipeline.py for tasks to queue
[2025-12-27T19:27:11.399+0000] {logging_mixin.py:188} INFO - [2025-12-27T19:27:11.398+0000] {dagbag.py:538} INFO - Filling up the DagBag from /opt/airflow/dags/prediction_features_pipeline.py
[2025-12-27T19:27:11.438+0000] {processor.py:840} INFO - DAG(s) 'match_features_pipeline' retrieved from /opt/airflow/dags/prediction_features_pipeline.py
[2025-12-27T19:27:11.483+0000] {logging_mixin.py:188} INFO - [2025-12-27T19:27:11.482+0000] {dag.py:3036} INFO - Sync 1 DAGs
[2025-12-27T19:27:11.537+0000] {logging_mixin.py:188} INFO - [2025-12-27T19:27:11.536+0000] {dag.py:3823} INFO - Setting next_dagrun for match_features_pipeline to 2025-12-27 00:00:00+00:00, run_after=2025-12-28 00:00:00+00:00
[2025-12-27T19:27:11.602+0000] {processor.py:183} INFO - Processing /opt/airflow/dags/prediction_features_pipeline.py took 0.213 seconds
[2025-12-27T19:27:42.200+0000] {processor.py:161} INFO - Started process (PID=1181) to work on /opt/airflow/dags/prediction_features_pipeline.py
[2025-12-27T19:27:42.202+0000] {processor.py:830} INFO - Processing file /opt/airflow/dags/prediction_features_pipeline.py for tasks to queue
[2025-12-27T19:27:42.204+0000] {logging_mixin.py:188} INFO - [2025-12-27T19:27:42.204+0000] {dagbag.py:538} INFO - Filling up the DagBag from /opt/airflow/dags/prediction_features_pipeline.py
[2025-12-27T19:27:42.245+0000] {processor.py:840} INFO - DAG(s) 'match_features_pipeline' retrieved from /opt/airflow/dags/prediction_features_pipeline.py
[2025-12-27T19:27:42.297+0000] {logging_mixin.py:188} INFO - [2025-12-27T19:27:42.296+0000] {dag.py:3036} INFO - Sync 1 DAGs
[2025-12-27T19:27:42.351+0000] {logging_mixin.py:188} INFO - [2025-12-27T19:27:42.350+0000] {dag.py:3823} INFO - Setting next_dagrun for match_features_pipeline to 2025-12-27 00:00:00+00:00, run_after=2025-12-28 00:00:00+00:00
[2025-12-27T19:27:42.423+0000] {processor.py:183} INFO - Processing /opt/airflow/dags/prediction_features_pipeline.py took 0.229 seconds
[2025-12-27T19:28:13.061+0000] {processor.py:161} INFO - Started process (PID=1201) to work on /opt/airflow/dags/prediction_features_pipeline.py
[2025-12-27T19:28:13.063+0000] {processor.py:830} INFO - Processing file /opt/airflow/dags/prediction_features_pipeline.py for tasks to queue
[2025-12-27T19:28:13.065+0000] {logging_mixin.py:188} INFO - [2025-12-27T19:28:13.065+0000] {dagbag.py:538} INFO - Filling up the DagBag from /opt/airflow/dags/prediction_features_pipeline.py
[2025-12-27T19:28:13.107+0000] {processor.py:840} INFO - DAG(s) 'match_features_pipeline' retrieved from /opt/airflow/dags/prediction_features_pipeline.py
[2025-12-27T19:28:13.160+0000] {logging_mixin.py:188} INFO - [2025-12-27T19:28:13.159+0000] {dag.py:3036} INFO - Sync 1 DAGs
[2025-12-27T19:28:13.202+0000] {logging_mixin.py:188} INFO - [2025-12-27T19:28:13.201+0000] {dag.py:3823} INFO - Setting next_dagrun for match_features_pipeline to 2025-12-27 00:00:00+00:00, run_after=2025-12-28 00:00:00+00:00
[2025-12-27T19:28:13.275+0000] {processor.py:183} INFO - Processing /opt/airflow/dags/prediction_features_pipeline.py took 0.222 seconds
[2025-12-27T19:28:43.825+0000] {processor.py:161} INFO - Started process (PID=1221) to work on /opt/airflow/dags/prediction_features_pipeline.py
[2025-12-27T19:28:43.827+0000] {processor.py:830} INFO - Processing file /opt/airflow/dags/prediction_features_pipeline.py for tasks to queue
[2025-12-27T19:28:43.829+0000] {logging_mixin.py:188} INFO - [2025-12-27T19:28:43.829+0000] {dagbag.py:538} INFO - Filling up the DagBag from /opt/airflow/dags/prediction_features_pipeline.py
[2025-12-27T19:28:43.871+0000] {processor.py:840} INFO - DAG(s) 'match_features_pipeline' retrieved from /opt/airflow/dags/prediction_features_pipeline.py
[2025-12-27T19:28:43.917+0000] {logging_mixin.py:188} INFO - [2025-12-27T19:28:43.917+0000] {dag.py:3036} INFO - Sync 1 DAGs
[2025-12-27T19:28:43.958+0000] {logging_mixin.py:188} INFO - [2025-12-27T19:28:43.958+0000] {dag.py:3823} INFO - Setting next_dagrun for match_features_pipeline to 2025-12-27 00:00:00+00:00, run_after=2025-12-28 00:00:00+00:00
[2025-12-27T19:28:44.030+0000] {processor.py:183} INFO - Processing /opt/airflow/dags/prediction_features_pipeline.py took 0.211 seconds
[2025-12-27T19:29:14.661+0000] {processor.py:161} INFO - Started process (PID=1241) to work on /opt/airflow/dags/prediction_features_pipeline.py
[2025-12-27T19:29:14.664+0000] {processor.py:830} INFO - Processing file /opt/airflow/dags/prediction_features_pipeline.py for tasks to queue
[2025-12-27T19:29:14.666+0000] {logging_mixin.py:188} INFO - [2025-12-27T19:29:14.666+0000] {dagbag.py:538} INFO - Filling up the DagBag from /opt/airflow/dags/prediction_features_pipeline.py
[2025-12-27T19:29:14.706+0000] {processor.py:840} INFO - DAG(s) 'match_features_pipeline' retrieved from /opt/airflow/dags/prediction_features_pipeline.py
[2025-12-27T19:29:14.752+0000] {logging_mixin.py:188} INFO - [2025-12-27T19:29:14.751+0000] {dag.py:3036} INFO - Sync 1 DAGs
[2025-12-27T19:29:14.826+0000] {logging_mixin.py:188} INFO - [2025-12-27T19:29:14.825+0000] {dag.py:3823} INFO - Setting next_dagrun for match_features_pipeline to 2025-12-27 00:00:00+00:00, run_after=2025-12-28 00:00:00+00:00
[2025-12-27T19:29:14.858+0000] {processor.py:183} INFO - Processing /opt/airflow/dags/prediction_features_pipeline.py took 0.205 seconds
[2025-12-27T19:29:45.420+0000] {processor.py:161} INFO - Started process (PID=1261) to work on /opt/airflow/dags/prediction_features_pipeline.py
[2025-12-27T19:29:45.422+0000] {processor.py:830} INFO - Processing file /opt/airflow/dags/prediction_features_pipeline.py for tasks to queue
[2025-12-27T19:29:45.424+0000] {logging_mixin.py:188} INFO - [2025-12-27T19:29:45.423+0000] {dagbag.py:538} INFO - Filling up the DagBag from /opt/airflow/dags/prediction_features_pipeline.py
[2025-12-27T19:29:45.467+0000] {processor.py:840} INFO - DAG(s) 'match_features_pipeline' retrieved from /opt/airflow/dags/prediction_features_pipeline.py
[2025-12-27T19:29:45.516+0000] {logging_mixin.py:188} INFO - [2025-12-27T19:29:45.516+0000] {dag.py:3036} INFO - Sync 1 DAGs
[2025-12-27T19:29:45.562+0000] {logging_mixin.py:188} INFO - [2025-12-27T19:29:45.562+0000] {dag.py:3823} INFO - Setting next_dagrun for match_features_pipeline to 2025-12-27 00:00:00+00:00, run_after=2025-12-28 00:00:00+00:00
[2025-12-27T19:29:45.597+0000] {processor.py:183} INFO - Processing /opt/airflow/dags/prediction_features_pipeline.py took 0.184 seconds
[2025-12-27T19:30:16.171+0000] {processor.py:161} INFO - Started process (PID=1281) to work on /opt/airflow/dags/prediction_features_pipeline.py
[2025-12-27T19:30:16.174+0000] {processor.py:830} INFO - Processing file /opt/airflow/dags/prediction_features_pipeline.py for tasks to queue
[2025-12-27T19:30:16.176+0000] {logging_mixin.py:188} INFO - [2025-12-27T19:30:16.175+0000] {dagbag.py:538} INFO - Filling up the DagBag from /opt/airflow/dags/prediction_features_pipeline.py
[2025-12-27T19:30:16.219+0000] {processor.py:840} INFO - DAG(s) 'match_features_pipeline' retrieved from /opt/airflow/dags/prediction_features_pipeline.py
[2025-12-27T19:30:16.269+0000] {logging_mixin.py:188} INFO - [2025-12-27T19:30:16.269+0000] {dag.py:3036} INFO - Sync 1 DAGs
[2025-12-27T19:30:16.308+0000] {logging_mixin.py:188} INFO - [2025-12-27T19:30:16.307+0000] {dag.py:3823} INFO - Setting next_dagrun for match_features_pipeline to 2025-12-27 00:00:00+00:00, run_after=2025-12-28 00:00:00+00:00
[2025-12-27T19:30:16.380+0000] {processor.py:183} INFO - Processing /opt/airflow/dags/prediction_features_pipeline.py took 0.215 seconds
[2025-12-27T19:30:47.054+0000] {processor.py:161} INFO - Started process (PID=1301) to work on /opt/airflow/dags/prediction_features_pipeline.py
[2025-12-27T19:30:47.057+0000] {processor.py:830} INFO - Processing file /opt/airflow/dags/prediction_features_pipeline.py for tasks to queue
[2025-12-27T19:30:47.059+0000] {logging_mixin.py:188} INFO - [2025-12-27T19:30:47.058+0000] {dagbag.py:538} INFO - Filling up the DagBag from /opt/airflow/dags/prediction_features_pipeline.py
[2025-12-27T19:30:47.102+0000] {processor.py:840} INFO - DAG(s) 'match_features_pipeline' retrieved from /opt/airflow/dags/prediction_features_pipeline.py
[2025-12-27T19:30:47.147+0000] {logging_mixin.py:188} INFO - [2025-12-27T19:30:47.146+0000] {dag.py:3036} INFO - Sync 1 DAGs
[2025-12-27T19:30:47.188+0000] {logging_mixin.py:188} INFO - [2025-12-27T19:30:47.188+0000] {dag.py:3823} INFO - Setting next_dagrun for match_features_pipeline to 2025-12-27 00:00:00+00:00, run_after=2025-12-28 00:00:00+00:00
[2025-12-27T19:30:47.260+0000] {processor.py:183} INFO - Processing /opt/airflow/dags/prediction_features_pipeline.py took 0.214 seconds
[2025-12-27T19:31:17.847+0000] {processor.py:161} INFO - Started process (PID=1321) to work on /opt/airflow/dags/prediction_features_pipeline.py
[2025-12-27T19:31:17.849+0000] {processor.py:830} INFO - Processing file /opt/airflow/dags/prediction_features_pipeline.py for tasks to queue
[2025-12-27T19:31:17.851+0000] {logging_mixin.py:188} INFO - [2025-12-27T19:31:17.851+0000] {dagbag.py:538} INFO - Filling up the DagBag from /opt/airflow/dags/prediction_features_pipeline.py
[2025-12-27T19:31:17.891+0000] {processor.py:840} INFO - DAG(s) 'match_features_pipeline' retrieved from /opt/airflow/dags/prediction_features_pipeline.py
[2025-12-27T19:31:17.935+0000] {logging_mixin.py:188} INFO - [2025-12-27T19:31:17.934+0000] {dag.py:3036} INFO - Sync 1 DAGs
[2025-12-27T19:31:17.978+0000] {logging_mixin.py:188} INFO - [2025-12-27T19:31:17.977+0000] {dag.py:3823} INFO - Setting next_dagrun for match_features_pipeline to 2025-12-27 00:00:00+00:00, run_after=2025-12-28 00:00:00+00:00
[2025-12-27T19:31:18.053+0000] {processor.py:183} INFO - Processing /opt/airflow/dags/prediction_features_pipeline.py took 0.212 seconds
[2025-12-27T19:31:48.663+0000] {processor.py:161} INFO - Started process (PID=1341) to work on /opt/airflow/dags/prediction_features_pipeline.py
[2025-12-27T19:31:48.666+0000] {processor.py:830} INFO - Processing file /opt/airflow/dags/prediction_features_pipeline.py for tasks to queue
[2025-12-27T19:31:48.668+0000] {logging_mixin.py:188} INFO - [2025-12-27T19:31:48.667+0000] {dagbag.py:538} INFO - Filling up the DagBag from /opt/airflow/dags/prediction_features_pipeline.py
[2025-12-27T19:31:48.708+0000] {processor.py:840} INFO - DAG(s) 'match_features_pipeline' retrieved from /opt/airflow/dags/prediction_features_pipeline.py
[2025-12-27T19:31:48.756+0000] {logging_mixin.py:188} INFO - [2025-12-27T19:31:48.756+0000] {dag.py:3036} INFO - Sync 1 DAGs
[2025-12-27T19:31:48.807+0000] {logging_mixin.py:188} INFO - [2025-12-27T19:31:48.806+0000] {dag.py:3823} INFO - Setting next_dagrun for match_features_pipeline to 2025-12-27 00:00:00+00:00, run_after=2025-12-28 00:00:00+00:00
[2025-12-27T19:31:48.860+0000] {processor.py:183} INFO - Processing /opt/airflow/dags/prediction_features_pipeline.py took 0.206 seconds
[2025-12-27T19:32:19.583+0000] {processor.py:161} INFO - Started process (PID=1361) to work on /opt/airflow/dags/prediction_features_pipeline.py
[2025-12-27T19:32:19.587+0000] {processor.py:830} INFO - Processing file /opt/airflow/dags/prediction_features_pipeline.py for tasks to queue
[2025-12-27T19:32:19.590+0000] {logging_mixin.py:188} INFO - [2025-12-27T19:32:19.589+0000] {dagbag.py:538} INFO - Filling up the DagBag from /opt/airflow/dags/prediction_features_pipeline.py
[2025-12-27T19:32:19.633+0000] {processor.py:840} INFO - DAG(s) 'match_features_pipeline' retrieved from /opt/airflow/dags/prediction_features_pipeline.py
[2025-12-27T19:32:19.711+0000] {logging_mixin.py:188} INFO - [2025-12-27T19:32:19.710+0000] {dag.py:3036} INFO - Sync 1 DAGs
[2025-12-27T19:32:19.815+0000] {logging_mixin.py:188} INFO - [2025-12-27T19:32:19.814+0000] {dag.py:3823} INFO - Setting next_dagrun for match_features_pipeline to 2025-12-27 00:00:00+00:00, run_after=2025-12-28 00:00:00+00:00
[2025-12-27T19:32:19.900+0000] {processor.py:183} INFO - Processing /opt/airflow/dags/prediction_features_pipeline.py took 0.327 seconds
[2025-12-27T19:32:50.149+0000] {processor.py:161} INFO - Started process (PID=1381) to work on /opt/airflow/dags/prediction_features_pipeline.py
[2025-12-27T19:32:50.151+0000] {processor.py:830} INFO - Processing file /opt/airflow/dags/prediction_features_pipeline.py for tasks to queue
[2025-12-27T19:32:50.153+0000] {logging_mixin.py:188} INFO - [2025-12-27T19:32:50.153+0000] {dagbag.py:538} INFO - Filling up the DagBag from /opt/airflow/dags/prediction_features_pipeline.py
[2025-12-27T19:32:50.196+0000] {processor.py:840} INFO - DAG(s) 'match_features_pipeline' retrieved from /opt/airflow/dags/prediction_features_pipeline.py
[2025-12-27T19:32:50.252+0000] {logging_mixin.py:188} INFO - [2025-12-27T19:32:50.252+0000] {dag.py:3036} INFO - Sync 1 DAGs
[2025-12-27T19:32:50.296+0000] {logging_mixin.py:188} INFO - [2025-12-27T19:32:50.295+0000] {dag.py:3823} INFO - Setting next_dagrun for match_features_pipeline to 2025-12-27 00:00:00+00:00, run_after=2025-12-28 00:00:00+00:00
[2025-12-27T19:32:50.369+0000] {processor.py:183} INFO - Processing /opt/airflow/dags/prediction_features_pipeline.py took 0.232 seconds
[2025-12-27T19:33:21.083+0000] {processor.py:161} INFO - Started process (PID=1401) to work on /opt/airflow/dags/prediction_features_pipeline.py
[2025-12-27T19:33:21.086+0000] {processor.py:830} INFO - Processing file /opt/airflow/dags/prediction_features_pipeline.py for tasks to queue
[2025-12-27T19:33:21.089+0000] {logging_mixin.py:188} INFO - [2025-12-27T19:33:21.088+0000] {dagbag.py:538} INFO - Filling up the DagBag from /opt/airflow/dags/prediction_features_pipeline.py
[2025-12-27T19:33:21.126+0000] {processor.py:840} INFO - DAG(s) 'match_features_pipeline' retrieved from /opt/airflow/dags/prediction_features_pipeline.py
[2025-12-27T19:33:21.171+0000] {logging_mixin.py:188} INFO - [2025-12-27T19:33:21.171+0000] {dag.py:3036} INFO - Sync 1 DAGs
[2025-12-27T19:33:21.213+0000] {logging_mixin.py:188} INFO - [2025-12-27T19:33:21.212+0000] {dag.py:3823} INFO - Setting next_dagrun for match_features_pipeline to 2025-12-27 00:00:00+00:00, run_after=2025-12-28 00:00:00+00:00
[2025-12-27T19:33:21.247+0000] {processor.py:183} INFO - Processing /opt/airflow/dags/prediction_features_pipeline.py took 0.176 seconds
[2025-12-27T19:33:51.856+0000] {processor.py:161} INFO - Started process (PID=1421) to work on /opt/airflow/dags/prediction_features_pipeline.py
[2025-12-27T19:33:51.861+0000] {processor.py:830} INFO - Processing file /opt/airflow/dags/prediction_features_pipeline.py for tasks to queue
[2025-12-27T19:33:51.863+0000] {logging_mixin.py:188} INFO - [2025-12-27T19:33:51.862+0000] {dagbag.py:538} INFO - Filling up the DagBag from /opt/airflow/dags/prediction_features_pipeline.py
[2025-12-27T19:33:51.906+0000] {processor.py:840} INFO - DAG(s) 'match_features_pipeline' retrieved from /opt/airflow/dags/prediction_features_pipeline.py
[2025-12-27T19:33:51.956+0000] {logging_mixin.py:188} INFO - [2025-12-27T19:33:51.956+0000] {dag.py:3036} INFO - Sync 1 DAGs
[2025-12-27T19:33:52.007+0000] {logging_mixin.py:188} INFO - [2025-12-27T19:33:52.007+0000] {dag.py:3823} INFO - Setting next_dagrun for match_features_pipeline to 2025-12-27 00:00:00+00:00, run_after=2025-12-28 00:00:00+00:00
[2025-12-27T19:33:52.044+0000] {processor.py:183} INFO - Processing /opt/airflow/dags/prediction_features_pipeline.py took 0.196 seconds
[2025-12-27T19:34:22.651+0000] {processor.py:161} INFO - Started process (PID=1441) to work on /opt/airflow/dags/prediction_features_pipeline.py
[2025-12-27T19:34:22.653+0000] {processor.py:830} INFO - Processing file /opt/airflow/dags/prediction_features_pipeline.py for tasks to queue
[2025-12-27T19:34:22.655+0000] {logging_mixin.py:188} INFO - [2025-12-27T19:34:22.655+0000] {dagbag.py:538} INFO - Filling up the DagBag from /opt/airflow/dags/prediction_features_pipeline.py
[2025-12-27T19:34:22.699+0000] {processor.py:840} INFO - DAG(s) 'match_features_pipeline' retrieved from /opt/airflow/dags/prediction_features_pipeline.py
[2025-12-27T19:34:22.747+0000] {logging_mixin.py:188} INFO - [2025-12-27T19:34:22.746+0000] {dag.py:3036} INFO - Sync 1 DAGs
[2025-12-27T19:34:22.789+0000] {logging_mixin.py:188} INFO - [2025-12-27T19:34:22.789+0000] {dag.py:3823} INFO - Setting next_dagrun for match_features_pipeline to 2025-12-27 00:00:00+00:00, run_after=2025-12-28 00:00:00+00:00
[2025-12-27T19:34:22.860+0000] {processor.py:183} INFO - Processing /opt/airflow/dags/prediction_features_pipeline.py took 0.216 seconds
[2025-12-27T19:34:53.435+0000] {processor.py:161} INFO - Started process (PID=1461) to work on /opt/airflow/dags/prediction_features_pipeline.py
[2025-12-27T19:34:53.437+0000] {processor.py:830} INFO - Processing file /opt/airflow/dags/prediction_features_pipeline.py for tasks to queue
[2025-12-27T19:34:53.439+0000] {logging_mixin.py:188} INFO - [2025-12-27T19:34:53.439+0000] {dagbag.py:538} INFO - Filling up the DagBag from /opt/airflow/dags/prediction_features_pipeline.py
[2025-12-27T19:34:53.483+0000] {processor.py:840} INFO - DAG(s) 'match_features_pipeline' retrieved from /opt/airflow/dags/prediction_features_pipeline.py
[2025-12-27T19:34:53.533+0000] {logging_mixin.py:188} INFO - [2025-12-27T19:34:53.532+0000] {dag.py:3036} INFO - Sync 1 DAGs
[2025-12-27T19:34:53.574+0000] {logging_mixin.py:188} INFO - [2025-12-27T19:34:53.573+0000] {dag.py:3823} INFO - Setting next_dagrun for match_features_pipeline to 2025-12-27 00:00:00+00:00, run_after=2025-12-28 00:00:00+00:00
[2025-12-27T19:34:53.647+0000] {processor.py:183} INFO - Processing /opt/airflow/dags/prediction_features_pipeline.py took 0.220 seconds
